SampleID,BAC_C::ABY1,BAC_C::Acetothermiia,BAC_C::Acidimicrobiia,BAC_C::Acidobacteriae,BAC_C::Actinobacteria,BAC_C::Alphaproteobacteria,BAC_C::Aminicenantia,BAC_C::Anaerolineae,BAC_C::BRH-c20a,BAC_C::Babeliae,BAC_C::Bacilli,BAC_C::Bacteroidia,BAC_C::Bdellovibrionia,BAC_C::Berkelbacteria,BAC_C::Blastocatellia,BAC_C::Brachyspirae,BAC_C::CK-2C2-2,BAC_C::Caldatribacteriia,BAC_C::Caldisericia,BAC_C::Calditrichia,BAC_C::Campylobacteria,BAC_C::Chlamydiae,BAC_C::Chthonomonadetes,BAC_C::Cloacimonadia,BAC_C::Clostridia,BAC_C::Coprothermobacteria,BAC_C::Coriobacteriia,BAC_C::D8A-2,BAC_C::Dadabacteriia,BAC_C::Deinococci,BAC_C::Desulfitobacteriia,BAC_C::Desulfobacteria,BAC_C::Desulfobulbia,BAC_C::Desulfotomaculia,BAC_C::Desulfovibrionia,BAC_C::Desulfuromonadia,BAC_C::Dethiobacteria,BAC_C::Elusimicrobia,BAC_C::Endomicrobia,BAC_C::Fermentibacteria,BAC_C::Fibrobacteria,BAC_C::Fimbriimonadia,BAC_C::Fusobacteriia,BAC_C::Gammaproteobacteria,BAC_C::Gemmatimonadetes,BAC_C::Gracilibacteria,BAC_C::Halanaerobiia,BAC_C::Holophagae,BAC_C::Hydrogenedentia,BAC_C::Hydrothermae,BAC_C::Ignavibacteria,BAC_C::Incertae_Sedis,BAC_C::JS1,BAC_C::KD4-96,BAC_C::Kapabacteria,BAC_C::Kiritimatiellae,BAC_C::LCP-89,BAC_C::Latescibacteria,BAC_C::Latescibacterota,BAC_C::Lentisphaeria,BAC_C::Leptospirae,BAC_C::Limnochordia,BAC_C::MBNT15,BAC_C::MD2902-B12,BAC_C::MVP-15,BAC_C::Marinimicrobia_(SAR406_clade),BAC_C::Microgenomatia,BAC_C::Moorellia,BAC_C::Myxococcia,BAC_C::NB1-j,BAC_C::NKB15,BAC_C::Negativicutes,BAC_C::Nitrospiria,BAC_C::OLB14,BAC_C::OM190,BAC_C::Oligoflexia,BAC_C::Omnitrophia,BAC_C::Parcubacteria,BAC_C::Phycisphaerae,BAC_C::Pla3_lineage,BAC_C::Planctomycetes,BAC_C::Polyangia,BAC_C::RBG-16-55-12,BAC_C::Rubrobacteria,BAC_C::SJA-28,BAC_C::Saccharimonadia,BAC_C::Spirochaetia,BAC_C::Sumerlaeia,BAC_C::Sva0485,BAC_C::Symbiobacteriia,BAC_C::Synergistia,BAC_C::Syntrophia,BAC_C::Syntrophobacteria,BAC_C::Syntrophomonadia,BAC_C::Syntrophorhabdia,BAC_C::TA06,BAC_C::Thermacetogenia,BAC_C::Thermoanaerobacteria,BAC_C::Thermoanaerobaculia,BAC_C::Thermoleophilia,BAC_C::Thermotogae,BAC_C::Thermovenabulia,BAC_C::Vampirivibrionia,BAC_C::Verrucomicrobiae,BAC_C::Vicinamibacteria,BAC_C::WCHB1-81,BAC_C::WPS-2,BAC_C::WS1,BAC_C::WWE3,BAC_C::Zixibacteria,BAC_C::c5LKS83,BAC_C::unidentified,ARC_C::Actinopterygii,ARC_C::Aenigmarchaeia,ARC_C::Bathyarchaeia,ARC_C::Bivalvia,ARC_C::Ichthyosporea,ARC_C::LKM11,ARC_C::Lokiarchaeia,ARC_C::Methanomethylicia,ARC_C::Methanomicrobia,ARC_C::Methanosarcinia,ARC_C::Micrarchaeia,ARC_C::Nanoarchaeia,ARC_C::Nitrososphaeria,ARC_C::Odinarchaeia,ARC_C::Thermococci,ARC_C::Thermoplasmata,ARC_C::unidentified
1-1,-0.09622504486493762,-0.11072255892128344,-0.697129750525853,-0.3309293939447612,1.123423716985979,-0.9131770620078786,-0.37430980806751535,-0.44443801433136604,-0.15576706203027013,-0.3796221136411703,1.6727061648008028,-0.2774913071589638,-0.10415413391024642,0.0,-0.4176438258962746,-0.30400872376098853,-0.2514313342302585,0.755838043004654,-0.6866000517477883,0.0,-0.34999125035692996,-0.3482578901032028,-0.31442358061949116,-0.3551030227775327,1.191102964034449,-0.21157763222088652,-0.16488998138304817,0.5049565289575174,0.0,-0.13814310036932095,-0.16779192950349286,0.0,-0.4915597515411089,-0.6972056597085957,-0.6662814293104595,-0.2750125580051014,0.6234236572472948,0.0,-0.22000734840294592,-0.24988718708375368,2.481402567276027,-0.3439574425320488,-0.2644644077124355,-0.8565624844595713,-0.30545727604409645,1.418026906986307,-0.13651498420458819,-0.4063324202574108,-0.7354255192843109,-0.09622504486493767,-0.3631450608616812,-0.2043679920945205,-0.4361184994455423,0.0,-0.4792530348900524,0.938237548983321,0.0,0.0,0.0,5.246503364672552,-0.6197479265077847,0.40595874670027887,0.0,0.0,1.2560530733388084,-0.31805374841748824,-0.09622504486493764,-0.22765759444538225,-0.09622504486493767,0.0,-0.23517724187582092,-0.3237810263648817,-0.2476824920070451,-0.2938796959007981,0.0,-0.29597376215777643,-0.15371343041509344,-0.17959640829643997,-0.36880375309026625,-0.15901382303513992,-0.680641526636311,-0.23425286532268833,-0.16752422536831607,0.0,-0.6652632955827408,-0.5403821531067468,-0.2635753665071908,-0.35598084039789485,-0.1360145237956077,-0.17165843696845598,-0.578223179106408,-0.6811623849134912,-0.43877705565158465,-0.5320981870032344,-0.7641805610224003,-0.19197291732187582,-0.0518239657133,-0.335765895162113,-0.23089146910097072,-0.7129104193111351,-0.6477708131001276,-0.4028250676839442,-0.1342622540128084,-0.40643972296242675,-0.1358532763751324,-0.4799819718069445,-0.14810207928107974,-0.5768042414376395,-0.13166153612265222,-0.1677050983124842,-0.13401887572789387,-1.1913439567087247,-0.09622504486493762,-0.13345099217921402,-0.17410297683991285,-0.1245330990169104,-0.09622504486493767,0.0,-0.09622504486493766,-0.2292421346744024,2.411305720599049,-1.4897155831952258,-0.29599936395118165,-0.4824905740057288,-0.17939888720515706,0.0,-1.2057964646702224,-0.5611040572595717,-0.22947638798740785
2-1,-0.09622504486493762,-0.11072255892128344,-0.697129750525853,-0.3309293939447612,0.7201707187176921,-0.6421163439183777,-0.37430980806751535,-0.44443801433136604,-0.15576706203027013,-0.3796221136411703,1.2715508227234062,-0.5527565830620809,-0.10415413391024642,0.0,-0.4176438258962746,-0.30400872376098853,-0.2514313342302585,1.3329528625777902,-0.6866000517477883,0.0,-0.34999125035692996,-0.3482578901032028,-0.31442358061949116,-0.7135704205794058,1.4797889172572016,-0.21157763222088652,-0.16488998138304817,1.294980183307252,0.0,-0.13814310036932095,-0.16779192950349286,0.0,-0.4915597515411089,-0.6972056597085957,-0.6662814293104595,-0.2750125580051014,0.6451928900920447,0.0,-0.22000734840294592,-0.24988718708375368,-0.3067102564336961,-0.3439574425320488,-0.2644644077124355,-0.30630641743248854,-0.30545727604409645,1.0133724927724117,-0.13651498420458819,-0.4063324202574108,-0.7354255192843109,-0.09622504486493767,-0.3631450608616812,-0.3872911285547155,-0.4361184994455423,0.0,-0.4792530348900524,0.01932814586991739,0.0,0.0,0.0,3.214433658828584,-0.6197479265077847,0.257431131751727,0.0,0.0,-0.5423550294585298,-0.31805374841748824,-0.09622504486493764,-0.22765759444538225,-0.09622504486493767,0.0,-0.23517724187582092,-0.3237810263648817,-0.2476824920070451,-0.2938796959007981,0.0,-0.29597376215777643,-0.15371343041509344,-0.17959640829643997,-0.36880375309026625,-0.15901382303513992,-0.680641526636311,-0.23425286532268833,-0.16752422536831607,0.0,-0.6652632955827408,-0.5403821531067468,-0.3156936673658497,-0.35598084039789485,-0.1360145237956077,-0.17165843696845598,-0.6919684860620154,-0.6811623849134912,-0.43877705565158465,-0.36532730044685163,-0.7641805610224003,-0.19197291732187582,0.002260407015154657,-0.335765895162113,-0.23089146910097072,-0.7129104193111351,-0.7285589071395101,-0.4028250676839442,-0.1342622540128084,-0.40643972296242675,-0.1358532763751324,-0.4799819718069445,-0.14810207928107974,-0.5768042414376395,-0.13166153612265222,-0.1677050983124842,-0.13401887572789387,-1.1913439567087247,-0.09622504486493762,-0.13345099217921402,-0.6671434497146329,-0.1245330990169104,-0.09622504486493767,0.0,-0.09622504486493766,-0.2292421346744024,1.9728281381784085,-1.2602083875839853,-0.29599936395118165,-0.4824905740057288,-0.17939888720515706,0.0,-1.1525992552194246,-0.49982043309211055,0.06333772534776724
3-1,-0.09622504486493762,-0.11072255892128344,-0.697129750525853,-0.3309293939447612,0.9725543754920025,-0.9131770620078786,-0.37430980806751535,-0.44443801433136604,-0.15576706203027013,-0.3796221136411703,3.7332454267842397,-0.49164406649280923,-0.10415413391024642,0.0,-0.4176438258962746,-0.30400872376098853,-0.2514313342302585,-0.16897064317550778,-0.6866000517477883,0.0,-0.34999125035692996,-0.3482578901032028,-0.31442358061949116,-0.3431137787270865,0.941492781836155,-0.21157763222088652,-0.16488998138304817,-0.47344614833328147,0.0,-0.13814310036932095,-0.16779192950349286,0.0,-0.4915597515411089,-0.6972056597085957,-0.6662814293104595,-0.2750125580051014,-0.23801598532353008,0.0,-0.22000734840294592,-0.24988718708375368,-0.3067102564336961,-0.3439574425320488,-0.2644644077124355,-0.8551701361118308,-0.30545727604409645,-0.3441778000742036,-0.13651498420458819,-0.4063324202574108,-0.7354255192843109,-0.09622504486493767,-0.3631450608616812,-0.16335940851309091,-0.4361184994455423,0.0,-0.4792530348900524,-0.4139787271429072,0.0,0.0,0.0,2.103145538445163,-0.6197479265077847,1.667885099270682,0.0,0.0,-0.5423550294585298,-0.31805374841748824,-0.09622504486493764,-0.22765759444538225,-0.09622504486493767,0.0,-0.23517724187582092,-0.3237810263648817,-0.2476824920070451,-0.2938796959007981,0.0,-0.29597376215777643,-0.15371343041509344,-0.17959640829643997,-0.36880375309026625,-0.15901382303513992,-0.680641526636311,-0.23425286532268833,-0.16752422536831607,0.0,-0.6652632955827408,-0.5403821531067468,-0.23623461851576322,-0.35598084039789485,-0.1360145237956077,-0.17165843696845598,-0.8867378472873709,-0.6811623849134912,-0.43877705565158465,-0.15131414909804627,-0.7641805610224003,-0.19197291732187582,-0.15999271117020936,-0.335765895162113,-0.23089146910097072,-0.7129104193111351,-0.7445389696967506,-0.4028250676839442,-0.1342622540128084,-0.3254889260025397,-0.1358532763751324,-0.4799819718069445,-0.14810207928107974,-0.5768042414376395,-0.13166153612265222,-0.1677050983124842,-0.13401887572789387,-1.1913439567087247,-0.09622504486493762,-0.13345099217921402,-0.6671434497146329,-0.1245330990169104,-0.09622504486493767,0.0,-0.09622504486493766,-0.2292421346744024,-1.9727455183672857,-1.568603747887097,-0.29599936395118165,-0.4824905740057288,-0.17939888720515706,0.0,-1.222220457490954,-0.7710406706612241,7.19623874917876
4-1,-0.09622504486493762,-0.11072255892128344,-0.697129750525853,-0.3309293939447612,2.0241529453849623,-0.16822743332742265,-0.37430980806751535,-0.4272780683508648,-0.15576706203027013,-0.3796221136411703,0.7047977169667721,-0.6532297035234255,-0.10415413391024642,0.0,-0.4176438258962746,-0.30400872376098853,-0.2514313342302585,3.0300979245817543,-0.6866000517477883,0.0,-0.34999125035692996,-0.3482578901032028,-0.31442358061949116,-0.9964725829440629,1.4586685238841677,-0.21157763222088652,-0.16488998138304817,1.70532518676802,0.0,-0.13814310036932095,-0.16779192950349286,0.0,-0.4915597515411089,-0.4040290064418455,0.2628189006874946,-0.2750125580051014,0.7348613968097059,0.0,-0.22000734840294592,-0.24988718708375368,-0.3067102564336961,-0.3439574425320488,-0.2644644077124355,0.14899149227868558,-0.30545727604409645,-0.3441778000742036,-0.13651498420458819,-0.4063324202574108,-0.7354255192843109,-0.09622504486493767,-0.3631450608616812,-0.4847175816693846,-0.4361184994455423,0.0,-0.4792530348900524,-0.3878308985990298,0.0,0.0,0.0,-0.30993723724455036,-0.6197479265077847,-0.20992831829315228,0.0,0.0,-0.5423550294585298,-0.31805374841748824,-0.09622504486493764,-0.22765759444538225,-0.09622504486493767,0.0,-0.23517724187582092,-0.3237810263648817,-0.2476824920070451,-0.2938796959007981,0.0,-0.29597376215777643,-0.15371343041509344,-0.17959640829643997,-0.36880375309026625,-0.15901382303513992,-0.680641526636311,-0.23425286532268833,-0.16752422536831607,0.0,-0.6652632955827408,-0.5403821531067468,-0.5705891824942635,-0.35598084039789485,-0.1360145237956077,-0.17165843696845598,-0.5745874843635346,-0.6811623849134912,-0.43877705565158465,-0.6077996474537426,-0.7641805610224003,-0.19197291732187582,-0.21908489618833574,-0.335765895162113,-0.23089146910097072,-0.7129104193111351,-0.5820750003648056,-0.4028250676839442,-0.1342622540128084,-0.40643972296242675,-0.1358532763751324,-0.4799819718069445,-0.14810207928107974,-0.5768042414376395,-0.13166153612265222,-0.1677050983124842,-0.13401887572789387,-1.1913439567087247,-0.09622504486493762,-0.13345099217921402,-0.6671434497146329,-0.1245330990169104,-0.09622504486493767,0.0,-0.09622504486493766,-0.2292421346744024,0.5460680443882994,0.5922688620183243,-0.29599936395118165,-0.4824905740057288,-0.17939888720515706,0.0,-1.222220457490954,-0.7419175489723139,-0.4165050557535168
1-2,-0.09622504486493762,-0.11072255892128344,-0.697129750525853,-0.3309293939447612,-0.35722706942330834,0.018710992941198597,-0.37430980806751535,-0.17893176353069767,-0.15576706203027013,-0.3796221136411703,-0.455958759455739,1.2762167412123453,-0.10415413391024642,0.0,-0.4176438258962746,-0.30400872376098853,-0.2514313342302585,-0.4867400376565187,-0.35081370558223063,0.0,-0.34999125035692996,-0.3482578901032028,-0.31442358061949116,-0.0355731698734391,0.218164958074993,-0.21157763222088652,-0.05057043890578681,-0.44424009826489935,0.0,-0.13814310036932095,-0.16779192950349286,0.0,-0.4915597515411089,5.226753128055433,0.8908219015194451,0.1587400091763563,-0.4147614234201915,0.0,-0.22000734840294592,-0.24988718708375368,-0.3067102564336961,-0.3439574425320488,-0.2644644077124355,-0.520449593314992,-0.30545727604409645,-0.3441778000742036,-0.13651498420458819,-0.4063324202574108,-0.7354255192843109,-0.09622504486493767,-0.3631450608616812,-0.5403898405920526,0.2573756470492674,0.0,-0.4792530348900524,0.07162380295767191,0.0,0.0,0.0,-0.30993723724455036,-0.6197479265077847,-0.4684557082223985,0.0,0.0,-0.5423550294585298,-0.31805374841748824,-0.09622504486493764,-0.22765759444538225,-0.09622504486493767,0.0,-0.23517724187582092,-0.3237810263648817,-0.2476824920070451,-0.2938796959007981,0.0,-0.29597376215777643,-0.15371343041509344,-0.17959640829643997,-0.36880375309026625,-0.15901382303513992,-0.4384472863448425,-0.23425286532268833,-0.16752422536831607,0.0,-0.024572861942619338,-0.5403821531067468,-0.6044803180253041,-0.35598084039789485,-0.1360145237956077,-0.17165843696845598,0.34939836528955154,-0.036325309335833826,-0.43877705565158465,-0.41996895611037627,-0.16529091337594587,-0.19197291732187582,-0.37032082733642196,-0.335765895162113,-0.23089146910097072,0.20014144797278627,1.7585602736443362,-0.4028250676839442,-0.1342622540128084,-0.40643972296242675,-0.1358532763751324,-0.4799819718069445,-0.14810207928107974,0.5336799949812565,-0.13166153612265222,-0.1677050983124842,-0.13401887572789387,0.48034642474125006,-0.09622504486493762,-0.13345099217921402,-0.20068849253413792,-0.1245330990169104,-0.09622504486493767,0.0,-0.09622504486493766,-0.2292421346744024,-0.06729336133254717,0.5582190671179638,-0.29599936395118165,1.4188382432051139,-0.17939888720515706,0.0,-0.2419456658636297,-0.6334651878363114,-0.32282146515755183
2-2,-0.09622504486493762,-0.11072255892128344,1.1076596081467345,-0.3309293939447612,-0.23047438846554358,1.05715395086339,-0.37430980806751535,-0.2916199127254852,-0.15576706203027013,0.04585969558048592,-0.3540322878240557,0.607215950717799,-0.10415413391024642,0.0,-0.4176438258962746,-0.30400872376098853,-0.2514313342302585,-0.32856782784758504,-0.21977513146884223,0.0,-0.34999125035692996,-0.3482578901032028,-0.31442358061949116,0.3437929102182025,0.1605251525295687,-0.21157763222088652,-0.13638066338254598,-0.5639849035452659,0.0,-0.13814310036932095,-0.16779192950349286,0.0,0.8455716378445406,3.0223332542558228,2.1210195606834032,0.2163477720051436,-0.4147614234201915,0.0,-0.22000734840294592,-0.24988718708375368,-0.3067102564336961,-0.3439574425320488,-0.2644644077124355,-0.2941929868071454,4.005445272644351,-0.3441778000742036,-0.13651498420458819,-0.4063324202574108,-0.04872352835880175,-0.09622504486493767,-0.3631450608616812,-0.5692201175341486,0.5658081265676773,0.0,-0.4792530348900524,-0.39530170675442333,0.0,0.0,0.0,-0.30993723724455036,-0.6197479265077847,-0.5376941452660844,0.0,0.0,-0.5423550294585298,-0.31805374841748824,-0.09622504486493764,-0.22765759444538225,-0.09622504486493767,0.0,-0.23517724187582092,-0.3237810263648817,-0.2476824920070451,-0.2938796959007981,0.0,2.3178044181454176,-0.15371343041509344,-0.17959640829643997,3.3865737412216594,-0.15901382303513992,0.11097483283487779,1.280180735583468,-0.16752422536831607,0.0,0.5567943833974908,1.7026420906040047,-0.6170114941880416,-0.35598084039789485,-0.1360145237956077,-0.17165843696845598,-0.018326188703919607,-0.15710338196572857,0.5226686592121959,-0.37955689827589445,0.07940214807779734,-0.19197291732187582,-0.37032082733642196,-0.335765895162113,-0.02840834990704645,0.7218853721350269,1.22899875612245,-0.4028250676839442,-0.1342622540128084,-0.18350379800146804,-0.1358532763751324,-0.4799819718069445,-0.14810207928107974,0.8455283079482069,-0.13166153612265222,-0.1677050983124842,-0.13401887572789387,0.3550814898243919,-0.09622504486493762,-0.13345099217921402,-0.6671434497146329,-0.1245330990169104,-0.09622504486493767,0.0,-0.09622504486493766,-0.2292421346744024,-0.17137485546001527,0.52995826362261,-0.29599936395118165,2.4347283402225712,-0.17939888720515706,0.0,0.08736055496965911,-0.6477587444934452,-0.4066035380482522
3-2,-0.09622504486493762,-0.11072255892128344,-0.697129750525853,-0.3309293939447612,-0.33423211402831565,-0.02148076870655502,-0.2007395738810122,-0.1854174124052178,-0.15576706203027013,-0.3796221136411703,-0.09332061874044438,-0.4298841715700501,-0.10415413391024642,0.0,-0.4176438258962746,-0.30400872376098853,-0.2514313342302585,-0.4867400376565187,0.0341121058758477,0.0,-0.34999125035692996,-0.3482578901032028,-0.31442358061949116,1.1643411727533275,0.14731729846055394,-0.21157763222088652,-0.04774773415326185,-0.737760901452139,0.0,-0.13814310036932095,-0.16779192950349286,0.0,-0.4915597515411089,3.3423657841576953,-0.6662814293104595,0.10790963020977923,-0.4147614234201915,0.0,5.301800496411577,-0.24988718708375368,-0.3067102564336961,-0.3439574425320488,-0.2644644077124355,-0.48953945999515075,-0.30545727604409645,-0.3441778000742036,-0.13651498420458819,-0.4063324202574108,-0.13733023686531906,-0.09622504486493767,-0.3631450608616812,-0.556047663414053,0.05622402997204362,0.0,-0.4792530348900524,0.9643853775271983,0.0,0.0,0.0,-0.30993723724455036,-0.6197479265077847,-0.5376941452660844,0.0,0.0,-0.04500765589731902,0.27323886100217837,-0.09622504486493764,-0.22765759444538225,-0.09622504486493767,0.0,-0.23517724187582092,-0.3237810263648817,-0.2476824920070451,-0.2938796959007981,0.0,-0.29597376215777643,-0.15371343041509344,-0.17959640829643997,-0.36880375309026625,-0.15901382303513992,-0.680641526636311,-0.23425286532268833,-0.16752422536831607,0.0,-0.18771162976765024,-0.5403821531067468,-0.5663171906206029,-0.35598084039789485,-0.1360145237956077,-0.17165843696845598,0.35251467506915735,0.019055855674947084,0.29798297584729055,-0.7039917287780727,0.08480972954638835,-0.19197291732187582,-0.37032082733642196,-0.335765895162113,-0.23089146910097072,-0.7129104193111351,2.1518473688030886,-0.4028250676839442,-0.1342622540128084,-0.18607366457162317,-0.1358532763751324,-0.4799819718069445,-0.14810207928107974,0.739043518154614,-0.13166153612265222,-0.1677050983124842,-0.13401887572789387,0.4356089479852293,-0.09622504486493762,-0.13345099217921402,0.7998936435939704,-0.1245330990169104,-0.09622504486493767,0.0,-0.09622504486493766,-0.2292421346744024,-0.06625823956101576,0.4733314022427216,-0.29599936395118165,0.5986252114237642,-0.17939888720515706,0.0,0.02021844595408891,-0.5494905424756504,-0.44197819104654795
4-2,-0.09622504486493762,-0.11072255892128344,0.1432683477873365,-0.3309293939447612,-0.1373728617443535,0.4458652969649982,0.18945707661577774,-0.30891497639087223,-0.15576706203027013,-0.3796221136411703,-0.24634133707695594,0.20454661484823472,-0.10415413391024642,0.0,-0.4176438258962746,-0.30400872376098853,-0.2514313342302585,-0.28581858195327864,0.027287180140775382,0.0,-0.34999125035692996,-0.3482578901032028,-0.31442358061949116,0.35886196007977256,-0.03284513492324278,-0.21157763222088652,0.13544580428560885,-0.737760901452139,0.0,-0.13814310036932095,-0.16779192950349286,0.0,1.0877292910403669,1.3348890056823144,1.4672082173515093,0.29428768642056186,-0.4147614234201915,0.0,-0.22000734840294592,-0.24988718708375368,-0.3067102564336961,-0.3439574425320488,-0.2644644077124355,-0.21705688834231646,-0.30545727604409645,-0.3441778000742036,-0.13651498420458819,-0.4063324202574108,0.1783311621891489,-0.09622504486493767,-0.3631450608616812,-0.6681377918699606,0.337836293880157,0.0,-0.4792530348900524,0.3779269373288065,0.0,0.0,0.0,-0.30993723724455036,-0.6197479265077847,-0.5376941452660844,0.0,0.0,0.5040638445142577,0.13740136964901176,-0.09622504486493764,-0.22765759444538225,-0.09622504486493767,0.0,-0.23517724187582092,-0.3237810263648817,-0.2476824920070451,-0.2938796959007981,0.0,-0.29597376215777643,-0.15371343041509344,-0.17959640829643997,-0.36880375309026625,-0.15901382303513992,-0.04376037624022712,-0.23425286532268833,-0.16752422536831607,0.0,0.5241666298324847,-0.5403821531067468,-0.5831203586570012,-0.35598084039789485,-0.1360145237956077,-0.17165843696845598,0.2943435591831845,0.0004972737830365143,0.8884360507364601,-0.2258772417222311,0.43089494353621305,-0.19197291732187582,-0.37032082733642196,-0.335765895162113,-0.23089146910097072,0.8034078602853771,3.5141477018078398,-0.4028250676839442,-0.1342622540128084,-0.22719152969410547,-0.1358532763751324,-0.4799819718069445,-0.14810207928107974,1.4996491595374197,-0.13166153612265222,-0.1677050983124842,-0.13401887572789387,0.3968364681300113,-0.09622504486493762,-0.13345099217921402,-0.2731944444274791,-0.1245330990169104,-0.09622504486493767,0.0,-0.09622504486493766,-0.2292421346744024,-0.3057336614047723,1.0515990164083515,-0.29599936395118165,-0.4824905740057288,-0.17939888720515706,0.0,-0.3726145395631625,-0.8110626293011987,-0.44197819104654795
1-3,-0.09622504486493762,-0.11072255892128344,0.3912546718797531,-0.3309293939447612,0.26475843138271427,1.172121083018592,-0.15095586330038727,-0.1994696516333448,-0.15576706203027013,5.53767457089842,-0.36896752916854403,0.13696031474408252,-0.10415413391024642,0.0,-0.4176438258962746,-0.30400872376098853,-0.2514313342302585,-0.2929434562689963,0.3262189273369425,0.0,-0.34999125035692996,-0.3482578901032028,-0.31442358061949116,0.6442939629321386,-0.9309792116162506,-0.21157763222088652,-0.16488998138304817,-0.4194149557067747,0.0,-0.13814310036932095,-0.16779192950349286,0.0,2.2353459953162393,-0.6972056597085957,1.7855111081841415,-0.2750125580051014,-0.4147614234201915,0.0,-0.22000734840294592,-0.24988718708375368,-0.3067102564336961,1.654423341773505,-0.2644644077124355,0.38819693842051956,-0.30545727604409645,-0.3441778000742036,-0.13651498420458819,-0.4063324202574108,1.5905005790117681,-0.09622504486493767,-0.3631450608616812,0.05982670091796215,-0.05871975121494141,0.0,-0.4792530348900524,0.527343100436677,0.0,0.0,0.0,-0.30993723724455036,-0.15806556311366607,-0.5376941452660844,0.0,0.0,2.2905356103461263,-0.31805374841748824,-0.09622504486493764,-0.22765759444538225,-0.09622504486493767,0.0,-0.23517724187582092,-0.3237810263648817,-0.2476824920070451,1.8173351356453789,0.0,-0.29597376215777643,-0.15371343041509344,-0.17959640829643997,-0.36880375309026625,-0.15901382303513992,1.8399726038045283,-0.23425286532268833,-0.16752422536831607,0.0,0.16229518120241615,0.5608860676321059,-0.10010047747511311,-0.35598084039789485,-0.1360145237956077,-0.17165843696845598,2.149586647975103,0.3696068469665928,0.4442899324569964,-0.28108808129891755,0.9108177988736653,-0.19197291732187582,-0.37032082733642196,-0.335765895162113,-0.04157798367575696,2.1403766659511194,0.40691331567774464,-0.4028250676839442,-0.1342622540128084,0.4493258448992361,-0.1358532763751324,-0.4799819718069445,-0.14810207928107974,-0.5768042414376395,-0.13166153612265222,-0.1677050983124842,-0.13401887572789387,0.6563138333149318,-0.09622504486493762,-0.13345099217921402,0.9352380871282074,-0.1245330990169104,-0.09622504486493767,0.0,-0.09622504486493766,-0.2292421346744024,-1.4427114152547056,0.21945781553585933,-0.29599936395118165,0.08497291517898237,-0.17939888720515706,0.0,0.9902669779005804,-0.7136877745744747,1.5290162307962925
2-3,-0.09622504486493762,-0.11072255892128344,-0.697129750525853,-0.3309293939447612,-0.1312034834676482,0.3561348523560601,-0.23034069909111354,-0.37323099439653024,-0.15576706203027013,1.7027027672515713,-0.5508106430821383,0.12776754212455255,-0.10415413391024642,0.0,-0.4176438258962746,-0.30400872376098853,-0.2514313342302585,-0.26871888359555607,0.49274711527270687,0.0,-0.34999125035692996,-0.3482578901032028,-0.31442358061949116,1.5355677660584277,-0.9405351244680263,-0.21157763222088652,-0.16488998138304817,-0.4135737456930983,0.0,-0.13814310036932095,-0.16779192950349286,0.0,-0.4915597515411089,-0.3726971503675363,-0.6662814293104595,-0.2750125580051014,-0.4147614234201915,0.0,-0.22000734840294592,-0.24988718708375368,-0.3067102564336961,1.5675372207167417,-0.2644644077124355,0.2853023955224896,-0.30545727604409645,-0.3441778000742036,-0.13651498420458819,-0.4063324202574108,0.14510364649920487,-0.09622504486493767,-0.3631450608616812,0.35707679766577904,-0.11810737149488368,0.0,-0.4792530348900524,0.15753809674469751,0.0,0.0,0.0,-0.30993723724455036,-0.6197479265077847,-0.5376941452660844,0.0,0.0,0.7427905838236389,-0.31805374841748824,-0.09622504486493764,-0.22765759444538225,-0.09622504486493767,0.0,-0.23517724187582092,-0.3237810263648817,-0.2476824920070451,2.1628066535347528,0.0,-0.29597376215777643,-0.15371343041509344,-0.17959640829643997,-0.36880375309026625,-0.15901382303513992,0.5348147533449479,-0.23425286532268833,-0.16752422536831607,0.0,-0.30635800636767274,0.49610558405923216,-0.18924270790549697,-0.35598084039789485,-0.1360145237956077,-0.17165843696845598,1.5294410018335716,0.46328349842099886,-0.43877705565158465,-0.8070140170603434,1.1487513834916698,-0.19197291732187582,-0.37032082733642196,-0.335765895162113,-0.1312961137250974,2.3115738910668546,0.8126293483810172,-0.4028250676839442,-0.1342622540128084,0.54248350806736,-0.1358532763751324,-0.4799819718069445,-0.14810207928107974,-0.5768042414376395,-0.13166153612265222,-0.1677050983124842,-0.13401887572789387,1.1886898067115785,-0.09622504486493762,-0.13345099217921402,-0.6671434497146329,-0.1245330990169104,-0.09622504486493767,0.0,-0.09622504486493766,-0.2292421346744024,-0.5553015205209586,0.23545648269151576,-0.29599936395118165,-0.4824905740057288,-0.17939888720515706,0.0,1.6331784956127477,-0.6286411124645288,-0.42936856593471523
3-3,-0.09622504486493762,-0.11072255892128344,1.2660953152057781,-0.3309293939447612,0.32981732957342547,1.2609168354961873,-0.12808226654712718,-0.2955383255871744,-0.15576706203027013,2.13382009712517,-0.3356907633659122,-0.0795230066623195,-0.10415413391024642,0.0,-0.4176438258962746,-0.30400872376098853,-0.2514313342302585,-0.2487692355115464,0.13102605131387457,0.0,-0.34999125035692996,-0.3482578901032028,-0.31442358061949116,0.6441839698674554,-0.9416915725201521,-0.21157763222088652,-0.16488998138304817,-0.3756058806042016,0.0,-0.13814310036932095,-0.16779192950349286,0.0,-0.4915597515411089,-0.6972056597085957,0.5983273531867558,-0.2750125580051014,-0.4147614234201915,0.0,-0.22000734840294592,-0.24988718708375368,-0.3067102564336961,-0.3439574425320488,-0.2644644077124355,0.5577849671753239,-0.30545727604409645,-0.3441778000742036,-0.13651498420458819,-0.4063324202574108,0.6878197361016234,-0.09622504486493767,-0.3631450608616812,0.336448237439969,-0.0069950496807981545,0.0,0.41936005479499816,-0.33927064558897196,0.0,0.0,0.0,-0.30993723724455036,-0.6197479265077847,-0.5376941452660844,0.0,0.0,0.6075120982149894,-0.31805374841748824,-0.09622504486493764,-0.22765759444538225,-0.09622504486493767,0.0,-0.23517724187582092,-0.3237810263648817,-0.2476824920070451,-0.2938796959007981,0.0,-0.29597376215777643,-0.15371343041509344,-0.17959640829643997,-0.36880375309026625,-0.15901382303513992,0.5348147533449479,-0.23425286532268833,-0.16752422536831607,0.0,0.8326472089925431,-0.5403821531067468,-0.20034988677701443,-0.35598084039789485,-0.1360145237956077,-0.17165843696845598,3.082402042003739,0.7584533247018634,0.30843347274798383,-1.0455020766751022,1.240680268457717,-0.19197291732187582,-0.37032082733642196,-0.335765895162113,-0.23089146910097072,1.1131933152567077,0.7633574888295256,-0.4028250676839442,-0.1342622540128084,0.3625928481565,-0.1358532763751324,-0.4799819718069445,-0.14810207928107974,-0.5768042414376395,-0.13166153612265222,-0.1677050983124842,-0.13401887572789387,2.489059131086581,-0.09622504486493762,-0.13345099217921402,0.5727083276615015,-0.1245330990169104,-0.09622504486493767,0.0,-0.09622504486493766,-0.2292421346744024,-0.7067398356959813,0.25782304039267984,-0.29599936395118165,-0.13516378321163833,-0.17939888720515706,0.0,1.3394059447815452,-0.6304278070466705,-0.042278463508388424
4-3,-0.09622504486493762,-0.11072255892128344,1.6518518193495375,-0.3309293939447612,1.3808550468957757,1.9843685451557518,-0.37430980806751535,-0.290944324301056,-0.15576706203027013,2.688918881341503,-0.24372111929722115,0.08465214378224846,-0.10415413391024642,0.0,-0.4176438258962746,-0.30400872376098853,-0.2514313342302585,-0.30149330544785763,-0.055976913827106796,0.0,0.7577850484134618,-0.3482578901032028,-0.31442358061949116,-0.18274389041928318,-0.9226406125035547,-0.21157763222088652,-0.16488998138304817,-0.3975104181554881,0.0,-0.13814310036932095,-0.16779192950349286,0.0,-0.4915597515411089,-0.3256993662560725,-0.6662814293104595,-0.2750125580051014,-0.4147614234201915,0.0,-0.22000734840294592,-0.24988718708375368,-0.3067102564336961,-0.3439574425320488,-0.2644644077124355,1.5895150928511035,-0.30545727604409645,-0.3441778000742036,-0.13651498420458819,-0.4063324202574108,0.20602075859743557,-0.09622504486493767,0.7101768651198038,0.23206275195996642,-0.21006239644447175,0.0,-0.4792530348900524,0.482518251504316,0.0,0.0,0.0,-0.30993723724455036,-0.24900299832765915,-0.5376941452660844,0.0,0.0,0.9098993013402056,-0.31805374841748824,-0.09622504486493764,-0.22765759444538225,-0.09622504486493767,0.0,-0.23517724187582092,-0.3237810263648817,-0.2476824920070451,-0.2938796959007981,0.0,-0.29597376215777643,-0.15371343041509344,-0.17959640829643997,-0.36880375309026625,-0.15901382303513992,2.7773540153029894,-0.23425286532268833,-0.16752422536831607,0.0,0.7406962671275256,1.2896665078269347,-0.2026282824429667,-0.35598084039789485,-0.1360145237956077,-0.17165843696845598,1.995329313884622,0.22938645044993458,-0.43877705565158465,-0.24579867868289124,0.6242159810383415,-0.19197291732187582,-0.37032082733642196,-0.335765895162113,-0.23089146910097072,-0.7129104193111351,0.37717264369621384,-0.4028250676839442,-0.1342622540128084,0.02465539418109861,-0.1358532763751324,-0.4799819718069445,-0.14810207928107974,0.5641042206365688,-0.13166153612265222,-0.1677050983124842,-0.13401887572789387,1.0157048965882982,-0.09622504486493762,-0.13345099217921402,-0.017006747737673533,-0.1245330990169104,-0.09622504486493767,0.0,-0.09622504486493766,-0.2292421346744024,0.11659602137998058,-0.30697201195766044,-0.29599936395118165,-0.12864121437043474,-0.17939888720515706,0.0,1.3440542446364694,-0.7404881933066007,-0.41295066478239617
1-3b,-0.09622504486493762,-0.11072255892128344,1.8240645444137156,-0.3309293939447612,0.43469676027741666,1.243157685000668,-0.15095586330038727,-0.17366217382015006,-0.15576706203027013,4.703617514410935,-0.46748771768657205,-0.11253930269021015,-0.10415413391024642,0.0,-0.4176438258962746,-0.30400872376098853,-0.2514313342302585,-0.2772687327744173,0.40129311042273796,0.0,-0.34999125035692996,-0.3482578901032028,-0.31442358061949116,0.6870812650938226,-0.967072563979964,-0.21157763222088652,-0.16488998138304817,-0.2500198653101587,0.0,-0.13814310036932095,-0.16779192950349286,0.0,1.1193150718919964,-0.6972056597085957,0.4176689556871537,-0.2750125580051014,-0.4147614234201915,0.0,-0.22000734840294592,-0.24988718708375368,-0.3067102564336961,-0.3439574425320488,-0.2644644077124355,0.2868339787050044,-0.30545727604409645,-0.3441778000742036,-0.13651498420458819,-0.4063324202574108,1.6071143368567402,-0.09622504486493767,-0.3631450608616812,0.33321725812749275,-0.08745569651168769,0.0,0.6514521772964351,-0.014290490829353504,0.0,0.0,0.0,-0.30993723724455036,-0.21752465536896923,-0.5376941452660844,0.0,0.0,0.8740902904437984,-0.31805374841748824,-0.09622504486493764,-0.22765759444538225,-0.09622504486493767,0.0,-0.23517724187582092,-0.3237810263648817,-0.2476824920070451,-0.2938796959007981,0.0,-0.29597376215777643,-0.15371343041509344,-0.17959640829643997,-0.36880375309026625,-0.15901382303513992,1.6919650125152974,-0.23425286532268833,-0.16752422536831607,0.0,-0.09576068790263281,0.9657640899625664,-0.11035325797189847,-0.35598084039789485,-0.1360145237956077,-0.17165843696845598,2.7634996745574236,0.7961596498155866,0.13600027388654498,-0.8166901435840924,1.294756083143627,-0.19197291732187582,-0.37032082733642196,-0.335765895162113,-0.08931790608733263,3.249082504795881,0.5298710192431785,-0.4028250676839442,5.790313220643021,0.380581914147586,-0.1358532763751324,0.6317341599313552,-0.14810207928107974,-0.5768042414376395,-0.13166153612265222,-0.1677050983124842,-0.13401887572789387,1.1350048346043535,-0.09622504486493762,-0.13345099217921402,0.9086525714339824,-0.1245330990169104,-0.09622504486493767,0.0,-0.09622504486493766,-0.2292421346744024,-0.6316417511713885,-0.020943209355712988,-0.29599936395118165,0.06703585086567261,-0.17939888720515706,0.0,1.8942063563548182,-0.5954085932366927,-0.2056958198234818
1-4,-0.09622504486493762,-0.11072255892128344,0.7081260859978409,-0.3309293939447612,-0.10147829722534052,0.6486934894664524,-0.11328170394207653,0.3901839252084448,-0.15576706203027013,-0.3796221136411703,-0.4425956487790915,0.33725917731328386,-0.10415413391024642,0.0,0.5086135910256315,0.0908632896736978,-0.2514313342302585,-0.4867400376565187,0.09280646719746961,0.0,-0.34999125035692996,-0.3482578901032028,-0.31442358061949116,-0.38623106008281954,-0.5713847330921051,-0.21157763222088652,-0.16488998138304817,-0.5479215760076557,0.0,-0.13814310036932095,-0.16779192950349286,0.0,-0.4915597515411089,0.1554684234565328,0.5381078873535552,0.7687045567752812,-0.4147614234201915,0.0,-0.22000734840294592,-0.24988718708375368,-0.3067102564336961,-0.3439574425320488,-0.2644644077124355,0.9767425850104686,-0.30545727604409645,5.099076739512706,-0.13651498420458819,3.4068660506928166,0.8871848302412871,-0.09622504486493767,1.7265802041174223,0.41150637223749476,-0.4361184994455423,0.0,1.4727012261476735,-0.2570917558796431,0.0,0.0,0.0,-0.30993723724455036,0.3246023622529125,-0.5376941452660844,0.0,0.0,0.7507481418006182,-0.31805374841748824,-0.09622504486493764,-0.22765759444538225,-0.09622504486493767,0.0,-0.23517724187582092,-0.3237810263648817,-0.2476824920070451,2.2011923777446833,0.0,-0.29597376215777643,-0.15371343041509344,-0.17959640829643997,-0.36880375309026625,-0.15901382303513992,0.6020909312036892,-0.23425286532268833,-0.16752422536831607,0.0,2.6123428579928802,0.8281055623702098,0.5782918320621848,-0.35598084039789485,-0.1360145237956077,-0.17165843696845598,-0.7293642034172837,0.34515665177566285,-0.43877705565158465,-0.170097218232383,0.190257568183913,-0.19197291732187582,-0.37032082733642196,-0.335765895162113,0.2926014732052725,-0.7129104193111351,-0.3490324214050485,-0.4028250676839442,-0.1342622540128084,0.4127052462745252,-0.1358532763751324,-0.4799819718069445,-0.14810207928107974,-0.5768042414376395,-0.13166153612265222,-0.1677050983124842,-0.13401887572789387,0.4385914464356307,-0.09622504486493762,-0.13345099217921402,0.5412890818410536,-0.1245330990169104,-0.09622504486493767,0.0,-0.09622504486493766,-0.2292421346744024,-0.7531132910605819,0.37381337727118813,-0.29599936395118165,0.6116703491061714,-0.17939888720515706,0.0,0.9737396895275169,0.1278453736142766,-0.2522414158738709
2-4,-0.09622504486493762,-0.11072255892128344,0.7770111760235122,-0.3309293939447612,-0.2770251518261386,0.8131993045828391,-0.37430980806751535,1.1918371496361115,-0.15576706203027013,-0.3796221136411703,-0.4273983856566298,-0.0944127087925448,-0.10415413391024642,0.0,1.042992870019039,-0.08938171909728042,-0.2514313342302585,-0.4867400376565187,-0.18292053249945178,0.0,-0.34999125035692996,-0.3482578901032028,0.31437065626658434,-0.062081498462040294,-0.37904916231751146,-0.21157763222088652,-0.16488998138304817,-0.4865888708640534,0.0,-0.13814310036932095,-0.16779192950349286,0.0,-0.4915597515411089,0.5605445627029588,0.4950939831869832,1.0499659870570075,-0.4147614234201915,0.0,-0.22000734840294592,-0.24988718708375368,-0.3067102564336961,1.9295627251199217,-0.2644644077124355,0.6150104842674623,-0.30545727604409645,-0.3441778000742036,-0.13651498420458819,0.5502887989356774,-0.7354255192843109,-0.09622504486493767,1.1004757472948892,0.14358362617215473,-0.4361184994455423,0.0,0.7169140580019686,-0.39156630267672654,0.0,0.0,0.0,-0.30993723724455036,-0.053137753251366396,-0.5376941452660844,0.0,0.0,0.40857314879050516,-0.31805374841748824,-0.09622504486493764,-0.22765759444538225,-0.09622504486493767,0.0,-0.23517724187582092,-0.3237810263648817,-0.2476824920070451,-0.2938796959007981,0.0,-0.29597376215777643,-0.15371343041509344,-0.17959640829643997,-0.36880375309026625,-0.15901382303513992,-0.15812987860008718,-0.23425286532268833,-0.16752422536831607,0.0,0.48857271685247794,-0.5403821531067468,0.3601354470472518,-0.35598084039789485,-0.1360145237956077,-0.17165843696845598,-0.7117051146661848,0.04615727685043568,-0.43877705565158465,-0.04487675733680546,0.05371613610199002,-0.19197291732187582,-0.37032082733642196,-0.335765895162113,0.06130978014229397,1.1702590569619529,-0.42227437479240076,-0.4028250676839442,-0.1342622540128084,-0.24839292889788542,-0.1358532763751324,-0.4799819718069445,-0.14810207928107974,0.71622534891313,-0.13166153612265222,-0.1677050983124842,-0.13401887572789387,1.1036886008751388,-0.09622504486493762,-0.13345099217921402,-0.6671434497146329,-0.1245330990169104,-0.09622504486493767,0.0,-0.09622504486493766,-0.2292421346744024,-0.7067398356959813,0.7410985683216005,-0.29599936395118165,0.29858704472839953,-0.17939888720515706,0.0,0.5735727197947188,-0.06404562450774441,-0.44197819104654795
3-4,-0.09622504486493762,-0.11072255892128344,-0.697129750525853,-0.3309293939447612,-0.10428256007838842,1.078651869884281,-0.37430980806751535,0.02023170399102505,-0.15576706203027013,-0.3796221136411703,-0.2494855984126377,-0.35919045536915517,-0.10415413391024642,0.0,0.829241158421676,0.5930488054402382,-0.2514313342302585,-0.4867400376565187,0.054586883081064644,0.0,-0.34999125035692996,-0.3482578901032028,1.1623775628927597,0.5042727915906889,-0.3400342569800067,-0.21157763222088652,-0.16488998138304817,-0.737760901452139,0.0,-0.13814310036932095,-0.16779192950349286,0.0,-0.4915597515411089,0.01447507112214149,-0.6662814293104595,0.14518524145193573,-0.4147614234201915,0.0,0.5016677775979929,0.5848119788280223,-0.3067102564336961,1.509613140012233,-0.2644644077124355,0.7020322560012494,-0.30545727604409645,-0.3441778000742036,-0.13651498420458819,-0.4063324202574108,0.01773150302108629,-0.09622504486493767,0.8321452657995179,0.05386181603339067,-0.4361184994455423,0.0,0.2824852133197918,0.15380269266700075,0.0,0.0,0.0,-0.30993723724455036,0.6288930108535814,-0.5376941452660844,0.0,0.0,1.4311193488323546,-0.31805374841748824,-0.09622504486493764,-0.22765759444538225,-0.09622504486493767,0.0,-0.23517724187582092,-0.11046502882779762,-0.2476824920070451,-0.2938796959007981,0.0,-0.29597376215777643,-0.15371343041509344,-0.17959640829643997,-0.36880375309026625,-0.15901382303513992,0.2858928952676051,-0.23425286532268833,-0.16752422536831607,0.0,1.1322293099075997,-0.5403821531067468,0.17159820568969883,-0.35598084039789485,-0.1360145237956077,-0.17165843696845598,-0.33774794111350237,0.517486340771976,-0.43877705565158465,-0.6647180387699143,0.28353834851710785,-0.19197291732187582,-0.37032082733642196,-0.335765895162113,-0.12553439895128654,-0.7129104193111351,-0.2194163584407645,-0.4028250676839442,-0.1342622540128084,0.029152660678870044,-0.1358532763751324,-0.4799819718069445,-0.14810207928107974,0.39677097953235163,-0.13166153612265222,-0.1677050983124842,-0.13401887572789387,1.4243071842932875,-0.09622504486493762,-0.13345099217921402,0.03374741858766521,-0.1245330990169104,-0.09622504486493767,0.0,-0.09622504486493766,-0.2292421346744024,-0.43900558948942187,0.4367028748074029,-0.29599936395118165,-0.4824905740057288,-0.17939888720515706,0.0,0.7780979134113785,-0.28899047239938724,-0.44197819104654795
4-4,-0.09622504486493762,-0.11072255892128344,0.4532512529028573,-0.3309293939447612,0.43637931798924534,0.5926119615858659,-0.0634979933614516,-0.02787019182833266,-0.15576706203027013,-0.3796221136411703,-0.3841647922910058,-0.257552053871532,-0.10415413391024642,0.0,-0.4176438258962746,0.059606929771216004,-0.2514313342302585,-0.4867400376565187,-0.23615495323301577,0.0,-0.34999125035692996,-0.3482578901032028,1.3931277415665486,0.6309848021054962,-0.5006588048515742,-0.21157763222088652,-0.16488998138304817,-0.737760901452139,0.0,-0.13814310036932095,-0.16779192950349286,0.0,-0.4915597515411089,-0.22946580831355146,0.6671495998532709,0.3654502169737697,-0.4147614234201915,0.0,5.255454387402342,0.03442921465374421,-0.3067102564336961,-0.3439574425320488,-0.2644644077124355,0.994425409026774,-0.30545727604409645,-0.3441778000742036,-0.13651498420458819,-0.4063324202574108,0.565985511905162,-0.09622504486493767,1.1817880144146988,-0.12085960371051847,-0.4361184994455423,0.0,-0.4792530348900524,-0.2757687762681269,0.0,0.0,0.0,-0.30993723724455036,0.6568737601501947,-0.5376941452660844,0.0,0.0,1.009368776052448,-0.31805374841748824,-0.09622504486493764,-0.22765759444538225,-0.09622504486493767,0.0,-0.23517724187582092,-0.3237810263648817,-0.2476824920070451,-0.2938796959007981,0.0,-0.29597376215777643,-0.15371343041509344,-0.17959640829643997,-0.36880375309026625,-0.15901382303513992,0.1468554610262065,-0.23425286532268833,-0.16752422536831607,0.0,-0.1817793109376491,0.9333738481761295,0.30830194564683694,-0.35598084039789485,-0.1360145237956077,-0.17165843696845598,-0.44370247362009574,0.25884451694503074,-0.43877705565158465,0.18336599184104285,0.12266279982652531,-0.19197291732187582,-0.37032082733642196,-0.335765895162113,-0.23089146910097072,-0.7129104193111351,-0.08536138921058035,-0.4028250676839442,-0.1342622540128084,0.344603782165414,-0.1358532763751324,-0.4799819718069445,-0.14810207928107974,-0.5768042414376395,-0.13166153612265222,-0.1677050983124842,-0.13401887572789387,1.0380736349663087,-0.09622504486493762,-0.13345099217921402,0.11592083073345197,-0.1245330990169104,-0.09622504486493767,0.0,-0.09622504486493766,-0.2292421346744024,0.19764605609087818,-0.3970697690974091,0.22737201389167924,-0.4824905740057288,-0.17939888720515706,0.0,1.094595485755543,-0.24217907434727412,-0.43046873456863355
1-5,-0.09622504486493762,-0.11072255892128344,1.8860611254368198,-0.3309293939447612,-0.0257632001930474,0.9907908095380293,0.44779416935848004,-0.34404557446118966,-0.15576706203027013,0.19520099285696127,-0.5044327883808326,0.20273395545846828,-0.10415413391024642,0.0,-0.4176438258962746,0.06794195907854449,-0.2514313342302585,-0.4867400376565187,-0.21295020573376996,0.0,-0.34999125035692996,3.3061412381880113,-0.31442358061949116,1.3166815673392727,-0.8315246791334385,-0.21157763222088652,-0.08077337975780402,-0.737760901452139,0.0,-0.13814310036932095,-0.16779192950349286,0.0,0.6771141399691831,-0.2787015821446087,1.4672082173515093,-0.2750125580051014,-0.4147614234201915,0.0,-0.22000734840294592,-0.24988718708375368,-0.3067102564336961,-0.3439574425320488,-0.2644644077124355,0.8820628973641083,-0.30545727604409645,-0.3441778000742036,-0.13651498420458819,-0.4063324202574108,2.631629403963347,-0.09622504486493767,0.5394211041682039,-0.5868662353176729,-0.4361184994455423,0.0,-0.4792530348900524,-0.021761298984747036,0.0,0.0,0.0,-0.30993723724455036,-0.6197479265077847,-0.5376941452660844,0.0,0.0,0.1658676304926343,-0.31805374841748824,-0.09622504486493764,-0.22765759444538225,-0.09622504486493767,0.0,-0.23517724187582092,-0.3237810263648817,-0.2476824920070451,-0.2938796959007981,0.0,-0.29597376215777643,-0.15371343041509344,-0.17959640829643997,-0.36880375309026625,-0.15901382303513992,0.032485958666346376,-0.23425286532268833,-0.16752422536831607,0.0,0.8326472089925431,0.7147397161176808,0.2721324144498442,-0.35598084039789485,-0.1360145237956077,-0.17165843696845598,-0.13466842047586514,0.6420939620462333,0.7943815786302206,-0.7905076835786535,1.0054504745740078,-0.19197291732187582,-0.37032082733642196,-0.335765895162113,-0.05227831111283427,0.5017746541290816,-0.2491570304222954,-0.4028250676839442,-0.1342622540128084,-0.04730086978324547,-0.1358532763751324,-0.4799819718069445,-0.14810207928107974,1.0661039439492206,-0.13166153612265222,-0.1677050983124842,-0.13401887572789387,0.5564001352264852,-0.09622504486493762,-0.13345099217921402,1.1865920536917902,-0.1245330990169104,-0.09622504486493767,0.0,-0.09622504486493766,-0.2292421346744024,-0.6272942397309574,-0.10683079092818377,1.5326091696095454,0.8774650293852173,-0.17939888720515706,0.0,1.7190170996003458,-0.27880631328117944,-0.18800849332433395
2-5,-0.09622504486493762,-0.11072255892128344,2.9400030028295903,-0.3309293939447612,0.14249257098982615,2.2881434878422606,0.39935596446922345,-0.24311266385146993,-0.15576706203027013,0.017682092320773557,-0.20939626638269543,0.2749813797077341,-0.10415413391024642,0.0,0.8470538010547897,0.08044450303953721,2.276965476546509,-0.33426772730015925,-0.0436920475039767,0.0,1.0644017025374093,3.8063156270046012,-0.31442358061949116,-0.01390453613088964,-0.8724264207665168,-0.21157763222088652,-0.13553385195678846,-0.737760901452139,0.0,-0.13814310036932095,-0.16779192950349286,0.0,2.0774170910580914,-0.41745694475940653,3.660917329846679,-0.2750125580051014,-0.4147614234201915,0.0,-0.22000734840294592,-0.24988718708375368,-0.3067102564336961,-0.3439574425320488,-0.2644644077124355,1.1140281320976908,1.7582726674769689,-0.3441778000742036,-0.13651498420458819,-0.4063324202574108,1.269301260675643,-0.09622504486493767,6.402035563506466,-0.6335911669134835,-0.4361184994455423,0.0,0.6038435367833198,1.1362139651012493,0.0,0.0,0.0,-0.30993723724455036,0.1602154601353096,-0.5376941452660844,0.0,0.0,0.691066456973273,0.006890838741067273,-0.09622504486493764,-0.22765759444538225,-0.09622504486493767,0.0,-0.23517724187582092,-0.3237810263648817,-0.2476824920070451,3.1032568966780496,0.0,1.4833588018983883,1.6521365183889352,-0.17959640829643997,2.4050546233901335,-0.15901382303513992,1.9498570276404723,1.1742762879676532,-0.16752422536831607,0.0,3.433969015948036,3.208788333673318,0.611613368676737,-0.35598084039789485,-0.1360145237956077,-0.17165843696845598,-0.4940828150570543,0.42822839929183437,1.0713197464985922,-0.9595553057876832,1.2934041877764793,5.522729843561883,-0.37032082733642196,-0.335765895162113,-0.05310141322337868,1.1131933152567077,0.30925737782794177,-0.4028250676839442,-0.1342622540128084,-0.18093393143131292,-0.1358532763751324,1.5328979939919465,-0.14810207928107974,-0.5768042414376395,-0.13166153612265222,5.646071643186968,-0.13401887572789387,1.0857936101727306,-0.09622504486493762,-0.13345099217921402,2.4288606961310357,-0.1245330990169104,-0.09622504486493767,0.0,-0.09622504486493766,2.550049852448717,-0.3799518924235633,0.1467270326111324,4.998348903373856,2.566810359256944,-0.17939888720515706,0.0,0.4501345347584014,-0.17875141668124298,-0.36792837914820165
3-5,-0.09622504486493762,-0.11072255892128344,0.336146599859216,-0.3309293939447612,-0.11045193835509379,1.6759201418125265,-0.16171990883133322,-0.3372896902168978,-0.15576706203027013,-0.3796221136411703,0.2939475691043573,0.16220807053011632,-0.10415413391024642,0.0,-0.4176438258962746,-0.30400872376098853,-0.2514313342302585,-0.281543657363848,-0.2634546561733052,0.0,-0.34999125035692996,4.719133886594879,-0.31442358061949116,0.9986916173407406,-0.7943357444045536,-0.21157763222088652,-0.16488998138304817,-0.737760901452139,0.0,-0.13814310036932095,-0.16779192950349286,0.0,-0.4915597515411089,-0.45102679055330924,-0.6662814293104595,-0.2750125580051014,-0.4147614234201915,0.0,-0.22000734840294592,-0.24988718708375368,-0.3067102564336961,-0.3439574425320488,-0.2644644077124355,0.24951904298555638,-0.30545727604409645,-0.3441778000742036,-0.13651498420458819,-0.4063324202574108,1.5018938705052514,-0.09622504486493767,0.6369958247119752,-0.6278748188991025,-0.4361184994455423,0.0,-0.4792530348900524,0.9457083571387146,0.0,0.0,0.0,-0.30993723724455036,-0.6197479265077847,-0.5376941452660844,0.0,0.0,1.8091033527388747,0.13740136964901176,-0.09622504486493764,-0.22765759444538225,-0.09622504486493767,0.0,-0.23517724187582092,-0.3237810263648817,-0.2476824920070451,-0.2938796959007981,0.0,-0.29597376215777643,-0.15371343041509344,-0.17959640829643997,1.1105873810326135,-0.15901382303513992,-0.003394669524982329,-0.23425286532268833,-0.16752422536831607,0.0,0.07924271758240034,-0.5403821531067468,-0.11063805743014261,-0.35598084039789485,-0.1360145237956077,-0.17165843696845598,0.8947525767205466,0.5068814368337415,1.3064559267641909,-1.0050900188406204,0.4295430481690653,-0.19197291732187582,-0.37032082733642196,-0.335765895162113,-0.10577994829822077,0.7952556114703422,2.2872340099130426,-0.4028250676839442,-0.1342622540128084,-0.2072750637754031,-0.1358532763751324,-0.4799819718069445,-0.14810207928107974,1.3779522569161706,-0.13166153612265222,-0.1677050983124842,-0.13401887572789387,0.33420400067158224,-0.09622504486493762,8.743660626557748,0.9038188413077596,-0.1245330990169104,-0.09622504486493767,0.0,-0.09622504486493766,0.8726364584505159,-0.5191757706945177,-0.12151377821906571,3.527164725413131,1.7808408138919125,-0.17939888720515706,0.0,1.6294598557288082,-0.3047133847222344,-0.41261215135657514
4-5,-0.09622504486493762,-0.11072255892128344,1.1283251351544359,-0.3309293939447612,0.3253305090085488,1.6002100791737348,-0.37430980806751535,-0.2832426162625633,-0.15576706203027013,-0.3796221136411703,-0.07655122495014172,0.055908544887379535,-0.10415413391024642,0.0,-0.4176438258962746,-0.30400872376098853,-0.2514313342302585,-0.2900935065427092,-0.1679056958822927,0.0,-0.34999125035692996,3.0841888531506494,-0.31442358061949116,-0.6050072657372921,-0.7411391340067703,-0.21157763222088652,-0.16488998138304817,-0.41503404819651735,0.0,-0.13814310036932095,-0.16779192950349286,0.0,-0.4915597515411089,-0.6972056597085957,-0.6662814293104595,-0.2750125580051014,-0.4147614234201915,0.0,-0.22000734840294592,-0.24988718708375368,-0.3067102564336961,-0.3439574425320488,-0.2644644077124355,1.610818022571535,-0.30545727604409645,1.1177994383759975,-0.13651498420458819,-0.4063324202574108,1.8729344623762922,-0.09622504486493767,1.1086069740068702,-0.6335911669134835,-0.16600061365612748,0.0,-0.4792530348900524,0.034269762180704454,0.0,0.0,0.0,-0.30993723724455036,-0.2664909666380424,-0.5376941452660844,0.0,0.0,2.2945143893346165,0.9763976397715115,-0.09622504486493764,-0.22765759444538225,-0.09622504486493767,0.0,-0.23517724187582092,-0.3237810263648817,-0.2476824920070451,-0.2938796959007981,0.0,-0.29597376215777643,-0.15371343041509344,-0.17959640829643997,-0.36880375309026625,-0.15901382303513992,-0.030305140668478857,2.2227303193642234,-0.16752422536831607,0.0,0.7525609047875278,-0.5403821531067468,-0.4216390658326317,-0.35598084039789485,-0.1360145237956077,-0.17165843696845598,2.006236398113242,0.26473613024405,1.3952851504200834,-0.9333728457822443,0.524175723869408,-0.19197291732187582,-0.37032082733642196,-0.335765895162113,-0.23089146910097072,0.46916565886894157,3.9797889691007637,-0.4028250676839442,-0.1342622540128084,0.10303632457083049,-0.1358532763751324,-0.4799819718069445,-0.14810207928107974,2.785072693474361,-0.13166153612265222,-0.1677050983124842,-0.13401887572789387,-0.05650329633099871,-0.09622504486493762,5.535595536618152,0.739472017016186,-0.1245330990169104,-0.09622504486493767,0.0,-0.09622504486493766,-0.2292421346744024,0.10567548669032589,-0.26113372546892155,1.0985938806666853,-0.4824905740057288,-0.17939888720515706,0.0,1.1478959907586728,-0.5963019405277636,-0.4331768419752016
1-6,-0.09622504486493762,-0.11072255892128344,-0.697129750525853,-0.3309293939447612,-0.351057691146603,-0.9131770620078786,-0.37430980806751535,-0.4241703615984906,-0.15576706203027013,-0.3796221136411703,-0.5023366141570448,0.4785171340443755,-0.10415413391024642,0.0,-0.4176438258962746,-0.30400872376098853,-0.2514313342302585,-0.14902099509149816,-0.6866000517477883,0.0,-0.34999125035692996,-0.3482578901032028,-0.31442358061949116,-0.8711904822701342,0.5420312783571489,-0.21157763222088652,-0.16488998138304817,0.45530624384126805,0.0,-0.13814310036932095,-0.16779192950349286,0.0,-0.4915597515411089,0.7955334832602776,-0.6662814293104595,-0.2750125580051014,2.728301147307535,0.0,-0.22000734840294592,4.094582694871324,1.3142855713045152,-0.3439574425320488,-0.2644644077124355,-0.7912613469505374,-0.30545727604409645,-0.3441778000742036,-0.13651498420458819,-0.4063324202574108,-0.7354255192843109,-0.09622504486493767,-0.3631450608616812,0.6530842100626437,0.897229362323484,0.0,-0.4792530348900524,2.2194811476333105,0.0,0.0,0.0,-0.30993723724455036,-0.6197479265077847,3.5255970351121557,0.0,0.0,-0.5423550294585298,-0.31805374841748824,-0.09622504486493764,-0.22765759444538225,-0.09622504486493767,0.0,-0.23517724187582092,-0.3237810263648817,-0.2476824920070451,-0.2938796959007981,0.0,-0.29597376215777643,-0.15371343041509344,-0.17959640829643997,-0.36880375309026625,-0.15901382303513992,-0.680641526636311,-0.23425286532268833,-0.16752422536831607,0.0,-0.2915272092926699,-0.5403821531067468,-0.6406498492222968,-0.35598084039789485,-0.1360145237956077,-0.17165843696845598,-0.56471917006145,-0.09317937767136965,-0.43877705565158465,0.5601657423540989,-0.7641805610224003,-0.19197291732187582,-0.37032082733642196,-0.335765895162113,-0.23089146910097072,-0.7129104193111351,-0.7911474854887021,-0.4028250676839442,-0.1342622540128084,-0.40643972296242675,-0.1358532763751324,-0.4799819718069445,-0.14810207928107974,-0.5768042414376395,-0.13166153612265222,-0.1677050983124842,-0.13401887572789387,-1.0109028004594411,-0.09622504486493762,-0.13345099217921402,0.24884840920457746,-0.1245330990169104,-0.09622504486493767,0.0,-0.09622504486493766,-0.2292421346744024,0.3209808151688269,-0.7225163404479967,0.058233702759535155,-0.0520010304862927,0.4854295231419119,0.0,1.1426279175897587,-0.5446664671038678,-0.057173054244512946
2-6,-0.09622504486493762,-0.11072255892128344,-0.697129750525853,-0.3309293939447612,-0.16148952228056543,-0.7243692514765712,-0.37430980806751535,-0.4079562394121902,-0.15576706203027013,-0.3796221136411703,1.0653396834582791,1.0658187763287306,-0.10415413391024642,0.0,-0.4176438258962746,-0.30400872376098853,-0.2514313342302585,-0.12907134700748848,-0.6866000517477883,0.0,-0.34999125035692996,-0.3482578901032028,-0.31442358061949116,-1.1902803629154959,0.4338120869529631,-0.21157763222088652,-0.16488998138304817,0.5283213690122229,0.0,-0.13814310036932095,-0.16779192950349286,0.0,1.8352594378622655,0.7239178122332851,0.3230383665206954,-0.2750125580051014,2.7573267911005352,0.0,-0.22000734840294592,1.5395771927708362,-0.3067102564336961,-0.3439574425320488,-0.2644644077124355,-0.7468454346576124,-0.30545727604409645,0.9742123881710673,-0.13651498420458819,-0.4063324202574108,-0.7354255192843109,-0.09622504486493767,-0.3631450608616812,0.03795545634119979,0.31101607826986044,0.0,-0.4792530348900524,2.4622824126836003,0.0,0.0,0.0,2.9286738564442754,-0.6197479265077847,2.8795577475351832,0.0,0.0,-0.021134981966380875,-0.31805374841748824,-0.09622504486493764,-0.22765759444538225,-0.09622504486493767,0.0,-0.23517724187582092,-0.3237810263648817,-0.2476824920070451,-0.2938796959007981,0.0,-0.29597376215777643,-0.15371343041509344,-0.17959640829643997,-0.36880375309026625,-0.15901382303513992,-0.3397755588186886,-0.23425286532268833,-0.16752422536831607,0.0,-0.6652632955827408,-0.5403821531067468,-0.5910947434878342,-0.35598084039789485,-0.1360145237956077,-0.17165843696845598,-0.8347993509606095,-0.3415108782250312,-0.43877705565158465,0.24768377402831676,-0.7641805610224003,-0.19197291732187582,-0.37032082733642196,-0.335765895162113,-0.23089146910097072,-0.7129104193111351,-0.7911474854887021,0.3829992254265688,-0.1342622540128084,-0.40643972296242675,-0.1358532763751324,0.8759748252374968,-0.14810207928107974,0.37395281029086747,-0.13166153612265222,-0.1677050983124842,-0.13401887572789387,-1.1913439567087247,-0.09622504486493762,-0.13345099217921402,0.17392559224812484,-0.1245330990169104,-0.09622504486493767,0.0,-0.09622504486493766,-0.2292421346744024,-0.5521443991177883,0.687997728979307,-0.29599936395118165,-0.4824905740057288,1.0684328983693416,0.0,0.4936219622900244,-0.37153576209433486,-0.44197819104654795
3-6,-0.09622504486493762,-0.11072255892128344,-0.697129750525853,-0.3309293939447612,-0.38134372995952026,-0.9131770620078786,-0.37430980806751535,-0.3795815255861646,-0.15576706203027013,-0.3796221136411703,-0.14546295255716662,1.8381411520399684,-0.10415413391024642,0.0,-0.4176438258962746,-0.30400872376098853,-0.2514313342302585,-0.039297930629445046,-0.6866000517477883,0.0,-0.34999125035692996,-0.3482578901032028,-0.31442358061949116,-1.2578161046308534,-0.13497775763203004,-0.21157763222088652,-0.16488998138304817,0.5341625790258997,0.0,-0.13814310036932095,-0.16779192950349286,0.0,1.0245577293371078,0.6254462645711705,-0.6662814293104595,-0.2750125580051014,3.8727408168601114,0.0,-0.22000734840294592,4.4019517778307815,-0.3067102564336961,-0.3439574425320488,-0.2644644077124355,-0.834702615400044,-0.30545727604409645,-0.3441778000742036,-0.13651498420458819,-0.4063324202574108,-0.7354255192843109,-0.09622504486493767,-0.3631450608616812,0.6292246705243572,0.3608250501175539,0.0,-0.4792530348900524,2.6116985757914706,0.0,0.0,0.0,-0.30993723724455036,-0.6197479265077847,3.16321198961738,0.0,0.0,-0.5423550294585298,-0.31805374841748824,-0.09622504486493764,-0.22765759444538225,-0.09622504486493767,0.0,-0.23517724187582092,-0.3237810263648817,-0.2476824920070451,-0.2938796959007981,0.0,-0.29597376215777643,-0.15371343041509344,-0.17959640829643997,1.1390372105349764,-0.15901382303513992,-0.680641526636311,-0.23425286532268833,-0.16752422536831607,0.0,-0.22330554274765702,-0.5403821531067468,0.1288782869530932,-0.35598084039789485,-0.1360145237956077,-0.17165843696845598,-0.6597666183394234,-0.3418054588899822,-0.43877705565158465,-0.12114740170047536,-0.7641805610224003,-0.19197291732187582,-0.37032082733642196,-0.335765895162113,-0.23089146910097072,-0.7129104193111351,-0.7911474854887021,0.6025677779133296,-0.1342622540128084,-0.40643972296242675,-0.1358532763751324,-0.4799819718069445,-0.14810207928107974,-0.5768042414376395,-0.13166153612265222,-0.1677050983124842,-0.13401887572789387,-0.9393228376498078,-0.09622504486493762,-0.13345099217921402,2.068747801727441,-0.1245330990169104,-0.09622504486493767,0.0,-0.09622504486493766,-0.2292421346744024,-0.6089725843748542,-0.02199575324753246,-0.29599936395118165,0.45512869691728536,-0.17939888720515706,0.0,1.14459053308406,-0.12264920680199289,0.0842409293922147
4-6,-0.09622504486493762,-0.11072255892128344,-0.697129750525853,-0.3309293939447612,-0.3465708705817264,-0.9131770620078786,-0.37430980806751535,-0.40944253394593444,-0.15576706203027013,-0.3796221136411703,-0.2838104513271634,1.4217473950764574,-0.10415413391024642,0.0,-0.4176438258962746,-0.30400872376098853,-0.2514313342302585,0.5321169894911171,-0.6866000517477883,0.0,-0.34999125035692996,-0.3482578901032028,-0.31442358061949116,-1.2440669715454793,-0.04982666158340469,-0.21157763222088652,-0.16488998138304817,0.35016446359509273,0.0,-0.13814310036932095,-0.16779192950349286,0.0,1.7299735016901672,0.7462977094292202,-0.6662814293104595,-0.2750125580051014,4.931658500236883,0.0,-0.22000734840294592,5.956086703544537,-0.3067102564336961,-0.3439574425320488,-0.2644644077124355,-0.839436599782362,-0.30545727604409645,-0.3441778000742036,-0.13651498420458819,-0.4063324202574108,-0.7354255192843109,-0.09622504486493767,-0.3631450608616812,0.8561388330082675,0.537072181270931,0.0,-0.4792530348900524,1.5807270503471644,0.0,0.0,0.0,-0.30993723724455036,-0.6197479265077847,4.2660016118857635,0.0,0.0,-0.5423550294585298,-0.31805374841748824,-0.09622504486493764,-0.22765759444538225,-0.09622504486493767,0.0,-0.23517724187582092,-0.3237810263648817,-0.2476824920070451,-0.2938796959007981,0.0,-0.29597376215777643,-0.15371343041509344,-0.17959640829643997,-0.36880375309026625,-0.15901382303513992,-0.680641526636311,-0.23425286532268833,-0.16752422536831607,0.0,-0.6652632955827408,-0.5403821531067468,-0.6064739142330122,-0.35598084039789485,-0.1360145237956077,-0.17165843696845598,-0.9485446579162171,-0.5621517962733023,-0.43877705565158465,-0.26116664433825754,-0.7641805610224003,-0.19197291732187582,-0.37032082733642196,-0.335765895162113,-0.23089146910097072,-0.7129104193111351,-0.7911474854887021,-0.4028250676839442,-0.1342622540128084,-0.40643972296242675,-0.1358532763751324,0.5475132408602719,-0.14810207928107974,0.35113464104938324,-0.13166153612265222,-0.1677050983124842,-0.13401887572789387,-0.9378315884246071,-0.09622504486493762,-0.13345099217921402,0.3286049562872527,-0.1245330990169104,-0.09622504486493767,0.0,-0.09622504486493766,-0.2292421346744024,0.08486953908254756,-0.14414347189318483,-0.29599936395118165,-0.4824905740057288,0.05414340053214664,0.0,1.0732133064228926,-0.7238719336926827,-0.4082961051773573
1-7,-0.09622504486493762,-0.11072255892128344,2.8917834398116207,-0.3309293939447612,-0.013985296210246238,1.3375615902663218,1.1407296004131242,0.22290823131977952,-0.15576706203027013,-0.04994415550253599,-0.6325614378098636,0.7520992262284235,-0.10415413391024642,0.0,4.9973995345702535,3.013332940555743,-0.2514313342302585,-0.4867400376565187,4.201411759710999,0.0,-0.34999125035692996,0.15816867857359504,0.6489584153435788,-1.0916165838948515,-1.295686407844531,-0.21157763222088652,-0.16488998138304817,-0.5815085335862951,0.0,-0.13814310036932095,-0.16779192950349286,0.0,-0.4915597515411089,-0.6972056597085957,-0.6662814293104595,-0.2750125580051014,-0.4147614234201915,0.0,-0.22000734840294592,-0.24988718708375368,-0.3067102564336961,7.084805907821205,-0.2644644077124355,1.7862539143868494,3.3328221799411883,-0.3441778000742036,-0.13651498420458819,7.027411637222213,0.7265851710732247,-0.09622504486493767,5.076645609453572,0.3399277536226358,-0.4361184994455423,0.0,0.8835442997978721,-0.52604084947381,0.0,0.0,0.0,-0.30993723724455036,0.8562365988885641,-0.5376941452660844,0.0,0.0,-0.5423550294585298,-0.31805374841748824,-0.09622504486493764,-0.22765759444538225,-0.09622504486493767,0.0,4.3604054006654795,-0.09046665405869597,5.269555054098192,5.809450453478149,0.0,-0.29597376215777643,2.3744764979105466,-0.17959640829643997,-0.36880375309026625,-0.15901382303513992,2.7459584656355776,3.027604121244418,-0.16752422536831607,0.0,2.701327640442897,1.3949347936328544,-0.2966121036634992,-0.35598084039789485,-0.1360145237956077,-0.17165843696845598,-0.8695981434995397,1.02357592315773,1.0817702433992855,-0.9806151105746668,1.5110593418872675,5.205246356846118,-0.37032082733642196,-0.335765895162113,0.6169037047597692,2.58059810196301,-0.6433319068342276,-0.4028250676839442,-0.1342622540128084,-0.017747404226461296,6.439543389189487,0.45487022988208026,-0.14810207928107974,-0.5768042414376395,-0.13166153612265222,-0.1677050983124842,-0.13401887572789387,1.1722860652343707,-0.09622504486493762,-0.13345099217921402,0.297185710466805,-0.1245330990169104,-0.09622504486493767,0.0,-0.09622504486493766,0.4856671906268837,-0.5316489880414693,0.3072399761136051,-0.29599936395118165,3.9691626601157126,-0.17939888720515706,0.0,0.30892951472104063,-0.06440296342417272,-0.07426798224847403
2-7,-0.09622504486493762,-0.11072255892128344,2.5680235166909653,3.112936258033429,-0.32638017803978153,1.7150314336449868e-05,0.603872829557196,-0.04435454938440473,-0.15576706203027013,-0.3796221136411703,-0.6325614378098636,-0.21806197430876126,-0.10415413391024642,0.0,1.7495610277992109,4.410492228196679,5.324586632393506,-0.2487692355115464,4.546753001905659,0.0,-0.34999125035692996,0.37074279382064596,1.5142715853702882,-0.5285620857826122,-1.2778527615670132,-0.21157763222088652,-0.02940015326184953,-0.5362391559803028,0.0,-0.13814310036932095,-0.16779192950349286,0.0,1.6562733463696981,-0.6972056597085957,0.7703829698530438,-0.2750125580051014,-0.4147614234201915,0.0,-0.22000734840294592,-0.24988718708375368,-0.3067102564336961,1.4951321198361058,-0.2644644077124355,0.48273739123210596,1.3761004557138086,-0.3441778000742036,-0.13651498420458819,1.4139051773738824,-0.7354255192843109,-0.09622504486493767,2.1412727664284503,0.3560826501850172,-0.4361184994455423,0.0,1.026370221337218,-0.5335116576292036,0.0,0.0,0.0,-0.30993723724455036,0.44701814042559535,-0.5376941452660844,0.0,0.0,-0.5423550294585298,-0.31805374841748824,-0.09622504486493764,-0.22765759444538225,-0.09622504486493767,0.0,-0.23517724187582092,0.22284121732389628,5.574856736491367,1.702177963015587,0.0,2.133735532208573,9.774056775936812,-0.17959640829643997,2.0921064988641396,-0.15901382303513992,0.4877214288438289,-0.23425286532268833,-0.16752422536831607,0.0,1.007650614477576,-0.5403821531067468,3.5564397669200876,-0.35598084039789485,-0.1360145237956077,-0.17165843696845598,-0.7184571191886638,0.9098677864866583,0.7473543425771011,-0.5224220604794853,1.093323673438612,3.4735182474874033,-0.37032082733642196,-0.335765895162113,0.5387090042580505,1.0153663294762874,-0.43115218732420096,-0.4028250676839442,-0.1342622540128084,0.9350306266585582,-0.1358532763751324,-0.4799819718069445,-0.14810207928107974,-0.5768042414376395,-0.13166153612265222,-0.1677050983124842,1.7079459218855686,2.8350289513331415,-0.09622504486493762,-0.13345099217921402,2.225844030829681,-0.1245330990169104,-0.09622504486493767,0.0,-0.09622504486493766,4.85218905594185,0.287546381948368,-0.9830735808679125,-0.29599936395118165,2.7429197179694405,-0.17939888720515706,0.0,0.11039546313961615,2.0187042498948613,-0.38544644893443897
3-7,-0.09622504486493762,-0.11072255892128344,0.9010043380697206,3.623138576845012,-0.15475929143325048,0.5327916651799071,0.8568278995344254,0.14129714964873435,-0.15576706203027013,-0.3796221136411703,-0.585659539552611,-1.4478218945946526,-0.10415413391024642,0.0,2.1058138804614823,2.2225470350229544,4.173263084629085,-0.14189612077578043,1.4714414656820758,0.0,-0.34999125035692996,-0.3482578901032028,3.5852544389675454,0.7385580193654632,-1.1471132659898526,-0.21157763222088652,-0.13017071292699103,-0.4909697783743106,0.0,-0.13814310036932095,-0.16779192950349286,0.0,-0.4915597515411089,-0.6972056597085957,-0.6662814293104595,-0.2750125580051014,-0.4147614234201915,0.0,-0.22000734840294592,-0.24988718708375368,-0.3067102564336961,1.509613140012233,-0.2644644077124355,0.257873133072,-0.30545727604409645,-0.3441778000742036,-0.13651498420458819,0.7828009008228864,1.1751566328874683,-0.09622504486493767,2.48278428833165,1.3527154996488513,-0.4361184994455423,0.0,4.424436937960819,-0.26082715995733985,0.0,0.0,0.0,-0.30993723724455036,-0.6197479265077847,-0.5376941452660844,0.0,0.0,0.34093390598618056,-0.31805374841748824,-0.09622504486493764,-0.22765759444538225,-0.09622504486493767,0.0,-0.23517724187582092,-0.3237810263648817,-0.2476824920070451,-0.2938796959007981,0.0,1.2133911025243496,-0.15371343041509344,-0.17959640829643997,-0.36880375309026625,-0.15901382303513992,0.4720236540101226,-0.23425286532268833,-0.16752422536831607,0.0,0.7021361947325184,-0.5403821531067468,2.225571898545699,1.4342576939203935,-0.1360145237956077,-0.17165843696845598,-0.7958454787155385,0.4953927909006539,1.5154658647780561,-0.5622649344008053,1.6002844361190192,-0.19197291732187582,-0.37032082733642196,-0.335765895162113,-0.04404729000739019,0.2490549408629963,0.45751684710900636,-0.4028250676839442,-0.1342622540128084,2.090185649943295,-0.1358532763751324,1.2465468691502632,-0.14810207928107974,0.6173466155333652,-0.13166153612265222,-0.1677050983124842,2.6380469583042476,2.9021351664671724,-0.09622504486493762,-0.13345099217921402,1.4741989962020436,-0.1245330990169104,-0.09622504486493767,0.0,-0.09622504486493766,6.047530565447899,-0.5305621101813615,0.13109675581761307,-0.29599936395118165,1.8004085204155231,-0.17939888720515706,0.0,0.9165139535357846,-0.4397874951321487,-0.3217212965236335
4-7,-0.09622504486493762,-0.11072255892128344,1.4245310222648222,4.005790315953701,0.1823131035031062,0.2505146415142891,0.7236228360889695,-0.1890655898971354,-0.15576706203027013,-0.3796221136411703,-0.6325614378098636,0.07830783591806569,-0.10415413391024642,0.0,0.6808024698123961,0.2856945997325008,-0.2514313342302585,0.5007675425019591,0.07779163058031052,0.0,-0.34999125035692996,-0.3482578901032028,0.8508648216831443,0.574778346052487,-0.7332874603897063,-0.21157763222088652,-0.16488998138304817,-0.125894152519535,0.0,-0.13814310036932095,-0.16779192950349286,0.0,-0.4915597515411089,-0.12651828121224984,-0.6662814293104595,-0.2750125580051014,-0.4147614234201915,0.0,-0.22000734840294592,-0.24988718708375368,-0.3067102564336961,-0.3439574425320488,-0.2644644077124355,0.6597048662299353,-0.30545727604409645,-0.3441778000742036,-0.13651498420458819,0.31113349413740543,2.061223717952642,-0.09622504486493767,1.4013311356381841,0.10878846434548718,-0.4361184994455423,0.0,4.293513176549753,-0.10394018869407588,0.0,0.0,0.0,-0.30993723724455036,0.5834242932465848,-0.5376941452660844,0.0,0.0,-0.5423550294585298,-0.31805374841748824,-0.09622504486493764,-0.22765759444538225,-0.09622504486493767,0.0,-0.23517724187582092,-0.3237810263648817,-0.2476824920070451,-0.2938796959007981,0.0,-0.29597376215777643,-0.15371343041509344,-0.17959640829643997,-0.36880375309026625,-0.15901382303513992,1.333158730602011,-0.23425286532268833,-0.16752422536831607,0.0,0.24831380423743238,0.649959232544807,0.7434755178437262,0.7704613834428259,-0.1360145237956077,-0.17165843696845598,-0.4250046149424616,0.3345517478374282,0.9563642805909665,-0.4381828413315512,1.7909016828868523,-0.19197291732187582,-0.37032082733642196,-0.335765895162113,0.08847214979025944,0.30612068256824143,0.44686347207084604,-0.4028250676839442,-0.1342622540128084,-0.0903461348333441,-0.1358532763751324,2.0634897841397715,-0.14810207928107974,2.572103113887175,-0.13166153612265222,-0.1677050983124842,-0.13401887572789387,-0.20264572040066642,-0.09622504486493762,-0.13345099217921402,-0.6671434497146329,-0.1245330990169104,-0.09622504486493767,0.0,-0.09622504486493766,-0.2292421346744024,-0.1951309001166574,0.11857148350496112,-0.29599936395118165,-0.4824905740057288,-0.17939888720515706,0.0,1.1735132877369212,-0.6536548366145128,-0.44197819104654795
1-8,-0.09622504486493762,-0.11072255892128344,0.32236958185408177,-0.3309293939447612,-0.31796738948063785,-0.21683142415726425,0.12352729773873407,0.8743105901543964,-0.15576706203027013,-0.3796221136411703,-0.4976202221535221,-0.13364383701392046,-0.10415413391024642,0.0,1.5417468637462193,0.31486720230815046,4.173263084629085,-0.24449431092211574,0.2784444471914363,0.0,-0.34999125035692996,1.5555308773299446,-0.31442358061949116,-0.29075707993798205,-0.5077192245382366,-0.21157763222088652,-0.16488998138304817,-0.737760901452139,0.0,-0.13814310036932095,-0.16779192950349286,0.0,-0.4915597515411089,1.2162755505438578,-0.6662814293104595,0.7924254002930171,-0.4147614234201915,0.0,-0.22000734840294592,-0.24988718708375368,-0.3067102564336961,1.654423341773505,-0.2644644077124355,-0.20438651837787716,-0.30545727604409645,-0.3441778000742036,-0.13651498420458819,1.2478251045973043,1.2083841485774125,-0.09622504486493767,0.6939144116958419,0.8921766791858876,-0.4361184994455423,0.0,4.394681537640123,-0.9929663591859054,0.0,0.0,0.0,-0.30993723724455036,0.2546504890113793,-0.5376941452660844,0.0,0.0,-0.5423550294585298,-0.31805374841748824,-0.09622504486493764,-0.22765759444538225,-0.09622504486493767,0.0,-0.23517724187582092,-0.3237810263648817,-0.2476824920070451,-0.2938796959007981,0.0,-0.29597376215777643,-0.15371343041509344,-0.17959640829643997,-0.36880375309026625,-0.15901382303513992,0.15582561807403866,-0.23425286532268833,-0.16752422536831607,0.0,1.1322293099075997,-0.5403821531067468,-0.31284567278340936,-0.35598084039789485,-0.1360145237956077,-0.17165843696845598,0.23357551848087357,1.5332004735228955,1.1705994670551783,-0.02609368820246875,1.0203213236126332,-0.19197291732187582,-0.37032082733642196,-0.335765895162113,-0.06133243432882276,1.6267849906039131,0.6199808164409512,-0.4028250676839442,-0.1342622540128084,-0.2085599970604807,-0.1358532763751324,-0.4799819718069445,-0.14810207928107974,-0.5768042414376395,-0.13166153612265222,-0.1677050983124842,-0.13401887572789387,1.9984381359955534,-0.09622504486493762,-0.13345099217921402,0.6210456289237289,-0.1245330990169104,-0.09622504486493767,0.0,-0.09622504486493766,0.22167544435737213,0.5092177093217869,-0.5149546849811926,-0.29599936395118165,-0.21669589372668305,-0.17939888720515706,0.0,0.19117258506296367,0.02707579918148341,-0.17878400247071138
2-8,-0.09622504486493762,-0.11072255892128344,-0.697129750525853,-0.3309293939447612,-0.4318204613143823,-0.7570834760735797,-0.07157102750966104,2.020108557986288,-0.15576706203027013,-0.3796221136411703,-0.3545563313800027,-0.43674638211702305,-0.10415413391024642,0.0,0.2770492367951551,-0.03312027127281321,4.579612572075351,-0.34281757647902045,-0.15562082955916254,0.0,-0.34999125035692996,-0.3482578901032028,1.410434004967083,-0.09078968834430148,-0.7850232943005938,-0.21157763222088652,-0.16488998138304817,-0.23249623526912952,0.0,-0.13814310036932095,-0.16779192950349286,0.0,-0.4915597515411089,1.9704780860468716,-0.6662814293104595,1.5142167816184116,-0.4147614234201915,0.0,-0.22000734840294592,-0.24988718708375368,-0.3067102564336961,-0.3439574425320488,-0.2644644077124355,-0.5292213879057577,-0.30545727604409645,-0.3441778000742036,-0.13651498420458819,-0.4063324202574108,1.2637633413939857,-0.09622504486493767,-0.3631450608616812,0.5298099224481644,-0.4361184994455423,0.0,1.6690868682642739,-0.9929663591859054,0.0,0.0,0.0,-0.30993723724455036,1.0521018439648568,-0.5376941452660844,0.0,0.0,0.34093390598618056,0.25193101922128947,-0.09622504486493764,-0.22765759444538225,-0.09622504486493767,0.0,-0.23517724187582092,-0.3237810263648817,-0.2476824920070451,-0.2938796959007981,0.0,-0.29597376215777643,0.7359980077761599,-0.17959640829643997,2.177455987371229,-0.15901382303513992,-0.680641526636311,-0.23425286532268833,-0.16752422536831607,0.0,-0.26186561514266427,-0.5403821531067468,2.8099803868624647,-0.35598084039789485,-0.1360145237956077,-0.17165843696845598,-0.5101837489183505,-0.34710791085909953,-0.43877705565158465,-0.37614179479692417,0.5701401663524316,-0.19197291732187582,-0.37032082733642196,-0.335765895162113,-0.1411733390516303,0.33057742901334647,0.8827640673822393,-0.4028250676839442,-0.1342622540128084,0.07990752543943418,-0.1358532763751324,-0.4799819718069445,-0.14810207928107974,0.4880436564982884,-0.13166153612265222,-0.1677050983124842,-0.13401887572789387,1.1245660900279486,-0.09622504486493762,-0.13345099217921402,1.6095434397362804,-0.1245330990169104,-0.09622504486493767,0.0,-0.09622504486493766,0.09377882194108698,0.5093729775875165,-0.8949230299280299,-0.29599936395118165,0.41110135723916136,-0.17939888720515706,0.0,0.4814330871148899,1.2018274869396661,-0.41879002137780863
3-8,-0.09622504486493762,-0.11072255892128344,-0.697129750525853,-0.3309293939447612,-0.36227474255879455,-0.9131770620078786,-0.37430980806751535,2.7608237065304433,-0.15576706203027013,-0.3796221136411703,-0.1913167637025254,-0.6799016916871329,-0.10415413391024642,0.0,0.40173773522695017,-0.07062790315579133,-0.2514313342302585,-0.3399676267527334,0.3535186302772316,0.0,-0.34999125035692996,-0.3482578901032028,2.3161284562617057,0.3739310099413426,-0.8442456077068216,-0.21157763222088652,-0.16488998138304817,-0.737760901452139,0.0,-0.13814310036932095,-0.16779192950349286,0.0,-0.4915597515411089,0.3725534262571035,-0.6662814293104595,0.61621341987555,-0.4147614234201915,0.0,-0.22000734840294592,-0.24988718708375368,2.870441565933198,-0.3439574425320488,-0.2644644077124355,-0.42103592128631356,-0.30545727604409645,-0.3441778000742036,-0.13651498420458819,1.7062061054606592,0.1949449200341209,-0.09622504486493767,-0.3631450608616812,-0.2826571062045225,-0.4361184994455423,0.0,-0.4792530348900524,-0.574601102483868,0.0,0.0,0.0,-0.30993723724455036,0.5869218869086615,-0.5376941452660844,0.0,0.0,0.7945147106740048,0.20931533565951174,-0.09622504486493764,-0.22765759444538225,-0.09622504486493767,0.0,-0.23517724187582092,0.101184437478528,-0.2476824920070451,-0.2938796959007981,0.0,-0.29597376215777643,-0.15371343041509344,-0.17959640829643997,-0.36880375309026625,-0.15901382303513992,-0.19849558531533196,-0.23425286532268833,-0.16752422536831607,0.0,-0.6652632955827408,0.7147397161176808,0.3245355147667471,-0.35598084039789485,-0.1360145237956077,-0.17165843696845598,0.2569478418279162,0.16398954283082087,-0.43877705565158465,-0.041461653857835165,-0.0017115739510678892,-0.19197291732187582,-0.37032082733642196,-0.335765895162113,-0.23089146910097072,-0.7129104193111351,1.7740964455749866,-0.4028250676839442,-0.1342622540128084,0.0028115283347798707,-0.1358532763751324,-0.4799819718069445,-0.14810207928107974,-0.5768042414376395,-0.13166153612265222,-0.1677050983124842,-0.13401887572789387,0.292449022365963,-0.09622504486493762,-0.13345099217921402,-0.6671434497146329,-0.1245330990169104,-0.09622504486493767,0.0,-0.09622504486493766,-0.2292421346744024,0.06473642062626482,-0.08156973752451589,-0.29599936395118165,0.4176239260803649,-0.17939888720515706,0.0,0.6626134859045979,-0.251291216716197,-0.363696961325439
4-8,-0.09622504486493762,-0.11072255892128344,0.4945823069182599,-0.3309293939447612,-0.12279069490850453,-0.390684160587082,-0.16171990883133322,1.2747994081560152,-0.15576706203027013,-0.3796221136411703,-0.4798027412513255,-0.7970771736684693,-0.10415413391024642,0.0,-0.4176438258962746,-0.1581457108827403,-0.2514313342302585,-0.2957934059952834,-0.017757329710701902,0.0,-0.34999125035692996,-0.3482578901032028,2.927616429747247,0.9028876580018542,-0.7447302095370555,-0.21157763222088652,-0.16488998138304817,-0.737760901452139,0.0,-0.13814310036932095,-0.16779192950349286,0.0,-0.4915597515411089,0.20918017672677716,-0.6662814293104595,1.775146060313507,-0.4147614234201915,0.0,-0.22000734840294592,-0.24988718708375368,-0.3067102564336961,-0.3439574425320488,-0.2644644077124355,-0.30658488710203674,-0.30545727604409645,-0.3441778000742036,-0.13651498420458819,2.277521555812087,0.10633821152760352,-0.09622504486493767,-0.3631450608616812,0.28475256844034863,-0.4361184994455423,0.0,0.25868089306323416,-0.4139787271429072,0.0,0.0,0.0,-0.30993723724455036,-0.014664222968523245,-0.5376941452660844,0.0,0.0,-0.5423550294585298,-0.31805374841748824,-0.09622504486493764,-0.22765759444538225,-0.09622504486493767,0.0,-0.23517724187582092,-0.3237810263648817,-0.2476824920070451,-0.2938796959007981,0.0,-0.29597376215777643,-0.15371343041509344,-0.17959640829643997,-0.36880375309026625,-0.15901382303513992,-0.24558890981645082,-0.23425286532268833,-0.16752422536831607,0.0,-0.35085039759268116,1.103422617554923,-0.23794341526522744,1.1124170585373303,-0.1360145237956077,-0.17165843696845598,0.9721409362474215,0.9617139835180278,1.95961198305752,0.10368024399840252,0.8972988452021878,-0.19197291732187582,-0.37032082733642196,-0.335765895162113,-0.07614827231862209,0.1267712086374711,1.0896170993731857,-0.4028250676839442,-0.1342622540128084,0.3735147810796593,-0.1358532763751324,-0.4799819718069445,-0.14810207928107974,-0.5768042414376395,5.054879046505476,-0.1677050983124842,-0.13401887572789387,0.3655202344007969,-0.09622504486493762,-0.13345099217921402,0.1860099175636817,-0.1245330990169104,-0.09622504486493767,0.0,-0.09622504486493766,-0.006242895589597548,0.4372249901117876,-0.31912889390817567,1.041150680659542,-0.4824905740057288,-0.17939888720515706,0.0,0.7302720726818264,-0.8110626293011987,-0.4165050557535168
1-9,-0.09622504486493762,-0.11072255892128344,-0.697129750525853,-0.3309293939447612,-0.3628355951294041,-0.9131770620078786,-0.37430980806751535,-0.44443801433136604,-0.15576706203027013,-0.3796221136411703,-0.1284315369888905,1.1776857558114644,-0.10415413391024642,0.0,-0.4176438258962746,-0.30400872376098853,-0.2514313342302585,-0.26444395900612544,-0.6866000517477883,0.0,-0.34999125035692996,-0.3482578901032028,-0.31442358061949116,-1.202819572289357,1.0593287517790706,-0.21157763222088652,-0.16488998138304817,0.4932741089301646,0.0,-0.13814310036932095,-0.16779192950349286,0.0,-0.4915597515411089,-0.6972056597085957,-0.6662814293104595,-0.2750125580051014,-0.24216250586538723,0.0,-0.22000734840294592,-0.24988718708375368,-0.3067102564336961,-0.3439574425320488,-0.2644644077124355,-0.7416937457709722,-0.30545727604409645,-0.3441778000742036,6.902192732369829,-0.4063324202574108,-0.7354255192843109,-0.09622504486493767,-0.3631450608616812,0.1321509301433926,-0.4361184994455423,0.0,-0.4792530348900524,-0.39530170675442333,0.0,0.0,0.0,-0.30993723724455036,-0.6197479265077847,0.9325058929276638,0.0,0.0,-0.5423550294585298,-0.31805374841748824,-0.09622504486493764,-0.22765759444538225,-0.09622504486493767,0.0,-0.23517724187582092,-0.3237810263648817,-0.2476824920070451,-0.2938796959007981,0.0,-0.29597376215777643,-0.15371343041509344,-0.17959640829643997,-0.36880375309026625,-0.15901382303513992,-0.680641526636311,-0.23425286532268833,-0.16752422536831607,0.0,-0.6652632955827408,-0.5403821531067468,-0.65004823134435,-0.35598084039789485,-0.1360145237956077,-0.17165843696845598,-0.29879406886843135,-0.6811623849134912,-0.43877705565158465,2.7555080954188376,-0.7641805610224003,-0.19197291732187582,0.6342463179717267,2.0129475957227325,-0.23089146910097072,-0.7129104193111351,-0.3761097496270393,6.536696814858159,-0.1342622540128084,-0.40643972296242675,-0.1358532763751324,-0.4799819718069445,-0.14810207928107974,-0.5768042414376395,-0.13166153612265222,-0.1677050983124842,-0.13401887572789387,-0.6380904941592682,-0.09622504486493762,-0.13345099217921402,-0.6671434497146329,-0.1245330990169104,-0.09622504486493767,0.0,-0.09622504486493766,-0.2292421346744024,1.2303870475476142,-0.5176386719053322,-0.29599936395118165,-0.4824905740057288,-0.17939888720515706,0.0,-1.207345897955197,-0.29720926747723925,0.0261858768639112
2-9,-0.09622504486493762,-0.11072255892128344,-0.697129750525853,-0.3309293939447612,-0.44359836529718344,-0.9131770620078786,-0.37430980806751535,-0.44443801433136604,-0.15576706203027013,-0.3796221136411703,0.2706276308647177,2.5528468542907707,-0.10415413391024642,0.0,-0.4176438258962746,-0.30400872376098853,-0.2514313342302585,-0.1960451655752352,-0.6866000517477883,0.0,-0.34999125035692996,-0.3482578901032028,-0.31442358061949116,-1.293783836782192,-0.14575098422288565,-0.21157763222088652,-0.16488998138304817,2.915915962102456,0.0,-0.13814310036932095,-0.16779192950349286,0.0,-0.4915597515411089,-0.2607976643878606,-0.6662814293104595,-0.2750125580051014,3.9872884468289156,0.0,-0.22000734840294592,-0.24988718708375368,-0.3067102564336961,-0.3439574425320488,-0.2644644077124355,-0.8963836472049522,-0.30545727604409645,-0.3441778000742036,7.704910577521106,-0.4063324202574108,-0.7354255192843109,-0.09622504486493767,-0.3631450608616812,0.44182787040073357,-0.4361184994455423,0.0,-0.4792530348900524,-0.9929663591859054,0.0,0.0,0.0,-0.30993723724455036,-0.6197479265077847,2.3049903949710493,0.0,0.0,-0.5423550294585298,-0.31805374841748824,-0.09622504486493764,-0.22765759444538225,-0.09622504486493767,0.0,-0.23517724187582092,-0.3237810263648817,-0.2476824920070451,-0.2938796959007981,0.0,-0.29597376215777643,-0.15371343041509344,-0.17959640829643997,-0.36880375309026625,-0.15901382303513992,-0.680641526636311,-0.23425286532268833,-0.16752422536831607,0.0,-0.6652632955827408,-0.5403821531067468,-0.6899201554985154,-0.35598084039789485,-0.1360145237956077,-0.17165843696845598,0.6693395026624022,-0.6811623849134912,-0.43877705565158465,-0.6225984291959473,-0.7641805610224003,-0.19197291732187582,-0.06384271520851216,3.104408570898631,-0.23089146910097072,-0.7129104193111351,0.4255567219945253,3.191165449336196,-0.1342622540128084,-0.40643972296242675,-0.1358532763751324,-0.4799819718069445,-0.14810207928107974,-0.5768042414376395,-0.13166153612265222,-0.1677050983124842,-0.13401887572789387,-1.1913439567087247,-0.09622504486493762,-0.13345099217921402,-0.12334881051457397,-0.1245330990169104,-0.09622504486493767,0.0,-0.09622504486493766,-0.2292421346744024,0.8774622795440314,-0.5912641171381058,-0.29599936395118165,-0.4824905740057288,-0.17939888720515706,0.0,-1.222220457490954,1.618842002411544,-0.1869929530468709
3-9,-0.09622504486493762,-0.11072255892128344,-0.697129750525853,-0.3309293939447612,-0.32581932546917197,-0.9131770620078786,-0.37430980806751535,-0.44443801433136604,-0.15576706203027013,-0.3796221136411703,2.67127116065773,0.4713959721560071,-0.10415413391024642,0.0,-0.4176438258962746,-0.30400872376098853,-0.2514313342302585,-0.4867400376565187,-0.6866000517477883,0.0,-0.34999125035692996,-0.3482578901032028,-0.31442358061949116,-0.05735179668067169,0.27982189895938003,-0.21157763222088652,-0.16488998138304817,-0.3902089056383926,0.0,-0.13814310036932095,-0.16779192950349286,0.0,-0.4915597515411089,-0.6972056597085957,-0.6662814293104595,-0.2750125580051014,-0.012548930860047028,0.0,-0.22000734840294592,-0.24988718708375368,-0.3067102564336961,-0.3439574425320488,-0.2644644077124355,-0.9157372892385465,-0.30545727604409645,1.0264258609728598,-0.13651498420458819,-0.4063324202574108,-0.7354255192843109,-0.09622504486493767,-0.3631450608616812,0.20074710631596568,-0.4361184994455423,0.0,-0.4792530348900524,-0.9929663591859054,0.0,0.0,0.0,-0.30993723724455036,-0.6197479265077847,4.115798873460348,0.0,0.0,-0.5423550294585298,-0.31805374841748824,-0.09622504486493764,-0.22765759444538225,-0.09622504486493767,0.0,-0.23517724187582092,-0.3237810263648817,-0.2476824920070451,-0.2938796959007981,0.0,-0.29597376215777643,-0.15371343041509344,-0.17959640829643997,-0.36880375309026625,-0.15901382303513992,-0.680641526636311,-0.23425286532268833,-0.16752422536831607,0.0,-0.6652632955827408,-0.5403821531067468,-0.4777445591067072,-0.35598084039789485,-0.1360145237956077,-0.17165843696845598,-0.5158969835142941,-0.6811623849134912,-0.43877705565158465,-0.5941392335378615,-0.7641805610224003,-0.19197291732187582,-0.25113489484223483,-0.335765895162113,-0.23089146910097072,-0.7129104193111351,0.25110770574464986,0.9203643670389048,-0.1342622540128084,-0.40643972296242675,-0.1358532763751324,-0.4799819718069445,-0.14810207928107974,-0.5768042414376395,-0.13166153612265222,-0.1677050983124842,-0.13401887572789387,-0.40545561502796057,-0.09622504486493762,-0.13345099217921402,-0.6671434497146329,-0.1245330990169104,-0.09622504486493767,0.0,-0.09622504486493766,-0.2292421346744024,-1.8133367655514723,-1.1613218889475438,-0.29599936395118165,-0.4824905740057288,-0.17939888720515706,0.0,-1.222220457490954,0.7283534226721096,5.566296603850589
4-9,-0.09622504486493762,-0.11072255892128344,-0.697129750525853,-0.3309293939447612,-0.41387317905487575,-0.9131770620078786,-0.37430980806751535,-0.44443801433136604,-0.15576706203027013,-0.3796221136411703,0.2701035873087707,0.09216173268270976,-0.10415413391024642,0.0,-0.4176438258962746,-0.30400872376098853,-0.2514313342302585,-0.4867400376565187,-0.6866000517477883,0.0,-0.34999125035692996,-0.3482578901032028,-0.31442358061949116,-1.1716915349840702,1.9173523407694024,-0.21157763222088652,-0.16488998138304817,-0.44570040076831846,0.0,-0.13814310036932095,-0.16779192950349286,0.0,-0.4915597515411089,-0.6972056597085957,-0.6662814293104595,-0.2750125580051014,-0.4147614234201915,0.0,-0.22000734840294592,-0.24988718708375368,-0.3067102564336961,-0.3439574425320488,-0.2644644077124355,-0.9157372892385465,-0.30545727604409645,1.6529875345943748,-0.13651498420458819,-0.4063324202574108,-0.7354255192843109,-0.09622504486493767,-0.3631450608616812,0.39460586506454187,-0.4361184994455423,0.0,-0.4792530348900524,-0.9929663591859054,0.0,0.0,0.0,-0.30993723724455036,-0.6197479265077847,0.41042574263858117,0.0,0.0,-0.5423550294585298,-0.31805374841748824,-0.09622504486493764,-0.22765759444538225,-0.09622504486493767,0.0,-0.23517724187582092,-0.3237810263648817,-0.2476824920070451,-0.2938796959007981,0.0,-0.29597376215777643,-0.15371343041509344,-0.17959640829643997,-0.36880375309026625,-0.15901382303513992,-0.680641526636311,-0.23425286532268833,-0.16752422536831607,0.0,-0.6652632955827408,4.148105345479986,-0.28578972425022575,-0.35598084039789485,-0.1360145237956077,-0.17165843696845598,-0.43175661946494065,-0.6811623849134912,-0.43877705565158465,0.5573198227882904,-0.7641805610224003,-0.19197291732187582,0.5060463233561305,-0.335765895162113,-0.23089146910097072,-0.7129104193111351,-0.6260201723972171,1.0648173620959844,-0.1342622540128084,-0.40643972296242675,-0.1358532763751324,-0.4799819718069445,-0.14810207928107974,-0.5768042414376395,-0.13166153612265222,-0.1677050983124842,-0.13401887572789387,-1.1913439567087247,-0.09622504486493762,-0.13345099217921402,-0.2562763889856995,-0.1245330990169104,-0.09622504486493767,0.0,-0.09622504486493766,-0.2292421346744024,1.6871862853243578,-1.2575770278544365,-0.29599936395118165,-0.4824905740057288,-0.17939888720515706,0.0,-1.0768836153603276,1.3270747771478009,-0.4192977915165402
1-10,-0.09622504486493762,10.33669115641427,0.5359133609336627,-0.3309293939447612,-0.2142096639178658,0.2673390998784648,1.8511566054555557,-0.2790539680311024,-0.15576706203027013,-0.3796221136411703,-0.6325614378098636,0.8062200565800239,-0.10415413391024642,0.0,-0.4176438258962746,3.694721586429846,-0.2514313342302585,0.633290204774309,1.42366698553657,0.0,-0.34999125035692996,-0.3482578901032028,4.260198711588379,0.9614039684132063,-1.3812026980148804,-0.21157763222088652,0.018585827531075006,-0.3610028555700105,0.0,-0.13814310036932095,-0.16779192950349286,0.0,-0.4915597515411089,-0.6972056597085957,-0.6662814293104595,-0.2750125580051014,-0.4147614234201915,0.0,-0.22000734840294592,-0.24988718708375368,-0.3067102564336961,-0.3439574425320488,-0.2644644077124355,-0.14646482711186865,2.935363079707502,-0.3441778000742036,-0.13651498420458819,-0.4063324202574108,1.8729344623762922,-0.09622504486493767,-0.3631450608616812,0.32625822576215935,-0.4361184994455423,0.0,-0.4792530348900524,-0.9929663591859054,0.0,0.0,0.0,-0.30993723724455036,0.10425396154208307,-0.5376941452660844,0.0,0.0,-0.5423550294585298,-0.31805374841748824,-0.09622504486493764,-0.22765759444538225,-0.09622504486493767,0.0,-0.23517724187582092,-0.3237810263648817,-0.2476824920070451,-0.2938796959007981,0.0,-0.29597376215777643,-0.15371343041509344,-0.17959640829643997,-0.36880375309026625,-0.15901382303513992,-0.36892856922414313,-0.23425286532268833,-0.16752422536831607,0.0,0.10890431173240599,-0.5403821531067468,0.398868173368441,-0.35598084039789485,-0.1360145237956077,-0.17165843696845598,-0.9589323571815693,1.0730654748694917,0.5592453983646223,-1.1149425140808318,3.4050647512612686,5.955661870901561,-0.37032082733642196,-0.335765895162113,-0.14611195171489674,3.1512555190154607,-0.43825443734964126,-0.4028250676839442,-0.1342622540128084,-0.10640780089681372,-0.1358532763751324,5.044910319256122,-0.14810207928107974,-0.5768042414376395,-0.13166153612265222,-0.1677050983124842,-0.13401887572789387,0.838246238789416,-0.09622504486493762,-0.13345099217921402,1.152755942808231,-0.1245330990169104,-0.09622504486493767,0.0,10.392304845413268,5.963905850791098,-1.292981051002709,-0.09362136508584906,-0.29599936395118165,-0.15799277415585083,-0.17939888720515706,0.0,1.6459871441018716,-0.29577991181152585,0.6829019229566738
2-10,-0.09622504486493762,0.2866105870657032,2.822898349785949,-0.3309293939447612,-0.10540426521960757,0.35987362088143254,6.291325386970751,-0.21825100983247606,-0.15576706203027013,0.06840177818825581,-0.6055731946785953,-1.8313288312009708,-0.10415413391024642,0.0,3.127072058093328,6.748467948902315,2.3221154195960945,0.03480076225401937,2.960640261074854,0.0,-0.34999125035692996,-0.3482578901032028,2.950691447614626,0.8560306124468995,-1.1401745776770984,-0.21157763222088652,-0.0917819282926514,-0.17408413513236534,0.0,-0.13814310036932095,-0.16779192950349286,0.0,-0.4915597515411089,-0.2943675101817633,-0.6662814293104595,-0.2750125580051014,-0.4147614234201915,0.0,-0.22000734840294592,-0.24988718708375368,-0.3067102564336961,1.9585247654721762,-0.2644644077124355,0.13451106946218339,2.965936856648555,-0.3441778000742036,-0.13651498420458819,1.2677547133304936,3.2961797177622265,10.39230484541327,-0.3631450608616812,-0.23444095338756887,-0.4361184994455423,0.0,-0.4792530348900524,-0.9929663591859054,0.0,0.0,0.0,-0.30993723724455036,0.7897823193091077,-0.5376941452660844,0.0,0.0,-0.5423550294585298,0.987051560661956,-0.09622504486493764,-0.22765759444538225,10.392304845413268,0.0,-0.23517724187582092,-0.3237810263648817,-0.2476824920070451,-0.2938796959007981,0.0,-0.29597376215777643,-0.15371343041509344,2.653061043479576,-0.36880375309026625,-0.15901382303513992,0.34195637681655616,-0.23425286532268833,-0.16752422536831607,0.0,2.131825032762789,-0.5403821531067468,3.889370333607368,0.7503463437313844,6.52926863178495,-0.17165843696845598,-0.9807465256388092,0.8320984909396041,0.2823072304962508,-1.1149425140808318,3.067090909474331,-0.19197291732187582,-0.37032082733642196,-0.335765895162113,-0.23089146910097072,1.7083074787542634,-0.693047657012309,-0.4028250676839442,-0.1342622540128084,0.28742425097946206,-0.1358532763751324,3.7900186250969794,-0.14810207928107974,0.29028618973875886,-0.13166153612265222,6.5964005336243785,-0.13401887572789387,0.601137611982506,-0.09622504486493762,-0.13345099217921402,-0.6671434497146329,-0.1245330990169104,-0.09622504486493767,0.0,-0.09622504486493766,0.0298305107329444,-0.9615350597584005,-0.09825255820985489,-0.29599936395118165,-0.4824905740057288,-0.17939888720515706,0.0,2.5170785369146462,0.15268042830604656,-0.33593886040811605
3-10,-0.09622504486493762,0.8760194718710436,1.6036322563315677,-0.3309293939447612,0.0505127494098553,0.20378003494713376,2.66653305442471,-0.2077118304113808,-0.15576706203027013,-0.3796221136411703,-0.6325614378098636,-1.8758684619209482,-0.10415413391024642,0.0,0.7639281354335928,1.7109846112856693,2.7961898216167387,0.1858480977472353,2.658978543584658,0.0,-0.34999125035692996,-0.3482578901032028,6.07735636864447,0.7242589209566742,-1.0140608743084407,-0.21157763222088652,-0.09658052637194386,0.021596400325794442,0.0,-0.13814310036932095,-0.16779192950349286,0.0,-0.4915597515411089,-0.6972056597085957,-0.6662814293104595,-0.2750125580051014,-0.4147614234201915,0.0,-0.22000734840294592,-0.24988718708375368,-0.3067102564336961,-0.3439574425320488,-0.2644644077124355,0.3446164351362389,-0.30545727604409645,-0.3441778000742036,-0.13651498420458819,0.3576359145148473,3.4623172962119466,-0.09622504486493767,-0.3631450608616812,-0.18025991568604371,-0.4361184994455423,0.0,-0.4792530348900524,-0.9929663591859054,0.0,0.0,0.0,-0.30993723724455036,0.3385927369012191,-0.5376941452660844,0.0,0.0,-0.5423550294585298,1.6182963734207891,-0.09622504486493764,-0.22765759444538225,-0.09622504486493767,0.0,-0.23517724187582092,-0.3237810263648817,-0.2476824920070451,-0.2938796959007981,0.0,-0.29597376215777643,-0.15371343041509344,2.328297768753664,1.096362466281432,-0.15901382303513992,-0.04824545476414321,-0.23425286532268833,2.0618126003858173,0.0,0.6190837311125026,0.5527885071854967,5.7955331076347125,1.886846087427826,8.024285414345075,-0.17165843696845598,-1.0383982565615144,1.040072440394984,1.2646539391614178,-1.1149425140808318,3.2266145627977654,-0.19197291732187582,-0.37032082733642196,-0.335765895162113,-0.23089146910097072,1.1050410664416725,-0.2797854836570064,-0.4028250676839442,-0.1342622540128084,-0.27087926138674295,-0.1358532763751324,2.8972768829434963,-0.14810207928107974,0.5412860513950846,-0.13166153612265222,-0.1677050983124842,-0.13401887572789387,0.18358782892631262,-0.09622504486493762,-0.13345099217921402,-0.6671434497146329,-0.1245330990169104,-0.09622504486493767,0.0,-0.09622504486493766,0.6758724239639233,-1.0585777258394558,0.21472136802267106,-0.29599936395118165,-0.4824905740057288,-0.17939888720515706,0.0,1.0076206306922968,0.16197124013318345,0.5182151412947517
4-10,-0.09622504486493762,0.12654747138374178,-0.697129750525853,-0.3309293939447612,0.5362110755577503,3.546239096630082,1.034434650795033,-0.41079371079479277,-0.15576706203027013,-0.3796221136411703,-0.6325614378098636,-2.65233405909451,-0.10415413391024642,0.0,-0.4176438258962746,-0.30400872376098853,-0.2514313342302585,0.8498863839721281,0.2061002343996699,0.0,-0.34999125035692996,-0.3482578901032028,-0.31442358061949116,2.3387371243736403,-0.7153320827382805,8.331518627938133,-0.16488998138304817,1.9214499572740473,0.0,-0.13814310036932095,-0.16779192950349286,0.0,-0.4915597515411089,-0.40850498588103246,-0.6662814293104595,-0.2750125580051014,-0.284146026351691,0.0,-0.22000734840294592,-0.24988718708375368,-0.3067102564336961,-0.3439574425320488,-0.2644644077124355,0.11237273073310772,-0.30545727604409645,-0.3441778000742036,-0.13651498420458819,0.5436455960246143,0.6601301396933367,-0.09622504486493767,-0.3631450608616812,-0.2013855496522347,-0.4361184994455423,0.0,-0.4792530348900524,-0.9929663591859054,0.0,0.0,0.0,-0.30993723724455036,-0.6197479265077847,0.7443336890266788,0.0,0.0,-0.5423550294585298,-0.31805374841748824,-0.09622504486493764,1.6314738212730346,-0.09622504486493767,0.0,-0.23517724187582092,-0.11546462252007303,-0.2476824920070451,-0.2938796959007981,0.0,-0.29597376215777643,-0.15371343041509344,9.337771781587946,-0.36880375309026625,-0.15901382303513992,-0.2747419202219054,-0.23425286532268833,-0.16752422536831607,0.0,-0.6652632955827408,0.9819592108557847,-0.6150178979803335,-0.35598084039789485,-0.1360145237956077,3.1981653124362337,-0.3865701276606582,-0.5706946355568802,-0.43877705565158465,0.2658976592494917,-0.25451600760769755,-0.19197291732187582,-0.37032082733642196,-0.335765895162113,-0.23089146910097072,0.6159061375395719,0.40424997191820466,-0.4028250676839442,-0.1342622540128084,-0.40643972296242675,-0.1358532763751324,-0.4799819718069445,-0.14810207928107974,3.249042134717872,-0.13166153612265222,-0.1677050983124842,-0.13401887572789387,1.4451846734460974,-0.09622504486493762,-0.13345099217921402,-0.6671434497146329,-0.1245330990169104,-0.09622504486493767,0.0,-0.09622504486493766,-0.2292421346744024,0.8687672566631689,-0.17914055629618295,-0.29599936395118165,-0.4824905740057288,-0.17939888720515706,0.0,-0.6550245796378837,-0.257544647753693,-0.39348614279768807
1-11,-0.09622504486493762,1.9700979449442155,7.941060538693325,-0.3309293939447612,-0.21477051648847537,0.5056855933709571,0.41550203276564224,-0.20352318217991988,-0.15576706203027013,0.4797947857800559,-0.6325614378098636,-1.6015095157127144,-0.10415413391024642,0.0,4.433332517854991,0.6826503704940193,8.801132247211562,-0.4867400376565187,1.6366046684708258,0.0,-0.34999125035692996,1.3835959311742418,-0.31442358061949116,-0.9371863210799299,-0.6469190506020011,-0.21157763222088652,-0.04351367702447439,-0.737760901452139,0.113,-0.13814310036932095,-0.16779192950349286,0.0,-0.4915597515411089,-0.6972056597085957,1.9317583823504862,-0.2750125580051014,-0.4147614234201915,0.0,-0.22000734840294592,-0.24988718708375368,-0.3067102564336961,-0.3439574425320488,-0.2644644077124355,2.76688485570055,9.432290679681225,-0.3441778000742036,-0.13651498420458819,-0.4063324202574108,-0.12625439830200438,-0.09622504486493767,2.1656664465643933,-0.3099961619254755,-0.4361184994455423,0.151,3.757915970777206,-0.4177141312206039,0.0,0.0,0.241,-0.30993723724455036,0.8352510369161041,-0.5376941452660844,0.0,0.116,-0.5423550294585298,0.006890838741067273,-0.09622504486493764,-0.22765759444538225,-0.09622504486493767,0.133,-0.23517724187582092,-0.3237810263648817,-0.2476824920070451,1.9516851703801357,0.0,2.845468557831039,1.9428343150256813,-0.17959640829643997,-0.36880375309026625,-0.15901382303513992,1.445285693699913,2.9958327869596735,-0.16752422536831607,0.0,4.225933579753186,-0.5403821531067468,-0.438157434410786,2.2690318419452136,-0.1360145237956077,-0.17165843696845598,-1.028010557296162,1.1679204489837018,1.6722233182884552,-1.0238730879749571,1.4799657484428692,15.91309849971417,-0.37032082733642196,-0.335765895162113,0.5140159409417181,2.3767918815871347,1.5375027416025095,-0.4028250676839442,-0.1342622540128084,0.12552265705968793,-0.1358532763751324,0.49698068941762197,-0.14810207928107974,0.2446498512557905,-0.13166153612265222,7.993943019561747,-0.13401887572789387,6.382710858085584,-0.09622504486493762,-0.13345099217921402,0.7298045567637409,-0.1245330990169104,-0.09622504486493767,0.0,1.7825614619605976,2.425432630607208,-0.46478012160055004,0.10725663666790138,-0.29599936395118165,0.09638741065108865,-0.17939888720515706,0.0,0.7256237728269022,-0.22038140044514515,-0.04752542160861413
2-11,-0.09622504486493762,14.77326410402252,2.2029325395549075,-0.3309293939447612,-0.4149948841960949,0.4654938317232036,0.26211438394966274,-0.3345873365191811,-0.15576706203027013,-0.07530399843627712,-0.6325614378098636,-1.6935667175787146,-0.10415413391024642,0.0,5.211151246167616,1.1525376476946616,-0.2514313342302585,-0.28724355681642216,2.2249132668340588,1.046,-0.34999125035692996,-0.3482578901032028,-0.31442358061949116,-0.2384003811488775,-1.3460831966424307,-0.21157763222088652,-0.16488998138304817,-0.737760901452139,0.138,-0.13814310036932095,-0.16779192950349286,0.0,-0.4915597515411089,-0.6972056597085957,0.9166302440193883,-0.2750125580051014,-0.4147614234201915,0.0,-0.22000734840294592,-0.24988718708375368,-0.3067102564336961,1.871638644415413,-0.2644644077124355,2.4228355789738494,3.8678632764096137,-0.3441778000742036,-0.13651498420458819,-0.4063324202574108,-0.7354255192843109,-0.09622504486493767,0.5475523308801848,-0.3167066574206185,-0.4361184994455423,0.324,-0.4792530348900524,0.9457083571387146,0.0,0.0,0.0,4.4209750466734405,4.098505923633624,-0.5376941452660844,0.0,0.0,-0.5423550294585298,0.8299062275279006,-0.09622504486493764,-0.22765759444538225,-0.09622504486493767,0.0,-0.23517724187582092,-0.3237810263648817,4.549915374171421,-0.2938796959007981,0.0,0.9434234031503109,-0.15371343041509344,-0.17959640829643997,-0.36880375309026625,-0.15901382303513992,3.2460447210522205,4.023105928833081,-0.16752422536831607,0.0,3.8255020587281106,-0.5403821531067468,0.8568257022248537,1.2833948960845827,7.899700682465064,-0.17165843696845598,-0.9942505346837671,0.18902889935165268,0.977265274392353,-1.1149425140808318,1.339368630259503,33.46127667454914,-0.37032082733642196,-0.335765895162113,-0.03663937101249053,2.2055946564713995,2.1891341814366494,-0.4028250676839442,-0.1342622540128084,-0.021602204081694016,-0.1358532763751324,1.0444166633796634,-0.14810207928107974,-0.5768042414376395,-0.13166153612265222,-0.1677050983124842,-0.13401887572789387,6.75999691206136,-0.09622504486493762,-0.13345099217921402,-0.6671434497146329,-0.1245330990169104,-0.09622504486493767,0.0,-0.09622504486493766,11.720893559811316,-0.6955605205634441,0.11488757988359287,-0.29599936395118165,-0.4824905740057288,2.01453486694017,0.0,0.8602178775150375,-0.15838309844482737,-0.32129815474135726
3-11,-0.09622504486493762,5.054608338909543,1.7276254183777757,-0.3309293939447612,-0.3482534282935551,1.5310428614543452,0.6792211482738176,-0.40133547285278426,-0.15576706203027013,0.07685505916616951,-0.5343032710698091,-0.631607266516925,-0.10415413391024642,0.0,5.7692807153385095,2.2673478175498447,-0.2514313342302585,-0.4867400376565187,0.7288895457062087,0.0,1.2523280389359581,-0.3482578901032028,0.9489336476195046,-0.24620988874137012,-1.1497913562158282,-0.21157763222088652,-0.16488998138304817,-0.737760901452139,0.0,-0.13814310036932095,-0.16779192950349286,0.0,1.1824866335952555,-0.6972056597085957,0.3058328048540666,-0.2750125580051014,-0.4147614234201915,0.0,-0.22000734840294592,-0.15095276350617842,-0.3067102564336961,1.7123474224780135,-0.2644644077124355,2.713279444312537,5.228396350286464,-0.3441778000742036,-0.13651498420458819,-0.4063324202574108,0.039883180147715636,-0.09622504486493767,3.417875360209459,-0.6663980337786272,-0.4361184994455423,0.106,-0.4792530348900524,1.9692090744276272,0.0,0.0,0.0,-0.30993723724455036,4.077520361661164,-0.5376941452660844,0.0,0.0,0.169846409481124,-0.31805374841748824,-0.09622504486493764,-0.22765759444538225,-0.09622504486493767,0.0,-0.23517724187582092,-0.3237810263648817,11.746312173439122,2.124420929324822,0.0,-0.29597376215777643,1.8899801701826369,-0.17959640829643997,-0.36880375309026625,-0.15901382303513992,2.0664690692622907,2.2968634326952935,-0.16752422536831607,0.0,2.5619181479378708,-0.5403821531067468,-0.2462025995543045,-0.35598084039789485,-0.1360145237956077,-0.17165843696845598,-0.9968474595001052,1.023281342492779,1.4527628833738964,-1.1149425140808318,0.5728439570867272,52.48142374233902,-0.37032082733642196,-0.335765895162113,0.7189683664672757,0.28981618493817135,1.037681896062154,-0.4028250676839442,-0.1342622540128084,0.07990752543943418,-0.1358532763751324,-0.4799819718069445,-0.14810207928107974,-0.5768042414376395,-0.13166153612265222,-0.1677050983124842,-0.13401887572789387,1.6479945680733912,-0.09622504486493762,-0.13345099217921402,-0.6671434497146329,-0.1245330990169104,-0.09622504486493767,0.0,-0.09622504486493766,5.106342600487031,-0.674133499892747,-0.42064675227416576,0.32311068057025133,1.7531198963167973,2.0179442434034884,0.0,-0.1664366171091962,-0.4271019635989425,1.6819396709109347
4-11,-0.09622504486493762,7.796395355767611,2.816009840783382,-0.3309293939447612,0.003961986049260294,0.9889214252753433,1.267207135401739,-0.31567086063516403,-0.15576706203027013,-0.3796221136411703,-0.542425946186987,-1.5779449436457498,-0.10415413391024642,0.0,6.1849090434444935,1.7307803058905746,-0.2514313342302585,-0.13334627159691914,1.550610604208915,0.0,-0.34999125035692996,0.35198625424002383,3.660248247036527,0.5084525280486427,-0.8114998681255775,-0.21157763222088652,-0.16488998138304817,-0.5771276260760377,0.0,-0.13814310036932095,-0.16779192950349286,0.0,-0.4915597515411089,-0.6972056597085957,-0.6662814293104595,-0.2750125580051014,-0.4147614234201915,0.0,-0.22000734840294592,-0.24988718708375368,-0.3067102564336961,4.0437916708344925,-0.2644644077124355,1.5520609222968818,2.216879321592761,-0.3441778000742036,-0.13651498420458819,-0.4063324202574108,2.714698193188207,-0.09622504486493767,-0.3631450608616812,-0.6815587828602466,-0.4361184994455423,0.0,-0.4792530348900524,-0.9929663591859054,0.0,0.0,0.0,-0.30993723724455036,1.8250700432837976,-0.5376941452660844,0.0,0.0,-0.5423550294585298,-0.31805374841748824,-0.09622504486493764,-0.22765759444538225,-0.09622504486493767,0.0,-0.23517724187582092,-0.3237810263648817,-0.2476824920070451,-0.2938796959007981,0.0,-0.29597376215777643,-0.15371343041509344,-0.17959640829643997,-0.36880375309026625,-0.15901382303513992,1.5932932849891435,-0.23425286532268833,-0.16752422536831607,0.0,4.481023289443235,-0.5403821531067468,0.5893990109337023,-0.35598084039789485,-0.1360145237956077,-0.17165843696845598,-0.9464671180631467,0.5325099546844752,1.489339622526323,-0.9914296049247393,1.1217134761487146,-0.19197291732187582,-0.37032082733642196,-0.335765895162113,-0.23089146910097072,3.3306049929462302,2.911788121525191,-0.4028250676839442,-0.1342622540128084,0.2707201182734536,-0.1358532763751324,1.06126084719388,-0.14810207928107974,0.41958914877383585,-0.13166153612265222,-0.1677050983124842,-0.13401887572789387,-0.06097704400660079,-0.09622504486493762,-0.13345099217921402,0.258515869457023,-0.1245330990169104,-0.09622504486493767,0.0,-0.09622504486493766,1.5580311785788132,0.6407816864834094,-0.3133925296977593,-0.29599936395118165,-0.4824905740057288,2.164547431326176,0.0,0.041600625286739606,-0.6929621174216308,-0.40905776038545455
1-11b,-0.09622504486493762,26.250731046158464,3.8699517181761527,-0.3309293939447612,-0.34769257572294554,0.3897837690844118,0.2513503384187169,-0.2514899603143918,-0.15576706203027013,-0.3796221136411703,-0.6325614378098636,-1.4618052670299944,-0.10415413391024642,0.0,6.1433462106338945,0.8931098605040632,-0.2514313342302585,-0.23879441146954158,0.7070497833539773,0.0,-0.34999125035692996,-0.3482578901032028,-0.31442358061949116,-1.219648511185855,-1.303659812835503,-0.21157763222088652,0.2850491561694324,-0.737760901452139,0.538,-0.13814310036932095,-0.16779192950349286,0.163,4.614808152805662,-0.6972056597085957,6.000873716508193,0.40950321207813656,-0.4147614234201915,0.103,-0.22000734840294592,-0.24988718708375368,-0.3067102564336961,3.6383231059029315,-0.2644644077124355,2.1212529268532365,13.192865243430722,-0.3441778000742036,-0.13651498420458819,-0.4063324202574108,0.8318056374247138,-0.09622504486493767,0.8646701726474417,-0.6885178152255801,-0.4361184994455423,0.392,2.00829843192022,-0.9929663591859054,0.0,0.12,0.14,6.500671386248127,2.0838919742774706,-0.5376941452660844,0.0,0.0,-0.5423550294585298,-0.31805374841748824,-0.09622504486493764,-0.22765759444538225,-0.09622504486493767,0.277,-0.23517724187582092,-0.3237810263648817,5.20413326501394,2.1819995156397183,0.0,-0.29597376215777643,-0.15371343041509344,-0.17959640829643997,1.3808607613050625,-0.15901382303513992,1.5798380494173954,6.5330413373279,-0.16752422536831607,0.0,0.8148502525025396,-0.5403821531067468,-0.5791331662415846,-0.35598084039789485,-0.1360145237956077,-0.17165843696845598,-1.0539798054595428,1.189719418190073,2.226099654025198,-0.9902912370984158,0.6904588540285816,284.73502534249866,-0.37032082733642196,-0.335765895162113,-0.0670941491026336,5.980085857832611,1.2254476311097295,-0.4028250676839442,-0.1342622540128084,0.2090433205897301,-0.1358532763751324,0.5138248732318386,-0.14810207928107974,-0.5768042414376395,-0.13166153612265222,5.590169943749474,2.8751315362148913,2.7902914745771206,-0.09622504486493762,-0.13345099217921402,2.1146682379265576,-0.1245330990169104,-0.09622504486493767,0.0,-0.09622504486493766,4.284852756505508,-0.5196933315802832,0.22545731571923067,-0.29599936395118165,1.5297219135055748,-0.17939888720515706,0.0,0.315540430070266,-0.13354804375305745,-0.06512811975130675
1-12,-0.09622504486493762,-0.11072255892128344,-0.697129750525853,-0.3309293939447612,-0.5193134623294766,-0.9131770620078786,-0.37430980806751535,-0.44443801433136604,9.899031822097587,1.5364549080192689,0.41735982652986575,2.3341624464825093,-0.10415413391024642,0.0,-0.4176438258962746,-0.30400872376098853,-0.2514313342302585,-0.4867400376565187,-0.6866000517477883,0.0,-0.34999125035692996,-0.3482578901032028,-0.31442358061949116,-1.0054920142480683,0.29229936478494717,-0.21157763222088652,-0.16488998138304817,0.31073629600277675,0.0,-0.13814310036932095,-0.16779192950349286,0.0,5.5834387655889675,-0.21603786999599037,-0.6662814293104595,-0.2750125580051014,1.2148211495296721,0.0,-0.22000734840294592,-0.24988718708375368,1.3402215045483266,-0.3439574425320488,-0.2644644077124355,-0.8949912988572116,-0.30545727604409645,-0.3441778000742036,-0.13651498420458819,-0.4063324202574108,-0.7354255192843109,-0.09622504486493767,-0.3631450608616812,-0.47353342251081293,0.9393754154253788,0.0,-0.4792530348900524,-0.16744205801492082,0.0,0.0,0.0,-0.30993723724455036,0.6953472904330379,-0.16414160992555354,0.0,0.0,-0.5423550294585298,-0.31805374841748824,-0.09622504486493764,4.908586825251262,-0.09622504486493767,0.0,-0.23517724187582092,-0.3237810263648817,-0.2476824920070451,-0.2938796959007981,0.0,-0.29597376215777643,-0.15371343041509344,-0.17959640829643997,-0.36880375309026625,-0.15901382303513992,-0.680641526636311,-0.23425286532268833,-0.16752422536831607,0.0,-0.6652632955827408,-0.5403821531067468,0.006984118824645056,-0.35598084039789485,-0.1360145237956077,-0.17165843696845598,-0.7381937477928331,-0.6811623849134912,-0.43877705565158465,3.5939159995060455,-0.7641805610224003,-0.19197291732187582,-0.37032082733642196,-0.335765895162113,-0.23089146910097072,-0.7129104193111351,-0.7911474854887021,-0.4028250676839442,-0.1342622540128084,-0.22719152969410547,-0.1358532763751324,-0.4799819718069445,-0.14810207928107974,-0.5768042414376395,-0.13166153612265222,-0.1677050983124842,-0.13401887572789387,-0.9273928438482023,-0.09622504486493762,-0.13345099217921402,-0.6671434497146329,-0.1245330990169104,-0.09622504486493767,0.0,-0.09622504486493766,-0.2292421346744024,-1.697196102785665,2.585839620319037,-0.29599936395118165,-0.4824905740057288,-0.17939888720515706,0.0,-1.1999086181873186,-0.12925997675591733,-0.26772840510518214
2-12,-0.09622504486493762,-0.11072255892128344,-0.697129750525853,-0.3309293939447612,-0.5193134623294766,-0.9131770620078786,-0.37430980806751535,-0.44443801433136604,1.4648798467194521,3.8413828546637374,1.1342514110653035,0.7962504299363083,-0.10415413391024642,0.0,-0.4176438258962746,-0.30400872376098853,-0.2514313342302585,-0.4867400376565187,-0.6866000517477883,0.0,-0.34999125035692996,-0.3482578901032028,-0.31442358061949116,-1.0566387893256597,0.923963463993407,-0.21157763222088652,-0.16488998138304817,0.756128559545603,0.0,-0.13814310036932095,-0.16779192950349286,0.0,2.245874588933449,0.8134374010170258,-0.6662814293104595,-0.2750125580051014,0.8094987665631348,0.0,-0.22000734840294592,-0.24988718708375368,-0.3067102564336961,-0.3439574425320488,-0.2644644077124355,-0.8760553613279396,-0.30545727604409645,-0.3441778000742036,-0.13651498420458819,-0.4063324202574108,-0.7354255192843109,-0.09622504486493767,-0.3631450608616812,-0.4812380654867179,2.088813227295229,0.0,0.5086262557570893,-0.5783365065615648,0.0,0.0,0.0,2.5476607865985312,4.119491485606083,-0.23952216638440513,0.0,0.0,-0.5423550294585298,-0.31805374841748824,-0.09622504486493764,2.954923303648857,-0.09622504486493767,0.0,-0.23517724187582092,-0.3237810263648817,-0.2476824920070451,-0.2938796959007981,0.0,-0.29597376215777643,-0.15371343041509344,-0.17959640829643997,-0.36880375309026625,-0.15901382303513992,-0.680641526636311,-0.23425286532268833,-0.16752422536831607,0.0,-0.6652632955827408,-0.5403821531067468,0.07248799422077373,-0.35598084039789485,-0.1360145237956077,-0.17165843696845598,-0.17362229272093618,-0.6811623849134912,-0.43877705565158465,1.6029106712663628,-0.7641805610224003,-0.19197291732187582,-0.37032082733642196,-0.335765895162113,-0.23089146910097072,-0.7129104193111351,-0.7911474854887021,0.2154337511603564,-0.1342622540128084,-0.2914381939479841,-0.1358532763751324,-0.4799819718069445,-0.14810207928107974,-0.5768042414376395,-0.13166153612265222,-0.1677050983124842,-0.13401887572789387,-0.8438828872369637,-0.09622504486493762,-0.13345099217921402,-0.6671434497146329,-0.1245330990169104,-0.09622504486493767,0.0,-0.09622504486493766,-0.2292421346744024,-1.7962572563212065,2.82303038634056,2.5474390364024098,-0.4824905740057288,-0.17939888720515706,0.0,-1.2047635091469058,-0.5119699562506743,-0.37165202683223275
3-12,-0.09622504486493762,-0.11072255892128344,-0.697129750525853,-0.3309293939447612,-0.5193134623294766,-0.9131770620078786,-0.37430980806751535,-0.44443801433136604,-0.15576706203027013,0.5023368683878258,-0.3286161753606283,0.23406706776728933,-0.10415413391024642,0.0,-0.4176438258962746,-0.30400872376098853,-0.2514313342302585,-0.4867400376565187,-0.6866000517477883,0.0,-0.34999125035692996,-0.3482578901032028,-0.31442358061949116,-1.2364774500823528,2.3411601190300018,-0.21157763222088652,-0.16488998138304817,-0.20329018520074743,0.0,-0.13814310036932095,-0.16779192950349286,0.0,2.9934047357553477,0.17113435149368741,-0.6662814293104595,-0.2750125580051014,-0.09496102662945809,0.0,-0.22000734840294592,-0.24988718708375368,-0.3067102564336961,-0.3439574425320488,-0.2644644077124355,-0.9157372892385465,-0.30545727604409645,-0.3441778000742036,-0.13651498420458819,-0.4063324202574108,-0.7354255192843109,-0.09622504486493767,-0.3631450608616812,-0.37188184260290563,0.061971219031392875,0.0,-0.4792530348900524,-0.46627438423066186,0.0,0.0,0.0,-0.30993723724455036,0.05878524393508659,-0.1875933386016407,0.0,0.0,-0.5423550294585298,-0.31805374841748824,-0.09622504486493764,-0.22765759444538225,-0.09622504486493767,0.0,-0.23517724187582092,-0.3237810263648817,-0.2476824920070451,-0.2938796959007981,0.0,-0.29597376215777643,-0.15371343041509344,-0.17959640829643997,-0.36880375309026625,-0.15901382303513992,-0.45414506117854875,-0.23425286532268833,-0.16752422536831607,0.0,-0.6652632955827408,-0.5403821531067468,-0.18838830953076488,-0.35598084039789485,-0.1360145237956077,-0.17165843696845598,-0.6202933611310847,-0.6811623849134912,-0.43877705565158465,0.07294431268766995,-0.7641805610224003,-0.19197291732187582,-0.37032082733642196,-0.335765895162113,-0.23089146910097072,-0.7129104193111351,-0.7911474854887021,-0.4028250676839442,-0.1342622540128084,-0.3415505920660094,-0.1358532763751324,-0.4799819718069445,-0.14810207928107974,-0.5768042414376395,-0.13166153612265222,-0.1677050983124842,-0.13401887572789387,-0.9989728066578355,-0.09622504486493762,-0.13345099217921402,-0.6671434497146329,-0.1245330990169104,-0.09622504486493767,0.0,-0.09622504486493766,-0.2292421346744024,-1.2236796483986916,1.5346114083643176,0.9454120139809701,-0.4824905740057288,-0.17939888720515706,0.0,-1.1997020270826553,-0.2191307142376459,0.668261217289915
4-12,-0.09622504486493762,-0.11072255892128344,-0.697129750525853,-0.3309293939447612,-0.4570588269918134,-0.9131770620078786,-0.37430980806751535,-0.44443801433136604,1.9570134629890013,2.4437737329820055,0.7983394917033038,-0.33588483464358554,-0.10415413391024642,0.0,-0.4176438258962746,-0.30400872376098853,-0.2514313342302585,-0.4867400376565187,-0.6866000517477883,0.0,-0.34999125035692996,-0.3482578901032028,-0.31442358061949116,-1.2317477483009842,2.1649539552982144,-0.21157763222088652,-0.16488998138304817,0.39105293369082744,0.0,-0.13814310036932095,-0.16779192950349286,0.0,1.8879024059483147,0.18903826925043554,-0.6662814293104595,-0.2750125580051014,0.07245474024802476,0.0,-0.22000734840294592,-0.24988718708375368,-0.3067102564336961,-0.3439574425320488,-0.2644644077124355,-0.9157372892385465,-0.30545727604409645,-0.3441778000742036,-0.13651498420458819,-0.4063324202574108,-0.7354255192843109,-0.09622504486493767,-0.3631450608616812,-0.4268084909150022,0.2861115923460137,0.0,0.16346361203700363,-0.5297762535515068,0.0,0.0,0.0,-0.30993723724455036,0.03430208830054998,-0.01617236946928948,0.0,0.0,-0.5423550294585298,0.337162386344845,-0.09622504486493764,-0.22765759444538225,-0.09622504486493767,0.0,-0.23517724187582092,-0.3237810263648817,-0.2476824920070451,-0.2938796959007981,0.0,-0.29597376215777643,-0.15371343041509344,-0.17959640829643997,-0.36880375309026625,-0.15901382303513992,-0.680641526636311,-0.23425286532268833,-0.16752422536831607,0.0,-0.6652632955827408,-0.5403821531067468,-0.05652616036377532,-0.35598084039789485,-0.1360145237956077,-0.17165843696845598,-0.7278060485274809,-0.6811623849134912,-0.43877705565158465,-0.0186942973313665,-0.7641805610224003,-0.19197291732187582,-0.37032082733642196,-0.335765895162113,-0.23089146910097072,-0.7129104193111351,-0.7911474854887021,-0.4028250676839442,-0.1342622540128084,0.07798012551181781,-0.1358532763751324,-0.4799819718069445,-0.14810207928107974,-0.5768042414376395,-0.13166153612265222,-0.1677050983124842,-0.13401887572789387,-1.025815292711448,-0.09622504486493762,-0.13345099217921402,-0.6671434497146329,-0.1245330990169104,-0.09622504486493767,0.0,-0.09622504486493766,-0.2292421346744024,-1.0888032815681685,1.7316476249129265,-0.29599936395118165,-0.4824905740057288,-0.17939888720515706,0.0,-1.1852406497562247,1.0022537021144355,-0.4264065734587814
1-13,-0.09622504486493762,-0.11072255892128344,-0.697129750525853,-0.3309293939447612,-0.4593022372742517,-0.7963405455899902,-0.37430980806751535,0.6006972782605778,-0.15576706203027013,-0.3796221136411703,-0.3194454131315565,-0.09493061147533495,-0.10415413391024642,0.0,-0.4176438258962746,-0.30400872376098853,-0.2514313342302585,0.6560898025846058,-0.2730095522024063,0.0,-0.34999125035692996,-0.3482578901032028,-0.31442358061949116,-0.6546141379093218,0.479826546290176,-0.21157763222088652,-0.16488998138304817,0.4334017062899815,0.0,-0.13814310036932095,-0.16779192950349286,0.0,0.9087431995477997,1.889910456141505,1.8457305740173424,1.653153150793722,0.046020671793685346,0.0,-0.22000734840294592,-0.24988718708375368,-0.3067102564336961,-0.3439574425320488,-0.2644644077124355,-0.7144037181552567,-0.30545727604409645,-0.3441778000742036,-0.13651498420458819,-0.4063324202574108,-0.7354255192843109,-0.09622504486493767,-0.3631450608616812,-0.37411867443461994,0.38764526572785046,0.0,-0.4792530348900524,-0.43265574753139097,0.0,0.0,0.0,-0.30993723724455036,-0.6197479265077847,0.74656718699583,0.0,0.0,-0.5423550294585298,3.9754763704316227,-0.09622504486493764,-0.22765759444538225,-0.09622504486493767,0.0,-0.23517724187582092,-0.3237810263648817,-0.2476824920070451,-0.2938796959007981,0.0,-0.29597376215777643,-0.15371343041509344,-0.17959640829643997,-0.36880375309026625,-0.15901382303513992,-0.680641526636311,-0.23425286532268833,-0.16752422536831607,0.0,-0.6652632955827408,-0.5403821531067468,-0.535843648588491,-0.35598084039789485,-0.1360145237956077,-0.17165843696845598,1.9210572641373531,-0.6811623849134912,-0.43877705565158465,0.3148474757813992,-0.7641805610224003,-0.19197291732187582,-0.37032082733642196,-0.335765895162113,-0.23089146910097072,0.648515132799712,1.2503055061987702,-0.4028250676839442,-0.1342622540128084,0.23795431950397541,-0.1358532763751324,0.42960395416075525,-0.14810207928107974,3.195799739821076,-0.13166153612265222,-0.1677050983124842,-0.13401887572789387,0.9664936721566755,-0.09622504486493762,-0.13345099217921402,0.9086525714339824,-0.1245330990169104,-0.09622504486493767,0.0,-0.09622504486493766,-0.2292421346744024,0.020277940538997223,0.16177841026415124,-0.29599936395118165,0.3181547512520103,-0.17939888720515706,0.0,0.18662758076037117,-0.5627120823834992,-0.19477876184075418
2-13,-0.09622504486493762,-0.11072255892128344,-0.697129750525853,-0.3309293939447612,-0.3987301596484172,-0.4420922278109529,-0.37430980806751535,0.6173167535015358,-0.15576706203027013,-0.3796221136411703,-0.14493890900121967,0.2745929526956413,-0.10415413391024642,0.0,-0.4176438258962746,-0.30400872376098853,-0.2514313342302585,1.032283166454502,-0.3467187501411872,0.0,1.094074281968759,-0.3482578901032028,-0.31442358061949116,-1.0516891014149252,0.4759920080120748,-0.21157763222088652,-0.16488998138304817,0.5327022765224804,0.0,-0.13814310036932095,-0.16779192950349286,0.0,-0.4915597515411089,2.4896917009925668,1.2349331348520207,2.405442759499063,0.11754815114072129,0.0,-0.22000734840294592,-0.24988718708375368,-0.3067102564336961,-0.3439574425320488,0.5519538635089255,-0.6323944004733356,-0.30545727604409645,-0.3441778000742036,-0.13651498420458819,-0.4063324202574108,-0.7354255192843109,-0.09622504486493767,-0.3631450608616812,-0.36865086329042934,0.21714532363382272,0.0,-0.4792530348900524,-0.5335116576292036,0.0,0.0,0.0,-0.30993723724455036,-0.6197479265077847,1.1820992909803054,0.0,0.0,0.5796606452955616,4.047390336442122,-0.09622504486493764,-0.22765759444538225,-0.09622504486493767,0.0,-0.23517724187582092,-0.3237810263648817,-0.2476824920070451,-0.2938796959007981,0.0,-0.29597376215777643,-0.15371343041509344,-0.17959640829643997,1.4235355055586072,-0.15901382303513992,-0.680641526636311,-0.23425286532268833,-0.16752422536831607,0.0,-0.6652632955827408,-0.5403821531067468,-0.3689511660574848,-0.35598084039789485,-0.1360145237956077,-0.17165843696845598,0.6511610289480355,-0.6811623849134912,-0.43877705565158465,-0.13480781561635657,-0.7641805610224003,-0.19197291732187582,-0.37032082733642196,-0.335765895162113,-0.23089146910097072,1.1131933152567077,1.4469490537781466,0.35410862641515284,-0.1342622540128084,0.09082945836259354,-0.1358532763751324,0.8422864576090634,-0.14810207928107974,-0.5768042414376395,-0.13166153612265222,-0.1677050983124842,-0.13401887572789387,0.3938539696796099,-0.09622504486493762,-0.13345099217921402,1.5805410589789441,-0.1245330990169104,-0.09622504486493767,0.0,-0.09622504486493766,-0.2292421346744024,-0.2476115739332923,0.37118201754163954,-0.29599936395118165,-0.4824905740057288,-0.17939888720515706,0.0,0.5065339063314802,-0.4419315286307188,-0.39475556814451684
3-13,-0.09622504486493762,-0.11072255892128344,-0.697129750525853,-0.3309293939447612,-0.5193134623294766,-0.8131650039541662,-0.37430980806751535,3.391553059577527,-0.15576706203027013,-0.3796221136411703,-0.10877990364087955,-0.8253028698805481,-0.10415413391024642,0.0,-0.4176438258962746,-0.30400872376098853,-0.2514313342302585,0.0946497065060483,0.32075898674888464,0.0,-0.34999125035692996,-0.3482578901032028,-0.31442358061949116,-0.9691943029026806,-0.04081853991421487,-0.21157763222088652,-0.12396076247143607,-0.4778270558435388,0.0,-0.13814310036932095,-0.16779192950349286,0.0,-0.4915597515411089,0.8044854421386517,0.2886272431874378,0.4671109749069239,-0.23801598532353008,0.0,1.746391848131722,-0.24988718708375368,-0.3067102564336961,-0.3439574425320488,-0.2644644077124355,-0.7780340376470019,-0.30545727604409645,-0.3441778000742036,-0.13651498420458819,-0.4063324202574108,-0.7354255192843109,-0.09622504486493767,-0.3631450608616812,-0.6427870311105314,0.060055489344943126,0.0,-0.4792530348900524,0.29574804761947765,0.0,0.0,0.0,-0.30993723724455036,-0.6197479265077847,-0.22947142552322486,0.0,0.0,0.1380161775732066,4.343036641151956,-0.09622504486493764,-0.22765759444538225,-0.09622504486493767,0.0,-0.23517724187582092,-0.3237810263648817,-0.2476824920070451,-0.2938796959007981,0.0,-0.29597376215777643,-0.15371343041509344,-0.17959640829643997,1.6226843120751488,-0.15901382303513992,-0.680641526636311,-0.23425286532268833,-0.16752422536831607,0.0,-0.6652632955827408,-0.5403821531067468,0.14283346040705103,-0.35598084039789485,-0.1360145237956077,-0.17165843696845598,0.24136629292988765,-0.6319674138666804,-0.43877705565158465,-0.4842867382976502,-0.7641805610224003,-0.19197291732187582,-0.37032082733642196,-0.335765895162113,-0.23089146910097072,0.3468819266434165,2.6596582456220643,-0.4028250676839442,-0.1342622540128084,0.179489855032946,-0.1358532763751324,-0.4799819718069445,-0.14810207928107974,0.6097405591195372,-0.13166153612265222,-0.1677050983124842,-0.13401887572789387,0.8978962077974436,-0.09622504486493762,-0.13345099217921402,1.5273700275904938,-0.1245330990169104,-0.09622504486493767,0.0,-0.09622504486493766,-0.2292421346744024,-0.8857641460823125,-0.4857465919832016,-0.29599936395118165,5.958546156682805,-0.17939888720515706,0.0,0.2491213899210173,-0.3116814935925872,1.8433259466711018
4-13,-0.09622504486493762,-0.11072255892128344,-0.697129750525853,-0.3309293939447612,-0.5193134623294766,-0.7888630085392454,-0.37430980806751535,3.8373063020159006,-0.15576706203027013,-0.3796221136411703,-0.2547260339721073,-0.7092926689354903,-0.10415413391024642,0.0,-0.4176438258962746,-0.30400872376098853,-0.2514313342302585,0.22289744418896754,0.46271744203838866,0.0,-0.34999125035692996,-0.3482578901032028,-0.31442358061949116,-0.7465683399843036,-0.588427125439221,-0.21157763222088652,-0.02601290755881956,-0.4661446358161859,0.0,-0.13814310036932095,-0.16779192950349286,0.0,-0.4915597515411089,1.3214610673647533,0.9338358056860171,1.1007963660235847,-0.2872559167580839,0.0,-0.22000734840294592,-0.24988718708375368,-0.3067102564336961,-0.3439574425320488,-0.2644644077124355,-0.8085264664625207,-0.30545727604409645,-0.3441778000742036,-0.13651498420458819,-0.4063324202574108,-0.7354255192843109,-0.09622504486493767,-0.3631450608616812,-0.6594390014132937,0.22672397206607137,0.0,-0.4792530348900524,0.011857337714523858,0.0,0.0,0.0,-0.30993723724455036,-0.6197479265077847,-0.43383648970055566,0.0,0.0,-0.052965213874298395,6.231444118983234,-0.09622504486493764,-0.22765759444538225,-0.09622504486493767,0.0,-0.23517724187582092,-0.3237810263648817,-0.2476824920070451,-0.2938796959007981,0.0,-0.29597376215777643,-0.15371343041509344,-0.17959640829643997,1.181711954788521,-0.15901382303513992,-0.680641526636311,-0.23425286532268833,-0.16752422536831607,0.0,-0.6652632955827408,-0.5403821531067468,-0.03630539882844897,-0.35598084039789485,-0.1360145237956077,-0.17165843696845598,1.6276047598911507,-0.5810049588301639,-0.43877705565158465,-0.12285495343996046,-0.7641805610224003,-0.19197291732187582,-0.37032082733642196,-0.335765895162113,-0.23089146910097072,0.5017746541290816,2.188246400183469,-0.4028250676839442,-0.1342622540128084,0.5296341752165843,-0.1358532763751324,-0.4799819718069445,-0.14810207928107974,2.90676959609561,-0.13166153612265222,-0.1677050983124842,-0.13401887572789387,0.823333746537409,-0.09622504486493762,-0.13345099217921402,1.7497216133967401,-0.1245330990169104,-0.09622504486493767,0.0,-0.09622504486493766,-0.2292421346744024,-0.05559648531424401,0.7519397704073415,-0.29599936395118165,1.2084853980762986,-0.17939888720515706,0.0,-0.47374088529584424,-0.8110626293011987,-0.44197819104654795
1-14,-0.09622504486493762,-0.11072255892128344,-0.697129750525853,-0.3309293939447612,-0.5193134623294766,-0.9131770620078786,-0.37430980806751535,-0.44443801433136604,-0.15576706203027013,-0.3796221136411703,-0.4944759608178403,1.098705596685923,-0.10415413391024642,0.0,-0.4176438258962746,-0.30400872376098853,-0.2514313342302585,-0.32714285298444146,-0.6866000517477883,0.0,-0.34999125035692996,-0.3482578901032028,-0.31442358061949116,-1.2227283169969787,1.370839337609568,-0.21157763222088652,-0.16488998138304817,0.2990538759754239,0.0,-0.13814310036932095,-0.16779192950349286,0.0,-0.4915597515411089,-0.6972056597085957,-0.6662814293104595,-0.2750125580051014,-0.2302412593075479,0.0,-0.22000734840294592,-0.24988718708375368,-0.3067102564336961,-0.3439574425320488,-0.2644644077124355,-0.9157372892385465,-0.30545727604409645,-0.3441778000742036,-0.13651498420458819,-0.4063324202574108,-0.7354255192843109,-0.09622504486493767,-0.3631450608616812,-0.15565476553718605,-0.4361184994455423,0.0,-0.4792530348900524,-0.9929663591859054,0.0,0.0,0.0,-0.30993723724455036,-0.6197479265077847,-0.18591821512477733,0.0,0.0,-0.5423550294585298,-0.31805374841748824,-0.09622504486493764,-0.22765759444538225,-0.09622504486493767,0.0,-0.23517724187582092,0.11618321855535423,-0.2476824920070451,-0.2938796959007981,0.0,-0.29597376215777643,-0.15371343041509344,-0.17959640829643997,-0.36880375309026625,-0.15901382303513992,-0.680641526636311,-0.23425286532268833,-0.16752422536831607,0.0,-0.6652632955827408,-0.5403821531067468,-0.6899201554985154,-0.35598084039789485,-0.1360145237956077,-0.17165843696845598,-0.601076117490183,-0.6811623849134912,-0.43877705565158465,3.1550752024583626,-0.7641805610224003,-0.19197291732187582,4.530324279336331,-0.335765895162113,-0.23089146910097072,-0.7129104193111351,-0.7303344696458702,2.347559958202851,-0.1342622540128084,-0.40643972296242675,-0.1358532763751324,-0.4799819718069445,-0.14810207928107974,-0.5768042414376395,-0.13166153612265222,-0.1677050983124842,-0.13401887572789387,-0.03115205950258694,-0.09622504486493762,-0.13345099217921402,-0.38195337226749093,-0.1245330990169104,-0.09622504486493767,0.0,-0.09622504486493766,-0.2292421346744024,1.4433115959515934,-1.60386396826305,-0.29599936395118165,-0.2819215821387188,-0.17939888720515706,0.0,-1.222220457490954,1.568635884653362,0.5311632798324054
2-14,-0.09622504486493762,-0.11072255892128344,-0.697129750525853,-0.3309293939447612,-0.5193134623294766,-0.9131770620078786,-0.37430980806751535,-0.44443801433136604,-0.15576706203027013,-0.3796221136411703,-0.09620285829815256,0.4684180317299621,-0.10415413391024642,0.0,-0.4176438258962746,-0.30400872376098853,-0.2514313342302585,-0.4867400376565187,-0.6866000517477883,0.0,-0.34999125035692996,-0.3482578901032028,-0.31442358061949116,-1.1878605154924702,1.7189910669863642,-0.21157763222088652,-0.16488998138304817,0.10775424802752143,0.0,-0.13814310036932095,-0.16779192950349286,0.0,-0.4915597515411089,-0.6972056597085957,-0.6662814293104595,-0.2750125580051014,-0.23283283464620866,0.0,-0.22000734840294592,-0.24988718708375368,-0.3067102564336961,-0.3439574425320488,-0.2644644077124355,-0.8986114045613371,-0.30545727604409645,2.540616572224854,-0.13651498420458819,-0.4063324202574108,-0.7354255192843109,-0.09622504486493767,-0.3631450608616812,-0.323665689785952,-0.4361184994455423,0.0,0.4788708554363923,-0.9929663591859054,0.0,0.0,0.0,-0.30993723724455036,-0.6197479265077847,0.3573801658712413,0.0,0.0,-0.5423550294585298,-0.31805374841748824,-0.09622504486493764,-0.22765759444538225,-0.09622504486493767,0.0,-0.23517724187582092,-0.3237810263648817,-0.2476824920070451,-0.2938796959007981,0.0,-0.29597376215777643,-0.15371343041509344,-0.17959640829643997,-0.36880375309026625,-0.15901382303513992,-0.680641526636311,-0.23425286532268833,-0.16752422536831607,0.0,-0.6652632955827408,-0.5403821531067468,-0.5446724317940561,-0.35598084039789485,-0.1360145237956077,-0.17165843696845598,-0.3299571666644882,-0.6811623849134912,-0.43877705565158465,1.828307500878402,-0.7641805610224003,-0.19197291732187582,2.117560318172493,1.3635973953016278,-0.23089146910097072,-0.7129104193111351,-0.5834066722445757,3.3645090434046914,-0.1342622540128084,-0.40643972296242675,-0.1358532763751324,-0.4799819718069445,-0.14810207928107974,-0.5768042414376395,-0.13166153612265222,-0.1677050983124842,-0.13401887572789387,0.5713126274784921,-0.09622504486493762,-0.13345099217921402,-0.6671434497146329,-0.1245330990169104,-0.09622504486493767,0.0,-0.09622504486493766,-0.2292421346744024,1.8127983122996763,-1.6262305259642142,-0.29599936395118165,-0.4824905740057288,-0.17939888720515706,0.0,-1.196913047169701,2.243291758870076,-0.3494793974409565
3-14,-0.09622504486493762,-0.11072255892128344,-0.697129750525853,-0.3309293939447612,-0.3375972294519731,-0.9131770620078786,-0.37430980806751535,-0.44443801433136604,-0.15576706203027013,-0.3796221136411703,0.6280253360205428,-0.2253126118678275,-0.10415413391024642,0.0,-0.4176438258962746,-0.30400872376098853,-0.2514313342302585,-0.4867400376565187,-0.6866000517477883,0.0,-0.34999125035692996,-0.3482578901032028,-0.31442358061949116,-0.54649095532594,1.2972527220821994,-0.21157763222088652,-0.16488998138304817,-0.2500198653101587,0.0,-0.13814310036932095,-0.16779192950349286,0.0,-0.4915597515411089,-0.6972056597085957,-0.6662814293104595,-0.2750125580051014,-0.34738046461501265,0.0,-0.22000734840294592,-0.24988718708375368,-0.3067102564336961,-0.3439574425320488,-0.2644644077124355,-0.9157372892385465,-0.30545727604409645,-0.3441778000742036,-0.13651498420458819,-0.4063324202574108,-0.7354255192843109,-0.09622504486493767,-0.3631450608616812,0.3608048507186362,-0.4361184994455423,0.0,0.7764248586433626,0.06415299480227837,0.0,0.0,0.0,2.8175450444059336,-0.6197479265077847,0.30824321054991577,0.0,0.0,0.8900054063977572,-0.31805374841748824,-0.09622504486493764,-0.22765759444538225,-0.09622504486493767,0.0,-0.23517724187582092,-0.14046259098145006,-0.2476824920070451,-0.2938796959007981,0.0,-0.29597376215777643,-0.15371343041509344,-0.17959640829643997,-0.36880375309026625,-0.15901382303513992,-0.680641526636311,-0.23425286532268833,-0.16752422536831607,0.0,-0.6652632955827408,-0.5403821531067468,-0.2704105535050477,-0.35598084039789485,-0.1360145237956077,-0.17165843696845598,-0.4250046149424616,-0.6811623849134912,-0.43877705565158465,2.731602371066045,-0.7641805610224003,-0.19197291732187582,1.7650103329796032,-0.335765895162113,-0.23089146910097072,-0.7129104193111351,-0.6024939691879463,1.4866201076626568,-0.1342622540128084,-0.40643972296242675,-0.1358532763751324,-0.4799819718069445,-0.14810207928107974,-0.5768042414376395,-0.13166153612265222,-0.1677050983124842,-0.13401887572789387,-1.1913439567087247,-0.09622504486493762,-0.13345099217921402,-0.6671434497146329,-0.1245330990169104,-0.09622504486493767,0.0,-0.09622504486493766,-0.2292421346744024,0.7529371304288213,-1.576655708659516,-0.29599936395118165,1.4954784270892563,-0.17939888720515706,0.0,-1.222220457490954,5.274419117473509,-0.21373551368673083
4-14,-0.09622504486493762,-0.11072255892128344,-0.697129750525853,-0.3309293939447612,-0.22935268332432443,-0.9131770620078786,-0.37430980806751535,-0.44443801433136604,-0.15576706203027013,-0.3796221136411703,-0.05768565693605123,-0.2932873389840721,-0.10415413391024642,0.0,-0.4176438258962746,-0.30400872376098853,-0.2514313342302585,-0.4867400376565187,-0.6866000517477883,0.0,-0.34999125035692996,-0.3482578901032028,-0.31442358061949116,-0.577838978760593,1.3122865467598337,-0.21157763222088652,-0.16488998138304817,-0.0046890447357494335,0.0,-0.13814310036932095,-0.16779192950349286,0.0,-0.4915597515411089,-0.6972056597085957,-0.6662814293104595,-0.2750125580051014,-0.4147614234201915,0.0,-0.22000734840294592,-0.24988718708375368,-0.3067102564336961,-0.3439574425320488,-0.2644644077124355,-0.9157372892385465,-0.30545727604409645,-0.3441778000742036,-0.13651498420458819,-0.4063324202574108,-0.7354255192843109,-0.09622504486493767,-0.3631450608616812,0.492032318179211,-0.4361184994455423,0.0,-0.4792530348900524,-0.9929663591859054,0.0,0.0,0.0,-0.30993723724455036,-0.6197479265077847,1.7555498945598649,0.0,0.0,-0.5423550294585298,-0.31805374841748824,-0.09622504486493764,-0.22765759444538225,-0.09622504486493767,0.0,-0.23517724187582092,0.18451099901645143,-0.2476824920070451,-0.2938796959007981,0.0,-0.29597376215777643,-0.15371343041509344,-0.17959640829643997,-0.36880375309026625,-0.15901382303513992,-0.680641526636311,-0.23425286532268833,-0.16752422536831607,0.0,-0.6652632955827408,-0.5403821531067468,-0.6899201554985154,-0.35598084039789485,-0.1360145237956077,-0.17165843696845598,-0.20218846570065507,-0.6811623849134912,-0.43877705565158465,1.0638935055022176,-0.7641805610224003,-0.19197291732187582,2.446072804374958,-0.335765895162113,-0.23089146910097072,-0.7129104193111351,1.0905048806263657,1.6079606235106034,-0.1342622540128084,-0.40643972296242675,-0.1358532763751324,-0.4799819718069445,-0.14810207928107974,-0.5768042414376395,-0.13166153612265222,-0.1677050983124842,-0.13401887572789387,-1.1913439567087247,-0.09622504486493762,-0.13345099217921402,-0.6671434497146329,-0.1245330990169104,-0.09622504486493767,0.0,-0.09622504486493766,-0.2292421346744024,2.4319563999410976,-1.5256599571008616,-0.29599936395118165,-0.4824905740057288,-0.17939888720515706,0.0,-1.198875662664002,-0.0458213397698991,-0.44197819104654795
1-15,-0.09622504486493762,-0.11072255892128344,0.6874605589901397,-0.3309293939447612,0.0757511150872863,1.5039367896453948,-0.006986754323985443,-0.18190435259818608,-0.15576706203027013,0.31072916622178187,-0.25787029530778904,-0.3331658455589357,-0.10415413391024642,0.0,4.795522918061633,1.1223231664555962,-0.2514313342302585,-0.2786937076375609,0.28117441748546523,0.0,-0.34999125035692996,-0.3482578901032028,-0.31442358061949116,-0.11465818338051074,-1.157399567085076,-0.21157763222088652,-0.16488998138304817,-0.5230964334495309,0.0,-0.13814310036932095,-0.16779192950349286,0.0,0.6981713272036029,-0.6972056597085957,1.080083079852362,-0.2750125580051014,-0.4147614234201915,0.0,-0.22000734840294592,-0.24988718708375368,-0.3067102564336961,1.379283958427088,-0.2644644077124355,2.0407751923538306,1.2538053479495972,-0.3441778000742036,-0.13651498420458819,2.7359025566754416,0.28355162854063815,-0.09622504486493767,1.4582497226220508,0.5996487829716898,-0.05488829184204191,0.0,3.347291446351587,-0.5185700413184166,0.0,0.0,0.0,-0.30993723724455036,0.2826312383079926,-0.5376941452660844,0.0,0.0,0.07833449274586125,-0.31805374841748824,-0.09622504486493764,-0.22765759444538225,-0.09622504486493767,0.0,-0.23517724187582092,-0.14879524713524242,2.761719805868539,3.218414069307841,0.0,-0.29597376215777643,-0.15371343041509344,-0.17959640829643997,-0.36880375309026625,-0.15901382303513992,1.4183752225564161,7.3696864734928385,-0.16752422536831607,0.0,3.3835443058930266,3.273568817246191,-0.24022181093117975,2.7316777553083673,-0.1360145237956077,-0.17165843696845598,-0.5138194436612237,0.6456289300256447,0.45996567780803616,-0.8741777188134258,1.8274028577998418,-0.19197291732187582,-0.37032082733642196,-0.335765895162113,0.4703915290828645,2.1729856612112592,0.9892978177638426,-0.4028250676839442,-0.1342622540128084,0.016303327828094388,-0.1358532763751324,0.9517736524014718,-0.14810207928107974,-0.5768042414376395,-0.13166153612265222,-0.1677050983124842,-0.13401887572789387,-0.09527577618621672,-0.09622504486493762,-0.13345099217921402,0.9086525714339824,-0.1245330990169104,-0.09622504486493767,0.0,-0.09622504486493766,-0.2292421346744024,-0.23834723407808744,-0.35191563613835297,-0.29599936395118165,-0.13190249879103655,-0.17939888720515706,0.0,1.37421654591731,-0.2857744221515322,-0.03550819499196818
2-15,-0.09622504486493762,-0.11072255892128344,1.0249975001159288,-0.3309293939447612,-0.22093989476518075,0.5486814314127401,0.22174921320861554,-0.20798206578115247,-0.15576706203027013,0.5107901493657395,-0.35167409182229437,0.4755391936183306,-0.10415413391024642,0.0,3.661451337086736,1.9078996786713047,-0.2514313342302585,-0.30861817976357536,0.0450319870519634,0.0,0.7973484876552616,-0.3482578901032028,-0.31442358061949116,0.3868001985092526,-0.9309792116162506,-0.21157763222088652,-0.16488998138304817,-0.41795465320335556,0.0,-0.13814310036932095,-0.16779192950349286,0.0,-0.4915597515411089,-0.6972056597085957,1.0714802990190475,-0.2750125580051014,-0.4147614234201915,0.0,-0.22000734840294592,-0.24988718708375368,1.4180293042797607,2.1322970075857026,-0.2644644077124355,0.5186599786038131,-0.30545727604409645,-0.3441778000742036,-0.13651498420458819,1.4338347861070717,0.1506415657808622,-0.09622504486493767,2.149403993140431,-0.2622770828489029,0.5983755312373231,0.0,0.7585716184509443,-0.16744205801492082,0.0,0.0,0.0,-0.30993723724455036,0.6708641347985014,-0.5376941452660844,0.0,0.0,-0.5423550294585298,-0.31805374841748824,-0.09622504486493764,-0.22765759444538225,-0.09622504486493767,0.0,-0.23517724187582092,0.5394821511680055,-0.2476824920070451,1.682985100910622,0.0,0.9679659212752233,-0.15371343041509344,-0.17959640829643997,-0.36880375309026625,-0.15901382303513992,2.2907229954580943,-0.23425286532268833,-0.16752422536831607,0.0,2.713192278102899,3.921373652974928,-0.030894209121811966,4.692894127173908,-0.1360145237956077,-0.17165843696845598,-0.3206082373256712,0.9543494668942536,0.5174434107618492,-0.5059157269977954,1.5178188187230062,-0.19197291732187582,-0.37032082733642196,-0.335765895162113,0.3666806631542692,2.31972613988189,0.4881453003437173,-0.4028250676839442,-0.1342622540128084,0.3651627147266551,-0.1358532763751324,1.339189880128455,-0.14810207928107974,-0.5768042414376395,-0.13166153612265222,5.534268244311979,-0.13401887572789387,-0.12062701301462848,-0.09622504486493762,-0.13345099217921402,0.848230944856198,-0.1245330990169104,-0.09622504486493767,0.0,-0.09622504486493766,-0.2292421346744024,-0.5191240146059409,-0.18419276697691653,-0.29599936395118165,-0.4824905740057288,-0.17939888720515706,0.0,1.259971665038509,-0.3450926822786374,0.3046977979581486
3-15,-0.09622504486493762,-0.11072255892128344,0.15704536579247075,-0.3309293939447612,-0.23888717702468729,0.6271955704455608,-0.10789968117660355,-0.35809781368931665,-0.15576706203027013,0.5755986368630779,-0.567580036872441,1.1609833942914731,-0.10415413391024642,0.0,-0.4176438258962746,-0.30400872376098853,-0.2514313342302585,-0.23451948688011096,-0.4518226064613008,0.0,-0.34999125035692996,-0.3482578901032028,-0.31442358061949116,0.562679108937358,-0.7547121821975091,-0.21157763222088652,-0.16488998138304817,-0.34201892302556214,0.0,-0.13814310036932095,-0.16779192950349286,0.0,-0.4915597515411089,-0.6972056597085957,-0.6662814293104595,-0.2750125580051014,-0.4147614234201915,0.0,-0.22000734840294592,-0.24988718708375368,7.383293950356379,-0.3439574425320488,-0.2644644077124355,0.2772267751055942,-0.30545727604409645,-0.3441778000742036,-0.13651498420458819,0.28456068249315297,-0.7354255192843109,-0.09622504486493767,-0.3631450608616812,0.3339628687380642,0.14243186586228238,0.0,-0.4792530348900524,0.40781016995038066,0.0,0.0,0.0,-0.30993723724455036,-0.1370800011412061,-0.5376941452660844,0.0,0.0,-0.13651957263258183,-0.31805374841748824,-0.09622504486493764,-0.22765759444538225,-0.09622504486493767,0.0,-0.23517724187582092,-0.12213074744310691,-0.2476824920070451,-0.2938796959007981,0.0,-0.29597376215777643,-0.15371343041509344,-0.17959640829643997,-0.36880375309026625,1.911850483472457,-0.22540605645882844,-0.23425286532268833,-0.16752422536831607,0.0,0.06737807992239808,-0.5403821531067468,-0.41993026908316755,3.5563943834774663,-0.1360145237956077,-0.17165843696845598,0.18267579208064721,1.6528002234929864,0.25618098824451757,-0.6146298544116833,1.2366245823562736,-0.19197291732187582,-0.37032082733642196,-0.335765895162113,-0.02758524779650204,0.8604736019906223,0.13214501781852633,-0.4028250676839442,-0.1342622540128084,-0.01517753765630615,-0.1358532763751324,0.4127597703465386,-0.14810207928107974,-0.5768042414376395,-0.13166153612265222,-0.1677050983124842,-0.13401887572789387,-0.6395817433844689,-0.09622504486493762,-0.13345099217921402,0.12558829098589747,-0.1245330990169104,-0.09622504486493767,0.0,-0.09622504486493766,-0.2292421346744024,-0.9486477937028364,-0.09020059743743564,-0.29599936395118165,-0.4824905740057288,-0.17939888720515706,0.0,0.22298761518111074,-0.572896241501707,1.8385867587096076
4-15,-0.09622504486493762,-0.11072255892128344,0.35681212686691743,-0.3309293939447612,0.05443871740412229,0.10657205328745058,0.06836156439263606,-0.3162113313747073,-0.15576706203027013,1.6266232384503478,-0.505218853714753,0.3903442022993036,-0.10415413391024642,0.0,-0.4176438258962746,-0.30400872376098853,-0.2514313342302585,0.11459935459005796,-0.36855851249341864,0.0,-0.34999125035692996,-0.3482578901032028,-0.31442358061949116,-0.05867171345686765,-0.7118627385819034,-0.21157763222088652,-0.16488998138304817,-0.5537627860213321,0.0,-0.13814310036932095,-0.16779192950349286,0.0,-0.4915597515411089,-0.37717312980672335,-0.6662814293104595,0.08418878669204324,-0.4147614234201915,0.0,-0.22000734840294592,-0.24988718708375368,3.1427688649932177,-0.3439574425320488,-0.2644644077124355,-0.11444081511383482,-0.30545727604409645,-0.3441778000742036,-0.13651498420458819,-0.4063324202574108,0.7930402024531128,-0.09622504486493767,-0.3631450608616812,0.47587742161682955,0.2841958626595639,0.0,0.9073486200544297,0.5086660800481934,0.0,0.0,0.0,-0.30993723724455036,0.5239652009912819,-0.5376941452660844,0.0,0.0,0.03854670286096436,-0.31805374841748824,-0.09622504486493764,-0.22765759444538225,-0.09622504486493767,0.0,4.811994446464336,0.28616940409271807,-0.2476824920070451,-0.2938796959007981,0.0,-0.29597376215777643,-0.15371343041509344,-0.17959640829643997,1.6084593973239674,1.5478803932377885,0.15134053955012258,-0.23425286532268833,-0.16752422536831607,0.0,0.06441192050739752,-0.5403821531067468,-0.3367688272759085,1.9170186469949881,-0.1360145237956077,-0.17165843696845598,1.9844222296560021,2.564821962181167,0.8257330693323005,-0.24409112694340604,1.4285937244912548,-0.19197291732187582,-0.37032082733642196,-0.335765895162113,0.02920879783106209,0.9419960901409725,1.5561461479192902,-0.4028250676839442,-0.1342622540128084,0.016945794470633102,-0.1358532763751324,-0.4799819718069445,-0.14810207928107974,0.3815588667046955,-0.13166153612265222,-0.1677050983124842,-0.13401887572789387,-0.8394091395613615,-0.09622504486493762,-0.13345099217921402,-0.6671434497146329,-0.1245330990169104,-0.09622504486493767,0.0,-0.09622504486493766,-0.2292421346744024,-0.813357378163701,1.1668525725625856,-0.29599936395118165,-0.4824905740057288,-0.17939888720515706,0.0,0.2705035692536682,-0.5160793537896002,-0.44197819104654795
1-16,-0.09622504486493762,-0.11072255892128344,1.6380748013444033,2.7813047508058997,-0.3162848317688091,3.8154304304568973,0.060288530244426604,-0.37120422912324275,-0.15576706203027013,0.6798557689240134,-0.5953543453376297,-0.11072664330044324,10.35447370086056,0.0,-0.4176438258962746,-0.30400872376098853,-0.2514313342302585,0.41526905071334635,0.07506166028628145,0.0,-0.34999125035692996,-0.3482578901032028,-0.31442358061949116,-0.18967345349431178,-1.2717661928716149,0.20806394726783406,-0.16488998138304817,-0.054339329851998894,0.0,-0.13814310036932095,-0.16779192950349286,0.0,1.0350863229543175,-0.4689307083100574,1.9747722865170583,1.2803970383721572,-0.4147614234201915,0.0,-0.22000734840294592,-0.24988718708375368,-0.3067102564336961,-0.3439574425320488,-0.2644644077124355,4.93463199829788,-0.30545727604409645,-0.3441778000742036,-0.13651498420458819,-0.4063324202574108,0.6601301396933367,-0.09622504486493767,0.4825025171843372,-0.6919973314082469,-0.4361184994455423,0.0,0.8121313390281991,-0.3019166048120043,0.0,0.0,0.0,-0.30993723724455036,0.7583039763504178,-0.5376941452660844,0.0,0.0,0.1778039674581034,-0.31805374841748824,-0.09622504486493764,-0.22765759444538225,-0.09622504486493767,0.0,-0.23517724187582092,-0.14212912221220855,-0.2476824920070451,-0.2938796959007981,0.0,-0.29597376215777643,-0.15371343041509344,-0.17959640829643997,-0.36880375309026625,-0.15901382303513992,0.2971055915773953,2.3815869907879454,-0.16752422536831607,0.0,-0.6652632955827408,-0.5403821531067468,-0.29860569987120744,-0.35598084039789485,-0.1360145237956077,-0.17165843696845598,-0.9101101706344136,-0.5868965721291831,-0.43877705565158465,-0.9811842944878284,-0.4897458014914065,-0.19197291732187582,-0.37032082733642196,-0.335765895162113,-0.23089146910097072,-0.7129104193111351,-0.658868078764878,-0.4028250676839442,-0.1342622540128084,1.2106488163076972,8.096757182949677,-0.4799819718069445,2.608688020440299,-0.5768042414376395,-0.13166153612265222,-0.1677050983124842,-0.13401887572789387,-0.7931804135801401,-0.09622504486493762,-0.13345099217921402,-0.021840477863896285,-0.1245330990169104,-0.09622504486493767,0.0,-0.09622504486493766,-0.2292421346744024,-0.6013644393540997,1.3790454211533958,-0.29599936395118165,-0.08135259027170882,0.060962153458783204,0.0,-1.1037404589665558,-0.3522394606072043,-0.1372314794511822
2-16,-0.09622504486493762,-0.11072255892128344,-0.697129750525853,2.9088553305087954,-0.27590344668491945,0.5823303481410919,2.404159444607903,-0.20311782912526236,-0.15576706203027013,-0.3796221136411703,-0.4011962078592819,0.23380811642589427,-0.10415413391024642,0.0,-0.4176438258962746,-0.30400872376098853,-0.2514313342302585,2.098164364085875,2.7913821028450605,0.0,1.123746861400109,-0.3482578901032028,-0.31442358061949116,0.4166083190383437,-1.2864348234275254,1.2580841439797854,-0.16488998138304817,0.3034347834856812,0.0,-0.13814310036932095,-0.16779192950349286,0.0,-0.4915597515411089,0.14651646457815876,0.8650135590195019,9.067611096051765,-0.4147614234201915,0.0,-0.22000734840294592,-0.24988718708375368,-0.3067102564336961,-0.3439574425320488,0.3100521535174112,2.223172825907848,1.544256228889599,-0.3441778000742036,-0.13651498420458819,0.35099271160378415,1.9892307672910963,-0.09622504486493767,0.67765195827188,-0.718342239648438,-0.4361184994455423,0.0,0.3836535744101617,-0.15997124985952726,0.0,0.0,0.0,-0.30993723724455036,1.741127795393958,-0.5376941452660844,0.0,0.0,-0.108668119713154,0.3185180247865672,-0.09622504486493764,-0.22765759444538225,-0.09622504486493767,0.0,-0.23517724187582092,0.02285746963287991,2.4346108604472794,3.064871172468119,0.0,-0.29597376215777643,-0.15371343041509344,1.6156228047717998,-0.36880375309026625,-0.15901382303513992,0.5056617429394933,4.986836402136997,-0.16752422536831607,0.0,0.1000058334874043,-0.5403821531067468,0.009547313948841367,1.0520719394030063,-0.1360145237956077,-0.17165843696845598,-0.6192545912045495,0.07473160135067905,-0.43877705565158465,-0.9669546966587855,-0.10445562185429703,-0.19197291732187582,-0.37032082733642196,-0.335765895162113,-0.23089146910097072,-0.7129104193111351,-0.5745288597127755,-0.4028250676839442,-0.1342622540128084,0.04971159324011121,-0.1358532763751324,1.6760735564127882,3.8810526818501665,-0.5768042414376395,-0.13166153612265222,-0.1677050983124842,-0.13401887572789387,0.6771913224677412,-0.09622504486493762,-0.13345099217921402,-0.2828619046799246,-0.1245330990169104,-0.09622504486493767,0.0,-0.09622504486493766,-0.2292421346744024,-1.233927353936851,2.313493888310743,-0.29599936395118165,-0.4824905740057288,-0.17939888720515706,0.0,-1.1915416784484552,-0.5648561158820693,-0.39086266374757517
3-16,-0.09622504486493762,-0.11072255892128344,-0.697129750525853,3.0108957942711125,-0.2052360227881126,0.2869676346366702,2.0408729079384775,-0.2523006664237068,-0.15576706203027013,-0.3796221136411703,-0.45360056345397765,0.00748464404647343,-0.10415413391024642,0.0,-0.4176438258962746,-0.30400872376098853,-0.2514313342302585,1.3115782396306372,1.8427174256700098,0.0,5.08009078558008,-0.3482578901032028,0.4585895179377027,1.5108193265047547,-0.8315855448203926,0.40719517712711034,-0.16488998138304817,0.58235256163873,0.0,-0.13814310036932095,-0.16779192950349286,0.0,-0.4915597515411089,-0.11980431205346928,0.710163504019843,-0.2750125580051014,-0.4147614234201915,0.0,-0.22000734840294592,-0.24988718708375368,-0.3067102564336961,-0.3439574425320488,3.8529042811014653,0.2865555090354562,-0.30545727604409645,-0.3441778000742036,-0.13651498420458819,-0.4063324202574108,0.47737880339864475,-0.09622504486493767,-0.3631450608616812,-0.718342239648438,-0.4361184994455423,0.0,-0.4792530348900524,0.46384123111583214,0.0,0.0,0.0,-0.30993723724455036,0.07277561858339322,-0.5376941452660844,0.0,0.0,-0.5423550294585298,2.305474270854456,-0.09622504486493764,-0.22765759444538225,-0.09622504486493767,0.0,-0.23517724187582092,1.9010381666976746,-0.2476824920070451,-0.2938796959007981,0.0,1.0784072528373303,-0.15371343041509344,1.0292446698500128,-0.36880375309026625,-0.15901382303513992,-0.680641526636311,-0.23425286532268833,-0.16752422536831607,0.0,-0.3419519193476795,-0.5403821531067468,1.8510606109547896,-0.35598084039789485,-0.1360145237956077,-0.17165843696845598,-0.5886108783717603,-0.6042768313612898,0.26140623669486424,-0.32093095522023773,-0.7641805610224003,-0.19197291732187582,-0.37032082733642196,-0.335765895162113,-0.23089146910097072,-0.7129104193111351,-0.6158106879856466,-0.4028250676839442,-0.1342622540128084,0.2443789859293633,-0.1358532763751324,1.2633910529644798,-0.14810207928107974,0.6173466155333652,-0.13166153612265222,-0.1677050983124842,-0.13401887572789387,-0.052029548655396635,-0.09622504486493762,-0.13345099217921402,-0.6671434497146329,-0.1245330990169104,-0.09622504486493767,0.0,-0.09622504486493766,-0.2292421346744024,-0.21283148240984184,0.5329580137142953,-0.29599936395118165,-0.4824905740057288,-0.17939888720515706,0.0,-0.3309864319735089,0.16393660417353936,-0.23396169087953625
4-16,10.392304845413262,-0.11072255892128344,-0.697129750525853,2.3986530116972116,-0.19345811880531144,0.0037559188397088793,5.7786877185594525,-0.14204463555686436,-0.15576706203027013,-0.3796221136411703,-0.4777065670275377,-0.8959965860814426,-0.10415413391024642,0.0,-0.4176438258962746,-0.30400872376098853,-0.2514313342302585,0.4394936233867865,1.3581476984798757,0.0,3.7250429915484395,-0.3482578901032028,-0.31442358061949116,-0.25280947262234954,-0.27204728465240524,-0.21157763222088652,-0.16488998138304817,-0.37268527559736336,0.0,-0.13814310036932095,-0.16779192950349286,0.0,-0.4915597515411089,-0.45774075971208983,1.794113889017456,0.15535131724525117,-0.4147614234201915,0.0,-0.22000734840294592,-0.24988718708375368,-0.3067102564336961,-0.3439574425320488,7.11857736598691,0.013237528373977606,-0.30545727604409645,-0.3441778000742036,-0.13651498420458819,1.2810411191526199,0.05649693799268749,-0.09622504486493767,-0.3631450608616812,-0.718342239648438,-0.4361184994455423,0.0,-0.4792530348900524,3.242981864922223,0.0,0.0,0.0,4.754361482788466,0.4225349847910587,-0.5376941452660844,0.0,0.0,0.9815173231330201,-0.31805374841748824,10.392304845413264,-0.22765759444538225,-0.09622504486493767,0.0,4.2541491545951615,5.2074361285224775,-0.2476824920070451,-0.2938796959007981,0.0,7.079052934378465,-0.15371343041509344,-0.17959640829643997,-0.36880375309026625,-0.15901382303513992,-0.23661875276861866,-0.23425286532268833,-0.16752422536831607,0.0,-0.6652632955827408,-0.5403821531067468,-0.49682612280905775,-0.35598084039789485,-0.1360145237956077,-0.17165843696845598,0.13021791079061815,-0.17595654452259013,1.4945648709766695,0.41445466058469943,-0.008471050786806508,-0.19197291732187582,-0.37032082733642196,-0.335765895162113,-0.23089146910097072,-0.7129104193111351,-0.7263394540065601,-0.4028250676839442,-0.1342622540128084,9.489473972062491,-0.1358532763751324,1.1875922258005052,-0.14810207928107974,-0.5768042414376395,-0.13166153612265222,-0.1677050983124842,-0.13401887572789387,0.8412287372398173,-0.09622504486493762,-0.13345099217921402,-0.6671434497146329,-0.1245330990169104,-0.09622504486493767,0.0,-0.09622504486493766,-0.2292421346744024,0.3499642247717026,0.3370269682520969,-0.29599936395118165,-0.4824905740057288,-0.17939888720515706,0.0,-0.25764658981804006,-0.8110626293011987,-0.44197819104654795
1-17,-0.09622504486493762,-0.11072255892128344,-0.697129750525853,-0.3309293939447612,-0.2557127541429747,-0.10560306052743458,-0.37430980806751535,-0.42957506899392406,-0.15576706203027013,0.4347106205645161,-0.37106370339233186,0.03804090233110926,-0.10415413391024642,0.0,-0.4176438258962746,-0.30400872376098853,-0.2514313342302585,-0.3185930038055802,-0.6866000517477883,0.0,-0.34999125035692996,-0.3482578901032028,-0.31442358061949116,-0.10508878675309041,0.6237738959363516,-0.21157763222088652,-0.16488998138304817,0.7181606944567066,0.0,-0.13814310036932095,-0.16779192950349286,0.0,0.813985856992911,-0.0056668363542001455,0.4004633940205249,-0.2750125580051014,0.6783650544269021,0.0,-0.22000734840294592,4.870689629343954,-0.3067102564336961,-0.3439574425320488,-0.2644644077124355,-0.2623082096438859,-0.30545727604409645,-0.3441778000742036,-0.13651498420458819,-0.4063324202574108,-0.7354255192843109,-0.09622504486493767,-0.3631450608616812,-0.542626672423767,1.019836062256268,0.0,-0.4792530348900524,2.3166016536534264,0.0,0.0,0.0,-0.30993723724455036,0.006321339003936707,-0.03180685525334758,0.0,0.0,-0.5423550294585298,-0.31805374841748824,-0.09622504486493764,-0.22765759444538225,-0.09622504486493767,0.0,-0.23517724187582092,-0.3237810263648817,-0.2476824920070451,-0.2938796959007981,0.0,-0.29597376215777643,-0.15371343041509344,-0.17959640829643997,-0.36880375309026625,-0.15901382303513992,0.11321737209683583,-0.23425286532268833,-0.16752422536831607,0.0,-0.6652632955827408,-0.5403821531067468,-0.3373384261923966,-0.35598084039789485,-0.1360145237956077,-0.17165843696845598,-0.4899277353509134,0.4791908543283509,-0.43877705565158465,0.3581054531816897,-0.7641805610224003,-0.19197291732187582,-0.37032082733642196,-0.335765895162113,-0.23089146910097072,0.32242518019831146,-0.7911474854887021,-0.4028250676839442,-0.1342622540128084,-0.31006972658160886,-0.1358532763751324,-0.4799819718069445,-0.14810207928107974,-0.5768042414376395,-0.13166153612265222,-0.1677050983124842,-0.13401887572789387,-0.8722166225157768,-0.09622504486493762,-0.13345099217921402,0.07241725959744721,-0.1245330990169104,-0.09622504486493767,0.0,-0.09622504486493766,-0.2292421346744024,-0.8955460468232829,0.9345035084434328,-0.29599936395118165,-0.30964249971383406,-0.17939888720515706,0.0,0.5458895117698376,-0.6495454390755869,-0.1345233720446141
2-17,-0.09622504486493762,-0.11072255892128344,0.8803388110620192,-0.3309293939447612,-0.2809511198204057,0.06451090737701086,-0.37430980806751535,-0.4182251834635138,-0.15576706203027013,0.33608900915552303,-0.10353946808140997,0.47644552331321355,-0.10415413391024642,0.0,0.5917392566468284,-0.30400872376098853,-0.2514313342302585,-0.4867400376565187,-0.6866000517477883,0.0,1.9150156462361032,-0.3482578901032028,-0.31442358061949116,0.5081225488545937,0.2484152044911237,-0.21157763222088652,-0.16488998138304817,-0.30551136044008464,0.0,-0.13814310036932095,-0.16779192950349286,0.0,0.5718282037970848,-0.21603786999599037,0.7273690656864717,-0.2750125580051014,0.058978548486988976,0.0,-0.22000734840294592,0.9363653674629016,1.3531894711702321,-0.3439574425320488,-0.2644644077124355,-0.19450084510891885,-0.30545727604409645,-0.3441778000742036,-0.13651498420458819,-0.4063324202574108,0.28355162854063815,-0.09622504486493767,-0.3631450608616812,-0.520506890976814,0.46810591255873996,0.0,0.22297441267839768,1.6965245767557637,0.0,0.0,0.0,-0.30993723724455036,-0.06363053423759638,-0.22891305103093706,0.0,0.0,-0.5423550294585298,-0.31805374841748824,-0.09622504486493764,-0.22765759444538225,-0.09622504486493767,0.0,-0.23517724187582092,-0.3237810263648817,-0.2476824920070451,-0.2938796959007981,0.0,-0.29597376215777643,-0.15371343041509344,-0.17959640829643997,-0.36880375309026625,-0.15901382303513992,1.1515130503834095,-0.23425286532268833,-0.16752422536831607,0.0,1.7046980770027085,0.7957153205837729,-0.24848099522025682,-0.35598084039789485,-0.1360145237956077,-0.17165843696845598,-0.5153775985510266,0.0753207626805813,-0.43877705565158465,0.22833152098081827,-0.5411178254430211,-0.19197291732187582,-0.37032082733642196,-0.335765895162113,-0.23089146910097072,0.5751448934643968,-0.7281150165129202,-0.4028250676839442,-0.1342622540128084,-0.23747099597472604,-0.1358532763751324,-0.4799819718069445,-0.14810207928107974,-0.5768042414376395,-0.13166153612265222,-0.1677050983124842,-0.13401887572789387,0.02998915873064145,-0.09622504486493762,-0.13345099217921402,-0.6671434497146329,-0.1245330990169104,-0.09622504486493767,0.0,-0.09622504486493766,-0.2292421346744024,-0.963139498504274,0.6235294156053633,-0.29599936395118165,-0.4824905740057288,-0.17939888720515706,0.0,1.405721689378462,-0.4251365995585865,-0.2965866746564234
3-17,-0.09622504486493762,-0.11072255892128344,0.07438325776166524,-0.3309293939447612,-0.4430375127265739,-0.43928815141692357,-0.37430980806751535,-0.44443801433136604,-0.15576706203027013,-0.3796221136411703,-0.2979596273377313,-0.4080027832221541,-0.10415413391024642,0.0,-0.4176438258962746,-0.30400872376098853,-0.2514313342302585,-0.4867400376565187,-0.6866000517477883,0.0,-0.34999125035692996,-0.3482578901032028,-0.31442358061949116,1.4385538830080284,0.6376512725618598,-0.21157763222088652,-0.16488998138304817,-0.3624631580734296,0.0,-0.13814310036932095,-0.16779192950349286,0.0,-0.4915597515411089,-0.42417091391818706,0.6929579423532142,-0.2750125580051014,-0.16959839638288696,0.0,-0.22000734840294592,1.9852623630620492,-0.3067102564336961,-0.3439574425320488,-0.2644644077124355,-0.41699811107786583,-0.30545727604409645,1.1830662793782387,-0.13651498420458819,-0.4063324202574108,-0.7354255192843109,-0.09622504486493767,-0.3631450608616812,-0.62663213454815,0.19032510802352617,0.0,0.6038435367833198,1.4985481606378355,0.0,0.0,0.0,-0.30993723724455036,-0.1300848138170528,-0.2981514880746229,0.0,0.0,-0.5423550294585298,-0.31805374841748824,-0.09622504486493764,-0.22765759444538225,-0.09622504486493767,0.0,-0.23517724187582092,-0.3237810263648817,-0.2476824920070451,-0.2938796959007981,0.0,-0.29597376215777643,-0.15371343041509344,-0.17959640829643997,-0.36880375309026625,-0.15901382303513992,-0.21867843867295436,-0.23425286532268833,-0.16752422536831607,0.0,-0.6652632955827408,-0.5403821531067468,-0.27866973779412485,-0.35598084039789485,-0.1360145237956077,-0.17165843696845598,-0.37358550357896775,-0.17625112518754113,-0.43877705565158465,-0.035769814726218,-0.6208796521047386,-0.19197291732187582,-0.37032082733642196,1.4603091272792392,-0.23089146910097072,-0.7129104193111351,-0.7911474854887021,-0.4028250676839442,-0.1342622540128084,-0.40643972296242675,-0.1358532763751324,-0.4799819718069445,-0.14810207928107974,-0.5768042414376395,-0.13166153612265222,-0.1677050983124842,-0.13401887572789387,-0.909497853145794,-0.09622504486493762,-0.13345099217921402,0.7225539615744064,-0.1245330990169104,-0.09622504486493767,0.0,-0.09622504486493766,-0.2292421346744024,-0.3738964300601056,-0.2673963616252475,4.586672636655996,-0.4824905740057288,-0.17939888720515706,0.0,1.0441872562176997,-0.32579638079150675,0.24359612459745603
4-17,-0.09622504486493762,-0.11072255892128344,0.03994071274882957,-0.3309293939447612,0.13968830813677832,0.3533307759620307,-0.37430980806751535,-0.430385775103239,1.1000221656920277,-0.3796221136411703,-0.21830500683379372,-0.3037748683105788,-0.10415413391024642,0.0,-0.4176438258962746,-0.30400872376098853,-0.2514313342302585,-0.4867400376565187,-0.6866000517477883,0.0,-0.34999125035692996,-0.3482578901032028,-0.31442358061949116,0.9869223594196604,0.533997007679223,-0.21157763222088652,-0.16488998138304817,-0.5479215760076557,0.0,-0.13814310036932095,-0.16779192950349286,0.0,0.687642733586393,-0.2787015821446087,0.3316411473540098,-0.2750125580051014,-0.3256112317702626,0.0,-0.22000734840294592,-0.002070863947691309,-0.3067102564336961,-0.3439574425320488,1.005519569743015,0.29449189461757763,-0.30545727604409645,1.0133724927724117,-0.13651498420458819,-0.4063324202574108,-0.10964064045703237,-0.09622504486493767,-0.3631450608616812,-0.6432841048509124,0.05813975965849337,0.0,3.037835283016338,2.2643059965656716,0.0,0.0,0.0,-0.30993723724455036,0.8947101291714072,-0.3288620851504513,0.0,0.0,-0.5423550294585298,-0.31805374841748824,-0.09622504486493764,1.6944952251956928,-0.09622504486493767,0.0,-0.23517724187582092,-0.12713034113538232,-0.2476824920070451,-0.2938796959007981,0.0,-0.29597376215777643,-0.15371343041509344,-0.17959640829643997,-0.36880375309026625,-0.15901382303513992,0.08182182242942335,-0.23425286532268833,-0.16752422536831607,0.0,-0.1728808326926474,1.0791299362150955,-0.2342410223080549,-0.35598084039789485,-0.1360145237956077,-0.17165843696845598,-0.5288816075959846,-0.5933773467581043,-0.43877705565158465,-0.3004403343464159,-0.45594841731271274,-0.19197291732187582,-0.37032082733642196,1.3083335484572785,-0.23089146910097072,-0.7129104193111351,-0.7911474854887021,-0.4028250676839442,-0.1342622540128084,-0.19249833099701102,-0.1358532763751324,-0.4799819718069445,-0.14810207928107974,-0.5768042414376395,-0.13166153612265222,-0.1677050983124842,-0.13401887572789387,-0.4472105933335798,-0.09622504486493762,-0.13345099217921402,0.04824860896633346,-0.1245330990169104,-0.09622504486493767,0.0,-0.09622504486493766,-0.2292421346744024,-0.6084032674005126,0.9972351243958739,5.113235303388143,-0.4824905740057288,-0.17939888720515706,0.0,0.012884461738542042,-0.5807576976631307,-0.44197819104654795
1-18,-0.09622504486493762,-0.11072255892128344,1.7207369093752085,-0.3309293939447612,0.35673825296268524,-0.22991711399606773,-0.37430980806751535,-0.36688046320689593,0.7521346093635533,-0.3796221136411703,-0.3713257251703053,-1.1206368747417945,-0.10415413391024642,0.0,-0.4176438258962746,-0.30400872376098853,-0.2514313342302585,-0.4867400376565187,-0.19520539882258195,0.0,0.8072393474657116,-0.3482578901032028,-0.31442358061949116,1.5435972597802863,0.3560866047127237,-0.21157763222088652,-0.16488998138304817,-0.737760901452139,0.0,-0.13814310036932095,-0.16779192950349286,0.0,0.8771574186961701,-0.010142815793387175,1.6478666148511116,-0.2750125580051014,-0.4147614234201915,0.0,-0.22000734840294592,-0.24988718708375368,-0.3067102564336961,-0.3439574425320488,-0.2644644077124355,0.5154575774040098,-0.30545727604409645,-0.3441778000742036,-0.13651498420458819,0.5237159872914251,-0.7354255192843109,-0.09622504486493767,-0.3631450608616812,-0.6835470778217705,-0.07787704807943893,0.0,-0.4792530348900524,0.9980040142264692,0.0,0.0,0.0,-0.30993723724455036,5.238721457470613,-0.4651054612686718,0.0,0.0,3.018652165239739,-0.31805374841748824,-0.09622504486493764,-0.22765759444538225,-0.09622504486493767,0.0,-0.23517724187582092,-0.06213562313580201,2.4346108604472794,-0.2938796959007981,0.0,-0.29597376215777643,-0.15371343041509344,-0.17959640829643997,-0.36880375309026625,-0.15901382303513992,0.5325722140829898,-0.23425286532268833,-0.16752422536831607,0.0,0.3135693113674448,1.2977640682735438,-0.536128448046735,-0.35598084039789485,-0.1360145237956077,-0.17165843696845598,-0.5413468467144074,-0.42664469039585945,-0.43877705565158465,0.35127524622374906,-0.6060088030661133,-0.19197291732187582,-0.37032082733642196,-0.335765895162113,-0.23089146910097072,-0.7129104193111351,-0.7156860789683998,-0.4028250676839442,-0.1342622540128084,0.15379118933139455,-0.1358532763751324,-0.4799819718069445,-0.14810207928107974,-0.5768042414376395,-0.13166153612265222,-0.1677050983124842,-0.13401887572789387,0.41473145883241963,-0.09622504486493762,-0.13345099217921402,2.0832489921061095,-0.1245330990169104,-0.09622504486493767,0.0,-0.09622504486493766,-0.2292421346744024,-1.1000343527892829,1.4984565256803177,-0.29599936395118165,-0.4824905740057288,9.76916163275765,0.0,-0.7503663744399932,-0.6465080582859459,-0.2013797736442639
2-18,-0.09622504486493762,-0.11072255892128344,-0.697129750525853,-0.3309293939447612,-0.15307673372142172,0.13648220149043003,-0.37430980806751535,-0.3922825879654332,-0.15576706203027013,-0.3796221136411703,-0.19524709037212756,-0.8352724965242637,-0.10415413391024642,0.0,-0.4176438258962746,-0.30400872376098853,-0.2514313342302585,-0.4867400376565187,0.13375602160790334,0.0,4.278931140933636,1.6899527443244031,-0.31442358061949116,1.5969438961515376,-0.4384540727846011,-0.21157763222088652,-0.16488998138304817,-0.737760901452139,0.0,-0.13814310036932095,-0.16779192950349286,0.0,2.7828328634111505,-0.39955302700265843,1.8887444781839144,-0.2750125580051014,-0.4147614234201915,0.0,-0.22000734840294592,-0.24988718708375368,-0.3067102564336961,-0.3439574425320488,0.30501253455925464,1.0494231687625277,-0.30545727604409645,-0.3441778000742036,-0.13651498420458819,0.7628712920896971,-0.7354255192843109,-0.09622504486493767,-0.3631450608616812,-0.47427903312138436,-0.16791634334257718,0.0,0.4253111348591376,1.8272637194751504,0.0,0.0,0.0,-0.30993723724455036,1.4473299277795189,-0.5376941452660844,0.0,0.0,2.5889440344828536,-0.31805374841748824,-0.09622504486493764,-0.22765759444538225,-0.09622504486493767,0.0,-0.23517724187582092,0.049521969325015444,4.222806428750162,-0.2938796959007981,0.0,-0.29597376215777643,-0.15371343041509344,-0.17959640829643997,-0.36880375309026625,-0.15901382303513992,0.6155461667754372,1.2166380670139794,-0.16752422536831607,0.0,0.4648434415324734,1.3544469913998085,-0.5150532881366762,-0.35598084039789485,-0.1360145237956077,-0.17165843696845598,-0.5205714481837027,0.4494382071683037,-0.43877705565158465,-0.8263662701078417,-0.2883133917863914,-0.19197291732187582,-0.37032082733642196,-0.335765895162113,-0.23089146910097072,-0.7129104193111351,0.05002525189937378,-0.4028250676839442,-0.1342622540128084,-0.07492693541241321,-0.1358532763751324,-0.4799819718069445,-0.14810207928107974,-0.5768042414376395,-0.13166153612265222,-0.1677050983124842,-0.13401887572789387,3.86846466439722,-0.09622504486493762,-0.13345099217921402,5.425773374389139,-0.1245330990169104,-0.09622504486493767,0.0,-0.09622504486493766,-0.2292421346744024,-0.41462847176986056,0.08283761837768919,-0.29599936395118165,-0.4824905740057288,1.7758785145078892,0.0,0.7518608431191405,-0.47266267544355633,-0.07629906280340011
3-18,-0.09622504486493762,-0.11072255892128344,-0.697129750525853,-0.3309293939447612,-0.04258877731133477,-0.44863507273035463,-0.37430980806751535,-0.4116044169041078,-0.15576706203027013,-0.3796221136411703,-0.29376727889015564,-1.180066207591997,-0.10415413391024642,0.0,-0.4176438258962746,-0.30400872376098853,-0.2514313342302585,-0.4867400376565187,0.032747120728833234,0.0,2.646939272209398,2.721562421258621,-0.31442358061949116,1.7511541728370934,-0.3422862873973043,-0.21157763222088652,-0.16488998138304817,-0.737760901452139,0.0,-0.13814310036932095,-0.16779192950349286,0.0,0.7297571080552324,-0.3726971503675363,-0.6662814293104595,0.1824608526940923,-0.4147614234201915,0.0,-0.22000734840294592,-0.24988718708375368,1.3272535379264208,-0.3439574425320488,0.8896083337054144,0.96616073756764,-0.30545727604409645,-0.3441778000742036,-0.13651498420458819,-0.4063324202574108,-0.7354255192843109,-0.09622504486493767,-0.3631450608616812,-0.2970722446755704,-0.4361184994455423,0.0,-0.4792530348900524,0.6356698186898831,0.0,0.0,0.0,-0.30993723724455036,0.7373184143779579,-0.5376941452660844,0.0,0.0,4.033240807304609,-0.31805374841748824,-0.09622504486493764,-0.22765759444538225,-0.09622504486493767,0.0,2.5009210944348954,-0.08713359159717908,-0.2476824920070451,-0.2938796959007981,0.0,-0.29597376215777643,-0.15371343041509344,-0.17959640829643997,-0.36880375309026625,-0.15901382303513992,-0.0998238577891781,-0.23425286532268833,-0.16752422536831607,0.0,-0.012708224282617078,-0.5403821531067468,-0.4333158436206373,-0.35598084039789485,-0.1360145237956077,-0.17165843696845598,-0.3543682599380661,0.7404839041398547,-0.43877705565158465,-0.8849922131634983,-0.5546367791144986,-0.19197291732187582,-0.37032082733642196,-0.335765895162113,-0.23089146910097072,-0.7129104193111351,1.691088898402654,-0.4028250676839442,-0.1342622540128084,-0.17836406486115777,-0.1358532763751324,-0.4799819718069445,-0.14810207928107974,-0.5768042414376395,-0.13166153612265222,-0.1677050983124842,-0.13401887572789387,-0.04457330252939317,-0.09622504486493762,-0.13345099217921402,1.8971503822465337,-0.1245330990169104,-0.09622504486493767,0.0,-0.09622504486493766,-0.2292421346744024,-0.9970397365219226,0.004528352826318673,-0.29599936395118165,0.02300851118754842,-0.17939888720515706,0.0,0.45612567679363686,-0.3531328078982751,1.3807473502866894
4-18,-0.09622504486493762,-0.11072255892128344,0.9698894280953917,-0.3309293939447612,0.4318924974243687,0.17013111821878188,-0.37430980806751535,-0.25189531336904925,0.8709254822562031,-0.3796221136411703,-0.26887520998267517,-0.3212540838547558,-0.10415413391024642,0.0,-0.4176438258962746,-0.30400872376098853,-0.2514313342302585,-0.4867400376565187,0.29209429866158093,0.0,3.2305000010259435,1.8962746797112466,-0.31442358061949116,0.5302311548558749,-0.3293218960761054,-0.21157763222088652,-0.16488998138304817,-0.737760901452139,0.0,-0.13814310036932095,-0.16779192950349286,0.0,1.1298436655092061,-0.4532647802729028,0.9424385865193314,-0.2750125580051014,-0.4147614234201915,0.0,-0.22000734840294592,-0.24988718708375368,-0.3067102564336961,-0.3439574425320488,5.012016641477472,0.9693631387674434,-0.30545727604409645,3.4412989780557814,-0.13651498420458819,-0.4063324202574108,-0.7354255192843109,-0.09622504486493767,0.8240140390875369,-0.31993763673309483,-0.4361184994455423,0.0,0.3955557345384405,1.2781593200537262,0.0,0.0,0.0,-0.30993723724455036,2.8743481419067947,-0.5376941452660844,0.0,0.0,5.485495138103344,-0.31805374841748824,-0.09622504486493764,-0.22765759444538225,-0.09622504486493767,0.0,3.058766386304071,1.6510584820839045,-0.2476824920070451,-0.2938796959007981,0.0,-0.29597376215777643,-0.15371343041509344,-0.17959640829643997,-0.36880375309026625,-0.15901382303513992,0.76131121880271,-0.23425286532268833,-0.16752422536831607,0.0,1.2241802517726172,2.633861541964064,-0.5782787678668526,-0.35598084039789485,-0.1360145237956077,-0.17165843696845598,0.016991988798278207,-0.31352571505468974,-0.43877705565158465,-0.883853845337175,-0.27885012421635713,-0.19197291732187582,-0.37032082733642196,-0.335765895162113,-0.23089146910097072,-0.7129104193111351,0.4162350188361351,-0.4028250676839442,8.575747958727476,1.1027144203611814,-0.1358532763751324,-0.4799819718069445,-0.14810207928107974,0.6477708411886774,-0.13166153612265222,-0.1677050983124842,-0.13401887572789387,0.13885035217029182,-0.09622504486493762,-0.13345099217921402,2.38294025993192,-0.1245330990169104,10.392304845413268,0.0,-0.09622504486493766,-0.2292421346744024,-0.8375792276175323,0.9814995932131733,1.0954025917773997,0.35402887987863,-0.17939888720515706,0.0,0.4067504027791097,-0.4824894956453359,-0.4297070793605363
1-19,-0.09622504486493762,-0.11072255892128344,-0.697129750525853,-0.3309293939447612,-0.26019957470785127,-0.9131770620078786,-0.37430980806751535,-0.44443801433136604,-0.15576706203027013,-0.3796221136411703,-0.05978183115983906,-0.18659938632924244,-0.10415413391024642,0.0,-0.4176438258962746,-0.30400872376098853,-0.2514313342302585,-0.33284275243701567,-0.6866000517477883,0.0,-0.34999125035692996,-0.3482578901032028,-0.31442358061949116,-1.0028521806956765,1.4438172962673963,-0.21157763222088652,0.1772218346229784,-0.17846504264262267,0.0,-0.13814310036932095,-0.16779192950349286,0.0,-0.4915597515411089,-0.6972056597085957,-0.6662814293104595,-0.2750125580051014,-0.4147614234201915,0.0,-0.22000734840294592,-0.24988718708375368,-0.3067102564336961,-0.3439574425320488,-0.2644644077124355,-0.7522755932138008,-0.30545727604409645,1.143906174776894,-0.13651498420458819,-0.4063324202574108,-0.7354255192843109,-0.09622504486493767,-0.3631450608616812,-0.14099109019594755,-0.4361184994455423,0.0,-0.4792530348900524,1.93185503365066,0.0,0.0,0.0,1.6745058348687007,-0.6197479265077847,0.2484971398751224,0.0,0.0,-0.5423550294585298,-0.31805374841748824,-0.09622504486493764,-0.22765759444538225,-0.09622504486493767,0.0,-0.23517724187582092,-0.3237810263648817,-0.2476824920070451,-0.2938796959007981,0.0,-0.29597376215777643,-0.15371343041509344,-0.17959640829643997,-0.36880375309026625,-0.15901382303513992,-0.38686888331980746,-0.23425286532268833,-0.16752422536831607,0.0,-0.6652632955827408,-0.5403821531067468,-0.6392258519310766,-0.35598084039789485,-0.1360145237956077,-0.17165843696845598,0.4361356541552431,-0.6811623849134912,-0.43877705565158465,2.1385127335515377,-0.7641805610224003,-0.19197291732187582,5.951541407145168,-0.335765895162113,-0.23089146910097072,-0.7129104193111351,-0.6641947662839581,1.5732919046969047,-0.1342622540128084,-0.40643972296242675,-0.1358532763751324,-0.4799819718069445,-0.14810207928107974,-0.5768042414376395,-0.13166153612265222,-0.1677050983124842,-0.13401887572789387,-0.8632691271645727,-0.09622504486493762,-0.13345099217921402,-0.6671434497146329,-0.1245330990169104,-0.09622504486493767,0.0,-0.09622504486493766,-0.2292421346744024,1.9094786857606953,-1.5924964942313995,-0.29599936395118165,-0.4824905740057288,-0.17939888720515706,0.0,-1.2107546511821414,0.8017865699981342,0.13222520750234312
2-19,-0.09622504486493762,-0.11072255892128344,-0.697129750525853,-0.3309293939447612,-0.5193134623294766,-0.9131770620078786,-0.37430980806751535,-0.44443801433136604,-0.15576706203027013,-0.3796221136411703,-0.03279358802857069,1.0058715407957375,-0.10415413391024642,0.0,-0.4176438258962746,-0.30400872376098853,-0.2514313342302585,-0.4867400376565187,-0.6866000517477883,0.0,-0.34999125035692996,-0.3482578901032028,-0.31442358061949116,-1.2106290798818495,1.9134569368043473,-0.21157763222088652,-0.16488998138304817,-0.16970322762210804,0.0,-0.13814310036932095,-0.16779192950349286,0.0,-0.4915597515411089,-0.6972056597085957,-0.6662814293104595,-0.2750125580051014,-0.33805079339583405,0.0,-0.22000734840294592,-0.24988718708375368,-0.3067102564336961,-0.3439574425320488,-0.2644644077124355,-0.8881687919532827,-0.30545727604409645,-0.3441778000742036,-0.13651498420458819,-0.4063324202574108,-0.7354255192843109,-0.09622504486493767,-0.3631450608616812,-0.32217446856480914,-0.4361184994455423,0.0,-0.4792530348900524,-0.29818120073430754,0.0,0.0,0.0,-0.30993723724455036,-0.6197479265077847,-0.2735830104139602,0.0,0.0,-0.5423550294585298,-0.31805374841748824,-0.09622504486493764,-0.22765759444538225,-0.09622504486493767,0.0,-0.23517724187582092,-0.3237810263648817,-0.2476824920070451,-0.2938796959007981,0.0,-0.29597376215777643,-0.15371343041509344,-0.17959640829643997,-0.36880375309026625,-0.15901382303513992,-0.680641526636311,-0.23425286532268833,-0.16752422536831607,0.0,-0.6652632955827408,-0.5403821531067468,-0.55976680308099,-0.35598084039789485,-0.1360145237956077,-0.17165843696845598,-0.6571696935230853,-0.6811623849134912,-0.43877705565158465,0.7610876637001845,-0.7641805610224003,-0.19197291732187582,0.7063588149429997,-0.335765895162113,-0.23089146910097072,-0.7129104193111351,-0.7063643758100094,0.5967896581110465,-0.1342622540128084,-0.40643972296242675,-0.1358532763751324,-0.4799819718069445,-0.14810207928107974,-0.5768042414376395,-0.13166153612265222,-0.1677050983124842,-0.13401887572789387,-0.9736215698294237,-0.09622504486493762,-0.13345099217921402,-0.6671434497146329,-0.1245330990169104,-0.09622504486493767,0.0,-0.09622504486493766,-0.2292421346744024,0.877151743012572,-1.5639199275685003,-0.29599936395118165,-0.4824905740057288,-0.17939888720515706,0.0,-1.1757374589417133,4.965142285304776,-0.2263451387985635
3-19,-0.09622504486493762,-0.11072255892128344,-0.697129750525853,-0.3309293939447612,-0.35386195399965087,-0.9131770620078786,-0.37430980806751535,-0.44443801433136604,-0.15576706203027013,-0.3796221136411703,0.2811085019836569,1.2138094679360978,-0.10415413391024642,0.0,-0.4176438258962746,-0.30400872376098853,-0.2514313342302585,-0.4867400376565187,-0.6866000517477883,0.0,-0.34999125035692996,-0.3482578901032028,-0.31442358061949116,-0.9227772296064579,1.4887361732394373,-0.21157763222088652,-0.16488998138304817,-0.737760901452139,0.0,-0.13814310036932095,-0.16779192950349286,0.0,-0.4915597515411089,-0.6972056597085957,-0.6662814293104595,-0.2750125580051014,-0.4147614234201915,0.0,-0.22000734840294592,-0.24988718708375368,-0.3067102564336961,-0.3439574425320488,-0.2644644077124355,-0.9157372892385465,-0.30545727604409645,-0.3441778000742036,-0.13651498420458819,-0.4063324202574108,-0.7354255192843109,-0.09622504486493767,-0.3631450608616812,0.11649310732139218,-0.4361184994455423,0.0,-0.4792530348900524,-0.47748059646375207,0.0,0.0,0.0,1.5792525674072646,-0.6197479265077847,-0.004446505131245965,0.0,0.0,-0.5423550294585298,-0.31805374841748824,-0.09622504486493764,-0.22765759444538225,-0.09622504486493767,0.0,-0.23517724187582092,-0.3237810263648817,-0.2476824920070451,-0.2938796959007981,0.0,-0.29597376215777643,-0.15371343041509344,-0.17959640829643997,-0.36880375309026625,-0.15901382303513992,-0.680641526636311,-0.23425286532268833,-0.16752422536831607,0.0,-0.6652632955827408,-0.5403821531067468,-0.46606778131870163,-0.35598084039789485,-0.1360145237956077,-0.17165843696845598,-0.4873308105345754,-0.6811623849134912,-0.43877705565158465,-0.5172994052610298,-0.7641805610224003,-0.19197291732187582,1.5266384679912288,-0.335765895162113,-0.23089146910097072,-0.7129104193111351,-0.32861345258190783,-0.4028250676839442,-0.1342622540128084,-0.40643972296242675,-0.1358532763751324,-0.4799819718069445,-0.14810207928107974,-0.5768042414376395,-0.13166153612265222,-0.1677050983124842,-0.13401887572789387,-1.1913439567087247,-0.09622504486493762,-0.13345099217921402,-0.6671434497146329,-0.1245330990169104,-0.09622504486493767,0.0,-0.09622504486493766,-0.2292421346744024,0.64709592928975,-1.6262305259642142,-0.29599936395118165,-0.4824905740057288,-0.17939888720515706,0.0,-1.222220457490954,2.2289982022129426,1.584024662492207
1-20,-0.09622504486493762,-0.11072255892128344,-0.697129750525853,-0.3309293939447612,-0.44023324987352597,-0.9131770620078786,-0.37430980806751535,-0.44443801433136604,-0.15576706203027013,-0.3796221136411703,0.0599621213740407,0.044255734524594734,-0.10415413391024642,0.0,-0.4176438258962746,-0.30400872376098853,-0.2514313342302585,-0.23879441146954158,-0.6866000517477883,0.0,-0.34999125035692996,-0.3482578901032028,-0.31442358061949116,-0.07506068009463346,0.6657103542476475,-0.21157763222088652,-0.12396076247143607,0.880254272336227,0.0,-0.13814310036932095,-0.16779192950349286,0.0,-0.4915597515411089,0.29869976551051763,-0.6662814293104595,-0.2750125580051014,3.334729776554145,0.0,-0.22000734840294592,0.08725827578740092,-0.3067102564336961,-0.3439574425320488,-0.2644644077124355,-0.9157372892385465,-0.30545727604409645,-0.3441778000742036,-0.13651498420458819,-0.4063324202574108,-0.7354255192843109,-0.09622504486493767,-0.3631450608616812,0.47438620039568685,0.445117156321343,0.0,-0.4792530348900524,0.7589381532538763,0.0,0.0,0.0,-0.30993723724455036,-0.6197479265077847,0.6639277621372375,0.0,0.0,-0.5423550294585298,-0.31805374841748824,-0.09622504486493764,2.8603911977648697,-0.09622504486493767,0.0,-0.23517724187582092,-0.3237810263648817,-0.2476824920070451,-0.2938796959007981,0.0,-0.29597376215777643,-0.15371343041509344,-0.17959640829643997,-0.36880375309026625,-0.15901382303513992,-0.680641526636311,-0.23425286532268833,-0.16752422536831607,0.0,-0.6652632955827408,-0.5403821531067468,-0.6506178302608382,-0.35598084039789485,-0.1360145237956077,-0.17165843696845598,-0.7205346590417343,-0.6811623849134912,-0.43877705565158465,3.2609434103064414,-0.7641805610224003,-0.19197291732187582,-0.37032082733642196,1.6122847061011996,-0.23089146910097072,-0.7129104193111351,-0.7911474854887021,-0.4028250676839442,-0.1342622540128084,-0.40643972296242675,-0.1358532763751324,-0.4799819718069445,-0.14810207928107974,-0.5768042414376395,-0.13166153612265222,-0.1677050983124842,-0.13401887572789387,-1.1913439567087247,-0.09622504486493762,-0.13345099217921402,-0.6671434497146329,-0.1245330990169104,-0.09622504486493767,0.0,-0.09622504486493766,-0.2292421346744024,0.39908075283086103,0.42975608512139435,-0.29599936395118165,-0.4824905740057288,-0.17939888720515706,0.0,-1.1729484790287588,-0.48695623210069017,-0.07139061812899546
2-20,-0.09622504486493762,-0.11072255892128344,-0.697129750525853,-0.3309293939447612,-0.5193134623294766,-0.9131770620078786,-0.37430980806751535,-0.44443801433136604,-0.15576706203027013,-0.3796221136411703,-0.2135886148302711,-0.6204723588369304,-0.10415413391024642,0.0,-0.4176438258962746,-0.30400872376098853,-0.2514313342302585,-0.2459192857852593,-0.6866000517477883,0.0,-0.34999125035692996,-0.3482578901032028,-0.31442358061949116,-0.3097858801281398,0.9842813597648065,-0.21157763222088652,-0.13496931100628348,0.2508638933625936,0.0,-0.13814310036932095,-0.16779192950349286,0.0,-0.4915597515411089,0.12189857766263008,-0.6662814293104595,-0.2750125580051014,2.977610694886697,0.0,-0.22000734840294592,-0.24988718708375368,-0.3067102564336961,-0.3439574425320488,-0.2644644077124355,-0.8756376568236174,-0.30545727604409645,5.751745149535118,-0.13651498420458819,-0.4063324202574108,-0.7354255192843109,-0.09622504486493767,-0.3631450608616812,1.272189553707135,-0.4361184994455423,0.0,0.663354337424714,3.646405505313474,0.0,0.0,0.0,-0.30993723724455036,-0.6197479265077847,2.603720748345016,0.0,0.0,-0.5423550294585298,-0.31805374841748824,-0.09622504486493764,7.334910876273602,-0.09622504486493767,0.0,-0.23517724187582092,-0.3237810263648817,-0.2476824920070451,-0.2938796959007981,0.0,-0.29597376215777643,-0.15371343041509344,-0.17959640829643997,-0.36880375309026625,-0.15901382303513992,-0.680641526636311,-0.23425286532268833,-0.16752422536831607,0.0,-0.6652632955827408,-0.5403821531067468,-0.641789047055273,-0.35598084039789485,-0.1360145237956077,-0.17165843696845598,-0.7480620620949179,-0.6811623849134912,-0.43877705565158465,0.913059768514363,-0.7641805610224003,-0.19197291732187582,0.11243227738793267,4.154421660941267,-0.23089146910097072,-0.7129104193111351,-0.7911474854887021,-0.4028250676839442,-0.1342622540128084,-0.40643972296242675,-0.1358532763751324,-0.4799819718069445,-0.14810207928107974,-0.5768042414376395,-0.13166153612265222,-0.1677050983124842,-0.13401887572789387,-1.1913439567087247,-0.09622504486493762,-0.13345099217921402,-0.6671434497146329,-0.1245330990169104,-0.09622504486493767,0.0,-0.09622504486493766,-0.2292421346744024,0.8080573647628609,-0.23924081251907603,-0.29599936395118165,-0.4824905740057288,-0.17939888720515706,0.0,-1.1894757674018221,0.3018694259148804,-0.02349096837532224
3-20,-0.09622504486493762,-0.11072255892128344,-0.697129750525853,-0.3309293939447612,-0.5193134623294766,-0.9131770620078786,-0.37430980806751535,-0.44443801433136604,-0.15576706203027013,-0.3796221136411703,0.3350849882461935,-1.766332044510771,-0.10415413391024642,0.0,-0.4176438258962746,-0.30400872376098853,-0.2514313342302585,-0.18322039180694327,-0.6866000517477883,0.0,-0.34999125035692996,-0.3482578901032028,-0.31442358061949116,1.0645774630858533,1.5383417081069353,-0.21157763222088652,-0.16488998138304817,-0.3274158979913711,0.0,-0.13814310036932095,-0.16779192950349286,0.0,1.1087864782747865,0.01895105056132852,0.44347729818709686,-0.2750125580051014,0.34768004121379376,0.0,-0.22000734840294592,-0.24988718708375368,-0.3067102564336961,-0.3439574425320488,-0.2644644077124355,-0.9157372892385465,-0.30545727604409645,-0.3441778000742036,-0.13651498420458819,-0.4063324202574108,-0.7354255192843109,-0.09622504486493767,-0.3631450608616812,0.6821630238749299,-0.03956245435044394,0.0,-0.4792530348900524,0.40407476587268387,0.0,0.0,0.0,-0.30993723724455036,-0.6197479265077847,1.2803732016229563,0.0,0.0,-0.5423550294585298,-0.31805374841748824,-0.09622504486493764,-0.22765759444538225,-0.09622504486493767,0.0,-0.23517724187582092,-0.3237810263648817,-0.2476824920070451,-0.2938796959007981,0.0,-0.29597376215777643,-0.15371343041509344,-0.17959640829643997,-0.36880375309026625,-0.15901382303513992,-0.680641526636311,-0.23425286532268833,-0.16752422536831607,0.0,-0.6652632955827408,-0.5403821531067468,-0.5512228193336689,-0.35598084039789485,-0.1360145237956077,-0.17165843696845598,-0.8784276878750891,-0.6811623849134912,-0.43877705565158465,-0.36532730044685163,-0.7641805610224003,-0.19197291732187582,-0.1439677118432598,-0.335765895162113,-0.23089146910097072,-0.7129104193111351,-0.7911474854887021,0.4523366630539669,-0.1342622540128084,-0.3402656587809318,-0.1358532763751324,-0.4799819718069445,-0.14810207928107974,-0.5768042414376395,-0.13166153612265222,-0.1677050983124842,-0.13401887572789387,-0.9989728066578355,-0.09622504486493762,-0.13345099217921402,-0.6671434497146329,-0.1245330990169104,-0.09622504486493767,0.0,-0.09622504486493766,-0.2292421346744024,0.9201610526196963,-0.7624603811425466,-0.29599936395118165,-0.4824905740057288,-0.17939888720515706,0.0,-1.222220457490954,0.2689942456034727,0.6769779380048061
1-21,-0.09622504486493762,-0.11072255892128344,1.465862076280225,-0.3309293939447612,-0.3852696979537873,0.026188529991943352,-0.1253912551643907,0.18534551492151696,-0.15576706203027013,-0.3796221136411703,-0.6325614378098636,0.6738959211270676,-0.10415413391024642,0.0,-0.4176438258962746,0.5544992948938441,2.480140220269642,-0.32571787812129793,0.47773227865554774,0.0,-0.34999125035692996,-0.3482578901032028,-0.31442358061949116,-0.28668733654471124,-1.1804067967536827,-0.21157763222088652,-0.16488998138304817,-0.737760901452139,0.0,-0.13814310036932095,-0.16779192950349286,0.0,-0.4915597515411089,-0.39060106812428436,-0.6662814293104595,-0.2750125580051014,-0.4147614234201915,0.0,-0.22000734840294592,-0.24988718708375368,2.779665799579858,-0.3439574425320488,-0.2644644077124355,0.5866065779735541,-0.30545727604409645,-0.3441778000742036,-0.13651498420458819,1.0153130027100954,3.645068632506638,-0.09622504486493767,2.6047526890113644,2.8516413637676505,-0.4361184994455423,0.0,-0.4792530348900524,-0.9929663591859054,0.0,0.0,0.0,-0.30993723724455036,-0.028654597616829786,-0.5376941452660844,0.0,0.0,0.1738251884696137,-0.31805374841748824,-0.09622504486493764,-0.22765759444538225,-0.09622504486493767,0.0,-0.23517724187582092,-0.3237810263648817,3.110636014317881,-0.2938796959007981,0.0,-0.29597376215777643,-0.15371343041509344,-0.17959640829643997,-0.36880375309026625,-0.15901382303513992,0.5639677637504021,-0.23425286532268833,-0.16752422536831607,0.0,3.39837510296803,0.2855690124473926,-0.16959154528665837,1.1526471379602132,-0.1360145237956077,-0.17165843696845598,-0.5927659580779011,1.608318543085391,1.2280772000089912,-0.5486045204849243,1.5448567260659614,-0.19197291732187582,-0.37032082733642196,-0.335765895162113,-0.23089146910097072,-0.7129104193111351,-0.5043941407115533,-0.4028250676839442,-0.1342622540128084,0.6523453039414924,-0.1358532763751324,0.5727795165815969,-0.14810207928107974,0.3815588667046955,-0.13166153612265222,-0.1677050983124842,11.136617212639628,-0.4501930917839812,-0.09622504486493762,-0.13345099217921402,0.37694225754948024,-0.1245330990169104,-0.09622504486493767,0.0,-0.09622504486493766,-0.2292421346744024,-0.7017194951040551,0.43970262489908857,-0.29599936395118165,-0.4824905740057288,-0.17939888720515706,0.0,1.2035722934654303,-0.5891551621991967,-0.22414480153072694
2-21,-0.09622504486493762,-0.11072255892128344,3.2362088899399772,-0.3309293939447612,-0.16261122742178458,0.9702275826484812,-0.17786597712775212,-0.03476119375751033,-0.15576706203027013,-0.3796221136411703,-0.5757027119896188,-0.2178030229673662,-0.10415413391024642,0.0,-0.4176438258962746,0.16379479611282194,-0.2514313342302585,-0.16754566831236423,0.7466343526173969,0.0,2.2611957396018507,-0.3482578901032028,-0.31442358061949116,-0.7710967934086109,-1.1442525787030153,-0.21157763222088652,-0.16488998138304817,-0.5128743159255972,0.0,0.15761261382592068,-0.16779192950349286,0.0,-0.4915597515411089,-0.6972056597085957,1.8801416973506,-0.2750125580051014,-0.4147614234201915,0.0,-0.22000734840294592,-0.24988718708375368,-0.3067102564336961,-0.3439574425320488,0.26973520185215877,2.661762555446135,-0.30545727604409645,-0.3441778000742036,-0.13651498420458819,0.5370023931135511,0.2669378706956661,-0.09622504486493767,-0.3631450608616812,2.8672991865896504,-0.4361184994455423,0.0,-0.4792530348900524,-0.9929663591859054,0.0,0.0,0.0,-0.30993723724455036,-0.6197479265077847,-0.5376941452660844,0.106,0.122,-0.5423550294585298,0.06016044319328946,-0.09622504486493764,-0.22765759444538225,-0.09622504486493767,0.0,-0.23517724187582092,0.01119175101757066,-0.2476824920070451,-0.2938796959007981,0.0,-0.29597376215777643,-0.15371343041509344,-0.17959640829643997,-0.36880375309026625,-0.15901382303513992,-0.05497307255001722,-0.23425286532268833,9.549661480781378,0.0,0.17119365944741768,-0.5403821531067468,-0.5196100794685808,0.7201737841642223,7.961993048405069,-0.17165843696845598,-0.5792619490329431,1.167625868318751,2.9942111762261527,-0.7899384996654918,1.0987312549072028,-0.19197291732187582,-0.37032082733642196,-0.335765895162113,-0.12388819473019773,2.7191863318186047,-0.3823242183992995,-0.4028250676839442,-0.1342622540128084,0.944025159654101,-0.1358532763751324,0.7159550790024384,-0.14810207928107974,1.0965281696045328,-0.13166153612265222,-0.1677050983124842,-0.13401887572789387,-0.3860693751003514,-0.09622504486493762,-0.13345099217921402,0.4905349155157147,-0.1245330990169104,-0.09622504486493767,0.0,-0.09622504486493766,-0.2292421346744024,-0.651619601361942,0.3709715087632757,-0.29599936395118165,-0.4824905740057288,-0.17939888720515706,0.0,1.3376499203919072,-0.4392514867575062,-0.37782989685346624
3-21,-0.09622504486493762,-0.11072255892128344,2.657574133724338,-0.3309293939447612,0.03649143514461582,1.53852039850509,-0.12135473809028598,-0.23176277832105965,-0.15576706203027013,-0.3796221136411703,-0.46696367413062506,0.5738112276778159,-0.10415413391024642,0.0,1.3992457226813104,0.004387360610164887,-0.2514313342302585,-0.4867400376565187,0.07233168999225266,0.0,3.636025253254391,-0.3482578901032028,-0.31442358061949116,-0.9920728603567431,-0.8209949152903991,-0.21157763222088652,-0.16488998138304817,-0.737760901452139,0.0,0.40148136061848827,-0.16779192950349286,0.0,-0.4915597515411089,-0.6972056597085957,-0.6662814293104595,-0.2750125580051014,-0.4147614234201915,0.0,-0.22000734840294592,-0.24988718708375368,1.949715935777894,3.783133307664203,2.6282768742694236,2.4349490095991926,-0.30545727604409645,-0.3441778000742036,-0.13651498420458819,1.9586478160810574,-0.08195104404874576,-0.09622504486493767,-0.3631450608616812,1.0942371546507497,-0.4361184994455423,0.0,0.28843629338393123,0.605786586068309,0.0,0.0,0.0,-0.30993723724455036,0.6813569157847313,-0.5376941452660844,0.0,0.0,4.64995155052051,-0.31805374841748824,-0.09622504486493764,-0.22765759444538225,-0.09622504486493767,0.0,-0.23517724187582092,0.31950002870788746,4.680758952339925,-0.2938796959007981,0.115,-0.29597376215777643,-0.15371343041509344,-0.17959640829643997,-0.36880375309026625,-0.15901382303513992,0.6873074231580946,3.197051237429722,-0.16752422536831607,0.0,6.254786619613571,2.528593256158144,-0.5987843288604233,-0.35598084039789485,10.453687686005278,-0.17165843696845598,-0.5039511293591391,0.3569398783737014,2.231324902475545,-0.82579708619468,0.5985299690625344,-0.19197291732187582,-0.37032082733642196,-0.335765895162113,-0.23089146910097072,-0.7129104193111351,-0.6783992663348386,-0.4028250676839442,-0.1342622540128084,0.45639297796716266,-0.1358532763751324,-0.4799819718069445,-0.14810207928107974,0.8759525336035191,-0.13166153612265222,-0.1677050983124842,1.7079459218855686,-0.7812504197785346,-0.09622504486493762,-0.13345099217921402,-8.86922958939068e-05,-0.1245330990169104,-0.09622504486493767,0.0,-0.09622504486493766,-0.2292421346744024,-0.9395387221133612,0.7642545339416297,-0.29599936395118165,-0.4824905740057288,-0.17939888720515706,0.0,0.5831792061615619,-0.7174398331969724,0.22751673687095786
4-21,43.00209777700549,-0.11072255892128344,0.818342230038915,-0.3309293939447612,-0.021837232198780407,1.4749613335737586,0.32535315144397015,-0.2568946677098252,-0.15576706203027013,-0.3796221136411703,-0.5620775795349978,0.7928840624981706,0.4813161265603839,0.215,0.5026760434812604,-0.30400872376098853,-0.2514313342302585,-0.4867400376565187,0.5159518627719527,0.0,-0.34999125035692996,-0.3482578901032028,-0.31442358061949116,-0.1544756727957541,-1.0799784132796066,-0.21157763222088652,-0.16488998138304817,-0.5712864160623613,0.0,-0.13814310036932095,-0.16779192950349286,0.0,-0.4915597515411089,-0.6972056597085957,-0.6662814293104595,-0.2750125580051014,-0.4147614234201915,0.0,-0.22000734840294592,-0.24988718708375368,-0.3067102564336961,4.478222276118309,0.9752818559940757,1.434825191417124,-0.30545727604409645,6.091132722746771,-0.13651498420458819,1.2943275249747461,2.570712291865116,-0.09622504486493767,-0.3631450608616812,1.1993682507413237,-0.4361184994455423,0.0,0.1456103718445854,0.04921137849149152,0.0,0.0,0.0,-0.30993723724455036,0.978652377061247,-0.5376941452660844,0.0,0.0,3.452339074985115,-0.31805374841748824,3.758217034954614,-0.22765759444538225,-0.09622504486493767,0.0,-0.23517724187582092,0.24783918578527334,4.637144426283757,-0.2938796959007981,0.0,-0.29597376215777643,-0.15371343041509344,1.0563082760771723,-0.36880375309026625,-0.15901382303513992,0.31953098419697573,-0.23425286532268833,-0.16752422536831607,0.0,5.19586770845837,1.2005933429142333,-0.5962211337362269,-0.35598084039789485,15.810831156845728,-0.17165843696845598,-0.4182526104199827,0.5675650538136396,3.2084463626903648,-1.034118398411868,1.19066013987325,-0.19197291732187582,-0.37032082733642196,-0.335765895162113,-0.23089146910097072,-0.7129104193111351,-0.34770074952527846,-0.4028250676839442,-0.1342622540128084,1.0513170889580785,-0.1358532763751324,-0.4799819718069445,-0.14810207928107974,-0.5768042414376395,5.608781438824985,-0.1677050983124842,1.9450304997962122,-0.5366855468456213,-0.09622504486493762,-0.13345099217921402,1.3364376876046953,-0.1245330990169104,-0.09622504486493767,0.0,-0.09622504486493766,-0.2292421346744024,0.36528402699036483,-0.21782154432054932,-0.29599936395118165,2.517891092947917,-0.17939888720515706,0.255,0.38319901684749436,-0.641326643997735,-0.4230214392005713
1-22,-0.09622504486493762,-0.11072255892128344,-0.697129750525853,-0.3309293939447612,-0.4531328589975463,-0.9131770620078786,-0.37430980806751535,-0.44443801433136604,1.6176109690100018,2.5733907079766825,-0.029125283136942046,-0.09363585476835912,-0.10415413391024642,0.0,-0.4176438258962746,-0.30400872376098853,-0.2514313342302585,-0.4867400376565187,-0.6866000517477883,0.0,-0.34999125035692996,-0.3482578901032028,-0.31442358061949116,0.8206128456189755,0.8987042039075032,-0.21157763222088652,-0.16488998138304817,-0.5493818785110748,0.0,-0.13814310036932095,-0.16779192950349286,0.0,5.530795797502918,-0.02580874383054178,0.5209023256869264,-0.2750125580051014,-0.23853430039126222,0.0,-0.22000734840294592,-0.24988718708375368,-0.3067102564336961,-0.3439574425320488,-0.2644644077124355,-0.900560692248174,-0.30545727604409645,-0.3441778000742036,-0.13651498420458819,-0.4063324202574108,-0.7354255192843109,-0.09622504486493767,-0.3631450608616812,-0.6770851191968179,2.4336445708561842,0.0,-0.4792530348900524,0.1388610763562137,0.0,0.0,0.0,-0.30993723724455036,2.5385791503474358,-0.4745978276375642,0.0,0.0,0.5478304133876443,-0.31805374841748824,-0.09622504486493764,-0.22765759444538225,-0.09622504486493767,0.0,-0.23517724187582092,-0.3237810263648817,-0.2476824920070451,-0.2938796959007981,0.0,-0.29597376215777643,-0.15371343041509344,-0.17959640829643997,-0.36880375309026625,-0.15901382303513992,-0.680641526636311,-0.23425286532268833,-0.16752422536831607,0.0,-0.6652632955827408,-0.5403821531067468,0.19181896722502556,-0.35598084039789485,-0.1360145237956077,-0.17165843696845598,-0.25620450188048693,-0.6390373498255036,-0.43877705565158465,0.9284277341697291,-0.7641805610224003,-0.19197291732187582,-0.37032082733642196,-0.335765895162113,-0.23089146910097072,-0.7129104193111351,-0.7911474854887021,-0.4028250676839442,-0.1342622540128084,-0.21562713012840734,-0.1358532763751324,-0.4799819718069445,-0.14810207928107974,-0.5768042414376395,-0.13166153612265222,-0.1677050983124842,-0.13401887572789387,-0.29659442158831,-0.09622504486493762,-0.13345099217921402,0.5678745975352787,-0.1245330990169104,-0.09622504486493767,0.0,-0.09622504486493766,-0.2292421346744024,1.3194592759878776,-0.5460573569844587,0.4316145028059664,-0.4824905740057288,-0.17939888720515706,0.0,-1.1953636138847261,-0.06279493830024525,-0.2527491860126024
2-22,-0.09622504486493762,-0.11072255892128344,-0.697129750525853,-0.3309293939447612,-0.43294216645560146,-0.9131770620078786,-0.37430980806751535,-0.4306560104730107,3.280683189507099,2.3366988405950986,0.42364834920122924,0.33350438286305323,-0.10415413391024642,0.0,-0.4176438258962746,-0.30400872376098853,-0.2514313342302585,-0.4867400376565187,-0.6866000517477883,0.0,-0.34999125035692996,-0.3482578901032028,-0.31442358061949116,-0.6140266970412974,1.3824646838177788,-0.21157763222088652,-0.16488998138304817,-0.35954255306659144,0.0,-0.13814310036932095,-0.16779192950349286,0.0,1.8879024059483147,0.596352398216455,-0.6662814293104595,-0.2750125580051014,-0.09340608142626165,0.0,-0.22000734840294592,-0.24988718708375368,-0.3067102564336961,-0.3439574425320488,-0.2644644077124355,-0.8916496628226342,-0.30545727604409645,1.7443611119975124,-0.13651498420458819,-0.4063324202574108,-0.7354255192843109,-0.09622504486493767,-0.3631450608616812,-0.6676407181295796,2.408740084932338,0.0,-0.4792530348900524,-0.9929663591859054,0.0,0.0,0.0,-0.30993723724455036,5.987206501155018,-0.4332781152082678,0.0,0.0,-0.5423550294585298,0.5395868832632895,-0.09622504486493764,-0.22765759444538225,-0.09622504486493767,0.0,-0.23517724187582092,-0.3237810263648817,-0.2476824920070451,-0.2938796959007981,0.0,-0.29597376215777643,-0.15371343041509344,-0.17959640829643997,-0.36880375309026625,-0.15901382303513992,-0.3958390403676396,-0.23425286532268833,-0.16752422536831607,0.0,-0.6652632955827408,-0.5403821531067468,0.09783514600449308,-0.35598084039789485,-0.1360145237956077,-0.17165843696845598,-0.37722119832184114,-0.6390373498255036,-0.43877705565158465,0.7172605023867324,-0.7641805610224003,-0.19197291732187582,-0.37032082733642196,-0.335765895162113,-0.23089146910097072,-0.7129104193111351,-0.7911474854887021,-0.4028250676839442,-0.1342622540128084,-0.40643972296242675,-0.1358532763751324,-0.4799819718069445,-0.14810207928107974,-0.5768042414376395,-0.13166153612265222,-0.1677050983124842,-0.13401887572789387,-0.8438828872369637,-0.09622504486493762,-0.13345099217921402,-0.6671434497146329,-0.1245330990169104,-0.09622504486493767,0.0,-0.09622504486493766,-0.2292421346744024,-0.66083218512857,0.5795857081218994,-0.29599936395118165,-0.4824905740057288,-0.17939888720515706,0.0,-0.3549510001144508,-0.33222848128721694,0.678247363351635
3-22,-0.09622504486493762,-0.11072255892128344,-0.697129750525853,-0.3309293939447612,-0.38358714024195856,-0.9131770620078786,-0.37430980806751535,-0.44443801433136604,-0.15576706203027013,-0.3796221136411703,-0.10353946808140997,0.9978440492124855,-0.10415413391024642,0.0,-0.4176438258962746,-0.30400872376098853,-0.2514313342302585,-0.4867400376565187,-0.6866000517477883,0.0,-0.34999125035692996,-0.3482578901032028,-0.31442358061949116,-1.2530864028494848,1.9808352522624093,-0.21157763222088652,-0.031093776113364512,-0.737760901452139,0.0,-0.13814310036932095,-0.16779192950349286,0.0,1.3088297570017735,-0.6972056597085957,-0.6662814293104595,-0.2750125580051014,-0.4147614234201915,0.0,-0.22000734840294592,-0.24988718708375368,-0.3067102564336961,-0.3439574425320488,-0.2644644077124355,-0.6914299704175368,-0.30545727604409645,-0.3441778000742036,-0.13651498420458819,-0.4063324202574108,-0.7354255192843109,-0.09622504486493767,-0.3631450608616812,-0.718342239648438,0.3454992126259559,0.0,-0.4792530348900524,0.5460201208251608,0.0,0.0,0.0,-0.30993723724455036,-0.6197479265077847,-0.5376941452660844,0.0,0.0,0.15393129352716525,-0.31805374841748824,-0.09622504486493764,-0.22765759444538225,-0.09622504486493767,0.0,-0.23517724187582092,4.754139633756174,-0.2476824920070451,-0.2938796959007981,0.0,-0.29597376215777643,-0.15371343041509344,-0.17959640829643997,-0.36880375309026625,-0.15901382303513992,-0.680641526636311,-0.23425286532268833,-0.16752422536831607,0.0,-0.6652632955827408,3.144007850100444,-0.6899201554985154,-0.35598084039789485,-0.1360145237956077,-0.17165843696845598,-0.44785755332623667,-0.6811623849134912,-0.43877705565158465,-0.9589861218745215,-0.7641805610224003,-0.19197291732187582,-0.37032082733642196,-0.335765895162113,-0.23089146910097072,-0.7129104193111351,-0.7911474854887021,-0.4028250676839442,-0.1342622540128084,-0.1931407976395498,-0.1358532763751324,-0.4799819718069445,-0.14810207928107974,-0.5768042414376395,-0.13166153612265222,-0.1677050983124842,-0.13401887572789387,-1.1913439567087247,-0.09622504486493762,-0.13345099217921402,-0.6671434497146329,-0.1245330990169104,-0.09622504486493767,0.0,-0.09622504486493766,-0.2292421346744024,-1.3892991318436927,-1.2133175572034267,-0.29599936395118165,-0.4824905740057288,-0.17939888720515706,0.0,-1.1883395163261743,-0.8110626293011987,5.662011275001479
4-22,-0.09622504486493762,-0.11072255892128344,-0.697129750525853,-0.3309293939447612,-0.4234076727552386,-0.9131770620078786,-0.37430980806751535,-0.44443801433136604,-0.15576706203027013,-0.3796221136411703,0.14223695965771305,1.336422928086733,-0.10415413391024642,0.0,-0.4176438258962746,-0.30400872376098853,-0.2514313342302585,-0.4867400376565187,-0.6866000517477883,0.0,-0.34999125035692996,-0.3482578901032028,-0.31442358061949116,-1.1247244963644323,1.7036529138739596,-0.21157763222088652,-0.16488998138304817,-0.737760901452139,0.0,-0.13814310036932095,-0.16779192950349286,0.0,-0.4915597515411089,-0.6972056597085957,-0.6662814293104595,-0.2750125580051014,-0.4147614234201915,0.0,-0.22000734840294592,-0.24988718708375368,-0.3067102564336961,-0.3439574425320488,-0.2644644077124355,-0.8681189757458183,-0.30545727604409645,-0.3441778000742036,-0.13651498420458819,-0.4063324202574108,-0.7354255192843109,-0.09622504486493767,-0.3631450608616812,-0.718342239648438,-0.19473655895287373,0.0,-0.4792530348900524,1.6367581115126155,0.0,0.0,0.0,-0.30993723724455036,-0.6197479265077847,-0.4762729511144276,0.0,0.0,0.29716733711279397,-0.31805374841748824,-0.09622504486493764,-0.22765759444538225,-0.09622504486493767,0.0,-0.23517724187582092,0.9761133336267245,-0.2476824920070451,-0.2938796959007981,0.0,-0.29597376215777643,-0.15371343041509344,-0.17959640829643997,-0.36880375309026625,-0.15901382303513992,-0.680641526636311,-0.23425286532268833,-0.16752422536831607,0.0,-0.6652632955827408,1.103422617554923,0.2980491651500516,-0.35598084039789485,-0.1360145237956077,-0.17165843696845598,-0.6649604679720996,-0.6811623849134912,-0.43877705565158465,-0.719359694433439,-0.7641805610224003,-0.19197291732187582,-0.37032082733642196,1.1839898930574926,-0.23089146910097072,-0.7129104193111351,-0.7911474854887021,-0.4028250676839442,-0.1342622540128084,-0.18414626464400685,-0.1358532763751324,-0.4799819718069445,-0.14810207928107974,-0.5768042414376395,-0.13166153612265222,-0.1677050983124842,-0.13401887572789387,-0.7245829492209084,-0.09622504486493762,-0.13345099217921402,-0.6671434497146329,-0.1245330990169104,-0.09622504486493767,0.0,-0.09622504486493766,-0.2292421346744024,1.5285538738371927,-0.48874634207488704,-0.29599936395118165,-0.4824905740057288,-0.17939888720515706,0.0,-1.1844142853375716,-0.4748067089421265,-0.44197819104654795
1-23,-0.09622504486493762,-0.11072255892128344,0.17771089280017216,-0.3309293939447612,-0.5193134623294766,-0.13083974807369847,-0.16037440313996496,2.5931426595871203,-0.15576706203027013,-0.3796221136411703,-0.4284464727685237,-0.2962652794101175,-0.10415413391024642,0.0,0.2829867843395262,-0.30400872376098853,-0.2514313342302585,-0.15187094481778526,-0.11330629000171424,0.0,0.9654931044329103,0.18005130808432088,-0.31442358061949116,-0.6483445332223912,-0.6792387303745673,-0.21157763222088652,-0.12367849199618358,-0.2894480329024745,0.0,-0.13814310036932095,6.5106472311880355,0.0,-0.4915597515411089,2.818676189772813,1.2435359156853352,-0.2750125580051014,-0.4147614234201915,0.0,-0.22000734840294592,-0.24988718708375368,-0.3067102564336961,1.437208039131597,-0.2644644077124355,0.33890780691050243,-0.30545727604409645,-0.3441778000742036,-0.13651498420458819,-0.4063324202574108,1.114239520789238,-0.09622504486493767,-0.3631450608616812,-0.3477737661944288,-0.09895007463038621,0.0,-0.4792530348900524,-0.3355352415112752,0.0,0.0,0.0,-0.30993723724455036,0.8912125355093309,-0.45617146939206715,0.0,0.0,-0.5423550294585298,0.19333445432384505,-0.09622504486493764,-0.22765759444538225,-0.09622504486493767,0.0,-0.23517724187582092,-0.05546949821276813,-0.2476824920070451,-0.2938796959007981,0.0,-0.29597376215777643,-0.15371343041509344,-0.17959640829643997,-0.36880375309026625,-0.15901382303513992,-0.003394669524982329,-0.23425286532268833,-0.16752422536831607,0.0,-0.0008435866226148198,0.4880080236126229,0.028913677109435952,-0.35598084039789485,-0.1360145237956077,-0.17165843696845598,1.1201656507786917,-0.4446141109578682,-0.43877705565158465,0.31655502752088444,-0.26938685664632284,-0.19197291732187582,-0.37032082733642196,-0.335765895162113,-0.23089146910097072,0.6892763768748869,1.5321760540834293,-0.4028250676839442,-0.1342622540128084,-0.1366037330961367,-0.1358532763751324,-0.4799819718069445,-0.14810207928107974,0.71622534891313,-0.13166153612265222,-0.1677050983124842,-0.13401887572789387,0.6100851073337101,-0.09622504486493762,-0.13345099217921402,0.35277360691836646,-0.1245330990169104,-0.09622504486493767,0.0,-0.09622504486493766,-0.2292421346744024,0.23765351256056144,-0.36086225921881854,-0.29599936395118165,0.40947071502886045,-0.17939888720515706,0.0,0.6801737298009779,-0.2596886812522631,-0.24310155337670358
2-23,-0.09622504486493762,-0.11072255892128344,0.3912546718797531,-0.3309293939447612,-0.5193134623294766,-0.6299653462109174,-0.37430980806751535,5.416561802961556,-0.15576706203027013,-0.3796221136411703,-0.3042481500090948,-0.6257808613355325,-0.10415413391024642,0.0,0.2532990466176703,-0.30400872376098853,-0.2514313342302585,-0.4867400376565187,-0.25253477499718935,0.0,-0.34999125035692996,-0.3482578901032028,-0.31442358061949116,0.0949885979052731,-1.1033508370699372,-0.21157763222088652,-0.16488998138304817,-0.47198584582986236,0.0,-0.13814310036932095,-0.16779192950349286,0.0,-0.4915597515411089,1.1491358589560523,-0.6662814293104595,-0.2750125580051014,-0.4147614234201915,0.0,2.4283417378390313,-0.24988718708375368,-0.3067102564336961,-0.3439574425320488,-0.2644644077124355,-0.5005390119423014,-0.30545727604409645,-0.3441778000742036,-0.13651498420458819,-0.4063324202574108,0.23924827428737944,-0.09622504486493767,-0.3631450608616812,-0.6589419276729127,-0.4361184994455423,0.0,-0.4792530348900524,-0.9929663591859054,0.0,0.0,0.0,-0.30993723724455036,0.09725877421792975,-0.5376941452660844,0.0,0.0,0.37276413789409807,0.025535200299345067,-0.09622504486493764,-0.22765759444538225,-0.09622504486493767,0.0,-0.23517724187582092,-0.3237810263648817,-0.2476824920070451,-0.2938796959007981,0.0,-0.29597376215777643,-0.15371343041509344,-0.17959640829643997,-0.36880375309026625,-0.15901382303513992,-0.680641526636311,-0.23425286532268833,-0.16752422536831607,0.0,-0.6652632955827408,0.5042031445058414,0.20691333851195953,-0.35598084039789485,-0.1360145237956077,-0.17165843696845598,-0.11389302194516053,-0.6402156724853073,-0.43877705565158465,-0.6134914865853598,-0.6154720706361475,-0.19197291732187582,-0.37032082733642196,-0.335765895162113,-0.23089146910097072,-0.7129104193111351,0.7527041137913655,0.579455298704197,-0.1342622540128084,-0.40643972296242675,-0.1358532763751324,-0.4799819718069445,-0.14810207928107974,-0.5768042414376395,-0.13166153612265222,-0.1677050983124842,-0.13401887572789387,-0.6559854848616766,-0.09622504486493762,-0.13345099217921402,-0.6671434497146329,-0.1245330990169104,-0.09622504486493767,0.0,-0.09622504486493766,-0.2292421346744024,-0.44412944225850143,0.43928160734236066,-0.29599936395118165,-0.4824905740057288,-0.17939888720515706,0.0,0.9095931515295647,-0.46444388036570444,-0.42378309440866857
3-23,-0.09622504486493762,-0.11072255892128344,0.10193729377193378,-0.3309293939447612,-0.4273336407495057,-0.36731685730350433,-0.37430980806751535,3.8187951791865413,-0.15576706203027013,-0.3796221136411703,-0.40669866519672493,-0.8855090567549363,-0.10415413391024642,0.0,1.19736910617269,-0.30400872376098853,-0.2514313342302585,-0.4867400376565187,-0.36036860161133183,0.0,-0.34999125035692996,-0.3482578901032028,-0.31442358061949116,-0.10970849546977608,-0.8328637242464263,-0.21157763222088652,-0.10589545205527627,-0.737760901452139,0.0,-0.13814310036932095,-0.16779192950349286,0.0,-0.4915597515411089,0.8291033290541804,-0.6662814293104595,-0.2750125580051014,-0.4147614234201915,0.0,1.0379584675619933,-0.24988718708375368,-0.3067102564336961,-0.3439574425320488,0.8593706199564751,0.41882860207081274,-0.30545727604409645,-0.3441778000742036,-0.13651498420458819,0.5569320018467405,-0.7354255192843109,-0.09622504486493767,0.6939144116958419,-0.4489282723619551,-0.4361184994455423,0.0,-0.4792530348900524,0.04921137849149152,0.0,0.0,0.0,1.4046215770612984,0.5659363249362017,-0.5376941452660844,0.0,0.0,0.8820478484207778,-0.31805374841748824,-0.09622504486493764,-0.22765759444538225,-0.09622504486493767,0.0,-0.23517724187582092,-0.12546380990462386,-0.2476824920070451,-0.2938796959007981,0.0,-0.29597376215777643,-0.15371343041509344,-0.17959640829643997,-0.36880375309026625,-0.15901382303513992,-0.13794702524246483,-0.23425286532268833,-0.16752422536831607,0.0,-0.06906525316762772,-0.5403821531067468,-0.21572905752219249,-0.35598084039789485,-0.1360145237956077,-0.17165843696845598,0.9991489543373372,-0.5518414730000185,-0.43877705565158465,-0.48713265786345883,-0.4018726026268026,-0.19197291732187582,-0.37032082733642196,-0.335765895162113,-0.23089146910097072,-0.7129104193111351,0.8951930049267597,-0.4028250676839442,-0.1342622540128084,-0.20791753041794198,-0.1358532763751324,-0.4799819718069445,-0.14810207928107974,-0.5768042414376395,-0.13166153612265222,-0.1677050983124842,-0.13401887572789387,0.5981551135321046,-0.09622504486493762,-0.13345099217921402,-0.6671434497146329,-0.1245330990169104,-0.09622504486493767,0.0,-0.09622504486493766,-0.2292421346744024,-0.49505743341783937,0.2705061942891047,1.6443042807345463,0.4975253943851086,-0.17939888720515706,0.0,0.9792143538010942,-0.21859470586300345,-0.34490946619237284
4-23,-0.09622504486493762,-0.11072255892128344,0.9216698650774218,-0.3309293939447612,-0.41106891620182795,-0.15327235922593294,-0.19535755111553924,1.8590482776023711,-0.15576706203027013,-0.3796221136411703,-0.3959557722998123,0.29064793586214466,-0.10415413391024642,0.0,0.5442388762918587,-0.30400872376098853,-0.2514313342302585,-0.2459192857852593,0.1610557245481926,0.0,0.8665845063284109,0.4989124809548974,-0.31442358061949116,-0.23466061694965584,-0.605408652099383,-0.21157763222088652,0.31412301512043955,-0.737760901452139,0.0,-0.13814310036932095,-0.16779192950349286,0.0,-0.4915597515411089,1.9413842196921562,0.7617801890197293,-0.2750125580051014,-0.4147614234201915,0.0,6.169134822155824,-0.24988718708375368,-0.3067102564336961,2.754980875159172,0.3150917724755678,0.13673882681856833,-0.30545727604409645,1.5094004843894442,-0.13651498420458819,-0.4063324202574108,0.7985781217347702,-0.09622504486493767,-0.3631450608616812,-0.39922089832385865,-0.4361184994455423,0.0,-0.4792530348900524,0.04174057033609799,0.0,0.0,0.0,-0.30993723724455036,0.8912125355093306,-0.5376941452660844,0.0,0.0,0.03456792387247467,-0.31805374841748824,-0.09622504486493764,-0.22765759444538225,-0.09622504486493767,0.0,-0.23517724187582092,0.21784162363162085,-0.2476824920070451,-0.2938796959007981,0.0,-0.29597376215777643,-0.15371343041509344,-0.17959640829643997,-0.36880375309026625,-0.15901382303513992,1.7726964259457871,-0.23425286532268833,-0.16752422536831607,0.0,0.6398468470175066,-0.5403821531067468,-0.5235972718839973,-0.35598084039789485,-0.1360145237956077,-0.17165843696845598,0.9155279752512508,-0.3347355229311591,0.20915375219139784,-0.4404595769841981,-0.08823287744852398,-0.19197291732187582,-0.37032082733642196,-0.335765895162113,-0.23089146910097072,0.738189869765097,0.544519409920649,-0.4028250676839442,-0.1342622540128084,-0.16551473201038203,-0.1358532763751324,-0.4799819718069445,-0.14810207928107974,-0.5768042414376395,-0.13166153612265222,-0.1677050983124842,-0.13401887572789387,-0.0013270749985730918,-0.09622504486493762,-0.13345099217921402,-0.25869325404881083,-0.1245330990169104,-0.09622504486493767,0.0,-0.09622504486493766,-0.2292421346744024,-1.298674220746131,1.8918974324424442,-0.29599936395118165,-0.4824905740057288,-0.17939888720515706,0.0,-0.06386413364387128,-0.8110626293011987,-0.4199748183681822
1-24,-0.09622504486493762,-0.11072255892128344,-0.697129750525853,-0.3309293939447612,-0.1592461119981271,-0.08784391003191554,0.45452169781532126,-0.06827037960919777,-0.15576706203027013,-0.3796221136411703,-0.31341891223816654,-0.49190301783420476,-0.10415413391024642,0.0,-0.4176438258962746,-0.009157062014243891,-0.2514313342302585,-0.3100431546267189,0.6237856893860954,0.0,-0.34999125035692996,3.3061412381880113,-0.31442358061949116,-0.4381477866131921,-0.46961730450504163,-0.21157763222088652,-0.16488998138304817,-0.27192440286144526,0.0,-0.13814310036932095,-0.16779192950349286,0.0,-0.4915597515411089,-0.6972056597085957,1.8027166698507704,-0.2750125580051014,-0.4147614234201915,0.0,-0.22000734840294592,-0.24988718708375368,1.6644206700959687,-0.3439574425320488,-0.2644644077124355,0.023540906147258102,-0.30545727604409645,-0.3441778000742036,-0.13651498420458819,-0.4063324202574108,0.5770613504684766,-0.09622504486493767,-0.3631450608616812,0.07051378633615292,-0.4361184994455423,0.0,-0.4792530348900524,-0.5447178698622939,0.0,0.0,0.0,-0.30993723724455036,1.9299978531460975,-0.5376941452660844,0.0,0.0,-0.5423550294585298,0.030862160744567293,-0.09622504486493764,-0.22765759444538225,-0.09622504486493767,0.0,-0.23517724187582092,0.46115518332235733,-0.2476824920070451,-0.2938796959007981,0.0,1.5324438381482135,-0.15371343041509344,-0.17959640829643997,-0.36880375309026625,1.2215623813032581,-0.33080540177085643,-0.23425286532268833,-0.16752422536831607,0.0,-0.6652632955827408,-0.5403821531067468,0.8012898078672666,-0.35598084039789485,-0.1360145237956077,-0.17165843696845598,0.0777600295005891,4.449843637202377,5.669538382803629,0.507800822343221,2.157265327383893,-0.19197291732187582,-0.37032082733642196,-0.335765895162113,-0.23089146910097072,0.672971879244817,-0.6704092350562183,-0.4028250676839442,-0.1342622540128084,-0.18286133135892926,-0.1358532763751324,-0.4799819718069445,-0.14810207928107974,-0.5768042414376395,-0.13166153612265222,-0.1677050983124842,-0.13401887572789387,0.12841160759388698,-0.09622504486493762,-0.13345099217921402,-0.4012882927723819,-0.1245330990169104,-0.09622504486493767,0.0,-0.09622504486493766,-0.2292421346744024,0.4826668358820098,-0.16535223131334756,-0.29599936395118165,-0.4824905740057288,-0.17939888720515706,0.0,-0.091444046116421,-0.714938460781974,-0.04244772022129891
2-24,-0.09622504486493762,-0.11072255892128344,-0.697129750525853,2.424163127637791,0.04770848655680734,0.10283328476207815,0.9483222865474658,-0.22716877703494123,-0.15576706203027013,-0.3796221136411703,0.03847633558021548,-0.44956447351608636,-0.10415413391024642,0.0,-0.4176438258962746,-0.11021929236560159,-0.2514313342302585,-0.3200179786687237,0.45316254600928757,0.0,-0.34999125035692996,3.4405631051824694,-0.31442358061949116,-0.6391051157890197,-0.4216551431853012,-0.21157763222088652,-0.16488998138304817,-0.5450009710008175,0.0,-0.13814310036932095,-0.16779192950349286,0.0,-0.4915597515411089,-0.6972056597085957,3.841575727346281,-0.2750125580051014,-0.4147614234201915,0.0,-0.22000734840294592,-0.24988718708375368,-0.3067102564336961,-0.3439574425320488,-0.2644644077124355,0.06475441724037959,-0.30545727604409645,-0.3441778000742036,-0.13651498420458819,0.9621673794215905,2.642705242526662,-0.09622504486493767,-0.3631450608616812,-0.3485193768050003,-0.4361184994455423,0.0,-0.4792530348900524,-0.4849514046191456,0.0,0.0,0.0,-0.30993723724455036,3.227605101776537,-0.5376941452660844,0.0,0.0,0.09027082971133032,0.2199692565499562,-0.09622504486493764,-0.22765759444538225,-0.09622504486493767,0.0,5.237019430745613,1.2577571116249056,-0.2476824920070451,-0.2938796959007981,0.0,3.753541728452806,1.4495289631572637,-0.17959640829643997,-0.36880375309026625,-0.15901382303513992,-0.4025666581535138,-0.23425286532268833,-0.16752422536831607,0.0,-0.6652632955827408,0.528495825845669,1.1945978597022824,-0.35598084039789485,-0.1360145237956077,-0.17165843696845598,-0.27749928537445917,3.7036708128815885,5.042508568762033,0.28297317664434307,2.2924548640986684,-0.19197291732187582,-0.37032082733642196,-0.335765895162113,-0.23089146910097072,0.2653594384930663,-0.6326785317960673,-0.4028250676839442,-0.1342622540128084,0.11010345763875713,-0.1358532763751324,-0.4799819718069445,-0.14810207928107974,-0.5768042414376395,-0.13166153612265222,-0.1677050983124842,9.860007946966933,1.3855347044380695,-0.09622504486493762,-0.13345099217921402,-0.6671434497146329,-0.1245330990169104,-0.09622504486493767,0.0,-0.09622504486493766,-0.2292421346744024,-0.17044324586563708,0.21514238557939935,-0.29599936395118165,-0.4824905740057288,-0.17939888720515706,0.0,0.4118118848433605,-0.45979847445213595,-0.10532658906755182
3-24,-0.09622504486493762,-0.11072255892128344,-0.697129750525853,-0.3309293939447612,-0.32638017803978153,-0.1317744402050416,-0.12808226654712718,-0.2424370754270407,-0.15576706203027013,-0.3796221136411703,-0.3844268140689792,-1.118047361327842,-0.10415413391024642,0.0,-0.4176438258962746,-0.15918758954615633,-0.2514313342302585,-0.4867400376565187,-0.496867116312778,0.0,-0.34999125035692996,1.0491043086531469,-0.31442358061949116,-0.03788302423178203,0.01931675879632285,-0.21157763222088652,-0.16488998138304817,-0.3624631580734296,0.0,-0.13814310036932095,-0.16779192950349286,0.0,-0.4915597515411089,-0.6972056597085957,1.4155915323516228,-0.2750125580051014,-0.4147614234201915,0.0,-0.22000734840294592,-0.24988718708375368,1.4050613376578551,-0.3439574425320488,-0.2644644077124355,-0.3603295333248237,-0.30545727604409645,2.1490155262114072,-0.13651498420458819,0.7163688717122554,-0.04318560907714441,-0.09622504486493767,-0.3631450608616812,0.025280075961485154,-0.4361184994455423,0.0,-0.4792530348900524,-0.36168307005515243,0.0,0.0,0.0,-0.30993723724455036,-0.028654597616829786,-0.5376941452660844,0.0,0.0,-0.5423550294585298,0.34515282701267835,-0.09622504486493764,-0.22765759444538225,-0.09622504486493767,0.0,-0.23517724187582092,0.3244996224001629,-0.2476824920070451,-0.2938796959007981,0.0,3.2136063297047275,-0.15371343041509344,-0.17959640829643997,-0.36880375309026625,-0.15901382303513992,-0.680641526636311,-0.23425286532268833,-0.16752422536831607,0.0,-0.6652632955827408,-0.5403821531067468,1.6784721392589028,-0.35598084039789485,-0.1360145237956077,-0.17165843696845598,-0.09000131363485035,5.10558019738322,3.6630429778705222,-0.35508199000994073,0.3862823964203372,-0.19197291732187582,-0.37032082733642196,-0.335765895162113,-0.23089146910097072,-0.7129104193111351,-0.657536406885108,-0.4028250676839442,-0.1342622540128084,0.24373651928682458,-0.1358532763751324,-0.4799819718069445,-0.14810207928107974,-0.5768042414376395,-0.13166153612265222,-0.1677050983124842,-0.13401887572789387,-0.5575630359984309,-0.09622504486493762,-0.13345099217921402,-0.19827162747102653,-0.1245330990169104,-0.09622504486493767,0.0,-0.09622504486493766,-0.2292421346744024,0.5753619905226341,-0.7234110027560432,-0.29599936395118165,-0.4824905740057288,-0.17939888720515706,0.0,0.36563877295111447,-0.6777752134734262,0.3090984724938217
1-25,-0.09622504486493762,-0.11072255892128344,0.5703559059464984,-0.3309293939447612,2.512094681815296,1.64694468574089,-0.37430980806751535,-0.17690499825741013,-0.15576706203027013,-0.3796221136411703,-0.35167409182229437,0.12854439614873822,-0.10415413391024642,0.0,-0.4176438258962746,-0.30400872376098853,-0.2514313342302585,-0.17894546721751262,1.874112084051342,0.0,-0.34999125035692996,-0.3482578901032028,-0.31442358061949116,0.4683050594393502,-0.9742547150405343,-0.21157763222088652,-0.16488998138304817,0.5516862090669288,0.0,-0.13814310036932095,-0.16779192950349286,0.0,-0.4915597515411089,-0.3055574587797309,-0.6662814293104595,-0.2750125580051014,-0.1042906978486367,0.0,-0.22000734840294592,-0.24988718708375368,-0.3067102564336961,-0.3439574425320488,-0.2644644077124355,1.2275045224385495,-0.30545727604409645,-0.3441778000742036,-0.13651498420458819,-0.4063324202574108,0.18386908147080624,-0.09622504486493767,-0.3631450608616812,0.17415366120558412,1.1366955731297028,0.0,-0.4792530348900524,-0.44012655568678455,0.0,0.0,0.0,-0.30993723724455036,-0.6197479265077847,-0.43439486419284334,0.0,0.0,-0.5423550294585298,-0.31805374841748824,-0.09622504486493764,-0.22765759444538225,-0.09622504486493767,0.0,-0.23517724187582092,-0.3237810263648817,-0.2476824920070451,-0.2938796959007981,0.0,1.6674276878352332,-0.15371343041509344,-0.17959640829643997,-0.36880375309026625,-0.15901382303513992,1.8646405356860667,-0.23425286532268833,1.6363666412724331,0.0,-0.3567827164226823,0.649959232544807,-0.4723333694000705,-0.35598084039789485,-0.1360145237956077,-0.17165843696845598,2.462775780825474,0.0626537940876896,-0.43877705565158465,-0.9663855127456239,-0.015230527622545278,-0.19197291732187582,-0.37032082733642196,-0.335765895162113,-0.23089146910097072,0.640362883984677,-0.7911474854887021,-0.4028250676839442,-0.1342622540128084,-0.08713380162065017,-0.1358532763751324,0.5896237003958135,-0.14810207928107974,-0.5768042414376395,-0.13166153612265222,-0.1677050983124842,-0.13401887572789387,0.30139651771716697,-0.09622504486493762,-0.13345099217921402,-0.6671434497146329,-0.1245330990169104,-0.09622504486493767,0.0,-0.09622504486493766,-0.2292421346744024,1.1253221877371915,-1.2288425796077644,-0.29599936395118165,-0.4824905740057288,-0.17939888720515706,0.0,0.6351368689843802,-0.24003504084870406,-0.18995494552280473
2-25,-0.09622504486493762,-0.11072255892128344,2.850452385796218,-0.3309293939447612,1.12230201184476,2.815309849919773,-0.37430980806751535,0.338839204951827,-0.15576706203027013,0.08530834014408323,-0.5151756812777452,-0.3547882825654366,0.7900186275358072,0.0,0.2532990466176703,-0.30400872376098853,-0.2514313342302585,0.12599915349520635,0.9582070504046385,0.0,-0.34999125035692996,-0.3482578901032028,-0.31442358061949116,-0.903528443286934,-0.8780260639662835,-0.21157763222088652,-0.16488998138304817,0.6918752493951625,0.0,-0.13814310036932095,-0.16779192950349286,0.0,-0.4915597515411089,0.2584159505578344,-0.6662814293104595,-0.2750125580051014,0.635344903805134,0.0,-0.22000734840294592,-0.24988718708375368,-0.3067102564336961,2.450879451460501,-0.2644644077124355,1.1871264203540723,-0.30545727604409645,-0.3441778000742036,-0.13651498420458819,0.4174247407144152,0.8428814759880285,-0.09622504486493767,-0.3631450608616812,-0.12757009920566154,8.514170595647691,0.0,-0.4792530348900524,-0.9929663591859054,0.0,0.0,0.0,-0.30993723724455036,-0.6197479265077847,-0.4209938763779365,0.0,0.0,-0.5423550294585298,-0.31805374841748824,-0.09622504486493764,-0.22765759444538225,-0.09622504486493767,0.0,-0.23517724187582092,-0.3237810263648817,2.565454438615783,4.331600071395825,0.0,2.2687193818955924,-0.15371343041509344,-0.17959640829643997,1.2243866990420658,-0.15901382303513992,6.096312123000891,-0.23425286532268833,9.498607965687771,0.0,0.4173848908924644,0.8766909250498649,-0.45097341003176766,-0.35598084039789485,-0.1360145237956077,-0.17165843696845598,4.122210738465504,0.02170708165950585,-0.43877705565158465,-0.9458948918718021,1.152807069593113,-0.19197291732187582,-0.37032082733642196,-0.335765895162113,-0.23089146910097072,2.1322244171360842,-0.6615314225244181,-0.4028250676839442,-0.1342622540128084,-0.2175545300560237,-0.1358532763751324,2.349840908981455,-0.14810207928107974,0.3131043589802431,-0.13166153612265222,-0.1677050983124842,-0.13401887572789387,0.2820102777895581,-0.09622504486493762,-0.13345099217921402,-0.6671434497146329,-0.1245330990169104,-0.09622504486493767,0.0,-0.09622504486493766,-0.2292421346744024,0.7934103916956936,-0.6854141682613596,-0.29599936395118165,-0.4824905740057288,-0.17939888720515706,0.0,0.5158305060413284,-0.45997714391035016,-0.31842079062187867
3-25,-0.09622504486493762,-0.11072255892128344,1.5003046212930606,-0.3309293939447612,1.462739522204774,0.9477949714962466,-0.37430980806751535,-0.24595013523407247,-0.15576706203027013,0.13884578633753664,-0.4145593185359293,-0.1177183295181144,-0.10415413391024642,0.0,-0.4176438258962746,-0.30400872376098853,-0.2514313342302585,-0.1504459699546417,2.7204028752003087,0.0,-0.34999125035692996,0.036251171299551084,-0.31442358061949116,1.0143106325257258,-1.0895343261313826,-0.21157763222088652,-0.16488998138304817,0.2362608683284026,0.0,-0.13814310036932095,-0.16779192950349286,0.0,-0.4915597515411089,-0.33688931485404006,-0.6662814293104595,-0.2750125580051014,0.7623320953995095,0.0,-0.22000734840294592,-0.24988718708375368,-0.3067102564336961,-0.3439574425320488,-0.2644644077124355,1.2936410689562279,-0.30545727604409645,-0.3441778000742036,-0.13651498420458819,-0.4063324202574108,0.5327579962152181,-0.09622504486493767,-0.3631450608616812,-0.1019708015760418,1.6252066431743895,0.0,-0.4792530348900524,-0.36168307005515243,0.0,0.0,0.0,-0.30993723724455036,-0.6197479265077847,-0.4399786091157213,0.0,0.0,-0.5423550294585298,-0.31805374841748824,-0.09622504486493764,-0.22765759444538225,-0.09622504486493767,0.0,-0.23517724187582092,-0.3237810263648817,-0.2476824920070451,-0.2938796959007981,0.0,-0.29597376215777643,-0.15371343041509344,-0.17959640829643997,-0.36880375309026625,-0.15901382303513992,0.28813543452956336,-0.23425286532268833,2.129883953843959,0.0,0.5034035139274807,0.6742519138846347,-0.219431450479365,-0.35598084039789485,-0.1360145237956077,-0.17165843696845598,2.7094836383775918,-0.1282344768005342,-0.43877705565158465,-0.9845993979667986,0.037493391696216974,-0.19197291732187582,-0.37032082733642196,-0.335765895162113,-0.23089146910097072,-0.7129104193111351,-0.6397807818215074,-0.4028250676839442,-0.1342622540128084,0.03364992717664162,-0.1358532763751324,-0.4799819718069445,-0.14810207928107974,-0.5768042414376395,-0.13166153612265222,-0.1677050983124842,-0.13401887572789387,-0.18773322814865948,-0.09622504486493762,-0.13345099217921402,-0.6671434497146329,-0.1245330990169104,-0.09622504486493767,0.0,-0.09622504486493766,-0.2292421346744024,0.7014915783837178,-1.0821705882827177,-0.29599936395118165,-0.4824905740057288,-0.17939888720515706,0.0,1.3451904957121175,-0.12229186788556458,-0.36953631792085145
4-25,-0.09622504486493762,-0.11072255892128344,1.1076596081467345,-0.3309293939447612,1.7532611537805356,1.2291373030305213,-0.37430980806751535,-0.27202784841703886,-0.15576706203027013,1.263132156400059,-0.48792541636850334,-1.0666455200608913,-0.10415413391024642,0.0,-0.4176438258962746,-0.30400872376098853,-0.2514313342302585,0.2100726704206756,-0.03413715147487546,0.0,-0.34999125035692996,-0.3482578901032028,-0.31442358061949116,1.8371687494191935,-0.9764458797708776,-0.21157763222088652,-0.16488998138304817,0.5662892341011198,0.0,-0.13814310036932095,-0.16779192950349286,0.0,-0.4915597515411089,-0.327937355975666,-0.6662814293104595,-0.2750125580051014,0.3647844384489545,0.0,-0.22000734840294592,-0.24988718708375368,-0.3067102564336961,1.813714563710904,-0.2644644077124355,1.320234922398073,-0.30545727604409645,-0.3441778000742036,-0.13651498420458819,-0.4063324202574108,0.9536398616211752,-0.09622504486493767,-0.3631450608616812,0.21590785539758509,0.45661153444004154,0.0,0.270583053191513,-0.17491286617031435,0.0,0.0,0.0,-0.30993723724455036,-0.6197479265077847,-0.20546132235484996,0.0,0.0,-0.5423550294585298,-0.31805374841748824,-0.09622504486493764,-0.22765759444538225,-0.09622504486493767,0.0,-0.23517724187582092,-0.3237810263648817,-0.2476824920070451,-0.2938796959007981,0.0,-0.29597376215777643,-0.15371343041509344,-0.17959640829643997,-0.36880375309026625,2.150313646039998,0.23207195298061203,-0.23425286532268833,2.095848277114888,0.0,1.123330831662598,1.8969835413226255,-0.370659962806949,-0.35598084039789485,-0.1360145237956077,-0.17165843696845598,1.348175649653174,0.02936617894823082,-0.43877705565158465,-0.8986526270793795,0.05641992683628553,-0.19197291732187582,-0.37032082733642196,-0.335765895162113,-0.23089146910097072,-0.7129104193111351,-0.6695214538030383,-0.4028250676839442,-0.1342622540128084,-0.05950773599148235,-0.1358532763751324,-0.4799819718069445,9.209079701503986,1.119346338846017,-0.13166153612265222,-0.1677050983124842,-0.13401887572789387,-0.21606696342747264,-0.09622504486493762,-0.13345099217921402,-0.6671434497146329,-0.1245330990169104,-0.09622504486493767,0.0,-0.09622504486493766,-0.2292421346744024,0.3379568122219401,-0.48427303053465415,-0.29599936395118165,-0.4824905740057288,-0.17939888720515706,0.0,1.00906676842494,-0.18429016988588234,-0.43190741662837284
1-26,-0.09622504486493762,-0.11072255892128344,-0.697129750525853,-0.3309293939447612,-0.2691732158376045,0.8861052908276015,-0.0634979933614516,-0.44443801433136604,-0.15576706203027013,-0.3796221136411703,-0.5314210315121008,1.2683187252997912,-0.10415413391024642,0.0,-0.4176438258962746,-0.30400872376098853,-0.2514313342302585,3.2124947070641285,-0.3480837352882017,0.0,-0.34999125035692996,-0.3482578901032028,-0.31442358061949116,-1.293783836782192,-1.0801001446535148,1.7901188102602448,-0.16488998138304817,3.346705200611092,0.0,5.483809817710402,-0.16779192950349286,0.0,-0.4915597515411089,-0.6972056597085957,-0.6662814293104595,-0.2750125580051014,-0.2763713003357088,0.0,-0.22000734840294592,-0.24988718708375368,-0.3067102564336961,-0.3439574425320488,-0.2644644077124355,-0.6986701818257879,-0.30545727604409645,-0.3441778000742036,-0.13651498420458819,-0.4063324202574108,-0.7354255192843109,-0.09622504486493767,-0.3631450608616812,8.289876620405593,-0.4361184994455423,0.0,-0.4792530348900524,-0.9929663591859054,0.0,0.0,0.0,-0.30993723724455036,-0.6197479265077847,-0.1775425977404605,0.0,0.0,-0.5423550294585298,-0.31805374841748824,-0.09622504486493764,-0.22765759444538225,-0.09622504486493767,0.0,-0.23517724187582092,0.0945183125554941,-0.2476824920070451,-0.2938796959007981,0.0,-0.29597376215777643,-0.15371343041509344,-0.17959640829643997,-0.36880375309026625,-0.15901382303513992,-0.15364480007617115,-0.23425286532268833,-0.16752422536831607,0.0,-0.6652632955827408,-0.5403821531067468,-0.6899201554985154,-0.35598084039789485,-0.1360145237956077,3.280643516092992,-0.5299203775225199,-0.6811623849134912,-0.43877705565158465,0.6518043523731352,-0.7641805610224003,-0.19197291732187582,-0.37032082733642196,-0.335765895162113,-0.23089146910097072,-0.7129104193111351,-0.5878455785104758,-0.4028250676839442,-0.1342622540128084,-0.40643972296242675,-0.1358532763751324,1.06126084719388,-0.14810207928107974,0.7770738002237544,-0.13166153612265222,-0.1677050983124842,-0.13401887572789387,-0.39054312277595365,-0.09622504486493762,-0.13345099217921402,-0.6671434497146329,-0.1245330990169104,-0.09622504486493767,0.0,-0.09622504486493766,-0.2292421346744024,0.8806711570357786,-0.09667374237212559,-0.29599936395118165,-0.4824905740057288,1.063318833674364,0.0,-1.1800758721396425,-0.6270330873406011,-0.0008951972017697562
2-26,-0.09622504486493762,-0.11072255892128344,-0.697129750525853,2.6282440551624244,-0.31572397919819956,0.01777630080985549,-0.37430980806751535,-0.4091722985761627,-0.15576706203027013,-0.3796221136411703,-0.505218853714753,-2.159420180748712,-0.10415413391024642,0.0,-0.4176438258962746,-0.30400872376098853,-0.2514313342302585,3.7881845517741213,-0.1378760226479745,0.0,-0.34999125035692996,-0.3482578901032028,-0.31442358061949116,3.928686874366299,-1.100368418409192,3.3135338018830525,-0.16488998138304817,4.233108820186486,0.0,8.760471809189264,-0.16779192950349286,0.0,-0.4915597515411089,-0.323461376536479,-0.6662814293104595,-0.2750125580051014,-0.16234198543463693,0.0,-0.22000734840294592,-0.24988718708375368,-0.3067102564336961,-0.3439574425320488,-0.2644644077124355,-0.14270548657296891,-0.30545727604409645,-0.3441778000742036,-0.13651498420458819,-0.4063324202574108,-0.7354255192843109,-0.09622504486493767,-0.3631450608616812,1.0268836628291291,-0.4361184994455423,0.0,-0.4792530348900524,-0.6082197391831389,0.0,0.0,0.0,-0.30993723724455036,-0.6197479265077847,0.5377351268801971,0.0,0.0,-0.5423550294585298,-0.31805374841748824,-0.09622504486493764,-0.22765759444538225,-0.09622504486493767,0.0,-0.23517724187582092,-0.1454621846737255,-0.2476824920070451,-0.2938796959007981,0.0,-0.29597376215777643,-0.15371343041509344,-0.17959640829643997,-0.36880375309026625,-0.15901382303513992,-0.680641526636311,-0.23425286532268833,-0.16752422536831607,0.0,-0.6652632955827408,-0.5403821531067468,-0.6899201554985154,-0.35598084039789485,-0.1360145237956077,-0.17165843696845598,0.09957419795782904,-0.6811623849134912,-0.43877705565158465,-0.5167302213478681,-0.7641805610224003,-0.19197291732187582,-0.37032082733642196,-0.335765895162113,-0.23089146910097072,-0.7129104193111351,-0.6726286881891684,-0.4028250676839442,-0.1342622540128084,-0.40643972296242675,-0.1358532763751324,1.41498870729243,-0.14810207928107974,1.2030129593981258,-0.13166153612265222,-0.1677050983124842,-0.13401887572789387,-0.518790556143213,-0.09622504486493762,-0.13345099217921402,-0.6671434497146329,-0.1245330990169104,-0.09622504486493767,0.0,-0.09622504486493766,-0.2292421346744024,0.7452254732309133,0.1240973389370133,-0.29599936395118165,-0.4824905740057288,1.763945696886275,0.0,-1.0923779482100746,-0.2963159201861684,-0.39763293226399543
3-26,-0.09622504486493762,-0.11072255892128344,1.5485241843110307,3.1384463739740083,1.0807989216196512,0.9038644413231204,-0.10789968117660355,-0.42214359632520304,-0.15576706203027013,-0.3796221136411703,0.2156030574902872,-1.236388124345457,-0.10415413391024642,0.0,-0.4176438258962746,-0.30400872376098853,-0.2514313342302585,3.8950576665098873,0.12420112557880211,0.0,-0.34999125035692996,-0.3482578901032028,-0.31442358061949116,0.7856350510497841,-0.9283011213902753,3.631166438468402,-0.16488998138304817,5.597031358379929,0.0,0.39888701224835454,-0.16779192950349286,0.0,-0.4915597515411089,-0.3838870989655038,-0.6662814293104595,-0.2750125580051014,-0.4147614234201915,0.0,-0.22000734840294592,-0.24988718708375368,-0.3067102564336961,-0.3439574425320488,0.6073896720486475,0.16430732410383203,-0.30545727604409645,-0.3441778000742036,-0.13651498420458819,-0.4063324202574108,-0.7354255192843109,-0.09622504486493767,-0.3631450608616812,2.2916877952284938,-0.4361184994455423,0.0,-0.4792530348900524,-0.9929663591859054,0.0,0.0,0.0,-0.30993723724455036,-0.6197479265077847,0.5918974526321127,0.0,0.0,-0.5423550294585298,0.13207440920378952,-0.09622504486493764,-0.22765759444538225,-0.09622504486493767,0.0,-0.23517724187582092,0.08785218763246022,-0.2476824920070451,-0.2938796959007981,0.0,-0.29597376215777643,-0.15371343041509344,-0.17959640829643997,4.979764193353992,-0.15901382303513992,0.11545991135879387,-0.23425286532268833,-0.16752422536831607,0.0,-0.6652632955827408,-0.5403821531067468,-0.6369474562651243,-0.35598084039789485,-0.1360145237956077,2.750426492585261,0.6968669057155856,-0.6811623849134912,-0.43877705565158465,0.6142382141044618,-0.7641805610224003,-0.19197291732187582,-0.37032082733642196,4.002446082119307,-0.23089146910097072,-0.7129104193111351,0.07355145510864447,-0.4028250676839442,-0.1342622540128084,-0.40643972296242675,-0.1358532763751324,1.6760735564127882,-0.14810207928107974,2.6253455087839717,-0.13166153612265222,-0.1677050983124842,-0.13401887572789387,-0.1564169944194451,-0.09622504486493762,-0.13345099217921402,-0.6671434497146329,-0.1245330990169104,-0.09622504486493767,0.0,-0.09622504486493766,-0.2292421346744024,1.2071485637767367,-0.6300503595516542,-0.29599936395118165,-0.4824905740057288,1.1042313512341837,0.0,-1.024202883671188,0.37137184516019345,-0.2798302600782834
4-26,-0.09622504486493762,-0.11072255892128344,-0.697129750525853,2.3986530116972116,0.18511736635615417,0.725338244236587,-0.13077327792986368,-0.44443801433136604,-0.15576706203027013,-0.3796221136411703,-0.2790940593236408,-1.549330820421578,-0.10415413391024642,0.0,-0.4176438258962746,-0.30400872376098853,-0.2514313342302585,5.909972122994862,0.6442604665913121,0.0,-0.34999125035692996,-0.3482578901032028,-0.31442358061949116,1.9994085198266078,-1.0199648459429773,2.4296599073849765,-0.16488998138304817,2.499729748628012,0.0,-0.13814310036932095,-0.16779192950349286,0.0,-0.4915597515411089,-0.29212952046216983,-0.6662814293104595,-0.2750125580051014,-0.12916982109977967,0.0,-0.22000734840294592,-0.24988718708375368,-0.3067102564336961,-0.3439574425320488,-0.2644644077124355,-0.26829530753917036,-0.30545727604409645,-0.3441778000742036,-0.13651498420458819,-0.4063324202574108,0.24478619356903678,-0.09622504486493767,-0.3631450608616812,3.0733362519775604,-0.4361184994455423,0.0,-0.4792530348900524,-0.070321551994805,0.0,0.0,0.0,-0.30993723724455036,-0.6197479265077847,0.7806280310253854,0.0,0.0,-0.5423550294585298,-0.31805374841748824,-0.09622504486493764,-0.22765759444538225,-0.09622504486493767,0.0,-0.23517724187582092,-0.08880012282793755,-0.2476824920070451,-0.2938796959007981,0.0,-0.29597376215777643,-0.15371343041509344,-0.17959640829643997,4.0124699902736465,-0.15901382303513992,0.010060566046765935,-0.23425286532268833,-0.16752422536831607,0.0,0.07924271758240034,-0.5403821531067468,-0.6899201554985154,-0.35598084039789485,-0.1360145237956077,8.794900560573394,0.5571523505965973,-0.6811623849134912,-0.43877705565158465,0.1310010718301649,-0.7641805610224003,-0.19197291732187582,-0.37032082733642196,-0.335765895162113,-0.23089146910097072,-0.7129104193111351,-0.40052373408949005,-0.4028250676839442,-0.1342622540128084,-0.2978628603733719,-0.1358532763751324,2.9814978020145793,-0.14810207928107974,4.207405242860207,-0.13166153612265222,-0.1677050983124842,-0.13401887572789387,-0.5351942976204206,-0.09622504486493762,-0.13345099217921402,-0.6671434497146329,-0.1245330990169104,-0.09622504486493767,0.0,-0.09622504486493766,-0.2292421346744024,1.3552744892828603,-0.4360138930947305,-0.29599936395118165,-0.4824905740057288,0.6149858287480073,0.0,-1.1377246956836675,-0.2713021960361843,-0.41227363793075417
1-27,-0.09622504486493762,-0.11072255892128344,-0.697129750525853,-0.3309293939447612,-0.5193134623294766,-0.9131770620078786,-0.37430980806751535,-0.42390012622871887,-0.15576706203027013,-0.3796221136411703,-0.010259715122851558,0.8396247796200075,-0.10415413391024642,0.0,-0.4176438258962746,-0.30400872376098853,-0.2514313342302585,-0.4867400376565187,-0.6866000517477883,0.0,-0.34999125035692996,-0.3482578901032028,-0.31442358061949116,-0.6186464057579831,1.473702348561803,-0.21157763222088652,-0.16488998138304817,-0.18576655515971818,0.0,-0.13814310036932095,-0.16779192950349286,0.0,-0.4915597515411089,-0.6972056597085957,-0.6662814293104595,-0.2750125580051014,-0.4147614234201915,0.0,-0.22000734840294592,-0.24988718708375368,-0.3067102564336961,-0.3439574425320488,-0.2644644077124355,-0.8968013517092744,-0.30545727604409645,-0.3441778000742036,-0.13651498420458819,-0.4063324202574108,-0.7354255192843109,-0.09622504486493767,-0.3631450608616812,-0.534922029447862,2.3857513286949406,0.0,0.7466694583226655,1.1025953284019787,0.0,0.0,0.0,-0.30993723724455036,-0.6197479265077847,-0.13957313226489088,0.0,0.0,-0.5423550294585298,-0.31805374841748824,-0.09622504486493764,-0.22765759444538225,-0.09622504486493767,0.0,-0.23517724187582092,-0.3237810263648817,-0.2476824920070451,-0.2938796959007981,0.0,-0.29597376215777643,-0.15371343041509344,-0.17959640829643997,-0.36880375309026625,-0.15901382303513992,-0.680641526636311,-0.23425286532268833,-0.16752422536831607,0.0,-0.6652632955827408,-0.5403821531067468,-0.4905605347276889,-0.35598084039789485,-0.1360145237956077,-0.17165843696845598,-0.2567238868437546,-0.6811623849134912,-0.43877705565158465,0.4030709823214651,-0.7641805610224003,-0.19197291732187582,2.101535318845543,2.4550583704775266,-0.23089146910097072,-0.7129104193111351,-0.7911474854887021,-0.4028250676839442,-0.1342622540128084,-0.40643972296242675,-0.1358532763751324,-0.4799819718069445,-0.14810207928107974,-0.5768042414376395,-0.13166153612265222,-0.1677050983124842,-0.13401887572789387,-1.1913439567087247,-0.09622504486493762,-0.13345099217921402,-0.6671434497146329,-0.1245330990169104,-0.09622504486493767,0.0,-0.09622504486493766,-0.2292421346744024,2.055068562926567,-1.52665987379809,-0.29599936395118165,-0.4824905740057288,-0.17939888720515706,0.0,-1.074404522104368,-0.2721955433272551,0.1853718153562419
2-27,-0.09622504486493762,-0.11072255892128344,-0.697129750525853,-0.3309293939447612,-0.5193134623294766,-0.9131770620078786,-0.37430980806751535,-0.44443801433136604,-0.15576706203027013,-0.3796221136411703,-0.35927272338352534,0.5756238870675824,-0.10415413391024642,0.0,-0.4176438258962746,-0.30400872376098853,-0.2514313342302585,-0.4867400376565187,-0.6866000517477883,0.0,-0.34999125035692996,-0.3482578901032028,-0.31442358061949116,-1.1180149194187696,1.9948952259487795,-0.21157763222088652,-0.16488998138304817,-0.0908468924374765,0.0,-0.13814310036932095,-0.16779192950349286,0.0,-0.4915597515411089,-0.6972056597085957,-0.6662814293104595,-0.2750125580051014,-0.4147614234201915,0.0,-0.22000734840294592,-0.24988718708375368,-0.3067102564336961,-0.3439574425320488,-0.2644644077124355,-0.8944343595181155,-0.30545727604409645,-0.3441778000742036,-0.13651498420458819,-0.4063324202574108,-0.7354255192843109,-0.09622504486493767,-0.3631450608616812,-0.3152154361994756,1.8819144211586558,0.0,0.3122406136404889,-0.9929663591859054,0.0,0.0,0.0,-0.30993723724455036,-0.6197479265077847,-0.02789823380733306,0.0,0.0,-0.5423550294585298,-0.31805374841748824,-0.09622504486493764,-0.22765759444538225,-0.09622504486493767,0.0,-0.23517724187582092,-0.3237810263648817,-0.2476824920070451,-0.2938796959007981,0.0,-0.29597376215777643,-0.15371343041509344,-0.17959640829643997,-0.36880375309026625,-0.15901382303513992,-0.680641526636311,-0.23425286532268833,-0.16752422536831607,0.0,-0.6652632955827408,-0.5403821531067468,-0.6548898221344986,-0.35598084039789485,-0.1360145237956077,-0.17165843696845598,-0.49512158498358955,-0.6811623849134912,-0.43877705565158465,0.27728133751272604,-0.7641805610224003,-0.19197291732187582,2.4120196808051904,-0.335765895162113,-0.23089146910097072,-0.7129104193111351,-0.7911474854887021,1.6657418215334354,-0.1342622540128084,-0.40643972296242675,-0.1358532763751324,-0.4799819718069445,-0.14810207928107974,-0.5768042414376395,-0.13166153612265222,-0.1677050983124842,-0.13401887572789387,-0.8304616442101574,-0.09622504486493762,-0.13345099217921402,-0.6671434497146329,-0.1245330990169104,-0.09622504486493767,0.0,-0.09622504486493766,-0.2292421346744024,1.6600660949102388,-1.5095560355560234,-0.29599936395118165,-0.4824905740057288,-0.17939888720515706,0.0,-0.9035536785478249,0.32884851410522037,0.3792553799952264
3-27,-0.09622504486493762,-0.11072255892128344,-0.697129750525853,-0.3309293939447612,-0.5193134623294766,-0.9131770620078786,-0.37430980806751535,-0.44443801433136604,-0.15576706203027013,-0.3796221136411703,0.10502986718547909,0.2437777430696104,-0.10415413391024642,0.0,-0.4176438258962746,-0.30400872376098853,-0.2514313342302585,-0.4867400376565187,-0.6866000517477883,0.0,-0.34999125035692996,-0.3482578901032028,-0.31442358061949116,-0.4265985148214779,1.580886823287771,-0.21157763222088652,-0.16488998138304817,-0.4281767707272893,0.0,-0.13814310036932095,-0.16779192950349286,0.0,-0.4915597515411089,-0.6972056597085957,-0.6662814293104595,-0.2750125580051014,-0.4147614234201915,0.0,-0.22000734840294592,-0.24988718708375368,-0.3067102564336961,-0.3439574425320488,-0.2644644077124355,-0.9157372892385465,-0.30545727604409645,-0.3441778000742036,-0.13651498420458819,-0.4063324202574108,-0.7354255192843109,-0.09622504486493767,-0.3631450608616812,-0.3343527752041428,-0.0012478606214488973,0.0,0.25272981299909475,-0.5970135269500486,0.0,0.0,0.0,-0.30993723724455036,-0.6197479265077847,-0.022872863376743015,0.0,0.0,-0.5423550294585298,-0.31805374841748824,-0.09622504486493764,-0.22765759444538225,-0.09622504486493767,0.0,-0.23517724187582092,-0.3237810263648817,-0.2476824920070451,-0.2938796959007981,0.0,-0.29597376215777643,-0.15371343041509344,-0.17959640829643997,-0.36880375309026625,-0.15901382303513992,-0.680641526636311,-0.23425286532268833,-0.16752422536831607,0.0,-0.6652632955827408,-0.5403821531067468,-0.393159120008228,-0.35598084039789485,-0.1360145237956077,-0.17165843696845598,-0.5288816075959846,-0.6811623849134912,-0.43877705565158465,1.3433628068646202,-0.7641805610224003,-0.19197291732187582,2.7094837308116912,-0.335765895162113,-0.23089146910097072,-0.7129104193111351,-0.6752920319487085,-0.4028250676839442,-0.1342622540128084,-0.40643972296242675,-0.1358532763751324,-0.4799819718069445,-0.14810207928107974,-0.5768042414376395,-0.13166153612265222,-0.1677050983124842,-0.13401887572789387,-1.1913439567087247,-0.09622504486493762,-0.13345099217921402,-0.6671434497146329,-0.1245330990169104,-0.09622504486493767,0.0,-0.09622504486493766,-0.2292421346744024,1.9272310241424566,-1.6262305259642142,-0.29599936395118165,-0.4824905740057288,-0.17939888720515706,0.0,-1.222220457490954,1.5722092738176452,-0.19799463938605377
4-27,-0.09622504486493762,-0.11072255892128344,-0.697129750525853,-0.3309293939447612,-0.5193134623294766,-0.9131770620078786,-0.37430980806751535,-0.44443801433136604,-0.15576706203027013,-0.3796221136411703,0.08013779827799868,0.4408397138713712,-0.10415413391024642,0.0,-0.4176438258962746,-0.30400872376098853,-0.2514313342302585,-0.312893104353006,-0.6866000517477883,0.0,-0.34999125035692996,-0.3482578901032028,-0.31442358061949116,-0.5677196168097576,1.8361575143727857,-0.21157763222088652,-0.16488998138304817,-0.4836682658572152,0.0,-0.13814310036932095,-0.16779192950349286,0.0,-0.4915597515411089,-0.6972056597085957,-0.6662814293104595,-0.2750125580051014,-0.4147614234201915,0.0,-0.22000734840294592,-0.24988718708375368,-0.3067102564336961,-0.3439574425320488,-0.2644644077124355,-0.9157372892385465,-0.30545727604409645,-0.3441778000742036,-0.13651498420458819,-0.4063324202574108,-0.7354255192843109,-0.09622504486493767,-0.3631450608616812,-0.450419493583098,0.6673417999495139,0.0,-0.4792530348900524,-0.9929663591859054,0.0,0.0,0.0,-0.30993723724455036,-0.6197479265077847,-0.20490294786256216,0.0,0.0,-0.5423550294585298,-0.31805374841748824,-0.09622504486493764,-0.22765759444538225,-0.09622504486493767,0.0,-0.23517724187582092,-0.3237810263648817,-0.2476824920070451,-0.2938796959007981,0.0,-0.29597376215777643,-0.15371343041509344,-0.17959640829643997,-0.36880375309026625,-0.15901382303513992,-0.680641526636311,-0.23425286532268833,-0.16752422536831607,0.0,-0.6652632955827408,-0.5403821531067468,-0.5349892502137588,-0.35598084039789485,-0.1360145237956077,-0.17165843696845598,-0.5725099445104641,-0.6811623849134912,-0.43877705565158465,-0.2190470347642905,-0.7641805610224003,-0.19197291732187582,2.184665002854094,-0.335765895162113,-0.23089146910097072,-0.7129104193111351,-0.6948232195186691,-0.4028250676839442,-0.1342622540128084,-0.294650527160678,-0.1358532763751324,-0.4799819718069445,-0.14810207928107974,-0.5768042414376395,-0.13166153612265222,-0.1677050983124842,-0.13401887572789387,-1.1913439567087247,-0.09622504486493762,-0.13345099217921402,-0.6671434497146329,-0.1245330990169104,-0.09622504486493767,0.0,-0.09622504486493766,-0.2292421346744024,2.142898645240994,-1.531343694116687,-0.29599936395118165,-0.4824905740057288,-0.17939888720515706,0.0,-1.186893378593531,0.9597303710594629,-0.44197819104654795
1-28,-0.09622504486493762,-0.11072255892128344,-0.697129750525853,-0.3309293939447612,-0.4593022372742517,-0.9131770620078786,-0.37430980806751535,-0.44443801433136604,-0.15576706203027013,-0.3796221136411703,-0.23193013928841463,1.1938702146486655,-0.10415413391024642,0.0,-0.4176438258962746,-0.30400872376098853,-0.2514313342302585,-0.4867400376565187,-0.6866000517477883,0.0,-0.34999125035692996,-0.3482578901032028,-0.31442358061949116,-0.5929080286221629,0.9813598067910155,-0.21157763222088652,-0.13468704053103098,0.5458449990532523,0.0,-0.13814310036932095,-0.16779192950349286,0.0,0.9403289803994292,0.22260811504433814,-0.6662814293104595,-0.2750125580051014,0.47103902733404424,0.0,-0.22000734840294592,0.09302144609289074,-0.3067102564336961,-0.3439574425320488,-0.2644644077124355,-0.8489045685469981,-0.30545727604409645,2.1490155262114072,-0.13651498420458819,-0.4063324202574108,-0.7354255192843109,-0.09622504486493767,-0.3631450608616812,-0.44147216625624064,2.0217626882694875,0.0,-0.4792530348900524,-0.025496703062443803,0.0,0.0,0.0,-0.30993723724455036,-0.6197479265077847,-0.20155270090883542,0.0,0.0,-0.5423550294585298,-0.31805374841748824,-0.09622504486493764,-0.22765759444538225,-0.09622504486493767,0.0,-0.23517724187582092,-0.3237810263648817,-0.2476824920070451,-0.2938796959007981,0.0,-0.29597376215777643,-0.15371343041509344,-0.17959640829643997,-0.36880375309026625,-0.15901382303513992,-0.680641526636311,-0.23425286532268833,-0.16752422536831607,0.0,-0.6652632955827408,-0.5403821531067468,-0.18269232036588412,-0.35598084039789485,-0.1360145237956077,-0.17165843696845598,-0.31385623280319214,-0.6811623849134912,-0.43877705565158465,2.59044476060194,-0.7641805610224003,-0.19197291732187582,-0.37032082733642196,-0.335765895162113,-0.23089146910097072,-0.7129104193111351,-0.7911474854887021,-0.4028250676839442,-0.1342622540128084,-0.2818011943099023,-0.1358532763751324,-0.4799819718069445,-0.14810207928107974,-0.5768042414376395,-0.13166153612265222,-0.1677050983124842,-0.13401887572789387,-1.0079203020090397,-0.09622504486493762,-0.13345099217921402,-0.18618730215546966,-0.1245330990169104,-0.09622504486493767,0.0,-0.09622504486493766,-0.2292421346744024,0.10474387709594772,0.3948642551075783,0.0805727249845353,-0.4824905740057288,-0.17939888720515706,0.0,-0.8772133127032552,0.15000038643283387,-0.10761155469184365
2-28,-0.09622504486493762,-0.11072255892128344,-0.697129750525853,-0.3309293939447612,0.38197661864011623,6.547535530372797,-0.37430980806751535,-0.359448990538175,-0.15576706203027013,-0.3796221136411703,-0.3833787269570853,-2.995574062113872,-0.10415413391024642,0.0,-0.4176438258962746,-0.30400872376098853,-0.2514313342302585,-0.4867400376565187,-0.6866000517477883,0.0,-0.34999125035692996,-0.3482578901032028,-0.31442358061949116,-1.2682654457757379,-1.4437726242035773,-0.21157763222088652,-0.16488998138304817,-0.737760901452139,0.0,0.3314339546248784,-0.16779192950349286,0.0,-0.4915597515411089,-0.6972056597085957,-0.6662814293104595,-0.2750125580051014,-0.4147614234201915,0.0,-0.22000734840294592,-0.24988718708375368,-0.3067102564336961,-0.3439574425320488,-0.2644644077124355,10.992600424482431,-0.30545727604409645,-0.3441778000742036,-0.13651498420458819,-0.4063324202574108,-0.7354255192843109,-0.09622504486493767,-0.3631450608616812,-0.718342239648438,-0.4361184994455423,0.0,-0.4792530348900524,-0.9929663591859054,0.0,0.0,0.0,-0.30993723724455036,-0.6197479265077847,-0.5376941452660844,0.0,0.0,-0.5423550294585298,-0.31805374841748824,-0.09622504486493764,-0.22765759444538225,-0.09622504486493767,0.0,-0.23517724187582092,-0.3237810263648817,-0.2476824920070451,-0.2938796959007981,0.0,-0.29597376215777643,-0.15371343041509344,-0.17959640829643997,-0.36880375309026625,-0.15901382303513992,-0.680641526636311,-0.23425286532268833,-0.16752422536831607,0.694,-0.6652632955827408,-0.5403821531067468,-0.6899201554985154,-0.35598084039789485,-0.1360145237956077,-0.17165843696845598,-0.9973668444633728,-0.6178275419490342,-0.43877705565158465,-1.1149425140808318,-0.7641805610224003,-0.19197291732187582,-0.37032082733642196,-0.335765895162113,-0.23089146910097072,-0.7129104193111351,-0.7911474854887021,-0.4028250676839442,-0.1342622540128084,-0.07042966891464171,-0.1358532763751324,-0.4799819718069445,-0.14810207928107974,-0.5768042414376395,-0.13166153612265222,-0.1677050983124842,-0.13401887572789387,-1.1913439567087247,-0.09622504486493762,-0.13345099217921402,-0.6671434497146329,-0.1245330990169104,-0.09622504486493767,0.0,-0.09622504486493766,-0.2292421346744024,-1.0667034317459763,1.3525213150795443,1.2549670362416865,-0.4824905740057288,-0.17939888720515706,0.0,0.07682440863183115,-0.043319967354900325,-0.44197819104654795
3-28,-0.09622504486493762,-0.11072255892128344,-0.697129750525853,-0.3309293939447612,-0.5193134623294766,-0.9131770620078786,-0.37430980806751535,-0.44443801433136604,-0.15576706203027013,-0.0668507174583634,0.414739608750131,0.11456102371339637,-0.10415413391024642,0.0,-0.4176438258962746,-0.30400872376098853,-0.2514313342302585,-0.4867400376565187,-0.6866000517477883,0.0,-0.34999125035692996,-0.3482578901032028,-0.31442358061949116,-0.39976020703882775,1.7268427406034281,-0.21157763222088652,-0.16488998138304817,-0.016371464763102268,0.0,-0.13814310036932095,-0.16779192950349286,0.0,-0.4915597515411089,0.3188416729868593,-0.6662814293104595,-0.2750125580051014,-0.08822293074894019,0.0,-0.22000734840294592,0.634759454808934,-0.3067102564336961,-0.3439574425320488,-0.2644644077124355,-0.8739668388063287,-0.30545727604409645,-0.3441778000742036,-0.13651498420458819,-0.4063324202574108,-0.7354255192843109,-0.09622504486493767,-0.3631450608616812,-0.5393956931112907,0.4336227782026445,0.0,0.1515614519087248,-0.05537993568401793,0.0,0.0,0.0,-0.30993723724455036,-0.6197479265077847,-0.3338874555810414,0.0,0.0,-0.5423550294585298,-0.31805374841748824,-0.09622504486493764,-0.22765759444538225,-0.09622504486493767,0.0,-0.23517724187582092,-0.3237810263648817,-0.2476824920070451,-0.2938796959007981,0.0,-0.29597376215777643,-0.15371343041509344,-0.17959640829643997,-0.36880375309026625,-0.15901382303513992,-0.680641526636311,-0.23425286532268833,-0.16752422536831607,0.0,-0.6652632955827408,-0.5403821531067468,-0.219431450479365,-0.35598084039789485,-0.1360145237956077,-0.17165843696845598,-0.5101837489183505,-0.6811623849134912,-0.43877705565158465,-0.0033263316760000863,-0.7641805610224003,-0.19197291732187582,-0.37032082733642196,-0.335765895162113,-0.23089146910097072,-0.7129104193111351,-0.7911474854887021,-0.4028250676839442,-0.1342622540128084,-0.40643972296242675,-0.1358532763751324,-0.4799819718069445,-0.14810207928107974,-0.5768042414376395,-0.13166153612265222,-0.1677050983124842,-0.13401887572789387,-1.0019553051082368,-0.09622504486493762,-0.13345099217921402,-0.6671434497146329,-0.1245330990169104,-0.09622504486493767,0.0,-0.09622504486493766,-0.2292421346744024,-1.157069562400655,1.399570027043876,1.3538969918095445,-0.4824905740057288,-0.17939888720515706,0.0,0.10626364104635039,0.030291849429338474,-0.44197819104654795
4-28,-0.09622504486493762,-0.11072255892128344,-0.697129750525853,-0.3309293939447612,-0.5193134623294766,-0.9131770620078786,-0.37430980806751535,-0.44443801433136604,-0.15576706203027013,-0.061215196806420936,-0.12685940632104964,-0.5805938522620668,-0.10415413391024642,0.0,-0.4176438258962746,-0.30400872376098853,-0.2514313342302585,-0.4867400376565187,-0.6866000517477883,0.0,-0.34999125035692996,-0.3482578901032028,-0.31442358061949116,0.12831649650421997,1.8829632276404005,-0.21157763222088652,-0.16488998138304817,0.08731001297965396,0.0,-0.13814310036932095,-0.16779192950349286,0.0,-0.4915597515411089,0.25617796083824085,-0.6662814293104595,-0.2750125580051014,-0.1530123142154583,0.0,-0.22000734840294592,2.534684598852079,-0.3067102564336961,-0.3439574425320488,-0.2644644077124355,-0.8690936195892366,-0.30545727604409645,-0.3441778000742036,-0.13651498420458819,-0.4063324202574108,-0.7354255192843109,-0.09622504486493767,-0.3631450608616812,-0.5806528135629108,0.40871829227879775,0.0,-0.4792530348900524,-0.2757687762681269,0.0,0.0,0.0,-0.30993723724455036,-0.6197479265077847,-0.41150151000904406,0.0,0.0,-0.5423550294585298,-0.31805374841748824,-0.09622504486493764,-0.22765759444538225,-0.09622504486493767,0.0,-0.23517724187582092,-0.3237810263648817,-0.2476824920070451,-0.2938796959007981,0.0,-0.29597376215777643,-0.15371343041509344,-0.17959640829643997,-0.36880375309026625,-0.15901382303513992,-0.680641526636311,-0.23425286532268833,-0.16752422536831607,0.0,-0.6652632955827408,-0.5403821531067468,-0.3658183720168004,-0.35598084039789485,-0.1360145237956077,-0.17165843696845598,-0.9137458653772869,-0.6811623849134912,-0.43877705565158465,0.18165844010155763,-0.7641805610224003,-0.19197291732187582,-0.37032082733642196,-0.335765895162113,-0.23089146910097072,-0.7129104193111351,-0.7911474854887021,-0.4028250676839442,-0.1342622540128084,-0.40643972296242675,-0.1358532763751324,-0.4799819718069445,-0.14810207928107974,-0.5768042414376395,-0.13166153612265222,-0.1677050983124842,-0.13401887572789387,-1.1913439567087247,-0.09622504486493762,-0.13345099217921402,-0.6671434497146329,-0.1245330990169104,-0.09622504486493767,0.0,-0.09622504486493766,-0.2292421346744024,-0.6923516430716969,1.5508205842983374,-0.29599936395118165,-0.4824905740057288,-0.17939888720515706,0.0,-0.8461213514514296,-0.3397325985322122,-0.42606806003296044
1-29,-0.09622504486493762,-0.11072255892128344,-0.697129750525853,-0.3309293939447612,-0.17943680454007196,-0.2645007228557626,0.15581943433157175,0.4827395393552426,-0.15576706203027013,0.13321026568559416,-0.30451017178706824,0.8106222293837431,-0.10415413391024642,0.0,-0.4176438258962746,-0.30400872376098853,-0.2514313342302585,-0.17894546721751262,0.398563140128709,0.0,35.00983257200156,0.036251171299551084,-0.31442358061949116,-0.04261272601315064,-0.9303705547467108,-0.21157763222088652,-0.16488998138304817,-0.3843676956247162,0.0,-0.13814310036932095,-0.16779192950349286,0.0,-0.4915597515411089,0.7507736888684073,-0.6662814293104595,0.12824178179641002,-0.35308193036006624,0.0,-0.22000734840294592,-0.24988718708375368,-0.3067102564336961,-0.3439574425320488,-0.2644644077124355,0.349489654353331,-0.30545727604409645,-0.3441778000742036,-0.13651498420458819,-0.4063324202574108,-0.7354255192843109,-0.09622504486493767,-0.3631450608616812,-0.3830660017614773,2.5677456489076667,0.0,-0.4792530348900524,-0.3542122618997589,0.0,0.0,0.0,-0.30993723724455036,-0.6197479265077847,-0.5376941452660844,0.0,0.0,0.9934536600984891,-0.31805374841748824,-0.09622504486493764,-0.22765759444538225,-0.09622504486493767,0.0,-0.23517724187582092,-0.3237810263648817,-0.2476824920070451,-0.2938796959007981,0.0,-0.29597376215777643,-0.15371343041509344,-0.17959640829643997,2.959826298686213,-0.15901382303513992,-0.680641526636311,-0.23425286532268833,-0.16752422536831607,0.0,-0.060166774922626114,-0.5403821531067468,-0.5569188084985497,-0.35598084039789485,-0.1360145237956077,-0.17165843696845598,2.9561914959297093,0.9201781097599421,0.47564142315907604,-0.10577943604510907,0.366003965913121,-0.19197291732187582,-0.37032082733642196,-0.335765895162113,-0.23089146910097072,2.31972613988189,0.040259658114393464,-0.4028250676839442,-0.1342622540128084,-0.048585803068323045,-0.1358532763751324,-0.4799819718069445,-0.14810207928107974,0.44240731801532,-0.13166153612265222,-0.1677050983124842,-0.13401887572789387,-0.315980661515919,-0.09622504486493762,-0.13345099217921402,0.6113781686712835,-0.1245330990169104,-0.09622504486493767,0.0,-0.09622504486493766,-0.2292421346744024,0.47314371558392276,-0.6023158280022105,-0.29599936395118165,0.5757962204795516,-0.17939888720515706,0.0,0.8381126293160653,-0.4969617217606838,-0.2745833019780577
2-29,-0.09622504486493762,-0.11072255892128344,-0.697129750525853,-0.3309293939447612,-0.2271092730418861,-0.12710097954832605,-0.17652047143638389,-0.42511618539269147,-0.15576706203027013,-0.3796221136411703,0.20800442592905632,0.568114298167121,-0.10415413391024642,0.0,-0.4176438258962746,-0.30400872376098853,-0.2514313342302585,-0.4867400376565187,-0.6866000517477883,0.0,161.34578493087844,-0.3482578901032028,-0.31442358061949116,-1.2204184626386358,-0.4579919582968305,-0.21157763222088652,-0.16488998138304817,-0.737760901452139,0.0,-0.13814310036932095,-0.16779192950349286,0.291,4.225250188968898,-0.6972056597085957,20.470751078142996,-0.2750125580051014,-0.4147614234201915,0.0,-0.22000734840294592,-0.10772898621500474,-0.3067102564336961,-0.3439574425320488,1.4893229897260436,2.4151776630612756,-0.30545727604409645,-0.3441778000742036,-0.13651498420458819,0.6100776251352455,-0.7354255192843109,-0.09622504486493767,-0.3631450608616812,-0.718342239648438,-0.4361184994455423,0.0,1.1037342621710302,-0.44012655568678455,0.113,0.0,0.0,-0.30993723724455036,0.24415770802514933,-0.5376941452660844,0.0,0.0,2.1671934617029467,-0.31805374841748824,-0.09622504486493764,-0.22765759444538225,-0.09622504486493767,0.0,-0.23517724187582092,0.6794707745517168,-0.2476824920070451,-0.2938796959007981,0.0,-0.29597376215777643,-0.15371343041509344,-0.17959640829643997,-0.36880375309026625,-0.15901382303513992,-0.680641526636311,-0.23425286532268833,-0.16752422536831607,0.0,-0.6652632955827408,0.5042031445058414,-0.4991045184750101,-0.35598084039789485,-0.1360145237956077,-0.17165843696845598,-0.642626914551592,-0.6042768313612898,-0.43877705565158465,-1.0272881914539276,-0.7641805610224003,-0.19197291732187582,-0.37032082733642196,-0.335765895162113,-0.23089146910097072,-0.7129104193111351,-0.7911474854887021,-0.4028250676839442,-0.1342622540128084,-0.26573952824643265,-0.1358532763751324,-0.4799819718069445,-0.14810207928107974,-0.5768042414376395,-0.13166153612265222,-0.1677050983124842,-0.13401887572789387,-1.1913439567087247,-0.09622504486493762,-0.13345099217921402,0.18842678262679308,-0.1245330990169104,-0.09622504486493767,0.0,-0.09622504486493766,-0.2292421346744024,0.6714212909207349,-0.5296376722720745,-0.29599936395118165,1.8167149425185323,-0.17939888720515706,0.0,0.37348923492831965,-0.4106643734432386,-0.4280991405878865
3-29,-0.09622504486493762,-0.11072255892128344,-0.697129750525853,-0.3309293939447612,0.04266081342132119,-0.24393749596621436,-0.060806981978715105,0.7556772628246321,-0.15576706203027013,0.1585701086193353,-0.3278301100267078,1.17846260983565,-0.10415413391024642,0.0,0.20579866626270069,-0.30400872376098853,-0.2514313342302585,-0.30006833058471405,0.7193346496771076,0.0,1.0545108427269594,-0.3482578901032028,-0.31442358061949116,-0.6451547343465843,-0.6174600581162721,-0.21157763222088652,-0.16488998138304817,-0.2500198653101587,0.0,-0.13814310036932095,-0.16779192950349286,0.0,-0.4915597515411089,2.0779015925873603,-0.6662814293104595,-0.2750125580051014,-0.4147614234201915,0.0,-0.22000734840294592,-0.24988718708375368,-0.3067102564336961,-0.3439574425320488,0.9349649043288233,-0.31117963664958076,-0.30545727604409645,-0.3441778000742036,-0.13651498420458819,-0.4063324202574108,-0.7354255192843109,-0.09622504486493767,0.994769800039137,-0.22748192102223536,2.8761781284260763,0.0,-0.4792530348900524,-0.5596594861730809,0.0,0.0,0.0,1.3569949433305803,-0.6197479265077847,-0.4332781152082678,0.0,0.0,0.7587056997775976,-0.31805374841748824,-0.09622504486493764,-0.22765759444538225,-0.09622504486493767,0.0,-0.23517724187582092,-0.3237810263648817,-0.2476824920070451,-0.2938796959007981,0.0,-0.29597376215777643,-0.15371343041509344,-0.17959640829643997,3.30122425271457,-0.15901382303513992,-0.31062254841323406,-0.23425286532268833,-0.16752422536831607,0.0,-0.15805003561764458,-0.5403821531067468,-0.09070209535305988,-0.35598084039789485,-0.1360145237956077,-0.17165843696845598,2.725584572238888,0.7991054564650965,0.19870325529070457,-0.45924264611853477,-0.26938685664632284,-0.19197291732187582,-0.37032082733642196,-0.335765895162113,-0.13705782849890827,1.333304033262653,0.1831924398763778,-0.4028250676839442,-0.1342622540128084,0.15250625604631698,-0.1358532763751324,-0.4799819718069445,-0.14810207928107974,0.29028618973875886,-0.13166153612265222,-0.1677050983124842,-0.13401887572789387,0.4072752127064163,-0.09622504486493762,-0.13345099217921402,0.3479398767921437,-0.1245330990169104,-0.09622504486493767,0.0,-0.09622504486493766,-0.2292421346744024,0.886157302424894,-0.6758360188458021,-0.29599936395118165,1.4710187939347426,-0.17939888720515706,0.0,0.306450421465081,-0.515900684331386,-0.42420623619094483
4-29,-0.09622504486493762,-0.11072255892128344,-0.697129750525853,-0.3309293939447612,-0.1816802148225102,-0.14392543791250198,0.17465651401072707,1.1452215483504982,-0.15576706203027013,-0.3796221136411703,-0.2900989739985269,1.1445399841128765,-0.10415413391024642,0.0,-0.4176438258962746,-0.30400872376098853,-0.2514313342302585,-0.4867400376565187,0.27025453630934954,0.0,-0.34999125035692996,0.06751207060058802,-0.31442358061949116,-0.6508743737101,-0.35993733661396005,-0.21157763222088652,-0.16488998138304817,-0.737760901452139,0.0,-0.13814310036932095,-0.16779192950349286,0.0,-0.4915597515411089,1.0170944655000353,-0.6662814293104595,-0.2750125580051014,-0.4147614234201915,0.0,-0.22000734840294592,-0.24988718708375368,-0.3067102564336961,-0.3439574425320488,-0.2644644077124355,-0.5704348989988793,-0.30545727604409645,-0.3441778000742036,-0.13651498420458819,-0.4063324202574108,-0.7354255192843109,-0.09622504486493767,-0.3631450608616812,-0.4976414989192897,2.5773242973399153,0.0,-0.4792530348900524,-0.44012655568678455,0.0,0.0,0.0,-0.30993723724455036,-0.6197479265077847,-0.5376941452660844,0.0,0.0,0.03456792387247467,-0.31805374841748824,-0.09622504486493764,-0.22765759444538225,-0.09622504486493767,0.0,-0.23517724187582092,-0.3237810263648817,-0.2476824920070451,-0.2938796959007981,0.0,-0.29597376215777643,-0.15371343041509344,-0.17959640829643997,1.4662102498121519,6.015927018187512,-0.680641526636311,-0.23425286532268833,-0.16752422536831607,0.0,-0.3033918469526722,-0.5403821531067468,-0.43046784903819696,-0.35598084039789485,-0.1360145237956077,-0.17165843696845598,2.294495052726768,0.997947405306996,0.5749211437156622,-0.06935166560275921,-0.22882999563189024,-0.19197291732187582,-0.37032082733642196,-0.335765895162113,-0.23089146910097072,2.107767670690979,-0.02010946710184834,-0.4028250676839442,-0.1342622540128084,0.11717059070668379,-0.1358532763751324,-0.4799819718069445,-0.14810207928107974,0.579316333464225,-0.13166153612265222,-0.1677050983124842,-0.13401887572789387,-0.0028183242237737843,-0.09622504486493762,-0.13345099217921402,-0.6671434497146329,-0.1245330990169104,-0.09622504486493767,0.0,-0.09622504486493766,-0.2292421346744024,0.6446633931266518,-0.45790680604457595,-0.29599936395118165,0.1518292458013191,-0.17939888720515706,0.0,0.5827660239522352,-0.6597295981937947,-0.44197819104654795
1-30,-0.09622504486493762,-0.11072255892128344,1.7207369093752085,-0.3309293939447612,0.4717130299376488,0.44679998909634144,1.2537520784880565,0.2965473695825603,-0.15576706203027013,-0.3796221136411703,-0.6325614378098636,-0.44412649534678705,-0.10415413391024642,0.0,-0.4176438258962746,-0.30400872376098853,-0.2514313342302585,-0.28011868250070443,0.7111447387950208,0.0,-0.34999125035692996,-0.3482578901032028,-0.31442358061949116,1.0445587253135487,-0.9972619447091408,-0.21157763222088652,-0.16488998138304817,-0.3770661831076207,0.0,-0.13814310036932095,-0.16779192950349286,0.0,-0.4915597515411089,-0.26527364382704766,-0.6662814293104595,-0.2750125580051014,-0.4147614234201915,0.0,-0.22000734840294592,-0.24988718708375368,-0.3067102564336961,-0.3439574425320488,-0.2644644077124355,1.3422340262923742,-0.30545727604409645,-0.3441778000742036,-0.13651498420458819,0.8558761328445808,2.8531461752296403,-0.09622504486493767,0.5882084644400896,-0.47726147556367016,-0.14492758710518022,0.0,1.0680277817861936,-0.46253898015296513,0.0,0.0,0.0,-0.30993723724455036,1.2584598700273797,-0.5376941452660844,0.0,0.0,-0.5423550294585298,-0.31805374841748824,-0.09622504486493764,-0.22765759444538225,-0.09622504486493767,0.0,-0.23517724187582092,-0.3237810263648817,2.783527068896623,-0.2938796959007981,0.0,-0.29597376215777643,-0.15371343041509344,1.0743506802286118,-0.36880375309026625,-0.15901382303513992,1.445285693699913,-0.23425286532268833,-0.16752422536831607,0.0,-0.07499757199762885,0.5608860676321059,1.462024550993434,-0.35598084039789485,-0.1360145237956077,-0.17165843696845598,-0.30191037864803705,0.22467315981071917,-0.43877705565158465,-0.9083287536031288,0.19701704501965178,-0.19197291732187582,-0.37032082733642196,-0.335765895162113,0.5206007578260735,-0.7129104193111351,-0.6482147037267176,-0.4028250676839442,-0.1342622540128084,-0.29272312723306165,-0.1358532763751324,0.4211818622536469,-0.14810207928107974,-0.5768042414376395,-0.13166153612265222,-0.1677050983124842,-0.13401887572789387,1.5272033808321352,-0.09622504486493762,-0.13345099217921402,-0.6671434497146329,-0.1245330990169104,-0.09622504486493767,0.159,-0.09622504486493766,-0.2292421346744024,0.2357385372832283,-0.792510509253993,-0.29599936395118165,-0.4824905740057288,-0.17939888720515706,0.0,1.41687760903028,-0.12157719005270788,-0.1544110358115985
2-30,-0.09622504486493762,-0.11072255892128344,2.430253336639623,-0.3309293939447612,1.1150109284268355,1.453463414552867,0.4827773173340543,-0.08934873845138819,-0.15576706203027013,-0.3796221136411703,-0.5943062582257358,1.1081573206468485,-0.10415413391024642,0.0,-0.4176438258962746,-0.30400872376098853,-0.2514313342302585,-0.035023006040014404,-0.18019056220542287,0.0,-0.34999125035692996,0.026872901509240005,-0.31442358061949116,-0.03326331551509617,-0.9319530626075144,-0.21157763222088652,-0.16488998138304817,-0.39605011565206905,0.0,-0.13814310036932095,-0.16779192950349286,0.0,-0.4915597515411089,-0.32122338681688545,-0.6662814293104595,-0.2750125580051014,-0.4147614234201915,0.0,-0.22000734840294592,-0.24988718708375368,-0.3067102564336961,2.088853947057321,-0.2644644077124355,1.0632074174051593,-0.30545727604409645,-0.3441778000742036,-0.13651498420458819,0.6034344222241824,0.8650331531146579,-0.09622504486493767,1.1817880144146988,-0.2500987762095693,0.5236620734657828,0.0,0.9311529403109872,-0.3990371108321201,0.0,0.0,0.0,-0.30993723724455036,0.7408160080400346,-0.5376941452660844,0.0,0.0,-0.5423550294585298,-0.31805374841748824,-0.09622504486493764,-0.22765759444538225,-0.09622504486493767,0.0,-0.23517724187582092,-0.3237810263648817,4.048348324525492,1.8941065840652398,0.0,1.7655977603348838,-0.15371343041509344,-0.17959640829643997,-0.36880375309026625,-0.15901382303513992,2.160655718264528,-0.23425286532268833,3.984828335578314,0.0,-0.22330554274765702,1.2491787055938885,-0.3305032391945397,0.8609790621443124,6.155514436144919,-0.17165843696845598,1.347136879726639,0.4408953678847258,-0.43877705565158465,-1.0227347201486336,0.6201602949368984,-0.19197291732187582,-0.37032082733642196,-0.335765895162113,1.2227068581204532,0.8604736019906223,-0.38143643714611947,-0.4028250676839442,-0.1342622540128084,0.015018394543016742,-0.1358532763751324,1.389722431571105,-0.14810207928107974,-0.5768042414376395,-0.13166153612265222,-0.1677050983124842,-0.13401887572789387,-0.6902842170412924,-0.09622504486493762,-0.13345099217921402,-0.6671434497146329,-0.1245330990169104,-0.09622504486493767,0.0,-0.09622504486493766,-0.2292421346744024,-0.3131347820712208,-0.6819934006129462,-0.29599936395118165,-0.4824905740057288,-0.17939888720515706,0.0,2.6240927291302314,-0.15909777627768407,-0.3841770235876102
3-30,-0.09622504486493762,-0.11072255892128344,1.9205036704496554,-0.3309293939447612,2.3859028534281412,1.870336105131893,-0.0500429364477692,-0.03178860469002196,-0.15576706203027013,-0.3796221136411703,-0.4336869083279933,-0.5984614948183371,-0.10415413391024642,0.0,-0.4176438258962746,-0.30400872376098853,-0.2514313342302585,-0.13334627159691914,0.34942367483618836,0.0,-0.34999125035692996,-0.3482578901032028,-0.31442358061949116,-0.1330270251825705,-0.8406545321765364,-0.21157763222088652,-0.16488998138304817,-0.06602174987935172,0.0,-0.13814310036932095,-0.16779192950349286,0.0,-0.4915597515411089,-0.40626699616143896,-0.6662814293104595,-0.2750125580051014,-0.4147614234201915,0.0,-0.22000734840294592,-0.24988718708375368,-0.3067102564336961,1.3358408978987064,-0.2644644077124355,1.927716506517294,-0.30545727604409645,-0.3441778000742036,-0.13651498420458819,-0.4063324202574108,0.15617948506251955,-0.09622504486493767,-0.3631450608616812,0.23877324745510947,0.45086434538069226,0.0,0.28843629338393123,-0.5783365065615648,0.0,0.0,0.0,-0.30993723724455036,-0.6197479265077847,-0.45058772446918927,0.0,0.0,-0.5423550294585298,-0.31805374841748824,-0.09622504486493764,-0.22765759444538225,-0.09622504486493767,0.0,-0.23517724187582092,-0.3237810263648817,-0.2476824920070451,-0.2938796959007981,0.0,1.262476138774175,-0.15371343041509344,-0.17959640829643997,-0.36880375309026625,-0.15901382303513992,0.8846508782104022,-0.23425286532268833,5.499415950021962,0.0,-0.32118880344267553,5.581373544529816,0.157927831693985,-0.35598084039789485,-0.1360145237956077,-0.17165843696845598,1.561123484592896,0.7787793905834801,-0.43877705565158465,-0.7478188900915248,0.055068031469137774,-0.19197291732187582,-0.37032082733642196,-0.335765895162113,0.3024786985318054,-0.7129104193111351,-0.5212619845219737,-0.4028250676839442,-0.1342622540128084,-0.07685433534002958,-0.1358532763751324,-0.4799819718069445,-0.14810207928107974,0.44240731801532,-0.13166153612265222,-0.1677050983124842,-0.13401887572789387,0.25815029018634705,-0.09622504486493762,-0.13345099217921402,-0.6671434497146329,-0.1245330990169104,-0.09622504486493767,0.0,-0.09622504486493766,-0.2292421346744024,1.7375967155979295,-1.4155112388219517,-0.29599936395118165,-0.4824905740057288,-0.17939888720515706,0.0,0.11762615180283144,-0.29077716698152906,-0.44197819104654795
4-30,-0.09622504486493762,-0.11072255892128344,0.26037300083097775,-0.3309293939447612,1.9596548997648608,2.1273764412512466,-0.10924518686797179,-0.19149770822508044,-0.15576706203027013,-0.3796221136411703,-0.23795664018180462,0.7495097128144713,-0.10415413391024642,0.0,-0.4176438258962746,-0.30400872376098853,-0.2514313342302585,-0.18179541694379972,2.315002286537013,0.0,-0.34999125035692996,-0.3482578901032028,-0.31442358061949116,-0.5049135768757687,-0.9310400773032047,-0.21157763222088652,-0.16488998138304817,-0.34639983053581946,0.0,-0.13814310036932095,-0.16779192950349286,0.0,-0.4915597515411089,0.012237081402547974,-0.6662814293104595,-0.2750125580051014,-0.4147614234201915,0.0,-0.22000734840294592,-0.24988718708375368,1.3791254044140437,-0.3439574425320488,-0.2644644077124355,1.360195319978228,-0.30545727604409645,-0.3441778000742036,-0.13651498420458819,0.6897960600680029,0.8484193952696858,-0.09622504486493767,1.1248694274308322,0.46419618871787693,0.11178019087908633,0.0,0.663354337424714,0.25839400684251024,0.0,0.0,0.0,-0.30993723724455036,-0.6197479265077847,-0.3182529697969833,0.0,0.0,-0.5423550294585298,-0.31805374841748824,-0.09622504486493764,-0.22765759444538225,-0.09622504486493767,0.0,-0.23517724187582092,-0.1004658414432468,-0.2476824920070451,-0.2938796959007981,0.0,-0.29597376215777643,-0.15371343041509344,-0.17959640829643997,-0.36880375309026625,-0.15901382303513992,0.44062810434271,-0.23425286532268833,-0.16752422536831607,0.0,-0.12245612263763789,1.6378616070311312,0.3168459293941582,-0.35598084039789485,-0.1360145237956077,-0.17165843696845598,-0.7091081898498468,1.2668995524072253,-0.43877705565158465,-0.6442274178960925,0.04560476389910349,-0.19197291732187582,-0.37032082733642196,-0.335765895162113,-0.23089146910097072,-0.7129104193111351,-0.628683516156757,-0.4028250676839442,-0.1342622540128084,0.08440479193720561,-0.1358532763751324,0.4632923217891886,-0.14810207928107974,1.393164369743827,-0.13166153612265222,-0.1677050983124842,-0.13401887572789387,0.28797527469036105,-0.09622504486493762,-0.13345099217921402,-0.6671434497146329,-0.1245330990169104,-0.09622504486493767,0.0,-0.09622504486493766,-0.2292421346744024,1.4135000889314935,-1.192266679367037,-0.29599936395118165,-0.4824905740057288,-0.17939888720515706,0.0,0.3141975878899546,-0.2698728403704709,-0.44197819104654795
1-31,-0.09622504486493762,-0.11072255892128344,-0.697129750525853,-0.3309293939447612,-0.5193134623294766,-0.9131770620078786,-0.37430980806751535,-0.44443801433136604,-0.15576706203027013,-0.3796221136411703,-0.3472197215967453,1.5341322772419823,-0.10415413391024642,0.0,-0.4176438258962746,-0.30400872376098853,-0.2514313342302585,-0.4867400376565187,-0.6866000517477883,0.0,-0.34999125035692996,-0.3482578901032028,-0.31442358061949116,-0.5473708998434039,1.0218963543023696,-0.21157763222088652,-0.16488998138304817,0.7093988794361918,0.0,-0.13814310036932095,-0.16779192950349286,0.0,0.8455716378445406,0.05028290663563773,-0.6662814293104595,-0.2750125580051014,0.8380060952884026,0.0,-0.22000734840294592,-0.24988718708375368,-0.3067102564336961,-0.3439574425320488,-0.2644644077124355,-0.9157372892385465,-0.30545727604409645,-0.3441778000742036,-0.13651498420458819,-0.4063324202574108,-0.7354255192843109,-0.09622504486493767,-0.3631450608616812,-0.37188184260290563,-0.4361184994455423,0.0,-0.4792530348900524,-0.9929663591859054,0.0,0.0,0.0,-0.30993723724455036,-0.6197479265077847,-0.35119706484196284,0.0,0.0,-0.5423550294585298,-0.31805374841748824,-0.09622504486493764,1.836293384021674,-0.09622504486493767,0.0,-0.23517724187582092,-0.3237810263648817,-0.2476824920070451,-0.2938796959007981,0.0,-0.29597376215777643,-0.15371343041509344,-0.17959640829643997,-0.36880375309026625,-0.15901382303513992,-0.31735016619910816,-0.23425286532268833,-0.16752422536831607,0.0,-0.6652632955827408,-0.5403821531067468,-0.5742915754514359,-0.35598084039789485,-0.1360145237956077,-0.17165843696845598,-0.5423856166409425,-0.6811623849134912,-0.43877705565158465,2.326343424894904,-0.7641805610224003,-0.19197291732187582,-0.1259395876004416,2.993880877209932,-0.23089146910097072,-0.7129104193111351,-0.7911474854887021,-0.4028250676839442,-0.1342622540128084,-0.40643972296242675,-0.1358532763751324,-0.4799819718069445,-0.14810207928107974,-0.5768042414376395,-0.13166153612265222,-0.1677050983124842,-0.13401887572789387,0.28051902856435745,-0.09622504486493762,-0.13345099217921402,-0.6671434497146329,-0.1245330990169104,-0.09622504486493767,0.0,-0.09622504486493766,-0.2292421346744024,-1.7559910194086406,2.6909361279172135,-0.29599936395118165,0.16487438348372627,-0.17939888720515706,0.0,-1.20941180900183,-0.6127395306834674,-0.13063046764767247
2-31,-0.09622504486493762,-0.11072255892128344,-0.697129750525853,-0.3309293939447612,-0.5193134623294766,-0.9131770620078786,-0.37430980806751535,-0.44443801433136604,-0.15576706203027013,-0.3796221136411703,-0.0464187204831916,1.0993529750394113,-0.10415413391024642,0.0,-0.4176438258962746,-0.30400872376098853,-0.2514313342302585,-0.4867400376565187,-0.6866000517477883,0.0,-0.34999125035692996,-0.3482578901032028,-0.31442358061949116,-1.174331368536462,1.2977396475778316,-0.21157763222088652,-0.16488998138304817,0.22165784329421154,0.0,-0.13814310036932095,5.8122483647104906,0.0,-0.4915597515411089,-0.00790482607379366,-0.6662814293104595,-0.2750125580051014,-0.2654866839133338,0.0,-0.22000734840294592,-0.24988718708375368,-0.3067102564336961,-0.3439574425320488,-0.2644644077124355,-0.9157372892385465,-0.30545727604409645,0.9742123881710673,-0.13651498420458819,-0.4063324202574108,-0.7354255192843109,-0.09622504486493767,-0.3631450608616812,-0.3114873831466184,-0.4361184994455423,0.0,-0.4792530348900524,-0.9929663591859054,0.0,0.0,0.0,-0.30993723724455036,-0.6197479265077847,0.18930944369261685,0.0,0.0,-0.5423550294585298,-0.31805374841748824,-0.09622504486493764,-0.22765759444538225,-0.09622504486493767,0.0,-0.23517724187582092,-0.3237810263648817,-0.2476824920070451,-0.2938796959007981,0.0,-0.29597376215777643,-0.15371343041509344,-0.17959640829643997,-0.36880375309026625,-0.15901382303513992,-0.680641526636311,-0.23425286532268833,-0.16752422536831607,0.0,-0.6652632955827408,-0.5403821531067468,0.29947316244127187,-0.35598084039789485,-0.1360145237956077,-0.17165843696845598,-0.28321251997040287,-0.6811623849134912,-0.43877705565158465,1.9273455017685412,-0.7641805610224003,-0.19197291732187582,1.3523666003106527,4.859035708206721,-0.23089146910097072,-0.7129104193111351,-0.7911474854887021,2.3880067968188334,-0.1342622540128084,-0.40643972296242675,-0.1358532763751324,-0.4799819718069445,-0.14810207928107974,-0.5768042414376395,-0.13166153612265222,-0.1677050983124842,-0.13401887572789387,0.15674534287269998,-0.09622504486493762,-0.13345099217921402,-0.6671434497146329,-0.1245330990169104,-0.09622504486493767,0.0,-0.09622504486493766,-0.2292421346744024,-0.3157225865000488,0.6501587760683966,-0.29599936395118165,-0.4824905740057288,-0.17939888720515706,0.0,-1.201767938129288,1.5184297668951794,-0.18233839344183198
3-31,-0.09622504486493762,-0.11072255892128344,-0.697129750525853,-0.3309293939447612,-0.5193134623294766,-0.9131770620078786,-0.37430980806751535,-0.44443801433136604,-0.15576706203027013,-0.3796221136411703,0.04397879291765851,-0.19851114803342232,-0.10415413391024642,0.0,-0.4176438258962746,-0.30400872376098853,-0.2514313342302585,-0.4867400376565187,-0.6866000517477883,0.0,-0.34999125035692996,-0.3482578901032028,-0.31442358061949116,0.09564855629337109,1.5504539798107784,-0.21157763222088652,-0.16488998138304817,-0.2748450078682835,0.0,-0.13814310036932095,-0.16779192950349286,0.0,-0.4915597515411089,0.016713060841735006,-0.6662814293104595,-0.2750125580051014,-0.35671013583419126,0.0,-0.22000734840294592,-0.24988718708375368,-0.3067102564336961,-0.3439574425320488,-0.2644644077124355,-0.9157372892385465,-0.30545727604409645,-0.3441778000742036,-0.13651498420458819,-0.4063324202574108,-0.7354255192843109,-0.09622504486493767,-0.3631450608616812,-0.49789003578948016,-0.4361184994455423,0.0,-0.4792530348900524,-0.13755882539334668,0.0,0.0,0.0,-0.30993723724455036,-0.6197479265077847,0.06144168495871312,0.0,0.0,-0.5423550294585298,-0.31805374841748824,-0.09622504486493764,-0.22765759444538225,-0.09622504486493767,0.0,-0.23517724187582092,-0.3237810263648817,-0.2476824920070451,-0.2938796959007981,0.0,-0.29597376215777643,-0.15371343041509344,-0.17959640829643997,-0.36880375309026625,-0.15901382303513992,-0.680641526636311,-0.23425286532268833,-0.16752422536831607,0.0,-0.6652632955827408,-0.5403821531067468,-0.055671761989043306,-0.35598084039789485,-0.1360145237956077,-0.17165843696845598,-0.8898541570669766,-0.6811623849134912,-0.43877705565158465,1.3046583007696235,-0.7641805610224003,-0.19197291732187582,0.5791603827853378,1.6537325912344616,-0.23089146910097072,-0.7129104193111351,-0.7911474854887021,1.174601638339365,-0.1342622540128084,-0.40643972296242675,-0.1358532763751324,-0.4799819718069445,-0.14810207928107974,-0.5768042414376395,-0.13166153612265222,-0.1677050983124842,-0.13401887572789387,0.4758726770656482,-0.09622504486493762,-0.13345099217921402,-0.6671434497146329,-0.1245330990169104,-0.09622504486493767,0.0,-0.09622504486493766,-0.2292421346744024,0.6407816864834094,0.05152443759605912,-0.29599936395118165,-0.4824905740057288,-0.17939888720515706,0.0,-1.222220457490954,0.7740928039749376,-0.4235292093393028
4-31,-0.09622504486493762,-0.11072255892128344,-0.697129750525853,-0.3309293939447612,-0.5193134623294766,-0.9131770620078786,-0.37430980806751535,-0.44443801433136604,-0.15576706203027013,-0.3796221136411703,0.10345773651763827,1.5971869288717164,-0.10415413391024642,0.0,-0.4176438258962746,-0.30400872376098853,-0.2514313342302585,-0.4867400376565187,-0.6866000517477883,0.0,-0.34999125035692996,-0.3482578901032028,-0.31442358061949116,-0.22058150467023277,1.1816079168696274,-0.21157763222088652,-0.16488998138304817,-0.47198584582986236,0.0,-0.13814310036932095,-0.16779192950349286,0.0,1.1193150718919964,-0.6972056597085957,-0.6662814293104595,-0.2750125580051014,-0.4147614234201915,0.0,-0.22000734840294592,-0.24988718708375368,1.4828691373892893,-0.3439574425320488,-0.2644644077124355,-0.9157372892385465,-0.30545727604409645,-0.3441778000742036,-0.13651498420458819,-0.4063324202574108,-0.7354255192843109,-0.09622504486493767,-0.3631450608616812,-0.4566329153378601,-0.4361184994455423,0.0,-0.4792530348900524,-0.10394018869407588,0.0,0.0,0.0,2.103145538445163,-0.6197479265077847,-0.26576576752193115,0.0,0.0,-0.5423550294585298,-0.31805374841748824,-0.09622504486493764,-0.22765759444538225,-0.09622504486493767,0.0,-0.23517724187582092,-0.3237810263648817,-0.2476824920070451,-0.2938796959007981,0.0,-0.29597376215777643,-0.15371343041509344,-0.17959640829643997,-0.36880375309026625,-0.15901382303513992,-0.680641526636311,-0.23425286532268833,-0.16752422536831607,0.0,-0.6652632955827408,-0.5403821531067468,0.051697633768958993,-0.35598084039789485,-0.1360145237956077,-0.17165843696845598,-0.7755894651481013,-0.6811623849134912,-0.43877705565158465,-0.48997857742926737,-0.7641805610224003,-0.19197291732187582,-0.023780216891138354,1.2530697016129293,-0.23089146910097072,-0.7129104193111351,-0.7911474854887021,-0.4028250676839442,-0.1342622540128084,-0.40643972296242675,-0.1358532763751324,-0.4799819718069445,-0.14810207928107974,-0.5768042414376395,-0.13166153612265222,-0.1677050983124842,-0.13401887572789387,-1.1913439567087247,-0.09622504486493762,-0.13345099217921402,-0.6671434497146329,-0.1245330990169104,-0.09622504486493767,0.0,-0.09622504486493766,-0.2292421346744024,-0.8651652228288405,1.4281992209013656,-0.29599936395118165,-0.4824905740057288,-0.17939888720515706,0.0,-1.1957767960940526,1.2965222997931773,-0.44197819104654795
1-32,-0.09622504486493762,-0.11072255892128344,0.19837641980787354,-0.3309293939447612,-0.12839922061460032,0.2748166369292097,-0.15364687468312374,-0.1320459268753125,-0.15576706203027013,-0.3796221136411703,-0.6325614378098636,-1.0788162331064668,-0.10415413391024642,0.0,0.5561139713806011,0.006471117936997007,-0.2514313342302585,-0.3242929032581544,0.4531625460092874,0.0,-0.34999125035692996,-0.3482578901032028,-0.31442358061949116,0.8189629496487306,-1.1324446354339421,-0.21157763222088652,-0.16488998138304817,-0.2923686379093127,0.0,-0.13814310036932095,-0.16779192950349286,0.0,-0.4915597515411089,-0.6972056597085957,0.48649120235366883,-0.2750125580051014,-0.4147614234201915,0.0,-0.22000734840294592,-0.24988718708375368,-0.3067102564336961,-0.3439574425320488,-0.2644644077124355,0.6250353923711947,5.794011223695941,-0.3441778000742036,-0.13651498420458819,1.8457133665929848,1.04778448940935,-0.09622504486493767,-0.3631450608616812,-0.035611457235183046,-0.4361184994455423,0.0,-0.4792530348900524,-0.9929663591859054,0.0,0.0,0.0,-0.30993723724455036,1.031116281992397,-0.5376941452660844,0.0,0.0,-0.5423550294585298,-0.033061364598099385,-0.09622504486493764,-0.22765759444538225,-0.09622504486493767,0.0,-0.23517724187582092,-0.3237810263648817,-0.2476824920070451,-0.2938796959007981,0.0,-0.29597376215777643,-0.15371343041509344,-0.17959640829643997,-0.36880375309026625,-0.15901382303513992,0.9990203805702624,-0.23425286532268833,-0.16752422536831607,0.0,2.0606372068027756,-0.5403821531067468,2.1387080637812677,3.7877173401590416,-0.1360145237956077,-0.17165843696845598,-0.34657748548905193,1.0106143738998874,-0.43877705565158465,-0.15586762040334,1.0203213236126332,-0.19197291732187582,-0.37032082733642196,-0.335765895162113,8.318670153123792,0.9501483389560073,0.1521200960150769,-0.4028250676839442,-0.1342622540128084,0.18527205481579495,-0.1358532763751324,0.45487022988208026,-0.14810207928107974,0.19140745635899417,-0.13166153612265222,-0.1677050983124842,-0.13401887572789387,-0.05650329633099871,-0.09622504486493762,-0.13345099217921402,0.8578984051086435,-0.1245330990169104,-0.09622504486493767,0.0,-0.09622504486493766,-0.2292421346744024,0.534733460990032,-0.7037810591736098,-0.29599936395118165,-0.30311993087263045,-0.17939888720515706,0.0,0.4372225907169456,0.19359573423709203,-0.17573738163832228
2-32,-0.09622504486493762,-0.11072255892128344,0.06749474875909811,-0.3309293939447612,-0.14073797716801098,0.5514855078067693,-0.1415373234608096,-0.05854190629741754,-0.15576706203027013,0.5586920749072505,-0.5717723853200165,-0.38379083280170107,-0.10415413391024642,0.0,2.123626523094596,0.1408734655176686,-0.2514313342302585,-0.30434325517414473,0.24704978881010378,0.0,-0.34999125035692996,0.2206904771756688,-0.31442358061949116,0.3640316341198731,-0.8108912112560376,-0.21157763222088652,-0.16488998138304817,-0.46030342580250955,0.0,-0.13814310036932095,-0.16779192950349286,0.0,-0.4915597515411089,-0.43088488307696765,0.7789857506863581,-0.2750125580051014,-0.4147614234201915,0.0,-0.22000734840294592,-0.24988718708375368,2.2609471347036307,-0.3439574425320488,-0.2644644077124355,0.5994161827727675,2.9506499681780283,-0.3441778000742036,-0.13651498420458819,1.3674027569964404,1.2471495835490138,-0.09622504486493767,-0.3631450608616812,-0.30278859268995156,-0.4361184994455423,0.0,0.25868089306323416,-0.40277251490981686,0.0,0.0,0.0,-0.30993723724455036,1.8075820749734144,-0.5376941452660844,0.0,0.0,0.6274059931574378,-0.31805374841748824,-0.09622504486493764,-0.22765759444538225,-0.09622504486493767,0.0,-0.23517724187582092,-0.003807030059255578,-0.2476824920070451,-0.2938796959007981,0.0,-0.29597376215777643,-0.15371343041509344,1.5344319860903215,-0.36880375309026625,-0.15901382303513992,1.241214620861731,-0.23425286532268833,-0.16752422536831607,0.0,0.21568605067242616,1.0062518921956125,1.4181654344238521,3.6469120621789526,-0.1360145237956077,-0.17165843696845598,-0.35281010504826316,0.6138142182109408,-0.43877705565158465,-0.2053866208484093,1.4123709800854818,-0.19197291732187582,-0.37032082733642196,-0.335765895162113,4.287939117787827,0.8604736019906223,-0.1355210300152519,-0.4028250676839442,-0.1342622540128084,0.7834084990194048,-0.1358532763751324,1.16232595007918,-0.14810207928107974,0.3131043589802431,-0.13166153612265222,-0.1677050983124842,-0.13401887572789387,0.21490406265552714,-0.09622504486493762,-0.13345099217921402,-0.6671434497146329,-0.1245330990169104,-0.09622504486493767,0.0,-0.09622504486493766,-0.2292421346744024,0.14278460219972142,-0.1869293810956472,-0.29599936395118165,1.157935489556971,-0.17939888720515706,0.0,0.6058009321221923,-0.09227539890558369,-0.38917009661847013
3-32,-0.09622504486493762,-0.11072255892128344,-0.697129750525853,-0.3309293939447612,-0.03810195674645814,0.007494687365081309,-0.22361317063427233,-0.09623974038056586,-0.15576706203027013,-0.3796221136411703,-0.43656914788570156,-0.7748073583084805,-0.10415413391024642,0.0,1.3458077947819695,-0.30400872376098853,-0.2514313342302585,-0.30006833058471405,-0.0436920475039767,0.0,0.9654931044329103,-0.3482578901032028,-0.31442358061949116,1.9396822857037428,-0.8680440913058298,-0.21157763222088652,-0.16488998138304817,-0.2894480329024745,0.0,-0.13814310036932095,-0.16779192950349286,0.0,-0.4915597515411089,-0.6972056597085957,-0.6662814293104595,-0.2750125580051014,-0.4147614234201915,0.0,-0.22000734840294592,-0.24988718708375368,-0.3067102564336961,-0.3439574425320488,2.245265833449526,0.5328619317507672,-0.30545727604409645,-0.3441778000742036,-0.13651498420458819,-0.4063324202574108,0.15617948506251955,-0.09622504486493767,-0.3631450608616812,-0.31620958368023755,-0.4361184994455423,0.0,-0.4792530348900524,-0.40277251490981686,0.0,0.0,0.0,-0.30993723724455036,0.055287650273009935,-0.5376941452660844,0.0,0.0,-0.5423550294585298,-0.0357248448207105,-0.09622504486493764,-0.22765759444538225,-0.09622504486493767,0.0,-0.23517724187582092,-0.04380377959745883,-0.2476824920070451,-0.2938796959007981,0.0,-0.29597376215777643,-0.15371343041509344,-0.17959640829643997,1.096362466281432,-0.15901382303513992,0.0593964298098429,-0.23425286532268833,-0.16752422536831607,0.0,0.3847571373274582,-0.5403821531067468,0.7568610923811963,2.3796645603581417,-0.1360145237956077,-0.17165843696845598,0.07152740994137773,0.4500273684982055,-0.43877705565158465,-0.6687023261620463,0.5958261783282389,-0.19197291732187582,-0.37032082733642196,-0.335765895162113,3.643450165231556,0.46101341005390656,-0.08624917046376038,-0.4028250676839442,-0.1342622540128084,0.10946099099621835,-0.1358532763751324,-0.4799819718069445,-0.14810207928107974,0.35874069746321136,-0.13166153612265222,-0.1677050983124842,-0.13401887572789387,-0.5903705189528461,-0.09622504486493762,-0.13345099217921402,-0.6671434497146329,-0.1245330990169104,-0.09622504486493767,0.0,-0.09622504486493766,-0.2292421346744024,0.5542972624719729,-0.4117001291937002,-0.29599936395118165,-0.4824905740057288,-0.17939888720515706,0.0,0.39869334969724135,-0.12729461271556142,-0.44197819104654795
4-32,-0.09622504486493762,-0.11072255892128344,0.15015685678990362,-0.3309293939447612,0.3561774003920756,0.1346128172277438,-0.37430980806751535,-0.2675689648158063,-0.15576706203027013,-0.3796221136411703,-0.5201540950592413,-0.43920641986027786,-0.10415413391024642,0.0,0.6036143517355705,-0.30400872376098853,-0.2514313342302585,-0.3200179786687237,0.5923910310047626,0.0,-0.34999125035692996,-0.3482578901032028,-0.31442358061949116,1.6260920582925307,-0.9370657803116492,-0.21157763222088652,-0.16488998138304817,-0.3624631580734296,0.0,-0.13814310036932095,-0.16779192950349286,0.0,-0.4915597515411089,-0.3480792634520076,-0.6662814293104595,-0.2750125580051014,-0.4147614234201915,0.0,-0.22000734840294592,-0.24988718708375368,-0.3067102564336961,-0.3439574425320488,0.29493329664294154,0.10429711031621268,2.0181497714759176,-0.3441778000742036,-0.13651498420458819,-0.4063324202574108,-0.7354255192843109,-0.09622504486493767,-0.3631450608616812,-0.0721463771531839,-0.4361184994455423,0.0,-0.4792530348900524,-0.32806443335588165,0.0,0.0,0.0,-0.30993723724455036,0.023809307314320002,-0.5376941452660844,0.0,0.0,0.11414350364226847,-0.31805374841748824,-0.09622504486493764,-0.22765759444538225,-0.09622504486493767,0.0,-0.23517724187582092,-0.07046827928959437,-0.2476824920070451,-0.2938796959007981,0.0,-0.29597376215777643,-0.15371343041509344,-0.17959640829643997,-0.36880375309026625,9.705830691601049,0.4652960362242485,-0.23425286532268833,-0.16752422536831607,0.0,3.8729606093681195,0.38273973780670323,0.2277036989637743,2.8322529538655736,-0.1360145237956077,-0.17165843696845598,-0.17881614235361235,0.7882059718619109,-0.43877705565158465,0.19816477358324736,1.1027869410086462,-0.19197291732187582,-0.37032082733642196,-0.335765895162113,1.573348357212371,1.194715803407058,0.9005196924458398,-0.4028250676839442,-0.1342622540128084,0.6394959710907167,-0.1358532763751324,0.48013650560340526,-0.14810207928107974,0.3435285846355552,-0.13166153612265222,-0.1677050983124842,-0.13401887572789387,-0.05799454555619941,-0.09622504486493762,-0.13345099217921402,-0.6671434497146329,-0.1245330990169104,-0.09622504486493767,0.0,-0.09622504486493766,-0.2292421346744024,0.39338758308743915,-0.4890094780478419,-0.29599936395118165,-0.4824905740057288,-0.17939888720515706,0.0,0.7602277828580037,0.09246882088787056,-0.44197819104654795
2-32',-0.09622504486493762,-0.11072255892128344,-0.697129750525853,-0.3309293939447612,8.57715438038728,0.5935466537172092,-0.37430980806751535,-0.44443801433136604,-0.15576706203027013,-0.3796221136411703,5.297777463063881,-2.398950171539289,-0.10415413391024642,0.0,-0.4176438258962746,-0.30400872376098853,-0.2514313342302585,-0.4867400376565187,-0.6866000517477883,0.0,3.2305000010259435,-0.3482578901032028,-0.31442358061949116,-1.293783836782192,-0.43614117668034963,-0.21157763222088652,0.08407257778965435,-0.737760901452139,0.0,-0.13814310036932095,-0.16779192950349286,0.0,-0.4915597515411089,-0.6972056597085957,-0.6662814293104595,-0.2750125580051014,-0.4147614234201915,0.0,-0.22000734840294592,-0.24988718708375368,-0.3067102564336961,-0.3439574425320488,1.756422794508341,3.838993083460807,-0.30545727604409645,-0.3441778000742036,-0.13651498420458819,-0.4063324202574108,-0.7354255192843109,-0.09622504486493767,-0.3631450608616812,-0.718342239648438,-0.4361184994455423,0.0,-0.4792530348900524,-0.9929663591859054,0.0,0.0,0.0,-0.30993723724455036,-0.6197479265077847,-0.5376941452660844,0.0,0.0,-0.5423550294585298,-0.31805374841748824,-0.09622504486493764,-0.22765759444538225,-0.09622504486493767,0.0,-0.23517724187582092,1.027775801780237,-0.2476824920070451,-0.2938796959007981,0.0,-0.29597376215777643,-0.15371343041509344,-0.17959640829643997,-0.36880375309026625,-0.15901382303513992,-0.680641526636311,-0.23425286532268833,-0.16752422536831607,0.0,-0.6652632955827408,-0.5403821531067468,-0.6899201554985154,-0.35598084039789485,-0.1360145237956077,-0.17165843696845598,-0.9952893046103023,-0.6811623849134912,-0.43877705565158465,-1.1149425140808318,-0.7641805610224003,-0.19197291732187582,-0.37032082733642196,-0.335765895162113,-0.23089146910097072,-0.7129104193111351,-0.7911474854887021,-0.4028250676839442,-0.1342622540128084,-0.40643972296242675,-0.1358532763751324,-0.4799819718069445,-0.14810207928107974,-0.5768042414376395,-0.13166153612265222,-0.1677050983124842,-0.13401887572789387,-1.1913439567087247,-0.09622504486493762,-0.13345099217921402,-0.6671434497146329,9.70901259322237,-0.09622504486493767,0.0,-0.09622504486493766,-0.2292421346744024,-0.24548957430165302,-0.42833032268444815,-0.29599936395118165,-0.4824905740057288,-0.17939888720515706,0.0,0.057198253688818194,1.4514287200648648,0.3590292028024209
3-32',-0.09622504486493762,-0.11072255892128344,-0.697129750525853,-0.3309293939447612,-0.33198870374587736,-0.7393243255780608,-0.37430980806751535,-0.44443801433136604,-0.15576706203027013,-0.3796221136411703,5.57709267838361,-1.3688417354691111,-0.10415413391024642,0.0,-0.4176438258962746,-0.30400872376098853,-0.2514313342302585,-0.4867400376565187,-0.6866000517477883,0.0,-0.34999125035692996,-0.3482578901032028,-0.31442358061949116,-1.293783836782192,-0.285498601469236,-0.21157763222088652,9.659533909780116,-0.737760901452139,0.0,-0.13814310036932095,-0.16779192950349286,0.0,-0.4915597515411089,-0.6972056597085957,-0.6662814293104595,-0.2750125580051014,-0.4147614234201915,0.0,-0.22000734840294592,-0.24988718708375368,-0.3067102564336961,-0.3439574425320488,-0.2644644077124355,-0.24114451475822887,-0.30545727604409645,-0.3441778000742036,-0.13651498420458819,-0.4063324202574108,-0.7354255192843109,-0.09622504486493767,-0.3631450608616812,-0.718342239648438,-0.4361184994455423,0.0,-0.4792530348900524,-0.9929663591859054,0.0,0.0,0.0,-0.30993723724455036,-0.6197479265077847,-0.5376941452660844,0.0,0.0,-0.5423550294585298,-0.31805374841748824,-0.09622504486493764,-0.22765759444538225,-0.09622504486493767,0.0,-0.23517724187582092,4.860797632524717,-0.2476824920070451,-0.2938796959007981,0.0,-0.29597376215777643,-0.15371343041509344,-0.17959640829643997,-0.36880375309026625,-0.15901382303513992,-0.680641526636311,-0.23425286532268833,-0.16752422536831607,0.0,-0.6652632955827408,-0.5403821531067468,-0.6899201554985154,-0.35598084039789485,-0.1360145237956077,-0.17165843696845598,-1.129290625133347,-0.6811623849134912,-0.43877705565158465,-1.1149425140808318,-0.7641805610224003,-0.19197291732187582,-0.37032082733642196,-0.335765895162113,-0.23089146910097072,-0.7129104193111351,-0.7911474854887021,-0.4028250676839442,-0.1342622540128084,-0.40643972296242675,-0.1358532763751324,-0.4799819718069445,-0.14810207928107974,-0.5768042414376395,-0.13166153612265222,-0.1677050983124842,-0.13401887572789387,-1.0243240434862473,10.392304845413262,-0.13345099217921402,-0.6671434497146329,3.6160290015870404,-0.09622504486493767,0.0,-0.09622504486493766,0.4495937843043417,0.38308812146070287,-0.5217962202780192,-0.29599936395118165,-0.4824905740057288,-0.17939888720515706,0.0,-1.222220457490954,1.1816378381614647,0.6035205246016465
4-32',-0.09622504486493762,-0.11072255892128344,-0.697129750525853,-0.3309293939447612,0.14024916070738783,-0.6617448786765829,-0.37430980806751535,-0.44443801433136604,-0.15576706203027013,-0.3796221136411703,2.535281857889495,0.8699220865632478,-0.10415413391024642,0.0,-0.4176438258962746,-0.30400872376098853,-0.2514313342302585,-0.4867400376565187,-0.6866000517477883,0.0,-0.34999125035692996,-0.3482578901032028,-0.31442358061949116,-1.293783836782192,-0.07179917457379323,-0.21157763222088652,3.433494037135786,-0.737760901452139,0.0,-0.13814310036932095,-0.16779192950349286,0.0,-0.4915597515411089,-0.6972056597085957,-0.6662814293104595,-0.2750125580051014,-0.4147614234201915,0.0,-0.22000734840294592,-0.24988718708375368,-0.3067102564336961,-0.3439574425320488,-0.2644644077124355,1.242541884594148,-0.30545727604409645,-0.3441778000742036,-0.13651498420458819,-0.4063324202574108,-0.7354255192843109,-0.09622504486493767,-0.3631450608616812,-0.718342239648438,-0.4361184994455423,0.0,-0.4792530348900524,-0.9929663591859054,0.0,0.0,0.0,-0.30993723724455036,-0.6197479265077847,-0.5376941452660844,0.0,0.0,-0.5423550294585298,-0.31805374841748824,-0.09622504486493764,-0.22765759444538225,-0.09622504486493767,0.0,-0.23517724187582092,6.3773410525149234,-0.2476824920070451,-0.2938796959007981,0.0,-0.29597376215777643,-0.15371343041509344,-0.17959640829643997,-0.36880375309026625,-0.15901382303513992,-0.680641526636311,-0.23425286532268833,-0.16752422536831607,0.0,-0.6652632955827408,-0.5403821531067468,-0.6537506243015226,-0.35598084039789485,-0.1360145237956077,-0.17165843696845598,-1.129290625133347,-0.6811623849134912,-0.43877705565158465,-1.1149425140808318,-0.7641805610224003,-0.19197291732187582,-0.37032082733642196,-0.335765895162113,-0.23089146910097072,-0.7129104193111351,-0.7911474854887021,-0.4028250676839442,-0.1342622540128084,-0.40643972296242675,-0.1358532763751324,-0.4799819718069445,-0.14810207928107974,-0.5768042414376395,-0.13166153612265222,-0.1677050983124842,-0.13401887572789387,-0.6798454724648876,-0.09622504486493762,-0.13345099217921402,0.23918094895213196,-0.1245330990169104,-0.09622504486493767,0.0,-0.09622504486493766,-0.2292421346744024,1.0373885932456106,-0.353652333559855,-0.29599936395118165,-0.4824905740057288,-0.17939888720515706,0.0,-0.8077987015363888,-0.5473465089770804,-0.1567806297923456
1-33,-0.09622504486493762,-0.11072255892128344,0.8458962660491836,-0.3309293939447612,0.3561774003920756,-0.21870080841995046,0.8326087970897971,-0.1525838149779596,-0.15576706203027013,-0.3796221136411703,-0.47141804435617424,-1.6665063024029143,-0.10415413391024642,0.0,-0.4176438258962746,-0.06437663117529498,-0.2514313342302585,-0.1960451655752352,1.240758975836632,0.0,1.3413457772300075,1.9713008380337351,-0.31442358061949116,-0.12169773952022228,-1.3640385742938566,-0.21157763222088652,-0.16488998138304817,-0.737760901452139,0.0,-0.13814310036932095,-0.16779192950349286,0.0,1.4878158484943405,-0.6972056597085957,4.1512758373456,-0.2750125580051014,-0.4147614234201915,0.0,-0.22000734840294592,-0.24988718708375368,-0.3067102564336961,-0.3439574425320488,-0.2644644077124355,0.3971079678460594,-0.30545727604409645,-0.3441778000742036,-0.13651498420458819,0.28456068249315297,0.08972445368263152,-0.09622504486493767,-0.3631450608616812,-0.718342239648438,0.6864990968140114,0.0,-0.4792530348900524,4.535431675805303,0.0,0.0,0.0,-0.30993723724455036,-0.6197479265077847,-0.5376941452660844,0.0,0.0,-0.5423550294585298,1.9432409605793448,-0.09622504486493764,-0.22765759444538225,-0.09622504486493767,0.0,-0.23517724187582092,-0.3237810263648817,-0.2476824920070451,-0.2938796959007981,0.0,-0.29597376215777643,1.396674818314219,-0.17959640829643997,2.5757536004043113,-0.15901382303513992,0.30607574862522746,-0.23425286532268833,-0.16752422536831607,0.0,-0.24406865865266095,-0.5403821531067468,-0.2823721307512973,-0.35598084039789485,-0.1360145237956077,-0.17165843696845598,-0.31177869295012167,1.9753660516142906,3.166644375087592,-0.8531179140264423,0.676939900357104,-0.19197291732187582,-0.37032082733642196,-0.335765895162113,-0.23089146910097072,0.4773179076839766,13.794654613632556,-0.4028250676839442,-0.1342622540128084,0.09082945836259354,-0.1358532763751324,1.4318328911066467,-0.14810207928107974,-0.5768042414376395,-0.13166153612265222,-0.1677050983124842,3.823469847857466,4.821372919300462,-0.09622504486493762,-0.13345099217921402,1.4331122901291502,-0.1245330990169104,-0.09622504486493767,0.0,-0.09622504486493766,0.2561091503925258,-0.7637232892187772,-0.7426199287817491,-0.29599936395118165,40.29334853677843,-0.17939888720515706,0.0,0.3263864630650889,-0.47802275918998155,0.26373767343380616
2-33,-0.09622504486493762,1.7610743468183598,-0.697129750525853,-0.3309293939447612,0.24681114912320787,-0.31777817434231975,1.769080758282093,-0.17325682076549254,-0.15576706203027013,-0.3796221136411703,-0.4884494599244503,-0.9839105664851192,-0.10415413391024642,0.0,-0.4176438258962746,-0.1831507988047257,-0.2514313342302585,-0.07777225193432084,4.306515616031113,0.0,6.098849346056422,1.7368440932759586,-0.31442358061949116,-1.2591360214070493,-1.3241106836520422,-0.21157763222088652,-0.16488998138304817,-0.737760901452139,0.0,-0.13814310036932095,-0.16779192950349286,0.0,4.309478937906578,-0.6972056597085957,7.489154800671583,0.19262692848740773,-0.4147614234201915,0.0,-0.22000734840294592,-0.24988718708375368,-0.3067102564336961,-0.3439574425320488,-0.2644644077124355,0.729043813947417,-0.30545727604409645,-0.3441778000742036,-0.13651498420458819,1.234538698775178,-0.10964064045703237,-0.09622504486493767,-0.3631450608616812,-0.718342239648438,0.26695429548151617,0.0,-0.4792530348900524,0.25092319868711666,0.0,0.0,0.0,2.8016694998290275,0.4050470164806754,-0.5376941452660844,0.0,0.0,0.006716470953046952,-0.31805374841748824,-0.09622504486493764,-0.22765759444538225,-0.09622504486493767,0.0,-0.23517724187582092,-0.3237810263648817,-0.2476824920070451,-0.2938796959007981,0.0,-0.29597376215777643,1.493574083859801,-0.17959640829643997,6.4164805832233265,-0.15901382303513992,-0.06842830812176548,2.8052047812512058,-0.16752422536831607,0.0,-0.6652632955827408,0.3989348586999216,-0.6315362665584876,0.7905764231542673,-0.1360145237956077,-0.17165843696845598,-0.6509370739638739,1.775345780112587,3.751872201526415,-1.0540398353725282,1.054118707791327,-0.19197291732187582,-0.37032082733642196,-0.335765895162113,-0.23089146910097072,1.1865635545920228,13.582918784749118,-0.4028250676839442,-0.1342622540128084,-0.21177233027317463,-0.1358532763751324,2.349840908981455,-0.14810207928107974,-0.5768042414376395,-0.13166153612265222,-0.1677050983124842,7.671534920099451,7.162634202865548,-0.09622504486493762,-0.13345099217921402,0.6452142795548427,-0.1245330990169104,-0.09622504486493767,0.0,-0.09622504486493766,0.19544023975915978,-1.2486260830925948,-0.850874068055384,-0.29599936395118165,2.985885407304273,-0.17939888720515706,0.0,-0.20475926702423705,-0.26111803691797647,3.5337773668647787
3-33,-0.09622504486493762,8.839630250918278,0.1294913297822022,-0.3309293939447612,0.15595303268445604,-0.30562717663485933,0.7747520523609628,-0.011115598902489001,-0.15576706203027013,-0.3796221136411703,-0.3100126291245113,-1.5305568481704248,-0.10415413391024642,0.0,-0.4176438258962746,-0.19252770677547026,-0.2514313342302585,-0.13334627159691914,3.1490082113628497,0.0,8.630909457531603,1.5742874169105665,-0.31442358061949116,-1.0797373329090882,-1.3022599020355614,-0.21157763222088652,-0.16488998138304817,-0.737760901452139,0.0,-0.13814310036932095,-0.16779192950349286,0.0,0.9298003867822193,-0.6972056597085957,4.220098084012115,-0.2750125580051014,-0.4147614234201915,0.0,-0.22000734840294592,-0.24988718708375368,-0.3067102564336961,-0.3439574425320488,3.2783877198716187,0.25035445199420076,-0.30545727604409645,-0.3441778000742036,-0.13651498420458819,1.3009707278858094,1.9061619780662362,-0.09622504486493767,-0.3631450608616812,-0.718342239648438,0.30910034858341073,0.0,-0.4792530348900524,-0.19358988655879816,0.0,0.0,0.0,2.182523261329693,-0.014664222968523245,-0.5376941452660844,0.0,0.0,0.7825783737085358,-0.31805374841748824,-0.09622504486493764,-0.22765759444538225,-0.09622504486493767,0.0,-0.23517724187582092,-0.3237810263648817,-0.2476824920070451,-0.2938796959007981,0.0,-0.29597376215777643,3.792729384532248,-0.17959640829643997,4.723715727832723,-0.15901382303513992,-0.2433463705544928,1.396675627960865,-0.16752422536831607,0.0,-0.6652632955827408,-0.5403821531067468,-0.5315716567148303,1.1023595386816096,-0.1360145237956077,-0.17165843696845598,0.10996189722318134,2.121183480765017,3.171869623537938,-1.0523322836330429,0.5809553292896136,-0.19197291732187582,-0.37032082733642196,-0.335765895162113,-0.23089146910097072,0.7707988650252371,12.98854923574509,-0.4028250676839442,-0.1342622540128084,0.7519276335350041,-0.1358532763751324,1.16232595007918,5.259447731710856,-0.5768042414376395,-0.13166153612265222,-0.1677050983124842,5.647197370247032,5.7340174451232855,-0.09622504486493762,-0.13345099217921402,0.48086745526326924,-0.1245330990169104,-0.09622504486493767,0.0,-0.09622504486493766,0.2183960437825956,-0.07257248236735642,-0.17771962204222658,-0.29599936395118165,12.513727842092399,-0.17939888720515706,0.0,0.3638827485614765,-0.35438349410577435,-0.38197668631977355
4-33,-0.09622504486493762,1.851462929791703,-0.697129750525853,-0.3309293939447612,0.06509491624570435,0.8748889852514842,-0.37430980806751535,-0.2423019577421549,-0.15576706203027013,-0.3796221136411703,0.1419749378797396,0.8106222293837431,-0.10415413391024642,0.0,-0.4176438258962746,0.23464254522511394,-0.2514313342302585,-0.190345266122661,1.0455660998135639,0.0,2.0633785433928518,3.184223730913967,-0.31442358061949116,-0.9547852114292088,-1.086917101592361,-0.21157763222088652,-0.16488998138304817,-0.737760901452139,0.0,-0.13814310036932095,-0.16779192950349286,0.0,-0.4915597515411089,-0.6972056597085957,1.7166888615176268,-0.2750125580051014,-0.4147614234201915,0.0,-0.22000734840294592,-0.24988718708375368,-0.3067102564336961,-0.3439574425320488,3.5051705729886637,0.47326942246746995,-0.30545727604409645,-0.3441778000742036,-0.13651498420458819,-0.4063324202574108,0.01773150302108629,-0.09622504486493767,-0.3631450608616812,-0.718342239648438,-0.08745569651168769,0.0,0.5086262557570893,0.25839400684251024,0.0,0.0,0.0,-0.30993723724455036,0.023809307314320002,-0.5376941452660844,0.0,0.0,0.13005861959622722,0.07081436408373391,-0.09622504486493764,-0.22765759444538225,-0.09622504486493767,0.0,-0.23517724187582092,-0.13712952851993312,-0.2476824920070451,-0.2938796959007981,0.0,-0.29597376215777643,3.6694030465651433,-0.17959640829643997,2.5473037709019484,-0.15901382303513992,-0.3195927054610662,-0.23425286532268833,-0.16752422536831607,0.0,-0.6652632955827408,-0.5403821531067468,-0.5124900930124798,-0.35598084039789485,6.52926863178495,-0.17165843696845598,1.0760179289009444,0.38963833218325816,2.6441195300529285,-0.7347276600888054,0.8270002861105046,-0.19197291732187582,-0.37032082733642196,-0.335765895162113,-0.23089146910097072,0.11861895982243609,7.452345340914442,-0.4028250676839442,-0.1342622540128084,-0.3158519263644579,-0.1358532763751324,-0.4799819718069445,-0.14810207928107974,-0.5768042414376395,-0.13166153612265222,-0.1677050983124842,3.7505207469618833,5.070411539908977,-0.09622504486493762,-0.13345099217921402,0.22467975857346373,-0.1245330990169104,-0.09622504486493767,0.0,-0.09622504486493766,-0.2292421346744024,0.8664899887658003,-0.4546439199799355,-0.29599936395118165,0.9769342042135717,-0.17939888720515706,0.0,-0.06809925128946881,-0.45300903503999745,-0.44197819104654795
1-34,-0.09622504486493762,-0.11072255892128344,-0.697129750525853,-0.3309293939447612,-0.5193134623294766,-0.9131770620078786,-0.37430980806751535,-0.4143067706018245,-0.15576706203027013,-0.3796221136411703,-0.43787925677556894,0.9962903411641141,-0.10415413391024642,0.0,-0.4176438258962746,-0.30400872376098853,-0.2514313342302585,-0.4867400376565187,-0.6866000517477883,0.0,-0.34999125035692996,-0.3482578901032028,-0.31442358061949116,0.5980968757652815,0.8648020162741336,-0.21157763222088652,-0.16488998138304817,-0.4369385857478039,0.0,-0.13814310036932095,-0.16779192950349286,0.0,-0.4915597515411089,-0.07280652794200547,1.3037553815185359,-0.2750125580051014,-0.4147614234201915,0.0,-0.22000734840294592,-0.24988718708375368,-0.3067102564336961,-0.3439574425320488,-0.2644644077124355,-0.8970798213788225,-0.30545727604409645,-0.3441778000742036,-0.13651498420458819,-0.4063324202574108,-0.7354255192843109,-0.09622504486493767,-0.3631450608616812,-0.5274659233421476,0.03898246279399585,0.0,-0.4792530348900524,0.590844969757522,0.0,0.0,0.0,-0.30993723724455036,-0.6197479265077847,-0.5376941452660844,0.0,0.0,-0.5423550294585298,-0.31805374841748824,-0.09622504486493764,-0.22765759444538225,-0.09622504486493767,0.0,-0.23517724187582092,-0.3237810263648817,-0.2476824920070451,-0.2938796959007981,0.0,-0.29597376215777643,-0.15371343041509344,-0.17959640829643997,-0.36880375309026625,-0.15901382303513992,-0.680641526636311,-0.23425286532268833,-0.16752422536831607,0.0,-0.6652632955827408,-0.5403821531067468,-0.5717283803272397,0.911266661422916,-0.1360145237956077,-0.17165843696845598,0.15566777399073145,-0.6811623849134912,-0.43877705565158465,0.8988301706853198,-0.7641805610224003,-0.19197291732187582,-0.05783334046090608,-0.335765895162113,-0.23089146910097072,-0.7129104193111351,-0.6220251567579068,0.9550330858526038,-0.1342622540128084,-0.40643972296242675,-0.1358532763751324,-0.4799819718069445,-0.14810207928107974,-0.5768042414376395,-0.13166153612265222,-0.1677050983124842,-0.13401887572789387,0.7800875190065891,-0.09622504486493762,-0.13345099217921402,-0.6671434497146329,-0.1245330990169104,-0.09622504486493767,0.0,-0.09622504486493766,-0.2292421346744024,-0.8194645966157355,1.3063672654232596,-0.29599936395118165,-0.2574619489842054,-0.17939888720515706,0.0,-0.1037362168438869,-0.6759885188912844,-0.2856696166736958
2-34,-0.09622504486493762,-0.11072255892128344,-0.697129750525853,-0.3309293939447612,-0.5193134623294766,-0.9131770620078786,-0.37430980806751535,-0.383364820762968,-0.15576706203027013,-0.3796221136411703,-0.3435514167051166,1.3520894842411442,-0.10415413391024642,0.0,-0.4176438258962746,-0.30400872376098853,-0.2514313342302585,-0.30719320490043184,-0.6866000517477883,0.0,-0.34999125035692996,-0.3482578901032028,-0.31442358061949116,-0.16151522893546563,1.1326719045586229,-0.21157763222088652,-0.1025082063522463,-0.16094141260159342,0.0,-0.13814310036932095,5.463048931471717,0.0,-0.4915597515411089,-0.29212952046216983,-0.6662814293104595,-0.2750125580051014,-0.4147614234201915,0.0,-0.22000734840294592,-0.24988718708375368,-0.3067102564336961,-0.3439574425320488,-0.2644644077124355,-0.9157372892385465,-0.30545727604409645,-0.3441778000742036,-0.13651498420458819,-0.4063324202574108,-0.7354255192843109,-0.09622504486493767,-0.3631450608616812,-0.4101565206122399,-0.4361184994455423,0.0,-0.4792530348900524,-0.9929663591859054,0.0,0.0,0.0,-0.30993723724455036,-0.6197479265077847,-0.4042426416093028,0.0,0.0,-0.5423550294585298,-0.31805374841748824,-0.09622504486493764,-0.22765759444538225,-0.09622504486493767,0.0,-0.23517724187582092,-0.3237810263648817,-0.2476824920070451,-0.2938796959007981,0.0,-0.29597376215777643,-0.15371343041509344,-0.17959640829643997,-0.36880375309026625,-0.15901382303513992,-0.680641526636311,-0.23425286532268833,-0.16752422536831607,0.0,-0.6652632955827408,-0.5403821531067468,-0.37550155359709764,-0.35598084039789485,-0.1360145237956077,-0.17165843696845598,-0.19647523110471124,-0.6811623849134912,-0.43877705565158465,0.8026380893609892,-0.7641805610224003,-0.19197291732187582,-0.17401458558129018,-0.335765895162113,-0.23089146910097072,-0.7129104193111351,-0.7210127664874799,1.399948310628409,-0.1342622540128084,-0.40643972296242675,-0.1358532763751324,-0.4799819718069445,-0.14810207928107974,-0.5768042414376395,-0.13166153612265222,-0.1677050983124842,-0.13401887572789387,-0.05799454555619941,-0.09622504486493762,-0.13345099217921402,-0.6671434497146329,-0.1245330990169104,-0.09622504486493767,0.0,-0.09622504486493766,-0.2292421346744024,-0.7810098228033492,1.3576261529548692,-0.29599936395118165,0.37359658640224075,-0.17939888720515706,0.0,-0.29132093987815666,-0.502321805507109,-0.3923859741637697
3-34,-0.09622504486493762,-0.11072255892128344,-0.697129750525853,-0.3309293939447612,-0.5193134623294766,-0.9131770620078786,-0.37430980806751535,-0.4028217673865285,-0.15576706203027013,-0.3796221136411703,0.27665413175810777,1.9481954721329362,-0.10415413391024642,0.0,-0.4176438258962746,-0.30400872376098853,-0.2514313342302585,-0.4867400376565187,-0.6866000517477883,0.0,-0.34999125035692996,-0.3482578901032028,-0.31442358061949116,-0.21783167805315792,0.5268757223056064,-0.21157763222088652,0.6042970636800067,-0.3201143854742757,0.0,-0.13814310036932095,-0.16779192950349286,0.0,-0.4915597515411089,0.9141469383987336,-0.6662814293104595,-0.2750125580051014,-0.4147614234201915,0.0,-0.22000734840294592,-0.24988718708375368,-0.3067102564336961,-0.3439574425320488,-0.2644644077124355,-0.8993075787352075,-0.30545727604409645,-0.3441778000742036,-0.13651498420458819,-0.4063324202574108,-0.7354255192843109,-0.09622504486493767,-0.3631450608616812,-0.3820718542807154,-0.03381526529109469,0.0,-0.4792530348900524,-0.3542122618997589,0.0,0.0,0.0,-0.30993723724455036,-0.6197479265077847,-0.3132275993663932,0.0,0.0,-0.108668119713154,-0.31805374841748824,-0.09622504486493764,-0.22765759444538225,-0.09622504486493767,0.0,-0.23517724187582092,-0.3237810263648817,-0.2476824920070451,-0.2938796959007981,0.0,-0.29597376215777643,-0.15371343041509344,-0.17959640829643997,-0.36880375309026625,-0.15901382303513992,-0.680641526636311,-0.23425286532268833,-0.16752422536831607,0.0,-0.6652632955827408,-0.5403821531067468,-0.014660640001901832,-0.35598084039789485,-0.1360145237956077,-0.17165843696845598,-0.06195452561839903,-0.6811623849134912,-0.43877705565158465,-0.15529843649017835,-0.5005609644285886,-0.19197291732187582,-0.37032082733642196,-0.335765895162113,-0.23089146910097072,-0.7129104193111351,-0.5221497657751538,1.1688235185370819,-0.1342622540128084,-0.28308612759497986,-0.1358532763751324,-0.4799819718069445,-0.14810207928107974,0.701013236085474,-0.13166153612265222,-0.1677050983124842,-0.13401887572789387,-0.745460438373718,-0.09622504486493762,-0.13345099217921402,-0.6671434497146329,-0.1245330990169104,-0.09622504486493767,0.0,-0.09622504486493766,-0.2292421346744024,-1.9645163002836126,1.9385777540446387,-0.29599936395118165,0.8415909007585975,-0.17939888720515706,0.0,0.9912999334238967,-0.7821181770705028,-0.3340770365661005
4-34,-0.09622504486493762,-0.11072255892128344,-0.697129750525853,-0.3309293939447612,-0.5193134623294766,-0.9131770620078786,-0.37430980806751535,-0.3513419294450248,-0.15576706203027013,-0.3796221136411703,-0.03567582758627899,3.2988856688503927,-0.10415413391024642,0.0,-0.4176438258962746,-0.30400872376098853,-0.2514313342302585,-0.26159400927983834,-0.6866000517477883,0.0,-0.34999125035692996,-0.3482578901032028,-0.31442358061949116,-1.2143688440810714,0.218164958074993,-0.21157763222088652,0.9639096491516881,-0.30843196544692286,0.0,-0.13814310036932095,-0.16779192950349286,0.0,-0.4915597515411089,1.1222799823209306,-0.6662814293104595,-0.2750125580051014,-0.4147614234201915,0.0,-0.22000734840294592,-0.24988718708375368,-0.3067102564336961,-0.3439574425320488,-0.2644644077124355,-0.9157372892385465,-0.30545727604409645,-0.3441778000742036,-0.13651498420458819,-0.4063324202574108,-0.7354255192843109,-0.09622504486493767,-0.3631450608616812,-0.49863564640005165,1.0926337903413588,0.0,-0.4792530348900524,-0.24962094772424956,0.0,0.0,0.0,-0.30993723724455036,-0.6197479265077847,-0.39084165379439584,0.0,0.0,-0.5423550294585298,-0.31805374841748824,-0.09622504486493764,-0.22765759444538225,-0.09622504486493767,0.0,-0.23517724187582092,-0.3237810263648817,-0.2476824920070451,-0.2938796959007981,0.0,-0.29597376215777643,-0.15371343041509344,-0.17959640829643997,3.7421966100011974,-0.15901382303513992,-0.680641526636311,-0.23425286532268833,-0.16752422536831607,0.0,-0.6652632955827408,-0.5403821531067468,-0.03146380803830011,-0.35598084039789485,-0.1360145237956077,-0.17165843696845598,-0.2058241604435283,-0.6375644465007487,-0.43877705565158465,0.1224633131327391,-0.4180953470325756,-0.19197291732187582,-0.37032082733642196,-0.335765895162113,-0.23089146910097072,0.5262314005741867,-0.0933514204892006,0.614124017517896,-0.1342622540128084,0.0047389282623962305,-0.1358532763751324,-0.4799819718069445,-0.14810207928107974,1.294285636364062,9.032905318618312,-0.1677050983124842,-0.13401887572789387,0.4535039386876376,-0.09622504486493762,-0.13345099217921402,-0.6671434497146329,-0.1245330990169104,-0.09622504486493767,0.0,-0.09622504486493766,-0.2292421346744024,-0.7156418829311504,1.1102257111826972,-0.29599936395118165,2.009130723334038,-0.17939888720515706,0.0,-0.10693837896616781,-0.2880971251083164,-0.44197819104654795
