target,feature,category,fold,importance,permutation_sd,selected_in_fold,fold_rank,positive_top10,positive_top20
warning_acid_base_balance,Season,Metadata: operation/context,1,0.010416666666666664,0.018510902429971634,True,14.0,False,True
warning_buffer_capacity,Season,Metadata: operation/context,1,0.0,0.0,True,124.5,False,False
warning_acid_accumulation,Season,Metadata: operation/context,1,,,True,,False,False
warning_ammonia_toxicity,Season,Metadata: operation/context,1,0.0,0.0,True,157.0,False,False
warning_biogas_quality,Season,Metadata: operation/context,1,0.0,0.0,True,138.0,False,False
warning_acid_base_balance,substrate_type,Metadata: substrate,1,0.0,0.0,True,147.5,False,False
warning_buffer_capacity,substrate_type,Metadata: substrate,1,0.0,0.0,True,124.5,False,False
warning_acid_accumulation,substrate_type,Metadata: substrate,1,,,True,,False,False
warning_ammonia_toxicity,substrate_type,Metadata: substrate,1,0.0,0.0,True,157.0,False,False
warning_biogas_quality,substrate_type,Metadata: substrate,1,0.0,0.0,True,138.0,False,False
warning_acid_base_balance,HRT_d,Metadata: operation/context,1,0.04333333333333332,0.013679711361135386,True,4.0,True,True
warning_buffer_capacity,HRT_d,Metadata: operation/context,1,-0.0005681818181818198,0.0013876801080777434,True,243.5,False,False
warning_acid_accumulation,HRT_d,Metadata: operation/context,1,,,True,,False,False
warning_ammonia_toxicity,HRT_d,Metadata: operation/context,1,0.025297619047619062,0.008963313082884488,True,5.0,True,True
warning_biogas_quality,HRT_d,Metadata: operation/context,1,-0.03750000000000001,0.030528962377710273,True,275.0,False,False
warning_acid_base_balance,T_C,Metadata: operation/context,1,0.0,0.0,True,147.5,False,False
warning_buffer_capacity,T_C,Metadata: operation/context,1,0.0,0.0,True,124.5,False,False
warning_acid_accumulation,T_C,Metadata: operation/context,1,,,True,,False,False
warning_ammonia_toxicity,T_C,Metadata: operation/context,1,0.0008928571428571452,0.003992978531249635,True,37.5,False,False
warning_biogas_quality,T_C,Metadata: operation/context,1,-0.011666666666666674,0.016312016164319775,True,273.0,False,False
warning_acid_base_balance,Q_total_Tpy,Metadata: operation/context,1,0.0,0.0,True,147.5,False,False
warning_buffer_capacity,Q_total_Tpy,Metadata: operation/context,1,-0.004594988344988353,0.0041925771662483,True,268.0,False,False
warning_acid_accumulation,Q_total_Tpy,Metadata: operation/context,1,,,True,,False,False
warning_ammonia_toxicity,Q_total_Tpy,Metadata: operation/context,1,0.0,0.0,True,157.0,False,False
warning_biogas_quality,Q_total_Tpy,Metadata: operation/context,1,0.0,0.0,True,138.0,False,False
warning_acid_base_balance,substrate_avg_pH,Metadata: substrate,1,0.033333333333333326,0.017099639201419232,True,10.0,True,True
warning_buffer_capacity,substrate_avg_pH,Metadata: substrate,1,-0.0007575757575757596,0.0015545126546744803,True,249.0,False,False
warning_acid_accumulation,substrate_avg_pH,Metadata: substrate,1,,,True,,False,False
warning_ammonia_toxicity,substrate_avg_pH,Metadata: substrate,1,0.02093253968253971,0.009730317329554934,True,8.0,True,True
warning_biogas_quality,substrate_avg_pH,Metadata: substrate,1,0.0,0.0,True,138.0,False,False
warning_acid_base_balance,substrate_avg_ALK,Metadata: substrate,1,0.0,0.0,True,147.5,False,False
warning_buffer_capacity,substrate_avg_ALK,Metadata: substrate,1,0.0,0.0,True,124.5,False,False
warning_acid_accumulation,substrate_avg_ALK,Metadata: substrate,1,,,True,,False,False
warning_ammonia_toxicity,substrate_avg_ALK,Metadata: substrate,1,0.0,0.0,True,157.0,False,False
warning_biogas_quality,substrate_avg_ALK,Metadata: substrate,1,0.0,0.0,True,138.0,False,False
warning_acid_base_balance,substrate_avg_VS,Metadata: substrate,1,0.012499999999999997,0.019590097749234463,True,13.0,False,True
warning_buffer_capacity,substrate_avg_VS,Metadata: substrate,1,-0.0008245920745920766,0.0023969534018387214,True,254.0,False,False
warning_acid_accumulation,substrate_avg_VS,Metadata: substrate,1,,,True,,False,False
warning_ammonia_toxicity,substrate_avg_VS,Metadata: substrate,1,0.07474206349206353,0.06589066242583894,True,2.0,True,True
warning_biogas_quality,substrate_avg_VS,Metadata: substrate,1,0.0,0.0,True,138.0,False,False
warning_acid_base_balance,substrate_avg_COD,Metadata: substrate,1,0.0,0.0,True,147.5,False,False
warning_buffer_capacity,substrate_avg_COD,Metadata: substrate,1,-5.8275058275059075e-05,0.0016087560640314586,True,227.0,False,False
warning_acid_accumulation,substrate_avg_COD,Metadata: substrate,1,,,True,,False,False
warning_ammonia_toxicity,substrate_avg_COD,Metadata: substrate,1,0.0008928571428571452,0.003992978531249635,True,37.5,False,False
warning_biogas_quality,substrate_avg_COD,Metadata: substrate,1,0.0,0.0,True,138.0,False,False
warning_acid_base_balance,substrate_avg_sCOD,Metadata: substrate,1,0.0,0.0,True,147.5,False,False
warning_buffer_capacity,substrate_avg_sCOD,Metadata: substrate,1,-0.0006089743589743603,0.00356892822759529,True,246.0,False,False
warning_acid_accumulation,substrate_avg_sCOD,Metadata: substrate,1,,,True,,False,False
warning_ammonia_toxicity,substrate_avg_sCOD,Metadata: substrate,1,0.021349206349206357,0.013352886764336349,True,7.0,True,True
warning_biogas_quality,substrate_avg_sCOD,Metadata: substrate,1,0.0,0.0,True,138.0,False,False
warning_acid_base_balance,substrate_avg_TC,Metadata: substrate,1,0.0,0.0,True,147.5,False,False
warning_buffer_capacity,substrate_avg_TC,Metadata: substrate,1,0.0,0.0,True,124.5,False,False
warning_acid_accumulation,substrate_avg_TC,Metadata: substrate,1,,,True,,False,False
warning_ammonia_toxicity,substrate_avg_TC,Metadata: substrate,1,0.01636904761904765,0.009760083474169847,True,11.0,False,True
warning_biogas_quality,substrate_avg_TC,Metadata: substrate,1,0.0,0.0,True,138.0,False,False
warning_acid_base_balance,substrate_avg_Protein,Metadata: substrate,1,0.0,0.0,True,147.5,False,False
warning_buffer_capacity,substrate_avg_Protein,Metadata: substrate,1,0.0,0.0,True,124.5,False,False
warning_acid_accumulation,substrate_avg_Protein,Metadata: substrate,1,,,True,,False,False
warning_ammonia_toxicity,substrate_avg_Protein,Metadata: substrate,1,0.014265873015873032,0.015892570974387444,True,14.0,False,True
warning_biogas_quality,substrate_avg_Protein,Metadata: substrate,1,0.0,0.0,True,138.0,False,False
warning_acid_base_balance,substrate_avg_Lipid,Metadata: substrate,1,0.0,0.0,True,147.5,False,False
warning_buffer_capacity,substrate_avg_Lipid,Metadata: substrate,1,-0.0003787878787878798,0.0011658844910058602,True,237.5,False,False
warning_acid_accumulation,substrate_avg_Lipid,Metadata: substrate,1,,,True,,False,False
warning_ammonia_toxicity,substrate_avg_Lipid,Metadata: substrate,1,0.025238095238095243,0.011173888771118318,True,6.0,True,True
warning_biogas_quality,substrate_avg_Lipid,Metadata: substrate,1,0.0,0.0,True,138.0,False,False
warning_acid_base_balance,substrate_avg_TVFAs,Metadata: substrate,1,0.0,0.0,True,147.5,False,False
warning_buffer_capacity,substrate_avg_TVFAs,Metadata: substrate,1,0.0006410256410256416,0.0013153568616476345,True,13.0,False,True
warning_acid_accumulation,substrate_avg_TVFAs,Metadata: substrate,1,,,True,,False,False
warning_ammonia_toxicity,substrate_avg_TVFAs,Metadata: substrate,1,0.0017857142857142904,0.0054963126004561975,True,28.0,False,False
warning_biogas_quality,substrate_avg_TVFAs,Metadata: substrate,1,0.0,0.0,True,138.0,False,False
warning_acid_base_balance,substrate_avg_HAc,Metadata: substrate,1,0.0,0.0,True,147.5,False,False
warning_buffer_capacity,substrate_avg_HAc,Metadata: substrate,1,0.0003205128205128208,0.000986517646235726,True,19.5,False,True
warning_acid_accumulation,substrate_avg_HAc,Metadata: substrate,1,,,True,,False,False
warning_ammonia_toxicity,substrate_avg_HAc,Metadata: substrate,1,0.0017857142857142904,0.0054963126004561975,True,28.0,False,False
warning_biogas_quality,substrate_avg_HAc,Metadata: substrate,1,-0.0026190476190476224,0.015096064270616539,True,268.0,False,False
warning_acid_base_balance,substrate_avg_HPro,Metadata: substrate,1,0.0,0.0,True,147.5,False,False
warning_buffer_capacity,substrate_avg_HPro,Metadata: substrate,1,0.0,0.0,True,124.5,False,False
warning_acid_accumulation,substrate_avg_HPro,Metadata: substrate,1,,,True,,False,False
warning_ammonia_toxicity,substrate_avg_HPro,Metadata: substrate,1,0.0,0.0,True,157.0,False,False
warning_biogas_quality,substrate_avg_HPro,Metadata: substrate,1,0.0,0.0,True,138.0,False,False
warning_acid_base_balance,BAC_P::Abditibacteriota,Bacteria,1,0.0,0.0,True,147.5,False,False
warning_buffer_capacity,BAC_P::Abditibacteriota,Bacteria,1,0.0,0.0,True,124.5,False,False
warning_acid_accumulation,BAC_P::Abditibacteriota,Bacteria,1,,,True,,False,False
warning_ammonia_toxicity,BAC_P::Abditibacteriota,Bacteria,1,0.0,0.0,True,157.0,False,False
warning_biogas_quality,BAC_P::Abditibacteriota,Bacteria,1,0.0,0.0,True,138.0,False,False
warning_acid_base_balance,BAC_P::Acetothermia,Bacteria,1,0.0,0.0,True,147.5,False,False
warning_buffer_capacity,BAC_P::Acetothermia,Bacteria,1,0.0,0.0,True,124.5,False,False
warning_acid_accumulation,BAC_P::Acetothermia,Bacteria,1,,,True,,False,False
warning_ammonia_toxicity,BAC_P::Acetothermia,Bacteria,1,0.0,0.0,True,157.0,False,False
warning_biogas_quality,BAC_P::Acetothermia,Bacteria,1,0.0,0.0,True,138.0,False,False
warning_acid_base_balance,BAC_P::Acidobacteriota,Bacteria,1,0.0,0.0,True,147.5,False,False
warning_buffer_capacity,BAC_P::Acidobacteriota,Bacteria,1,0.0,0.0,True,124.5,False,False
warning_acid_accumulation,BAC_P::Acidobacteriota,Bacteria,1,,,True,,False,False
warning_ammonia_toxicity,BAC_P::Acidobacteriota,Bacteria,1,0.0,0.0,True,157.0,False,False
warning_biogas_quality,BAC_P::Acidobacteriota,Bacteria,1,0.0,0.0,True,138.0,False,False
warning_acid_base_balance,BAC_P::Actinobacteriota,Bacteria,1,0.0,0.0,True,147.5,False,False
warning_buffer_capacity,BAC_P::Actinobacteriota,Bacteria,1,0.0,0.0,True,124.5,False,False
warning_acid_accumulation,BAC_P::Actinobacteriota,Bacteria,1,,,True,,False,False
warning_ammonia_toxicity,BAC_P::Actinobacteriota,Bacteria,1,0.0,0.0,True,157.0,False,False
warning_biogas_quality,BAC_P::Actinobacteriota,Bacteria,1,0.0,0.0,True,138.0,False,False
warning_acid_base_balance,BAC_P::Armatimonadota,Bacteria,1,-0.002299783549783546,0.018675021510260285,True,271.0,False,False
warning_buffer_capacity,BAC_P::Armatimonadota,Bacteria,1,-0.02487554112554113,0.00928456537676648,True,276.0,False,False
warning_acid_accumulation,BAC_P::Armatimonadota,Bacteria,1,,,True,,False,False
warning_ammonia_toxicity,BAC_P::Armatimonadota,Bacteria,1,0.009226190476190499,0.016440803081580305,True,17.0,False,True
warning_biogas_quality,BAC_P::Armatimonadota,Bacteria,1,-0.0033333333333333353,0.010259783520851546,True,271.0,False,False
warning_acid_base_balance,BAC_P::Bacteroidota,Bacteria,1,0.0,0.0,True,147.5,False,False
warning_buffer_capacity,BAC_P::Bacteroidota,Bacteria,1,0.0,0.0,True,124.5,False,False
warning_acid_accumulation,BAC_P::Bacteroidota,Bacteria,1,,,True,,False,False
warning_ammonia_toxicity,BAC_P::Bacteroidota,Bacteria,1,0.0,0.0,True,157.0,False,False
warning_biogas_quality,BAC_P::Bacteroidota,Bacteria,1,0.0,0.0,True,138.0,False,False
warning_acid_base_balance,BAC_P::Bdellovibrionota,Bacteria,1,0.0,0.0,False,147.5,False,False
warning_buffer_capacity,BAC_P::Bdellovibrionota,Bacteria,1,0.0,0.0,False,124.5,False,False
warning_acid_accumulation,BAC_P::Bdellovibrionota,Bacteria,1,,,False,,False,False
warning_ammonia_toxicity,BAC_P::Bdellovibrionota,Bacteria,1,0.0,0.0,False,157.0,False,False
warning_biogas_quality,BAC_P::Bdellovibrionota,Bacteria,1,0.0,0.0,False,138.0,False,False
warning_acid_base_balance,BAC_P::Caldatribacteriota,Bacteria,1,0.0,0.0,True,147.5,False,False
warning_buffer_capacity,BAC_P::Caldatribacteriota,Bacteria,1,0.0,0.0,True,124.5,False,False
warning_acid_accumulation,BAC_P::Caldatribacteriota,Bacteria,1,,,True,,False,False
warning_ammonia_toxicity,BAC_P::Caldatribacteriota,Bacteria,1,0.0,0.0,True,157.0,False,False
warning_biogas_quality,BAC_P::Caldatribacteriota,Bacteria,1,0.0,0.0,True,138.0,False,False
warning_acid_base_balance,BAC_P::Caldisericota,Bacteria,1,0.0,0.0,True,147.5,False,False
warning_buffer_capacity,BAC_P::Caldisericota,Bacteria,1,0.0,0.0,True,124.5,False,False
warning_acid_accumulation,BAC_P::Caldisericota,Bacteria,1,,,True,,False,False
warning_ammonia_toxicity,BAC_P::Caldisericota,Bacteria,1,0.0,0.0,True,157.0,False,False
warning_biogas_quality,BAC_P::Caldisericota,Bacteria,1,0.0,0.0,True,138.0,False,False
warning_acid_base_balance,BAC_P::Campilobacterota,Bacteria,1,0.0,0.0,True,147.5,False,False
warning_buffer_capacity,BAC_P::Campilobacterota,Bacteria,1,0.0,0.0,True,124.5,False,False
warning_acid_accumulation,BAC_P::Campilobacterota,Bacteria,1,,,True,,False,False
warning_ammonia_toxicity,BAC_P::Campilobacterota,Bacteria,1,0.0,0.0,True,157.0,False,False
warning_biogas_quality,BAC_P::Campilobacterota,Bacteria,1,0.0,0.0,True,138.0,False,False
warning_acid_base_balance,BAC_P::Chloroflexi,Bacteria,1,0.0,0.0,True,147.5,False,False
warning_buffer_capacity,BAC_P::Chloroflexi,Bacteria,1,-0.004848484848484857,0.003245917717356354,True,269.0,False,False
warning_acid_accumulation,BAC_P::Chloroflexi,Bacteria,1,,,True,,False,False
warning_ammonia_toxicity,BAC_P::Chloroflexi,Bacteria,1,0.0,0.0,True,157.0,False,False
warning_biogas_quality,BAC_P::Chloroflexi,Bacteria,1,0.0,0.0,True,138.0,False,False
warning_acid_base_balance,BAC_P::Cloacimonadota,Bacteria,1,0.0,0.0,True,147.5,False,False
warning_buffer_capacity,BAC_P::Cloacimonadota,Bacteria,1,-0.0003787878787878798,0.00116588449100586,True,237.5,False,False
warning_acid_accumulation,BAC_P::Cloacimonadota,Bacteria,1,,,True,,False,False
warning_ammonia_toxicity,BAC_P::Cloacimonadota,Bacteria,1,0.0,0.0,True,157.0,False,False
warning_biogas_quality,BAC_P::Cloacimonadota,Bacteria,1,0.0,0.0,True,138.0,False,False
warning_acid_base_balance,BAC_P::Coprothermobacterota,Bacteria,1,0.0,0.0,True,147.5,False,False
warning_buffer_capacity,BAC_P::Coprothermobacterota,Bacteria,1,0.0,0.0,True,124.5,False,False
warning_acid_accumulation,BAC_P::Coprothermobacterota,Bacteria,1,,,True,,False,False
warning_ammonia_toxicity,BAC_P::Coprothermobacterota,Bacteria,1,0.0,0.0,True,157.0,False,False
warning_biogas_quality,BAC_P::Coprothermobacterota,Bacteria,1,0.0,0.0,True,138.0,False,False
warning_acid_base_balance,BAC_P::Cyanobacteria,Bacteria,1,0.0,0.0,True,147.5,False,False
warning_buffer_capacity,BAC_P::Cyanobacteria,Bacteria,1,0.0,0.0,True,124.5,False,False
warning_acid_accumulation,BAC_P::Cyanobacteria,Bacteria,1,,,True,,False,False
warning_ammonia_toxicity,BAC_P::Cyanobacteria,Bacteria,1,0.0,0.0,True,157.0,False,False
warning_biogas_quality,BAC_P::Cyanobacteria,Bacteria,1,0.0,0.0,True,138.0,False,False
warning_acid_base_balance,BAC_P::Deinococcota,Bacteria,1,0.0,0.0,True,147.5,False,False
warning_buffer_capacity,BAC_P::Deinococcota,Bacteria,1,0.0,0.0,True,124.5,False,False
warning_acid_accumulation,BAC_P::Deinococcota,Bacteria,1,,,True,,False,False
warning_ammonia_toxicity,BAC_P::Deinococcota,Bacteria,1,0.0,0.0,True,157.0,False,False
warning_biogas_quality,BAC_P::Deinococcota,Bacteria,1,0.0,0.0,True,138.0,False,False
warning_acid_base_balance,BAC_P::Dependentiae,Bacteria,1,0.0,0.0,True,147.5,False,False
warning_buffer_capacity,BAC_P::Dependentiae,Bacteria,1,0.0,0.0,True,124.5,False,False
warning_acid_accumulation,BAC_P::Dependentiae,Bacteria,1,,,True,,False,False
warning_ammonia_toxicity,BAC_P::Dependentiae,Bacteria,1,0.0,0.0,True,157.0,False,False
warning_biogas_quality,BAC_P::Dependentiae,Bacteria,1,0.0,0.0,True,138.0,False,False
warning_acid_base_balance,BAC_P::Desulfobacterota,Bacteria,1,0.0,0.0,True,147.5,False,False
warning_buffer_capacity,BAC_P::Desulfobacterota,Bacteria,1,0.0,0.0,True,124.5,False,False
warning_acid_accumulation,BAC_P::Desulfobacterota,Bacteria,1,,,True,,False,False
warning_ammonia_toxicity,BAC_P::Desulfobacterota,Bacteria,1,0.0,0.0,True,157.0,False,False
warning_biogas_quality,BAC_P::Desulfobacterota,Bacteria,1,0.0,0.0,True,138.0,False,False
warning_acid_base_balance,BAC_P::Elusimicrobiota,Bacteria,1,0.0,0.0,True,147.5,False,False
warning_buffer_capacity,BAC_P::Elusimicrobiota,Bacteria,1,0.0,0.0,True,124.5,False,False
warning_acid_accumulation,BAC_P::Elusimicrobiota,Bacteria,1,,,True,,False,False
warning_ammonia_toxicity,BAC_P::Elusimicrobiota,Bacteria,1,0.0,0.0,True,157.0,False,False
warning_biogas_quality,BAC_P::Elusimicrobiota,Bacteria,1,0.0,0.0,True,138.0,False,False
warning_acid_base_balance,BAC_P::Fermentibacterota,Bacteria,1,0.0,0.0,True,147.5,False,False
warning_buffer_capacity,BAC_P::Fermentibacterota,Bacteria,1,0.0006898310023310012,0.0034945357602296483,True,12.0,False,True
warning_acid_accumulation,BAC_P::Fermentibacterota,Bacteria,1,,,True,,False,False
warning_ammonia_toxicity,BAC_P::Fermentibacterota,Bacteria,1,0.006349206349206349,0.013028296534414655,True,18.5,False,True
warning_biogas_quality,BAC_P::Fermentibacterota,Bacteria,1,0.0,0.0,True,138.0,False,False
warning_acid_base_balance,BAC_P::Fibrobacterota,Bacteria,1,0.0,0.0,True,147.5,False,False
warning_buffer_capacity,BAC_P::Fibrobacterota,Bacteria,1,0.0,0.0,True,124.5,False,False
warning_acid_accumulation,BAC_P::Fibrobacterota,Bacteria,1,,,True,,False,False
warning_ammonia_toxicity,BAC_P::Fibrobacterota,Bacteria,1,0.0,0.0,True,157.0,False,False
warning_biogas_quality,BAC_P::Fibrobacterota,Bacteria,1,0.0,0.0,True,138.0,False,False
warning_acid_base_balance,BAC_P::Firmicutes,Bacteria,1,0.0,0.0,True,147.5,False,False
warning_buffer_capacity,BAC_P::Firmicutes,Bacteria,1,-0.00031759906759906904,0.003924108369187087,True,234.0,False,False
warning_acid_accumulation,BAC_P::Firmicutes,Bacteria,1,,,True,,False,False
warning_ammonia_toxicity,BAC_P::Firmicutes,Bacteria,1,0.003571428571428581,0.007328416800608263,True,21.0,False,False
warning_biogas_quality,BAC_P::Firmicutes,Bacteria,1,0.0,0.0,True,138.0,False,False
warning_acid_base_balance,BAC_P::Fusobacteriota,Bacteria,1,0.0,0.0,True,147.5,False,False
warning_buffer_capacity,BAC_P::Fusobacteriota,Bacteria,1,0.0,0.0,True,124.5,False,False
warning_acid_accumulation,BAC_P::Fusobacteriota,Bacteria,1,,,True,,False,False
warning_ammonia_toxicity,BAC_P::Fusobacteriota,Bacteria,1,0.0,0.0,True,157.0,False,False
warning_biogas_quality,BAC_P::Fusobacteriota,Bacteria,1,0.0,0.0,True,138.0,False,False
warning_acid_base_balance,BAC_P::Halanaerobiaeota,Bacteria,1,0.0,0.0,True,147.5,False,False
warning_buffer_capacity,BAC_P::Halanaerobiaeota,Bacteria,1,0.0,0.0,True,124.5,False,False
warning_acid_accumulation,BAC_P::Halanaerobiaeota,Bacteria,1,,,True,,False,False
warning_ammonia_toxicity,BAC_P::Halanaerobiaeota,Bacteria,1,0.0,0.0,True,157.0,False,False
warning_biogas_quality,BAC_P::Halanaerobiaeota,Bacteria,1,0.0,0.0,True,138.0,False,False
warning_acid_base_balance,BAC_P::Marinimicrobia_(SAR406_clade),Bacteria,1,0.0,0.0,True,147.5,False,False
warning_buffer_capacity,BAC_P::Marinimicrobia_(SAR406_clade),Bacteria,1,0.0,0.0,True,124.5,False,False
warning_acid_accumulation,BAC_P::Marinimicrobia_(SAR406_clade),Bacteria,1,,,True,,False,False
warning_ammonia_toxicity,BAC_P::Marinimicrobia_(SAR406_clade),Bacteria,1,0.0,0.0,True,157.0,False,False
warning_biogas_quality,BAC_P::Marinimicrobia_(SAR406_clade),Bacteria,1,0.0,0.0,True,138.0,False,False
warning_acid_base_balance,BAC_P::Patescibacteria,Bacteria,1,0.0,0.0,True,147.5,False,False
warning_buffer_capacity,BAC_P::Patescibacteria,Bacteria,1,0.0,0.0,True,124.5,False,False
warning_acid_accumulation,BAC_P::Patescibacteria,Bacteria,1,,,True,,False,False
warning_ammonia_toxicity,BAC_P::Patescibacteria,Bacteria,1,0.0,0.0,True,157.0,False,False
warning_biogas_quality,BAC_P::Patescibacteria,Bacteria,1,0.0,0.0,True,138.0,False,False
warning_acid_base_balance,BAC_P::Planctomycetota,Bacteria,1,0.0,0.0,True,147.5,False,False
warning_buffer_capacity,BAC_P::Planctomycetota,Bacteria,1,0.0,0.0,True,124.5,False,False
warning_acid_accumulation,BAC_P::Planctomycetota,Bacteria,1,,,True,,False,False
warning_ammonia_toxicity,BAC_P::Planctomycetota,Bacteria,1,0.0,0.0,True,157.0,False,False
warning_biogas_quality,BAC_P::Planctomycetota,Bacteria,1,0.0,0.0,True,138.0,False,False
warning_acid_base_balance,BAC_P::Proteobacteria,Bacteria,1,0.0,0.0,True,147.5,False,False
warning_buffer_capacity,BAC_P::Proteobacteria,Bacteria,1,0.0005536130536130529,0.0023932389036785497,True,14.0,False,True
warning_acid_accumulation,BAC_P::Proteobacteria,Bacteria,1,,,True,,False,False
warning_ammonia_toxicity,BAC_P::Proteobacteria,Bacteria,1,0.0017857142857142904,0.0054963126004561975,True,28.0,False,False
warning_biogas_quality,BAC_P::Proteobacteria,Bacteria,1,0.0,0.0,True,138.0,False,False
warning_acid_base_balance,BAC_P::Spirochaetota,Bacteria,1,0.0,0.0,True,147.5,False,False
warning_buffer_capacity,BAC_P::Spirochaetota,Bacteria,1,0.0001602564102564104,0.0007166884543268562,True,22.5,False,False
warning_acid_accumulation,BAC_P::Spirochaetota,Bacteria,1,,,True,,False,False
warning_ammonia_toxicity,BAC_P::Spirochaetota,Bacteria,1,0.0,0.0,True,157.0,False,False
warning_biogas_quality,BAC_P::Spirochaetota,Bacteria,1,0.0,0.0,True,138.0,False,False
warning_acid_base_balance,BAC_P::Synergistota,Bacteria,1,0.0,0.0,True,147.5,False,False
warning_buffer_capacity,BAC_P::Synergistota,Bacteria,1,0.0,0.0,True,124.5,False,False
warning_acid_accumulation,BAC_P::Synergistota,Bacteria,1,,,True,,False,False
warning_ammonia_toxicity,BAC_P::Synergistota,Bacteria,1,0.0,0.0,True,157.0,False,False
warning_biogas_quality,BAC_P::Synergistota,Bacteria,1,0.0,0.0,True,138.0,False,False
warning_acid_base_balance,BAC_P::Thermotogota,Bacteria,1,0.0,0.0,True,147.5,False,False
warning_buffer_capacity,BAC_P::Thermotogota,Bacteria,1,-0.001174242424242427,0.002285649071388909,True,256.0,False,False
warning_acid_accumulation,BAC_P::Thermotogota,Bacteria,1,,,True,,False,False
warning_ammonia_toxicity,BAC_P::Thermotogota,Bacteria,1,0.0,0.0,True,157.0,False,False
warning_biogas_quality,BAC_P::Thermotogota,Bacteria,1,0.0,0.0,True,138.0,False,False
warning_acid_base_balance,BAC_P::Verrucomicrobiota,Bacteria,1,0.0,0.0,True,147.5,False,False
warning_buffer_capacity,BAC_P::Verrucomicrobiota,Bacteria,1,0.00211038961038961,0.006922890497789898,True,4.0,True,True
warning_acid_accumulation,BAC_P::Verrucomicrobiota,Bacteria,1,,,True,,False,False
warning_ammonia_toxicity,BAC_P::Verrucomicrobiota,Bacteria,1,0.004642857142857171,0.017652968092984955,True,20.0,False,True
warning_biogas_quality,BAC_P::Verrucomicrobiota,Bacteria,1,0.009999999999999995,0.04060939308851517,True,5.0,True,True
warning_acid_base_balance,BAC_P::WS1,Bacteria,1,0.0,0.0,True,147.5,False,False
warning_buffer_capacity,BAC_P::WS1,Bacteria,1,0.0,0.0,True,124.5,False,False
warning_acid_accumulation,BAC_P::WS1,Bacteria,1,,,True,,False,False
warning_ammonia_toxicity,BAC_P::WS1,Bacteria,1,0.0,0.0,True,157.0,False,False
warning_biogas_quality,BAC_P::WS1,Bacteria,1,0.0,0.0,True,138.0,False,False
warning_acid_base_balance,BAC_P::unidentified,Bacteria,1,0.0,0.0,True,147.5,False,False
warning_buffer_capacity,BAC_P::unidentified,Bacteria,1,0.0,0.0,True,124.5,False,False
warning_acid_accumulation,BAC_P::unidentified,Bacteria,1,,,True,,False,False
warning_ammonia_toxicity,BAC_P::unidentified,Bacteria,1,0.0017857142857142904,0.0054963126004561975,True,28.0,False,False
warning_biogas_quality,BAC_P::unidentified,Bacteria,1,0.0,0.0,True,138.0,False,False
warning_acid_base_balance,BAC_G::009E01-B-SD-P15,Bacteria,1,0.0,0.0,True,147.5,False,False
warning_buffer_capacity,BAC_G::009E01-B-SD-P15,Bacteria,1,0.0004807692307692311,0.0011741908606811653,True,16.0,False,True
warning_acid_accumulation,BAC_G::009E01-B-SD-P15,Bacteria,1,,,True,,False,False
warning_ammonia_toxicity,BAC_G::009E01-B-SD-P15,Bacteria,1,0.0,0.0,True,157.0,False,False
warning_biogas_quality,BAC_G::009E01-B-SD-P15,Bacteria,1,0.0,0.0,True,138.0,False,False
warning_acid_base_balance,BAC_G::113B434,Bacteria,1,0.0,0.0,True,147.5,False,False
warning_buffer_capacity,BAC_G::113B434,Bacteria,1,0.0,0.0,True,124.5,False,False
warning_acid_accumulation,BAC_G::113B434,Bacteria,1,,,True,,False,False
warning_ammonia_toxicity,BAC_G::113B434,Bacteria,1,0.0,0.0,True,157.0,False,False
warning_biogas_quality,BAC_G::113B434,Bacteria,1,0.0,0.0,True,138.0,False,False
warning_acid_base_balance,BAC_G::AAP99,Bacteria,1,0.0,0.0,True,147.5,False,False
warning_buffer_capacity,BAC_G::AAP99,Bacteria,1,0.0,0.0,True,124.5,False,False
warning_acid_accumulation,BAC_G::AAP99,Bacteria,1,,,True,,False,False
warning_ammonia_toxicity,BAC_G::AAP99,Bacteria,1,0.0,0.0,True,157.0,False,False
warning_biogas_quality,BAC_G::AAP99,Bacteria,1,0.0,0.0,True,138.0,False,False
warning_acid_base_balance,BAC_G::ADurb.Bin063-1,Bacteria,1,0.0,0.0,True,147.5,False,False
warning_buffer_capacity,BAC_G::ADurb.Bin063-1,Bacteria,1,0.0001602564102564104,0.0007166884543268562,True,22.5,False,False
warning_acid_accumulation,BAC_G::ADurb.Bin063-1,Bacteria,1,,,True,,False,False
warning_ammonia_toxicity,BAC_G::ADurb.Bin063-1,Bacteria,1,0.0,0.0,True,157.0,False,False
warning_biogas_quality,BAC_G::ADurb.Bin063-1,Bacteria,1,0.0,0.0,True,138.0,False,False
warning_acid_base_balance,BAC_G::ADurb.Bin120,Bacteria,1,0.0,0.0,True,147.5,False,False
warning_buffer_capacity,BAC_G::ADurb.Bin120,Bacteria,1,0.0,0.0,True,124.5,False,False
warning_acid_accumulation,BAC_G::ADurb.Bin120,Bacteria,1,,,True,,False,False
warning_ammonia_toxicity,BAC_G::ADurb.Bin120,Bacteria,1,0.0,0.0,True,157.0,False,False
warning_biogas_quality,BAC_G::ADurb.Bin120,Bacteria,1,0.0,0.0,True,138.0,False,False
warning_acid_base_balance,BAC_G::AKYH767,Bacteria,1,0.0,0.0,False,147.5,False,False
warning_buffer_capacity,BAC_G::AKYH767,Bacteria,1,0.0,0.0,False,124.5,False,False
warning_acid_accumulation,BAC_G::AKYH767,Bacteria,1,,,False,,False,False
warning_ammonia_toxicity,BAC_G::AKYH767,Bacteria,1,0.0,0.0,False,157.0,False,False
warning_biogas_quality,BAC_G::AKYH767,Bacteria,1,0.0,0.0,False,138.0,False,False
warning_acid_base_balance,BAC_G::AUTHM297,Bacteria,1,0.0,0.0,False,147.5,False,False
warning_buffer_capacity,BAC_G::AUTHM297,Bacteria,1,0.0,0.0,False,124.5,False,False
warning_acid_accumulation,BAC_G::AUTHM297,Bacteria,1,,,False,,False,False
warning_ammonia_toxicity,BAC_G::AUTHM297,Bacteria,1,0.0,0.0,False,157.0,False,False
warning_biogas_quality,BAC_G::AUTHM297,Bacteria,1,0.0,0.0,False,138.0,False,False
warning_acid_base_balance,BAC_G::Acetobacter,Bacteria,1,0.0,0.0,True,147.5,False,False
warning_buffer_capacity,BAC_G::Acetobacter,Bacteria,1,0.0,0.0,True,124.5,False,False
warning_acid_accumulation,BAC_G::Acetobacter,Bacteria,1,,,True,,False,False
warning_ammonia_toxicity,BAC_G::Acetobacter,Bacteria,1,0.0,0.0,True,157.0,False,False
warning_biogas_quality,BAC_G::Acetobacter,Bacteria,1,0.0,0.0,True,138.0,False,False
warning_acid_base_balance,BAC_G::Acetomicrobium,Bacteria,1,0.0,0.0,True,147.5,False,False
warning_buffer_capacity,BAC_G::Acetomicrobium,Bacteria,1,0.0,0.0,True,124.5,False,False
warning_acid_accumulation,BAC_G::Acetomicrobium,Bacteria,1,,,True,,False,False
warning_ammonia_toxicity,BAC_G::Acetomicrobium,Bacteria,1,0.0,0.0,True,157.0,False,False
warning_biogas_quality,BAC_G::Acetomicrobium,Bacteria,1,0.0,0.0,True,138.0,False,False
warning_acid_base_balance,BAC_G::Acetothermiia,Bacteria,1,0.0,0.0,True,147.5,False,False
warning_buffer_capacity,BAC_G::Acetothermiia,Bacteria,1,0.0,0.0,True,124.5,False,False
warning_acid_accumulation,BAC_G::Acetothermiia,Bacteria,1,,,True,,False,False
warning_ammonia_toxicity,BAC_G::Acetothermiia,Bacteria,1,0.0,0.0,True,157.0,False,False
warning_biogas_quality,BAC_G::Acetothermiia,Bacteria,1,0.0,0.0,True,138.0,False,False
warning_acid_base_balance,BAC_G::Acholeplasma,Bacteria,1,0.039583333333333325,0.009316949906249122,True,7.0,True,True
warning_buffer_capacity,BAC_G::Acholeplasma,Bacteria,1,0.0,0.0,True,124.5,False,False
warning_acid_accumulation,BAC_G::Acholeplasma,Bacteria,1,,,True,,False,False
warning_ammonia_toxicity,BAC_G::Acholeplasma,Bacteria,1,0.017301587301587346,0.006536248703079772,True,9.0,True,True
warning_biogas_quality,BAC_G::Acholeplasma,Bacteria,1,0.0,0.0,True,138.0,False,False
warning_acid_base_balance,BAC_G::Acidovorax,Bacteria,1,-0.0936417748917749,0.11147040634066743,True,276.0,False,False
warning_buffer_capacity,BAC_G::Acidovorax,Bacteria,1,-0.012225274725274723,0.037492880053663094,True,272.0,False,False
warning_acid_accumulation,BAC_G::Acidovorax,Bacteria,1,,,True,,False,False
warning_ammonia_toxicity,BAC_G::Acidovorax,Bacteria,1,0.0,0.0,True,157.0,False,False
warning_biogas_quality,BAC_G::Acidovorax,Bacteria,1,0.0,0.0,True,138.0,False,False
warning_acid_base_balance,BAC_G::Acinetobacter,Bacteria,1,0.0,0.0,True,147.5,False,False
warning_buffer_capacity,BAC_G::Acinetobacter,Bacteria,1,0.0,0.0,True,124.5,False,False
warning_acid_accumulation,BAC_G::Acinetobacter,Bacteria,1,,,True,,False,False
warning_ammonia_toxicity,BAC_G::Acinetobacter,Bacteria,1,0.0,0.0,True,157.0,False,False
warning_biogas_quality,BAC_G::Acinetobacter,Bacteria,1,0.0,0.0,True,138.0,False,False
warning_acid_base_balance,BAC_G::Actinomyces,Bacteria,1,0.0,0.0,True,147.5,False,False
warning_buffer_capacity,BAC_G::Actinomyces,Bacteria,1,0.0,0.0,True,124.5,False,False
warning_acid_accumulation,BAC_G::Actinomyces,Bacteria,1,,,True,,False,False
warning_ammonia_toxicity,BAC_G::Actinomyces,Bacteria,1,0.0,0.0,True,157.0,False,False
warning_biogas_quality,BAC_G::Actinomyces,Bacteria,1,0.0,0.0,True,138.0,False,False
warning_acid_base_balance,BAC_G::Aeriscardovia,Bacteria,1,0.0,0.0,True,147.5,False,False
warning_buffer_capacity,BAC_G::Aeriscardovia,Bacteria,1,0.0,0.0,True,124.5,False,False
warning_acid_accumulation,BAC_G::Aeriscardovia,Bacteria,1,,,True,,False,False
warning_ammonia_toxicity,BAC_G::Aeriscardovia,Bacteria,1,0.0,0.0,True,157.0,False,False
warning_biogas_quality,BAC_G::Aeriscardovia,Bacteria,1,0.0,0.0,True,138.0,False,False
warning_acid_base_balance,BAC_G::Alkaliphilus,Bacteria,1,0.04166666666666666,0.0,True,6.0,True,True
warning_buffer_capacity,BAC_G::Alkaliphilus,Bacteria,1,-0.0001893939393939399,0.0008469954460226499,True,229.0,False,False
warning_acid_accumulation,BAC_G::Alkaliphilus,Bacteria,1,,,True,,False,False
warning_ammonia_toxicity,BAC_G::Alkaliphilus,Bacteria,1,0.0,0.0,True,157.0,False,False
warning_biogas_quality,BAC_G::Alkaliphilus,Bacteria,1,0.0,0.0,True,138.0,False,False
warning_acid_base_balance,BAC_G::Aminicenantales,Bacteria,1,0.0,0.0,True,147.5,False,False
warning_buffer_capacity,BAC_G::Aminicenantales,Bacteria,1,-0.013598901098901101,0.0382829944289891,True,273.0,False,False
warning_acid_accumulation,BAC_G::Aminicenantales,Bacteria,1,,,True,,False,False
warning_ammonia_toxicity,BAC_G::Aminicenantales,Bacteria,1,0.0,0.0,True,157.0,False,False
warning_biogas_quality,BAC_G::Aminicenantales,Bacteria,1,0.0,0.0,True,138.0,False,False
warning_acid_base_balance,BAC_G::Aminobacterium,Bacteria,1,0.006666666666666665,0.020519567041703077,True,16.5,False,True
warning_buffer_capacity,BAC_G::Aminobacterium,Bacteria,1,0.0,0.0,True,124.5,False,False
warning_acid_accumulation,BAC_G::Aminobacterium,Bacteria,1,,,True,,False,False
warning_ammonia_toxicity,BAC_G::Aminobacterium,Bacteria,1,0.0017857142857142904,0.0054963126004561975,True,28.0,False,False
warning_biogas_quality,BAC_G::Aminobacterium,Bacteria,1,0.0,0.0,True,138.0,False,False
warning_acid_base_balance,BAC_G::Anaerococcus,Bacteria,1,0.0,0.0,True,147.5,False,False
warning_buffer_capacity,BAC_G::Anaerococcus,Bacteria,1,0.0,0.0,True,124.5,False,False
warning_acid_accumulation,BAC_G::Anaerococcus,Bacteria,1,,,True,,False,False
warning_ammonia_toxicity,BAC_G::Anaerococcus,Bacteria,1,0.0,0.0,True,157.0,False,False
warning_biogas_quality,BAC_G::Anaerococcus,Bacteria,1,0.0,0.0,True,138.0,False,False
warning_acid_base_balance,BAC_G::Anaerofustis,Bacteria,1,0.0,0.0,True,147.5,False,False
warning_buffer_capacity,BAC_G::Anaerofustis,Bacteria,1,0.0,0.0,True,124.5,False,False
warning_acid_accumulation,BAC_G::Anaerofustis,Bacteria,1,,,True,,False,False
warning_ammonia_toxicity,BAC_G::Anaerofustis,Bacteria,1,0.0,0.0,True,157.0,False,False
warning_biogas_quality,BAC_G::Anaerofustis,Bacteria,1,0.0,0.0,True,138.0,False,False
warning_acid_base_balance,BAC_G::Anaerostignum,Bacteria,1,0.0,0.0,True,147.5,False,False
warning_buffer_capacity,BAC_G::Anaerostignum,Bacteria,1,0.0,0.0,True,124.5,False,False
warning_acid_accumulation,BAC_G::Anaerostignum,Bacteria,1,,,True,,False,False
warning_ammonia_toxicity,BAC_G::Anaerostignum,Bacteria,1,0.0,0.0,True,157.0,False,False
warning_biogas_quality,BAC_G::Anaerostignum,Bacteria,1,0.0,0.0,True,138.0,False,False
warning_acid_base_balance,BAC_G::Anaerovorax,Bacteria,1,-0.0038419913419913423,0.029982405692016663,True,272.0,False,False
warning_buffer_capacity,BAC_G::Anaerovorax,Bacteria,1,0.0003205128205128208,0.000986517646235726,True,19.5,False,True
warning_acid_accumulation,BAC_G::Anaerovorax,Bacteria,1,,,True,,False,False
warning_ammonia_toxicity,BAC_G::Anaerovorax,Bacteria,1,0.030496031746031743,0.0055901699437494795,True,3.0,True,True
warning_biogas_quality,BAC_G::Anaerovorax,Bacteria,1,0.0,0.0,True,138.0,False,False
warning_acid_base_balance,BAC_G::Arenimonas,Bacteria,1,0.0,0.0,False,147.5,False,False
warning_buffer_capacity,BAC_G::Arenimonas,Bacteria,1,0.0,0.0,False,124.5,False,False
warning_acid_accumulation,BAC_G::Arenimonas,Bacteria,1,,,False,,False,False
warning_ammonia_toxicity,BAC_G::Arenimonas,Bacteria,1,0.0,0.0,False,157.0,False,False
warning_biogas_quality,BAC_G::Arenimonas,Bacteria,1,0.0,0.0,False,138.0,False,False
warning_acid_base_balance,BAC_G::Atopobium,Bacteria,1,0.0,0.0,True,147.5,False,False
warning_buffer_capacity,BAC_G::Atopobium,Bacteria,1,0.0,0.0,True,124.5,False,False
warning_acid_accumulation,BAC_G::Atopobium,Bacteria,1,,,True,,False,False
warning_ammonia_toxicity,BAC_G::Atopobium,Bacteria,1,0.0,0.0,True,157.0,False,False
warning_biogas_quality,BAC_G::Atopobium,Bacteria,1,0.0,0.0,True,138.0,False,False
warning_acid_base_balance,BAC_G::Azospira,Bacteria,1,0.0,0.0,False,147.5,False,False
warning_buffer_capacity,BAC_G::Azospira,Bacteria,1,0.0,0.0,False,124.5,False,False
warning_acid_accumulation,BAC_G::Azospira,Bacteria,1,,,False,,False,False
warning_ammonia_toxicity,BAC_G::Azospira,Bacteria,1,0.0,0.0,False,157.0,False,False
warning_biogas_quality,BAC_G::Azospira,Bacteria,1,0.0,0.0,False,138.0,False,False
warning_acid_base_balance,BAC_G::BD1-7_clade,Bacteria,1,0.0,0.0,True,147.5,False,False
warning_buffer_capacity,BAC_G::BD1-7_clade,Bacteria,1,-0.0007575757575757596,0.0015545126546744803,True,249.0,False,False
warning_acid_accumulation,BAC_G::BD1-7_clade,Bacteria,1,,,True,,False,False
warning_ammonia_toxicity,BAC_G::BD1-7_clade,Bacteria,1,0.0,0.0,True,157.0,False,False
warning_biogas_quality,BAC_G::BD1-7_clade,Bacteria,1,0.0,0.0,True,138.0,False,False
warning_acid_base_balance,BAC_G::BRH-c20a,Bacteria,1,0.0,0.0,True,147.5,False,False
warning_buffer_capacity,BAC_G::BRH-c20a,Bacteria,1,0.0,0.0,True,124.5,False,False
warning_acid_accumulation,BAC_G::BRH-c20a,Bacteria,1,,,True,,False,False
warning_ammonia_toxicity,BAC_G::BRH-c20a,Bacteria,1,0.0,0.0,True,157.0,False,False
warning_biogas_quality,BAC_G::BRH-c20a,Bacteria,1,0.0,0.0,True,138.0,False,False
warning_acid_base_balance,BAC_G::Babeliales,Bacteria,1,0.0,0.0,True,147.5,False,False
warning_buffer_capacity,BAC_G::Babeliales,Bacteria,1,0.0,0.0,True,124.5,False,False
warning_acid_accumulation,BAC_G::Babeliales,Bacteria,1,,,True,,False,False
warning_ammonia_toxicity,BAC_G::Babeliales,Bacteria,1,0.0,0.0,True,157.0,False,False
warning_biogas_quality,BAC_G::Babeliales,Bacteria,1,0.0,0.0,True,138.0,False,False
warning_acid_base_balance,BAC_G::Bacillus,Bacteria,1,0.0,0.0,True,147.5,False,False
warning_buffer_capacity,BAC_G::Bacillus,Bacteria,1,0.0,0.0,True,124.5,False,False
warning_acid_accumulation,BAC_G::Bacillus,Bacteria,1,,,True,,False,False
warning_ammonia_toxicity,BAC_G::Bacillus,Bacteria,1,0.0,0.0,True,157.0,False,False
warning_biogas_quality,BAC_G::Bacillus,Bacteria,1,0.0,0.0,True,138.0,False,False
warning_acid_base_balance,BAC_G::Bacteroidales_UCG-001,Bacteria,1,0.0,0.0,True,147.5,False,False
warning_buffer_capacity,BAC_G::Bacteroidales_UCG-001,Bacteria,1,0.0,0.0,True,124.5,False,False
warning_acid_accumulation,BAC_G::Bacteroidales_UCG-001,Bacteria,1,,,True,,False,False
warning_ammonia_toxicity,BAC_G::Bacteroidales_UCG-001,Bacteria,1,0.0,0.0,True,157.0,False,False
warning_biogas_quality,BAC_G::Bacteroidales_UCG-001,Bacteria,1,0.0,0.0,True,138.0,False,False
warning_acid_base_balance,BAC_G::Bacteroides,Bacteria,1,0.044274891774891766,0.007673015962711954,True,3.0,True,True
warning_buffer_capacity,BAC_G::Bacteroides,Bacteria,1,-0.0038636363636363733,0.0019181073630454993,True,265.0,False,False
warning_acid_accumulation,BAC_G::Bacteroides,Bacteria,1,,,True,,False,False
warning_ammonia_toxicity,BAC_G::Bacteroides,Bacteria,1,0.0017857142857142904,0.0054963126004561975,True,28.0,False,False
warning_biogas_quality,BAC_G::Bacteroides,Bacteria,1,0.11211988304093568,0.0016742630339307372,True,1.0,True,True
warning_acid_base_balance,BAC_G::Bacteroidetes_VC2.1_Bac22,Bacteria,1,0.0,0.0,True,147.5,False,False
warning_buffer_capacity,BAC_G::Bacteroidetes_VC2.1_Bac22,Bacteria,1,0.0,0.0,True,124.5,False,False
warning_acid_accumulation,BAC_G::Bacteroidetes_VC2.1_Bac22,Bacteria,1,,,True,,False,False
warning_ammonia_toxicity,BAC_G::Bacteroidetes_VC2.1_Bac22,Bacteria,1,0.0,0.0,True,157.0,False,False
warning_biogas_quality,BAC_G::Bacteroidetes_VC2.1_Bac22,Bacteria,1,0.0,0.0,True,138.0,False,False
warning_acid_base_balance,BAC_G::Bacteroidetes_vadinHA17,Bacteria,1,0.0,0.0,True,147.5,False,False
warning_buffer_capacity,BAC_G::Bacteroidetes_vadinHA17,Bacteria,1,0.0,0.0,True,124.5,False,False
warning_acid_accumulation,BAC_G::Bacteroidetes_vadinHA17,Bacteria,1,,,True,,False,False
warning_ammonia_toxicity,BAC_G::Bacteroidetes_vadinHA17,Bacteria,1,0.0,0.0,True,157.0,False,False
warning_biogas_quality,BAC_G::Bacteroidetes_vadinHA17,Bacteria,1,0.0,0.0,True,138.0,False,False
warning_acid_base_balance,BAC_G::Bdellovibrio,Bacteria,1,0.0,0.0,False,147.5,False,False
warning_buffer_capacity,BAC_G::Bdellovibrio,Bacteria,1,0.0,0.0,False,124.5,False,False
warning_acid_accumulation,BAC_G::Bdellovibrio,Bacteria,1,,,False,,False,False
warning_ammonia_toxicity,BAC_G::Bdellovibrio,Bacteria,1,0.0,0.0,False,157.0,False,False
warning_biogas_quality,BAC_G::Bdellovibrio,Bacteria,1,0.0,0.0,False,138.0,False,False
warning_acid_base_balance,BAC_G::Bifidobacterium,Bacteria,1,0.0,0.0,True,147.5,False,False
warning_buffer_capacity,BAC_G::Bifidobacterium,Bacteria,1,0.0,0.0,True,124.5,False,False
warning_acid_accumulation,BAC_G::Bifidobacterium,Bacteria,1,,,True,,False,False
warning_ammonia_toxicity,BAC_G::Bifidobacterium,Bacteria,1,0.0,0.0,True,157.0,False,False
warning_biogas_quality,BAC_G::Bifidobacterium,Bacteria,1,0.0,0.0,True,138.0,False,False
warning_acid_base_balance,BAC_G::Butyrivibrio,Bacteria,1,-0.00416666666666667,0.03799622942204132,True,273.0,False,False
warning_buffer_capacity,BAC_G::Butyrivibrio,Bacteria,1,-0.017147435897435895,0.046508084928706415,True,275.0,False,False
warning_acid_accumulation,BAC_G::Butyrivibrio,Bacteria,1,,,True,,False,False
warning_ammonia_toxicity,BAC_G::Butyrivibrio,Bacteria,1,0.0,0.0,True,157.0,False,False
warning_biogas_quality,BAC_G::Butyrivibrio,Bacteria,1,0.0,0.0,True,138.0,False,False
warning_acid_base_balance,BAC_G::Caldicoprobacter,Bacteria,1,0.014908008658008653,0.02039379901119086,True,11.0,False,True
warning_buffer_capacity,BAC_G::Caldicoprobacter,Bacteria,1,-0.0004079254079254094,0.0016220335056840582,True,241.0,False,False
warning_acid_accumulation,BAC_G::Caldicoprobacter,Bacteria,1,,,True,,False,False
warning_ammonia_toxicity,BAC_G::Caldicoprobacter,Bacteria,1,0.0,0.0,True,157.0,False,False
warning_biogas_quality,BAC_G::Caldicoprobacter,Bacteria,1,0.0,0.0,True,138.0,False,False
warning_acid_base_balance,BAC_G::Caldisericum,Bacteria,1,0.0,0.0,True,147.5,False,False
warning_buffer_capacity,BAC_G::Caldisericum,Bacteria,1,0.0,0.0,True,124.5,False,False
warning_acid_accumulation,BAC_G::Caldisericum,Bacteria,1,,,True,,False,False
warning_ammonia_toxicity,BAC_G::Caldisericum,Bacteria,1,0.0,0.0,True,157.0,False,False
warning_biogas_quality,BAC_G::Caldisericum,Bacteria,1,0.0,0.0,True,138.0,False,False
warning_acid_base_balance,BAC_G::Candidatus_Accumulibacter,Bacteria,1,0.0,0.0,True,147.5,False,False
warning_buffer_capacity,BAC_G::Candidatus_Accumulibacter,Bacteria,1,0.0,0.0,True,124.5,False,False
warning_acid_accumulation,BAC_G::Candidatus_Accumulibacter,Bacteria,1,,,True,,False,False
warning_ammonia_toxicity,BAC_G::Candidatus_Accumulibacter,Bacteria,1,0.0,0.0,True,157.0,False,False
warning_biogas_quality,BAC_G::Candidatus_Accumulibacter,Bacteria,1,0.0,0.0,True,138.0,False,False
warning_acid_base_balance,BAC_G::Candidatus_Caldatribacterium,Bacteria,1,0.0,0.0,True,147.5,False,False
warning_buffer_capacity,BAC_G::Candidatus_Caldatribacterium,Bacteria,1,0.0,0.0,True,124.5,False,False
warning_acid_accumulation,BAC_G::Candidatus_Caldatribacterium,Bacteria,1,,,True,,False,False
warning_ammonia_toxicity,BAC_G::Candidatus_Caldatribacterium,Bacteria,1,0.0,0.0,True,157.0,False,False
warning_biogas_quality,BAC_G::Candidatus_Caldatribacterium,Bacteria,1,0.0,0.0,True,138.0,False,False
warning_acid_base_balance,BAC_G::Candidatus_Cloacimonas,Bacteria,1,0.0,0.0,True,147.5,False,False
warning_buffer_capacity,BAC_G::Candidatus_Cloacimonas,Bacteria,1,0.00044955044955044684,0.0031616462108209203,True,17.0,False,True
warning_acid_accumulation,BAC_G::Candidatus_Cloacimonas,Bacteria,1,,,True,,False,False
warning_ammonia_toxicity,BAC_G::Candidatus_Cloacimonas,Bacteria,1,0.0,0.0,True,157.0,False,False
warning_biogas_quality,BAC_G::Candidatus_Cloacimonas,Bacteria,1,0.0,0.0,True,138.0,False,False
warning_acid_base_balance,BAC_G::Candidatus_Competibacter,Bacteria,1,0.0,0.0,True,147.5,False,False
warning_buffer_capacity,BAC_G::Candidatus_Competibacter,Bacteria,1,0.0,0.0,True,124.5,False,False
warning_acid_accumulation,BAC_G::Candidatus_Competibacter,Bacteria,1,,,True,,False,False
warning_ammonia_toxicity,BAC_G::Candidatus_Competibacter,Bacteria,1,0.0,0.0,True,157.0,False,False
warning_biogas_quality,BAC_G::Candidatus_Competibacter,Bacteria,1,0.0,0.0,True,138.0,False,False
warning_acid_base_balance,BAC_G::Candidatus_Omnitrophus,Bacteria,1,0.0,0.0,True,147.5,False,False
warning_buffer_capacity,BAC_G::Candidatus_Omnitrophus,Bacteria,1,0.0,0.0,True,124.5,False,False
warning_acid_accumulation,BAC_G::Candidatus_Omnitrophus,Bacteria,1,,,True,,False,False
warning_ammonia_toxicity,BAC_G::Candidatus_Omnitrophus,Bacteria,1,0.0,0.0,True,157.0,False,False
warning_biogas_quality,BAC_G::Candidatus_Omnitrophus,Bacteria,1,0.0,0.0,True,138.0,False,False
warning_acid_base_balance,BAC_G::Candidatus_Soleaferrea,Bacteria,1,0.0,0.0,True,147.5,False,False
warning_buffer_capacity,BAC_G::Candidatus_Soleaferrea,Bacteria,1,0.0,0.0,True,124.5,False,False
warning_acid_accumulation,BAC_G::Candidatus_Soleaferrea,Bacteria,1,,,True,,False,False
warning_ammonia_toxicity,BAC_G::Candidatus_Soleaferrea,Bacteria,1,0.0,0.0,True,157.0,False,False
warning_biogas_quality,BAC_G::Candidatus_Soleaferrea,Bacteria,1,0.0,0.0,True,138.0,False,False
warning_acid_base_balance,BAC_G::Caproiciproducens,Bacteria,1,0.0,0.0,True,147.5,False,False
warning_buffer_capacity,BAC_G::Caproiciproducens,Bacteria,1,0.0,0.0,True,124.5,False,False
warning_acid_accumulation,BAC_G::Caproiciproducens,Bacteria,1,,,True,,False,False
warning_ammonia_toxicity,BAC_G::Caproiciproducens,Bacteria,1,0.0,0.0,True,157.0,False,False
warning_biogas_quality,BAC_G::Caproiciproducens,Bacteria,1,0.0,0.0,True,138.0,False,False
warning_acid_base_balance,BAC_G::Chthonomonadales,Bacteria,1,0.0,0.0,True,147.5,False,False
warning_buffer_capacity,BAC_G::Chthonomonadales,Bacteria,1,0.0,0.0,True,124.5,False,False
warning_acid_accumulation,BAC_G::Chthonomonadales,Bacteria,1,,,True,,False,False
warning_ammonia_toxicity,BAC_G::Chthonomonadales,Bacteria,1,0.0,0.0,True,157.0,False,False
warning_biogas_quality,BAC_G::Chthonomonadales,Bacteria,1,0.0,0.0,True,138.0,False,False
warning_acid_base_balance,BAC_G::Cloacimonadaceae,Bacteria,1,0.0,0.0,True,147.5,False,False
warning_buffer_capacity,BAC_G::Cloacimonadaceae,Bacteria,1,0.0,0.0,True,124.5,False,False
warning_acid_accumulation,BAC_G::Cloacimonadaceae,Bacteria,1,,,True,,False,False
warning_ammonia_toxicity,BAC_G::Cloacimonadaceae,Bacteria,1,0.0,0.0,True,157.0,False,False
warning_biogas_quality,BAC_G::Cloacimonadaceae,Bacteria,1,0.0,0.0,True,138.0,False,False
warning_acid_base_balance,BAC_G::Clostridia_UCG-014,Bacteria,1,0.0,0.0,True,147.5,False,False
warning_buffer_capacity,BAC_G::Clostridia_UCG-014,Bacteria,1,0.0,0.0,True,124.5,False,False
warning_acid_accumulation,BAC_G::Clostridia_UCG-014,Bacteria,1,,,True,,False,False
warning_ammonia_toxicity,BAC_G::Clostridia_UCG-014,Bacteria,1,0.0,0.0,True,157.0,False,False
warning_biogas_quality,BAC_G::Clostridia_UCG-014,Bacteria,1,0.0,0.0,True,138.0,False,False
warning_acid_base_balance,BAC_G::Clostridium_sensu_stricto_1,Bacteria,1,0.0,0.0,True,147.5,False,False
warning_buffer_capacity,BAC_G::Clostridium_sensu_stricto_1,Bacteria,1,0.0,0.0,True,124.5,False,False
warning_acid_accumulation,BAC_G::Clostridium_sensu_stricto_1,Bacteria,1,,,True,,False,False
warning_ammonia_toxicity,BAC_G::Clostridium_sensu_stricto_1,Bacteria,1,0.0,0.0,True,157.0,False,False
warning_biogas_quality,BAC_G::Clostridium_sensu_stricto_1,Bacteria,1,0.0,0.0,True,138.0,False,False
warning_acid_base_balance,BAC_G::Comamonas,Bacteria,1,0.0,0.0,True,147.5,False,False
warning_buffer_capacity,BAC_G::Comamonas,Bacteria,1,0.0,0.0,True,124.5,False,False
warning_acid_accumulation,BAC_G::Comamonas,Bacteria,1,,,True,,False,False
warning_ammonia_toxicity,BAC_G::Comamonas,Bacteria,1,0.0,0.0,True,157.0,False,False
warning_biogas_quality,BAC_G::Comamonas,Bacteria,1,0.0011904761904761904,0.005323971374999499,True,9.5,True,True
warning_acid_base_balance,BAC_G::Coprothermobacter,Bacteria,1,0.0,0.0,True,147.5,False,False
warning_buffer_capacity,BAC_G::Coprothermobacter,Bacteria,1,0.0,0.0,True,124.5,False,False
warning_acid_accumulation,BAC_G::Coprothermobacter,Bacteria,1,,,True,,False,False
warning_ammonia_toxicity,BAC_G::Coprothermobacter,Bacteria,1,0.0,0.0,True,157.0,False,False
warning_biogas_quality,BAC_G::Coprothermobacter,Bacteria,1,0.0,0.0,True,138.0,False,False
warning_acid_base_balance,BAC_G::D8A-2,Bacteria,1,0.0,0.0,True,147.5,False,False
warning_buffer_capacity,BAC_G::D8A-2,Bacteria,1,0.0,0.0,True,124.5,False,False
warning_acid_accumulation,BAC_G::D8A-2,Bacteria,1,,,True,,False,False
warning_ammonia_toxicity,BAC_G::D8A-2,Bacteria,1,0.0,0.0,True,157.0,False,False
warning_biogas_quality,BAC_G::D8A-2,Bacteria,1,0.0,0.0,True,138.0,False,False
warning_acid_base_balance,BAC_G::DEV114,Bacteria,1,0.0,0.0,True,147.5,False,False
warning_buffer_capacity,BAC_G::DEV114,Bacteria,1,0.0,0.0,True,124.5,False,False
warning_acid_accumulation,BAC_G::DEV114,Bacteria,1,,,True,,False,False
warning_ammonia_toxicity,BAC_G::DEV114,Bacteria,1,0.0,0.0,True,157.0,False,False
warning_biogas_quality,BAC_G::DEV114,Bacteria,1,0.0,0.0,True,138.0,False,False
warning_acid_base_balance,BAC_G::DMER64,Bacteria,1,0.0,0.0,True,147.5,False,False
warning_buffer_capacity,BAC_G::DMER64,Bacteria,1,0.0,0.0,True,124.5,False,False
warning_acid_accumulation,BAC_G::DMER64,Bacteria,1,,,True,,False,False
warning_ammonia_toxicity,BAC_G::DMER64,Bacteria,1,0.0,0.0,True,157.0,False,False
warning_biogas_quality,BAC_G::DMER64,Bacteria,1,0.0,0.0,True,138.0,False,False
warning_acid_base_balance,BAC_G::DTU014,Bacteria,1,0.0,0.0,True,147.5,False,False
warning_buffer_capacity,BAC_G::DTU014,Bacteria,1,0.0,0.0,True,124.5,False,False
warning_acid_accumulation,BAC_G::DTU014,Bacteria,1,,,True,,False,False
warning_ammonia_toxicity,BAC_G::DTU014,Bacteria,1,0.0,0.0,True,157.0,False,False
warning_biogas_quality,BAC_G::DTU014,Bacteria,1,0.0,0.0,True,138.0,False,False
warning_acid_base_balance,BAC_G::Dechloromonas,Bacteria,1,0.0,0.0,True,147.5,False,False
warning_buffer_capacity,BAC_G::Dechloromonas,Bacteria,1,0.0007783882783882784,0.0016879076614421528,True,10.5,False,True
warning_acid_accumulation,BAC_G::Dechloromonas,Bacteria,1,,,True,,False,False
warning_ammonia_toxicity,BAC_G::Dechloromonas,Bacteria,1,0.0,0.0,True,157.0,False,False
warning_biogas_quality,BAC_G::Dechloromonas,Bacteria,1,0.0,0.0,True,138.0,False,False
warning_acid_base_balance,BAC_G::Defluviitoga,Bacteria,1,0.006666666666666665,0.020519567041703077,True,16.5,False,True
warning_buffer_capacity,BAC_G::Defluviitoga,Bacteria,1,0.0008012820512820519,0.0014239155715362807,True,9.0,True,True
warning_acid_accumulation,BAC_G::Defluviitoga,Bacteria,1,,,True,,False,False
warning_ammonia_toxicity,BAC_G::Defluviitoga,Bacteria,1,0.0017857142857142904,0.0054963126004561975,True,28.0,False,False
warning_biogas_quality,BAC_G::Defluviitoga,Bacteria,1,0.0,0.0,True,138.0,False,False
warning_acid_base_balance,BAC_G::Denitratisoma,Bacteria,1,0.0,0.0,True,147.5,False,False
warning_buffer_capacity,BAC_G::Denitratisoma,Bacteria,1,0.0,0.0,True,124.5,False,False
warning_acid_accumulation,BAC_G::Denitratisoma,Bacteria,1,,,True,,False,False
warning_ammonia_toxicity,BAC_G::Denitratisoma,Bacteria,1,0.0,0.0,True,157.0,False,False
warning_biogas_quality,BAC_G::Denitratisoma,Bacteria,1,0.0,0.0,True,138.0,False,False
warning_acid_base_balance,BAC_G::Dialister,Bacteria,1,0.0,0.0,True,147.5,False,False
warning_buffer_capacity,BAC_G::Dialister,Bacteria,1,0.0,0.0,True,124.5,False,False
warning_acid_accumulation,BAC_G::Dialister,Bacteria,1,,,True,,False,False
warning_ammonia_toxicity,BAC_G::Dialister,Bacteria,1,0.0,0.0,True,157.0,False,False
warning_biogas_quality,BAC_G::Dialister,Bacteria,1,0.0,0.0,True,138.0,False,False
warning_acid_base_balance,BAC_G::Dokdonella,Bacteria,1,0.002083333333333333,0.009316949906249122,True,24.0,False,False
warning_buffer_capacity,BAC_G::Dokdonella,Bacteria,1,0.0015505328005328007,0.0022260591412338287,True,7.0,True,True
warning_acid_accumulation,BAC_G::Dokdonella,Bacteria,1,,,True,,False,False
warning_ammonia_toxicity,BAC_G::Dokdonella,Bacteria,1,0.0,0.0,True,157.0,False,False
warning_biogas_quality,BAC_G::Dokdonella,Bacteria,1,-0.0009649122807017588,0.030287937985975382,True,266.0,False,False
warning_acid_base_balance,BAC_G::Ellin6067,Bacteria,1,0.0,0.0,True,147.5,False,False
warning_buffer_capacity,BAC_G::Ellin6067,Bacteria,1,0.0,0.0,True,124.5,False,False
warning_acid_accumulation,BAC_G::Ellin6067,Bacteria,1,,,True,,False,False
warning_ammonia_toxicity,BAC_G::Ellin6067,Bacteria,1,0.0,0.0,True,157.0,False,False
warning_biogas_quality,BAC_G::Ellin6067,Bacteria,1,0.0,0.0,True,138.0,False,False
warning_acid_base_balance,BAC_G::Endomicrobium,Bacteria,1,0.0,0.0,False,147.5,False,False
warning_buffer_capacity,BAC_G::Endomicrobium,Bacteria,1,0.0,0.0,False,124.5,False,False
warning_acid_accumulation,BAC_G::Endomicrobium,Bacteria,1,,,False,,False,False
warning_ammonia_toxicity,BAC_G::Endomicrobium,Bacteria,1,0.0,0.0,False,157.0,False,False
warning_biogas_quality,BAC_G::Endomicrobium,Bacteria,1,0.0,0.0,False,138.0,False,False
warning_acid_base_balance,BAC_G::Ercella,Bacteria,1,0.0,0.0,True,147.5,False,False
warning_buffer_capacity,BAC_G::Ercella,Bacteria,1,0.0,0.0,True,124.5,False,False
warning_acid_accumulation,BAC_G::Ercella,Bacteria,1,,,True,,False,False
warning_ammonia_toxicity,BAC_G::Ercella,Bacteria,1,0.0,0.0,True,157.0,False,False
warning_biogas_quality,BAC_G::Ercella,Bacteria,1,0.0,0.0,True,138.0,False,False
warning_acid_base_balance,BAC_G::Exilispira,Bacteria,1,0.0,0.0,True,147.5,False,False
warning_buffer_capacity,BAC_G::Exilispira,Bacteria,1,-0.00024038461538461453,0.005048378147943561,True,231.0,False,False
warning_acid_accumulation,BAC_G::Exilispira,Bacteria,1,,,True,,False,False
warning_ammonia_toxicity,BAC_G::Exilispira,Bacteria,1,0.0,0.0,True,157.0,False,False
warning_biogas_quality,BAC_G::Exilispira,Bacteria,1,0.0,0.0,True,138.0,False,False
warning_acid_base_balance,BAC_G::Fastidiosipila,Bacteria,1,0.0,0.0,True,147.5,False,False
warning_buffer_capacity,BAC_G::Fastidiosipila,Bacteria,1,0.0,0.0,True,124.5,False,False
warning_acid_accumulation,BAC_G::Fastidiosipila,Bacteria,1,,,True,,False,False
warning_ammonia_toxicity,BAC_G::Fastidiosipila,Bacteria,1,0.0,0.0,True,157.0,False,False
warning_biogas_quality,BAC_G::Fastidiosipila,Bacteria,1,0.0,0.0,True,138.0,False,False
warning_acid_base_balance,BAC_G::Fermentibacteraceae,Bacteria,1,0.0,0.0,True,147.5,False,False
warning_buffer_capacity,BAC_G::Fermentibacteraceae,Bacteria,1,0.001001082251082249,0.0026757002846485084,True,8.0,True,True
warning_acid_accumulation,BAC_G::Fermentibacteraceae,Bacteria,1,,,True,,False,False
warning_ammonia_toxicity,BAC_G::Fermentibacteraceae,Bacteria,1,0.006349206349206349,0.013028296534414655,True,18.5,False,True
warning_biogas_quality,BAC_G::Fermentibacteraceae,Bacteria,1,0.0,0.0,True,138.0,False,False
warning_acid_base_balance,BAC_G::Fermentimonas,Bacteria,1,0.0,0.0,True,147.5,False,False
warning_buffer_capacity,BAC_G::Fermentimonas,Bacteria,1,-0.0043788850038850085,0.005701223846729191,True,266.0,False,False
warning_acid_accumulation,BAC_G::Fermentimonas,Bacteria,1,,,True,,False,False
warning_ammonia_toxicity,BAC_G::Fermentimonas,Bacteria,1,0.011607142857142889,0.008738580088028467,True,15.0,False,True
warning_biogas_quality,BAC_G::Fermentimonas,Bacteria,1,0.0,0.0,True,138.0,False,False
warning_acid_base_balance,BAC_G::Ferruginibacter,Bacteria,1,0.0,0.0,True,147.5,False,False
warning_buffer_capacity,BAC_G::Ferruginibacter,Bacteria,1,0.0,0.0,True,124.5,False,False
warning_acid_accumulation,BAC_G::Ferruginibacter,Bacteria,1,,,True,,False,False
warning_ammonia_toxicity,BAC_G::Ferruginibacter,Bacteria,1,0.0,0.0,True,157.0,False,False
warning_biogas_quality,BAC_G::Ferruginibacter,Bacteria,1,0.0,0.0,True,138.0,False,False
warning_acid_base_balance,BAC_G::Fervidobacterium,Bacteria,1,0.0,0.0,True,147.5,False,False
warning_buffer_capacity,BAC_G::Fervidobacterium,Bacteria,1,0.0,0.0,True,124.5,False,False
warning_acid_accumulation,BAC_G::Fervidobacterium,Bacteria,1,,,True,,False,False
warning_ammonia_toxicity,BAC_G::Fervidobacterium,Bacteria,1,0.0,0.0,True,157.0,False,False
warning_biogas_quality,BAC_G::Fervidobacterium,Bacteria,1,0.0,0.0,True,138.0,False,False
warning_acid_base_balance,BAC_G::Fonticella,Bacteria,1,0.0,0.0,True,147.5,False,False
warning_buffer_capacity,BAC_G::Fonticella,Bacteria,1,0.0,0.0,True,124.5,False,False
warning_acid_accumulation,BAC_G::Fonticella,Bacteria,1,,,True,,False,False
warning_ammonia_toxicity,BAC_G::Fonticella,Bacteria,1,0.0,0.0,True,157.0,False,False
warning_biogas_quality,BAC_G::Fonticella,Bacteria,1,0.0,0.0,True,138.0,False,False
warning_acid_base_balance,BAC_G::Frisingicoccus,Bacteria,1,0.0,0.0,True,147.5,False,False
warning_buffer_capacity,BAC_G::Frisingicoccus,Bacteria,1,0.0,0.0,True,124.5,False,False
warning_acid_accumulation,BAC_G::Frisingicoccus,Bacteria,1,,,True,,False,False
warning_ammonia_toxicity,BAC_G::Frisingicoccus,Bacteria,1,0.0,0.0,True,157.0,False,False
warning_biogas_quality,BAC_G::Frisingicoccus,Bacteria,1,0.0,0.0,True,138.0,False,False
warning_acid_base_balance,BAC_G::Gelria,Bacteria,1,0.04490800865800865,0.014775985976719265,True,2.0,True,True
warning_buffer_capacity,BAC_G::Gelria,Bacteria,1,-0.0007575757575757596,0.00155451265467448,True,249.0,False,False
warning_acid_accumulation,BAC_G::Gelria,Bacteria,1,,,True,,False,False
warning_ammonia_toxicity,BAC_G::Gelria,Bacteria,1,-0.027976190476190415,0.04268361555815768,True,274.0,False,False
warning_biogas_quality,BAC_G::Gelria,Bacteria,1,0.0,0.0,True,138.0,False,False
warning_acid_base_balance,BAC_G::Gracilibacter,Bacteria,1,0.0,0.0,False,147.5,False,False
warning_buffer_capacity,BAC_G::Gracilibacter,Bacteria,1,0.0,0.0,False,124.5,False,False
warning_acid_accumulation,BAC_G::Gracilibacter,Bacteria,1,,,False,,False,False
warning_ammonia_toxicity,BAC_G::Gracilibacter,Bacteria,1,0.0,0.0,False,157.0,False,False
warning_biogas_quality,BAC_G::Gracilibacter,Bacteria,1,0.0,0.0,False,138.0,False,False
warning_acid_base_balance,BAC_G::Guggenheimella,Bacteria,1,0.0,0.0,True,147.5,False,False
warning_buffer_capacity,BAC_G::Guggenheimella,Bacteria,1,0.0,0.0,True,124.5,False,False
warning_acid_accumulation,BAC_G::Guggenheimella,Bacteria,1,,,True,,False,False
warning_ammonia_toxicity,BAC_G::Guggenheimella,Bacteria,1,0.0,0.0,True,157.0,False,False
warning_biogas_quality,BAC_G::Guggenheimella,Bacteria,1,0.0,0.0,True,138.0,False,False
warning_acid_base_balance,BAC_G::HN-HF0106,Bacteria,1,0.0,0.0,True,147.5,False,False
warning_buffer_capacity,BAC_G::HN-HF0106,Bacteria,1,-0.005340562215562218,0.00835273495850358,True,270.0,False,False
warning_acid_accumulation,BAC_G::HN-HF0106,Bacteria,1,,,True,,False,False
warning_ammonia_toxicity,BAC_G::HN-HF0106,Bacteria,1,0.0,0.0,True,157.0,False,False
warning_biogas_quality,BAC_G::HN-HF0106,Bacteria,1,0.0,0.0,True,138.0,False,False
warning_acid_base_balance,BAC_G::Hahella,Bacteria,1,0.0,0.0,False,147.5,False,False
warning_buffer_capacity,BAC_G::Hahella,Bacteria,1,0.0,0.0,False,124.5,False,False
warning_acid_accumulation,BAC_G::Hahella,Bacteria,1,,,False,,False,False
warning_ammonia_toxicity,BAC_G::Hahella,Bacteria,1,0.0,0.0,False,157.0,False,False
warning_biogas_quality,BAC_G::Hahella,Bacteria,1,0.0,0.0,False,138.0,False,False
warning_acid_base_balance,BAC_G::Halocella,Bacteria,1,0.0,0.0,True,147.5,False,False
warning_buffer_capacity,BAC_G::Halocella,Bacteria,1,0.0,0.0,True,124.5,False,False
warning_acid_accumulation,BAC_G::Halocella,Bacteria,1,,,True,,False,False
warning_ammonia_toxicity,BAC_G::Halocella,Bacteria,1,0.0,0.0,True,157.0,False,False
warning_biogas_quality,BAC_G::Halocella,Bacteria,1,0.0,0.0,True,138.0,False,False
warning_acid_base_balance,BAC_G::Halomonas,Bacteria,1,0.0,0.0,False,147.5,False,False
warning_buffer_capacity,BAC_G::Halomonas,Bacteria,1,0.0,0.0,False,124.5,False,False
warning_acid_accumulation,BAC_G::Halomonas,Bacteria,1,,,False,,False,False
warning_ammonia_toxicity,BAC_G::Halomonas,Bacteria,1,0.0,0.0,False,157.0,False,False
warning_biogas_quality,BAC_G::Halomonas,Bacteria,1,0.0,0.0,False,138.0,False,False
warning_acid_base_balance,BAC_G::Hungateiclostridiaceae,Bacteria,1,0.0,0.0,True,147.5,False,False
warning_buffer_capacity,BAC_G::Hungateiclostridiaceae,Bacteria,1,0.0,0.0,True,124.5,False,False
warning_acid_accumulation,BAC_G::Hungateiclostridiaceae,Bacteria,1,,,True,,False,False
warning_ammonia_toxicity,BAC_G::Hungateiclostridiaceae,Bacteria,1,0.0,0.0,True,157.0,False,False
warning_biogas_quality,BAC_G::Hungateiclostridiaceae,Bacteria,1,0.0,0.0,True,138.0,False,False
warning_acid_base_balance,BAC_G::Hydrogenedensaceae,Bacteria,1,0.0,0.0,True,147.5,False,False
warning_buffer_capacity,BAC_G::Hydrogenedensaceae,Bacteria,1,0.0,0.0,True,124.5,False,False
warning_acid_accumulation,BAC_G::Hydrogenedensaceae,Bacteria,1,,,True,,False,False
warning_ammonia_toxicity,BAC_G::Hydrogenedensaceae,Bacteria,1,0.0,0.0,True,157.0,False,False
warning_biogas_quality,BAC_G::Hydrogenedensaceae,Bacteria,1,0.0,0.0,True,138.0,False,False
warning_acid_base_balance,BAC_G::Irregularibacter,Bacteria,1,0.0,0.0,True,147.5,False,False
warning_buffer_capacity,BAC_G::Irregularibacter,Bacteria,1,0.0,0.0,True,124.5,False,False
warning_acid_accumulation,BAC_G::Irregularibacter,Bacteria,1,,,True,,False,False
warning_ammonia_toxicity,BAC_G::Irregularibacter,Bacteria,1,0.0,0.0,True,157.0,False,False
warning_biogas_quality,BAC_G::Irregularibacter,Bacteria,1,0.0,0.0,True,138.0,False,False
warning_acid_base_balance,BAC_G::Izemoplasmatales,Bacteria,1,0.0,0.0,True,147.5,False,False
warning_buffer_capacity,BAC_G::Izemoplasmatales,Bacteria,1,0.0,0.0,True,124.5,False,False
warning_acid_accumulation,BAC_G::Izemoplasmatales,Bacteria,1,,,True,,False,False
warning_ammonia_toxicity,BAC_G::Izemoplasmatales,Bacteria,1,0.0,0.0,True,157.0,False,False
warning_biogas_quality,BAC_G::Izemoplasmatales,Bacteria,1,0.0,0.0,True,138.0,False,False
warning_acid_base_balance,BAC_G::JS1,Bacteria,1,0.0,0.0,True,147.5,False,False
warning_buffer_capacity,BAC_G::JS1,Bacteria,1,0.0,0.0,True,124.5,False,False
warning_acid_accumulation,BAC_G::JS1,Bacteria,1,,,True,,False,False
warning_ammonia_toxicity,BAC_G::JS1,Bacteria,1,0.0,0.0,True,157.0,False,False
warning_biogas_quality,BAC_G::JS1,Bacteria,1,0.0,0.0,True,138.0,False,False
warning_acid_base_balance,BAC_G::Kapabacteriales,Bacteria,1,0.0,0.0,True,147.5,False,False
warning_buffer_capacity,BAC_G::Kapabacteriales,Bacteria,1,0.0,0.0,True,124.5,False,False
warning_acid_accumulation,BAC_G::Kapabacteriales,Bacteria,1,,,True,,False,False
warning_ammonia_toxicity,BAC_G::Kapabacteriales,Bacteria,1,0.0,0.0,True,157.0,False,False
warning_biogas_quality,BAC_G::Kapabacteriales,Bacteria,1,0.0,0.0,True,138.0,False,False
warning_acid_base_balance,BAC_G::Keratinibaculum,Bacteria,1,-0.0018019480519480616,0.05605079346034434,True,270.0,False,False
warning_buffer_capacity,BAC_G::Keratinibaculum,Bacteria,1,-0.003342490842490843,0.015127843935020575,True,260.0,False,False
warning_acid_accumulation,BAC_G::Keratinibaculum,Bacteria,1,,,True,,False,False
warning_ammonia_toxicity,BAC_G::Keratinibaculum,Bacteria,1,0.1617406204906205,0.07484910046390161,True,1.0,True,True
warning_biogas_quality,BAC_G::Keratinibaculum,Bacteria,1,0.0,0.0,True,138.0,False,False
warning_acid_base_balance,BAC_G::LD1-PA32,Bacteria,1,0.0,0.0,True,147.5,False,False
warning_buffer_capacity,BAC_G::LD1-PA32,Bacteria,1,0.0,0.0,True,124.5,False,False
warning_acid_accumulation,BAC_G::LD1-PA32,Bacteria,1,,,True,,False,False
warning_ammonia_toxicity,BAC_G::LD1-PA32,Bacteria,1,0.0,0.0,True,157.0,False,False
warning_biogas_quality,BAC_G::LD1-PA32,Bacteria,1,0.0,0.0,True,138.0,False,False
warning_acid_base_balance,BAC_G::LD1-PB3,Bacteria,1,0.0125,0.030528962377710273,True,12.0,False,True
warning_buffer_capacity,BAC_G::LD1-PB3,Bacteria,1,0.001893939393939391,0.007525752028778659,True,5.0,True,True
warning_acid_accumulation,BAC_G::LD1-PB3,Bacteria,1,,,True,,False,False
warning_ammonia_toxicity,BAC_G::LD1-PB3,Bacteria,1,-0.12809523809523807,0.11576192589659887,True,276.0,False,False
warning_biogas_quality,BAC_G::LD1-PB3,Bacteria,1,0.013478260869565212,0.0487885949682086,True,4.0,True,True
warning_acid_base_balance,BAC_G::LNR_A2-18,Bacteria,1,0.0,0.0,True,147.5,False,False
warning_buffer_capacity,BAC_G::LNR_A2-18,Bacteria,1,0.0,0.0,True,124.5,False,False
warning_acid_accumulation,BAC_G::LNR_A2-18,Bacteria,1,,,True,,False,False
warning_ammonia_toxicity,BAC_G::LNR_A2-18,Bacteria,1,0.0,0.0,True,157.0,False,False
warning_biogas_quality,BAC_G::LNR_A2-18,Bacteria,1,0.0,0.0,True,138.0,False,False
warning_acid_base_balance,BAC_G::Lactobacillus,Bacteria,1,0.0,0.0,True,147.5,False,False
warning_buffer_capacity,BAC_G::Lactobacillus,Bacteria,1,0.0,0.0,True,124.5,False,False
warning_acid_accumulation,BAC_G::Lactobacillus,Bacteria,1,,,True,,False,False
warning_ammonia_toxicity,BAC_G::Lactobacillus,Bacteria,1,0.0,0.0,True,157.0,False,False
warning_biogas_quality,BAC_G::Lactobacillus,Bacteria,1,0.0,0.0,True,138.0,False,False
warning_acid_base_balance,BAC_G::Lautropia,Bacteria,1,0.0,0.0,True,147.5,False,False
warning_buffer_capacity,BAC_G::Lautropia,Bacteria,1,0.0,0.0,True,124.5,False,False
warning_acid_accumulation,BAC_G::Lautropia,Bacteria,1,,,True,,False,False
warning_ammonia_toxicity,BAC_G::Lautropia,Bacteria,1,0.0,0.0,True,157.0,False,False
warning_biogas_quality,BAC_G::Lautropia,Bacteria,1,0.0,0.0,True,138.0,False,False
warning_acid_base_balance,BAC_G::Lawsonella,Bacteria,1,0.0,0.0,True,147.5,False,False
warning_buffer_capacity,BAC_G::Lawsonella,Bacteria,1,0.0,0.0,True,124.5,False,False
warning_acid_accumulation,BAC_G::Lawsonella,Bacteria,1,,,True,,False,False
warning_ammonia_toxicity,BAC_G::Lawsonella,Bacteria,1,0.0,0.0,True,157.0,False,False
warning_biogas_quality,BAC_G::Lawsonella,Bacteria,1,0.0,0.0,True,138.0,False,False
warning_acid_base_balance,BAC_G::Lentimicrobiaceae,Bacteria,1,0.0,0.0,True,147.5,False,False
warning_buffer_capacity,BAC_G::Lentimicrobiaceae,Bacteria,1,0.0,0.0,True,124.5,False,False
warning_acid_accumulation,BAC_G::Lentimicrobiaceae,Bacteria,1,,,True,,False,False
warning_ammonia_toxicity,BAC_G::Lentimicrobiaceae,Bacteria,1,0.0,0.0,True,157.0,False,False
warning_biogas_quality,BAC_G::Lentimicrobiaceae,Bacteria,1,0.0,0.0,True,138.0,False,False
warning_acid_base_balance,BAC_G::Lentimicrobium,Bacteria,1,0.0,0.0,True,147.5,False,False
warning_buffer_capacity,BAC_G::Lentimicrobium,Bacteria,1,0.0,0.0,True,124.5,False,False
warning_acid_accumulation,BAC_G::Lentimicrobium,Bacteria,1,,,True,,False,False
warning_ammonia_toxicity,BAC_G::Lentimicrobium,Bacteria,1,0.0,0.0,True,157.0,False,False
warning_biogas_quality,BAC_G::Lentimicrobium,Bacteria,1,0.0,0.0,True,138.0,False,False
warning_acid_base_balance,BAC_G::Leptotrichia,Bacteria,1,0.0,0.0,True,147.5,False,False
warning_buffer_capacity,BAC_G::Leptotrichia,Bacteria,1,-0.0012500000000000018,0.0030528962377710314,True,257.0,False,False
warning_acid_accumulation,BAC_G::Leptotrichia,Bacteria,1,,,True,,False,False
warning_ammonia_toxicity,BAC_G::Leptotrichia,Bacteria,1,0.0008928571428571452,0.003992978531249635,True,37.5,False,False
warning_biogas_quality,BAC_G::Leptotrichia,Bacteria,1,0.0,0.0,True,138.0,False,False
warning_acid_base_balance,BAC_G::Leuconostoc,Bacteria,1,0.0,0.0,True,147.5,False,False
warning_buffer_capacity,BAC_G::Leuconostoc,Bacteria,1,0.0,0.0,True,124.5,False,False
warning_acid_accumulation,BAC_G::Leuconostoc,Bacteria,1,,,True,,False,False
warning_ammonia_toxicity,BAC_G::Leuconostoc,Bacteria,1,0.0,0.0,True,157.0,False,False
warning_biogas_quality,BAC_G::Leuconostoc,Bacteria,1,0.0,0.0,True,138.0,False,False
warning_acid_base_balance,BAC_G::Longilinea,Bacteria,1,0.0,0.0,True,147.5,False,False
warning_buffer_capacity,BAC_G::Longilinea,Bacteria,1,0.0,0.0,True,124.5,False,False
warning_acid_accumulation,BAC_G::Longilinea,Bacteria,1,,,True,,False,False
warning_ammonia_toxicity,BAC_G::Longilinea,Bacteria,1,0.0,0.0,True,157.0,False,False
warning_biogas_quality,BAC_G::Longilinea,Bacteria,1,0.0,0.0,True,138.0,False,False
warning_acid_base_balance,BAC_G::Luteimonas,Bacteria,1,0.0,0.0,True,147.5,False,False
warning_buffer_capacity,BAC_G::Luteimonas,Bacteria,1,0.0,0.0,True,124.5,False,False
warning_acid_accumulation,BAC_G::Luteimonas,Bacteria,1,,,True,,False,False
warning_ammonia_toxicity,BAC_G::Luteimonas,Bacteria,1,0.0,0.0,True,157.0,False,False
warning_biogas_quality,BAC_G::Luteimonas,Bacteria,1,0.0,0.0,True,138.0,False,False
warning_acid_base_balance,BAC_G::Lutispora,Bacteria,1,0.0,0.0,True,147.5,False,False
warning_buffer_capacity,BAC_G::Lutispora,Bacteria,1,0.0,0.0,True,124.5,False,False
warning_acid_accumulation,BAC_G::Lutispora,Bacteria,1,,,True,,False,False
warning_ammonia_toxicity,BAC_G::Lutispora,Bacteria,1,0.0,0.0,True,157.0,False,False
warning_biogas_quality,BAC_G::Lutispora,Bacteria,1,0.0,0.0,True,138.0,False,False
warning_acid_base_balance,BAC_G::MBA03,Bacteria,1,0.03541666666666666,0.015264481188855131,True,9.0,True,True
warning_buffer_capacity,BAC_G::MBA03,Bacteria,1,-0.0008029470529470568,0.004564143361780553,True,252.0,False,False
warning_acid_accumulation,BAC_G::MBA03,Bacteria,1,,,True,,False,False
warning_ammonia_toxicity,BAC_G::MBA03,Bacteria,1,0.0,0.0,True,157.0,False,False
warning_biogas_quality,BAC_G::MBA03,Bacteria,1,0.0,0.0,True,138.0,False,False
warning_acid_base_balance,BAC_G::MVP-15,Bacteria,1,0.0,0.0,True,147.5,False,False
warning_buffer_capacity,BAC_G::MVP-15,Bacteria,1,0.0,0.0,True,124.5,False,False
warning_acid_accumulation,BAC_G::MVP-15,Bacteria,1,,,True,,False,False
warning_ammonia_toxicity,BAC_G::MVP-15,Bacteria,1,0.0,0.0,True,157.0,False,False
warning_biogas_quality,BAC_G::MVP-15,Bacteria,1,0.0,0.0,True,138.0,False,False
warning_acid_base_balance,BAC_G::Macellibacteroides,Bacteria,1,0.0,0.0,True,147.5,False,False
warning_buffer_capacity,BAC_G::Macellibacteroides,Bacteria,1,-0.0005681818181818198,0.0013876801080777434,True,243.5,False,False
warning_acid_accumulation,BAC_G::Macellibacteroides,Bacteria,1,,,True,,False,False
warning_ammonia_toxicity,BAC_G::Macellibacteroides,Bacteria,1,0.0,0.0,True,157.0,False,False
warning_biogas_quality,BAC_G::Macellibacteroides,Bacteria,1,0.0,0.0,True,138.0,False,False
warning_acid_base_balance,BAC_G::Marinimicrobia_(SAR406_clade),Bacteria,1,0.0,0.0,True,147.5,False,False
warning_buffer_capacity,BAC_G::Marinimicrobia_(SAR406_clade),Bacteria,1,-0.0003787878787878798,0.0011658844910058602,True,237.5,False,False
warning_acid_accumulation,BAC_G::Marinimicrobia_(SAR406_clade),Bacteria,1,,,True,,False,False
warning_ammonia_toxicity,BAC_G::Marinimicrobia_(SAR406_clade),Bacteria,1,0.0,0.0,True,157.0,False,False
warning_biogas_quality,BAC_G::Marinimicrobia_(SAR406_clade),Bacteria,1,0.0,0.0,True,138.0,False,False
warning_acid_base_balance,BAC_G::Mariniphaga,Bacteria,1,0.0,0.0,True,147.5,False,False
warning_buffer_capacity,BAC_G::Mariniphaga,Bacteria,1,0.0,0.0,True,124.5,False,False
warning_acid_accumulation,BAC_G::Mariniphaga,Bacteria,1,,,True,,False,False
warning_ammonia_toxicity,BAC_G::Mariniphaga,Bacteria,1,0.0,0.0,True,157.0,False,False
warning_biogas_quality,BAC_G::Mariniphaga,Bacteria,1,0.0,0.0,True,138.0,False,False
warning_acid_base_balance,BAC_G::Megasphaera,Bacteria,1,0.0,0.0,True,147.5,False,False
warning_buffer_capacity,BAC_G::Megasphaera,Bacteria,1,0.0,0.0,True,124.5,False,False
warning_acid_accumulation,BAC_G::Megasphaera,Bacteria,1,,,True,,False,False
warning_ammonia_toxicity,BAC_G::Megasphaera,Bacteria,1,0.0,0.0,True,157.0,False,False
warning_biogas_quality,BAC_G::Megasphaera,Bacteria,1,0.0,0.0,True,138.0,False,False
warning_acid_base_balance,BAC_G::Mesotoga,Bacteria,1,0.0,0.0,True,147.5,False,False
warning_buffer_capacity,BAC_G::Mesotoga,Bacteria,1,0.0,0.0,True,124.5,False,False
warning_acid_accumulation,BAC_G::Mesotoga,Bacteria,1,,,True,,False,False
warning_ammonia_toxicity,BAC_G::Mesotoga,Bacteria,1,0.0,0.0,True,157.0,False,False
warning_biogas_quality,BAC_G::Mesotoga,Bacteria,1,0.0,0.0,True,138.0,False,False
warning_acid_base_balance,BAC_G::Methylotenera,Bacteria,1,0.002083333333333333,0.009316949906249122,True,24.0,False,False
warning_buffer_capacity,BAC_G::Methylotenera,Bacteria,1,0.0003205128205128208,0.000986517646235726,True,19.5,False,True
warning_acid_accumulation,BAC_G::Methylotenera,Bacteria,1,,,True,,False,False
warning_ammonia_toxicity,BAC_G::Methylotenera,Bacteria,1,0.00033730158730159167,0.009263780870749796,True,43.0,False,False
warning_biogas_quality,BAC_G::Methylotenera,Bacteria,1,-0.09488095238095239,0.21285553788790107,True,276.0,False,False
warning_acid_base_balance,BAC_G::MgMjR-022,Bacteria,1,0.0,0.0,True,147.5,False,False
warning_buffer_capacity,BAC_G::MgMjR-022,Bacteria,1,0.0,0.0,True,124.5,False,False
warning_acid_accumulation,BAC_G::MgMjR-022,Bacteria,1,,,True,,False,False
warning_ammonia_toxicity,BAC_G::MgMjR-022,Bacteria,1,0.0,0.0,True,157.0,False,False
warning_biogas_quality,BAC_G::MgMjR-022,Bacteria,1,0.0,0.0,True,138.0,False,False
warning_acid_base_balance,BAC_G::Myroides,Bacteria,1,0.0,0.0,True,147.5,False,False
warning_buffer_capacity,BAC_G::Myroides,Bacteria,1,0.0,0.0,True,124.5,False,False
warning_acid_accumulation,BAC_G::Myroides,Bacteria,1,,,True,,False,False
warning_ammonia_toxicity,BAC_G::Myroides,Bacteria,1,0.0,0.0,True,157.0,False,False
warning_biogas_quality,BAC_G::Myroides,Bacteria,1,0.0,0.0,True,138.0,False,False
warning_acid_base_balance,BAC_G::Nitrosomonas,Bacteria,1,0.0,0.0,False,147.5,False,False
warning_buffer_capacity,BAC_G::Nitrosomonas,Bacteria,1,0.0,0.0,False,124.5,False,False
warning_acid_accumulation,BAC_G::Nitrosomonas,Bacteria,1,,,False,,False,False
warning_ammonia_toxicity,BAC_G::Nitrosomonas,Bacteria,1,0.0,0.0,False,157.0,False,False
warning_biogas_quality,BAC_G::Nitrosomonas,Bacteria,1,0.0,0.0,False,138.0,False,False
warning_acid_base_balance,BAC_G::OLB12,Bacteria,1,0.0,0.0,False,147.5,False,False
warning_buffer_capacity,BAC_G::OLB12,Bacteria,1,0.0,0.0,False,124.5,False,False
warning_acid_accumulation,BAC_G::OLB12,Bacteria,1,,,False,,False,False
warning_ammonia_toxicity,BAC_G::OLB12,Bacteria,1,0.0,0.0,False,157.0,False,False
warning_biogas_quality,BAC_G::OLB12,Bacteria,1,0.0,0.0,False,138.0,False,False
warning_acid_base_balance,BAC_G::OLB8,Bacteria,1,0.0,0.0,True,147.5,False,False
warning_buffer_capacity,BAC_G::OLB8,Bacteria,1,-0.0005681818181818198,0.0013876801080777434,True,243.5,False,False
warning_acid_accumulation,BAC_G::OLB8,Bacteria,1,,,True,,False,False
warning_ammonia_toxicity,BAC_G::OLB8,Bacteria,1,0.0,0.0,True,157.0,False,False
warning_biogas_quality,BAC_G::OLB8,Bacteria,1,0.0,0.0,True,138.0,False,False
warning_acid_base_balance,BAC_G::Olsenella,Bacteria,1,0.0,0.0,True,147.5,False,False
warning_buffer_capacity,BAC_G::Olsenella,Bacteria,1,0.0,0.0,True,124.5,False,False
warning_acid_accumulation,BAC_G::Olsenella,Bacteria,1,,,True,,False,False
warning_ammonia_toxicity,BAC_G::Olsenella,Bacteria,1,0.0,0.0,True,157.0,False,False
warning_biogas_quality,BAC_G::Olsenella,Bacteria,1,0.0,0.0,True,138.0,False,False
warning_acid_base_balance,BAC_G::Oscillospira,Bacteria,1,0.0,0.0,True,147.5,False,False
warning_buffer_capacity,BAC_G::Oscillospira,Bacteria,1,0.0,0.0,True,124.5,False,False
warning_acid_accumulation,BAC_G::Oscillospira,Bacteria,1,,,True,,False,False
warning_ammonia_toxicity,BAC_G::Oscillospira,Bacteria,1,0.0,0.0,True,157.0,False,False
warning_biogas_quality,BAC_G::Oscillospira,Bacteria,1,0.0,0.0,True,138.0,False,False
warning_acid_base_balance,BAC_G::PB19,Bacteria,1,0.0,0.0,False,147.5,False,False
warning_buffer_capacity,BAC_G::PB19,Bacteria,1,0.0,0.0,False,124.5,False,False
warning_acid_accumulation,BAC_G::PB19,Bacteria,1,,,False,,False,False
warning_ammonia_toxicity,BAC_G::PB19,Bacteria,1,0.0,0.0,False,157.0,False,False
warning_biogas_quality,BAC_G::PB19,Bacteria,1,0.0,0.0,False,138.0,False,False
warning_acid_base_balance,BAC_G::Paludibacter,Bacteria,1,0.006249999999999999,0.015264481188855133,True,19.5,False,True
warning_buffer_capacity,BAC_G::Paludibacter,Bacteria,1,-0.001537629037629043,0.0046106973078480565,True,258.0,False,False
warning_acid_accumulation,BAC_G::Paludibacter,Bacteria,1,,,True,,False,False
warning_ammonia_toxicity,BAC_G::Paludibacter,Bacteria,1,0.0,0.0,True,157.0,False,False
warning_biogas_quality,BAC_G::Paludibacter,Bacteria,1,0.0035714285714285713,0.008722560679345792,True,7.0,True,True
warning_acid_base_balance,BAC_G::Pantoea,Bacteria,1,0.0,0.0,True,147.5,False,False
warning_buffer_capacity,BAC_G::Pantoea,Bacteria,1,0.0,0.0,True,124.5,False,False
warning_acid_accumulation,BAC_G::Pantoea,Bacteria,1,,,True,,False,False
warning_ammonia_toxicity,BAC_G::Pantoea,Bacteria,1,0.0,0.0,True,157.0,False,False
warning_biogas_quality,BAC_G::Pantoea,Bacteria,1,0.0,0.0,True,138.0,False,False
warning_acid_base_balance,BAC_G::Paracoccus,Bacteria,1,0.0,0.0,True,147.5,False,False
warning_buffer_capacity,BAC_G::Paracoccus,Bacteria,1,0.0,0.0,True,124.5,False,False
warning_acid_accumulation,BAC_G::Paracoccus,Bacteria,1,,,True,,False,False
warning_ammonia_toxicity,BAC_G::Paracoccus,Bacteria,1,0.0,0.0,True,157.0,False,False
warning_biogas_quality,BAC_G::Paracoccus,Bacteria,1,0.0,0.0,True,138.0,False,False
warning_acid_base_balance,BAC_G::Pedosphaeraceae,Bacteria,1,0.0,0.0,True,147.5,False,False
warning_buffer_capacity,BAC_G::Pedosphaeraceae,Bacteria,1,0.0,0.0,True,124.5,False,False
warning_acid_accumulation,BAC_G::Pedosphaeraceae,Bacteria,1,,,True,,False,False
warning_ammonia_toxicity,BAC_G::Pedosphaeraceae,Bacteria,1,0.0,0.0,True,157.0,False,False
warning_biogas_quality,BAC_G::Pedosphaeraceae,Bacteria,1,0.0,0.0,True,138.0,False,False
warning_acid_base_balance,BAC_G::Pelotomaculum,Bacteria,1,0.0,0.0,True,147.5,False,False
warning_buffer_capacity,BAC_G::Pelotomaculum,Bacteria,1,-0.007916666666666678,0.0018633899812498269,True,271.0,False,False
warning_acid_accumulation,BAC_G::Pelotomaculum,Bacteria,1,,,True,,False,False
warning_ammonia_toxicity,BAC_G::Pelotomaculum,Bacteria,1,0.0,0.0,True,157.0,False,False
warning_biogas_quality,BAC_G::Pelotomaculum,Bacteria,1,-0.002976190476190477,0.01964712872214932,True,269.0,False,False
warning_acid_base_balance,BAC_G::Petrimonas,Bacteria,1,0.0,0.0,True,147.5,False,False
warning_buffer_capacity,BAC_G::Petrimonas,Bacteria,1,0.0,0.0,True,124.5,False,False
warning_acid_accumulation,BAC_G::Petrimonas,Bacteria,1,,,True,,False,False
warning_ammonia_toxicity,BAC_G::Petrimonas,Bacteria,1,0.0,0.0,True,157.0,False,False
warning_biogas_quality,BAC_G::Petrimonas,Bacteria,1,0.0,0.0,True,138.0,False,False
warning_acid_base_balance,BAC_G::Prevotella,Bacteria,1,0.0,0.0,True,147.5,False,False
warning_buffer_capacity,BAC_G::Prevotella,Bacteria,1,0.0,0.0,True,124.5,False,False
warning_acid_accumulation,BAC_G::Prevotella,Bacteria,1,,,True,,False,False
warning_ammonia_toxicity,BAC_G::Prevotella,Bacteria,1,0.0,0.0,True,157.0,False,False
warning_biogas_quality,BAC_G::Prevotella,Bacteria,1,0.0,0.0,True,138.0,False,False
warning_acid_base_balance,BAC_G::Proteiniphilum,Bacteria,1,0.0,0.0,True,147.5,False,False
warning_buffer_capacity,BAC_G::Proteiniphilum,Bacteria,1,-0.0002564102564102569,0.002031364162640019,True,232.0,False,False
warning_acid_accumulation,BAC_G::Proteiniphilum,Bacteria,1,,,True,,False,False
warning_ammonia_toxicity,BAC_G::Proteiniphilum,Bacteria,1,0.0,0.0,True,157.0,False,False
warning_biogas_quality,BAC_G::Proteiniphilum,Bacteria,1,0.0,0.0,True,138.0,False,False
warning_acid_base_balance,BAC_G::Proteocatella,Bacteria,1,0.0,0.0,False,147.5,False,False
warning_buffer_capacity,BAC_G::Proteocatella,Bacteria,1,0.0,0.0,False,124.5,False,False
warning_acid_accumulation,BAC_G::Proteocatella,Bacteria,1,,,False,,False,False
warning_ammonia_toxicity,BAC_G::Proteocatella,Bacteria,1,0.0,0.0,False,157.0,False,False
warning_biogas_quality,BAC_G::Proteocatella,Bacteria,1,0.0,0.0,False,138.0,False,False
warning_acid_base_balance,BAC_G::Pseudomonas,Bacteria,1,0.0,0.0,True,147.5,False,False
warning_buffer_capacity,BAC_G::Pseudomonas,Bacteria,1,0.0,0.0,True,124.5,False,False
warning_acid_accumulation,BAC_G::Pseudomonas,Bacteria,1,,,True,,False,False
warning_ammonia_toxicity,BAC_G::Pseudomonas,Bacteria,1,0.0,0.0,True,157.0,False,False
warning_biogas_quality,BAC_G::Pseudomonas,Bacteria,1,0.0,0.0,True,138.0,False,False
warning_acid_base_balance,BAC_G::Pseudoramibacter,Bacteria,1,0.0,0.0,True,147.5,False,False
warning_buffer_capacity,BAC_G::Pseudoramibacter,Bacteria,1,0.0,0.0,True,124.5,False,False
warning_acid_accumulation,BAC_G::Pseudoramibacter,Bacteria,1,,,True,,False,False
warning_ammonia_toxicity,BAC_G::Pseudoramibacter,Bacteria,1,0.0,0.0,True,157.0,False,False
warning_biogas_quality,BAC_G::Pseudoramibacter,Bacteria,1,0.0,0.0,True,138.0,False,False
warning_acid_base_balance,BAC_G::RBG-16-49-21,Bacteria,1,0.0,0.0,True,147.5,False,False
warning_buffer_capacity,BAC_G::RBG-16-49-21,Bacteria,1,0.0,0.0,True,124.5,False,False
warning_acid_accumulation,BAC_G::RBG-16-49-21,Bacteria,1,,,True,,False,False
warning_ammonia_toxicity,BAC_G::RBG-16-49-21,Bacteria,1,0.0,0.0,True,157.0,False,False
warning_biogas_quality,BAC_G::RBG-16-49-21,Bacteria,1,0.0,0.0,True,138.0,False,False
warning_acid_base_balance,BAC_G::Raoultibacter,Bacteria,1,0.0,0.0,True,147.5,False,False
warning_buffer_capacity,BAC_G::Raoultibacter,Bacteria,1,0.0,0.0,True,124.5,False,False
warning_acid_accumulation,BAC_G::Raoultibacter,Bacteria,1,,,True,,False,False
warning_ammonia_toxicity,BAC_G::Raoultibacter,Bacteria,1,0.0,0.0,True,157.0,False,False
warning_biogas_quality,BAC_G::Raoultibacter,Bacteria,1,0.0,0.0,True,138.0,False,False
warning_acid_base_balance,BAC_G::Rhodobacter,Bacteria,1,0.0,0.0,True,147.5,False,False
warning_buffer_capacity,BAC_G::Rhodobacter,Bacteria,1,0.0,0.0,True,124.5,False,False
warning_acid_accumulation,BAC_G::Rhodobacter,Bacteria,1,,,True,,False,False
warning_ammonia_toxicity,BAC_G::Rhodobacter,Bacteria,1,0.0,0.0,True,157.0,False,False
warning_biogas_quality,BAC_G::Rhodobacter,Bacteria,1,0.0,0.0,True,138.0,False,False
warning_acid_base_balance,BAC_G::Ruminiclostridium,Bacteria,1,0.006249999999999999,0.01526448118885513,True,19.5,False,True
warning_buffer_capacity,BAC_G::Ruminiclostridium,Bacteria,1,-0.00455128205128205,0.018458281501579632,True,267.0,False,False
warning_acid_accumulation,BAC_G::Ruminiclostridium,Bacteria,1,,,True,,False,False
warning_ammonia_toxicity,BAC_G::Ruminiclostridium,Bacteria,1,0.0008928571428571452,0.003992978531249635,True,37.5,False,False
warning_biogas_quality,BAC_G::Ruminiclostridium,Bacteria,1,0.0,0.0,True,138.0,False,False
warning_acid_base_balance,BAC_G::Ruminococcus,Bacteria,1,-0.06447510822510824,0.03930338496089621,True,275.0,False,False
warning_buffer_capacity,BAC_G::Ruminococcus,Bacteria,1,-0.0030601343101343084,0.01083218585082891,True,259.0,False,False
warning_acid_accumulation,BAC_G::Ruminococcus,Bacteria,1,,,True,,False,False
warning_ammonia_toxicity,BAC_G::Ruminococcus,Bacteria,1,0.0,0.0,True,157.0,False,False
warning_biogas_quality,BAC_G::Ruminococcus,Bacteria,1,0.0,0.0,True,138.0,False,False
warning_acid_base_balance,BAC_G::SBR1031,Bacteria,1,0.0,0.0,True,147.5,False,False
warning_buffer_capacity,BAC_G::SBR1031,Bacteria,1,-0.0003787878787878798,0.0011658844910058602,True,237.5,False,False
warning_acid_accumulation,BAC_G::SBR1031,Bacteria,1,,,True,,False,False
warning_ammonia_toxicity,BAC_G::SBR1031,Bacteria,1,0.0,0.0,True,157.0,False,False
warning_biogas_quality,BAC_G::SBR1031,Bacteria,1,0.0,0.0,True,138.0,False,False
warning_acid_base_balance,BAC_G::SC-I-84,Bacteria,1,0.0,0.0,True,147.5,False,False
warning_buffer_capacity,BAC_G::SC-I-84,Bacteria,1,0.0,0.0,True,124.5,False,False
warning_acid_accumulation,BAC_G::SC-I-84,Bacteria,1,,,True,,False,False
warning_ammonia_toxicity,BAC_G::SC-I-84,Bacteria,1,0.0,0.0,True,157.0,False,False
warning_biogas_quality,BAC_G::SC-I-84,Bacteria,1,0.0,0.0,True,138.0,False,False
warning_acid_base_balance,BAC_G::SC103,Bacteria,1,0.0,0.0,True,147.5,False,False
warning_buffer_capacity,BAC_G::SC103,Bacteria,1,0.0024038461538461557,0.001423915571536281,True,3.0,True,True
warning_acid_accumulation,BAC_G::SC103,Bacteria,1,,,True,,False,False
warning_ammonia_toxicity,BAC_G::SC103,Bacteria,1,0.0,0.0,True,157.0,False,False
warning_biogas_quality,BAC_G::SC103,Bacteria,1,-0.0033333333333333353,0.010259783520851547,True,271.0,False,False
warning_acid_base_balance,BAC_G::SJA-15,Bacteria,1,0.0,0.0,True,147.5,False,False
warning_buffer_capacity,BAC_G::SJA-15,Bacteria,1,0.004900654900654897,0.0031503554342278252,True,1.0,True,True
warning_acid_accumulation,BAC_G::SJA-15,Bacteria,1,,,True,,False,False
warning_ammonia_toxicity,BAC_G::SJA-15,Bacteria,1,0.0008928571428571452,0.003992978531249635,True,37.5,False,False
warning_biogas_quality,BAC_G::SJA-15,Bacteria,1,0.031020021645021646,0.029130752915594433,True,2.0,True,True
warning_acid_base_balance,BAC_G::SJA-28,Bacteria,1,0.0,0.0,True,147.5,False,False
warning_buffer_capacity,BAC_G::SJA-28,Bacteria,1,-0.0037608225108225167,0.006386958605909582,True,264.0,False,False
warning_acid_accumulation,BAC_G::SJA-28,Bacteria,1,,,True,,False,False
warning_ammonia_toxicity,BAC_G::SJA-28,Bacteria,1,0.0,0.0,True,157.0,False,False
warning_biogas_quality,BAC_G::SJA-28,Bacteria,1,0.0,0.0,True,138.0,False,False
warning_acid_base_balance,BAC_G::ST-12K33,Bacteria,1,0.0,0.0,True,147.5,False,False
warning_buffer_capacity,BAC_G::ST-12K33,Bacteria,1,0.0038484432234432236,0.003710835316753856,True,2.0,True,True
warning_acid_accumulation,BAC_G::ST-12K33,Bacteria,1,,,True,,False,False
warning_ammonia_toxicity,BAC_G::ST-12K33,Bacteria,1,0.0,0.0,True,157.0,False,False
warning_biogas_quality,BAC_G::ST-12K33,Bacteria,1,0.0,0.0,True,138.0,False,False
warning_acid_base_balance,BAC_G::Saccharofermentans,Bacteria,1,-0.038333333333333344,0.12882736987174032,True,274.0,False,False
warning_buffer_capacity,BAC_G::Saccharofermentans,Bacteria,1,-0.01639194139194139,0.04683956275414603,True,274.0,False,False
warning_acid_accumulation,BAC_G::Saccharofermentans,Bacteria,1,,,True,,False,False
warning_ammonia_toxicity,BAC_G::Saccharofermentans,Bacteria,1,0.0008928571428571452,0.003992978531249635,True,37.5,False,False
warning_biogas_quality,BAC_G::Saccharofermentans,Bacteria,1,0.0,0.0,True,138.0,False,False
warning_acid_base_balance,BAC_G::Sedimentibacter,Bacteria,1,0.0,0.0,True,147.5,False,False
warning_buffer_capacity,BAC_G::Sedimentibacter,Bacteria,1,0.0,0.0,True,124.5,False,False
warning_acid_accumulation,BAC_G::Sedimentibacter,Bacteria,1,,,True,,False,False
warning_ammonia_toxicity,BAC_G::Sedimentibacter,Bacteria,1,0.0,0.0,True,157.0,False,False
warning_biogas_quality,BAC_G::Sedimentibacter,Bacteria,1,0.0,0.0,True,138.0,False,False
warning_acid_base_balance,BAC_G::Shuttleworthia,Bacteria,1,0.0,0.0,True,147.5,False,False
warning_buffer_capacity,BAC_G::Shuttleworthia,Bacteria,1,0.0,0.0,True,124.5,False,False
warning_acid_accumulation,BAC_G::Shuttleworthia,Bacteria,1,,,True,,False,False
warning_ammonia_toxicity,BAC_G::Shuttleworthia,Bacteria,1,0.0,0.0,True,157.0,False,False
warning_biogas_quality,BAC_G::Shuttleworthia,Bacteria,1,0.0,0.0,True,138.0,False,False
warning_acid_base_balance,BAC_G::Simplicispira,Bacteria,1,0.0,0.0,True,147.5,False,False
warning_buffer_capacity,BAC_G::Simplicispira,Bacteria,1,0.0,0.0,True,124.5,False,False
warning_acid_accumulation,BAC_G::Simplicispira,Bacteria,1,,,True,,False,False
warning_ammonia_toxicity,BAC_G::Simplicispira,Bacteria,1,0.0,0.0,True,157.0,False,False
warning_biogas_quality,BAC_G::Simplicispira,Bacteria,1,0.0,0.0,True,138.0,False,False
warning_acid_base_balance,BAC_G::Smithella,Bacteria,1,0.0,0.0,True,147.5,False,False
warning_buffer_capacity,BAC_G::Smithella,Bacteria,1,0.0,0.0,True,124.5,False,False
warning_acid_accumulation,BAC_G::Smithella,Bacteria,1,,,True,,False,False
warning_ammonia_toxicity,BAC_G::Smithella,Bacteria,1,0.0,0.0,True,157.0,False,False
warning_biogas_quality,BAC_G::Smithella,Bacteria,1,0.0,0.0,True,138.0,False,False
warning_acid_base_balance,BAC_G::Sphaerochaeta,Bacteria,1,0.04291666666666666,0.005590169943749474,True,5.0,True,True
warning_buffer_capacity,BAC_G::Sphaerochaeta,Bacteria,1,-0.0036276223776223826,0.009211901075396252,True,262.0,False,False
warning_acid_accumulation,BAC_G::Sphaerochaeta,Bacteria,1,,,True,,False,False
warning_ammonia_toxicity,BAC_G::Sphaerochaeta,Bacteria,1,0.0026785714285714355,0.006541920509509361,True,22.5,False,False
warning_biogas_quality,BAC_G::Sphaerochaeta,Bacteria,1,0.0,0.0,True,138.0,False,False
warning_acid_base_balance,BAC_G::Stenotrophomonas,Bacteria,1,0.0,0.0,True,147.5,False,False
warning_buffer_capacity,BAC_G::Stenotrophomonas,Bacteria,1,0.0,0.0,True,124.5,False,False
warning_acid_accumulation,BAC_G::Stenotrophomonas,Bacteria,1,,,True,,False,False
warning_ammonia_toxicity,BAC_G::Stenotrophomonas,Bacteria,1,0.0,0.0,True,157.0,False,False
warning_biogas_quality,BAC_G::Stenotrophomonas,Bacteria,1,0.0,0.0,True,138.0,False,False
warning_acid_base_balance,BAC_G::Sterolibacterium,Bacteria,1,0.0,0.0,False,147.5,False,False
warning_buffer_capacity,BAC_G::Sterolibacterium,Bacteria,1,0.0,0.0,False,124.5,False,False
warning_acid_accumulation,BAC_G::Sterolibacterium,Bacteria,1,,,False,,False,False
warning_ammonia_toxicity,BAC_G::Sterolibacterium,Bacteria,1,0.0,0.0,False,157.0,False,False
warning_biogas_quality,BAC_G::Sterolibacterium,Bacteria,1,0.0,0.0,False,138.0,False,False
warning_acid_base_balance,BAC_G::Streptococcus,Bacteria,1,0.0,0.0,True,147.5,False,False
warning_buffer_capacity,BAC_G::Streptococcus,Bacteria,1,0.0,0.0,True,124.5,False,False
warning_acid_accumulation,BAC_G::Streptococcus,Bacteria,1,,,True,,False,False
warning_ammonia_toxicity,BAC_G::Streptococcus,Bacteria,1,0.016607142857142904,0.005590169943749481,True,10.0,True,True
warning_biogas_quality,BAC_G::Streptococcus,Bacteria,1,0.0,0.0,True,138.0,False,False
warning_acid_base_balance,BAC_G::Sutterella,Bacteria,1,0.0,0.0,True,147.5,False,False
warning_buffer_capacity,BAC_G::Sutterella,Bacteria,1,0.0,0.0,True,124.5,False,False
warning_acid_accumulation,BAC_G::Sutterella,Bacteria,1,,,True,,False,False
warning_ammonia_toxicity,BAC_G::Sutterella,Bacteria,1,0.0,0.0,True,157.0,False,False
warning_biogas_quality,BAC_G::Sutterella,Bacteria,1,0.0,0.0,True,138.0,False,False
warning_acid_base_balance,BAC_G::Syner-01,Bacteria,1,0.0,0.0,True,147.5,False,False
warning_buffer_capacity,BAC_G::Syner-01,Bacteria,1,0.0,0.0,True,124.5,False,False
warning_acid_accumulation,BAC_G::Syner-01,Bacteria,1,,,True,,False,False
warning_ammonia_toxicity,BAC_G::Syner-01,Bacteria,1,0.0,0.0,True,157.0,False,False
warning_biogas_quality,BAC_G::Syner-01,Bacteria,1,-0.03547619047619049,0.029475058788467273,True,274.0,False,False
warning_acid_base_balance,BAC_G::Syntrophaceticus,Bacteria,1,0.03791666666666666,0.018030797240355372,True,8.0,True,True
warning_buffer_capacity,BAC_G::Syntrophaceticus,Bacteria,1,-1.3736263736265769e-05,0.004105725302192907,True,226.0,False,False
warning_acid_accumulation,BAC_G::Syntrophaceticus,Bacteria,1,,,True,,False,False
warning_ammonia_toxicity,BAC_G::Syntrophaceticus,Bacteria,1,0.0,0.0,True,157.0,False,False
warning_biogas_quality,BAC_G::Syntrophaceticus,Bacteria,1,0.0,0.0,True,138.0,False,False
warning_acid_base_balance,BAC_G::Syntrophobacter,Bacteria,1,0.0,0.0,True,147.5,False,False
warning_buffer_capacity,BAC_G::Syntrophobacter,Bacteria,1,0.0,0.0,True,124.5,False,False
warning_acid_accumulation,BAC_G::Syntrophobacter,Bacteria,1,,,True,,False,False
warning_ammonia_toxicity,BAC_G::Syntrophobacter,Bacteria,1,0.0,0.0,True,157.0,False,False
warning_biogas_quality,BAC_G::Syntrophobacter,Bacteria,1,0.0,0.0,True,138.0,False,False
warning_acid_base_balance,BAC_G::Syntrophococcus,Bacteria,1,0.0,0.0,True,147.5,False,False
warning_buffer_capacity,BAC_G::Syntrophococcus,Bacteria,1,0.0,0.0,True,124.5,False,False
warning_acid_accumulation,BAC_G::Syntrophococcus,Bacteria,1,,,True,,False,False
warning_ammonia_toxicity,BAC_G::Syntrophococcus,Bacteria,1,0.0,0.0,True,157.0,False,False
warning_biogas_quality,BAC_G::Syntrophococcus,Bacteria,1,0.0,0.0,True,138.0,False,False
warning_acid_base_balance,BAC_G::Syntrophomonas,Bacteria,1,0.0,0.0,True,147.5,False,False
warning_buffer_capacity,BAC_G::Syntrophomonas,Bacteria,1,-0.0007575757575757596,0.0015545126546744803,True,249.0,False,False
warning_acid_accumulation,BAC_G::Syntrophomonas,Bacteria,1,,,True,,False,False
warning_ammonia_toxicity,BAC_G::Syntrophomonas,Bacteria,1,0.010714285714285742,0.008975440891964927,True,16.0,False,True
warning_biogas_quality,BAC_G::Syntrophomonas,Bacteria,1,0.0,0.0,True,138.0,False,False
warning_acid_base_balance,BAC_G::Syntrophorhabdus,Bacteria,1,0.0,0.0,True,147.5,False,False
warning_buffer_capacity,BAC_G::Syntrophorhabdus,Bacteria,1,-0.0003787878787878798,0.00116588449100586,True,237.5,False,False
warning_acid_accumulation,BAC_G::Syntrophorhabdus,Bacteria,1,,,True,,False,False
warning_ammonia_toxicity,BAC_G::Syntrophorhabdus,Bacteria,1,0.0,0.0,True,157.0,False,False
warning_biogas_quality,BAC_G::Syntrophorhabdus,Bacteria,1,0.0,0.0,True,138.0,False,False
warning_acid_base_balance,BAC_G::Syntrophus,Bacteria,1,0.0,0.0,True,147.5,False,False
warning_buffer_capacity,BAC_G::Syntrophus,Bacteria,1,0.0,0.0,True,124.5,False,False
warning_acid_accumulation,BAC_G::Syntrophus,Bacteria,1,,,True,,False,False
warning_ammonia_toxicity,BAC_G::Syntrophus,Bacteria,1,0.0,0.0,True,157.0,False,False
warning_biogas_quality,BAC_G::Syntrophus,Bacteria,1,0.0,0.0,True,138.0,False,False
warning_acid_base_balance,BAC_G::TTA-B1,Bacteria,1,0.0,0.0,False,147.5,False,False
warning_buffer_capacity,BAC_G::TTA-B1,Bacteria,1,0.0,0.0,False,124.5,False,False
warning_acid_accumulation,BAC_G::TTA-B1,Bacteria,1,,,False,,False,False
warning_ammonia_toxicity,BAC_G::TTA-B1,Bacteria,1,0.0,0.0,False,157.0,False,False
warning_biogas_quality,BAC_G::TTA-B1,Bacteria,1,0.0,0.0,False,138.0,False,False
warning_acid_base_balance,BAC_G::Tepidimicrobium,Bacteria,1,0.006466450216450216,0.015185526184559702,True,18.0,False,True
warning_buffer_capacity,BAC_G::Tepidimicrobium,Bacteria,1,-0.0010810023310023336,0.0030702934786334514,True,255.0,False,False
warning_acid_accumulation,BAC_G::Tepidimicrobium,Bacteria,1,,,True,,False,False
warning_ammonia_toxicity,BAC_G::Tepidimicrobium,Bacteria,1,0.0,0.0,True,157.0,False,False
warning_biogas_quality,BAC_G::Tepidimicrobium,Bacteria,1,0.0,0.0,True,138.0,False,False
warning_acid_base_balance,BAC_G::Terrimonas,Bacteria,1,0.0,0.0,False,147.5,False,False
warning_buffer_capacity,BAC_G::Terrimonas,Bacteria,1,0.0,0.0,False,124.5,False,False
warning_acid_accumulation,BAC_G::Terrimonas,Bacteria,1,,,False,,False,False
warning_ammonia_toxicity,BAC_G::Terrimonas,Bacteria,1,0.0,0.0,False,157.0,False,False
warning_biogas_quality,BAC_G::Terrimonas,Bacteria,1,0.0,0.0,False,138.0,False,False
warning_acid_base_balance,BAC_G::Tetrasphaera,Bacteria,1,0.0,0.0,True,147.5,False,False
warning_buffer_capacity,BAC_G::Tetrasphaera,Bacteria,1,0.0,0.0,True,124.5,False,False
warning_acid_accumulation,BAC_G::Tetrasphaera,Bacteria,1,,,True,,False,False
warning_ammonia_toxicity,BAC_G::Tetrasphaera,Bacteria,1,0.0,0.0,True,157.0,False,False
warning_biogas_quality,BAC_G::Tetrasphaera,Bacteria,1,0.0,0.0,True,138.0,False,False
warning_acid_base_balance,BAC_G::Thauera,Bacteria,1,0.0034415584415584412,0.014889492981950187,True,22.0,False,False
warning_buffer_capacity,BAC_G::Thauera,Bacteria,1,-0.0008158508158508188,0.0022162271973844095,True,253.0,False,False
warning_acid_accumulation,BAC_G::Thauera,Bacteria,1,,,True,,False,False
warning_ammonia_toxicity,BAC_G::Thauera,Bacteria,1,0.0,0.0,True,157.0,False,False
warning_biogas_quality,BAC_G::Thauera,Bacteria,1,0.015297619047619046,0.03005066682587584,True,3.0,True,True
warning_acid_base_balance,BAC_G::Thermoanaerobaculum,Bacteria,1,0.0,0.0,True,147.5,False,False
warning_buffer_capacity,BAC_G::Thermoanaerobaculum,Bacteria,1,0.0,0.0,True,124.5,False,False
warning_acid_accumulation,BAC_G::Thermoanaerobaculum,Bacteria,1,,,True,,False,False
warning_ammonia_toxicity,BAC_G::Thermoanaerobaculum,Bacteria,1,0.0,0.0,True,157.0,False,False
warning_biogas_quality,BAC_G::Thermoanaerobaculum,Bacteria,1,0.0,0.0,True,138.0,False,False
warning_acid_base_balance,BAC_G::Thermomonas,Bacteria,1,0.0,0.0,True,147.5,False,False
warning_buffer_capacity,BAC_G::Thermomonas,Bacteria,1,0.0,0.0,True,124.5,False,False
warning_acid_accumulation,BAC_G::Thermomonas,Bacteria,1,,,True,,False,False
warning_ammonia_toxicity,BAC_G::Thermomonas,Bacteria,1,0.0,0.0,True,157.0,False,False
warning_biogas_quality,BAC_G::Thermomonas,Bacteria,1,0.0,0.0,True,138.0,False,False
warning_acid_base_balance,BAC_G::Thermovirga,Bacteria,1,0.0,0.0,True,147.5,False,False
warning_buffer_capacity,BAC_G::Thermovirga,Bacteria,1,0.0,0.0,True,124.5,False,False
warning_acid_accumulation,BAC_G::Thermovirga,Bacteria,1,,,True,,False,False
warning_ammonia_toxicity,BAC_G::Thermovirga,Bacteria,1,0.0,0.0,True,157.0,False,False
warning_biogas_quality,BAC_G::Thermovirga,Bacteria,1,0.0,0.0,True,138.0,False,False
warning_acid_base_balance,BAC_G::Thermus,Bacteria,1,0.0,0.0,True,147.5,False,False
warning_buffer_capacity,BAC_G::Thermus,Bacteria,1,0.0,0.0,True,124.5,False,False
warning_acid_accumulation,BAC_G::Thermus,Bacteria,1,,,True,,False,False
warning_ammonia_toxicity,BAC_G::Thermus,Bacteria,1,0.0,0.0,True,157.0,False,False
warning_biogas_quality,BAC_G::Thermus,Bacteria,1,0.0,0.0,True,138.0,False,False
warning_acid_base_balance,BAC_G::Tissierella,Bacteria,1,0.008874458874458873,0.017126655996199634,True,15.0,False,True
warning_buffer_capacity,BAC_G::Tissierella,Bacteria,1,-0.0007575757575757596,0.0015545126546744803,True,249.0,False,False
warning_acid_accumulation,BAC_G::Tissierella,Bacteria,1,,,True,,False,False
warning_ammonia_toxicity,BAC_G::Tissierella,Bacteria,1,0.0,0.0,True,157.0,False,False
warning_biogas_quality,BAC_G::Tissierella,Bacteria,1,0.0,0.0,True,138.0,False,False
warning_acid_base_balance,BAC_G::Treponema,Bacteria,1,0.0,0.0,True,147.5,False,False
warning_buffer_capacity,BAC_G::Treponema,Bacteria,1,0.0,0.0,True,124.5,False,False
warning_acid_accumulation,BAC_G::Treponema,Bacteria,1,,,True,,False,False
warning_ammonia_toxicity,BAC_G::Treponema,Bacteria,1,0.0,0.0,True,157.0,False,False
warning_biogas_quality,BAC_G::Treponema,Bacteria,1,0.0,0.0,True,138.0,False,False
warning_acid_base_balance,BAC_G::Truepera,Bacteria,1,0.0,0.0,True,147.5,False,False
warning_buffer_capacity,BAC_G::Truepera,Bacteria,1,0.0,0.0,True,124.5,False,False
warning_acid_accumulation,BAC_G::Truepera,Bacteria,1,,,True,,False,False
warning_ammonia_toxicity,BAC_G::Truepera,Bacteria,1,0.0,0.0,True,157.0,False,False
warning_biogas_quality,BAC_G::Truepera,Bacteria,1,0.0,0.0,True,138.0,False,False
warning_acid_base_balance,BAC_G::UCG-010,Bacteria,1,0.0,0.0,True,147.5,False,False
warning_buffer_capacity,BAC_G::UCG-010,Bacteria,1,-0.003535353535353543,0.0028850533867549456,True,261.0,False,False
warning_acid_accumulation,BAC_G::UCG-010,Bacteria,1,,,True,,False,False
warning_ammonia_toxicity,BAC_G::UCG-010,Bacteria,1,0.02910714285714286,0.010215156151752098,True,4.0,True,True
warning_biogas_quality,BAC_G::UCG-010,Bacteria,1,0.0,0.0,True,138.0,False,False
warning_acid_base_balance,BAC_G::W27,Bacteria,1,0.0,0.0,True,147.5,False,False
warning_buffer_capacity,BAC_G::W27,Bacteria,1,0.0,0.0,True,124.5,False,False
warning_acid_accumulation,BAC_G::W27,Bacteria,1,,,True,,False,False
warning_ammonia_toxicity,BAC_G::W27,Bacteria,1,0.0,0.0,True,157.0,False,False
warning_biogas_quality,BAC_G::W27,Bacteria,1,0.0,0.0,True,138.0,False,False
warning_acid_base_balance,BAC_G::W5,Bacteria,1,0.0,0.0,True,147.5,False,False
warning_buffer_capacity,BAC_G::W5,Bacteria,1,0.0,0.0,True,124.5,False,False
warning_acid_accumulation,BAC_G::W5,Bacteria,1,,,True,,False,False
warning_ammonia_toxicity,BAC_G::W5,Bacteria,1,0.0,0.0,True,157.0,False,False
warning_biogas_quality,BAC_G::W5,Bacteria,1,0.0,0.0,True,138.0,False,False
warning_acid_base_balance,BAC_G::W5053,Bacteria,1,0.0,0.0,True,147.5,False,False
warning_buffer_capacity,BAC_G::W5053,Bacteria,1,0.0,0.0,True,124.5,False,False
warning_acid_accumulation,BAC_G::W5053,Bacteria,1,,,True,,False,False
warning_ammonia_toxicity,BAC_G::W5053,Bacteria,1,0.0,0.0,True,157.0,False,False
warning_biogas_quality,BAC_G::W5053,Bacteria,1,0.0,0.0,True,138.0,False,False
warning_acid_base_balance,BAC_G::WCHB1-02,Bacteria,1,0.0,0.0,True,147.5,False,False
warning_buffer_capacity,BAC_G::WCHB1-02,Bacteria,1,0.0,0.0,True,124.5,False,False
warning_acid_accumulation,BAC_G::WCHB1-02,Bacteria,1,,,True,,False,False
warning_ammonia_toxicity,BAC_G::WCHB1-02,Bacteria,1,0.0,0.0,True,157.0,False,False
warning_biogas_quality,BAC_G::WCHB1-02,Bacteria,1,0.0,0.0,True,138.0,False,False
warning_acid_base_balance,BAC_G::WCHB1-41,Bacteria,1,0.0588582251082251,0.027003600464258398,True,1.0,True,True
warning_buffer_capacity,BAC_G::WCHB1-41,Bacteria,1,0.0,0.0,True,124.5,False,False
warning_acid_accumulation,BAC_G::WCHB1-41,Bacteria,1,,,True,,False,False
warning_ammonia_toxicity,BAC_G::WCHB1-41,Bacteria,1,0.0008928571428571452,0.003992978531249635,True,37.5,False,False
warning_biogas_quality,BAC_G::WCHB1-41,Bacteria,1,0.0,0.0,True,138.0,False,False
warning_acid_base_balance,BAC_G::WCHB1-81,Bacteria,1,0.0,0.0,True,147.5,False,False
warning_buffer_capacity,BAC_G::WCHB1-81,Bacteria,1,0.0,0.0,True,124.5,False,False
warning_acid_accumulation,BAC_G::WCHB1-81,Bacteria,1,,,True,,False,False
warning_ammonia_toxicity,BAC_G::WCHB1-81,Bacteria,1,0.0,0.0,True,157.0,False,False
warning_biogas_quality,BAC_G::WCHB1-81,Bacteria,1,0.0,0.0,True,138.0,False,False
warning_acid_base_balance,BAC_G::Zoogloea,Bacteria,1,0.0,0.0,True,147.5,False,False
warning_buffer_capacity,BAC_G::Zoogloea,Bacteria,1,0.0,0.0,True,124.5,False,False
warning_acid_accumulation,BAC_G::Zoogloea,Bacteria,1,,,True,,False,False
warning_ammonia_toxicity,BAC_G::Zoogloea,Bacteria,1,0.0,0.0,True,157.0,False,False
warning_biogas_quality,BAC_G::Zoogloea,Bacteria,1,0.0,0.0,True,138.0,False,False
warning_acid_base_balance,BAC_G::p-251-o5,Bacteria,1,0.0,0.0,False,147.5,False,False
warning_buffer_capacity,BAC_G::p-251-o5,Bacteria,1,0.0,0.0,False,124.5,False,False
warning_acid_accumulation,BAC_G::p-251-o5,Bacteria,1,,,False,,False,False
warning_ammonia_toxicity,BAC_G::p-251-o5,Bacteria,1,0.0,0.0,False,157.0,False,False
warning_biogas_quality,BAC_G::p-251-o5,Bacteria,1,0.0,0.0,False,138.0,False,False
warning_acid_base_balance,BAC_G::unidentified,Bacteria,1,0.0,0.0,True,147.5,False,False
warning_buffer_capacity,BAC_G::unidentified,Bacteria,1,-0.0005681818181818198,0.0013876801080777434,True,243.5,False,False
warning_acid_accumulation,BAC_G::unidentified,Bacteria,1,,,True,,False,False
warning_ammonia_toxicity,BAC_G::unidentified,Bacteria,1,0.0,0.0,True,157.0,False,False
warning_biogas_quality,BAC_G::unidentified,Bacteria,1,-0.0016666666666666676,0.007453559924999302,True,267.0,False,False
warning_acid_base_balance,ARC_P::Aenigmarchaeota,Archaea,1,0.0,0.0,True,147.5,False,False
warning_buffer_capacity,ARC_P::Aenigmarchaeota,Archaea,1,0.0,0.0,True,124.5,False,False
warning_acid_accumulation,ARC_P::Aenigmarchaeota,Archaea,1,,,True,,False,False
warning_ammonia_toxicity,ARC_P::Aenigmarchaeota,Archaea,1,0.0,0.0,True,157.0,False,False
warning_biogas_quality,ARC_P::Aenigmarchaeota,Archaea,1,0.0,0.0,True,138.0,False,False
warning_acid_base_balance,ARC_P::Asgardarchaeota,Archaea,1,0.0,0.0,True,147.5,False,False
warning_buffer_capacity,ARC_P::Asgardarchaeota,Archaea,1,0.0,0.0,True,124.5,False,False
warning_acid_accumulation,ARC_P::Asgardarchaeota,Archaea,1,,,True,,False,False
warning_ammonia_toxicity,ARC_P::Asgardarchaeota,Archaea,1,0.0,0.0,True,157.0,False,False
warning_biogas_quality,ARC_P::Asgardarchaeota,Archaea,1,0.0,0.0,True,138.0,False,False
warning_acid_base_balance,ARC_P::Crenarchaeota,Archaea,1,0.0,0.0,True,147.5,False,False
warning_buffer_capacity,ARC_P::Crenarchaeota,Archaea,1,0.0,0.0,True,124.5,False,False
warning_acid_accumulation,ARC_P::Crenarchaeota,Archaea,1,,,True,,False,False
warning_ammonia_toxicity,ARC_P::Crenarchaeota,Archaea,1,0.0,0.0,True,157.0,False,False
warning_biogas_quality,ARC_P::Crenarchaeota,Archaea,1,0.0,0.0,True,138.0,False,False
warning_acid_base_balance,ARC_P::Cryptomycota,Archaea,1,0.0,0.0,True,147.5,False,False
warning_buffer_capacity,ARC_P::Cryptomycota,Archaea,1,0.0,0.0,True,124.5,False,False
warning_acid_accumulation,ARC_P::Cryptomycota,Archaea,1,,,True,,False,False
warning_ammonia_toxicity,ARC_P::Cryptomycota,Archaea,1,0.0,0.0,True,157.0,False,False
warning_biogas_quality,ARC_P::Cryptomycota,Archaea,1,0.0,0.0,True,138.0,False,False
warning_acid_base_balance,ARC_P::Euryarchaeota,Archaea,1,0.0,0.0,True,147.5,False,False
warning_buffer_capacity,ARC_P::Euryarchaeota,Archaea,1,0.0,0.0,True,124.5,False,False
warning_acid_accumulation,ARC_P::Euryarchaeota,Archaea,1,,,True,,False,False
warning_ammonia_toxicity,ARC_P::Euryarchaeota,Archaea,1,0.01577380952380954,0.013184410070020516,True,12.5,False,True
warning_biogas_quality,ARC_P::Euryarchaeota,Archaea,1,0.0,0.0,True,138.0,False,False
warning_acid_base_balance,ARC_P::Hadarchaeota,Archaea,1,0.0,0.0,True,147.5,False,False
warning_buffer_capacity,ARC_P::Hadarchaeota,Archaea,1,0.0,0.0,True,124.5,False,False
warning_acid_accumulation,ARC_P::Hadarchaeota,Archaea,1,,,True,,False,False
warning_ammonia_toxicity,ARC_P::Hadarchaeota,Archaea,1,0.0,0.0,True,157.0,False,False
warning_biogas_quality,ARC_P::Hadarchaeota,Archaea,1,0.0,0.0,True,138.0,False,False
warning_acid_base_balance,ARC_P::Halobacterota,Archaea,1,0.0,0.0,True,147.5,False,False
warning_buffer_capacity,ARC_P::Halobacterota,Archaea,1,0.0,0.0,True,124.5,False,False
warning_acid_accumulation,ARC_P::Halobacterota,Archaea,1,,,True,,False,False
warning_ammonia_toxicity,ARC_P::Halobacterota,Archaea,1,0.0,0.0,True,157.0,False,False
warning_biogas_quality,ARC_P::Halobacterota,Archaea,1,0.0011904761904761904,0.005323971374999499,True,9.5,True,True
warning_acid_base_balance,ARC_P::Holozoa,Archaea,1,0.0,0.0,True,147.5,False,False
warning_buffer_capacity,ARC_P::Holozoa,Archaea,1,0.0,0.0,True,124.5,False,False
warning_acid_accumulation,ARC_P::Holozoa,Archaea,1,,,True,,False,False
warning_ammonia_toxicity,ARC_P::Holozoa,Archaea,1,0.0,0.0,True,157.0,False,False
warning_biogas_quality,ARC_P::Holozoa,Archaea,1,0.0,0.0,True,138.0,False,False
warning_acid_base_balance,ARC_P::Iainarchaeota,Archaea,1,0.0,0.0,True,147.5,False,False
warning_buffer_capacity,ARC_P::Iainarchaeota,Archaea,1,0.0,0.0,True,124.5,False,False
warning_acid_accumulation,ARC_P::Iainarchaeota,Archaea,1,,,True,,False,False
warning_ammonia_toxicity,ARC_P::Iainarchaeota,Archaea,1,0.0,0.0,True,157.0,False,False
warning_biogas_quality,ARC_P::Iainarchaeota,Archaea,1,0.0,0.0,True,138.0,False,False
warning_acid_base_balance,ARC_P::Micrarchaeota,Archaea,1,0.0,0.0,True,147.5,False,False
warning_buffer_capacity,ARC_P::Micrarchaeota,Archaea,1,0.0,0.0,True,124.5,False,False
warning_acid_accumulation,ARC_P::Micrarchaeota,Archaea,1,,,True,,False,False
warning_ammonia_toxicity,ARC_P::Micrarchaeota,Archaea,1,0.0,0.0,True,157.0,False,False
warning_biogas_quality,ARC_P::Micrarchaeota,Archaea,1,0.0,0.0,True,138.0,False,False
warning_acid_base_balance,ARC_P::Mollusca,Archaea,1,0.0,0.0,True,147.5,False,False
warning_buffer_capacity,ARC_P::Mollusca,Archaea,1,0.0,0.0,True,124.5,False,False
warning_acid_accumulation,ARC_P::Mollusca,Archaea,1,,,True,,False,False
warning_ammonia_toxicity,ARC_P::Mollusca,Archaea,1,0.0,0.0,True,157.0,False,False
warning_biogas_quality,ARC_P::Mollusca,Archaea,1,0.0,0.0,True,138.0,False,False
warning_acid_base_balance,ARC_P::Nanoarchaeota,Archaea,1,0.0,0.0,True,147.5,False,False
warning_buffer_capacity,ARC_P::Nanoarchaeota,Archaea,1,0.0,0.0,True,124.5,False,False
warning_acid_accumulation,ARC_P::Nanoarchaeota,Archaea,1,,,True,,False,False
warning_ammonia_toxicity,ARC_P::Nanoarchaeota,Archaea,1,0.0,0.0,True,157.0,False,False
warning_biogas_quality,ARC_P::Nanoarchaeota,Archaea,1,0.0,0.0,True,138.0,False,False
warning_acid_base_balance,ARC_P::Thermoplasmatota,Archaea,1,0.002083333333333333,0.009316949906249122,True,24.0,False,False
warning_buffer_capacity,ARC_P::Thermoplasmatota,Archaea,1,0.0007783882783882784,0.0016879076614421528,True,10.5,False,True
warning_acid_accumulation,ARC_P::Thermoplasmatota,Archaea,1,,,True,,False,False
warning_ammonia_toxicity,ARC_P::Thermoplasmatota,Archaea,1,-0.033650793650793584,0.043572611689278146,True,275.0,False,False
warning_biogas_quality,ARC_P::Thermoplasmatota,Archaea,1,-0.0033333333333333353,0.010259783520851546,True,271.0,False,False
warning_acid_base_balance,ARC_P::Vertebrata,Archaea,1,0.0,0.0,True,147.5,False,False
warning_buffer_capacity,ARC_P::Vertebrata,Archaea,1,0.0,0.0,True,124.5,False,False
warning_acid_accumulation,ARC_P::Vertebrata,Archaea,1,,,True,,False,False
warning_ammonia_toxicity,ARC_P::Vertebrata,Archaea,1,0.0,0.0,True,157.0,False,False
warning_biogas_quality,ARC_P::Vertebrata,Archaea,1,0.0,0.0,True,138.0,False,False
warning_acid_base_balance,ARC_P::unidentified,Archaea,1,0.0,0.0,True,147.5,False,False
warning_buffer_capacity,ARC_P::unidentified,Archaea,1,0.0,0.0,True,124.5,False,False
warning_acid_accumulation,ARC_P::unidentified,Archaea,1,,,True,,False,False
warning_ammonia_toxicity,ARC_P::unidentified,Archaea,1,0.0,0.0,True,157.0,False,False
warning_biogas_quality,ARC_P::unidentified,Archaea,1,0.0,0.0,True,138.0,False,False
warning_acid_base_balance,ARC_G::Aenigmarchaeales,Archaea,1,0.0,0.0,True,147.5,False,False
warning_buffer_capacity,ARC_G::Aenigmarchaeales,Archaea,1,0.0,0.0,True,124.5,False,False
warning_acid_accumulation,ARC_G::Aenigmarchaeales,Archaea,1,,,True,,False,False
warning_ammonia_toxicity,ARC_G::Aenigmarchaeales,Archaea,1,0.0,0.0,True,157.0,False,False
warning_biogas_quality,ARC_G::Aenigmarchaeales,Archaea,1,0.0,0.0,True,138.0,False,False
warning_acid_base_balance,ARC_G::Bathyarchaeia,Archaea,1,0.0,0.0,True,147.5,False,False
warning_buffer_capacity,ARC_G::Bathyarchaeia,Archaea,1,-0.0001893939393939399,0.0008469954460226499,True,229.0,False,False
warning_acid_accumulation,ARC_G::Bathyarchaeia,Archaea,1,,,True,,False,False
warning_ammonia_toxicity,ARC_G::Bathyarchaeia,Archaea,1,0.0026785714285714355,0.0065419205095093615,True,22.5,False,False
warning_biogas_quality,ARC_G::Bathyarchaeia,Archaea,1,0.0,0.0,True,138.0,False,False
warning_acid_base_balance,ARC_G::Candidatus_Iainarchaeum,Archaea,1,0.0,0.0,True,147.5,False,False
warning_buffer_capacity,ARC_G::Candidatus_Iainarchaeum,Archaea,1,0.0,0.0,True,124.5,False,False
warning_acid_accumulation,ARC_G::Candidatus_Iainarchaeum,Archaea,1,,,True,,False,False
warning_ammonia_toxicity,ARC_G::Candidatus_Iainarchaeum,Archaea,1,0.0,0.0,True,157.0,False,False
warning_biogas_quality,ARC_G::Candidatus_Iainarchaeum,Archaea,1,0.0,0.0,True,138.0,False,False
warning_acid_base_balance,ARC_G::Candidatus_Methanofastidiosum,Archaea,1,0.0,0.0,True,147.5,False,False
warning_buffer_capacity,ARC_G::Candidatus_Methanofastidiosum,Archaea,1,0.0,0.0,True,124.5,False,False
warning_acid_accumulation,ARC_G::Candidatus_Methanofastidiosum,Archaea,1,,,True,,False,False
warning_ammonia_toxicity,ARC_G::Candidatus_Methanofastidiosum,Archaea,1,0.01577380952380954,0.013184410070020516,True,12.5,False,True
warning_biogas_quality,ARC_G::Candidatus_Methanofastidiosum,Archaea,1,0.0,0.0,True,138.0,False,False
warning_acid_base_balance,ARC_G::Candidatus_Methanogranum,Archaea,1,0.0,0.0,True,147.5,False,False
warning_buffer_capacity,ARC_G::Candidatus_Methanogranum,Archaea,1,0.0,0.0,True,124.5,False,False
warning_acid_accumulation,ARC_G::Candidatus_Methanogranum,Archaea,1,,,True,,False,False
warning_ammonia_toxicity,ARC_G::Candidatus_Methanogranum,Archaea,1,0.0017857142857142904,0.0054963126004561975,True,28.0,False,False
warning_biogas_quality,ARC_G::Candidatus_Methanogranum,Archaea,1,0.0,0.0,True,138.0,False,False
warning_acid_base_balance,ARC_G::Candidatus_Methanomethylicus,Archaea,1,0.0,0.0,True,147.5,False,False
warning_buffer_capacity,ARC_G::Candidatus_Methanomethylicus,Archaea,1,0.0,0.0,True,124.5,False,False
warning_acid_accumulation,ARC_G::Candidatus_Methanomethylicus,Archaea,1,,,True,,False,False
warning_ammonia_toxicity,ARC_G::Candidatus_Methanomethylicus,Archaea,1,0.0,0.0,True,157.0,False,False
warning_biogas_quality,ARC_G::Candidatus_Methanomethylicus,Archaea,1,0.0,0.0,True,138.0,False,False
warning_acid_base_balance,ARC_G::Candidatus_Methanomethylophilus,Archaea,1,0.0,0.0,True,147.5,False,False
warning_buffer_capacity,ARC_G::Candidatus_Methanomethylophilus,Archaea,1,0.0,0.0,True,124.5,False,False
warning_acid_accumulation,ARC_G::Candidatus_Methanomethylophilus,Archaea,1,,,True,,False,False
warning_ammonia_toxicity,ARC_G::Candidatus_Methanomethylophilus,Archaea,1,0.0,0.0,True,157.0,False,False
warning_biogas_quality,ARC_G::Candidatus_Methanomethylophilus,Archaea,1,0.0,0.0,True,138.0,False,False
warning_acid_base_balance,ARC_G::Candidatus_Methanoplasma,Archaea,1,0.0,0.0,True,147.5,False,False
warning_buffer_capacity,ARC_G::Candidatus_Methanoplasma,Archaea,1,-0.0036567599067599105,0.005001535522791745,True,263.0,False,False
warning_acid_accumulation,ARC_G::Candidatus_Methanoplasma,Archaea,1,,,True,,False,False
warning_ammonia_toxicity,ARC_G::Candidatus_Methanoplasma,Archaea,1,-0.004880952380952375,0.015023254441246879,True,272.0,False,False
warning_biogas_quality,ARC_G::Candidatus_Methanoplasma,Archaea,1,0.0,0.0,True,138.0,False,False
warning_acid_base_balance,ARC_G::Candidatus_Nitrocosmicus,Archaea,1,0.0,0.0,True,147.5,False,False
warning_buffer_capacity,ARC_G::Candidatus_Nitrocosmicus,Archaea,1,0.0,0.0,True,124.5,False,False
warning_acid_accumulation,ARC_G::Candidatus_Nitrocosmicus,Archaea,1,,,True,,False,False
warning_ammonia_toxicity,ARC_G::Candidatus_Nitrocosmicus,Archaea,1,0.0,0.0,True,157.0,False,False
warning_biogas_quality,ARC_G::Candidatus_Nitrocosmicus,Archaea,1,0.0,0.0,True,138.0,False,False
warning_acid_base_balance,ARC_G::Hadarchaeales,Archaea,1,0.0,0.0,True,147.5,False,False
warning_buffer_capacity,ARC_G::Hadarchaeales,Archaea,1,0.0,0.0,True,124.5,False,False
warning_acid_accumulation,ARC_G::Hadarchaeales,Archaea,1,,,True,,False,False
warning_ammonia_toxicity,ARC_G::Hadarchaeales,Archaea,1,0.0,0.0,True,157.0,False,False
warning_biogas_quality,ARC_G::Hadarchaeales,Archaea,1,0.0,0.0,True,138.0,False,False
warning_acid_base_balance,ARC_G::LKM11,Archaea,1,0.0,0.0,True,147.5,False,False
warning_buffer_capacity,ARC_G::LKM11,Archaea,1,0.0,0.0,True,124.5,False,False
warning_acid_accumulation,ARC_G::LKM11,Archaea,1,,,True,,False,False
warning_ammonia_toxicity,ARC_G::LKM11,Archaea,1,0.0,0.0,True,157.0,False,False
warning_biogas_quality,ARC_G::LKM11,Archaea,1,0.0,0.0,True,138.0,False,False
warning_acid_base_balance,ARC_G::Lokiarchaeia,Archaea,1,0.0,0.0,True,147.5,False,False
warning_buffer_capacity,ARC_G::Lokiarchaeia,Archaea,1,0.0,0.0,True,124.5,False,False
warning_acid_accumulation,ARC_G::Lokiarchaeia,Archaea,1,,,True,,False,False
warning_ammonia_toxicity,ARC_G::Lokiarchaeia,Archaea,1,0.0,0.0,True,157.0,False,False
warning_biogas_quality,ARC_G::Lokiarchaeia,Archaea,1,0.0,0.0,True,138.0,False,False
warning_acid_base_balance,ARC_G::Marine_Benthic_Group_D_and_DHVEG-1,Archaea,1,0.0,0.0,True,147.5,False,False
warning_buffer_capacity,ARC_G::Marine_Benthic_Group_D_and_DHVEG-1,Archaea,1,0.0005208333333333335,0.002329237476562282,True,15.0,False,True
warning_acid_accumulation,ARC_G::Marine_Benthic_Group_D_and_DHVEG-1,Archaea,1,,,True,,False,False
warning_ammonia_toxicity,ARC_G::Marine_Benthic_Group_D_and_DHVEG-1,Archaea,1,0.0,0.0,True,157.0,False,False
warning_biogas_quality,ARC_G::Marine_Benthic_Group_D_and_DHVEG-1,Archaea,1,0.0,0.0,True,138.0,False,False
warning_acid_base_balance,ARC_G::Methanimicrococcus,Archaea,1,0.0,0.0,True,147.5,False,False
warning_buffer_capacity,ARC_G::Methanimicrococcus,Archaea,1,0.0,0.0,True,124.5,False,False
warning_acid_accumulation,ARC_G::Methanimicrococcus,Archaea,1,,,True,,False,False
warning_ammonia_toxicity,ARC_G::Methanimicrococcus,Archaea,1,0.0,0.0,True,157.0,False,False
warning_biogas_quality,ARC_G::Methanimicrococcus,Archaea,1,0.0,0.0,True,138.0,False,False
warning_acid_base_balance,ARC_G::Methanocorpusculum,Archaea,1,0.0,0.0,True,147.5,False,False
warning_buffer_capacity,ARC_G::Methanocorpusculum,Archaea,1,0.0,0.0,True,124.5,False,False
warning_acid_accumulation,ARC_G::Methanocorpusculum,Archaea,1,,,True,,False,False
warning_ammonia_toxicity,ARC_G::Methanocorpusculum,Archaea,1,0.0,0.0,True,157.0,False,False
warning_biogas_quality,ARC_G::Methanocorpusculum,Archaea,1,0.0,0.0,True,138.0,False,False
warning_acid_base_balance,ARC_G::Methanoculleus,Archaea,1,0.0,0.0,True,147.5,False,False
warning_buffer_capacity,ARC_G::Methanoculleus,Archaea,1,-0.0002884615384615395,0.0037578424172007626,True,233.0,False,False
warning_acid_accumulation,ARC_G::Methanoculleus,Archaea,1,,,True,,False,False
warning_ammonia_toxicity,ARC_G::Methanoculleus,Archaea,1,0.0,0.0,True,157.0,False,False
warning_biogas_quality,ARC_G::Methanoculleus,Archaea,1,0.0,0.0,True,138.0,False,False
warning_acid_base_balance,ARC_G::Methanofollis,Archaea,1,0.0,0.0,True,147.5,False,False
warning_buffer_capacity,ARC_G::Methanofollis,Archaea,1,0.0,0.0,True,124.5,False,False
warning_acid_accumulation,ARC_G::Methanofollis,Archaea,1,,,True,,False,False
warning_ammonia_toxicity,ARC_G::Methanofollis,Archaea,1,0.0,0.0,True,157.0,False,False
warning_biogas_quality,ARC_G::Methanofollis,Archaea,1,0.0,0.0,True,138.0,False,False
warning_acid_base_balance,ARC_G::Methanogenium,Archaea,1,0.0,0.0,True,147.5,False,False
warning_buffer_capacity,ARC_G::Methanogenium,Archaea,1,0.0,0.0,True,124.5,False,False
warning_acid_accumulation,ARC_G::Methanogenium,Archaea,1,,,True,,False,False
warning_ammonia_toxicity,ARC_G::Methanogenium,Archaea,1,0.0017857142857142904,0.0054963126004561975,True,28.0,False,False
warning_biogas_quality,ARC_G::Methanogenium,Archaea,1,0.0,0.0,True,138.0,False,False
warning_acid_base_balance,ARC_G::Methanolacinia,Archaea,1,0.0,0.0,True,147.5,False,False
warning_buffer_capacity,ARC_G::Methanolacinia,Archaea,1,0.0,0.0,True,124.5,False,False
warning_acid_accumulation,ARC_G::Methanolacinia,Archaea,1,,,True,,False,False
warning_ammonia_toxicity,ARC_G::Methanolacinia,Archaea,1,0.0,0.0,True,157.0,False,False
warning_biogas_quality,ARC_G::Methanolacinia,Archaea,1,0.0,0.0,True,138.0,False,False
warning_acid_base_balance,ARC_G::Methanolinea,Archaea,1,0.0,0.0,True,147.5,False,False
warning_buffer_capacity,ARC_G::Methanolinea,Archaea,1,0.0,0.0,True,124.5,False,False
warning_acid_accumulation,ARC_G::Methanolinea,Archaea,1,,,True,,False,False
warning_ammonia_toxicity,ARC_G::Methanolinea,Archaea,1,0.0,0.0,True,157.0,False,False
warning_biogas_quality,ARC_G::Methanolinea,Archaea,1,0.0,0.0,True,138.0,False,False
warning_acid_base_balance,ARC_G::Methanolobus,Archaea,1,0.0,0.0,False,147.5,False,False
warning_buffer_capacity,ARC_G::Methanolobus,Archaea,1,0.0,0.0,False,124.5,False,False
warning_acid_accumulation,ARC_G::Methanolobus,Archaea,1,,,False,,False,False
warning_ammonia_toxicity,ARC_G::Methanolobus,Archaea,1,0.0,0.0,False,157.0,False,False
warning_biogas_quality,ARC_G::Methanolobus,Archaea,1,0.0,0.0,False,138.0,False,False
warning_acid_base_balance,ARC_G::Methanomassiliicoccus,Archaea,1,0.0,0.0,True,147.5,False,False
warning_buffer_capacity,ARC_G::Methanomassiliicoccus,Archaea,1,0.0003205128205128208,0.0009865176462357259,True,19.5,False,True
warning_acid_accumulation,ARC_G::Methanomassiliicoccus,Archaea,1,,,True,,False,False
warning_ammonia_toxicity,ARC_G::Methanomassiliicoccus,Archaea,1,0.0008928571428571452,0.003992978531249636,True,37.5,False,False
warning_biogas_quality,ARC_G::Methanomassiliicoccus,Archaea,1,0.0,0.0,True,138.0,False,False
warning_acid_base_balance,ARC_G::Methanomethylovorans,Archaea,1,0.0,0.0,True,147.5,False,False
warning_buffer_capacity,ARC_G::Methanomethylovorans,Archaea,1,0.0,0.0,True,124.5,False,False
warning_acid_accumulation,ARC_G::Methanomethylovorans,Archaea,1,,,True,,False,False
warning_ammonia_toxicity,ARC_G::Methanomethylovorans,Archaea,1,-0.0012499999999999955,0.0055901699437494535,True,271.0,False,False
warning_biogas_quality,ARC_G::Methanomethylovorans,Archaea,1,0.0013690476190476141,0.021737109729038043,True,8.0,True,True
warning_acid_base_balance,ARC_G::Methanoregula,Archaea,1,0.0,0.0,True,147.5,False,False
warning_buffer_capacity,ARC_G::Methanoregula,Archaea,1,0.0,0.0,True,124.5,False,False
warning_acid_accumulation,ARC_G::Methanoregula,Archaea,1,,,True,,False,False
warning_ammonia_toxicity,ARC_G::Methanoregula,Archaea,1,0.0,0.0,True,157.0,False,False
warning_biogas_quality,ARC_G::Methanoregula,Archaea,1,0.0,0.0,True,138.0,False,False
warning_acid_base_balance,ARC_G::Methanosaeta,Archaea,1,0.0,0.0,True,147.5,False,False
warning_buffer_capacity,ARC_G::Methanosaeta,Archaea,1,0.0015923210776151934,0.006440797307724631,True,6.0,True,True
warning_acid_accumulation,ARC_G::Methanosaeta,Archaea,1,,,True,,False,False
warning_ammonia_toxicity,ARC_G::Methanosaeta,Archaea,1,0.0008928571428571452,0.003992978531249635,True,37.5,False,False
warning_biogas_quality,ARC_G::Methanosaeta,Archaea,1,0.0039285714285714245,0.021477596384081775,True,6.0,True,True
warning_acid_base_balance,ARC_G::Methanosarcina,Archaea,1,0.0,0.0,True,147.5,False,False
warning_buffer_capacity,ARC_G::Methanosarcina,Archaea,1,0.0,0.0,True,124.5,False,False
warning_acid_accumulation,ARC_G::Methanosarcina,Archaea,1,,,True,,False,False
warning_ammonia_toxicity,ARC_G::Methanosarcina,Archaea,1,0.0,0.0,True,157.0,False,False
warning_biogas_quality,ARC_G::Methanosarcina,Archaea,1,0.0,0.0,True,138.0,False,False
warning_acid_base_balance,ARC_G::Methanosphaerula,Archaea,1,0.0,0.0,True,147.5,False,False
warning_buffer_capacity,ARC_G::Methanosphaerula,Archaea,1,0.0,0.0,True,124.5,False,False
warning_acid_accumulation,ARC_G::Methanosphaerula,Archaea,1,,,True,,False,False
warning_ammonia_toxicity,ARC_G::Methanosphaerula,Archaea,1,0.0008928571428571452,0.003992978531249636,True,37.5,False,False
warning_biogas_quality,ARC_G::Methanosphaerula,Archaea,1,0.0,0.0,True,138.0,False,False
warning_acid_base_balance,ARC_G::Methanospirillum,Archaea,1,0.0,0.0,True,147.5,False,False
warning_buffer_capacity,ARC_G::Methanospirillum,Archaea,1,0.0,0.0,True,124.5,False,False
warning_acid_accumulation,ARC_G::Methanospirillum,Archaea,1,,,True,,False,False
warning_ammonia_toxicity,ARC_G::Methanospirillum,Archaea,1,0.0,0.0,True,157.0,False,False
warning_biogas_quality,ARC_G::Methanospirillum,Archaea,1,0.0,0.0,True,138.0,False,False
warning_acid_base_balance,ARC_G::Micrarchaeales,Archaea,1,0.0,0.0,True,147.5,False,False
warning_buffer_capacity,ARC_G::Micrarchaeales,Archaea,1,0.0,0.0,True,124.5,False,False
warning_acid_accumulation,ARC_G::Micrarchaeales,Archaea,1,,,True,,False,False
warning_ammonia_toxicity,ARC_G::Micrarchaeales,Archaea,1,0.0,0.0,True,157.0,False,False
warning_biogas_quality,ARC_G::Micrarchaeales,Archaea,1,0.0,0.0,True,138.0,False,False
warning_acid_base_balance,ARC_G::Nitrososphaeraceae,Archaea,1,0.0,0.0,True,147.5,False,False
warning_buffer_capacity,ARC_G::Nitrososphaeraceae,Archaea,1,0.0,0.0,True,124.5,False,False
warning_acid_accumulation,ARC_G::Nitrososphaeraceae,Archaea,1,,,True,,False,False
warning_ammonia_toxicity,ARC_G::Nitrososphaeraceae,Archaea,1,0.0,0.0,True,157.0,False,False
warning_biogas_quality,ARC_G::Nitrososphaeraceae,Archaea,1,0.0,0.0,True,138.0,False,False
warning_acid_base_balance,ARC_G::Rhinosporideacae,Archaea,1,0.0,0.0,True,147.5,False,False
warning_buffer_capacity,ARC_G::Rhinosporideacae,Archaea,1,0.0,0.0,True,124.5,False,False
warning_acid_accumulation,ARC_G::Rhinosporideacae,Archaea,1,,,True,,False,False
warning_ammonia_toxicity,ARC_G::Rhinosporideacae,Archaea,1,0.0,0.0,True,157.0,False,False
warning_biogas_quality,ARC_G::Rhinosporideacae,Archaea,1,0.0,0.0,True,138.0,False,False
warning_acid_base_balance,ARC_G::RumEn_M2,Archaea,1,0.004166666666666666,0.012824729401064425,True,21.0,False,False
warning_buffer_capacity,ARC_G::RumEn_M2,Archaea,1,-0.0003787878787878798,0.0011658844910058602,True,237.5,False,False
warning_acid_accumulation,ARC_G::RumEn_M2,Archaea,1,,,True,,False,False
warning_ammonia_toxicity,ARC_G::RumEn_M2,Archaea,1,-0.02251984126984119,0.012952933665332931,True,273.0,False,False
warning_biogas_quality,ARC_G::RumEn_M2,Archaea,1,0.0,0.0,True,138.0,False,False
warning_acid_base_balance,ARC_G::SCGC_AAA011-D5,Archaea,1,0.0,0.0,True,147.5,False,False
warning_buffer_capacity,ARC_G::SCGC_AAA011-D5,Archaea,1,-0.0001893939393939399,0.0008469954460226499,True,229.0,False,False
warning_acid_accumulation,ARC_G::SCGC_AAA011-D5,Archaea,1,,,True,,False,False
warning_ammonia_toxicity,ARC_G::SCGC_AAA011-D5,Archaea,1,0.0,0.0,True,157.0,False,False
warning_biogas_quality,ARC_G::SCGC_AAA011-D5,Archaea,1,0.0,0.0,True,138.0,False,False
warning_acid_base_balance,ARC_G::Teleostei,Archaea,1,0.0,0.0,True,147.5,False,False
warning_buffer_capacity,ARC_G::Teleostei,Archaea,1,0.0,0.0,True,124.5,False,False
warning_acid_accumulation,ARC_G::Teleostei,Archaea,1,,,True,,False,False
warning_ammonia_toxicity,ARC_G::Teleostei,Archaea,1,0.0,0.0,True,157.0,False,False
warning_biogas_quality,ARC_G::Teleostei,Archaea,1,0.0,0.0,True,138.0,False,False
warning_acid_base_balance,ARC_G::Veneroida,Archaea,1,0.0,0.0,True,147.5,False,False
warning_buffer_capacity,ARC_G::Veneroida,Archaea,1,0.0,0.0,True,124.5,False,False
warning_acid_accumulation,ARC_G::Veneroida,Archaea,1,,,True,,False,False
warning_ammonia_toxicity,ARC_G::Veneroida,Archaea,1,0.0,0.0,True,157.0,False,False
warning_biogas_quality,ARC_G::Veneroida,Archaea,1,0.0,0.0,True,138.0,False,False
warning_acid_base_balance,ARC_G::Woesearchaeales,Archaea,1,0.0,0.0,True,147.5,False,False
warning_buffer_capacity,ARC_G::Woesearchaeales,Archaea,1,0.0,0.0,True,124.5,False,False
warning_acid_accumulation,ARC_G::Woesearchaeales,Archaea,1,,,True,,False,False
warning_ammonia_toxicity,ARC_G::Woesearchaeales,Archaea,1,0.0,0.0,True,157.0,False,False
warning_biogas_quality,ARC_G::Woesearchaeales,Archaea,1,0.0,0.0,True,138.0,False,False
warning_acid_base_balance,ARC_G::unidentified,Archaea,1,0.0,0.0,True,147.5,False,False
warning_buffer_capacity,ARC_G::unidentified,Archaea,1,0.0,0.0,True,124.5,False,False
warning_acid_accumulation,ARC_G::unidentified,Archaea,1,,,True,,False,False
warning_ammonia_toxicity,ARC_G::unidentified,Archaea,1,0.0,0.0,True,157.0,False,False
warning_biogas_quality,ARC_G::unidentified,Archaea,1,0.0,0.0,True,138.0,False,False
warning_acid_base_balance,Season,Metadata: operation/context,2,0.0,0.0,True,138.0,False,False
warning_buffer_capacity,Season,Metadata: operation/context,2,0.0,0.0,True,138.5,False,False
warning_acid_accumulation,Season,Metadata: operation/context,2,0.0,0.0,True,138.0,False,False
warning_ammonia_toxicity,Season,Metadata: operation/context,2,0.0,0.0,True,148.5,False,False
warning_biogas_quality,Season,Metadata: operation/context,2,0.02777777777777779,0.04936240647992439,True,41.5,False,False
warning_acid_base_balance,substrate_type,Metadata: substrate,2,0.0,0.0,True,138.0,False,False
warning_buffer_capacity,substrate_type,Metadata: substrate,2,0.0,0.0,True,138.5,False,False
warning_acid_accumulation,substrate_type,Metadata: substrate,2,0.0,0.0,True,138.0,False,False
warning_ammonia_toxicity,substrate_type,Metadata: substrate,2,0.0,0.0,True,148.5,False,False
warning_biogas_quality,substrate_type,Metadata: substrate,2,0.0,0.0,True,182.5,False,False
warning_acid_base_balance,HRT_d,Metadata: operation/context,2,0.0,0.0,True,138.0,False,False
warning_buffer_capacity,HRT_d,Metadata: operation/context,2,0.0,0.0,True,138.5,False,False
warning_acid_accumulation,HRT_d,Metadata: operation/context,2,0.0,0.0,True,138.0,False,False
warning_ammonia_toxicity,HRT_d,Metadata: operation/context,2,-0.0026190476190476293,0.015096064270616542,True,262.0,False,False
warning_biogas_quality,HRT_d,Metadata: operation/context,2,0.0,0.0,True,182.5,False,False
warning_acid_base_balance,T_C,Metadata: operation/context,2,0.0,0.0,True,138.0,False,False
warning_buffer_capacity,T_C,Metadata: operation/context,2,0.0,0.0,True,138.5,False,False
warning_acid_accumulation,T_C,Metadata: operation/context,2,0.0,0.0,True,138.0,False,False
warning_ammonia_toxicity,T_C,Metadata: operation/context,2,0.007142857142857134,0.011194341570991112,True,15.5,False,True
warning_biogas_quality,T_C,Metadata: operation/context,2,0.10000000000000005,0.03419927840283848,True,9.0,True,True
warning_acid_base_balance,Q_total_Tpy,Metadata: operation/context,2,0.0,0.0,True,138.0,False,False
warning_buffer_capacity,Q_total_Tpy,Metadata: operation/context,2,0.0,0.0,True,138.5,False,False
warning_acid_accumulation,Q_total_Tpy,Metadata: operation/context,2,0.0,0.0,True,138.0,False,False
warning_ammonia_toxicity,Q_total_Tpy,Metadata: operation/context,2,0.0,0.0,True,148.5,False,False
warning_biogas_quality,Q_total_Tpy,Metadata: operation/context,2,0.022222222222222233,0.04559903787045132,True,49.0,False,False
warning_acid_base_balance,substrate_avg_pH,Metadata: substrate,2,0.0,0.0,True,138.0,False,False
warning_buffer_capacity,substrate_avg_pH,Metadata: substrate,2,0.0,0.0,True,138.5,False,False
warning_acid_accumulation,substrate_avg_pH,Metadata: substrate,2,0.0,0.0,True,138.0,False,False
warning_ammonia_toxicity,substrate_avg_pH,Metadata: substrate,2,-0.002142857142857149,0.011914782749890397,True,261.0,False,False
warning_biogas_quality,substrate_avg_pH,Metadata: substrate,2,0.05555555555555558,0.05699879733806414,True,21.0,False,False
warning_acid_base_balance,substrate_avg_ALK,Metadata: substrate,2,0.0,0.0,True,138.0,False,False
warning_buffer_capacity,substrate_avg_ALK,Metadata: substrate,2,0.0,0.0,True,138.5,False,False
warning_acid_accumulation,substrate_avg_ALK,Metadata: substrate,2,0.0,0.0,True,138.0,False,False
warning_ammonia_toxicity,substrate_avg_ALK,Metadata: substrate,2,0.001904761904761898,0.01200707910697797,True,29.0,False,False
warning_biogas_quality,substrate_avg_ALK,Metadata: substrate,2,0.005555555555555558,0.024845199749997673,True,81.0,False,False
warning_acid_base_balance,substrate_avg_VS,Metadata: substrate,2,0.0,0.0,True,138.0,False,False
warning_buffer_capacity,substrate_avg_VS,Metadata: substrate,2,0.0,0.0,True,138.5,False,False
warning_acid_accumulation,substrate_avg_VS,Metadata: substrate,2,0.0,0.0,True,138.0,False,False
warning_ammonia_toxicity,substrate_avg_VS,Metadata: substrate,2,0.004523809523809505,0.01981384905547445,True,21.0,False,False
warning_biogas_quality,substrate_avg_VS,Metadata: substrate,2,0.0,0.0,True,182.5,False,False
warning_acid_base_balance,substrate_avg_COD,Metadata: substrate,2,0.0,0.0,True,138.0,False,False
warning_buffer_capacity,substrate_avg_COD,Metadata: substrate,2,0.0,0.0,True,138.5,False,False
warning_acid_accumulation,substrate_avg_COD,Metadata: substrate,2,0.0,0.0,True,138.0,False,False
warning_ammonia_toxicity,substrate_avg_COD,Metadata: substrate,2,-0.0033333333333333383,0.010259783520851556,True,265.0,False,False
warning_biogas_quality,substrate_avg_COD,Metadata: substrate,2,0.02777777777777779,0.04936240647992439,True,41.5,False,False
warning_acid_base_balance,substrate_avg_sCOD,Metadata: substrate,2,0.0,0.0,True,138.0,False,False
warning_buffer_capacity,substrate_avg_sCOD,Metadata: substrate,2,0.0,0.0,True,138.5,False,False
warning_acid_accumulation,substrate_avg_sCOD,Metadata: substrate,2,0.0,0.0,True,138.0,False,False
warning_ammonia_toxicity,substrate_avg_sCOD,Metadata: substrate,2,0.015476190476190458,0.011651440117371242,True,10.0,True,True
warning_biogas_quality,substrate_avg_sCOD,Metadata: substrate,2,0.08888888888888893,0.04559903787045132,True,15.0,False,True
warning_acid_base_balance,substrate_avg_TC,Metadata: substrate,2,0.0,0.0,True,138.0,False,False
warning_buffer_capacity,substrate_avg_TC,Metadata: substrate,2,0.0,0.0,True,138.5,False,False
warning_acid_accumulation,substrate_avg_TC,Metadata: substrate,2,0.0,0.0,True,138.0,False,False
warning_ammonia_toxicity,substrate_avg_TC,Metadata: substrate,2,0.007142857142857134,0.011194341570991112,True,15.5,False,True
warning_biogas_quality,substrate_avg_TC,Metadata: substrate,2,0.011111111111111117,0.034199278402838484,True,68.0,False,False
warning_acid_base_balance,substrate_avg_Protein,Metadata: substrate,2,0.0,0.0,True,138.0,False,False
warning_buffer_capacity,substrate_avg_Protein,Metadata: substrate,2,0.000787545787545789,0.0017058290720636353,True,4.0,True,True
warning_acid_accumulation,substrate_avg_Protein,Metadata: substrate,2,0.0,0.0,True,138.0,False,False
warning_ammonia_toxicity,substrate_avg_Protein,Metadata: substrate,2,0.022619047619047587,0.02211042711010549,True,6.0,True,True
warning_biogas_quality,substrate_avg_Protein,Metadata: substrate,2,0.07222222222222226,0.05437338721439923,True,18.0,False,True
warning_acid_base_balance,substrate_avg_Lipid,Metadata: substrate,2,0.0,0.0,True,138.0,False,False
warning_buffer_capacity,substrate_avg_Lipid,Metadata: substrate,2,0.0,0.0,True,138.5,False,False
warning_acid_accumulation,substrate_avg_Lipid,Metadata: substrate,2,0.0,0.0,True,138.0,False,False
warning_ammonia_toxicity,substrate_avg_Lipid,Metadata: substrate,2,0.021130952380952354,0.009936808036604067,True,8.0,True,True
warning_biogas_quality,substrate_avg_Lipid,Metadata: substrate,2,0.0388888888888889,0.05437338721439924,True,31.5,False,False
warning_acid_base_balance,substrate_avg_TVFAs,Metadata: substrate,2,-0.0018749999999999988,0.008385254915624207,True,271.5,False,False
warning_buffer_capacity,substrate_avg_TVFAs,Metadata: substrate,2,-0.000576923076923077,0.0025800784355766806,True,268.5,False,False
warning_acid_accumulation,substrate_avg_TVFAs,Metadata: substrate,2,0.0,0.0,True,138.0,False,False
warning_ammonia_toxicity,substrate_avg_TVFAs,Metadata: substrate,2,0.000714285714285709,0.010845066493089264,True,38.5,False,False
warning_biogas_quality,substrate_avg_TVFAs,Metadata: substrate,2,0.005555555555555558,0.024845199749997677,True,81.0,False,False
warning_acid_base_balance,substrate_avg_HAc,Metadata: substrate,2,-0.002559523809523806,0.013075429310464026,True,273.0,False,False
warning_buffer_capacity,substrate_avg_HAc,Metadata: substrate,2,0.0,0.0,True,138.5,False,False
warning_acid_accumulation,substrate_avg_HAc,Metadata: substrate,2,0.0,0.0,True,138.0,False,False
warning_ammonia_toxicity,substrate_avg_HAc,Metadata: substrate,2,0.000714285714285709,0.010845066493089264,True,38.5,False,False
warning_biogas_quality,substrate_avg_HAc,Metadata: substrate,2,0.011111111111111117,0.034199278402838484,True,68.0,False,False
warning_acid_base_balance,substrate_avg_HPro,Metadata: substrate,2,0.011904761904761928,0.04434213669328351,True,2.0,True,True
warning_buffer_capacity,substrate_avg_HPro,Metadata: substrate,2,-0.0001602564102564097,0.0007166884543268531,True,267.0,False,False
warning_acid_accumulation,substrate_avg_HPro,Metadata: substrate,2,0.0,0.0,True,138.0,False,False
warning_ammonia_toxicity,substrate_avg_HPro,Metadata: substrate,2,-0.0012121212121212212,0.021816409639174052,True,258.0,False,False
warning_biogas_quality,substrate_avg_HPro,Metadata: substrate,2,0.09444444444444448,0.04070528317028038,True,12.5,False,True
warning_acid_base_balance,BAC_P::Abditibacteriota,Bacteria,2,0.0,0.0,False,138.0,False,False
warning_buffer_capacity,BAC_P::Abditibacteriota,Bacteria,2,0.0,0.0,False,138.5,False,False
warning_acid_accumulation,BAC_P::Abditibacteriota,Bacteria,2,0.0,0.0,False,138.0,False,False
warning_ammonia_toxicity,BAC_P::Abditibacteriota,Bacteria,2,0.0,0.0,False,148.5,False,False
warning_biogas_quality,BAC_P::Abditibacteriota,Bacteria,2,0.0,0.0,False,182.5,False,False
warning_acid_base_balance,BAC_P::Acetothermia,Bacteria,2,0.0,0.0,True,138.0,False,False
warning_buffer_capacity,BAC_P::Acetothermia,Bacteria,2,0.0,0.0,True,138.5,False,False
warning_acid_accumulation,BAC_P::Acetothermia,Bacteria,2,0.0,0.0,True,138.0,False,False
warning_ammonia_toxicity,BAC_P::Acetothermia,Bacteria,2,0.0,0.0,True,148.5,False,False
warning_biogas_quality,BAC_P::Acetothermia,Bacteria,2,0.0,0.0,True,182.5,False,False
warning_acid_base_balance,BAC_P::Acidobacteriota,Bacteria,2,0.0,0.0,True,138.0,False,False
warning_buffer_capacity,BAC_P::Acidobacteriota,Bacteria,2,0.0,0.0,True,138.5,False,False
warning_acid_accumulation,BAC_P::Acidobacteriota,Bacteria,2,0.0,0.0,True,138.0,False,False
warning_ammonia_toxicity,BAC_P::Acidobacteriota,Bacteria,2,0.0,0.0,True,148.5,False,False
warning_biogas_quality,BAC_P::Acidobacteriota,Bacteria,2,0.005555555555555558,0.024845199749997677,True,81.0,False,False
warning_acid_base_balance,BAC_P::Actinobacteriota,Bacteria,2,0.0,0.0,True,138.0,False,False
warning_buffer_capacity,BAC_P::Actinobacteriota,Bacteria,2,-0.0011217948717948678,0.0015684630927230486,True,271.0,False,False
warning_acid_accumulation,BAC_P::Actinobacteriota,Bacteria,2,0.0,0.0,True,138.0,False,False
warning_ammonia_toxicity,BAC_P::Actinobacteriota,Bacteria,2,0.0056547619047618985,0.01213360869483692,True,19.0,False,True
warning_biogas_quality,BAC_P::Actinobacteriota,Bacteria,2,0.09444444444444448,0.04070528317028038,True,12.5,False,True
warning_acid_base_balance,BAC_P::Armatimonadota,Bacteria,2,0.0,0.0,True,138.0,False,False
warning_buffer_capacity,BAC_P::Armatimonadota,Bacteria,2,0.0,0.0,True,138.5,False,False
warning_acid_accumulation,BAC_P::Armatimonadota,Bacteria,2,0.0,0.0,True,138.0,False,False
warning_ammonia_toxicity,BAC_P::Armatimonadota,Bacteria,2,0.0,0.0,True,148.5,False,False
warning_biogas_quality,BAC_P::Armatimonadota,Bacteria,2,0.0,0.0,True,182.5,False,False
warning_acid_base_balance,BAC_P::Bacteroidota,Bacteria,2,0.0,0.0,True,138.0,False,False
warning_buffer_capacity,BAC_P::Bacteroidota,Bacteria,2,0.0,0.0,True,138.5,False,False
warning_acid_accumulation,BAC_P::Bacteroidota,Bacteria,2,0.0,0.0,True,138.0,False,False
warning_ammonia_toxicity,BAC_P::Bacteroidota,Bacteria,2,0.014999999999999977,0.015470887851940437,True,11.0,False,True
warning_biogas_quality,BAC_P::Bacteroidota,Bacteria,2,0.011111111111111117,0.034199278402838484,True,68.0,False,False
warning_acid_base_balance,BAC_P::Bdellovibrionota,Bacteria,2,0.0,0.0,True,138.0,False,False
warning_buffer_capacity,BAC_P::Bdellovibrionota,Bacteria,2,0.0,0.0,True,138.5,False,False
warning_acid_accumulation,BAC_P::Bdellovibrionota,Bacteria,2,0.0,0.0,True,138.0,False,False
warning_ammonia_toxicity,BAC_P::Bdellovibrionota,Bacteria,2,0.0,0.0,True,148.5,False,False
warning_biogas_quality,BAC_P::Bdellovibrionota,Bacteria,2,0.0,0.0,True,182.5,False,False
warning_acid_base_balance,BAC_P::Caldatribacteriota,Bacteria,2,0.0,0.0,True,138.0,False,False
warning_buffer_capacity,BAC_P::Caldatribacteriota,Bacteria,2,0.0,0.0,True,138.5,False,False
warning_acid_accumulation,BAC_P::Caldatribacteriota,Bacteria,2,0.0,0.0,True,138.0,False,False
warning_ammonia_toxicity,BAC_P::Caldatribacteriota,Bacteria,2,0.006190476190476174,0.01775702930526894,True,18.0,False,True
warning_biogas_quality,BAC_P::Caldatribacteriota,Bacteria,2,0.04444444444444447,0.055847187772226095,True,28.5,False,False
warning_acid_base_balance,BAC_P::Caldisericota,Bacteria,2,0.0,0.0,True,138.0,False,False
warning_buffer_capacity,BAC_P::Caldisericota,Bacteria,2,0.0,0.0,True,138.5,False,False
warning_acid_accumulation,BAC_P::Caldisericota,Bacteria,2,0.0,0.0,True,138.0,False,False
warning_ammonia_toxicity,BAC_P::Caldisericota,Bacteria,2,0.0,0.0,True,148.5,False,False
warning_biogas_quality,BAC_P::Caldisericota,Bacteria,2,0.005555555555555558,0.024845199749997677,True,81.0,False,False
warning_acid_base_balance,BAC_P::Campilobacterota,Bacteria,2,0.0,0.0,False,138.0,False,False
warning_buffer_capacity,BAC_P::Campilobacterota,Bacteria,2,0.0,0.0,False,138.5,False,False
warning_acid_accumulation,BAC_P::Campilobacterota,Bacteria,2,0.0,0.0,False,138.0,False,False
warning_ammonia_toxicity,BAC_P::Campilobacterota,Bacteria,2,0.0,0.0,False,148.5,False,False
warning_biogas_quality,BAC_P::Campilobacterota,Bacteria,2,0.0,0.0,False,182.5,False,False
warning_acid_base_balance,BAC_P::Chloroflexi,Bacteria,2,0.0,0.0,True,138.0,False,False
warning_buffer_capacity,BAC_P::Chloroflexi,Bacteria,2,0.0,0.0,True,138.5,False,False
warning_acid_accumulation,BAC_P::Chloroflexi,Bacteria,2,0.0,0.0,True,138.0,False,False
warning_ammonia_toxicity,BAC_P::Chloroflexi,Bacteria,2,0.0,0.0,True,148.5,False,False
warning_biogas_quality,BAC_P::Chloroflexi,Bacteria,2,0.0,0.0,True,182.5,False,False
warning_acid_base_balance,BAC_P::Cloacimonadota,Bacteria,2,0.0,0.0,True,138.0,False,False
warning_buffer_capacity,BAC_P::Cloacimonadota,Bacteria,2,0.0,0.0,True,138.5,False,False
warning_acid_accumulation,BAC_P::Cloacimonadota,Bacteria,2,0.0,0.0,True,138.0,False,False
warning_ammonia_toxicity,BAC_P::Cloacimonadota,Bacteria,2,0.0,0.0,True,148.5,False,False
warning_biogas_quality,BAC_P::Cloacimonadota,Bacteria,2,0.05555555555555558,0.05699879733806414,True,21.0,False,False
warning_acid_base_balance,BAC_P::Coprothermobacterota,Bacteria,2,0.0,0.0,True,138.0,False,False
warning_buffer_capacity,BAC_P::Coprothermobacterota,Bacteria,2,0.0,0.0,True,138.5,False,False
warning_acid_accumulation,BAC_P::Coprothermobacterota,Bacteria,2,0.0,0.0,True,138.0,False,False
warning_ammonia_toxicity,BAC_P::Coprothermobacterota,Bacteria,2,0.0,0.0,True,148.5,False,False
warning_biogas_quality,BAC_P::Coprothermobacterota,Bacteria,2,0.016666666666666673,0.040705283170280375,True,58.5,False,False
warning_acid_base_balance,BAC_P::Cyanobacteria,Bacteria,2,0.0,0.0,False,138.0,False,False
warning_buffer_capacity,BAC_P::Cyanobacteria,Bacteria,2,0.0,0.0,False,138.5,False,False
warning_acid_accumulation,BAC_P::Cyanobacteria,Bacteria,2,0.0,0.0,False,138.0,False,False
warning_ammonia_toxicity,BAC_P::Cyanobacteria,Bacteria,2,0.0,0.0,False,148.5,False,False
warning_biogas_quality,BAC_P::Cyanobacteria,Bacteria,2,0.0,0.0,False,182.5,False,False
warning_acid_base_balance,BAC_P::Deinococcota,Bacteria,2,0.0,0.0,False,138.0,False,False
warning_buffer_capacity,BAC_P::Deinococcota,Bacteria,2,0.0,0.0,False,138.5,False,False
warning_acid_accumulation,BAC_P::Deinococcota,Bacteria,2,0.0,0.0,False,138.0,False,False
warning_ammonia_toxicity,BAC_P::Deinococcota,Bacteria,2,0.0,0.0,False,148.5,False,False
warning_biogas_quality,BAC_P::Deinococcota,Bacteria,2,0.0,0.0,False,182.5,False,False
warning_acid_base_balance,BAC_P::Dependentiae,Bacteria,2,0.0,0.0,True,138.0,False,False
warning_buffer_capacity,BAC_P::Dependentiae,Bacteria,2,0.0,0.0,True,138.5,False,False
warning_acid_accumulation,BAC_P::Dependentiae,Bacteria,2,0.0,0.0,True,138.0,False,False
warning_ammonia_toxicity,BAC_P::Dependentiae,Bacteria,2,0.0,0.0,True,148.5,False,False
warning_biogas_quality,BAC_P::Dependentiae,Bacteria,2,0.0,0.0,True,182.5,False,False
warning_acid_base_balance,BAC_P::Desulfobacterota,Bacteria,2,0.0,0.0,True,138.0,False,False
warning_buffer_capacity,BAC_P::Desulfobacterota,Bacteria,2,0.0,0.0,True,138.5,False,False
warning_acid_accumulation,BAC_P::Desulfobacterota,Bacteria,2,0.0,0.0,True,138.0,False,False
warning_ammonia_toxicity,BAC_P::Desulfobacterota,Bacteria,2,0.0,0.0,True,148.5,False,False
warning_biogas_quality,BAC_P::Desulfobacterota,Bacteria,2,0.03333333333333335,0.052240260664625275,True,36.0,False,False
warning_acid_base_balance,BAC_P::Elusimicrobiota,Bacteria,2,0.0,0.0,True,138.0,False,False
warning_buffer_capacity,BAC_P::Elusimicrobiota,Bacteria,2,0.0,0.0,True,138.5,False,False
warning_acid_accumulation,BAC_P::Elusimicrobiota,Bacteria,2,0.0,0.0,True,138.0,False,False
warning_ammonia_toxicity,BAC_P::Elusimicrobiota,Bacteria,2,0.0,0.0,True,148.5,False,False
warning_biogas_quality,BAC_P::Elusimicrobiota,Bacteria,2,0.0,0.0,True,182.5,False,False
warning_acid_base_balance,BAC_P::Fermentibacterota,Bacteria,2,0.0,0.0,True,138.0,False,False
warning_buffer_capacity,BAC_P::Fermentibacterota,Bacteria,2,0.0,0.0,True,138.5,False,False
warning_acid_accumulation,BAC_P::Fermentibacterota,Bacteria,2,0.0,0.0,True,138.0,False,False
warning_ammonia_toxicity,BAC_P::Fermentibacterota,Bacteria,2,0.0,0.0,True,148.5,False,False
warning_biogas_quality,BAC_P::Fermentibacterota,Bacteria,2,0.0,0.0,True,182.5,False,False
warning_acid_base_balance,BAC_P::Fibrobacterota,Bacteria,2,0.0,0.0,True,138.0,False,False
warning_buffer_capacity,BAC_P::Fibrobacterota,Bacteria,2,0.0,0.0,True,138.5,False,False
warning_acid_accumulation,BAC_P::Fibrobacterota,Bacteria,2,0.0,0.0,True,138.0,False,False
warning_ammonia_toxicity,BAC_P::Fibrobacterota,Bacteria,2,0.0,0.0,True,148.5,False,False
warning_biogas_quality,BAC_P::Fibrobacterota,Bacteria,2,0.0,0.0,True,182.5,False,False
warning_acid_base_balance,BAC_P::Firmicutes,Bacteria,2,0.0,0.0,True,138.0,False,False
warning_buffer_capacity,BAC_P::Firmicutes,Bacteria,2,0.0,0.0,True,138.5,False,False
warning_acid_accumulation,BAC_P::Firmicutes,Bacteria,2,0.0,0.0,True,138.0,False,False
warning_ammonia_toxicity,BAC_P::Firmicutes,Bacteria,2,0.007857142857142844,0.01523770362905316,True,14.0,False,True
warning_biogas_quality,BAC_P::Firmicutes,Bacteria,2,0.0,0.0,True,182.5,False,False
warning_acid_base_balance,BAC_P::Fusobacteriota,Bacteria,2,0.0,0.0,False,138.0,False,False
warning_buffer_capacity,BAC_P::Fusobacteriota,Bacteria,2,0.0,0.0,False,138.5,False,False
warning_acid_accumulation,BAC_P::Fusobacteriota,Bacteria,2,0.0,0.0,False,138.0,False,False
warning_ammonia_toxicity,BAC_P::Fusobacteriota,Bacteria,2,0.0,0.0,False,148.5,False,False
warning_biogas_quality,BAC_P::Fusobacteriota,Bacteria,2,0.0,0.0,False,182.5,False,False
warning_acid_base_balance,BAC_P::Halanaerobiaeota,Bacteria,2,0.0,0.0,True,138.0,False,False
warning_buffer_capacity,BAC_P::Halanaerobiaeota,Bacteria,2,0.0,0.0,True,138.5,False,False
warning_acid_accumulation,BAC_P::Halanaerobiaeota,Bacteria,2,0.0,0.0,True,138.0,False,False
warning_ammonia_toxicity,BAC_P::Halanaerobiaeota,Bacteria,2,0.0,0.0,True,148.5,False,False
warning_biogas_quality,BAC_P::Halanaerobiaeota,Bacteria,2,0.0,0.0,True,182.5,False,False
warning_acid_base_balance,BAC_P::Marinimicrobia_(SAR406_clade),Bacteria,2,0.0,0.0,True,138.0,False,False
warning_buffer_capacity,BAC_P::Marinimicrobia_(SAR406_clade),Bacteria,2,0.0,0.0,True,138.5,False,False
warning_acid_accumulation,BAC_P::Marinimicrobia_(SAR406_clade),Bacteria,2,0.0,0.0,True,138.0,False,False
warning_ammonia_toxicity,BAC_P::Marinimicrobia_(SAR406_clade),Bacteria,2,0.0,0.0,True,148.5,False,False
warning_biogas_quality,BAC_P::Marinimicrobia_(SAR406_clade),Bacteria,2,0.0,0.0,True,182.5,False,False
warning_acid_base_balance,BAC_P::Patescibacteria,Bacteria,2,0.0,0.0,True,138.0,False,False
warning_buffer_capacity,BAC_P::Patescibacteria,Bacteria,2,0.0,0.0,True,138.5,False,False
warning_acid_accumulation,BAC_P::Patescibacteria,Bacteria,2,0.0,0.0,True,138.0,False,False
warning_ammonia_toxicity,BAC_P::Patescibacteria,Bacteria,2,0.0,0.0,True,148.5,False,False
warning_biogas_quality,BAC_P::Patescibacteria,Bacteria,2,0.0,0.0,True,182.5,False,False
warning_acid_base_balance,BAC_P::Planctomycetota,Bacteria,2,0.0,0.0,True,138.0,False,False
warning_buffer_capacity,BAC_P::Planctomycetota,Bacteria,2,0.0,0.0,True,138.5,False,False
warning_acid_accumulation,BAC_P::Planctomycetota,Bacteria,2,0.0,0.0,True,138.0,False,False
warning_ammonia_toxicity,BAC_P::Planctomycetota,Bacteria,2,0.0,0.0,True,148.5,False,False
warning_biogas_quality,BAC_P::Planctomycetota,Bacteria,2,0.0,0.0,True,182.5,False,False
warning_acid_base_balance,BAC_P::Proteobacteria,Bacteria,2,0.0,0.0,True,138.0,False,False
warning_buffer_capacity,BAC_P::Proteobacteria,Bacteria,2,0.0,0.0,True,138.5,False,False
warning_acid_accumulation,BAC_P::Proteobacteria,Bacteria,2,0.0,0.0,True,138.0,False,False
warning_ammonia_toxicity,BAC_P::Proteobacteria,Bacteria,2,0.001190476190476189,0.005323971374999493,True,33.0,False,False
warning_biogas_quality,BAC_P::Proteobacteria,Bacteria,2,0.0,0.0,True,182.5,False,False
warning_acid_base_balance,BAC_P::Spirochaetota,Bacteria,2,0.0,0.0,True,138.0,False,False
warning_buffer_capacity,BAC_P::Spirochaetota,Bacteria,2,-0.0009203296703296684,0.0028521635252815813,True,270.0,False,False
warning_acid_accumulation,BAC_P::Spirochaetota,Bacteria,2,0.0,0.0,True,138.0,False,False
warning_ammonia_toxicity,BAC_P::Spirochaetota,Bacteria,2,0.0,0.0,True,148.5,False,False
warning_biogas_quality,BAC_P::Spirochaetota,Bacteria,2,0.08333333333333337,0.04936240647992439,True,16.5,False,True
warning_acid_base_balance,BAC_P::Synergistota,Bacteria,2,0.0,0.0,True,138.0,False,False
warning_buffer_capacity,BAC_P::Synergistota,Bacteria,2,0.0,0.0,True,138.5,False,False
warning_acid_accumulation,BAC_P::Synergistota,Bacteria,2,0.0,0.0,True,138.0,False,False
warning_ammonia_toxicity,BAC_P::Synergistota,Bacteria,2,0.0,0.0,True,148.5,False,False
warning_biogas_quality,BAC_P::Synergistota,Bacteria,2,0.0,0.0,True,182.5,False,False
warning_acid_base_balance,BAC_P::Thermotogota,Bacteria,2,0.0,0.0,True,138.0,False,False
warning_buffer_capacity,BAC_P::Thermotogota,Bacteria,2,0.0,0.0,True,138.5,False,False
warning_acid_accumulation,BAC_P::Thermotogota,Bacteria,2,0.0,0.0,True,138.0,False,False
warning_ammonia_toxicity,BAC_P::Thermotogota,Bacteria,2,0.0,0.0,True,148.5,False,False
warning_biogas_quality,BAC_P::Thermotogota,Bacteria,2,0.1055555555555556,0.024845199749997673,True,7.0,True,True
warning_acid_base_balance,BAC_P::Verrucomicrobiota,Bacteria,2,0.0,0.0,True,138.0,False,False
warning_buffer_capacity,BAC_P::Verrucomicrobiota,Bacteria,2,0.0,0.0,True,138.5,False,False
warning_acid_accumulation,BAC_P::Verrucomicrobiota,Bacteria,2,0.0,0.0,True,138.0,False,False
warning_ammonia_toxicity,BAC_P::Verrucomicrobiota,Bacteria,2,0.0,0.0,True,148.5,False,False
warning_biogas_quality,BAC_P::Verrucomicrobiota,Bacteria,2,0.02777777777777779,0.04936240647992438,True,41.5,False,False
warning_acid_base_balance,BAC_P::WS1,Bacteria,2,0.0,0.0,True,138.0,False,False
warning_buffer_capacity,BAC_P::WS1,Bacteria,2,0.0,0.0,True,138.5,False,False
warning_acid_accumulation,BAC_P::WS1,Bacteria,2,0.0,0.0,True,138.0,False,False
warning_ammonia_toxicity,BAC_P::WS1,Bacteria,2,0.0,0.0,True,148.5,False,False
warning_biogas_quality,BAC_P::WS1,Bacteria,2,0.0,0.0,True,182.5,False,False
warning_acid_base_balance,BAC_P::unidentified,Bacteria,2,0.0,0.0,True,138.0,False,False
warning_buffer_capacity,BAC_P::unidentified,Bacteria,2,0.0,0.0,True,138.5,False,False
warning_acid_accumulation,BAC_P::unidentified,Bacteria,2,0.0,0.0,True,138.0,False,False
warning_ammonia_toxicity,BAC_P::unidentified,Bacteria,2,0.001190476190476189,0.005323971374999492,True,33.0,False,False
warning_biogas_quality,BAC_P::unidentified,Bacteria,2,0.11111111111111116,0.0,True,4.0,True,True
warning_acid_base_balance,BAC_G::009E01-B-SD-P15,Bacteria,2,0.0,0.0,True,138.0,False,False
warning_buffer_capacity,BAC_G::009E01-B-SD-P15,Bacteria,2,0.0,0.0,True,138.5,False,False
warning_acid_accumulation,BAC_G::009E01-B-SD-P15,Bacteria,2,0.0,0.0,True,138.0,False,False
warning_ammonia_toxicity,BAC_G::009E01-B-SD-P15,Bacteria,2,0.0,0.0,True,148.5,False,False
warning_biogas_quality,BAC_G::009E01-B-SD-P15,Bacteria,2,0.011111111111111117,0.034199278402838484,True,68.0,False,False
warning_acid_base_balance,BAC_G::113B434,Bacteria,2,0.0,0.0,False,138.0,False,False
warning_buffer_capacity,BAC_G::113B434,Bacteria,2,0.0,0.0,False,138.5,False,False
warning_acid_accumulation,BAC_G::113B434,Bacteria,2,0.0,0.0,False,138.0,False,False
warning_ammonia_toxicity,BAC_G::113B434,Bacteria,2,0.0,0.0,False,148.5,False,False
warning_biogas_quality,BAC_G::113B434,Bacteria,2,0.0,0.0,False,182.5,False,False
warning_acid_base_balance,BAC_G::AAP99,Bacteria,2,0.0,0.0,True,138.0,False,False
warning_buffer_capacity,BAC_G::AAP99,Bacteria,2,0.0,0.0,True,138.5,False,False
warning_acid_accumulation,BAC_G::AAP99,Bacteria,2,0.0,0.0,True,138.0,False,False
warning_ammonia_toxicity,BAC_G::AAP99,Bacteria,2,0.0,0.0,True,148.5,False,False
warning_biogas_quality,BAC_G::AAP99,Bacteria,2,0.005555555555555558,0.024845199749997673,True,81.0,False,False
warning_acid_base_balance,BAC_G::ADurb.Bin063-1,Bacteria,2,0.0,0.0,True,138.0,False,False
warning_buffer_capacity,BAC_G::ADurb.Bin063-1,Bacteria,2,-0.001753663003663003,0.00432691606406577,True,273.0,False,False
warning_acid_accumulation,BAC_G::ADurb.Bin063-1,Bacteria,2,0.0,0.0,True,138.0,False,False
warning_ammonia_toxicity,BAC_G::ADurb.Bin063-1,Bacteria,2,0.001190476190476189,0.005323971374999492,True,33.0,False,False
warning_biogas_quality,BAC_G::ADurb.Bin063-1,Bacteria,2,0.022222222222222233,0.04559903787045132,True,49.0,False,False
warning_acid_base_balance,BAC_G::ADurb.Bin120,Bacteria,2,0.0,0.0,True,138.0,False,False
warning_buffer_capacity,BAC_G::ADurb.Bin120,Bacteria,2,0.0,0.0,True,138.5,False,False
warning_acid_accumulation,BAC_G::ADurb.Bin120,Bacteria,2,0.0,0.0,True,138.0,False,False
warning_ammonia_toxicity,BAC_G::ADurb.Bin120,Bacteria,2,0.0,0.0,True,148.5,False,False
warning_biogas_quality,BAC_G::ADurb.Bin120,Bacteria,2,0.0,0.0,True,182.5,False,False
warning_acid_base_balance,BAC_G::AKYH767,Bacteria,2,0.0,0.0,True,138.0,False,False
warning_buffer_capacity,BAC_G::AKYH767,Bacteria,2,0.0,0.0,True,138.5,False,False
warning_acid_accumulation,BAC_G::AKYH767,Bacteria,2,0.0,0.0,True,138.0,False,False
warning_ammonia_toxicity,BAC_G::AKYH767,Bacteria,2,0.0,0.0,True,148.5,False,False
warning_biogas_quality,BAC_G::AKYH767,Bacteria,2,0.0,0.0,True,182.5,False,False
warning_acid_base_balance,BAC_G::AUTHM297,Bacteria,2,0.0,0.0,True,138.0,False,False
warning_buffer_capacity,BAC_G::AUTHM297,Bacteria,2,0.0,0.0,True,138.5,False,False
warning_acid_accumulation,BAC_G::AUTHM297,Bacteria,2,0.0,0.0,True,138.0,False,False
warning_ammonia_toxicity,BAC_G::AUTHM297,Bacteria,2,0.0,0.0,True,148.5,False,False
warning_biogas_quality,BAC_G::AUTHM297,Bacteria,2,0.0,0.0,True,182.5,False,False
warning_acid_base_balance,BAC_G::Acetobacter,Bacteria,2,0.0,0.0,False,138.0,False,False
warning_buffer_capacity,BAC_G::Acetobacter,Bacteria,2,0.0,0.0,False,138.5,False,False
warning_acid_accumulation,BAC_G::Acetobacter,Bacteria,2,0.0,0.0,False,138.0,False,False
warning_ammonia_toxicity,BAC_G::Acetobacter,Bacteria,2,0.0,0.0,False,148.5,False,False
warning_biogas_quality,BAC_G::Acetobacter,Bacteria,2,0.0,0.0,False,182.5,False,False
warning_acid_base_balance,BAC_G::Acetomicrobium,Bacteria,2,0.0,0.0,True,138.0,False,False
warning_buffer_capacity,BAC_G::Acetomicrobium,Bacteria,2,0.0,0.0,True,138.5,False,False
warning_acid_accumulation,BAC_G::Acetomicrobium,Bacteria,2,0.0,0.0,True,138.0,False,False
warning_ammonia_toxicity,BAC_G::Acetomicrobium,Bacteria,2,-0.007976190476190501,0.024767988938290117,True,269.0,False,False
warning_biogas_quality,BAC_G::Acetomicrobium,Bacteria,2,0.022222222222222233,0.04559903787045132,True,49.0,False,False
warning_acid_base_balance,BAC_G::Acetothermiia,Bacteria,2,0.0,0.0,True,138.0,False,False
warning_buffer_capacity,BAC_G::Acetothermiia,Bacteria,2,0.0,0.0,True,138.5,False,False
warning_acid_accumulation,BAC_G::Acetothermiia,Bacteria,2,0.0,0.0,True,138.0,False,False
warning_ammonia_toxicity,BAC_G::Acetothermiia,Bacteria,2,0.0,0.0,True,148.5,False,False
warning_biogas_quality,BAC_G::Acetothermiia,Bacteria,2,0.0,0.0,True,182.5,False,False
warning_acid_base_balance,BAC_G::Acholeplasma,Bacteria,2,0.0,0.0,True,138.0,False,False
warning_buffer_capacity,BAC_G::Acholeplasma,Bacteria,2,0.0,0.0,True,138.5,False,False
warning_acid_accumulation,BAC_G::Acholeplasma,Bacteria,2,0.0,0.0,True,138.0,False,False
warning_ammonia_toxicity,BAC_G::Acholeplasma,Bacteria,2,-0.005952380952380968,0.017741900485014173,True,268.0,False,False
warning_biogas_quality,BAC_G::Acholeplasma,Bacteria,2,0.016666666666666673,0.04070528317028038,True,58.5,False,False
warning_acid_base_balance,BAC_G::Acidovorax,Bacteria,2,0.0,0.0,True,138.0,False,False
warning_buffer_capacity,BAC_G::Acidovorax,Bacteria,2,0.0,0.0,True,138.5,False,False
warning_acid_accumulation,BAC_G::Acidovorax,Bacteria,2,0.0,0.0,True,138.0,False,False
warning_ammonia_toxicity,BAC_G::Acidovorax,Bacteria,2,0.0,0.0,True,148.5,False,False
warning_biogas_quality,BAC_G::Acidovorax,Bacteria,2,0.0,0.0,True,182.5,False,False
warning_acid_base_balance,BAC_G::Acinetobacter,Bacteria,2,0.0,0.0,False,138.0,False,False
warning_buffer_capacity,BAC_G::Acinetobacter,Bacteria,2,0.0,0.0,False,138.5,False,False
warning_acid_accumulation,BAC_G::Acinetobacter,Bacteria,2,0.0,0.0,False,138.0,False,False
warning_ammonia_toxicity,BAC_G::Acinetobacter,Bacteria,2,0.0,0.0,False,148.5,False,False
warning_biogas_quality,BAC_G::Acinetobacter,Bacteria,2,0.0,0.0,False,182.5,False,False
warning_acid_base_balance,BAC_G::Actinomyces,Bacteria,2,0.0,0.0,False,138.0,False,False
warning_buffer_capacity,BAC_G::Actinomyces,Bacteria,2,0.0,0.0,False,138.5,False,False
warning_acid_accumulation,BAC_G::Actinomyces,Bacteria,2,0.0,0.0,False,138.0,False,False
warning_ammonia_toxicity,BAC_G::Actinomyces,Bacteria,2,0.0,0.0,False,148.5,False,False
warning_biogas_quality,BAC_G::Actinomyces,Bacteria,2,0.0,0.0,False,182.5,False,False
warning_acid_base_balance,BAC_G::Aeriscardovia,Bacteria,2,0.0,0.0,False,138.0,False,False
warning_buffer_capacity,BAC_G::Aeriscardovia,Bacteria,2,0.0,0.0,False,138.5,False,False
warning_acid_accumulation,BAC_G::Aeriscardovia,Bacteria,2,0.0,0.0,False,138.0,False,False
warning_ammonia_toxicity,BAC_G::Aeriscardovia,Bacteria,2,0.0,0.0,False,148.5,False,False
warning_biogas_quality,BAC_G::Aeriscardovia,Bacteria,2,0.0,0.0,False,182.5,False,False
warning_acid_base_balance,BAC_G::Alkaliphilus,Bacteria,2,0.0,0.0,True,138.0,False,False
warning_buffer_capacity,BAC_G::Alkaliphilus,Bacteria,2,0.0,0.0,True,138.5,False,False
warning_acid_accumulation,BAC_G::Alkaliphilus,Bacteria,2,0.0,0.0,True,138.0,False,False
warning_ammonia_toxicity,BAC_G::Alkaliphilus,Bacteria,2,0.016666666666666646,0.011194341570991112,True,9.0,True,True
warning_biogas_quality,BAC_G::Alkaliphilus,Bacteria,2,0.02777777777777779,0.04936240647992439,True,41.5,False,False
warning_acid_base_balance,BAC_G::Aminicenantales,Bacteria,2,0.0,0.0,True,138.0,False,False
warning_buffer_capacity,BAC_G::Aminicenantales,Bacteria,2,0.0,0.0,True,138.5,False,False
warning_acid_accumulation,BAC_G::Aminicenantales,Bacteria,2,0.0,0.0,True,138.0,False,False
warning_ammonia_toxicity,BAC_G::Aminicenantales,Bacteria,2,0.0,0.0,True,148.5,False,False
warning_biogas_quality,BAC_G::Aminicenantales,Bacteria,2,0.0,0.0,True,182.5,False,False
warning_acid_base_balance,BAC_G::Aminobacterium,Bacteria,2,0.0,0.0,True,138.0,False,False
warning_buffer_capacity,BAC_G::Aminobacterium,Bacteria,2,0.0,0.0,True,138.5,False,False
warning_acid_accumulation,BAC_G::Aminobacterium,Bacteria,2,0.0,0.0,True,138.0,False,False
warning_ammonia_toxicity,BAC_G::Aminobacterium,Bacteria,2,0.0,0.0,True,148.5,False,False
warning_biogas_quality,BAC_G::Aminobacterium,Bacteria,2,0.0,0.0,True,182.5,False,False
warning_acid_base_balance,BAC_G::Anaerococcus,Bacteria,2,0.0,0.0,False,138.0,False,False
warning_buffer_capacity,BAC_G::Anaerococcus,Bacteria,2,0.0,0.0,False,138.5,False,False
warning_acid_accumulation,BAC_G::Anaerococcus,Bacteria,2,0.0,0.0,False,138.0,False,False
warning_ammonia_toxicity,BAC_G::Anaerococcus,Bacteria,2,0.0,0.0,False,148.5,False,False
warning_biogas_quality,BAC_G::Anaerococcus,Bacteria,2,0.0,0.0,False,182.5,False,False
warning_acid_base_balance,BAC_G::Anaerofustis,Bacteria,2,-0.014285714285714268,0.07388426969598717,True,274.0,False,False
warning_buffer_capacity,BAC_G::Anaerofustis,Bacteria,2,0.0,0.0,True,138.5,False,False
warning_acid_accumulation,BAC_G::Anaerofustis,Bacteria,2,0.0,0.0,True,138.0,False,False
warning_ammonia_toxicity,BAC_G::Anaerofustis,Bacteria,2,0.0464880952380952,0.028501441537402788,True,2.0,True,True
warning_biogas_quality,BAC_G::Anaerofustis,Bacteria,2,0.011111111111111117,0.034199278402838484,True,68.0,False,False
warning_acid_base_balance,BAC_G::Anaerostignum,Bacteria,2,0.0,0.0,False,138.0,False,False
warning_buffer_capacity,BAC_G::Anaerostignum,Bacteria,2,0.0,0.0,False,138.5,False,False
warning_acid_accumulation,BAC_G::Anaerostignum,Bacteria,2,0.0,0.0,False,138.0,False,False
warning_ammonia_toxicity,BAC_G::Anaerostignum,Bacteria,2,0.0,0.0,False,148.5,False,False
warning_biogas_quality,BAC_G::Anaerostignum,Bacteria,2,0.0,0.0,False,182.5,False,False
warning_acid_base_balance,BAC_G::Anaerovorax,Bacteria,2,0.0,0.0,True,138.0,False,False
warning_buffer_capacity,BAC_G::Anaerovorax,Bacteria,2,0.0,0.0,True,138.5,False,False
warning_acid_accumulation,BAC_G::Anaerovorax,Bacteria,2,0.0,0.0,True,138.0,False,False
warning_ammonia_toxicity,BAC_G::Anaerovorax,Bacteria,2,0.0,0.0,True,148.5,False,False
warning_biogas_quality,BAC_G::Anaerovorax,Bacteria,2,0.0,0.0,True,182.5,False,False
warning_acid_base_balance,BAC_G::Arenimonas,Bacteria,2,0.0,0.0,True,138.0,False,False
warning_buffer_capacity,BAC_G::Arenimonas,Bacteria,2,0.0,0.0,True,138.5,False,False
warning_acid_accumulation,BAC_G::Arenimonas,Bacteria,2,0.0,0.0,True,138.0,False,False
warning_ammonia_toxicity,BAC_G::Arenimonas,Bacteria,2,0.0,0.0,True,148.5,False,False
warning_biogas_quality,BAC_G::Arenimonas,Bacteria,2,0.0,0.0,True,182.5,False,False
warning_acid_base_balance,BAC_G::Atopobium,Bacteria,2,0.0,0.0,True,138.0,False,False
warning_buffer_capacity,BAC_G::Atopobium,Bacteria,2,0.0,0.0,True,138.5,False,False
warning_acid_accumulation,BAC_G::Atopobium,Bacteria,2,0.0,0.0,True,138.0,False,False
warning_ammonia_toxicity,BAC_G::Atopobium,Bacteria,2,0.04875610500610498,0.04813255953832466,True,1.0,True,True
warning_biogas_quality,BAC_G::Atopobium,Bacteria,2,0.5210302717578259,0.18333933449554382,True,1.0,True,True
warning_acid_base_balance,BAC_G::Azospira,Bacteria,2,0.0,0.0,True,138.0,False,False
warning_buffer_capacity,BAC_G::Azospira,Bacteria,2,0.0,0.0,True,138.5,False,False
warning_acid_accumulation,BAC_G::Azospira,Bacteria,2,0.0,0.0,True,138.0,False,False
warning_ammonia_toxicity,BAC_G::Azospira,Bacteria,2,0.0,0.0,True,148.5,False,False
warning_biogas_quality,BAC_G::Azospira,Bacteria,2,0.0,0.0,True,182.5,False,False
warning_acid_base_balance,BAC_G::BD1-7_clade,Bacteria,2,0.0,0.0,True,138.0,False,False
warning_buffer_capacity,BAC_G::BD1-7_clade,Bacteria,2,0.0,0.0,True,138.5,False,False
warning_acid_accumulation,BAC_G::BD1-7_clade,Bacteria,2,0.0,0.0,True,138.0,False,False
warning_ammonia_toxicity,BAC_G::BD1-7_clade,Bacteria,2,0.0,0.0,True,148.5,False,False
warning_biogas_quality,BAC_G::BD1-7_clade,Bacteria,2,0.0,0.0,True,182.5,False,False
warning_acid_base_balance,BAC_G::BRH-c20a,Bacteria,2,0.0,0.0,True,138.0,False,False
warning_buffer_capacity,BAC_G::BRH-c20a,Bacteria,2,0.0,0.0,True,138.5,False,False
warning_acid_accumulation,BAC_G::BRH-c20a,Bacteria,2,0.0,0.0,True,138.0,False,False
warning_ammonia_toxicity,BAC_G::BRH-c20a,Bacteria,2,0.0,0.0,True,148.5,False,False
warning_biogas_quality,BAC_G::BRH-c20a,Bacteria,2,0.0,0.0,True,182.5,False,False
warning_acid_base_balance,BAC_G::Babeliales,Bacteria,2,0.0,0.0,True,138.0,False,False
warning_buffer_capacity,BAC_G::Babeliales,Bacteria,2,0.0,0.0,True,138.5,False,False
warning_acid_accumulation,BAC_G::Babeliales,Bacteria,2,0.0,0.0,True,138.0,False,False
warning_ammonia_toxicity,BAC_G::Babeliales,Bacteria,2,0.0,0.0,True,148.5,False,False
warning_biogas_quality,BAC_G::Babeliales,Bacteria,2,0.0,0.0,True,182.5,False,False
warning_acid_base_balance,BAC_G::Bacillus,Bacteria,2,0.0,0.0,False,138.0,False,False
warning_buffer_capacity,BAC_G::Bacillus,Bacteria,2,0.0,0.0,False,138.5,False,False
warning_acid_accumulation,BAC_G::Bacillus,Bacteria,2,0.0,0.0,False,138.0,False,False
warning_ammonia_toxicity,BAC_G::Bacillus,Bacteria,2,0.0,0.0,False,148.5,False,False
warning_biogas_quality,BAC_G::Bacillus,Bacteria,2,0.0,0.0,False,182.5,False,False
warning_acid_base_balance,BAC_G::Bacteroidales_UCG-001,Bacteria,2,0.0,0.0,True,138.0,False,False
warning_buffer_capacity,BAC_G::Bacteroidales_UCG-001,Bacteria,2,0.0,0.0,True,138.5,False,False
warning_acid_accumulation,BAC_G::Bacteroidales_UCG-001,Bacteria,2,0.0,0.0,True,138.0,False,False
warning_ammonia_toxicity,BAC_G::Bacteroidales_UCG-001,Bacteria,2,0.0,0.0,True,148.5,False,False
warning_biogas_quality,BAC_G::Bacteroidales_UCG-001,Bacteria,2,0.0,0.0,True,182.5,False,False
warning_acid_base_balance,BAC_G::Bacteroides,Bacteria,2,0.0,0.0,True,138.0,False,False
warning_buffer_capacity,BAC_G::Bacteroides,Bacteria,2,0.0,0.0,True,138.5,False,False
warning_acid_accumulation,BAC_G::Bacteroides,Bacteria,2,0.0,0.0,True,138.0,False,False
warning_ammonia_toxicity,BAC_G::Bacteroides,Bacteria,2,-0.00047619047619048004,0.009384952647596952,True,256.0,False,False
warning_biogas_quality,BAC_G::Bacteroides,Bacteria,2,0.005555555555555558,0.024845199749997673,True,81.0,False,False
warning_acid_base_balance,BAC_G::Bacteroidetes_VC2.1_Bac22,Bacteria,2,0.0,0.0,True,138.0,False,False
warning_buffer_capacity,BAC_G::Bacteroidetes_VC2.1_Bac22,Bacteria,2,0.0,0.0,True,138.5,False,False
warning_acid_accumulation,BAC_G::Bacteroidetes_VC2.1_Bac22,Bacteria,2,0.0,0.0,True,138.0,False,False
warning_ammonia_toxicity,BAC_G::Bacteroidetes_VC2.1_Bac22,Bacteria,2,0.0,0.0,True,148.5,False,False
warning_biogas_quality,BAC_G::Bacteroidetes_VC2.1_Bac22,Bacteria,2,0.0,0.0,True,182.5,False,False
warning_acid_base_balance,BAC_G::Bacteroidetes_vadinHA17,Bacteria,2,0.0,0.0,True,138.0,False,False
warning_buffer_capacity,BAC_G::Bacteroidetes_vadinHA17,Bacteria,2,0.0,0.0,True,138.5,False,False
warning_acid_accumulation,BAC_G::Bacteroidetes_vadinHA17,Bacteria,2,0.0,0.0,True,138.0,False,False
warning_ammonia_toxicity,BAC_G::Bacteroidetes_vadinHA17,Bacteria,2,0.001190476190476189,0.005323971374999493,True,33.0,False,False
warning_biogas_quality,BAC_G::Bacteroidetes_vadinHA17,Bacteria,2,0.0,0.0,True,182.5,False,False
warning_acid_base_balance,BAC_G::Bdellovibrio,Bacteria,2,0.0,0.0,True,138.0,False,False
warning_buffer_capacity,BAC_G::Bdellovibrio,Bacteria,2,0.0,0.0,True,138.5,False,False
warning_acid_accumulation,BAC_G::Bdellovibrio,Bacteria,2,0.0,0.0,True,138.0,False,False
warning_ammonia_toxicity,BAC_G::Bdellovibrio,Bacteria,2,0.0,0.0,True,148.5,False,False
warning_biogas_quality,BAC_G::Bdellovibrio,Bacteria,2,0.0,0.0,True,182.5,False,False
warning_acid_base_balance,BAC_G::Bifidobacterium,Bacteria,2,0.0,0.0,False,138.0,False,False
warning_buffer_capacity,BAC_G::Bifidobacterium,Bacteria,2,0.0,0.0,False,138.5,False,False
warning_acid_accumulation,BAC_G::Bifidobacterium,Bacteria,2,0.0,0.0,False,138.0,False,False
warning_ammonia_toxicity,BAC_G::Bifidobacterium,Bacteria,2,0.0,0.0,False,148.5,False,False
warning_biogas_quality,BAC_G::Bifidobacterium,Bacteria,2,0.0,0.0,False,182.5,False,False
warning_acid_base_balance,BAC_G::Butyrivibrio,Bacteria,2,0.0,0.0,True,138.0,False,False
warning_buffer_capacity,BAC_G::Butyrivibrio,Bacteria,2,0.0005494505494505503,0.0011274487385551158,True,5.0,True,True
warning_acid_accumulation,BAC_G::Butyrivibrio,Bacteria,2,0.0,0.0,True,138.0,False,False
warning_ammonia_toxicity,BAC_G::Butyrivibrio,Bacteria,2,0.0,0.0,True,148.5,False,False
warning_biogas_quality,BAC_G::Butyrivibrio,Bacteria,2,0.0,0.0,True,182.5,False,False
warning_acid_base_balance,BAC_G::Caldicoprobacter,Bacteria,2,0.0,0.0,True,138.0,False,False
warning_buffer_capacity,BAC_G::Caldicoprobacter,Bacteria,2,0.0,0.0,True,138.5,False,False
warning_acid_accumulation,BAC_G::Caldicoprobacter,Bacteria,2,0.0,0.0,True,138.0,False,False
warning_ammonia_toxicity,BAC_G::Caldicoprobacter,Bacteria,2,0.0,0.0,True,148.5,False,False
warning_biogas_quality,BAC_G::Caldicoprobacter,Bacteria,2,0.0,0.0,True,182.5,False,False
warning_acid_base_balance,BAC_G::Caldisericum,Bacteria,2,0.0,0.0,False,138.0,False,False
warning_buffer_capacity,BAC_G::Caldisericum,Bacteria,2,0.0,0.0,False,138.5,False,False
warning_acid_accumulation,BAC_G::Caldisericum,Bacteria,2,0.0,0.0,False,138.0,False,False
warning_ammonia_toxicity,BAC_G::Caldisericum,Bacteria,2,0.0,0.0,False,148.5,False,False
warning_biogas_quality,BAC_G::Caldisericum,Bacteria,2,0.0,0.0,False,182.5,False,False
warning_acid_base_balance,BAC_G::Candidatus_Accumulibacter,Bacteria,2,0.0,0.0,True,138.0,False,False
warning_buffer_capacity,BAC_G::Candidatus_Accumulibacter,Bacteria,2,0.0,0.0,True,138.5,False,False
warning_acid_accumulation,BAC_G::Candidatus_Accumulibacter,Bacteria,2,0.0,0.0,True,138.0,False,False
warning_ammonia_toxicity,BAC_G::Candidatus_Accumulibacter,Bacteria,2,0.0,0.0,True,148.5,False,False
warning_biogas_quality,BAC_G::Candidatus_Accumulibacter,Bacteria,2,0.0,0.0,True,182.5,False,False
warning_acid_base_balance,BAC_G::Candidatus_Caldatribacterium,Bacteria,2,0.0,0.0,True,138.0,False,False
warning_buffer_capacity,BAC_G::Candidatus_Caldatribacterium,Bacteria,2,0.001062271062271064,0.0017802745221229255,True,3.0,True,True
warning_acid_accumulation,BAC_G::Candidatus_Caldatribacterium,Bacteria,2,0.0,0.0,True,138.0,False,False
warning_ammonia_toxicity,BAC_G::Candidatus_Caldatribacterium,Bacteria,2,-0.02297619047619052,0.025515627780042318,True,272.0,False,False
warning_biogas_quality,BAC_G::Candidatus_Caldatribacterium,Bacteria,2,0.0388888888888889,0.05437338721439924,True,31.5,False,False
warning_acid_base_balance,BAC_G::Candidatus_Cloacimonas,Bacteria,2,0.0,0.0,True,138.0,False,False
warning_buffer_capacity,BAC_G::Candidatus_Cloacimonas,Bacteria,2,0.0,0.0,True,138.5,False,False
warning_acid_accumulation,BAC_G::Candidatus_Cloacimonas,Bacteria,2,0.0,0.0,True,138.0,False,False
warning_ammonia_toxicity,BAC_G::Candidatus_Cloacimonas,Bacteria,2,0.0,0.0,True,148.5,False,False
warning_biogas_quality,BAC_G::Candidatus_Cloacimonas,Bacteria,2,0.02777777777777779,0.04936240647992439,True,41.5,False,False
warning_acid_base_balance,BAC_G::Candidatus_Competibacter,Bacteria,2,0.0,0.0,True,138.0,False,False
warning_buffer_capacity,BAC_G::Candidatus_Competibacter,Bacteria,2,0.0,0.0,True,138.5,False,False
warning_acid_accumulation,BAC_G::Candidatus_Competibacter,Bacteria,2,0.0,0.0,True,138.0,False,False
warning_ammonia_toxicity,BAC_G::Candidatus_Competibacter,Bacteria,2,0.0,0.0,True,148.5,False,False
warning_biogas_quality,BAC_G::Candidatus_Competibacter,Bacteria,2,0.0,0.0,True,182.5,False,False
warning_acid_base_balance,BAC_G::Candidatus_Omnitrophus,Bacteria,2,0.0,0.0,False,138.0,False,False
warning_buffer_capacity,BAC_G::Candidatus_Omnitrophus,Bacteria,2,0.0,0.0,False,138.5,False,False
warning_acid_accumulation,BAC_G::Candidatus_Omnitrophus,Bacteria,2,0.0,0.0,False,138.0,False,False
warning_ammonia_toxicity,BAC_G::Candidatus_Omnitrophus,Bacteria,2,0.0,0.0,False,148.5,False,False
warning_biogas_quality,BAC_G::Candidatus_Omnitrophus,Bacteria,2,0.0,0.0,False,182.5,False,False
warning_acid_base_balance,BAC_G::Candidatus_Soleaferrea,Bacteria,2,0.0,0.0,True,138.0,False,False
warning_buffer_capacity,BAC_G::Candidatus_Soleaferrea,Bacteria,2,0.0,0.0,True,138.5,False,False
warning_acid_accumulation,BAC_G::Candidatus_Soleaferrea,Bacteria,2,0.0,0.0,True,138.0,False,False
warning_ammonia_toxicity,BAC_G::Candidatus_Soleaferrea,Bacteria,2,0.0,0.0,True,148.5,False,False
warning_biogas_quality,BAC_G::Candidatus_Soleaferrea,Bacteria,2,0.0,0.0,True,182.5,False,False
warning_acid_base_balance,BAC_G::Caproiciproducens,Bacteria,2,0.0,0.0,False,138.0,False,False
warning_buffer_capacity,BAC_G::Caproiciproducens,Bacteria,2,0.0,0.0,False,138.5,False,False
warning_acid_accumulation,BAC_G::Caproiciproducens,Bacteria,2,0.0,0.0,False,138.0,False,False
warning_ammonia_toxicity,BAC_G::Caproiciproducens,Bacteria,2,0.0,0.0,False,148.5,False,False
warning_biogas_quality,BAC_G::Caproiciproducens,Bacteria,2,0.0,0.0,False,182.5,False,False
warning_acid_base_balance,BAC_G::Chthonomonadales,Bacteria,2,0.0,0.0,True,138.0,False,False
warning_buffer_capacity,BAC_G::Chthonomonadales,Bacteria,2,0.0,0.0,True,138.5,False,False
warning_acid_accumulation,BAC_G::Chthonomonadales,Bacteria,2,0.0,0.0,True,138.0,False,False
warning_ammonia_toxicity,BAC_G::Chthonomonadales,Bacteria,2,0.0,0.0,True,148.5,False,False
warning_biogas_quality,BAC_G::Chthonomonadales,Bacteria,2,0.0,0.0,True,182.5,False,False
warning_acid_base_balance,BAC_G::Cloacimonadaceae,Bacteria,2,0.0,0.0,False,138.0,False,False
warning_buffer_capacity,BAC_G::Cloacimonadaceae,Bacteria,2,0.0,0.0,False,138.5,False,False
warning_acid_accumulation,BAC_G::Cloacimonadaceae,Bacteria,2,0.0,0.0,False,138.0,False,False
warning_ammonia_toxicity,BAC_G::Cloacimonadaceae,Bacteria,2,0.0,0.0,False,148.5,False,False
warning_biogas_quality,BAC_G::Cloacimonadaceae,Bacteria,2,0.0,0.0,False,182.5,False,False
warning_acid_base_balance,BAC_G::Clostridia_UCG-014,Bacteria,2,0.0,0.0,True,138.0,False,False
warning_buffer_capacity,BAC_G::Clostridia_UCG-014,Bacteria,2,0.0,0.0,True,138.5,False,False
warning_acid_accumulation,BAC_G::Clostridia_UCG-014,Bacteria,2,0.0,0.0,True,138.0,False,False
warning_ammonia_toxicity,BAC_G::Clostridia_UCG-014,Bacteria,2,0.0,0.0,True,148.5,False,False
warning_biogas_quality,BAC_G::Clostridia_UCG-014,Bacteria,2,0.0,0.0,True,182.5,False,False
warning_acid_base_balance,BAC_G::Clostridium_sensu_stricto_1,Bacteria,2,0.0,0.0,True,138.0,False,False
warning_buffer_capacity,BAC_G::Clostridium_sensu_stricto_1,Bacteria,2,0.0,0.0,True,138.5,False,False
warning_acid_accumulation,BAC_G::Clostridium_sensu_stricto_1,Bacteria,2,0.0,0.0,True,138.0,False,False
warning_ammonia_toxicity,BAC_G::Clostridium_sensu_stricto_1,Bacteria,2,0.02261904761904759,0.005323971374999493,True,4.5,True,True
warning_biogas_quality,BAC_G::Clostridium_sensu_stricto_1,Bacteria,2,0.005555555555555558,0.024845199749997673,True,81.0,False,False
warning_acid_base_balance,BAC_G::Comamonas,Bacteria,2,0.0,0.0,True,138.0,False,False
warning_buffer_capacity,BAC_G::Comamonas,Bacteria,2,0.0,0.0,True,138.5,False,False
warning_acid_accumulation,BAC_G::Comamonas,Bacteria,2,0.0,0.0,True,138.0,False,False
warning_ammonia_toxicity,BAC_G::Comamonas,Bacteria,2,0.0,0.0,True,148.5,False,False
warning_biogas_quality,BAC_G::Comamonas,Bacteria,2,0.0,0.0,True,182.5,False,False
warning_acid_base_balance,BAC_G::Coprothermobacter,Bacteria,2,0.0,0.0,True,138.0,False,False
warning_buffer_capacity,BAC_G::Coprothermobacter,Bacteria,2,0.0,0.0,True,138.5,False,False
warning_acid_accumulation,BAC_G::Coprothermobacter,Bacteria,2,0.0,0.0,True,138.0,False,False
warning_ammonia_toxicity,BAC_G::Coprothermobacter,Bacteria,2,0.0,0.0,True,148.5,False,False
warning_biogas_quality,BAC_G::Coprothermobacter,Bacteria,2,0.016666666666666673,0.040705283170280375,True,58.5,False,False
warning_acid_base_balance,BAC_G::D8A-2,Bacteria,2,0.0,0.0,True,138.0,False,False
warning_buffer_capacity,BAC_G::D8A-2,Bacteria,2,0.0034836242189183416,0.0021909099867419893,True,2.0,True,True
warning_acid_accumulation,BAC_G::D8A-2,Bacteria,2,0.0,0.0,True,138.0,False,False
warning_ammonia_toxicity,BAC_G::D8A-2,Bacteria,2,-0.024761904761904808,0.020934145630429904,True,273.0,False,False
warning_biogas_quality,BAC_G::D8A-2,Bacteria,2,0.0388888888888889,0.05437338721439924,True,31.5,False,False
warning_acid_base_balance,BAC_G::DEV114,Bacteria,2,0.0,0.0,True,138.0,False,False
warning_buffer_capacity,BAC_G::DEV114,Bacteria,2,0.0,0.0,True,138.5,False,False
warning_acid_accumulation,BAC_G::DEV114,Bacteria,2,0.0,0.0,True,138.0,False,False
warning_ammonia_toxicity,BAC_G::DEV114,Bacteria,2,0.0,0.0,True,148.5,False,False
warning_biogas_quality,BAC_G::DEV114,Bacteria,2,0.0,0.0,True,182.5,False,False
warning_acid_base_balance,BAC_G::DMER64,Bacteria,2,0.0,0.0,True,138.0,False,False
warning_buffer_capacity,BAC_G::DMER64,Bacteria,2,0.0,0.0,True,138.5,False,False
warning_acid_accumulation,BAC_G::DMER64,Bacteria,2,0.0,0.0,True,138.0,False,False
warning_ammonia_toxicity,BAC_G::DMER64,Bacteria,2,-0.0016666666666666692,0.007453559924999309,True,259.5,False,False
warning_biogas_quality,BAC_G::DMER64,Bacteria,2,0.0,0.0,True,182.5,False,False
warning_acid_base_balance,BAC_G::DTU014,Bacteria,2,-0.0018749999999999988,0.008385254915624207,True,271.5,False,False
warning_buffer_capacity,BAC_G::DTU014,Bacteria,2,-0.000576923076923077,0.0025800784355766806,True,268.5,False,False
warning_acid_accumulation,BAC_G::DTU014,Bacteria,2,0.0,0.0,True,138.0,False,False
warning_ammonia_toxicity,BAC_G::DTU014,Bacteria,2,-0.0030952380952381092,0.017701493750869,True,263.5,False,False
warning_biogas_quality,BAC_G::DTU014,Bacteria,2,0.050000000000000024,0.056713087281560076,True,25.0,False,False
warning_acid_base_balance,BAC_G::Dechloromonas,Bacteria,2,0.0,0.0,True,138.0,False,False
warning_buffer_capacity,BAC_G::Dechloromonas,Bacteria,2,0.0,0.0,True,138.5,False,False
warning_acid_accumulation,BAC_G::Dechloromonas,Bacteria,2,0.0,0.0,True,138.0,False,False
warning_ammonia_toxicity,BAC_G::Dechloromonas,Bacteria,2,0.0,0.0,True,148.5,False,False
warning_biogas_quality,BAC_G::Dechloromonas,Bacteria,2,0.022222222222222233,0.04559903787045132,True,49.0,False,False
warning_acid_base_balance,BAC_G::Defluviitoga,Bacteria,2,0.0,0.0,True,138.0,False,False
warning_buffer_capacity,BAC_G::Defluviitoga,Bacteria,2,0.0,0.0,True,138.5,False,False
warning_acid_accumulation,BAC_G::Defluviitoga,Bacteria,2,0.0,0.0,True,138.0,False,False
warning_ammonia_toxicity,BAC_G::Defluviitoga,Bacteria,2,0.0,0.0,True,148.5,False,False
warning_biogas_quality,BAC_G::Defluviitoga,Bacteria,2,0.016666666666666673,0.040705283170280375,True,58.5,False,False
warning_acid_base_balance,BAC_G::Denitratisoma,Bacteria,2,0.0,0.0,False,138.0,False,False
warning_buffer_capacity,BAC_G::Denitratisoma,Bacteria,2,0.0,0.0,False,138.5,False,False
warning_acid_accumulation,BAC_G::Denitratisoma,Bacteria,2,0.0,0.0,False,138.0,False,False
warning_ammonia_toxicity,BAC_G::Denitratisoma,Bacteria,2,0.0,0.0,False,148.5,False,False
warning_biogas_quality,BAC_G::Denitratisoma,Bacteria,2,0.0,0.0,False,182.5,False,False
warning_acid_base_balance,BAC_G::Dialister,Bacteria,2,0.0,0.0,False,138.0,False,False
warning_buffer_capacity,BAC_G::Dialister,Bacteria,2,0.0,0.0,False,138.5,False,False
warning_acid_accumulation,BAC_G::Dialister,Bacteria,2,0.0,0.0,False,138.0,False,False
warning_ammonia_toxicity,BAC_G::Dialister,Bacteria,2,0.0,0.0,False,148.5,False,False
warning_biogas_quality,BAC_G::Dialister,Bacteria,2,0.0,0.0,False,182.5,False,False
warning_acid_base_balance,BAC_G::Dokdonella,Bacteria,2,0.0,0.0,True,138.0,False,False
warning_buffer_capacity,BAC_G::Dokdonella,Bacteria,2,0.0,0.0,True,138.5,False,False
warning_acid_accumulation,BAC_G::Dokdonella,Bacteria,2,0.0,0.0,True,138.0,False,False
warning_ammonia_toxicity,BAC_G::Dokdonella,Bacteria,2,0.0,0.0,True,148.5,False,False
warning_biogas_quality,BAC_G::Dokdonella,Bacteria,2,0.0,0.0,True,182.5,False,False
warning_acid_base_balance,BAC_G::Ellin6067,Bacteria,2,0.0,0.0,False,138.0,False,False
warning_buffer_capacity,BAC_G::Ellin6067,Bacteria,2,0.0,0.0,False,138.5,False,False
warning_acid_accumulation,BAC_G::Ellin6067,Bacteria,2,0.0,0.0,False,138.0,False,False
warning_ammonia_toxicity,BAC_G::Ellin6067,Bacteria,2,0.0,0.0,False,148.5,False,False
warning_biogas_quality,BAC_G::Ellin6067,Bacteria,2,0.0,0.0,False,182.5,False,False
warning_acid_base_balance,BAC_G::Endomicrobium,Bacteria,2,0.0,0.0,True,138.0,False,False
warning_buffer_capacity,BAC_G::Endomicrobium,Bacteria,2,0.0,0.0,True,138.5,False,False
warning_acid_accumulation,BAC_G::Endomicrobium,Bacteria,2,0.0,0.0,True,138.0,False,False
warning_ammonia_toxicity,BAC_G::Endomicrobium,Bacteria,2,0.0,0.0,True,148.5,False,False
warning_biogas_quality,BAC_G::Endomicrobium,Bacteria,2,0.0,0.0,True,182.5,False,False
warning_acid_base_balance,BAC_G::Ercella,Bacteria,2,0.0,0.0,False,138.0,False,False
warning_buffer_capacity,BAC_G::Ercella,Bacteria,2,0.0,0.0,False,138.5,False,False
warning_acid_accumulation,BAC_G::Ercella,Bacteria,2,0.0,0.0,False,138.0,False,False
warning_ammonia_toxicity,BAC_G::Ercella,Bacteria,2,0.0,0.0,False,148.5,False,False
warning_biogas_quality,BAC_G::Ercella,Bacteria,2,0.0,0.0,False,182.5,False,False
warning_acid_base_balance,BAC_G::Exilispira,Bacteria,2,0.0,0.0,True,138.0,False,False
warning_buffer_capacity,BAC_G::Exilispira,Bacteria,2,0.00010989010989011089,0.0029967663821628063,True,8.5,True,True
warning_acid_accumulation,BAC_G::Exilispira,Bacteria,2,0.0,0.0,True,138.0,False,False
warning_ammonia_toxicity,BAC_G::Exilispira,Bacteria,2,0.0,0.0,True,148.5,False,False
warning_biogas_quality,BAC_G::Exilispira,Bacteria,2,0.022222222222222233,0.04559903787045132,True,49.0,False,False
warning_acid_base_balance,BAC_G::Fastidiosipila,Bacteria,2,0.0,0.0,True,138.0,False,False
warning_buffer_capacity,BAC_G::Fastidiosipila,Bacteria,2,0.0004120879120879127,0.0010064493091552851,True,6.0,True,True
warning_acid_accumulation,BAC_G::Fastidiosipila,Bacteria,2,0.0,0.0,True,138.0,False,False
warning_ammonia_toxicity,BAC_G::Fastidiosipila,Bacteria,2,0.0,0.0,True,148.5,False,False
warning_biogas_quality,BAC_G::Fastidiosipila,Bacteria,2,0.08333333333333337,0.04936240647992439,True,16.5,False,True
warning_acid_base_balance,BAC_G::Fermentibacteraceae,Bacteria,2,0.0,0.0,True,138.0,False,False
warning_buffer_capacity,BAC_G::Fermentibacteraceae,Bacteria,2,0.0,0.0,True,138.5,False,False
warning_acid_accumulation,BAC_G::Fermentibacteraceae,Bacteria,2,0.0,0.0,True,138.0,False,False
warning_ammonia_toxicity,BAC_G::Fermentibacteraceae,Bacteria,2,0.0,0.0,True,148.5,False,False
warning_biogas_quality,BAC_G::Fermentibacteraceae,Bacteria,2,0.0,0.0,True,182.5,False,False
warning_acid_base_balance,BAC_G::Fermentimonas,Bacteria,2,0.0,0.0,True,138.0,False,False
warning_buffer_capacity,BAC_G::Fermentimonas,Bacteria,2,0.0,0.0,True,138.5,False,False
warning_acid_accumulation,BAC_G::Fermentimonas,Bacteria,2,0.0,0.0,True,138.0,False,False
warning_ammonia_toxicity,BAC_G::Fermentimonas,Bacteria,2,0.0,0.0,True,148.5,False,False
warning_biogas_quality,BAC_G::Fermentimonas,Bacteria,2,0.10000000000000005,0.03419927840283849,True,9.0,True,True
warning_acid_base_balance,BAC_G::Ferruginibacter,Bacteria,2,0.0,0.0,True,138.0,False,False
warning_buffer_capacity,BAC_G::Ferruginibacter,Bacteria,2,0.0,0.0,True,138.5,False,False
warning_acid_accumulation,BAC_G::Ferruginibacter,Bacteria,2,0.0,0.0,True,138.0,False,False
warning_ammonia_toxicity,BAC_G::Ferruginibacter,Bacteria,2,0.0,0.0,True,148.5,False,False
warning_biogas_quality,BAC_G::Ferruginibacter,Bacteria,2,0.0,0.0,True,182.5,False,False
warning_acid_base_balance,BAC_G::Fervidobacterium,Bacteria,2,0.0,0.0,True,138.0,False,False
warning_buffer_capacity,BAC_G::Fervidobacterium,Bacteria,2,0.0,0.0,True,138.5,False,False
warning_acid_accumulation,BAC_G::Fervidobacterium,Bacteria,2,0.0,0.0,True,138.0,False,False
warning_ammonia_toxicity,BAC_G::Fervidobacterium,Bacteria,2,0.0,0.0,True,148.5,False,False
warning_biogas_quality,BAC_G::Fervidobacterium,Bacteria,2,0.0,0.0,True,182.5,False,False
warning_acid_base_balance,BAC_G::Fonticella,Bacteria,2,0.0,0.0,True,138.0,False,False
warning_buffer_capacity,BAC_G::Fonticella,Bacteria,2,0.0,0.0,True,138.5,False,False
warning_acid_accumulation,BAC_G::Fonticella,Bacteria,2,0.0,0.0,True,138.0,False,False
warning_ammonia_toxicity,BAC_G::Fonticella,Bacteria,2,0.0,0.0,True,148.5,False,False
warning_biogas_quality,BAC_G::Fonticella,Bacteria,2,0.0,0.0,True,182.5,False,False
warning_acid_base_balance,BAC_G::Frisingicoccus,Bacteria,2,0.0,0.0,False,138.0,False,False
warning_buffer_capacity,BAC_G::Frisingicoccus,Bacteria,2,0.0,0.0,False,138.5,False,False
warning_acid_accumulation,BAC_G::Frisingicoccus,Bacteria,2,0.0,0.0,False,138.0,False,False
warning_ammonia_toxicity,BAC_G::Frisingicoccus,Bacteria,2,0.0,0.0,False,148.5,False,False
warning_biogas_quality,BAC_G::Frisingicoccus,Bacteria,2,0.0,0.0,False,182.5,False,False
warning_acid_base_balance,BAC_G::Gelria,Bacteria,2,0.0,0.0,True,138.0,False,False
warning_buffer_capacity,BAC_G::Gelria,Bacteria,2,0.0,0.0,True,138.5,False,False
warning_acid_accumulation,BAC_G::Gelria,Bacteria,2,0.0,0.0,True,138.0,False,False
warning_ammonia_toxicity,BAC_G::Gelria,Bacteria,2,0.0,0.0,True,148.5,False,False
warning_biogas_quality,BAC_G::Gelria,Bacteria,2,0.0,0.0,True,182.5,False,False
warning_acid_base_balance,BAC_G::Gracilibacter,Bacteria,2,0.0,0.0,True,138.0,False,False
warning_buffer_capacity,BAC_G::Gracilibacter,Bacteria,2,0.0,0.0,True,138.5,False,False
warning_acid_accumulation,BAC_G::Gracilibacter,Bacteria,2,0.0,0.0,True,138.0,False,False
warning_ammonia_toxicity,BAC_G::Gracilibacter,Bacteria,2,0.0,0.0,True,148.5,False,False
warning_biogas_quality,BAC_G::Gracilibacter,Bacteria,2,0.0,0.0,True,182.5,False,False
warning_acid_base_balance,BAC_G::Guggenheimella,Bacteria,2,0.0,0.0,True,138.0,False,False
warning_buffer_capacity,BAC_G::Guggenheimella,Bacteria,2,0.0,0.0,True,138.5,False,False
warning_acid_accumulation,BAC_G::Guggenheimella,Bacteria,2,0.0,0.0,True,138.0,False,False
warning_ammonia_toxicity,BAC_G::Guggenheimella,Bacteria,2,0.0,0.0,True,148.5,False,False
warning_biogas_quality,BAC_G::Guggenheimella,Bacteria,2,0.02777777777777779,0.04936240647992438,True,41.5,False,False
warning_acid_base_balance,BAC_G::HN-HF0106,Bacteria,2,0.0,0.0,True,138.0,False,False
warning_buffer_capacity,BAC_G::HN-HF0106,Bacteria,2,0.0,0.0,True,138.5,False,False
warning_acid_accumulation,BAC_G::HN-HF0106,Bacteria,2,0.0,0.0,True,138.0,False,False
warning_ammonia_toxicity,BAC_G::HN-HF0106,Bacteria,2,0.0,0.0,True,148.5,False,False
warning_biogas_quality,BAC_G::HN-HF0106,Bacteria,2,0.005555555555555558,0.024845199749997673,True,81.0,False,False
warning_acid_base_balance,BAC_G::Hahella,Bacteria,2,0.0,0.0,True,138.0,False,False
warning_buffer_capacity,BAC_G::Hahella,Bacteria,2,0.0,0.0,True,138.5,False,False
warning_acid_accumulation,BAC_G::Hahella,Bacteria,2,0.0,0.0,True,138.0,False,False
warning_ammonia_toxicity,BAC_G::Hahella,Bacteria,2,0.0,0.0,True,148.5,False,False
warning_biogas_quality,BAC_G::Hahella,Bacteria,2,0.0,0.0,True,182.5,False,False
warning_acid_base_balance,BAC_G::Halocella,Bacteria,2,0.0,0.0,True,138.0,False,False
warning_buffer_capacity,BAC_G::Halocella,Bacteria,2,0.0,0.0,True,138.5,False,False
warning_acid_accumulation,BAC_G::Halocella,Bacteria,2,0.0,0.0,True,138.0,False,False
warning_ammonia_toxicity,BAC_G::Halocella,Bacteria,2,0.0,0.0,True,148.5,False,False
warning_biogas_quality,BAC_G::Halocella,Bacteria,2,0.0,0.0,True,182.5,False,False
warning_acid_base_balance,BAC_G::Halomonas,Bacteria,2,0.0,0.0,True,138.0,False,False
warning_buffer_capacity,BAC_G::Halomonas,Bacteria,2,0.0,0.0,True,138.5,False,False
warning_acid_accumulation,BAC_G::Halomonas,Bacteria,2,0.0,0.0,True,138.0,False,False
warning_ammonia_toxicity,BAC_G::Halomonas,Bacteria,2,0.0,0.0,True,148.5,False,False
warning_biogas_quality,BAC_G::Halomonas,Bacteria,2,0.0,0.0,True,182.5,False,False
warning_acid_base_balance,BAC_G::Hungateiclostridiaceae,Bacteria,2,0.0,0.0,False,138.0,False,False
warning_buffer_capacity,BAC_G::Hungateiclostridiaceae,Bacteria,2,0.0,0.0,False,138.5,False,False
warning_acid_accumulation,BAC_G::Hungateiclostridiaceae,Bacteria,2,0.0,0.0,False,138.0,False,False
warning_ammonia_toxicity,BAC_G::Hungateiclostridiaceae,Bacteria,2,0.0,0.0,False,148.5,False,False
warning_biogas_quality,BAC_G::Hungateiclostridiaceae,Bacteria,2,0.0,0.0,False,182.5,False,False
warning_acid_base_balance,BAC_G::Hydrogenedensaceae,Bacteria,2,0.0,0.0,True,138.0,False,False
warning_buffer_capacity,BAC_G::Hydrogenedensaceae,Bacteria,2,0.0,0.0,True,138.5,False,False
warning_acid_accumulation,BAC_G::Hydrogenedensaceae,Bacteria,2,0.0,0.0,True,138.0,False,False
warning_ammonia_toxicity,BAC_G::Hydrogenedensaceae,Bacteria,2,0.0,0.0,True,148.5,False,False
warning_biogas_quality,BAC_G::Hydrogenedensaceae,Bacteria,2,0.0,0.0,True,182.5,False,False
warning_acid_base_balance,BAC_G::Irregularibacter,Bacteria,2,0.0,0.0,True,138.0,False,False
warning_buffer_capacity,BAC_G::Irregularibacter,Bacteria,2,0.0,0.0,True,138.5,False,False
warning_acid_accumulation,BAC_G::Irregularibacter,Bacteria,2,0.0,0.0,True,138.0,False,False
warning_ammonia_toxicity,BAC_G::Irregularibacter,Bacteria,2,0.0,0.0,True,148.5,False,False
warning_biogas_quality,BAC_G::Irregularibacter,Bacteria,2,0.0,0.0,True,182.5,False,False
warning_acid_base_balance,BAC_G::Izemoplasmatales,Bacteria,2,0.0,0.0,True,138.0,False,False
warning_buffer_capacity,BAC_G::Izemoplasmatales,Bacteria,2,0.0,0.0,True,138.5,False,False
warning_acid_accumulation,BAC_G::Izemoplasmatales,Bacteria,2,0.0,0.0,True,138.0,False,False
warning_ammonia_toxicity,BAC_G::Izemoplasmatales,Bacteria,2,0.0,0.0,True,148.5,False,False
warning_biogas_quality,BAC_G::Izemoplasmatales,Bacteria,2,0.0,0.0,True,182.5,False,False
warning_acid_base_balance,BAC_G::JS1,Bacteria,2,0.0,0.0,True,138.0,False,False
warning_buffer_capacity,BAC_G::JS1,Bacteria,2,0.0,0.0,True,138.5,False,False
warning_acid_accumulation,BAC_G::JS1,Bacteria,2,0.0,0.0,True,138.0,False,False
warning_ammonia_toxicity,BAC_G::JS1,Bacteria,2,0.0,0.0,True,148.5,False,False
warning_biogas_quality,BAC_G::JS1,Bacteria,2,0.005555555555555558,0.024845199749997677,True,81.0,False,False
warning_acid_base_balance,BAC_G::Kapabacteriales,Bacteria,2,0.0,0.0,False,138.0,False,False
warning_buffer_capacity,BAC_G::Kapabacteriales,Bacteria,2,0.0,0.0,False,138.5,False,False
warning_acid_accumulation,BAC_G::Kapabacteriales,Bacteria,2,0.0,0.0,False,138.0,False,False
warning_ammonia_toxicity,BAC_G::Kapabacteriales,Bacteria,2,0.0,0.0,False,148.5,False,False
warning_biogas_quality,BAC_G::Kapabacteriales,Bacteria,2,0.0,0.0,False,182.5,False,False
warning_acid_base_balance,BAC_G::Keratinibaculum,Bacteria,2,0.0,0.0,True,138.0,False,False
warning_buffer_capacity,BAC_G::Keratinibaculum,Bacteria,2,0.0,0.0,True,138.5,False,False
warning_acid_accumulation,BAC_G::Keratinibaculum,Bacteria,2,0.0,0.0,True,138.0,False,False
warning_ammonia_toxicity,BAC_G::Keratinibaculum,Bacteria,2,0.0,0.0,True,148.5,False,False
warning_biogas_quality,BAC_G::Keratinibaculum,Bacteria,2,0.0,0.0,True,182.5,False,False
warning_acid_base_balance,BAC_G::LD1-PA32,Bacteria,2,0.0,0.0,True,138.0,False,False
warning_buffer_capacity,BAC_G::LD1-PA32,Bacteria,2,0.0,0.0,True,138.5,False,False
warning_acid_accumulation,BAC_G::LD1-PA32,Bacteria,2,0.0,0.0,True,138.0,False,False
warning_ammonia_toxicity,BAC_G::LD1-PA32,Bacteria,2,0.0,0.0,True,148.5,False,False
warning_biogas_quality,BAC_G::LD1-PA32,Bacteria,2,0.0,0.0,True,182.5,False,False
warning_acid_base_balance,BAC_G::LD1-PB3,Bacteria,2,0.0,0.0,True,138.0,False,False
warning_buffer_capacity,BAC_G::LD1-PB3,Bacteria,2,0.0,0.0,True,138.5,False,False
warning_acid_accumulation,BAC_G::LD1-PB3,Bacteria,2,0.0,0.0,True,138.0,False,False
warning_ammonia_toxicity,BAC_G::LD1-PB3,Bacteria,2,0.0,0.0,True,148.5,False,False
warning_biogas_quality,BAC_G::LD1-PB3,Bacteria,2,0.0,0.0,True,182.5,False,False
warning_acid_base_balance,BAC_G::LNR_A2-18,Bacteria,2,0.0,0.0,True,138.0,False,False
warning_buffer_capacity,BAC_G::LNR_A2-18,Bacteria,2,0.0,0.0,True,138.5,False,False
warning_acid_accumulation,BAC_G::LNR_A2-18,Bacteria,2,0.0,0.0,True,138.0,False,False
warning_ammonia_toxicity,BAC_G::LNR_A2-18,Bacteria,2,0.0,0.0,True,148.5,False,False
warning_biogas_quality,BAC_G::LNR_A2-18,Bacteria,2,0.0,0.0,True,182.5,False,False
warning_acid_base_balance,BAC_G::Lactobacillus,Bacteria,2,0.6031019644699985,0.06012600362470213,True,1.0,True,True
warning_buffer_capacity,BAC_G::Lactobacillus,Bacteria,2,-0.246463443677066,0.11229189316951918,True,276.0,False,False
warning_acid_accumulation,BAC_G::Lactobacillus,Bacteria,2,-0.035334249084249085,0.02081193598501257,True,276.0,False,False
warning_ammonia_toxicity,BAC_G::Lactobacillus,Bacteria,2,0.023954248366013026,0.07199270242929517,True,3.0,True,True
warning_biogas_quality,BAC_G::Lactobacillus,Bacteria,2,-0.0690992800629023,0.017966364370968962,True,276.0,False,False
warning_acid_base_balance,BAC_G::Lautropia,Bacteria,2,0.0,0.0,False,138.0,False,False
warning_buffer_capacity,BAC_G::Lautropia,Bacteria,2,0.0,0.0,False,138.5,False,False
warning_acid_accumulation,BAC_G::Lautropia,Bacteria,2,0.0,0.0,False,138.0,False,False
warning_ammonia_toxicity,BAC_G::Lautropia,Bacteria,2,0.0,0.0,False,148.5,False,False
warning_biogas_quality,BAC_G::Lautropia,Bacteria,2,0.0,0.0,False,182.5,False,False
warning_acid_base_balance,BAC_G::Lawsonella,Bacteria,2,0.0,0.0,False,138.0,False,False
warning_buffer_capacity,BAC_G::Lawsonella,Bacteria,2,0.0,0.0,False,138.5,False,False
warning_acid_accumulation,BAC_G::Lawsonella,Bacteria,2,0.0,0.0,False,138.0,False,False
warning_ammonia_toxicity,BAC_G::Lawsonella,Bacteria,2,0.0,0.0,False,148.5,False,False
warning_biogas_quality,BAC_G::Lawsonella,Bacteria,2,0.0,0.0,False,182.5,False,False
warning_acid_base_balance,BAC_G::Lentimicrobiaceae,Bacteria,2,0.0,0.0,True,138.0,False,False
warning_buffer_capacity,BAC_G::Lentimicrobiaceae,Bacteria,2,0.00024725274725274845,0.003053882793375313,True,7.0,True,True
warning_acid_accumulation,BAC_G::Lentimicrobiaceae,Bacteria,2,0.0,0.0,True,138.0,False,False
warning_ammonia_toxicity,BAC_G::Lentimicrobiaceae,Bacteria,2,-0.0008333333333333442,0.01890651052814552,True,257.0,False,False
warning_biogas_quality,BAC_G::Lentimicrobiaceae,Bacteria,2,0.005555555555555558,0.024845199749997677,True,81.0,False,False
warning_acid_base_balance,BAC_G::Lentimicrobium,Bacteria,2,0.0016964285714285766,0.012668595390404245,True,5.0,True,True
warning_buffer_capacity,BAC_G::Lentimicrobium,Bacteria,2,6.24375624375631e-05,0.0019394297967246532,True,10.0,True,True
warning_acid_accumulation,BAC_G::Lentimicrobium,Bacteria,2,0.0,0.0,True,138.0,False,False
warning_ammonia_toxicity,BAC_G::Lentimicrobium,Bacteria,2,-0.00549783549783552,0.027189637158386938,True,267.0,False,False
warning_biogas_quality,BAC_G::Lentimicrobium,Bacteria,2,0.022222222222222233,0.04559903787045132,True,49.0,False,False
warning_acid_base_balance,BAC_G::Leptotrichia,Bacteria,2,0.0,0.0,True,138.0,False,False
warning_buffer_capacity,BAC_G::Leptotrichia,Bacteria,2,0.0,0.0,True,138.5,False,False
warning_acid_accumulation,BAC_G::Leptotrichia,Bacteria,2,0.0,0.0,True,138.0,False,False
warning_ammonia_toxicity,BAC_G::Leptotrichia,Bacteria,2,0.0,0.0,True,148.5,False,False
warning_biogas_quality,BAC_G::Leptotrichia,Bacteria,2,0.0,0.0,True,182.5,False,False
warning_acid_base_balance,BAC_G::Leuconostoc,Bacteria,2,0.0,0.0,False,138.0,False,False
warning_buffer_capacity,BAC_G::Leuconostoc,Bacteria,2,0.0,0.0,False,138.5,False,False
warning_acid_accumulation,BAC_G::Leuconostoc,Bacteria,2,0.0,0.0,False,138.0,False,False
warning_ammonia_toxicity,BAC_G::Leuconostoc,Bacteria,2,0.0,0.0,False,148.5,False,False
warning_biogas_quality,BAC_G::Leuconostoc,Bacteria,2,0.0,0.0,False,182.5,False,False
warning_acid_base_balance,BAC_G::Longilinea,Bacteria,2,0.0,0.0,False,138.0,False,False
warning_buffer_capacity,BAC_G::Longilinea,Bacteria,2,0.0,0.0,False,138.5,False,False
warning_acid_accumulation,BAC_G::Longilinea,Bacteria,2,0.0,0.0,False,138.0,False,False
warning_ammonia_toxicity,BAC_G::Longilinea,Bacteria,2,0.0,0.0,False,148.5,False,False
warning_biogas_quality,BAC_G::Longilinea,Bacteria,2,0.0,0.0,False,182.5,False,False
warning_acid_base_balance,BAC_G::Luteimonas,Bacteria,2,0.0,0.0,False,138.0,False,False
warning_buffer_capacity,BAC_G::Luteimonas,Bacteria,2,0.0,0.0,False,138.5,False,False
warning_acid_accumulation,BAC_G::Luteimonas,Bacteria,2,0.0,0.0,False,138.0,False,False
warning_ammonia_toxicity,BAC_G::Luteimonas,Bacteria,2,0.0,0.0,False,148.5,False,False
warning_biogas_quality,BAC_G::Luteimonas,Bacteria,2,0.0,0.0,False,182.5,False,False
warning_acid_base_balance,BAC_G::Lutispora,Bacteria,2,0.0,0.0,True,138.0,False,False
warning_buffer_capacity,BAC_G::Lutispora,Bacteria,2,0.0,0.0,True,138.5,False,False
warning_acid_accumulation,BAC_G::Lutispora,Bacteria,2,0.0,0.0,True,138.0,False,False
warning_ammonia_toxicity,BAC_G::Lutispora,Bacteria,2,0.0,0.0,True,148.5,False,False
warning_biogas_quality,BAC_G::Lutispora,Bacteria,2,0.0,0.0,True,182.5,False,False
warning_acid_base_balance,BAC_G::MBA03,Bacteria,2,0.0,0.0,True,138.0,False,False
warning_buffer_capacity,BAC_G::MBA03,Bacteria,2,0.0,0.0,True,138.5,False,False
warning_acid_accumulation,BAC_G::MBA03,Bacteria,2,0.0,0.0,True,138.0,False,False
warning_ammonia_toxicity,BAC_G::MBA03,Bacteria,2,0.0,0.0,True,148.5,False,False
warning_biogas_quality,BAC_G::MBA03,Bacteria,2,0.03333333333333335,0.05224026066462527,True,36.0,False,False
warning_acid_base_balance,BAC_G::MVP-15,Bacteria,2,0.0,0.0,True,138.0,False,False
warning_buffer_capacity,BAC_G::MVP-15,Bacteria,2,0.0,0.0,True,138.5,False,False
warning_acid_accumulation,BAC_G::MVP-15,Bacteria,2,0.0,0.0,True,138.0,False,False
warning_ammonia_toxicity,BAC_G::MVP-15,Bacteria,2,0.0,0.0,True,148.5,False,False
warning_biogas_quality,BAC_G::MVP-15,Bacteria,2,0.0,0.0,True,182.5,False,False
warning_acid_base_balance,BAC_G::Macellibacteroides,Bacteria,2,0.0,0.0,True,138.0,False,False
warning_buffer_capacity,BAC_G::Macellibacteroides,Bacteria,2,0.0,0.0,True,138.5,False,False
warning_acid_accumulation,BAC_G::Macellibacteroides,Bacteria,2,0.0,0.0,True,138.0,False,False
warning_ammonia_toxicity,BAC_G::Macellibacteroides,Bacteria,2,0.0,0.0,True,148.5,False,False
warning_biogas_quality,BAC_G::Macellibacteroides,Bacteria,2,0.0,0.0,True,182.5,False,False
warning_acid_base_balance,BAC_G::Marinimicrobia_(SAR406_clade),Bacteria,2,0.0,0.0,True,138.0,False,False
warning_buffer_capacity,BAC_G::Marinimicrobia_(SAR406_clade),Bacteria,2,0.0,0.0,True,138.5,False,False
warning_acid_accumulation,BAC_G::Marinimicrobia_(SAR406_clade),Bacteria,2,0.0,0.0,True,138.0,False,False
warning_ammonia_toxicity,BAC_G::Marinimicrobia_(SAR406_clade),Bacteria,2,0.0,0.0,True,148.5,False,False
warning_biogas_quality,BAC_G::Marinimicrobia_(SAR406_clade),Bacteria,2,0.0,0.0,True,182.5,False,False
warning_acid_base_balance,BAC_G::Mariniphaga,Bacteria,2,0.0,0.0,True,138.0,False,False
warning_buffer_capacity,BAC_G::Mariniphaga,Bacteria,2,0.0,0.0,True,138.5,False,False
warning_acid_accumulation,BAC_G::Mariniphaga,Bacteria,2,0.0,0.0,True,138.0,False,False
warning_ammonia_toxicity,BAC_G::Mariniphaga,Bacteria,2,0.0,0.0,True,148.5,False,False
warning_biogas_quality,BAC_G::Mariniphaga,Bacteria,2,0.0,0.0,True,182.5,False,False
warning_acid_base_balance,BAC_G::Megasphaera,Bacteria,2,0.0,0.0,False,138.0,False,False
warning_buffer_capacity,BAC_G::Megasphaera,Bacteria,2,0.0,0.0,False,138.5,False,False
warning_acid_accumulation,BAC_G::Megasphaera,Bacteria,2,0.0,0.0,False,138.0,False,False
warning_ammonia_toxicity,BAC_G::Megasphaera,Bacteria,2,0.0,0.0,False,148.5,False,False
warning_biogas_quality,BAC_G::Megasphaera,Bacteria,2,0.0,0.0,False,182.5,False,False
warning_acid_base_balance,BAC_G::Mesotoga,Bacteria,2,0.0,0.0,True,138.0,False,False
warning_buffer_capacity,BAC_G::Mesotoga,Bacteria,2,0.0,0.0,True,138.5,False,False
warning_acid_accumulation,BAC_G::Mesotoga,Bacteria,2,0.0,0.0,True,138.0,False,False
warning_ammonia_toxicity,BAC_G::Mesotoga,Bacteria,2,0.0,0.0,True,148.5,False,False
warning_biogas_quality,BAC_G::Mesotoga,Bacteria,2,0.0,0.0,True,182.5,False,False
warning_acid_base_balance,BAC_G::Methylotenera,Bacteria,2,0.0,0.0,True,138.0,False,False
warning_buffer_capacity,BAC_G::Methylotenera,Bacteria,2,0.0,0.0,True,138.5,False,False
warning_acid_accumulation,BAC_G::Methylotenera,Bacteria,2,0.0,0.0,True,138.0,False,False
warning_ammonia_toxicity,BAC_G::Methylotenera,Bacteria,2,0.0,0.0,True,148.5,False,False
warning_biogas_quality,BAC_G::Methylotenera,Bacteria,2,0.0,0.0,True,182.5,False,False
warning_acid_base_balance,BAC_G::MgMjR-022,Bacteria,2,0.0,0.0,True,138.0,False,False
warning_buffer_capacity,BAC_G::MgMjR-022,Bacteria,2,0.0,0.0,True,138.5,False,False
warning_acid_accumulation,BAC_G::MgMjR-022,Bacteria,2,0.0,0.0,True,138.0,False,False
warning_ammonia_toxicity,BAC_G::MgMjR-022,Bacteria,2,0.0,0.0,True,148.5,False,False
warning_biogas_quality,BAC_G::MgMjR-022,Bacteria,2,0.0,0.0,True,182.5,False,False
warning_acid_base_balance,BAC_G::Myroides,Bacteria,2,0.0,0.0,False,138.0,False,False
warning_buffer_capacity,BAC_G::Myroides,Bacteria,2,0.0,0.0,False,138.5,False,False
warning_acid_accumulation,BAC_G::Myroides,Bacteria,2,0.0,0.0,False,138.0,False,False
warning_ammonia_toxicity,BAC_G::Myroides,Bacteria,2,0.0,0.0,False,148.5,False,False
warning_biogas_quality,BAC_G::Myroides,Bacteria,2,0.0,0.0,False,182.5,False,False
warning_acid_base_balance,BAC_G::Nitrosomonas,Bacteria,2,0.0,0.0,True,138.0,False,False
warning_buffer_capacity,BAC_G::Nitrosomonas,Bacteria,2,0.0,0.0,True,138.5,False,False
warning_acid_accumulation,BAC_G::Nitrosomonas,Bacteria,2,0.0,0.0,True,138.0,False,False
warning_ammonia_toxicity,BAC_G::Nitrosomonas,Bacteria,2,0.0,0.0,True,148.5,False,False
warning_biogas_quality,BAC_G::Nitrosomonas,Bacteria,2,0.0,0.0,True,182.5,False,False
warning_acid_base_balance,BAC_G::OLB12,Bacteria,2,0.0,0.0,True,138.0,False,False
warning_buffer_capacity,BAC_G::OLB12,Bacteria,2,0.0,0.0,True,138.5,False,False
warning_acid_accumulation,BAC_G::OLB12,Bacteria,2,0.0,0.0,True,138.0,False,False
warning_ammonia_toxicity,BAC_G::OLB12,Bacteria,2,0.0,0.0,True,148.5,False,False
warning_biogas_quality,BAC_G::OLB12,Bacteria,2,0.0,0.0,True,182.5,False,False
warning_acid_base_balance,BAC_G::OLB8,Bacteria,2,0.0,0.0,True,138.0,False,False
warning_buffer_capacity,BAC_G::OLB8,Bacteria,2,0.0,0.0,True,138.5,False,False
warning_acid_accumulation,BAC_G::OLB8,Bacteria,2,0.0,0.0,True,138.0,False,False
warning_ammonia_toxicity,BAC_G::OLB8,Bacteria,2,0.0,0.0,True,148.5,False,False
warning_biogas_quality,BAC_G::OLB8,Bacteria,2,0.0,0.0,True,182.5,False,False
warning_acid_base_balance,BAC_G::Olsenella,Bacteria,2,0.0,0.0,True,138.0,False,False
warning_buffer_capacity,BAC_G::Olsenella,Bacteria,2,0.0,0.0,True,138.5,False,False
warning_acid_accumulation,BAC_G::Olsenella,Bacteria,2,0.0,0.0,True,138.0,False,False
warning_ammonia_toxicity,BAC_G::Olsenella,Bacteria,2,0.003571428571428567,0.00872256067934578,True,22.5,False,False
warning_biogas_quality,BAC_G::Olsenella,Bacteria,2,0.0,0.0,True,182.5,False,False
warning_acid_base_balance,BAC_G::Oscillospira,Bacteria,2,0.0,0.0,False,138.0,False,False
warning_buffer_capacity,BAC_G::Oscillospira,Bacteria,2,0.0,0.0,False,138.5,False,False
warning_acid_accumulation,BAC_G::Oscillospira,Bacteria,2,0.0,0.0,False,138.0,False,False
warning_ammonia_toxicity,BAC_G::Oscillospira,Bacteria,2,0.0,0.0,False,148.5,False,False
warning_biogas_quality,BAC_G::Oscillospira,Bacteria,2,0.0,0.0,False,182.5,False,False
warning_acid_base_balance,BAC_G::PB19,Bacteria,2,0.0,0.0,True,138.0,False,False
warning_buffer_capacity,BAC_G::PB19,Bacteria,2,0.0,0.0,True,138.5,False,False
warning_acid_accumulation,BAC_G::PB19,Bacteria,2,0.0,0.0,True,138.0,False,False
warning_ammonia_toxicity,BAC_G::PB19,Bacteria,2,0.0,0.0,True,148.5,False,False
warning_biogas_quality,BAC_G::PB19,Bacteria,2,0.0,0.0,True,182.5,False,False
warning_acid_base_balance,BAC_G::Paludibacter,Bacteria,2,0.0,0.0,True,138.0,False,False
warning_buffer_capacity,BAC_G::Paludibacter,Bacteria,2,0.0,0.0,True,138.5,False,False
warning_acid_accumulation,BAC_G::Paludibacter,Bacteria,2,0.0,0.0,True,138.0,False,False
warning_ammonia_toxicity,BAC_G::Paludibacter,Bacteria,2,0.0,0.0,True,148.5,False,False
warning_biogas_quality,BAC_G::Paludibacter,Bacteria,2,0.005555555555555558,0.024845199749997677,True,81.0,False,False
warning_acid_base_balance,BAC_G::Pantoea,Bacteria,2,0.0,0.0,False,138.0,False,False
warning_buffer_capacity,BAC_G::Pantoea,Bacteria,2,0.0,0.0,False,138.5,False,False
warning_acid_accumulation,BAC_G::Pantoea,Bacteria,2,0.0,0.0,False,138.0,False,False
warning_ammonia_toxicity,BAC_G::Pantoea,Bacteria,2,0.0,0.0,False,148.5,False,False
warning_biogas_quality,BAC_G::Pantoea,Bacteria,2,0.0,0.0,False,182.5,False,False
warning_acid_base_balance,BAC_G::Paracoccus,Bacteria,2,0.0,0.0,True,138.0,False,False
warning_buffer_capacity,BAC_G::Paracoccus,Bacteria,2,0.0,0.0,True,138.5,False,False
warning_acid_accumulation,BAC_G::Paracoccus,Bacteria,2,0.0,0.0,True,138.0,False,False
warning_ammonia_toxicity,BAC_G::Paracoccus,Bacteria,2,0.0,0.0,True,148.5,False,False
warning_biogas_quality,BAC_G::Paracoccus,Bacteria,2,0.0,0.0,True,182.5,False,False
warning_acid_base_balance,BAC_G::Pedosphaeraceae,Bacteria,2,0.0,0.0,True,138.0,False,False
warning_buffer_capacity,BAC_G::Pedosphaeraceae,Bacteria,2,0.0,0.0,True,138.5,False,False
warning_acid_accumulation,BAC_G::Pedosphaeraceae,Bacteria,2,0.0,0.0,True,138.0,False,False
warning_ammonia_toxicity,BAC_G::Pedosphaeraceae,Bacteria,2,0.0,0.0,True,148.5,False,False
warning_biogas_quality,BAC_G::Pedosphaeraceae,Bacteria,2,0.0,0.0,True,182.5,False,False
warning_acid_base_balance,BAC_G::Pelotomaculum,Bacteria,2,0.0,0.0,True,138.0,False,False
warning_buffer_capacity,BAC_G::Pelotomaculum,Bacteria,2,0.0,0.0,True,138.5,False,False
warning_acid_accumulation,BAC_G::Pelotomaculum,Bacteria,2,0.0,0.0,True,138.0,False,False
warning_ammonia_toxicity,BAC_G::Pelotomaculum,Bacteria,2,0.001190476190476189,0.005323971374999492,True,33.0,False,False
warning_biogas_quality,BAC_G::Pelotomaculum,Bacteria,2,0.0,0.0,True,182.5,False,False
warning_acid_base_balance,BAC_G::Petrimonas,Bacteria,2,0.0,0.0,True,138.0,False,False
warning_buffer_capacity,BAC_G::Petrimonas,Bacteria,2,0.0,0.0,True,138.5,False,False
warning_acid_accumulation,BAC_G::Petrimonas,Bacteria,2,0.0,0.0,True,138.0,False,False
warning_ammonia_toxicity,BAC_G::Petrimonas,Bacteria,2,0.0,0.0,True,148.5,False,False
warning_biogas_quality,BAC_G::Petrimonas,Bacteria,2,0.11111111111111116,0.0,True,4.0,True,True
warning_acid_base_balance,BAC_G::Prevotella,Bacteria,2,-0.029285714285714266,0.018525101268656086,True,276.0,False,False
warning_buffer_capacity,BAC_G::Prevotella,Bacteria,2,-0.05871794871794872,0.02708916701659409,True,275.0,False,False
warning_acid_accumulation,BAC_G::Prevotella,Bacteria,2,0.0,0.0,True,138.0,False,False
warning_ammonia_toxicity,BAC_G::Prevotella,Bacteria,2,0.002380952380952378,0.007328416800608234,True,25.5,False,False
warning_biogas_quality,BAC_G::Prevotella,Bacteria,2,0.0,0.0,True,182.5,False,False
warning_acid_base_balance,BAC_G::Proteiniphilum,Bacteria,2,0.0,0.0,True,138.0,False,False
warning_buffer_capacity,BAC_G::Proteiniphilum,Bacteria,2,0.0,0.0,True,138.5,False,False
warning_acid_accumulation,BAC_G::Proteiniphilum,Bacteria,2,0.0,0.0,True,138.0,False,False
warning_ammonia_toxicity,BAC_G::Proteiniphilum,Bacteria,2,0.0,0.0,True,148.5,False,False
warning_biogas_quality,BAC_G::Proteiniphilum,Bacteria,2,0.005555555555555558,0.024845199749997677,True,81.0,False,False
warning_acid_base_balance,BAC_G::Proteocatella,Bacteria,2,0.0,0.0,True,138.0,False,False
warning_buffer_capacity,BAC_G::Proteocatella,Bacteria,2,0.0,0.0,True,138.5,False,False
warning_acid_accumulation,BAC_G::Proteocatella,Bacteria,2,0.0,0.0,True,138.0,False,False
warning_ammonia_toxicity,BAC_G::Proteocatella,Bacteria,2,0.0,0.0,True,148.5,False,False
warning_biogas_quality,BAC_G::Proteocatella,Bacteria,2,0.0,0.0,True,182.5,False,False
warning_acid_base_balance,BAC_G::Pseudomonas,Bacteria,2,0.0,0.0,True,138.0,False,False
warning_buffer_capacity,BAC_G::Pseudomonas,Bacteria,2,0.007326574354438129,0.00350879632409221,True,1.0,True,True
warning_acid_accumulation,BAC_G::Pseudomonas,Bacteria,2,0.0,0.0,True,138.0,False,False
warning_ammonia_toxicity,BAC_G::Pseudomonas,Bacteria,2,0.0,0.0,True,148.5,False,False
warning_biogas_quality,BAC_G::Pseudomonas,Bacteria,2,0.0,0.0,True,182.5,False,False
warning_acid_base_balance,BAC_G::Pseudoramibacter,Bacteria,2,0.0,0.0,False,138.0,False,False
warning_buffer_capacity,BAC_G::Pseudoramibacter,Bacteria,2,0.0,0.0,False,138.5,False,False
warning_acid_accumulation,BAC_G::Pseudoramibacter,Bacteria,2,0.0,0.0,False,138.0,False,False
warning_ammonia_toxicity,BAC_G::Pseudoramibacter,Bacteria,2,0.0,0.0,False,148.5,False,False
warning_biogas_quality,BAC_G::Pseudoramibacter,Bacteria,2,0.0,0.0,False,182.5,False,False
warning_acid_base_balance,BAC_G::RBG-16-49-21,Bacteria,2,0.0,0.0,True,138.0,False,False
warning_buffer_capacity,BAC_G::RBG-16-49-21,Bacteria,2,0.0,0.0,True,138.5,False,False
warning_acid_accumulation,BAC_G::RBG-16-49-21,Bacteria,2,0.0,0.0,True,138.0,False,False
warning_ammonia_toxicity,BAC_G::RBG-16-49-21,Bacteria,2,0.0,0.0,True,148.5,False,False
warning_biogas_quality,BAC_G::RBG-16-49-21,Bacteria,2,0.0,0.0,True,182.5,False,False
warning_acid_base_balance,BAC_G::Raoultibacter,Bacteria,2,0.0,0.0,False,138.0,False,False
warning_buffer_capacity,BAC_G::Raoultibacter,Bacteria,2,0.0,0.0,False,138.5,False,False
warning_acid_accumulation,BAC_G::Raoultibacter,Bacteria,2,0.0,0.0,False,138.0,False,False
warning_ammonia_toxicity,BAC_G::Raoultibacter,Bacteria,2,0.0,0.0,False,148.5,False,False
warning_biogas_quality,BAC_G::Raoultibacter,Bacteria,2,0.0,0.0,False,182.5,False,False
warning_acid_base_balance,BAC_G::Rhodobacter,Bacteria,2,0.0,0.0,True,138.0,False,False
warning_buffer_capacity,BAC_G::Rhodobacter,Bacteria,2,0.0,0.0,True,138.5,False,False
warning_acid_accumulation,BAC_G::Rhodobacter,Bacteria,2,0.0,0.0,True,138.0,False,False
warning_ammonia_toxicity,BAC_G::Rhodobacter,Bacteria,2,0.0,0.0,True,148.5,False,False
warning_biogas_quality,BAC_G::Rhodobacter,Bacteria,2,0.0,0.0,True,182.5,False,False
warning_acid_base_balance,BAC_G::Ruminiclostridium,Bacteria,2,0.0,0.0,True,138.0,False,False
warning_buffer_capacity,BAC_G::Ruminiclostridium,Bacteria,2,0.0,0.0,True,138.5,False,False
warning_acid_accumulation,BAC_G::Ruminiclostridium,Bacteria,2,0.0,0.0,True,138.0,False,False
warning_ammonia_toxicity,BAC_G::Ruminiclostridium,Bacteria,2,0.000714285714285709,0.010845066493089264,True,38.5,False,False
warning_biogas_quality,BAC_G::Ruminiclostridium,Bacteria,2,0.0,0.0,True,182.5,False,False
warning_acid_base_balance,BAC_G::Ruminococcus,Bacteria,2,0.0,0.0,True,138.0,False,False
warning_buffer_capacity,BAC_G::Ruminococcus,Bacteria,2,0.0,0.0,True,138.5,False,False
warning_acid_accumulation,BAC_G::Ruminococcus,Bacteria,2,0.0,0.0,True,138.0,False,False
warning_ammonia_toxicity,BAC_G::Ruminococcus,Bacteria,2,0.0,0.0,True,148.5,False,False
warning_biogas_quality,BAC_G::Ruminococcus,Bacteria,2,0.0,0.0,True,182.5,False,False
warning_acid_base_balance,BAC_G::SBR1031,Bacteria,2,0.0,0.0,True,138.0,False,False
warning_buffer_capacity,BAC_G::SBR1031,Bacteria,2,0.0,0.0,True,138.5,False,False
warning_acid_accumulation,BAC_G::SBR1031,Bacteria,2,0.0,0.0,True,138.0,False,False
warning_ammonia_toxicity,BAC_G::SBR1031,Bacteria,2,0.0,0.0,True,148.5,False,False
warning_biogas_quality,BAC_G::SBR1031,Bacteria,2,0.0,0.0,True,182.5,False,False
warning_acid_base_balance,BAC_G::SC-I-84,Bacteria,2,0.0,0.0,True,138.0,False,False
warning_buffer_capacity,BAC_G::SC-I-84,Bacteria,2,0.0,0.0,True,138.5,False,False
warning_acid_accumulation,BAC_G::SC-I-84,Bacteria,2,0.0,0.0,True,138.0,False,False
warning_ammonia_toxicity,BAC_G::SC-I-84,Bacteria,2,0.0,0.0,True,148.5,False,False
warning_biogas_quality,BAC_G::SC-I-84,Bacteria,2,0.0,0.0,True,182.5,False,False
warning_acid_base_balance,BAC_G::SC103,Bacteria,2,0.0,0.0,True,138.0,False,False
warning_buffer_capacity,BAC_G::SC103,Bacteria,2,0.0,0.0,True,138.5,False,False
warning_acid_accumulation,BAC_G::SC103,Bacteria,2,0.0,0.0,True,138.0,False,False
warning_ammonia_toxicity,BAC_G::SC103,Bacteria,2,0.0,0.0,True,148.5,False,False
warning_biogas_quality,BAC_G::SC103,Bacteria,2,0.005555555555555558,0.024845199749997673,True,81.0,False,False
warning_acid_base_balance,BAC_G::SJA-15,Bacteria,2,0.0,0.0,True,138.0,False,False
warning_buffer_capacity,BAC_G::SJA-15,Bacteria,2,0.0,0.0,True,138.5,False,False
warning_acid_accumulation,BAC_G::SJA-15,Bacteria,2,0.0,0.0,True,138.0,False,False
warning_ammonia_toxicity,BAC_G::SJA-15,Bacteria,2,0.0,0.0,True,148.5,False,False
warning_biogas_quality,BAC_G::SJA-15,Bacteria,2,0.016666666666666673,0.040705283170280375,True,58.5,False,False
warning_acid_base_balance,BAC_G::SJA-28,Bacteria,2,0.0,0.0,True,138.0,False,False
warning_buffer_capacity,BAC_G::SJA-28,Bacteria,2,0.0,0.0,True,138.5,False,False
warning_acid_accumulation,BAC_G::SJA-28,Bacteria,2,0.0,0.0,True,138.0,False,False
warning_ammonia_toxicity,BAC_G::SJA-28,Bacteria,2,0.0,0.0,True,148.5,False,False
warning_biogas_quality,BAC_G::SJA-28,Bacteria,2,0.0,0.0,True,182.5,False,False
warning_acid_base_balance,BAC_G::ST-12K33,Bacteria,2,0.0,0.0,True,138.0,False,False
warning_buffer_capacity,BAC_G::ST-12K33,Bacteria,2,0.0,0.0,True,138.5,False,False
warning_acid_accumulation,BAC_G::ST-12K33,Bacteria,2,0.0,0.0,True,138.0,False,False
warning_ammonia_toxicity,BAC_G::ST-12K33,Bacteria,2,0.0,0.0,True,148.5,False,False
warning_biogas_quality,BAC_G::ST-12K33,Bacteria,2,0.0,0.0,True,182.5,False,False
warning_acid_base_balance,BAC_G::Saccharofermentans,Bacteria,2,0.0,0.0,True,138.0,False,False
warning_buffer_capacity,BAC_G::Saccharofermentans,Bacteria,2,0.0,0.0,True,138.5,False,False
warning_acid_accumulation,BAC_G::Saccharofermentans,Bacteria,2,0.0,0.0,True,138.0,False,False
warning_ammonia_toxicity,BAC_G::Saccharofermentans,Bacteria,2,0.0,0.0,True,148.5,False,False
warning_biogas_quality,BAC_G::Saccharofermentans,Bacteria,2,0.0,0.0,True,182.5,False,False
warning_acid_base_balance,BAC_G::Sedimentibacter,Bacteria,2,0.0,0.0,True,138.0,False,False
warning_buffer_capacity,BAC_G::Sedimentibacter,Bacteria,2,0.0,0.0,True,138.5,False,False
warning_acid_accumulation,BAC_G::Sedimentibacter,Bacteria,2,0.0,0.0,True,138.0,False,False
warning_ammonia_toxicity,BAC_G::Sedimentibacter,Bacteria,2,0.0,0.0,True,148.5,False,False
warning_biogas_quality,BAC_G::Sedimentibacter,Bacteria,2,0.09444444444444448,0.04070528317028038,True,12.5,False,True
warning_acid_base_balance,BAC_G::Shuttleworthia,Bacteria,2,0.0,0.0,True,138.0,False,False
warning_buffer_capacity,BAC_G::Shuttleworthia,Bacteria,2,0.0,0.0,True,138.5,False,False
warning_acid_accumulation,BAC_G::Shuttleworthia,Bacteria,2,0.0,0.0,True,138.0,False,False
warning_ammonia_toxicity,BAC_G::Shuttleworthia,Bacteria,2,0.0,0.0,True,148.5,False,False
warning_biogas_quality,BAC_G::Shuttleworthia,Bacteria,2,0.0,0.0,True,182.5,False,False
warning_acid_base_balance,BAC_G::Simplicispira,Bacteria,2,0.0,0.0,True,138.0,False,False
warning_buffer_capacity,BAC_G::Simplicispira,Bacteria,2,0.0,0.0,True,138.5,False,False
warning_acid_accumulation,BAC_G::Simplicispira,Bacteria,2,0.0,0.0,True,138.0,False,False
warning_ammonia_toxicity,BAC_G::Simplicispira,Bacteria,2,0.0,0.0,True,148.5,False,False
warning_biogas_quality,BAC_G::Simplicispira,Bacteria,2,0.0,0.0,True,182.5,False,False
warning_acid_base_balance,BAC_G::Smithella,Bacteria,2,0.0,0.0,True,138.0,False,False
warning_buffer_capacity,BAC_G::Smithella,Bacteria,2,0.0,0.0,True,138.5,False,False
warning_acid_accumulation,BAC_G::Smithella,Bacteria,2,0.0,0.0,True,138.0,False,False
warning_ammonia_toxicity,BAC_G::Smithella,Bacteria,2,0.0,0.0,True,148.5,False,False
warning_biogas_quality,BAC_G::Smithella,Bacteria,2,0.03333333333333335,0.052240260664625275,True,36.0,False,False
warning_acid_base_balance,BAC_G::Sphaerochaeta,Bacteria,2,0.0,0.0,True,138.0,False,False
warning_buffer_capacity,BAC_G::Sphaerochaeta,Bacteria,2,0.00010989010989011089,0.0029967663821628067,True,8.5,True,True
warning_acid_accumulation,BAC_G::Sphaerochaeta,Bacteria,2,0.0,0.0,True,138.0,False,False
warning_ammonia_toxicity,BAC_G::Sphaerochaeta,Bacteria,2,0.0,0.0,True,148.5,False,False
warning_biogas_quality,BAC_G::Sphaerochaeta,Bacteria,2,0.11111111111111116,0.0,True,4.0,True,True
warning_acid_base_balance,BAC_G::Stenotrophomonas,Bacteria,2,0.0,0.0,False,138.0,False,False
warning_buffer_capacity,BAC_G::Stenotrophomonas,Bacteria,2,0.0,0.0,False,138.5,False,False
warning_acid_accumulation,BAC_G::Stenotrophomonas,Bacteria,2,0.0,0.0,False,138.0,False,False
warning_ammonia_toxicity,BAC_G::Stenotrophomonas,Bacteria,2,0.0,0.0,False,148.5,False,False
warning_biogas_quality,BAC_G::Stenotrophomonas,Bacteria,2,0.0,0.0,False,182.5,False,False
warning_acid_base_balance,BAC_G::Sterolibacterium,Bacteria,2,0.0,0.0,True,138.0,False,False
warning_buffer_capacity,BAC_G::Sterolibacterium,Bacteria,2,0.0,0.0,True,138.5,False,False
warning_acid_accumulation,BAC_G::Sterolibacterium,Bacteria,2,0.0,0.0,True,138.0,False,False
warning_ammonia_toxicity,BAC_G::Sterolibacterium,Bacteria,2,0.0,0.0,True,148.5,False,False
warning_biogas_quality,BAC_G::Sterolibacterium,Bacteria,2,0.0,0.0,True,182.5,False,False
warning_acid_base_balance,BAC_G::Streptococcus,Bacteria,2,0.004732142857142863,0.02326642095669519,True,3.0,True,True
warning_buffer_capacity,BAC_G::Streptococcus,Bacteria,2,0.0,0.0,True,138.5,False,False
warning_acid_accumulation,BAC_G::Streptococcus,Bacteria,2,0.0,0.0,True,138.0,False,False
warning_ammonia_toxicity,BAC_G::Streptococcus,Bacteria,2,0.0004166666666666624,0.012234012123239824,True,41.0,False,False
warning_biogas_quality,BAC_G::Streptococcus,Bacteria,2,0.050000000000000024,0.056713087281560076,True,25.0,False,False
warning_acid_base_balance,BAC_G::Sutterella,Bacteria,2,0.0,0.0,False,138.0,False,False
warning_buffer_capacity,BAC_G::Sutterella,Bacteria,2,0.0,0.0,False,138.5,False,False
warning_acid_accumulation,BAC_G::Sutterella,Bacteria,2,0.0,0.0,False,138.0,False,False
warning_ammonia_toxicity,BAC_G::Sutterella,Bacteria,2,0.0,0.0,False,148.5,False,False
warning_biogas_quality,BAC_G::Sutterella,Bacteria,2,0.0,0.0,False,182.5,False,False
warning_acid_base_balance,BAC_G::Syner-01,Bacteria,2,0.0,0.0,True,138.0,False,False
warning_buffer_capacity,BAC_G::Syner-01,Bacteria,2,0.0,0.0,True,138.5,False,False
warning_acid_accumulation,BAC_G::Syner-01,Bacteria,2,0.0,0.0,True,138.0,False,False
warning_ammonia_toxicity,BAC_G::Syner-01,Bacteria,2,0.0,0.0,True,148.5,False,False
warning_biogas_quality,BAC_G::Syner-01,Bacteria,2,0.0,0.0,True,182.5,False,False
warning_acid_base_balance,BAC_G::Syntrophaceticus,Bacteria,2,0.0,0.0,True,138.0,False,False
warning_buffer_capacity,BAC_G::Syntrophaceticus,Bacteria,2,0.0,0.0,True,138.5,False,False
warning_acid_accumulation,BAC_G::Syntrophaceticus,Bacteria,2,0.0,0.0,True,138.0,False,False
warning_ammonia_toxicity,BAC_G::Syntrophaceticus,Bacteria,2,0.0,0.0,True,148.5,False,False
warning_biogas_quality,BAC_G::Syntrophaceticus,Bacteria,2,0.0,0.0,True,182.5,False,False
warning_acid_base_balance,BAC_G::Syntrophobacter,Bacteria,2,0.0,0.0,True,138.0,False,False
warning_buffer_capacity,BAC_G::Syntrophobacter,Bacteria,2,0.0,0.0,True,138.5,False,False
warning_acid_accumulation,BAC_G::Syntrophobacter,Bacteria,2,0.0,0.0,True,138.0,False,False
warning_ammonia_toxicity,BAC_G::Syntrophobacter,Bacteria,2,0.0,0.0,True,148.5,False,False
warning_biogas_quality,BAC_G::Syntrophobacter,Bacteria,2,0.0,0.0,True,182.5,False,False
warning_acid_base_balance,BAC_G::Syntrophococcus,Bacteria,2,0.0,0.0,True,138.0,False,False
warning_buffer_capacity,BAC_G::Syntrophococcus,Bacteria,2,0.0,0.0,True,138.5,False,False
warning_acid_accumulation,BAC_G::Syntrophococcus,Bacteria,2,0.0,0.0,True,138.0,False,False
warning_ammonia_toxicity,BAC_G::Syntrophococcus,Bacteria,2,0.000714285714285709,0.010845066493089263,True,38.5,False,False
warning_biogas_quality,BAC_G::Syntrophococcus,Bacteria,2,0.0,0.0,True,182.5,False,False
warning_acid_base_balance,BAC_G::Syntrophomonas,Bacteria,2,0.0,0.0,True,138.0,False,False
warning_buffer_capacity,BAC_G::Syntrophomonas,Bacteria,2,0.0,0.0,True,138.5,False,False
warning_acid_accumulation,BAC_G::Syntrophomonas,Bacteria,2,0.0,0.0,True,138.0,False,False
warning_ammonia_toxicity,BAC_G::Syntrophomonas,Bacteria,2,-0.005000000000000007,0.012211584951084126,True,266.0,False,False
warning_biogas_quality,BAC_G::Syntrophomonas,Bacteria,2,0.05555555555555558,0.05699879733806414,True,21.0,False,False
warning_acid_base_balance,BAC_G::Syntrophorhabdus,Bacteria,2,0.0,0.0,True,138.0,False,False
warning_buffer_capacity,BAC_G::Syntrophorhabdus,Bacteria,2,0.0,0.0,True,138.5,False,False
warning_acid_accumulation,BAC_G::Syntrophorhabdus,Bacteria,2,0.0,0.0,True,138.0,False,False
warning_ammonia_toxicity,BAC_G::Syntrophorhabdus,Bacteria,2,0.0,0.0,True,148.5,False,False
warning_biogas_quality,BAC_G::Syntrophorhabdus,Bacteria,2,0.03333333333333335,0.052240260664625275,True,36.0,False,False
warning_acid_base_balance,BAC_G::Syntrophus,Bacteria,2,0.0,0.0,True,138.0,False,False
warning_buffer_capacity,BAC_G::Syntrophus,Bacteria,2,0.0,0.0,True,138.5,False,False
warning_acid_accumulation,BAC_G::Syntrophus,Bacteria,2,0.0,0.0,True,138.0,False,False
warning_ammonia_toxicity,BAC_G::Syntrophus,Bacteria,2,0.0,0.0,True,148.5,False,False
warning_biogas_quality,BAC_G::Syntrophus,Bacteria,2,0.0,0.0,True,182.5,False,False
warning_acid_base_balance,BAC_G::TTA-B1,Bacteria,2,0.0,0.0,True,138.0,False,False
warning_buffer_capacity,BAC_G::TTA-B1,Bacteria,2,0.0,0.0,True,138.5,False,False
warning_acid_accumulation,BAC_G::TTA-B1,Bacteria,2,0.0,0.0,True,138.0,False,False
warning_ammonia_toxicity,BAC_G::TTA-B1,Bacteria,2,0.0,0.0,True,148.5,False,False
warning_biogas_quality,BAC_G::TTA-B1,Bacteria,2,0.0,0.0,True,182.5,False,False
warning_acid_base_balance,BAC_G::Tepidimicrobium,Bacteria,2,0.0,0.0,True,138.0,False,False
warning_buffer_capacity,BAC_G::Tepidimicrobium,Bacteria,2,0.0,0.0,True,138.5,False,False
warning_acid_accumulation,BAC_G::Tepidimicrobium,Bacteria,2,0.0,0.0,True,138.0,False,False
warning_ammonia_toxicity,BAC_G::Tepidimicrobium,Bacteria,2,-0.0030952380952381092,0.017701493750869005,True,263.5,False,False
warning_biogas_quality,BAC_G::Tepidimicrobium,Bacteria,2,0.0,0.0,True,182.5,False,False
warning_acid_base_balance,BAC_G::Terrimonas,Bacteria,2,0.0,0.0,True,138.0,False,False
warning_buffer_capacity,BAC_G::Terrimonas,Bacteria,2,0.0,0.0,True,138.5,False,False
warning_acid_accumulation,BAC_G::Terrimonas,Bacteria,2,0.0,0.0,True,138.0,False,False
warning_ammonia_toxicity,BAC_G::Terrimonas,Bacteria,2,0.0,0.0,True,148.5,False,False
warning_biogas_quality,BAC_G::Terrimonas,Bacteria,2,0.0,0.0,True,182.5,False,False
warning_acid_base_balance,BAC_G::Tetrasphaera,Bacteria,2,0.0,0.0,True,138.0,False,False
warning_buffer_capacity,BAC_G::Tetrasphaera,Bacteria,2,0.0,0.0,True,138.5,False,False
warning_acid_accumulation,BAC_G::Tetrasphaera,Bacteria,2,0.0,0.0,True,138.0,False,False
warning_ammonia_toxicity,BAC_G::Tetrasphaera,Bacteria,2,0.0,0.0,True,148.5,False,False
warning_biogas_quality,BAC_G::Tetrasphaera,Bacteria,2,0.0,0.0,True,182.5,False,False
warning_acid_base_balance,BAC_G::Thauera,Bacteria,2,0.0,0.0,True,138.0,False,False
warning_buffer_capacity,BAC_G::Thauera,Bacteria,2,0.0,0.0,True,138.5,False,False
warning_acid_accumulation,BAC_G::Thauera,Bacteria,2,0.0,0.0,True,138.0,False,False
warning_ammonia_toxicity,BAC_G::Thauera,Bacteria,2,0.0,0.0,True,148.5,False,False
warning_biogas_quality,BAC_G::Thauera,Bacteria,2,0.0,0.0,True,182.5,False,False
warning_acid_base_balance,BAC_G::Thermoanaerobaculum,Bacteria,2,0.0,0.0,True,138.0,False,False
warning_buffer_capacity,BAC_G::Thermoanaerobaculum,Bacteria,2,0.0,0.0,True,138.5,False,False
warning_acid_accumulation,BAC_G::Thermoanaerobaculum,Bacteria,2,0.0,0.0,True,138.0,False,False
warning_ammonia_toxicity,BAC_G::Thermoanaerobaculum,Bacteria,2,0.0,0.0,True,148.5,False,False
warning_biogas_quality,BAC_G::Thermoanaerobaculum,Bacteria,2,0.0,0.0,True,182.5,False,False
warning_acid_base_balance,BAC_G::Thermomonas,Bacteria,2,0.0,0.0,True,138.0,False,False
warning_buffer_capacity,BAC_G::Thermomonas,Bacteria,2,0.0,0.0,True,138.5,False,False
warning_acid_accumulation,BAC_G::Thermomonas,Bacteria,2,0.0,0.0,True,138.0,False,False
warning_ammonia_toxicity,BAC_G::Thermomonas,Bacteria,2,0.0,0.0,True,148.5,False,False
warning_biogas_quality,BAC_G::Thermomonas,Bacteria,2,0.011111111111111117,0.034199278402838484,True,68.0,False,False
warning_acid_base_balance,BAC_G::Thermovirga,Bacteria,2,0.0,0.0,True,138.0,False,False
warning_buffer_capacity,BAC_G::Thermovirga,Bacteria,2,0.0,0.0,True,138.5,False,False
warning_acid_accumulation,BAC_G::Thermovirga,Bacteria,2,0.0,0.0,True,138.0,False,False
warning_ammonia_toxicity,BAC_G::Thermovirga,Bacteria,2,0.0,0.0,True,148.5,False,False
warning_biogas_quality,BAC_G::Thermovirga,Bacteria,2,0.0,0.0,True,182.5,False,False
warning_acid_base_balance,BAC_G::Thermus,Bacteria,2,0.0,0.0,False,138.0,False,False
warning_buffer_capacity,BAC_G::Thermus,Bacteria,2,0.0,0.0,False,138.5,False,False
warning_acid_accumulation,BAC_G::Thermus,Bacteria,2,0.0,0.0,False,138.0,False,False
warning_ammonia_toxicity,BAC_G::Thermus,Bacteria,2,0.0,0.0,False,148.5,False,False
warning_biogas_quality,BAC_G::Thermus,Bacteria,2,0.0,0.0,False,182.5,False,False
warning_acid_base_balance,BAC_G::Tissierella,Bacteria,2,0.0,0.0,True,138.0,False,False
warning_buffer_capacity,BAC_G::Tissierella,Bacteria,2,0.0,0.0,True,138.5,False,False
warning_acid_accumulation,BAC_G::Tissierella,Bacteria,2,0.0,0.0,True,138.0,False,False
warning_ammonia_toxicity,BAC_G::Tissierella,Bacteria,2,0.004761904761904756,0.00977122240081098,True,20.0,False,True
warning_biogas_quality,BAC_G::Tissierella,Bacteria,2,0.005555555555555558,0.024845199749997673,True,81.0,False,False
warning_acid_base_balance,BAC_G::Treponema,Bacteria,2,0.0,0.0,False,138.0,False,False
warning_buffer_capacity,BAC_G::Treponema,Bacteria,2,0.0,0.0,False,138.5,False,False
warning_acid_accumulation,BAC_G::Treponema,Bacteria,2,0.0,0.0,False,138.0,False,False
warning_ammonia_toxicity,BAC_G::Treponema,Bacteria,2,0.0,0.0,False,148.5,False,False
warning_biogas_quality,BAC_G::Treponema,Bacteria,2,0.0,0.0,False,182.5,False,False
warning_acid_base_balance,BAC_G::Truepera,Bacteria,2,0.0,0.0,False,138.0,False,False
warning_buffer_capacity,BAC_G::Truepera,Bacteria,2,0.0,0.0,False,138.5,False,False
warning_acid_accumulation,BAC_G::Truepera,Bacteria,2,0.0,0.0,False,138.0,False,False
warning_ammonia_toxicity,BAC_G::Truepera,Bacteria,2,0.0,0.0,False,148.5,False,False
warning_biogas_quality,BAC_G::Truepera,Bacteria,2,0.0,0.0,False,182.5,False,False
warning_acid_base_balance,BAC_G::UCG-010,Bacteria,2,0.0,0.0,True,138.0,False,False
warning_buffer_capacity,BAC_G::UCG-010,Bacteria,2,0.0,0.0,True,138.5,False,False
warning_acid_accumulation,BAC_G::UCG-010,Bacteria,2,0.0,0.0,True,138.0,False,False
warning_ammonia_toxicity,BAC_G::UCG-010,Bacteria,2,0.0,0.0,True,148.5,False,False
warning_biogas_quality,BAC_G::UCG-010,Bacteria,2,0.0,0.0,True,182.5,False,False
warning_acid_base_balance,BAC_G::W27,Bacteria,2,0.0,0.0,True,138.0,False,False
warning_buffer_capacity,BAC_G::W27,Bacteria,2,0.0,0.0,True,138.5,False,False
warning_acid_accumulation,BAC_G::W27,Bacteria,2,0.0,0.0,True,138.0,False,False
warning_ammonia_toxicity,BAC_G::W27,Bacteria,2,0.003571428571428567,0.00872256067934578,True,22.5,False,False
warning_biogas_quality,BAC_G::W27,Bacteria,2,0.011111111111111117,0.03419927840283849,True,68.0,False,False
warning_acid_base_balance,BAC_G::W5,Bacteria,2,0.0,0.0,True,138.0,False,False
warning_buffer_capacity,BAC_G::W5,Bacteria,2,0.0,0.0,True,138.5,False,False
warning_acid_accumulation,BAC_G::W5,Bacteria,2,0.0,0.0,True,138.0,False,False
warning_ammonia_toxicity,BAC_G::W5,Bacteria,2,0.0,0.0,True,148.5,False,False
warning_biogas_quality,BAC_G::W5,Bacteria,2,0.016666666666666673,0.040705283170280375,True,58.5,False,False
warning_acid_base_balance,BAC_G::W5053,Bacteria,2,0.0,0.0,True,138.0,False,False
warning_buffer_capacity,BAC_G::W5053,Bacteria,2,0.0,0.0,True,138.5,False,False
warning_acid_accumulation,BAC_G::W5053,Bacteria,2,0.0,0.0,True,138.0,False,False
warning_ammonia_toxicity,BAC_G::W5053,Bacteria,2,0.0214285714285714,0.007328416800608234,True,7.0,True,True
warning_biogas_quality,BAC_G::W5053,Bacteria,2,0.022222222222222233,0.04559903787045132,True,49.0,False,False
warning_acid_base_balance,BAC_G::WCHB1-02,Bacteria,2,0.0,0.0,True,138.0,False,False
warning_buffer_capacity,BAC_G::WCHB1-02,Bacteria,2,0.0,0.0,True,138.5,False,False
warning_acid_accumulation,BAC_G::WCHB1-02,Bacteria,2,0.0,0.0,True,138.0,False,False
warning_ammonia_toxicity,BAC_G::WCHB1-02,Bacteria,2,0.0,0.0,True,148.5,False,False
warning_biogas_quality,BAC_G::WCHB1-02,Bacteria,2,0.0,0.0,True,182.5,False,False
warning_acid_base_balance,BAC_G::WCHB1-41,Bacteria,2,0.0,0.0,True,138.0,False,False
warning_buffer_capacity,BAC_G::WCHB1-41,Bacteria,2,0.0,0.0,True,138.5,False,False
warning_acid_accumulation,BAC_G::WCHB1-41,Bacteria,2,0.0,0.0,True,138.0,False,False
warning_ammonia_toxicity,BAC_G::WCHB1-41,Bacteria,2,0.0,0.0,True,148.5,False,False
warning_biogas_quality,BAC_G::WCHB1-41,Bacteria,2,0.0,0.0,True,182.5,False,False
warning_acid_base_balance,BAC_G::WCHB1-81,Bacteria,2,0.0,0.0,True,138.0,False,False
warning_buffer_capacity,BAC_G::WCHB1-81,Bacteria,2,0.0,0.0,True,138.5,False,False
warning_acid_accumulation,BAC_G::WCHB1-81,Bacteria,2,0.0,0.0,True,138.0,False,False
warning_ammonia_toxicity,BAC_G::WCHB1-81,Bacteria,2,0.0,0.0,True,148.5,False,False
warning_biogas_quality,BAC_G::WCHB1-81,Bacteria,2,0.0,0.0,True,182.5,False,False
warning_acid_base_balance,BAC_G::Zoogloea,Bacteria,2,0.0,0.0,True,138.0,False,False
warning_buffer_capacity,BAC_G::Zoogloea,Bacteria,2,0.0,0.0,True,138.5,False,False
warning_acid_accumulation,BAC_G::Zoogloea,Bacteria,2,0.0,0.0,True,138.0,False,False
warning_ammonia_toxicity,BAC_G::Zoogloea,Bacteria,2,0.0,0.0,True,148.5,False,False
warning_biogas_quality,BAC_G::Zoogloea,Bacteria,2,0.005555555555555558,0.024845199749997677,True,81.0,False,False
warning_acid_base_balance,BAC_G::p-251-o5,Bacteria,2,0.0,0.0,True,138.0,False,False
warning_buffer_capacity,BAC_G::p-251-o5,Bacteria,2,0.0,0.0,True,138.5,False,False
warning_acid_accumulation,BAC_G::p-251-o5,Bacteria,2,0.0,0.0,True,138.0,False,False
warning_ammonia_toxicity,BAC_G::p-251-o5,Bacteria,2,0.0,0.0,True,148.5,False,False
warning_biogas_quality,BAC_G::p-251-o5,Bacteria,2,0.0,0.0,True,182.5,False,False
warning_acid_base_balance,BAC_G::unidentified,Bacteria,2,0.0,0.0,True,138.0,False,False
warning_buffer_capacity,BAC_G::unidentified,Bacteria,2,0.0,0.0,True,138.5,False,False
warning_acid_accumulation,BAC_G::unidentified,Bacteria,2,0.0,0.0,True,138.0,False,False
warning_ammonia_toxicity,BAC_G::unidentified,Bacteria,2,0.002380952380952378,0.007328416800608235,True,25.5,False,False
warning_biogas_quality,BAC_G::unidentified,Bacteria,2,0.011111111111111117,0.034199278402838484,True,68.0,False,False
warning_acid_base_balance,ARC_P::Aenigmarchaeota,Archaea,2,0.0,0.0,True,138.0,False,False
warning_buffer_capacity,ARC_P::Aenigmarchaeota,Archaea,2,0.0,0.0,True,138.5,False,False
warning_acid_accumulation,ARC_P::Aenigmarchaeota,Archaea,2,0.0,0.0,True,138.0,False,False
warning_ammonia_toxicity,ARC_P::Aenigmarchaeota,Archaea,2,0.0,0.0,True,148.5,False,False
warning_biogas_quality,ARC_P::Aenigmarchaeota,Archaea,2,0.0,0.0,True,182.5,False,False
warning_acid_base_balance,ARC_P::Asgardarchaeota,Archaea,2,0.0,0.0,True,138.0,False,False
warning_buffer_capacity,ARC_P::Asgardarchaeota,Archaea,2,0.0,0.0,True,138.5,False,False
warning_acid_accumulation,ARC_P::Asgardarchaeota,Archaea,2,0.0,0.0,True,138.0,False,False
warning_ammonia_toxicity,ARC_P::Asgardarchaeota,Archaea,2,0.0,0.0,True,148.5,False,False
warning_biogas_quality,ARC_P::Asgardarchaeota,Archaea,2,0.0,0.0,True,182.5,False,False
warning_acid_base_balance,ARC_P::Crenarchaeota,Archaea,2,0.0,0.0,True,138.0,False,False
warning_buffer_capacity,ARC_P::Crenarchaeota,Archaea,2,0.0,0.0,True,138.5,False,False
warning_acid_accumulation,ARC_P::Crenarchaeota,Archaea,2,0.0,0.0,True,138.0,False,False
warning_ammonia_toxicity,ARC_P::Crenarchaeota,Archaea,2,0.001190476190476189,0.005323971374999493,True,33.0,False,False
warning_biogas_quality,ARC_P::Crenarchaeota,Archaea,2,0.016666666666666673,0.040705283170280375,True,58.5,False,False
warning_acid_base_balance,ARC_P::Cryptomycota,Archaea,2,0.0,0.0,True,138.0,False,False
warning_buffer_capacity,ARC_P::Cryptomycota,Archaea,2,0.0,0.0,True,138.5,False,False
warning_acid_accumulation,ARC_P::Cryptomycota,Archaea,2,0.0,0.0,True,138.0,False,False
warning_ammonia_toxicity,ARC_P::Cryptomycota,Archaea,2,0.0,0.0,True,148.5,False,False
warning_biogas_quality,ARC_P::Cryptomycota,Archaea,2,0.0,0.0,True,182.5,False,False
warning_acid_base_balance,ARC_P::Euryarchaeota,Archaea,2,0.0,0.0,True,138.0,False,False
warning_buffer_capacity,ARC_P::Euryarchaeota,Archaea,2,0.0,0.0,True,138.5,False,False
warning_acid_accumulation,ARC_P::Euryarchaeota,Archaea,2,0.0,0.0,True,138.0,False,False
warning_ammonia_toxicity,ARC_P::Euryarchaeota,Archaea,2,0.008333333333333323,0.011651440117371245,True,12.5,False,True
warning_biogas_quality,ARC_P::Euryarchaeota,Archaea,2,0.050000000000000024,0.05671308728156007,True,25.0,False,False
warning_acid_base_balance,ARC_P::Hadarchaeota,Archaea,2,0.0,0.0,True,138.0,False,False
warning_buffer_capacity,ARC_P::Hadarchaeota,Archaea,2,0.0,0.0,True,138.5,False,False
warning_acid_accumulation,ARC_P::Hadarchaeota,Archaea,2,0.0,0.0,True,138.0,False,False
warning_ammonia_toxicity,ARC_P::Hadarchaeota,Archaea,2,0.0,0.0,True,148.5,False,False
warning_biogas_quality,ARC_P::Hadarchaeota,Archaea,2,0.0,0.0,True,182.5,False,False
warning_acid_base_balance,ARC_P::Halobacterota,Archaea,2,0.0,0.0,True,138.0,False,False
warning_buffer_capacity,ARC_P::Halobacterota,Archaea,2,0.0,0.0,True,138.5,False,False
warning_acid_accumulation,ARC_P::Halobacterota,Archaea,2,0.0,0.0,True,138.0,False,False
warning_ammonia_toxicity,ARC_P::Halobacterota,Archaea,2,0.001190476190476189,0.005323971374999493,True,33.0,False,False
warning_biogas_quality,ARC_P::Halobacterota,Archaea,2,0.04444444444444447,0.05584718777222609,True,28.5,False,False
warning_acid_base_balance,ARC_P::Holozoa,Archaea,2,0.0,0.0,True,138.0,False,False
warning_buffer_capacity,ARC_P::Holozoa,Archaea,2,0.0,0.0,True,138.5,False,False
warning_acid_accumulation,ARC_P::Holozoa,Archaea,2,0.0,0.0,True,138.0,False,False
warning_ammonia_toxicity,ARC_P::Holozoa,Archaea,2,0.0,0.0,True,148.5,False,False
warning_biogas_quality,ARC_P::Holozoa,Archaea,2,0.0,0.0,True,182.5,False,False
warning_acid_base_balance,ARC_P::Iainarchaeota,Archaea,2,0.0,0.0,True,138.0,False,False
warning_buffer_capacity,ARC_P::Iainarchaeota,Archaea,2,0.0,0.0,True,138.5,False,False
warning_acid_accumulation,ARC_P::Iainarchaeota,Archaea,2,0.0,0.0,True,138.0,False,False
warning_ammonia_toxicity,ARC_P::Iainarchaeota,Archaea,2,0.0,0.0,True,148.5,False,False
warning_biogas_quality,ARC_P::Iainarchaeota,Archaea,2,0.0,0.0,True,182.5,False,False
warning_acid_base_balance,ARC_P::Micrarchaeota,Archaea,2,0.0,0.0,True,138.0,False,False
warning_buffer_capacity,ARC_P::Micrarchaeota,Archaea,2,0.0,0.0,True,138.5,False,False
warning_acid_accumulation,ARC_P::Micrarchaeota,Archaea,2,0.0,0.0,True,138.0,False,False
warning_ammonia_toxicity,ARC_P::Micrarchaeota,Archaea,2,0.0,0.0,True,148.5,False,False
warning_biogas_quality,ARC_P::Micrarchaeota,Archaea,2,0.0,0.0,True,182.5,False,False
warning_acid_base_balance,ARC_P::Mollusca,Archaea,2,0.0,0.0,False,138.0,False,False
warning_buffer_capacity,ARC_P::Mollusca,Archaea,2,0.0,0.0,False,138.5,False,False
warning_acid_accumulation,ARC_P::Mollusca,Archaea,2,0.0,0.0,False,138.0,False,False
warning_ammonia_toxicity,ARC_P::Mollusca,Archaea,2,0.0,0.0,False,148.5,False,False
warning_biogas_quality,ARC_P::Mollusca,Archaea,2,0.0,0.0,False,182.5,False,False
warning_acid_base_balance,ARC_P::Nanoarchaeota,Archaea,2,0.0,0.0,True,138.0,False,False
warning_buffer_capacity,ARC_P::Nanoarchaeota,Archaea,2,0.0,0.0,True,138.5,False,False
warning_acid_accumulation,ARC_P::Nanoarchaeota,Archaea,2,0.0,0.0,True,138.0,False,False
warning_ammonia_toxicity,ARC_P::Nanoarchaeota,Archaea,2,0.0,0.0,True,148.5,False,False
warning_biogas_quality,ARC_P::Nanoarchaeota,Archaea,2,0.09444444444444448,0.040705283170280375,True,12.5,False,True
warning_acid_base_balance,ARC_P::Thermoplasmatota,Archaea,2,0.0,0.0,True,138.0,False,False
warning_buffer_capacity,ARC_P::Thermoplasmatota,Archaea,2,0.0,0.0,True,138.5,False,False
warning_acid_accumulation,ARC_P::Thermoplasmatota,Archaea,2,0.0,0.0,True,138.0,False,False
warning_ammonia_toxicity,ARC_P::Thermoplasmatota,Archaea,2,0.002380952380952378,0.007328416800608234,True,25.5,False,False
warning_biogas_quality,ARC_P::Thermoplasmatota,Archaea,2,0.0388888888888889,0.054373387214399244,True,31.5,False,False
warning_acid_base_balance,ARC_P::Vertebrata,Archaea,2,0.0,0.0,False,138.0,False,False
warning_buffer_capacity,ARC_P::Vertebrata,Archaea,2,0.0,0.0,False,138.5,False,False
warning_acid_accumulation,ARC_P::Vertebrata,Archaea,2,0.0,0.0,False,138.0,False,False
warning_ammonia_toxicity,ARC_P::Vertebrata,Archaea,2,0.0,0.0,False,148.5,False,False
warning_biogas_quality,ARC_P::Vertebrata,Archaea,2,0.0,0.0,False,182.5,False,False
warning_acid_base_balance,ARC_P::unidentified,Archaea,2,0.0,0.0,True,138.0,False,False
warning_buffer_capacity,ARC_P::unidentified,Archaea,2,0.0,0.0,True,138.5,False,False
warning_acid_accumulation,ARC_P::unidentified,Archaea,2,0.0,0.0,True,138.0,False,False
warning_ammonia_toxicity,ARC_P::unidentified,Archaea,2,-0.026666666666666707,0.013679711361135409,True,275.0,False,False
warning_biogas_quality,ARC_P::unidentified,Archaea,2,0.0,0.0,True,182.5,False,False
warning_acid_base_balance,ARC_G::Aenigmarchaeales,Archaea,2,0.0,0.0,True,138.0,False,False
warning_buffer_capacity,ARC_G::Aenigmarchaeales,Archaea,2,0.0,0.0,True,138.5,False,False
warning_acid_accumulation,ARC_G::Aenigmarchaeales,Archaea,2,0.0,0.0,True,138.0,False,False
warning_ammonia_toxicity,ARC_G::Aenigmarchaeales,Archaea,2,0.0,0.0,True,148.5,False,False
warning_biogas_quality,ARC_G::Aenigmarchaeales,Archaea,2,0.0,0.0,True,182.5,False,False
warning_acid_base_balance,ARC_G::Bathyarchaeia,Archaea,2,0.0,0.0,True,138.0,False,False
warning_buffer_capacity,ARC_G::Bathyarchaeia,Archaea,2,0.0,0.0,True,138.5,False,False
warning_acid_accumulation,ARC_G::Bathyarchaeia,Archaea,2,0.0,0.0,True,138.0,False,False
warning_ammonia_toxicity,ARC_G::Bathyarchaeia,Archaea,2,0.002380952380952378,0.007328416800608235,True,25.5,False,False
warning_biogas_quality,ARC_G::Bathyarchaeia,Archaea,2,0.0,0.0,True,182.5,False,False
warning_acid_base_balance,ARC_G::Candidatus_Iainarchaeum,Archaea,2,0.0,0.0,True,138.0,False,False
warning_buffer_capacity,ARC_G::Candidatus_Iainarchaeum,Archaea,2,0.0,0.0,True,138.5,False,False
warning_acid_accumulation,ARC_G::Candidatus_Iainarchaeum,Archaea,2,0.0,0.0,True,138.0,False,False
warning_ammonia_toxicity,ARC_G::Candidatus_Iainarchaeum,Archaea,2,0.0,0.0,True,148.5,False,False
warning_biogas_quality,ARC_G::Candidatus_Iainarchaeum,Archaea,2,0.0,0.0,True,182.5,False,False
warning_acid_base_balance,ARC_G::Candidatus_Methanofastidiosum,Archaea,2,0.0,0.0,True,138.0,False,False
warning_buffer_capacity,ARC_G::Candidatus_Methanofastidiosum,Archaea,2,0.0,0.0,True,138.5,False,False
warning_acid_accumulation,ARC_G::Candidatus_Methanofastidiosum,Archaea,2,0.0,0.0,True,138.0,False,False
warning_ammonia_toxicity,ARC_G::Candidatus_Methanofastidiosum,Archaea,2,0.008333333333333323,0.011651440117371245,True,12.5,False,True
warning_biogas_quality,ARC_G::Candidatus_Methanofastidiosum,Archaea,2,0.050000000000000024,0.05671308728156007,True,25.0,False,False
warning_acid_base_balance,ARC_G::Candidatus_Methanogranum,Archaea,2,0.0,0.0,True,138.0,False,False
warning_buffer_capacity,ARC_G::Candidatus_Methanogranum,Archaea,2,0.0,0.0,True,138.5,False,False
warning_acid_accumulation,ARC_G::Candidatus_Methanogranum,Archaea,2,0.0,0.0,True,138.0,False,False
warning_ammonia_toxicity,ARC_G::Candidatus_Methanogranum,Archaea,2,0.0,0.0,True,148.5,False,False
warning_biogas_quality,ARC_G::Candidatus_Methanogranum,Archaea,2,0.0,0.0,True,182.5,False,False
warning_acid_base_balance,ARC_G::Candidatus_Methanomethylicus,Archaea,2,0.0,0.0,True,138.0,False,False
warning_buffer_capacity,ARC_G::Candidatus_Methanomethylicus,Archaea,2,0.0,0.0,True,138.5,False,False
warning_acid_accumulation,ARC_G::Candidatus_Methanomethylicus,Archaea,2,0.0,0.0,True,138.0,False,False
warning_ammonia_toxicity,ARC_G::Candidatus_Methanomethylicus,Archaea,2,0.0,0.0,True,148.5,False,False
warning_biogas_quality,ARC_G::Candidatus_Methanomethylicus,Archaea,2,0.022222222222222233,0.04559903787045132,True,49.0,False,False
warning_acid_base_balance,ARC_G::Candidatus_Methanomethylophilus,Archaea,2,0.0,0.0,True,138.0,False,False
warning_buffer_capacity,ARC_G::Candidatus_Methanomethylophilus,Archaea,2,0.0,0.0,True,138.5,False,False
warning_acid_accumulation,ARC_G::Candidatus_Methanomethylophilus,Archaea,2,0.0,0.0,True,138.0,False,False
warning_ammonia_toxicity,ARC_G::Candidatus_Methanomethylophilus,Archaea,2,0.0,0.0,True,148.5,False,False
warning_biogas_quality,ARC_G::Candidatus_Methanomethylophilus,Archaea,2,0.0,0.0,True,182.5,False,False
warning_acid_base_balance,ARC_G::Candidatus_Methanoplasma,Archaea,2,0.0,0.0,True,138.0,False,False
warning_buffer_capacity,ARC_G::Candidatus_Methanoplasma,Archaea,2,0.0,0.0,True,138.5,False,False
warning_acid_accumulation,ARC_G::Candidatus_Methanoplasma,Archaea,2,0.0,0.0,True,138.0,False,False
warning_ammonia_toxicity,ARC_G::Candidatus_Methanoplasma,Archaea,2,0.0,0.0,True,148.5,False,False
warning_biogas_quality,ARC_G::Candidatus_Methanoplasma,Archaea,2,0.0,0.0,True,182.5,False,False
warning_acid_base_balance,ARC_G::Candidatus_Nitrocosmicus,Archaea,2,0.0,0.0,True,138.0,False,False
warning_buffer_capacity,ARC_G::Candidatus_Nitrocosmicus,Archaea,2,0.0,0.0,True,138.5,False,False
warning_acid_accumulation,ARC_G::Candidatus_Nitrocosmicus,Archaea,2,0.0,0.0,True,138.0,False,False
warning_ammonia_toxicity,ARC_G::Candidatus_Nitrocosmicus,Archaea,2,0.0,0.0,True,148.5,False,False
warning_biogas_quality,ARC_G::Candidatus_Nitrocosmicus,Archaea,2,0.0,0.0,True,182.5,False,False
warning_acid_base_balance,ARC_G::Hadarchaeales,Archaea,2,0.0,0.0,True,138.0,False,False
warning_buffer_capacity,ARC_G::Hadarchaeales,Archaea,2,0.0,0.0,True,138.5,False,False
warning_acid_accumulation,ARC_G::Hadarchaeales,Archaea,2,0.0,0.0,True,138.0,False,False
warning_ammonia_toxicity,ARC_G::Hadarchaeales,Archaea,2,0.0,0.0,True,148.5,False,False
warning_biogas_quality,ARC_G::Hadarchaeales,Archaea,2,0.0,0.0,True,182.5,False,False
warning_acid_base_balance,ARC_G::LKM11,Archaea,2,0.0,0.0,True,138.0,False,False
warning_buffer_capacity,ARC_G::LKM11,Archaea,2,0.0,0.0,True,138.5,False,False
warning_acid_accumulation,ARC_G::LKM11,Archaea,2,0.0,0.0,True,138.0,False,False
warning_ammonia_toxicity,ARC_G::LKM11,Archaea,2,0.0,0.0,True,148.5,False,False
warning_biogas_quality,ARC_G::LKM11,Archaea,2,0.0,0.0,True,182.5,False,False
warning_acid_base_balance,ARC_G::Lokiarchaeia,Archaea,2,0.0,0.0,True,138.0,False,False
warning_buffer_capacity,ARC_G::Lokiarchaeia,Archaea,2,0.0,0.0,True,138.5,False,False
warning_acid_accumulation,ARC_G::Lokiarchaeia,Archaea,2,0.0,0.0,True,138.0,False,False
warning_ammonia_toxicity,ARC_G::Lokiarchaeia,Archaea,2,0.0,0.0,True,148.5,False,False
warning_biogas_quality,ARC_G::Lokiarchaeia,Archaea,2,0.0,0.0,True,182.5,False,False
warning_acid_base_balance,ARC_G::Marine_Benthic_Group_D_and_DHVEG-1,Archaea,2,0.0034821428571428616,0.021367808412767128,True,4.0,True,True
warning_buffer_capacity,ARC_G::Marine_Benthic_Group_D_and_DHVEG-1,Archaea,2,0.0,0.0,True,138.5,False,False
warning_acid_accumulation,ARC_G::Marine_Benthic_Group_D_and_DHVEG-1,Archaea,2,0.0,0.0,True,138.0,False,False
warning_ammonia_toxicity,ARC_G::Marine_Benthic_Group_D_and_DHVEG-1,Archaea,2,0.0020833333333333316,0.009316949906249115,True,28.0,False,False
warning_biogas_quality,ARC_G::Marine_Benthic_Group_D_and_DHVEG-1,Archaea,2,0.022222222222222233,0.04559903787045131,True,49.0,False,False
warning_acid_base_balance,ARC_G::Methanimicrococcus,Archaea,2,0.0,0.0,True,138.0,False,False
warning_buffer_capacity,ARC_G::Methanimicrococcus,Archaea,2,0.0,0.0,True,138.5,False,False
warning_acid_accumulation,ARC_G::Methanimicrococcus,Archaea,2,0.0,0.0,True,138.0,False,False
warning_ammonia_toxicity,ARC_G::Methanimicrococcus,Archaea,2,0.0,0.0,True,148.5,False,False
warning_biogas_quality,ARC_G::Methanimicrococcus,Archaea,2,0.0,0.0,True,182.5,False,False
warning_acid_base_balance,ARC_G::Methanocorpusculum,Archaea,2,0.0,0.0,True,138.0,False,False
warning_buffer_capacity,ARC_G::Methanocorpusculum,Archaea,2,0.0,0.0,True,138.5,False,False
warning_acid_accumulation,ARC_G::Methanocorpusculum,Archaea,2,0.0,0.0,True,138.0,False,False
warning_ammonia_toxicity,ARC_G::Methanocorpusculum,Archaea,2,0.0,0.0,True,148.5,False,False
warning_biogas_quality,ARC_G::Methanocorpusculum,Archaea,2,0.0,0.0,True,182.5,False,False
warning_acid_base_balance,ARC_G::Methanoculleus,Archaea,2,0.0,0.0,True,138.0,False,False
warning_buffer_capacity,ARC_G::Methanoculleus,Archaea,2,0.0,0.0,True,138.5,False,False
warning_acid_accumulation,ARC_G::Methanoculleus,Archaea,2,0.0,0.0,True,138.0,False,False
warning_ammonia_toxicity,ARC_G::Methanoculleus,Archaea,2,0.0,0.0,True,148.5,False,False
warning_biogas_quality,ARC_G::Methanoculleus,Archaea,2,0.0666666666666667,0.055847187772226095,True,19.0,False,True
warning_acid_base_balance,ARC_G::Methanofollis,Archaea,2,-0.028035714285714258,0.03193501212467706,True,275.0,False,False
warning_buffer_capacity,ARC_G::Methanofollis,Archaea,2,-0.013600427350427347,0.006267730654610093,True,274.0,False,False
warning_acid_accumulation,ARC_G::Methanofollis,Archaea,2,0.0,0.0,True,138.0,False,False
warning_ammonia_toxicity,ARC_G::Methanofollis,Archaea,2,-0.04416666666666668,0.06230818518878936,True,276.0,False,False
warning_biogas_quality,ARC_G::Methanofollis,Archaea,2,0.0,0.0,True,182.5,False,False
warning_acid_base_balance,ARC_G::Methanogenium,Archaea,2,0.0,0.0,True,138.0,False,False
warning_buffer_capacity,ARC_G::Methanogenium,Archaea,2,0.0,0.0,True,138.5,False,False
warning_acid_accumulation,ARC_G::Methanogenium,Archaea,2,0.0,0.0,True,138.0,False,False
warning_ammonia_toxicity,ARC_G::Methanogenium,Archaea,2,0.0,0.0,True,148.5,False,False
warning_biogas_quality,ARC_G::Methanogenium,Archaea,2,0.0,0.0,True,182.5,False,False
warning_acid_base_balance,ARC_G::Methanolacinia,Archaea,2,0.0,0.0,True,138.0,False,False
warning_buffer_capacity,ARC_G::Methanolacinia,Archaea,2,0.0,0.0,True,138.5,False,False
warning_acid_accumulation,ARC_G::Methanolacinia,Archaea,2,0.0,0.0,True,138.0,False,False
warning_ammonia_toxicity,ARC_G::Methanolacinia,Archaea,2,0.0,0.0,True,148.5,False,False
warning_biogas_quality,ARC_G::Methanolacinia,Archaea,2,0.0,0.0,True,182.5,False,False
warning_acid_base_balance,ARC_G::Methanolinea,Archaea,2,0.0,0.0,True,138.0,False,False
warning_buffer_capacity,ARC_G::Methanolinea,Archaea,2,0.0,0.0,True,138.5,False,False
warning_acid_accumulation,ARC_G::Methanolinea,Archaea,2,0.0,0.0,True,138.0,False,False
warning_ammonia_toxicity,ARC_G::Methanolinea,Archaea,2,0.0,0.0,True,148.5,False,False
warning_biogas_quality,ARC_G::Methanolinea,Archaea,2,0.03333333333333335,0.052240260664625275,True,36.0,False,False
warning_acid_base_balance,ARC_G::Methanolobus,Archaea,2,0.0,0.0,True,138.0,False,False
warning_buffer_capacity,ARC_G::Methanolobus,Archaea,2,0.0,0.0,True,138.5,False,False
warning_acid_accumulation,ARC_G::Methanolobus,Archaea,2,0.0,0.0,True,138.0,False,False
warning_ammonia_toxicity,ARC_G::Methanolobus,Archaea,2,0.0,0.0,True,148.5,False,False
warning_biogas_quality,ARC_G::Methanolobus,Archaea,2,0.0,0.0,True,182.5,False,False
warning_acid_base_balance,ARC_G::Methanomassiliicoccus,Archaea,2,0.0,0.0,True,138.0,False,False
warning_buffer_capacity,ARC_G::Methanomassiliicoccus,Archaea,2,0.0,0.0,True,138.5,False,False
warning_acid_accumulation,ARC_G::Methanomassiliicoccus,Archaea,2,0.0,0.0,True,138.0,False,False
warning_ammonia_toxicity,ARC_G::Methanomassiliicoccus,Archaea,2,-0.013333333333333353,0.016754156331667845,True,271.0,False,False
warning_biogas_quality,ARC_G::Methanomassiliicoccus,Archaea,2,0.050000000000000024,0.056713087281560076,True,25.0,False,False
warning_acid_base_balance,ARC_G::Methanomethylovorans,Archaea,2,0.0,0.0,True,138.0,False,False
warning_buffer_capacity,ARC_G::Methanomethylovorans,Archaea,2,0.0,0.0,True,138.5,False,False
warning_acid_accumulation,ARC_G::Methanomethylovorans,Archaea,2,0.0,0.0,True,138.0,False,False
warning_ammonia_toxicity,ARC_G::Methanomethylovorans,Archaea,2,0.02261904761904759,0.0053239713749994935,True,4.5,True,True
warning_biogas_quality,ARC_G::Methanomethylovorans,Archaea,2,0.11111111111111116,0.0,True,4.0,True,True
warning_acid_base_balance,ARC_G::Methanoregula,Archaea,2,0.0,0.0,True,138.0,False,False
warning_buffer_capacity,ARC_G::Methanoregula,Archaea,2,-0.0015842490842490821,0.0141997227772316,True,272.0,False,False
warning_acid_accumulation,ARC_G::Methanoregula,Archaea,2,0.0,0.0,True,138.0,False,False
warning_ammonia_toxicity,ARC_G::Methanoregula,Archaea,2,-0.0016666666666666692,0.007453559924999309,True,259.5,False,False
warning_biogas_quality,ARC_G::Methanoregula,Archaea,2,0.005555555555555558,0.024845199749997677,True,81.0,False,False
warning_acid_base_balance,ARC_G::Methanosaeta,Archaea,2,0.0,0.0,True,138.0,False,False
warning_buffer_capacity,ARC_G::Methanosaeta,Archaea,2,0.0,0.0,True,138.5,False,False
warning_acid_accumulation,ARC_G::Methanosaeta,Archaea,2,0.0,0.0,True,138.0,False,False
warning_ammonia_toxicity,ARC_G::Methanosaeta,Archaea,2,0.0,0.0,True,148.5,False,False
warning_biogas_quality,ARC_G::Methanosaeta,Archaea,2,0.011111111111111117,0.034199278402838484,True,68.0,False,False
warning_acid_base_balance,ARC_G::Methanosarcina,Archaea,2,0.0,0.0,True,138.0,False,False
warning_buffer_capacity,ARC_G::Methanosarcina,Archaea,2,0.0,0.0,True,138.5,False,False
warning_acid_accumulation,ARC_G::Methanosarcina,Archaea,2,0.0,0.0,True,138.0,False,False
warning_ammonia_toxicity,ARC_G::Methanosarcina,Archaea,2,0.006666666666666654,0.014850972306422065,True,17.0,False,True
warning_biogas_quality,ARC_G::Methanosarcina,Archaea,2,0.016666666666666673,0.040705283170280375,True,58.5,False,False
warning_acid_base_balance,ARC_G::Methanosphaerula,Archaea,2,0.0,0.0,True,138.0,False,False
warning_buffer_capacity,ARC_G::Methanosphaerula,Archaea,2,0.0,0.0,True,138.5,False,False
warning_acid_accumulation,ARC_G::Methanosphaerula,Archaea,2,0.0,0.0,True,138.0,False,False
warning_ammonia_toxicity,ARC_G::Methanosphaerula,Archaea,2,-0.008809523809523826,0.017292234179860564,True,270.0,False,False
warning_biogas_quality,ARC_G::Methanosphaerula,Archaea,2,0.016666666666666673,0.040705283170280375,True,58.5,False,False
warning_acid_base_balance,ARC_G::Methanospirillum,Archaea,2,0.0,0.0,True,138.0,False,False
warning_buffer_capacity,ARC_G::Methanospirillum,Archaea,2,0.0,0.0,True,138.5,False,False
warning_acid_accumulation,ARC_G::Methanospirillum,Archaea,2,0.0,0.0,True,138.0,False,False
warning_ammonia_toxicity,ARC_G::Methanospirillum,Archaea,2,0.0,0.0,True,148.5,False,False
warning_biogas_quality,ARC_G::Methanospirillum,Archaea,2,0.11111111111111116,0.0,True,4.0,True,True
warning_acid_base_balance,ARC_G::Micrarchaeales,Archaea,2,0.0,0.0,True,138.0,False,False
warning_buffer_capacity,ARC_G::Micrarchaeales,Archaea,2,0.0,0.0,True,138.5,False,False
warning_acid_accumulation,ARC_G::Micrarchaeales,Archaea,2,0.0,0.0,True,138.0,False,False
warning_ammonia_toxicity,ARC_G::Micrarchaeales,Archaea,2,0.0,0.0,True,148.5,False,False
warning_biogas_quality,ARC_G::Micrarchaeales,Archaea,2,0.0,0.0,True,182.5,False,False
warning_acid_base_balance,ARC_G::Nitrososphaeraceae,Archaea,2,0.0,0.0,False,138.0,False,False
warning_buffer_capacity,ARC_G::Nitrososphaeraceae,Archaea,2,0.0,0.0,False,138.5,False,False
warning_acid_accumulation,ARC_G::Nitrososphaeraceae,Archaea,2,0.0,0.0,False,138.0,False,False
warning_ammonia_toxicity,ARC_G::Nitrososphaeraceae,Archaea,2,0.0,0.0,False,148.5,False,False
warning_biogas_quality,ARC_G::Nitrososphaeraceae,Archaea,2,0.0,0.0,False,182.5,False,False
warning_acid_base_balance,ARC_G::Rhinosporideacae,Archaea,2,0.0,0.0,True,138.0,False,False
warning_buffer_capacity,ARC_G::Rhinosporideacae,Archaea,2,0.0,0.0,True,138.5,False,False
warning_acid_accumulation,ARC_G::Rhinosporideacae,Archaea,2,0.0,0.0,True,138.0,False,False
warning_ammonia_toxicity,ARC_G::Rhinosporideacae,Archaea,2,0.0,0.0,True,148.5,False,False
warning_biogas_quality,ARC_G::Rhinosporideacae,Archaea,2,0.0,0.0,True,182.5,False,False
warning_acid_base_balance,ARC_G::RumEn_M2,Archaea,2,0.0,0.0,True,138.0,False,False
warning_buffer_capacity,ARC_G::RumEn_M2,Archaea,2,0.0,0.0,True,138.5,False,False
warning_acid_accumulation,ARC_G::RumEn_M2,Archaea,2,0.0,0.0,True,138.0,False,False
warning_ammonia_toxicity,ARC_G::RumEn_M2,Archaea,2,0.0,0.0,True,148.5,False,False
warning_biogas_quality,ARC_G::RumEn_M2,Archaea,2,0.0,0.0,True,182.5,False,False
warning_acid_base_balance,ARC_G::SCGC_AAA011-D5,Archaea,2,0.0,0.0,True,138.0,False,False
warning_buffer_capacity,ARC_G::SCGC_AAA011-D5,Archaea,2,0.0,0.0,True,138.5,False,False
warning_acid_accumulation,ARC_G::SCGC_AAA011-D5,Archaea,2,0.0,0.0,True,138.0,False,False
warning_ammonia_toxicity,ARC_G::SCGC_AAA011-D5,Archaea,2,0.0,0.0,True,148.5,False,False
warning_biogas_quality,ARC_G::SCGC_AAA011-D5,Archaea,2,0.10000000000000005,0.034199278402838484,True,9.0,True,True
warning_acid_base_balance,ARC_G::Teleostei,Archaea,2,0.0,0.0,False,138.0,False,False
warning_buffer_capacity,ARC_G::Teleostei,Archaea,2,0.0,0.0,False,138.5,False,False
warning_acid_accumulation,ARC_G::Teleostei,Archaea,2,0.0,0.0,False,138.0,False,False
warning_ammonia_toxicity,ARC_G::Teleostei,Archaea,2,0.0,0.0,False,148.5,False,False
warning_biogas_quality,ARC_G::Teleostei,Archaea,2,0.0,0.0,False,182.5,False,False
warning_acid_base_balance,ARC_G::Veneroida,Archaea,2,0.0,0.0,False,138.0,False,False
warning_buffer_capacity,ARC_G::Veneroida,Archaea,2,0.0,0.0,False,138.5,False,False
warning_acid_accumulation,ARC_G::Veneroida,Archaea,2,0.0,0.0,False,138.0,False,False
warning_ammonia_toxicity,ARC_G::Veneroida,Archaea,2,0.0,0.0,False,148.5,False,False
warning_biogas_quality,ARC_G::Veneroida,Archaea,2,0.0,0.0,False,182.5,False,False
warning_acid_base_balance,ARC_G::Woesearchaeales,Archaea,2,0.0,0.0,True,138.0,False,False
warning_buffer_capacity,ARC_G::Woesearchaeales,Archaea,2,0.0,0.0,True,138.5,False,False
warning_acid_accumulation,ARC_G::Woesearchaeales,Archaea,2,0.0,0.0,True,138.0,False,False
warning_ammonia_toxicity,ARC_G::Woesearchaeales,Archaea,2,0.0,0.0,True,148.5,False,False
warning_biogas_quality,ARC_G::Woesearchaeales,Archaea,2,0.016666666666666673,0.040705283170280375,True,58.5,False,False
warning_acid_base_balance,ARC_G::unidentified,Archaea,2,0.0,0.0,True,138.0,False,False
warning_buffer_capacity,ARC_G::unidentified,Archaea,2,0.0,0.0,True,138.5,False,False
warning_acid_accumulation,ARC_G::unidentified,Archaea,2,0.0,0.0,True,138.0,False,False
warning_ammonia_toxicity,ARC_G::unidentified,Archaea,2,-0.025000000000000033,0.014808721943977329,True,274.0,False,False
warning_biogas_quality,ARC_G::unidentified,Archaea,2,0.005555555555555558,0.024845199749997677,True,81.0,False,False
warning_acid_base_balance,Season,Metadata: operation/context,3,-0.0005419799498746901,0.0007372479829410049,True,262.5,False,False
warning_buffer_capacity,Season,Metadata: operation/context,3,-0.0023393711551606263,0.0017809070462628685,True,270.0,False,False
warning_acid_accumulation,Season,Metadata: operation/context,3,,,True,,False,False
warning_ammonia_toxicity,Season,Metadata: operation/context,3,-0.008333333333333354,0.01091089451179963,True,269.0,False,False
warning_biogas_quality,Season,Metadata: operation/context,3,,,True,,False,False
warning_acid_base_balance,substrate_type,Metadata: substrate,3,0.0,0.0,True,112.5,False,False
warning_buffer_capacity,substrate_type,Metadata: substrate,3,-0.0006493506493506482,0.0010176674155446459,True,254.5,False,False
warning_acid_accumulation,substrate_type,Metadata: substrate,3,,,True,,False,False
warning_ammonia_toxicity,substrate_type,Metadata: substrate,3,0.0,0.0,True,122.0,False,False
warning_biogas_quality,substrate_type,Metadata: substrate,3,,,True,,False,False
warning_acid_base_balance,HRT_d,Metadata: operation/context,3,0.0,0.0,True,112.5,False,False
warning_buffer_capacity,HRT_d,Metadata: operation/context,3,-0.00010822510822510804,0.0004839973977272263,True,223.5,False,False
warning_acid_accumulation,HRT_d,Metadata: operation/context,3,,,True,,False,False
warning_ammonia_toxicity,HRT_d,Metadata: operation/context,3,0.009071428571428541,0.014877047106608352,True,13.0,False,True
warning_biogas_quality,HRT_d,Metadata: operation/context,3,,,True,,False,False
warning_acid_base_balance,T_C,Metadata: operation/context,3,0.0,0.0,True,112.5,False,False
warning_buffer_capacity,T_C,Metadata: operation/context,3,0.0,0.0,True,109.0,False,False
warning_acid_accumulation,T_C,Metadata: operation/context,3,,,True,,False,False
warning_ammonia_toxicity,T_C,Metadata: operation/context,3,-0.0019285714285714628,0.013774889590984886,True,254.0,False,False
warning_biogas_quality,T_C,Metadata: operation/context,3,,,True,,False,False
warning_acid_base_balance,Q_total_Tpy,Metadata: operation/context,3,0.0,0.0,True,112.5,False,False
warning_buffer_capacity,Q_total_Tpy,Metadata: operation/context,3,-0.0007575757575757562,0.0010592218288519308,True,261.0,False,False
warning_acid_accumulation,Q_total_Tpy,Metadata: operation/context,3,,,True,,False,False
warning_ammonia_toxicity,Q_total_Tpy,Metadata: operation/context,3,0.0,0.0,True,122.0,False,False
warning_biogas_quality,Q_total_Tpy,Metadata: operation/context,3,,,True,,False,False
warning_acid_base_balance,substrate_avg_pH,Metadata: substrate,3,-0.0013544277360066886,0.0010201287120460715,True,273.0,False,False
warning_buffer_capacity,substrate_avg_pH,Metadata: substrate,3,0.0,0.0,True,109.0,False,False
warning_acid_accumulation,substrate_avg_pH,Metadata: substrate,3,,,True,,False,False
warning_ammonia_toxicity,substrate_avg_pH,Metadata: substrate,3,0.009793650793650754,0.016303608213984674,True,11.0,False,True
warning_biogas_quality,substrate_avg_pH,Metadata: substrate,3,,,True,,False,False
warning_acid_base_balance,substrate_avg_ALK,Metadata: substrate,3,-0.00023809523809524002,0.0004885611200405535,True,249.5,False,False
warning_buffer_capacity,substrate_avg_ALK,Metadata: substrate,3,-0.00010822510822510804,0.0004839973977272263,True,223.5,False,False
warning_acid_accumulation,substrate_avg_ALK,Metadata: substrate,3,,,True,,False,False
warning_ammonia_toxicity,substrate_avg_ALK,Metadata: substrate,3,-0.0027142857142857467,0.013149556971622517,True,260.0,False,False
warning_biogas_quality,substrate_avg_ALK,Metadata: substrate,3,,,True,,False,False
warning_acid_base_balance,substrate_avg_VS,Metadata: substrate,3,-0.00011904761904762001,0.0003664208400304152,True,235.5,False,False
warning_buffer_capacity,substrate_avg_VS,Metadata: substrate,3,0.0,0.0,True,109.0,False,False
warning_acid_accumulation,substrate_avg_VS,Metadata: substrate,3,,,True,,False,False
warning_ammonia_toxicity,substrate_avg_VS,Metadata: substrate,3,0.008335497835497769,0.02117425229129403,True,14.0,False,True
warning_biogas_quality,substrate_avg_VS,Metadata: substrate,3,,,True,,False,False
warning_acid_base_balance,substrate_avg_COD,Metadata: substrate,3,0.0,0.0,True,112.5,False,False
warning_buffer_capacity,substrate_avg_COD,Metadata: substrate,3,0.0,0.0,True,109.0,False,False
warning_acid_accumulation,substrate_avg_COD,Metadata: substrate,3,,,True,,False,False
warning_ammonia_toxicity,substrate_avg_COD,Metadata: substrate,3,-0.0014285714285714346,0.004397050080364965,True,246.5,False,False
warning_biogas_quality,substrate_avg_COD,Metadata: substrate,3,,,True,,False,False
warning_acid_base_balance,substrate_avg_sCOD,Metadata: substrate,3,0.0,0.0,True,112.5,False,False
warning_buffer_capacity,substrate_avg_sCOD,Metadata: substrate,3,0.0,0.0,True,109.0,False,False
warning_acid_accumulation,substrate_avg_sCOD,Metadata: substrate,3,,,True,,False,False
warning_ammonia_toxicity,substrate_avg_sCOD,Metadata: substrate,3,0.009166666666666639,0.014246849109598085,True,12.0,False,True
warning_biogas_quality,substrate_avg_sCOD,Metadata: substrate,3,,,True,,False,False
warning_acid_base_balance,substrate_avg_TC,Metadata: substrate,3,-0.00024436090225564004,0.0006456978961397634,True,251.0,False,False
warning_buffer_capacity,substrate_avg_TC,Metadata: substrate,3,0.0,0.0,True,109.0,False,False
warning_acid_accumulation,substrate_avg_TC,Metadata: substrate,3,,,True,,False,False
warning_ammonia_toxicity,substrate_avg_TC,Metadata: substrate,3,0.0033888888888888745,0.013964007385926265,True,20.0,False,True
warning_biogas_quality,substrate_avg_TC,Metadata: substrate,3,,,True,,False,False
warning_acid_base_balance,substrate_avg_Protein,Metadata: substrate,3,0.0,0.0,True,112.5,False,False
warning_buffer_capacity,substrate_avg_Protein,Metadata: substrate,3,0.0,0.0,True,109.0,False,False
warning_acid_accumulation,substrate_avg_Protein,Metadata: substrate,3,,,True,,False,False
warning_ammonia_toxicity,substrate_avg_Protein,Metadata: substrate,3,0.0067353757353756875,0.017831523738786766,True,15.0,False,True
warning_biogas_quality,substrate_avg_Protein,Metadata: substrate,3,,,True,,False,False
warning_acid_base_balance,substrate_avg_Lipid,Metadata: substrate,3,-5.9523809523810005e-05,0.00026619856874997717,True,227.0,False,False
warning_buffer_capacity,substrate_avg_Lipid,Metadata: substrate,3,-0.0005753018910913642,0.0016899159692516888,True,252.0,False,False
warning_acid_accumulation,substrate_avg_Lipid,Metadata: substrate,3,,,True,,False,False
warning_ammonia_toxicity,substrate_avg_Lipid,Metadata: substrate,3,-0.0016805694305694896,0.0409438261943226,True,253.0,False,False
warning_biogas_quality,substrate_avg_Lipid,Metadata: substrate,3,,,True,,False,False
warning_acid_base_balance,substrate_avg_TVFAs,Metadata: substrate,3,-0.00031746031746031844,0.0009337498147256829,True,253.0,False,False
warning_buffer_capacity,substrate_avg_TVFAs,Metadata: substrate,3,-0.00010822510822510804,0.0004839973977272263,True,223.5,False,False
warning_acid_accumulation,substrate_avg_TVFAs,Metadata: substrate,3,,,True,,False,False
warning_ammonia_toxicity,substrate_avg_TVFAs,Metadata: substrate,3,-0.0007142857142857173,0.003194382824999713,True,227.0,False,False
warning_biogas_quality,substrate_avg_TVFAs,Metadata: substrate,3,,,True,,False,False
warning_acid_base_balance,substrate_avg_HAc,Metadata: substrate,3,-0.00017857142857143,0.0004361280339672931,True,243.5,False,False
warning_buffer_capacity,substrate_avg_HAc,Metadata: substrate,3,0.0,0.0,True,109.0,False,False
warning_acid_accumulation,substrate_avg_HAc,Metadata: substrate,3,,,True,,False,False
warning_ammonia_toxicity,substrate_avg_HAc,Metadata: substrate,3,0.0,0.0,True,122.0,False,False
warning_biogas_quality,substrate_avg_HAc,Metadata: substrate,3,,,True,,False,False
warning_acid_base_balance,substrate_avg_HPro,Metadata: substrate,3,0.0,0.0,True,112.5,False,False
warning_buffer_capacity,substrate_avg_HPro,Metadata: substrate,3,0.0,0.0,True,109.0,False,False
warning_acid_accumulation,substrate_avg_HPro,Metadata: substrate,3,,,True,,False,False
warning_ammonia_toxicity,substrate_avg_HPro,Metadata: substrate,3,-0.0028571428571428693,0.00586273344048662,True,263.5,False,False
warning_biogas_quality,substrate_avg_HPro,Metadata: substrate,3,,,True,,False,False
warning_acid_base_balance,BAC_P::Abditibacteriota,Bacteria,3,0.0,0.0,True,112.5,False,False
warning_buffer_capacity,BAC_P::Abditibacteriota,Bacteria,3,0.0,0.0,True,109.0,False,False
warning_acid_accumulation,BAC_P::Abditibacteriota,Bacteria,3,,,True,,False,False
warning_ammonia_toxicity,BAC_P::Abditibacteriota,Bacteria,3,0.0,0.0,True,122.0,False,False
warning_biogas_quality,BAC_P::Abditibacteriota,Bacteria,3,,,True,,False,False
warning_acid_base_balance,BAC_P::Acetothermia,Bacteria,3,0.0,0.0,True,112.5,False,False
warning_buffer_capacity,BAC_P::Acetothermia,Bacteria,3,0.0,0.0,True,109.0,False,False
warning_acid_accumulation,BAC_P::Acetothermia,Bacteria,3,,,True,,False,False
warning_ammonia_toxicity,BAC_P::Acetothermia,Bacteria,3,0.0,0.0,True,122.0,False,False
warning_biogas_quality,BAC_P::Acetothermia,Bacteria,3,,,True,,False,False
warning_acid_base_balance,BAC_P::Acidobacteriota,Bacteria,3,0.0,0.0,True,112.5,False,False
warning_buffer_capacity,BAC_P::Acidobacteriota,Bacteria,3,0.0,0.0,True,109.0,False,False
warning_acid_accumulation,BAC_P::Acidobacteriota,Bacteria,3,,,True,,False,False
warning_ammonia_toxicity,BAC_P::Acidobacteriota,Bacteria,3,0.0,0.0,True,122.0,False,False
warning_biogas_quality,BAC_P::Acidobacteriota,Bacteria,3,,,True,,False,False
warning_acid_base_balance,BAC_P::Actinobacteriota,Bacteria,3,-5.9523809523810005e-05,0.00026619856874997717,True,227.0,False,False
warning_buffer_capacity,BAC_P::Actinobacteriota,Bacteria,3,0.0,0.0,True,109.0,False,False
warning_acid_accumulation,BAC_P::Actinobacteriota,Bacteria,3,,,True,,False,False
warning_ammonia_toxicity,BAC_P::Actinobacteriota,Bacteria,3,0.0,0.0,True,122.0,False,False
warning_biogas_quality,BAC_P::Actinobacteriota,Bacteria,3,,,True,,False,False
warning_acid_base_balance,BAC_P::Armatimonadota,Bacteria,3,0.0,0.0,True,112.5,False,False
warning_buffer_capacity,BAC_P::Armatimonadota,Bacteria,3,0.0,0.0,True,109.0,False,False
warning_acid_accumulation,BAC_P::Armatimonadota,Bacteria,3,,,True,,False,False
warning_ammonia_toxicity,BAC_P::Armatimonadota,Bacteria,3,0.0,0.0,True,122.0,False,False
warning_biogas_quality,BAC_P::Armatimonadota,Bacteria,3,,,True,,False,False
warning_acid_base_balance,BAC_P::Bacteroidota,Bacteria,3,0.0,0.0,True,112.5,False,False
warning_buffer_capacity,BAC_P::Bacteroidota,Bacteria,3,-0.00010822510822510804,0.0004839973977272263,True,223.5,False,False
warning_acid_accumulation,BAC_P::Bacteroidota,Bacteria,3,,,True,,False,False
warning_ammonia_toxicity,BAC_P::Bacteroidota,Bacteria,3,-0.0011428571428571844,0.015823950901299753,True,238.0,False,False
warning_biogas_quality,BAC_P::Bacteroidota,Bacteria,3,,,True,,False,False
warning_acid_base_balance,BAC_P::Bdellovibrionota,Bacteria,3,0.0,0.0,True,112.5,False,False
warning_buffer_capacity,BAC_P::Bdellovibrionota,Bacteria,3,0.0,0.0,True,109.0,False,False
warning_acid_accumulation,BAC_P::Bdellovibrionota,Bacteria,3,,,True,,False,False
warning_ammonia_toxicity,BAC_P::Bdellovibrionota,Bacteria,3,0.0,0.0,True,122.0,False,False
warning_biogas_quality,BAC_P::Bdellovibrionota,Bacteria,3,,,True,,False,False
warning_acid_base_balance,BAC_P::Caldatribacteriota,Bacteria,3,-0.00011904761904762001,0.00036642084003041513,True,235.5,False,False
warning_buffer_capacity,BAC_P::Caldatribacteriota,Bacteria,3,0.0,0.0,True,109.0,False,False
warning_acid_accumulation,BAC_P::Caldatribacteriota,Bacteria,3,,,True,,False,False
warning_ammonia_toxicity,BAC_P::Caldatribacteriota,Bacteria,3,-0.001069264069264092,0.014118326568546028,True,237.0,False,False
warning_biogas_quality,BAC_P::Caldatribacteriota,Bacteria,3,,,True,,False,False
warning_acid_base_balance,BAC_P::Caldisericota,Bacteria,3,0.0,0.0,True,112.5,False,False
warning_buffer_capacity,BAC_P::Caldisericota,Bacteria,3,0.0,0.0,True,109.0,False,False
warning_acid_accumulation,BAC_P::Caldisericota,Bacteria,3,,,True,,False,False
warning_ammonia_toxicity,BAC_P::Caldisericota,Bacteria,3,0.0,0.0,True,122.0,False,False
warning_biogas_quality,BAC_P::Caldisericota,Bacteria,3,,,True,,False,False
warning_acid_base_balance,BAC_P::Campilobacterota,Bacteria,3,0.0,0.0,True,112.5,False,False
warning_buffer_capacity,BAC_P::Campilobacterota,Bacteria,3,0.0,0.0,True,109.0,False,False
warning_acid_accumulation,BAC_P::Campilobacterota,Bacteria,3,,,True,,False,False
warning_ammonia_toxicity,BAC_P::Campilobacterota,Bacteria,3,0.0,0.0,True,122.0,False,False
warning_biogas_quality,BAC_P::Campilobacterota,Bacteria,3,,,True,,False,False
warning_acid_base_balance,BAC_P::Chloroflexi,Bacteria,3,0.0,0.0,True,112.5,False,False
warning_buffer_capacity,BAC_P::Chloroflexi,Bacteria,3,-0.0005627705627705628,0.0014450126487025974,True,251.0,False,False
warning_acid_accumulation,BAC_P::Chloroflexi,Bacteria,3,,,True,,False,False
warning_ammonia_toxicity,BAC_P::Chloroflexi,Bacteria,3,-0.0014285714285714346,0.004397050080364964,True,246.5,False,False
warning_biogas_quality,BAC_P::Chloroflexi,Bacteria,3,,,True,,False,False
warning_acid_base_balance,BAC_P::Cloacimonadota,Bacteria,3,0.0,0.0,True,112.5,False,False
warning_buffer_capacity,BAC_P::Cloacimonadota,Bacteria,3,-0.00021645021645021607,0.0006662197091462027,True,234.0,False,False
warning_acid_accumulation,BAC_P::Cloacimonadota,Bacteria,3,,,True,,False,False
warning_ammonia_toxicity,BAC_P::Cloacimonadota,Bacteria,3,0.0,0.0,True,122.0,False,False
warning_biogas_quality,BAC_P::Cloacimonadota,Bacteria,3,,,True,,False,False
warning_acid_base_balance,BAC_P::Coprothermobacterota,Bacteria,3,0.0,0.0,True,112.5,False,False
warning_buffer_capacity,BAC_P::Coprothermobacterota,Bacteria,3,0.0,0.0,True,109.0,False,False
warning_acid_accumulation,BAC_P::Coprothermobacterota,Bacteria,3,,,True,,False,False
warning_ammonia_toxicity,BAC_P::Coprothermobacterota,Bacteria,3,0.0,0.0,True,122.0,False,False
warning_biogas_quality,BAC_P::Coprothermobacterota,Bacteria,3,,,True,,False,False
warning_acid_base_balance,BAC_P::Cyanobacteria,Bacteria,3,0.0,0.0,True,112.5,False,False
warning_buffer_capacity,BAC_P::Cyanobacteria,Bacteria,3,0.0,0.0,True,109.0,False,False
warning_acid_accumulation,BAC_P::Cyanobacteria,Bacteria,3,,,True,,False,False
warning_ammonia_toxicity,BAC_P::Cyanobacteria,Bacteria,3,0.0,0.0,True,122.0,False,False
warning_biogas_quality,BAC_P::Cyanobacteria,Bacteria,3,,,True,,False,False
warning_acid_base_balance,BAC_P::Deinococcota,Bacteria,3,0.0,0.0,True,112.5,False,False
warning_buffer_capacity,BAC_P::Deinococcota,Bacteria,3,0.0,0.0,True,109.0,False,False
warning_acid_accumulation,BAC_P::Deinococcota,Bacteria,3,,,True,,False,False
warning_ammonia_toxicity,BAC_P::Deinococcota,Bacteria,3,0.0,0.0,True,122.0,False,False
warning_biogas_quality,BAC_P::Deinococcota,Bacteria,3,,,True,,False,False
warning_acid_base_balance,BAC_P::Dependentiae,Bacteria,3,-0.00011904761904762001,0.00036642084003041513,True,235.5,False,False
warning_buffer_capacity,BAC_P::Dependentiae,Bacteria,3,0.0,0.0,True,109.0,False,False
warning_acid_accumulation,BAC_P::Dependentiae,Bacteria,3,,,True,,False,False
warning_ammonia_toxicity,BAC_P::Dependentiae,Bacteria,3,-0.0007142857142857173,0.003194382824999713,True,227.0,False,False
warning_biogas_quality,BAC_P::Dependentiae,Bacteria,3,,,True,,False,False
warning_acid_base_balance,BAC_P::Desulfobacterota,Bacteria,3,-0.00107769423558898,0.000549095295744529,True,267.0,False,False
warning_buffer_capacity,BAC_P::Desulfobacterota,Bacteria,3,-0.002673160173160172,0.001598734518422302,True,271.0,False,False
warning_acid_accumulation,BAC_P::Desulfobacterota,Bacteria,3,,,True,,False,False
warning_ammonia_toxicity,BAC_P::Desulfobacterota,Bacteria,3,0.0030714285714285583,0.010418472811550953,True,21.0,False,False
warning_biogas_quality,BAC_P::Desulfobacterota,Bacteria,3,,,True,,False,False
warning_acid_base_balance,BAC_P::Elusimicrobiota,Bacteria,3,-5.9523809523810005e-05,0.00026619856874997717,True,227.0,False,False
warning_buffer_capacity,BAC_P::Elusimicrobiota,Bacteria,3,0.0003952569169960479,0.0008110500806997276,True,1.0,True,True
warning_acid_accumulation,BAC_P::Elusimicrobiota,Bacteria,3,,,True,,False,False
warning_ammonia_toxicity,BAC_P::Elusimicrobiota,Bacteria,3,0.0,0.0,True,122.0,False,False
warning_biogas_quality,BAC_P::Elusimicrobiota,Bacteria,3,,,True,,False,False
warning_acid_base_balance,BAC_P::Fermentibacterota,Bacteria,3,-0.00017857142857143,0.0004361280339672931,True,243.5,False,False
warning_buffer_capacity,BAC_P::Fermentibacterota,Bacteria,3,0.0,0.0,True,109.0,False,False
warning_acid_accumulation,BAC_P::Fermentibacterota,Bacteria,3,,,True,,False,False
warning_ammonia_toxicity,BAC_P::Fermentibacterota,Bacteria,3,0.0,0.0,True,122.0,False,False
warning_biogas_quality,BAC_P::Fermentibacterota,Bacteria,3,,,True,,False,False
warning_acid_base_balance,BAC_P::Fibrobacterota,Bacteria,3,0.0,0.0,True,112.5,False,False
warning_buffer_capacity,BAC_P::Fibrobacterota,Bacteria,3,0.0,0.0,True,109.0,False,False
warning_acid_accumulation,BAC_P::Fibrobacterota,Bacteria,3,,,True,,False,False
warning_ammonia_toxicity,BAC_P::Fibrobacterota,Bacteria,3,0.0,0.0,True,122.0,False,False
warning_biogas_quality,BAC_P::Fibrobacterota,Bacteria,3,,,True,,False,False
warning_acid_base_balance,BAC_P::Firmicutes,Bacteria,3,0.0,0.0,True,112.5,False,False
warning_buffer_capacity,BAC_P::Firmicutes,Bacteria,3,0.0,0.0,True,109.0,False,False
warning_acid_accumulation,BAC_P::Firmicutes,Bacteria,3,,,True,,False,False
warning_ammonia_toxicity,BAC_P::Firmicutes,Bacteria,3,0.01728571428571423,0.016267764808301596,True,8.0,True,True
warning_biogas_quality,BAC_P::Firmicutes,Bacteria,3,,,True,,False,False
warning_acid_base_balance,BAC_P::Fusobacteriota,Bacteria,3,0.0,0.0,True,112.5,False,False
warning_buffer_capacity,BAC_P::Fusobacteriota,Bacteria,3,0.0,0.0,True,109.0,False,False
warning_acid_accumulation,BAC_P::Fusobacteriota,Bacteria,3,,,True,,False,False
warning_ammonia_toxicity,BAC_P::Fusobacteriota,Bacteria,3,0.0,0.0,True,122.0,False,False
warning_biogas_quality,BAC_P::Fusobacteriota,Bacteria,3,,,True,,False,False
warning_acid_base_balance,BAC_P::Halanaerobiaeota,Bacteria,3,0.0,0.0,True,112.5,False,False
warning_buffer_capacity,BAC_P::Halanaerobiaeota,Bacteria,3,0.0,0.0,True,109.0,False,False
warning_acid_accumulation,BAC_P::Halanaerobiaeota,Bacteria,3,,,True,,False,False
warning_ammonia_toxicity,BAC_P::Halanaerobiaeota,Bacteria,3,0.0,0.0,True,122.0,False,False
warning_biogas_quality,BAC_P::Halanaerobiaeota,Bacteria,3,,,True,,False,False
warning_acid_base_balance,BAC_P::Marinimicrobia_(SAR406_clade),Bacteria,3,0.0,0.0,False,112.5,False,False
warning_buffer_capacity,BAC_P::Marinimicrobia_(SAR406_clade),Bacteria,3,0.0,0.0,False,109.0,False,False
warning_acid_accumulation,BAC_P::Marinimicrobia_(SAR406_clade),Bacteria,3,,,False,,False,False
warning_ammonia_toxicity,BAC_P::Marinimicrobia_(SAR406_clade),Bacteria,3,0.0,0.0,False,122.0,False,False
warning_biogas_quality,BAC_P::Marinimicrobia_(SAR406_clade),Bacteria,3,,,False,,False,False
warning_acid_base_balance,BAC_P::Patescibacteria,Bacteria,3,-0.00011904761904762001,0.0003664208400304152,True,235.5,False,False
warning_buffer_capacity,BAC_P::Patescibacteria,Bacteria,3,0.0,0.0,True,109.0,False,False
warning_acid_accumulation,BAC_P::Patescibacteria,Bacteria,3,,,True,,False,False
warning_ammonia_toxicity,BAC_P::Patescibacteria,Bacteria,3,0.0,0.0,True,122.0,False,False
warning_biogas_quality,BAC_P::Patescibacteria,Bacteria,3,,,True,,False,False
warning_acid_base_balance,BAC_P::Planctomycetota,Bacteria,3,-0.0006709956709956694,0.0013768540655688182,True,264.0,False,False
warning_buffer_capacity,BAC_P::Planctomycetota,Bacteria,3,-0.0003246753246753241,0.0007929600617587069,True,243.5,False,False
warning_acid_accumulation,BAC_P::Planctomycetota,Bacteria,3,,,True,,False,False
warning_ammonia_toxicity,BAC_P::Planctomycetota,Bacteria,3,-0.0007142857142857173,0.003194382824999713,True,227.0,False,False
warning_biogas_quality,BAC_P::Planctomycetota,Bacteria,3,,,True,,False,False
warning_acid_base_balance,BAC_P::Proteobacteria,Bacteria,3,0.0,0.0,True,112.5,False,False
warning_buffer_capacity,BAC_P::Proteobacteria,Bacteria,3,-0.00010822510822510804,0.0004839973977272263,True,223.5,False,False
warning_acid_accumulation,BAC_P::Proteobacteria,Bacteria,3,,,True,,False,False
warning_ammonia_toxicity,BAC_P::Proteobacteria,Bacteria,3,-0.0007142857142857173,0.0031943828249997135,True,227.0,False,False
warning_biogas_quality,BAC_P::Proteobacteria,Bacteria,3,,,True,,False,False
warning_acid_base_balance,BAC_P::Spirochaetota,Bacteria,3,-0.00041666666666667005,0.0005825720058685676,True,259.0,False,False
warning_buffer_capacity,BAC_P::Spirochaetota,Bacteria,3,-0.00021645021645021607,0.0006662197091462027,True,234.0,False,False
warning_acid_accumulation,BAC_P::Spirochaetota,Bacteria,3,,,True,,False,False
warning_ammonia_toxicity,BAC_P::Spirochaetota,Bacteria,3,0.0,0.0,True,122.0,False,False
warning_biogas_quality,BAC_P::Spirochaetota,Bacteria,3,,,True,,False,False
warning_acid_base_balance,BAC_P::Synergistota,Bacteria,3,0.0,0.0,True,112.5,False,False
warning_buffer_capacity,BAC_P::Synergistota,Bacteria,3,0.0,0.0,True,109.0,False,False
warning_acid_accumulation,BAC_P::Synergistota,Bacteria,3,,,True,,False,False
warning_ammonia_toxicity,BAC_P::Synergistota,Bacteria,3,-0.0014285714285714346,0.004397050080364965,True,246.5,False,False
warning_biogas_quality,BAC_P::Synergistota,Bacteria,3,,,True,,False,False
warning_acid_base_balance,BAC_P::Thermotogota,Bacteria,3,-0.0007330827067669202,0.000934691026894314,True,265.0,False,False
warning_buffer_capacity,BAC_P::Thermotogota,Bacteria,3,-0.002189564821143768,0.00267333567667312,True,269.0,False,False
warning_acid_accumulation,BAC_P::Thermotogota,Bacteria,3,,,True,,False,False
warning_ammonia_toxicity,BAC_P::Thermotogota,Bacteria,3,0.0,0.0,True,122.0,False,False
warning_biogas_quality,BAC_P::Thermotogota,Bacteria,3,,,True,,False,False
warning_acid_base_balance,BAC_P::Verrucomicrobiota,Bacteria,3,0.0,0.0,True,112.5,False,False
warning_buffer_capacity,BAC_P::Verrucomicrobiota,Bacteria,3,0.0,0.0,True,109.0,False,False
warning_acid_accumulation,BAC_P::Verrucomicrobiota,Bacteria,3,,,True,,False,False
warning_ammonia_toxicity,BAC_P::Verrucomicrobiota,Bacteria,3,0.0,0.0,True,122.0,False,False
warning_biogas_quality,BAC_P::Verrucomicrobiota,Bacteria,3,,,True,,False,False
warning_acid_base_balance,BAC_P::WS1,Bacteria,3,0.0,0.0,True,112.5,False,False
warning_buffer_capacity,BAC_P::WS1,Bacteria,3,0.0,0.0,True,109.0,False,False
warning_acid_accumulation,BAC_P::WS1,Bacteria,3,,,True,,False,False
warning_ammonia_toxicity,BAC_P::WS1,Bacteria,3,0.0,0.0,True,122.0,False,False
warning_biogas_quality,BAC_P::WS1,Bacteria,3,,,True,,False,False
warning_acid_base_balance,BAC_P::unidentified,Bacteria,3,0.0,0.0,True,112.5,False,False
warning_buffer_capacity,BAC_P::unidentified,Bacteria,3,-0.0003246753246753241,0.0007929600617587069,True,243.5,False,False
warning_acid_accumulation,BAC_P::unidentified,Bacteria,3,,,True,,False,False
warning_ammonia_toxicity,BAC_P::unidentified,Bacteria,3,7.142857142856119e-05,0.008297308455440596,True,29.0,False,False
warning_biogas_quality,BAC_P::unidentified,Bacteria,3,,,True,,False,False
warning_acid_base_balance,BAC_G::009E01-B-SD-P15,Bacteria,3,0.0,0.0,True,112.5,False,False
warning_buffer_capacity,BAC_G::009E01-B-SD-P15,Bacteria,3,0.0,0.0,True,109.0,False,False
warning_acid_accumulation,BAC_G::009E01-B-SD-P15,Bacteria,3,,,True,,False,False
warning_ammonia_toxicity,BAC_G::009E01-B-SD-P15,Bacteria,3,0.0,0.0,True,122.0,False,False
warning_biogas_quality,BAC_G::009E01-B-SD-P15,Bacteria,3,,,True,,False,False
warning_acid_base_balance,BAC_G::113B434,Bacteria,3,0.0,0.0,True,112.5,False,False
warning_buffer_capacity,BAC_G::113B434,Bacteria,3,0.0,0.0,True,109.0,False,False
warning_acid_accumulation,BAC_G::113B434,Bacteria,3,,,True,,False,False
warning_ammonia_toxicity,BAC_G::113B434,Bacteria,3,0.0,0.0,True,122.0,False,False
warning_biogas_quality,BAC_G::113B434,Bacteria,3,,,True,,False,False
warning_acid_base_balance,BAC_G::AAP99,Bacteria,3,0.0,0.0,True,112.5,False,False
warning_buffer_capacity,BAC_G::AAP99,Bacteria,3,0.0,0.0,True,109.0,False,False
warning_acid_accumulation,BAC_G::AAP99,Bacteria,3,,,True,,False,False
warning_ammonia_toxicity,BAC_G::AAP99,Bacteria,3,-0.0014285714285714346,0.004397050080364964,True,246.5,False,False
warning_biogas_quality,BAC_G::AAP99,Bacteria,3,,,True,,False,False
warning_acid_base_balance,BAC_G::ADurb.Bin063-1,Bacteria,3,0.0,0.0,True,112.5,False,False
warning_buffer_capacity,BAC_G::ADurb.Bin063-1,Bacteria,3,0.0,0.0,True,109.0,False,False
warning_acid_accumulation,BAC_G::ADurb.Bin063-1,Bacteria,3,,,True,,False,False
warning_ammonia_toxicity,BAC_G::ADurb.Bin063-1,Bacteria,3,0.0,0.0,True,122.0,False,False
warning_biogas_quality,BAC_G::ADurb.Bin063-1,Bacteria,3,,,True,,False,False
warning_acid_base_balance,BAC_G::ADurb.Bin120,Bacteria,3,0.0,0.0,False,112.5,False,False
warning_buffer_capacity,BAC_G::ADurb.Bin120,Bacteria,3,0.0,0.0,False,109.0,False,False
warning_acid_accumulation,BAC_G::ADurb.Bin120,Bacteria,3,,,False,,False,False
warning_ammonia_toxicity,BAC_G::ADurb.Bin120,Bacteria,3,0.0,0.0,False,122.0,False,False
warning_biogas_quality,BAC_G::ADurb.Bin120,Bacteria,3,,,False,,False,False
warning_acid_base_balance,BAC_G::AKYH767,Bacteria,3,0.0,0.0,True,112.5,False,False
warning_buffer_capacity,BAC_G::AKYH767,Bacteria,3,0.0,0.0,True,109.0,False,False
warning_acid_accumulation,BAC_G::AKYH767,Bacteria,3,,,True,,False,False
warning_ammonia_toxicity,BAC_G::AKYH767,Bacteria,3,0.0,0.0,True,122.0,False,False
warning_biogas_quality,BAC_G::AKYH767,Bacteria,3,,,True,,False,False
warning_acid_base_balance,BAC_G::AUTHM297,Bacteria,3,0.0,0.0,True,112.5,False,False
warning_buffer_capacity,BAC_G::AUTHM297,Bacteria,3,0.0,0.0,True,109.0,False,False
warning_acid_accumulation,BAC_G::AUTHM297,Bacteria,3,,,True,,False,False
warning_ammonia_toxicity,BAC_G::AUTHM297,Bacteria,3,0.0,0.0,True,122.0,False,False
warning_biogas_quality,BAC_G::AUTHM297,Bacteria,3,,,True,,False,False
warning_acid_base_balance,BAC_G::Acetobacter,Bacteria,3,0.0,0.0,True,112.5,False,False
warning_buffer_capacity,BAC_G::Acetobacter,Bacteria,3,0.0,0.0,True,109.0,False,False
warning_acid_accumulation,BAC_G::Acetobacter,Bacteria,3,,,True,,False,False
warning_ammonia_toxicity,BAC_G::Acetobacter,Bacteria,3,0.0,0.0,True,122.0,False,False
warning_biogas_quality,BAC_G::Acetobacter,Bacteria,3,,,True,,False,False
warning_acid_base_balance,BAC_G::Acetomicrobium,Bacteria,3,0.0,0.0,True,112.5,False,False
warning_buffer_capacity,BAC_G::Acetomicrobium,Bacteria,3,0.0,0.0,True,109.0,False,False
warning_acid_accumulation,BAC_G::Acetomicrobium,Bacteria,3,,,True,,False,False
warning_ammonia_toxicity,BAC_G::Acetomicrobium,Bacteria,3,0.0,0.0,True,122.0,False,False
warning_biogas_quality,BAC_G::Acetomicrobium,Bacteria,3,,,True,,False,False
warning_acid_base_balance,BAC_G::Acetothermiia,Bacteria,3,0.0,0.0,True,112.5,False,False
warning_buffer_capacity,BAC_G::Acetothermiia,Bacteria,3,0.0,0.0,True,109.0,False,False
warning_acid_accumulation,BAC_G::Acetothermiia,Bacteria,3,,,True,,False,False
warning_ammonia_toxicity,BAC_G::Acetothermiia,Bacteria,3,0.0,0.0,True,122.0,False,False
warning_biogas_quality,BAC_G::Acetothermiia,Bacteria,3,,,True,,False,False
warning_acid_base_balance,BAC_G::Acholeplasma,Bacteria,3,-0.0003759398496240601,0.000918164282036399,True,256.0,False,False
warning_buffer_capacity,BAC_G::Acholeplasma,Bacteria,3,0.0,0.0,True,109.0,False,False
warning_acid_accumulation,BAC_G::Acholeplasma,Bacteria,3,,,True,,False,False
warning_ammonia_toxicity,BAC_G::Acholeplasma,Bacteria,3,0.0454209956709956,0.020922608784652984,True,2.0,True,True
warning_biogas_quality,BAC_G::Acholeplasma,Bacteria,3,,,True,,False,False
warning_acid_base_balance,BAC_G::Acidovorax,Bacteria,3,-0.0012562656641604102,0.0002942194707236543,True,271.0,False,False
warning_buffer_capacity,BAC_G::Acidovorax,Bacteria,3,0.0,0.0,True,109.0,False,False
warning_acid_accumulation,BAC_G::Acidovorax,Bacteria,3,,,True,,False,False
warning_ammonia_toxicity,BAC_G::Acidovorax,Bacteria,3,-0.0007142857142857173,0.003194382824999713,True,227.0,False,False
warning_biogas_quality,BAC_G::Acidovorax,Bacteria,3,,,True,,False,False
warning_acid_base_balance,BAC_G::Acinetobacter,Bacteria,3,0.0,0.0,True,112.5,False,False
warning_buffer_capacity,BAC_G::Acinetobacter,Bacteria,3,0.0,0.0,True,109.0,False,False
warning_acid_accumulation,BAC_G::Acinetobacter,Bacteria,3,,,True,,False,False
warning_ammonia_toxicity,BAC_G::Acinetobacter,Bacteria,3,0.0,0.0,True,122.0,False,False
warning_biogas_quality,BAC_G::Acinetobacter,Bacteria,3,,,True,,False,False
warning_acid_base_balance,BAC_G::Actinomyces,Bacteria,3,0.0,0.0,True,112.5,False,False
warning_buffer_capacity,BAC_G::Actinomyces,Bacteria,3,0.0,0.0,True,109.0,False,False
warning_acid_accumulation,BAC_G::Actinomyces,Bacteria,3,,,True,,False,False
warning_ammonia_toxicity,BAC_G::Actinomyces,Bacteria,3,0.0,0.0,True,122.0,False,False
warning_biogas_quality,BAC_G::Actinomyces,Bacteria,3,,,True,,False,False
warning_acid_base_balance,BAC_G::Aeriscardovia,Bacteria,3,0.0,0.0,True,112.5,False,False
warning_buffer_capacity,BAC_G::Aeriscardovia,Bacteria,3,0.0,0.0,True,109.0,False,False
warning_acid_accumulation,BAC_G::Aeriscardovia,Bacteria,3,,,True,,False,False
warning_ammonia_toxicity,BAC_G::Aeriscardovia,Bacteria,3,0.0,0.0,True,122.0,False,False
warning_biogas_quality,BAC_G::Aeriscardovia,Bacteria,3,,,True,,False,False
warning_acid_base_balance,BAC_G::Alkaliphilus,Bacteria,3,-5.9523809523810005e-05,0.00026619856874997717,True,227.0,False,False
warning_buffer_capacity,BAC_G::Alkaliphilus,Bacteria,3,0.0,0.0,True,109.0,False,False
warning_acid_accumulation,BAC_G::Alkaliphilus,Bacteria,3,,,True,,False,False
warning_ammonia_toxicity,BAC_G::Alkaliphilus,Bacteria,3,-0.0007142857142857173,0.003194382824999713,True,227.0,False,False
warning_biogas_quality,BAC_G::Alkaliphilus,Bacteria,3,,,True,,False,False
warning_acid_base_balance,BAC_G::Aminicenantales,Bacteria,3,0.0,0.0,True,112.5,False,False
warning_buffer_capacity,BAC_G::Aminicenantales,Bacteria,3,0.0,0.0,True,109.0,False,False
warning_acid_accumulation,BAC_G::Aminicenantales,Bacteria,3,,,True,,False,False
warning_ammonia_toxicity,BAC_G::Aminicenantales,Bacteria,3,0.0,0.0,True,122.0,False,False
warning_biogas_quality,BAC_G::Aminicenantales,Bacteria,3,,,True,,False,False
warning_acid_base_balance,BAC_G::Aminobacterium,Bacteria,3,-0.00011904761904762001,0.0003664208400304152,True,235.5,False,False
warning_buffer_capacity,BAC_G::Aminobacterium,Bacteria,3,0.0,0.0,True,109.0,False,False
warning_acid_accumulation,BAC_G::Aminobacterium,Bacteria,3,,,True,,False,False
warning_ammonia_toxicity,BAC_G::Aminobacterium,Bacteria,3,0.002611111111111103,0.007292951014707535,True,24.0,False,False
warning_biogas_quality,BAC_G::Aminobacterium,Bacteria,3,,,True,,False,False
warning_acid_base_balance,BAC_G::Anaerococcus,Bacteria,3,0.0,0.0,True,112.5,False,False
warning_buffer_capacity,BAC_G::Anaerococcus,Bacteria,3,0.0,0.0,True,109.0,False,False
warning_acid_accumulation,BAC_G::Anaerococcus,Bacteria,3,,,True,,False,False
warning_ammonia_toxicity,BAC_G::Anaerococcus,Bacteria,3,0.0,0.0,True,122.0,False,False
warning_biogas_quality,BAC_G::Anaerococcus,Bacteria,3,,,True,,False,False
warning_acid_base_balance,BAC_G::Anaerofustis,Bacteria,3,0.0,0.0,True,112.5,False,False
warning_buffer_capacity,BAC_G::Anaerofustis,Bacteria,3,0.0,0.0,True,109.0,False,False
warning_acid_accumulation,BAC_G::Anaerofustis,Bacteria,3,,,True,,False,False
warning_ammonia_toxicity,BAC_G::Anaerofustis,Bacteria,3,0.0,0.0,True,122.0,False,False
warning_biogas_quality,BAC_G::Anaerofustis,Bacteria,3,,,True,,False,False
warning_acid_base_balance,BAC_G::Anaerostignum,Bacteria,3,0.0,0.0,True,112.5,False,False
warning_buffer_capacity,BAC_G::Anaerostignum,Bacteria,3,0.0,0.0,True,109.0,False,False
warning_acid_accumulation,BAC_G::Anaerostignum,Bacteria,3,,,True,,False,False
warning_ammonia_toxicity,BAC_G::Anaerostignum,Bacteria,3,0.0,0.0,True,122.0,False,False
warning_biogas_quality,BAC_G::Anaerostignum,Bacteria,3,,,True,,False,False
warning_acid_base_balance,BAC_G::Anaerovorax,Bacteria,3,-0.0001984126984126984,0.0008873285624999165,True,247.5,False,False
warning_buffer_capacity,BAC_G::Anaerovorax,Bacteria,3,-0.00021645021645021607,0.0006662197091462027,True,234.0,False,False
warning_acid_accumulation,BAC_G::Anaerovorax,Bacteria,3,,,True,,False,False
warning_ammonia_toxicity,BAC_G::Anaerovorax,Bacteria,3,0.019782828282828225,0.03723860615817596,True,5.0,True,True
warning_biogas_quality,BAC_G::Anaerovorax,Bacteria,3,,,True,,False,False
warning_acid_base_balance,BAC_G::Arenimonas,Bacteria,3,0.0,0.0,True,112.5,False,False
warning_buffer_capacity,BAC_G::Arenimonas,Bacteria,3,0.0,0.0,True,109.0,False,False
warning_acid_accumulation,BAC_G::Arenimonas,Bacteria,3,,,True,,False,False
warning_ammonia_toxicity,BAC_G::Arenimonas,Bacteria,3,0.0,0.0,True,122.0,False,False
warning_biogas_quality,BAC_G::Arenimonas,Bacteria,3,,,True,,False,False
warning_acid_base_balance,BAC_G::Atopobium,Bacteria,3,0.0,0.0,True,112.5,False,False
warning_buffer_capacity,BAC_G::Atopobium,Bacteria,3,0.0,0.0,True,109.0,False,False
warning_acid_accumulation,BAC_G::Atopobium,Bacteria,3,,,True,,False,False
warning_ammonia_toxicity,BAC_G::Atopobium,Bacteria,3,0.0,0.0,True,122.0,False,False
warning_biogas_quality,BAC_G::Atopobium,Bacteria,3,,,True,,False,False
warning_acid_base_balance,BAC_G::Azospira,Bacteria,3,0.0,0.0,True,112.5,False,False
warning_buffer_capacity,BAC_G::Azospira,Bacteria,3,0.0,0.0,True,109.0,False,False
warning_acid_accumulation,BAC_G::Azospira,Bacteria,3,,,True,,False,False
warning_ammonia_toxicity,BAC_G::Azospira,Bacteria,3,0.0,0.0,True,122.0,False,False
warning_biogas_quality,BAC_G::Azospira,Bacteria,3,,,True,,False,False
warning_acid_base_balance,BAC_G::BD1-7_clade,Bacteria,3,0.0,0.0,True,112.5,False,False
warning_buffer_capacity,BAC_G::BD1-7_clade,Bacteria,3,0.0,0.0,True,109.0,False,False
warning_acid_accumulation,BAC_G::BD1-7_clade,Bacteria,3,,,True,,False,False
warning_ammonia_toxicity,BAC_G::BD1-7_clade,Bacteria,3,0.0,0.0,True,122.0,False,False
warning_biogas_quality,BAC_G::BD1-7_clade,Bacteria,3,,,True,,False,False
warning_acid_base_balance,BAC_G::BRH-c20a,Bacteria,3,0.0,0.0,False,112.5,False,False
warning_buffer_capacity,BAC_G::BRH-c20a,Bacteria,3,0.0,0.0,False,109.0,False,False
warning_acid_accumulation,BAC_G::BRH-c20a,Bacteria,3,,,False,,False,False
warning_ammonia_toxicity,BAC_G::BRH-c20a,Bacteria,3,0.0,0.0,False,122.0,False,False
warning_biogas_quality,BAC_G::BRH-c20a,Bacteria,3,,,False,,False,False
warning_acid_base_balance,BAC_G::Babeliales,Bacteria,3,0.0,0.0,True,112.5,False,False
warning_buffer_capacity,BAC_G::Babeliales,Bacteria,3,0.0,0.0,True,109.0,False,False
warning_acid_accumulation,BAC_G::Babeliales,Bacteria,3,,,True,,False,False
warning_ammonia_toxicity,BAC_G::Babeliales,Bacteria,3,-0.0007142857142857173,0.003194382824999713,True,227.0,False,False
warning_biogas_quality,BAC_G::Babeliales,Bacteria,3,,,True,,False,False
warning_acid_base_balance,BAC_G::Bacillus,Bacteria,3,0.0,0.0,True,112.5,False,False
warning_buffer_capacity,BAC_G::Bacillus,Bacteria,3,0.0,0.0,True,109.0,False,False
warning_acid_accumulation,BAC_G::Bacillus,Bacteria,3,,,True,,False,False
warning_ammonia_toxicity,BAC_G::Bacillus,Bacteria,3,0.0,0.0,True,122.0,False,False
warning_biogas_quality,BAC_G::Bacillus,Bacteria,3,,,True,,False,False
warning_acid_base_balance,BAC_G::Bacteroidales_UCG-001,Bacteria,3,-0.0011587681324523459,0.001233582401443643,True,269.0,False,False
warning_buffer_capacity,BAC_G::Bacteroidales_UCG-001,Bacteria,3,-0.0006943495101389835,0.0018808398398115665,True,259.5,False,False
warning_acid_accumulation,BAC_G::Bacteroidales_UCG-001,Bacteria,3,,,True,,False,False
warning_ammonia_toxicity,BAC_G::Bacteroidales_UCG-001,Bacteria,3,0.021823593073592995,0.04762175132165598,True,3.0,True,True
warning_biogas_quality,BAC_G::Bacteroidales_UCG-001,Bacteria,3,,,True,,False,False
warning_acid_base_balance,BAC_G::Bacteroides,Bacteria,3,0.0,0.0,True,112.5,False,False
warning_buffer_capacity,BAC_G::Bacteroides,Bacteria,3,0.0,0.0,True,109.0,False,False
warning_acid_accumulation,BAC_G::Bacteroides,Bacteria,3,,,True,,False,False
warning_ammonia_toxicity,BAC_G::Bacteroides,Bacteria,3,0.0,0.0,True,122.0,False,False
warning_biogas_quality,BAC_G::Bacteroides,Bacteria,3,,,True,,False,False
warning_acid_base_balance,BAC_G::Bacteroidetes_VC2.1_Bac22,Bacteria,3,0.0,0.0,True,112.5,False,False
warning_buffer_capacity,BAC_G::Bacteroidetes_VC2.1_Bac22,Bacteria,3,0.0,0.0,True,109.0,False,False
warning_acid_accumulation,BAC_G::Bacteroidetes_VC2.1_Bac22,Bacteria,3,,,True,,False,False
warning_ammonia_toxicity,BAC_G::Bacteroidetes_VC2.1_Bac22,Bacteria,3,0.0,0.0,True,122.0,False,False
warning_biogas_quality,BAC_G::Bacteroidetes_VC2.1_Bac22,Bacteria,3,,,True,,False,False
warning_acid_base_balance,BAC_G::Bacteroidetes_vadinHA17,Bacteria,3,0.0,0.0,True,112.5,False,False
warning_buffer_capacity,BAC_G::Bacteroidetes_vadinHA17,Bacteria,3,0.0,0.0,True,109.0,False,False
warning_acid_accumulation,BAC_G::Bacteroidetes_vadinHA17,Bacteria,3,,,True,,False,False
warning_ammonia_toxicity,BAC_G::Bacteroidetes_vadinHA17,Bacteria,3,-0.0014285714285714346,0.004397050080364965,True,246.5,False,False
warning_biogas_quality,BAC_G::Bacteroidetes_vadinHA17,Bacteria,3,,,True,,False,False
warning_acid_base_balance,BAC_G::Bdellovibrio,Bacteria,3,0.0,0.0,True,112.5,False,False
warning_buffer_capacity,BAC_G::Bdellovibrio,Bacteria,3,0.0,0.0,True,109.0,False,False
warning_acid_accumulation,BAC_G::Bdellovibrio,Bacteria,3,,,True,,False,False
warning_ammonia_toxicity,BAC_G::Bdellovibrio,Bacteria,3,0.0,0.0,True,122.0,False,False
warning_biogas_quality,BAC_G::Bdellovibrio,Bacteria,3,,,True,,False,False
warning_acid_base_balance,BAC_G::Bifidobacterium,Bacteria,3,0.0,0.0,True,112.5,False,False
warning_buffer_capacity,BAC_G::Bifidobacterium,Bacteria,3,0.0,0.0,True,109.0,False,False
warning_acid_accumulation,BAC_G::Bifidobacterium,Bacteria,3,,,True,,False,False
warning_ammonia_toxicity,BAC_G::Bifidobacterium,Bacteria,3,0.0,0.0,True,122.0,False,False
warning_biogas_quality,BAC_G::Bifidobacterium,Bacteria,3,,,True,,False,False
warning_acid_base_balance,BAC_G::Butyrivibrio,Bacteria,3,-0.0025793650793650793,0.000326910523026285,True,274.0,False,False
warning_buffer_capacity,BAC_G::Butyrivibrio,Bacteria,3,-0.007615629984051032,0.0010711916623757987,True,273.0,False,False
warning_acid_accumulation,BAC_G::Butyrivibrio,Bacteria,3,,,True,,False,False
warning_ammonia_toxicity,BAC_G::Butyrivibrio,Bacteria,3,-0.0007142857142857173,0.003194382824999713,True,227.0,False,False
warning_biogas_quality,BAC_G::Butyrivibrio,Bacteria,3,,,True,,False,False
warning_acid_base_balance,BAC_G::Caldicoprobacter,Bacteria,3,-0.0013157894736842133,0.003957797417883147,True,272.0,False,False
warning_buffer_capacity,BAC_G::Caldicoprobacter,Bacteria,3,-0.00022727272727272735,0.0010163945352271774,True,238.5,False,False
warning_acid_accumulation,BAC_G::Caldicoprobacter,Bacteria,3,,,True,,False,False
warning_ammonia_toxicity,BAC_G::Caldicoprobacter,Bacteria,3,-0.0006428571428571562,0.008897011892932705,True,216.5,False,False
warning_biogas_quality,BAC_G::Caldicoprobacter,Bacteria,3,,,True,,False,False
warning_acid_base_balance,BAC_G::Caldisericum,Bacteria,3,0.0,0.0,True,112.5,False,False
warning_buffer_capacity,BAC_G::Caldisericum,Bacteria,3,0.0,0.0,True,109.0,False,False
warning_acid_accumulation,BAC_G::Caldisericum,Bacteria,3,,,True,,False,False
warning_ammonia_toxicity,BAC_G::Caldisericum,Bacteria,3,0.0,0.0,True,122.0,False,False
warning_biogas_quality,BAC_G::Caldisericum,Bacteria,3,,,True,,False,False
warning_acid_base_balance,BAC_G::Candidatus_Accumulibacter,Bacteria,3,0.0,0.0,True,112.5,False,False
warning_buffer_capacity,BAC_G::Candidatus_Accumulibacter,Bacteria,3,-0.0003246753246753241,0.0007929600617587069,True,243.5,False,False
warning_acid_accumulation,BAC_G::Candidatus_Accumulibacter,Bacteria,3,,,True,,False,False
warning_ammonia_toxicity,BAC_G::Candidatus_Accumulibacter,Bacteria,3,-0.0007142857142857173,0.003194382824999713,True,227.0,False,False
warning_biogas_quality,BAC_G::Candidatus_Accumulibacter,Bacteria,3,,,True,,False,False
warning_acid_base_balance,BAC_G::Candidatus_Caldatribacterium,Bacteria,3,0.0,0.0,True,112.5,False,False
warning_buffer_capacity,BAC_G::Candidatus_Caldatribacterium,Bacteria,3,0.0,0.0,True,109.0,False,False
warning_acid_accumulation,BAC_G::Candidatus_Caldatribacterium,Bacteria,3,,,True,,False,False
warning_ammonia_toxicity,BAC_G::Candidatus_Caldatribacterium,Bacteria,3,0.0,0.0,True,122.0,False,False
warning_biogas_quality,BAC_G::Candidatus_Caldatribacterium,Bacteria,3,,,True,,False,False
warning_acid_base_balance,BAC_G::Candidatus_Cloacimonas,Bacteria,3,-5.9523809523810005e-05,0.0002661985687499771,True,227.0,False,False
warning_buffer_capacity,BAC_G::Candidatus_Cloacimonas,Bacteria,3,0.0,0.0,True,109.0,False,False
warning_acid_accumulation,BAC_G::Candidatus_Cloacimonas,Bacteria,3,,,True,,False,False
warning_ammonia_toxicity,BAC_G::Candidatus_Cloacimonas,Bacteria,3,0.0,0.0,True,122.0,False,False
warning_biogas_quality,BAC_G::Candidatus_Cloacimonas,Bacteria,3,,,True,,False,False
warning_acid_base_balance,BAC_G::Candidatus_Competibacter,Bacteria,3,0.0,0.0,True,112.5,False,False
warning_buffer_capacity,BAC_G::Candidatus_Competibacter,Bacteria,3,0.0,0.0,True,109.0,False,False
warning_acid_accumulation,BAC_G::Candidatus_Competibacter,Bacteria,3,,,True,,False,False
warning_ammonia_toxicity,BAC_G::Candidatus_Competibacter,Bacteria,3,-0.0007142857142857173,0.0031943828249997135,True,227.0,False,False
warning_biogas_quality,BAC_G::Candidatus_Competibacter,Bacteria,3,,,True,,False,False
warning_acid_base_balance,BAC_G::Candidatus_Omnitrophus,Bacteria,3,0.0,0.0,True,112.5,False,False
warning_buffer_capacity,BAC_G::Candidatus_Omnitrophus,Bacteria,3,0.0,0.0,True,109.0,False,False
warning_acid_accumulation,BAC_G::Candidatus_Omnitrophus,Bacteria,3,,,True,,False,False
warning_ammonia_toxicity,BAC_G::Candidatus_Omnitrophus,Bacteria,3,0.0,0.0,True,122.0,False,False
warning_biogas_quality,BAC_G::Candidatus_Omnitrophus,Bacteria,3,,,True,,False,False
warning_acid_base_balance,BAC_G::Candidatus_Soleaferrea,Bacteria,3,0.0,0.0,True,112.5,False,False
warning_buffer_capacity,BAC_G::Candidatus_Soleaferrea,Bacteria,3,0.0,0.0,True,109.0,False,False
warning_acid_accumulation,BAC_G::Candidatus_Soleaferrea,Bacteria,3,,,True,,False,False
warning_ammonia_toxicity,BAC_G::Candidatus_Soleaferrea,Bacteria,3,0.0,0.0,True,122.0,False,False
warning_biogas_quality,BAC_G::Candidatus_Soleaferrea,Bacteria,3,,,True,,False,False
warning_acid_base_balance,BAC_G::Caproiciproducens,Bacteria,3,0.0,0.0,True,112.5,False,False
warning_buffer_capacity,BAC_G::Caproiciproducens,Bacteria,3,0.0,0.0,True,109.0,False,False
warning_acid_accumulation,BAC_G::Caproiciproducens,Bacteria,3,,,True,,False,False
warning_ammonia_toxicity,BAC_G::Caproiciproducens,Bacteria,3,0.0,0.0,True,122.0,False,False
warning_biogas_quality,BAC_G::Caproiciproducens,Bacteria,3,,,True,,False,False
warning_acid_base_balance,BAC_G::Chthonomonadales,Bacteria,3,0.0,0.0,True,112.5,False,False
warning_buffer_capacity,BAC_G::Chthonomonadales,Bacteria,3,0.0,0.0,True,109.0,False,False
warning_acid_accumulation,BAC_G::Chthonomonadales,Bacteria,3,,,True,,False,False
warning_ammonia_toxicity,BAC_G::Chthonomonadales,Bacteria,3,0.0,0.0,True,122.0,False,False
warning_biogas_quality,BAC_G::Chthonomonadales,Bacteria,3,,,True,,False,False
warning_acid_base_balance,BAC_G::Cloacimonadaceae,Bacteria,3,0.0,0.0,True,112.5,False,False
warning_buffer_capacity,BAC_G::Cloacimonadaceae,Bacteria,3,0.0,0.0,True,109.0,False,False
warning_acid_accumulation,BAC_G::Cloacimonadaceae,Bacteria,3,,,True,,False,False
warning_ammonia_toxicity,BAC_G::Cloacimonadaceae,Bacteria,3,0.0,0.0,True,122.0,False,False
warning_biogas_quality,BAC_G::Cloacimonadaceae,Bacteria,3,,,True,,False,False
warning_acid_base_balance,BAC_G::Clostridia_UCG-014,Bacteria,3,0.0,0.0,False,112.5,False,False
warning_buffer_capacity,BAC_G::Clostridia_UCG-014,Bacteria,3,0.0,0.0,False,109.0,False,False
warning_acid_accumulation,BAC_G::Clostridia_UCG-014,Bacteria,3,,,False,,False,False
warning_ammonia_toxicity,BAC_G::Clostridia_UCG-014,Bacteria,3,0.0,0.0,False,122.0,False,False
warning_biogas_quality,BAC_G::Clostridia_UCG-014,Bacteria,3,,,False,,False,False
warning_acid_base_balance,BAC_G::Clostridium_sensu_stricto_1,Bacteria,3,0.0,0.0,True,112.5,False,False
warning_buffer_capacity,BAC_G::Clostridium_sensu_stricto_1,Bacteria,3,0.0,0.0,True,109.0,False,False
warning_acid_accumulation,BAC_G::Clostridium_sensu_stricto_1,Bacteria,3,,,True,,False,False
warning_ammonia_toxicity,BAC_G::Clostridium_sensu_stricto_1,Bacteria,3,0.0,0.0,True,122.0,False,False
warning_biogas_quality,BAC_G::Clostridium_sensu_stricto_1,Bacteria,3,,,True,,False,False
warning_acid_base_balance,BAC_G::Comamonas,Bacteria,3,0.0,0.0,True,112.5,False,False
warning_buffer_capacity,BAC_G::Comamonas,Bacteria,3,0.0,0.0,True,109.0,False,False
warning_acid_accumulation,BAC_G::Comamonas,Bacteria,3,,,True,,False,False
warning_ammonia_toxicity,BAC_G::Comamonas,Bacteria,3,0.0,0.0,True,122.0,False,False
warning_biogas_quality,BAC_G::Comamonas,Bacteria,3,,,True,,False,False
warning_acid_base_balance,BAC_G::Coprothermobacter,Bacteria,3,0.0,0.0,True,112.5,False,False
warning_buffer_capacity,BAC_G::Coprothermobacter,Bacteria,3,0.0,0.0,True,109.0,False,False
warning_acid_accumulation,BAC_G::Coprothermobacter,Bacteria,3,,,True,,False,False
warning_ammonia_toxicity,BAC_G::Coprothermobacter,Bacteria,3,0.0,0.0,True,122.0,False,False
warning_biogas_quality,BAC_G::Coprothermobacter,Bacteria,3,,,True,,False,False
warning_acid_base_balance,BAC_G::D8A-2,Bacteria,3,0.0,0.0,True,112.5,False,False
warning_buffer_capacity,BAC_G::D8A-2,Bacteria,3,0.0,0.0,True,109.0,False,False
warning_acid_accumulation,BAC_G::D8A-2,Bacteria,3,,,True,,False,False
warning_ammonia_toxicity,BAC_G::D8A-2,Bacteria,3,-0.0007142857142857173,0.0031943828249997135,True,227.0,False,False
warning_biogas_quality,BAC_G::D8A-2,Bacteria,3,,,True,,False,False
warning_acid_base_balance,BAC_G::DEV114,Bacteria,3,0.0,0.0,True,112.5,False,False
warning_buffer_capacity,BAC_G::DEV114,Bacteria,3,0.0,0.0,True,109.0,False,False
warning_acid_accumulation,BAC_G::DEV114,Bacteria,3,,,True,,False,False
warning_ammonia_toxicity,BAC_G::DEV114,Bacteria,3,0.0,0.0,True,122.0,False,False
warning_biogas_quality,BAC_G::DEV114,Bacteria,3,,,True,,False,False
warning_acid_base_balance,BAC_G::DMER64,Bacteria,3,-0.00011904761904762001,0.00036642084003041513,True,235.5,False,False
warning_buffer_capacity,BAC_G::DMER64,Bacteria,3,0.0,0.0,True,109.0,False,False
warning_acid_accumulation,BAC_G::DMER64,Bacteria,3,,,True,,False,False
warning_ammonia_toxicity,BAC_G::DMER64,Bacteria,3,-0.0012777777777777833,0.013004097919619552,True,239.0,False,False
warning_biogas_quality,BAC_G::DMER64,Bacteria,3,,,True,,False,False
warning_acid_base_balance,BAC_G::DTU014,Bacteria,3,0.0,0.0,True,112.5,False,False
warning_buffer_capacity,BAC_G::DTU014,Bacteria,3,0.0,0.0,True,109.0,False,False
warning_acid_accumulation,BAC_G::DTU014,Bacteria,3,,,True,,False,False
warning_ammonia_toxicity,BAC_G::DTU014,Bacteria,3,-0.0014285714285714346,0.004397050080364964,True,246.5,False,False
warning_biogas_quality,BAC_G::DTU014,Bacteria,3,,,True,,False,False
warning_acid_base_balance,BAC_G::Dechloromonas,Bacteria,3,0.0,0.0,True,112.5,False,False
warning_buffer_capacity,BAC_G::Dechloromonas,Bacteria,3,-0.0003246753246753241,0.0007929600617587069,True,243.5,False,False
warning_acid_accumulation,BAC_G::Dechloromonas,Bacteria,3,,,True,,False,False
warning_ammonia_toxicity,BAC_G::Dechloromonas,Bacteria,3,-0.002142857142857152,0.005233536407607498,True,256.5,False,False
warning_biogas_quality,BAC_G::Dechloromonas,Bacteria,3,,,True,,False,False
warning_acid_base_balance,BAC_G::Defluviitoga,Bacteria,3,0.0,0.0,True,112.5,False,False
warning_buffer_capacity,BAC_G::Defluviitoga,Bacteria,3,0.0,0.0,True,109.0,False,False
warning_acid_accumulation,BAC_G::Defluviitoga,Bacteria,3,,,True,,False,False
warning_ammonia_toxicity,BAC_G::Defluviitoga,Bacteria,3,0.0,0.0,True,122.0,False,False
warning_biogas_quality,BAC_G::Defluviitoga,Bacteria,3,,,True,,False,False
warning_acid_base_balance,BAC_G::Denitratisoma,Bacteria,3,0.0,0.0,True,112.5,False,False
warning_buffer_capacity,BAC_G::Denitratisoma,Bacteria,3,0.0,0.0,True,109.0,False,False
warning_acid_accumulation,BAC_G::Denitratisoma,Bacteria,3,,,True,,False,False
warning_ammonia_toxicity,BAC_G::Denitratisoma,Bacteria,3,0.0,0.0,True,122.0,False,False
warning_biogas_quality,BAC_G::Denitratisoma,Bacteria,3,,,True,,False,False
warning_acid_base_balance,BAC_G::Dialister,Bacteria,3,0.0,0.0,True,112.5,False,False
warning_buffer_capacity,BAC_G::Dialister,Bacteria,3,0.0,0.0,True,109.0,False,False
warning_acid_accumulation,BAC_G::Dialister,Bacteria,3,,,True,,False,False
warning_ammonia_toxicity,BAC_G::Dialister,Bacteria,3,0.0,0.0,True,122.0,False,False
warning_biogas_quality,BAC_G::Dialister,Bacteria,3,,,True,,False,False
warning_acid_base_balance,BAC_G::Dokdonella,Bacteria,3,0.0,0.0,True,112.5,False,False
warning_buffer_capacity,BAC_G::Dokdonella,Bacteria,3,0.0,0.0,True,109.0,False,False
warning_acid_accumulation,BAC_G::Dokdonella,Bacteria,3,,,True,,False,False
warning_ammonia_toxicity,BAC_G::Dokdonella,Bacteria,3,0.0,0.0,True,122.0,False,False
warning_biogas_quality,BAC_G::Dokdonella,Bacteria,3,,,True,,False,False
warning_acid_base_balance,BAC_G::Ellin6067,Bacteria,3,0.0,0.0,True,112.5,False,False
warning_buffer_capacity,BAC_G::Ellin6067,Bacteria,3,0.0,0.0,True,109.0,False,False
warning_acid_accumulation,BAC_G::Ellin6067,Bacteria,3,,,True,,False,False
warning_ammonia_toxicity,BAC_G::Ellin6067,Bacteria,3,0.0,0.0,True,122.0,False,False
warning_biogas_quality,BAC_G::Ellin6067,Bacteria,3,,,True,,False,False
warning_acid_base_balance,BAC_G::Endomicrobium,Bacteria,3,0.0,0.0,True,112.5,False,False
warning_buffer_capacity,BAC_G::Endomicrobium,Bacteria,3,0.0,0.0,True,109.0,False,False
warning_acid_accumulation,BAC_G::Endomicrobium,Bacteria,3,,,True,,False,False
warning_ammonia_toxicity,BAC_G::Endomicrobium,Bacteria,3,0.0,0.0,True,122.0,False,False
warning_biogas_quality,BAC_G::Endomicrobium,Bacteria,3,,,True,,False,False
warning_acid_base_balance,BAC_G::Ercella,Bacteria,3,0.0,0.0,True,112.5,False,False
warning_buffer_capacity,BAC_G::Ercella,Bacteria,3,0.0,0.0,True,109.0,False,False
warning_acid_accumulation,BAC_G::Ercella,Bacteria,3,,,True,,False,False
warning_ammonia_toxicity,BAC_G::Ercella,Bacteria,3,0.0,0.0,True,122.0,False,False
warning_biogas_quality,BAC_G::Ercella,Bacteria,3,,,True,,False,False
warning_acid_base_balance,BAC_G::Exilispira,Bacteria,3,0.0,0.0,True,112.5,False,False
warning_buffer_capacity,BAC_G::Exilispira,Bacteria,3,0.0,0.0,True,109.0,False,False
warning_acid_accumulation,BAC_G::Exilispira,Bacteria,3,,,True,,False,False
warning_ammonia_toxicity,BAC_G::Exilispira,Bacteria,3,0.0,0.0,True,122.0,False,False
warning_biogas_quality,BAC_G::Exilispira,Bacteria,3,,,True,,False,False
warning_acid_base_balance,BAC_G::Fastidiosipila,Bacteria,3,0.0,0.0,True,112.5,False,False
warning_buffer_capacity,BAC_G::Fastidiosipila,Bacteria,3,-0.0003246753246753241,0.000792960061758707,True,243.5,False,False
warning_acid_accumulation,BAC_G::Fastidiosipila,Bacteria,3,,,True,,False,False
warning_ammonia_toxicity,BAC_G::Fastidiosipila,Bacteria,3,-0.018571428571428607,0.010803720301797418,True,273.0,False,False
warning_biogas_quality,BAC_G::Fastidiosipila,Bacteria,3,,,True,,False,False
warning_acid_base_balance,BAC_G::Fermentibacteraceae,Bacteria,3,-0.00017857142857143,0.0004361280339672931,True,243.5,False,False
warning_buffer_capacity,BAC_G::Fermentibacteraceae,Bacteria,3,0.0,0.0,True,109.0,False,False
warning_acid_accumulation,BAC_G::Fermentibacteraceae,Bacteria,3,,,True,,False,False
warning_ammonia_toxicity,BAC_G::Fermentibacteraceae,Bacteria,3,0.0,0.0,True,122.0,False,False
warning_biogas_quality,BAC_G::Fermentibacteraceae,Bacteria,3,,,True,,False,False
warning_acid_base_balance,BAC_G::Fermentimonas,Bacteria,3,0.0,0.0,True,112.5,False,False
warning_buffer_capacity,BAC_G::Fermentimonas,Bacteria,3,-0.00010822510822510804,0.0004839973977272263,True,223.5,False,False
warning_acid_accumulation,BAC_G::Fermentimonas,Bacteria,3,,,True,,False,False
warning_ammonia_toxicity,BAC_G::Fermentimonas,Bacteria,3,0.0014999999999999957,0.00670820393249935,True,25.5,False,False
warning_biogas_quality,BAC_G::Fermentimonas,Bacteria,3,,,True,,False,False
warning_acid_base_balance,BAC_G::Ferruginibacter,Bacteria,3,0.0,0.0,True,112.5,False,False
warning_buffer_capacity,BAC_G::Ferruginibacter,Bacteria,3,0.0,0.0,True,109.0,False,False
warning_acid_accumulation,BAC_G::Ferruginibacter,Bacteria,3,,,True,,False,False
warning_ammonia_toxicity,BAC_G::Ferruginibacter,Bacteria,3,0.0,0.0,True,122.0,False,False
warning_biogas_quality,BAC_G::Ferruginibacter,Bacteria,3,,,True,,False,False
warning_acid_base_balance,BAC_G::Fervidobacterium,Bacteria,3,0.0,0.0,True,112.5,False,False
warning_buffer_capacity,BAC_G::Fervidobacterium,Bacteria,3,0.0,0.0,True,109.0,False,False
warning_acid_accumulation,BAC_G::Fervidobacterium,Bacteria,3,,,True,,False,False
warning_ammonia_toxicity,BAC_G::Fervidobacterium,Bacteria,3,0.0,0.0,True,122.0,False,False
warning_biogas_quality,BAC_G::Fervidobacterium,Bacteria,3,,,True,,False,False
warning_acid_base_balance,BAC_G::Fonticella,Bacteria,3,0.0,0.0,True,112.5,False,False
warning_buffer_capacity,BAC_G::Fonticella,Bacteria,3,0.0,0.0,True,109.0,False,False
warning_acid_accumulation,BAC_G::Fonticella,Bacteria,3,,,True,,False,False
warning_ammonia_toxicity,BAC_G::Fonticella,Bacteria,3,0.0,0.0,True,122.0,False,False
warning_biogas_quality,BAC_G::Fonticella,Bacteria,3,,,True,,False,False
warning_acid_base_balance,BAC_G::Frisingicoccus,Bacteria,3,0.0,0.0,True,112.5,False,False
warning_buffer_capacity,BAC_G::Frisingicoccus,Bacteria,3,0.0,0.0,True,109.0,False,False
warning_acid_accumulation,BAC_G::Frisingicoccus,Bacteria,3,,,True,,False,False
warning_ammonia_toxicity,BAC_G::Frisingicoccus,Bacteria,3,0.0,0.0,True,122.0,False,False
warning_biogas_quality,BAC_G::Frisingicoccus,Bacteria,3,,,True,,False,False
warning_acid_base_balance,BAC_G::Gelria,Bacteria,3,0.0,0.0,True,112.5,False,False
warning_buffer_capacity,BAC_G::Gelria,Bacteria,3,0.0,0.0,True,109.0,False,False
warning_acid_accumulation,BAC_G::Gelria,Bacteria,3,,,True,,False,False
warning_ammonia_toxicity,BAC_G::Gelria,Bacteria,3,0.0,0.0,True,122.0,False,False
warning_biogas_quality,BAC_G::Gelria,Bacteria,3,,,True,,False,False
warning_acid_base_balance,BAC_G::Gracilibacter,Bacteria,3,0.0,0.0,True,112.5,False,False
warning_buffer_capacity,BAC_G::Gracilibacter,Bacteria,3,0.0,0.0,True,109.0,False,False
warning_acid_accumulation,BAC_G::Gracilibacter,Bacteria,3,,,True,,False,False
warning_ammonia_toxicity,BAC_G::Gracilibacter,Bacteria,3,0.0,0.0,True,122.0,False,False
warning_biogas_quality,BAC_G::Gracilibacter,Bacteria,3,,,True,,False,False
warning_acid_base_balance,BAC_G::Guggenheimella,Bacteria,3,-0.015029644268774706,0.03397242589946341,True,276.0,False,False
warning_buffer_capacity,BAC_G::Guggenheimella,Bacteria,3,-0.00010822510822510804,0.0004839973977272263,True,223.5,False,False
warning_acid_accumulation,BAC_G::Guggenheimella,Bacteria,3,,,True,,False,False
warning_ammonia_toxicity,BAC_G::Guggenheimella,Bacteria,3,-0.021111111111111115,0.018838309737849522,True,274.0,False,False
warning_biogas_quality,BAC_G::Guggenheimella,Bacteria,3,,,True,,False,False
warning_acid_base_balance,BAC_G::HN-HF0106,Bacteria,3,0.0,0.0,True,112.5,False,False
warning_buffer_capacity,BAC_G::HN-HF0106,Bacteria,3,0.0,0.0,True,109.0,False,False
warning_acid_accumulation,BAC_G::HN-HF0106,Bacteria,3,,,True,,False,False
warning_ammonia_toxicity,BAC_G::HN-HF0106,Bacteria,3,0.0,0.0,True,122.0,False,False
warning_biogas_quality,BAC_G::HN-HF0106,Bacteria,3,,,True,,False,False
warning_acid_base_balance,BAC_G::Hahella,Bacteria,3,0.0,0.0,True,112.5,False,False
warning_buffer_capacity,BAC_G::Hahella,Bacteria,3,0.0,0.0,True,109.0,False,False
warning_acid_accumulation,BAC_G::Hahella,Bacteria,3,,,True,,False,False
warning_ammonia_toxicity,BAC_G::Hahella,Bacteria,3,0.0,0.0,True,122.0,False,False
warning_biogas_quality,BAC_G::Hahella,Bacteria,3,,,True,,False,False
warning_acid_base_balance,BAC_G::Halocella,Bacteria,3,0.0,0.0,True,112.5,False,False
warning_buffer_capacity,BAC_G::Halocella,Bacteria,3,0.0,0.0,True,109.0,False,False
warning_acid_accumulation,BAC_G::Halocella,Bacteria,3,,,True,,False,False
warning_ammonia_toxicity,BAC_G::Halocella,Bacteria,3,0.0,0.0,True,122.0,False,False
warning_biogas_quality,BAC_G::Halocella,Bacteria,3,,,True,,False,False
warning_acid_base_balance,BAC_G::Halomonas,Bacteria,3,0.0,0.0,True,112.5,False,False
warning_buffer_capacity,BAC_G::Halomonas,Bacteria,3,0.0,0.0,True,109.0,False,False
warning_acid_accumulation,BAC_G::Halomonas,Bacteria,3,,,True,,False,False
warning_ammonia_toxicity,BAC_G::Halomonas,Bacteria,3,0.0,0.0,True,122.0,False,False
warning_biogas_quality,BAC_G::Halomonas,Bacteria,3,,,True,,False,False
warning_acid_base_balance,BAC_G::Hungateiclostridiaceae,Bacteria,3,0.0,0.0,True,112.5,False,False
warning_buffer_capacity,BAC_G::Hungateiclostridiaceae,Bacteria,3,0.0,0.0,True,109.0,False,False
warning_acid_accumulation,BAC_G::Hungateiclostridiaceae,Bacteria,3,,,True,,False,False
warning_ammonia_toxicity,BAC_G::Hungateiclostridiaceae,Bacteria,3,0.0,0.0,True,122.0,False,False
warning_biogas_quality,BAC_G::Hungateiclostridiaceae,Bacteria,3,,,True,,False,False
warning_acid_base_balance,BAC_G::Hydrogenedensaceae,Bacteria,3,0.0,0.0,True,112.5,False,False
warning_buffer_capacity,BAC_G::Hydrogenedensaceae,Bacteria,3,0.0,0.0,True,109.0,False,False
warning_acid_accumulation,BAC_G::Hydrogenedensaceae,Bacteria,3,,,True,,False,False
warning_ammonia_toxicity,BAC_G::Hydrogenedensaceae,Bacteria,3,0.0,0.0,True,122.0,False,False
warning_biogas_quality,BAC_G::Hydrogenedensaceae,Bacteria,3,,,True,,False,False
warning_acid_base_balance,BAC_G::Irregularibacter,Bacteria,3,0.0,0.0,True,112.5,False,False
warning_buffer_capacity,BAC_G::Irregularibacter,Bacteria,3,0.0,0.0,True,109.0,False,False
warning_acid_accumulation,BAC_G::Irregularibacter,Bacteria,3,,,True,,False,False
warning_ammonia_toxicity,BAC_G::Irregularibacter,Bacteria,3,0.0,0.0,True,122.0,False,False
warning_biogas_quality,BAC_G::Irregularibacter,Bacteria,3,,,True,,False,False
warning_acid_base_balance,BAC_G::Izemoplasmatales,Bacteria,3,0.0,0.0,True,112.5,False,False
warning_buffer_capacity,BAC_G::Izemoplasmatales,Bacteria,3,-0.00010822510822510804,0.0004839973977272263,True,223.5,False,False
warning_acid_accumulation,BAC_G::Izemoplasmatales,Bacteria,3,,,True,,False,False
warning_ammonia_toxicity,BAC_G::Izemoplasmatales,Bacteria,3,0.0,0.0,True,122.0,False,False
warning_biogas_quality,BAC_G::Izemoplasmatales,Bacteria,3,,,True,,False,False
warning_acid_base_balance,BAC_G::JS1,Bacteria,3,-0.00039502164502164467,0.001046501718361177,True,257.0,False,False
warning_buffer_capacity,BAC_G::JS1,Bacteria,3,0.0,0.0,True,109.0,False,False
warning_acid_accumulation,BAC_G::JS1,Bacteria,3,,,True,,False,False
warning_ammonia_toxicity,BAC_G::JS1,Bacteria,3,-0.07209920634920641,0.12597467812588728,True,276.0,False,False
warning_biogas_quality,BAC_G::JS1,Bacteria,3,,,True,,False,False
warning_acid_base_balance,BAC_G::Kapabacteriales,Bacteria,3,0.0,0.0,True,112.5,False,False
warning_buffer_capacity,BAC_G::Kapabacteriales,Bacteria,3,0.0,0.0,True,109.0,False,False
warning_acid_accumulation,BAC_G::Kapabacteriales,Bacteria,3,,,True,,False,False
warning_ammonia_toxicity,BAC_G::Kapabacteriales,Bacteria,3,0.0,0.0,True,122.0,False,False
warning_biogas_quality,BAC_G::Kapabacteriales,Bacteria,3,,,True,,False,False
warning_acid_base_balance,BAC_G::Keratinibaculum,Bacteria,3,0.0,0.0,True,112.5,False,False
warning_buffer_capacity,BAC_G::Keratinibaculum,Bacteria,3,0.0,0.0,True,109.0,False,False
warning_acid_accumulation,BAC_G::Keratinibaculum,Bacteria,3,,,True,,False,False
warning_ammonia_toxicity,BAC_G::Keratinibaculum,Bacteria,3,0.0,0.0,True,122.0,False,False
warning_biogas_quality,BAC_G::Keratinibaculum,Bacteria,3,,,True,,False,False
warning_acid_base_balance,BAC_G::LD1-PA32,Bacteria,3,0.0,0.0,True,112.5,False,False
warning_buffer_capacity,BAC_G::LD1-PA32,Bacteria,3,0.0,0.0,True,109.0,False,False
warning_acid_accumulation,BAC_G::LD1-PA32,Bacteria,3,,,True,,False,False
warning_ammonia_toxicity,BAC_G::LD1-PA32,Bacteria,3,0.0,0.0,True,122.0,False,False
warning_biogas_quality,BAC_G::LD1-PA32,Bacteria,3,,,True,,False,False
warning_acid_base_balance,BAC_G::LD1-PB3,Bacteria,3,0.0,0.0,True,112.5,False,False
warning_buffer_capacity,BAC_G::LD1-PB3,Bacteria,3,0.0,0.0,True,109.0,False,False
warning_acid_accumulation,BAC_G::LD1-PB3,Bacteria,3,,,True,,False,False
warning_ammonia_toxicity,BAC_G::LD1-PB3,Bacteria,3,0.0,0.0,True,122.0,False,False
warning_biogas_quality,BAC_G::LD1-PB3,Bacteria,3,,,True,,False,False
warning_acid_base_balance,BAC_G::LNR_A2-18,Bacteria,3,0.0,0.0,True,112.5,False,False
warning_buffer_capacity,BAC_G::LNR_A2-18,Bacteria,3,0.0,0.0,True,109.0,False,False
warning_acid_accumulation,BAC_G::LNR_A2-18,Bacteria,3,,,True,,False,False
warning_ammonia_toxicity,BAC_G::LNR_A2-18,Bacteria,3,0.0,0.0,True,122.0,False,False
warning_biogas_quality,BAC_G::LNR_A2-18,Bacteria,3,,,True,,False,False
warning_acid_base_balance,BAC_G::Lactobacillus,Bacteria,3,0.0,0.0,True,112.5,False,False
warning_buffer_capacity,BAC_G::Lactobacillus,Bacteria,3,0.0,0.0,True,109.0,False,False
warning_acid_accumulation,BAC_G::Lactobacillus,Bacteria,3,,,True,,False,False
warning_ammonia_toxicity,BAC_G::Lactobacillus,Bacteria,3,0.0,0.0,True,122.0,False,False
warning_biogas_quality,BAC_G::Lactobacillus,Bacteria,3,,,True,,False,False
warning_acid_base_balance,BAC_G::Lautropia,Bacteria,3,0.0,0.0,True,112.5,False,False
warning_buffer_capacity,BAC_G::Lautropia,Bacteria,3,0.0,0.0,True,109.0,False,False
warning_acid_accumulation,BAC_G::Lautropia,Bacteria,3,,,True,,False,False
warning_ammonia_toxicity,BAC_G::Lautropia,Bacteria,3,0.0,0.0,True,122.0,False,False
warning_biogas_quality,BAC_G::Lautropia,Bacteria,3,,,True,,False,False
warning_acid_base_balance,BAC_G::Lawsonella,Bacteria,3,0.0,0.0,True,112.5,False,False
warning_buffer_capacity,BAC_G::Lawsonella,Bacteria,3,0.0,0.0,True,109.0,False,False
warning_acid_accumulation,BAC_G::Lawsonella,Bacteria,3,,,True,,False,False
warning_ammonia_toxicity,BAC_G::Lawsonella,Bacteria,3,0.0,0.0,True,122.0,False,False
warning_biogas_quality,BAC_G::Lawsonella,Bacteria,3,,,True,,False,False
warning_acid_base_balance,BAC_G::Lentimicrobiaceae,Bacteria,3,0.0,0.0,True,112.5,False,False
warning_buffer_capacity,BAC_G::Lentimicrobiaceae,Bacteria,3,0.0,0.0,True,109.0,False,False
warning_acid_accumulation,BAC_G::Lentimicrobiaceae,Bacteria,3,,,True,,False,False
warning_ammonia_toxicity,BAC_G::Lentimicrobiaceae,Bacteria,3,0.0,0.0,True,122.0,False,False
warning_biogas_quality,BAC_G::Lentimicrobiaceae,Bacteria,3,,,True,,False,False
warning_acid_base_balance,BAC_G::Lentimicrobium,Bacteria,3,0.0,0.0,True,112.5,False,False
warning_buffer_capacity,BAC_G::Lentimicrobium,Bacteria,3,0.0,0.0,True,109.0,False,False
warning_acid_accumulation,BAC_G::Lentimicrobium,Bacteria,3,,,True,,False,False
warning_ammonia_toxicity,BAC_G::Lentimicrobium,Bacteria,3,0.0,0.0,True,122.0,False,False
warning_biogas_quality,BAC_G::Lentimicrobium,Bacteria,3,,,True,,False,False
warning_acid_base_balance,BAC_G::Leptotrichia,Bacteria,3,0.0,0.0,True,112.5,False,False
warning_buffer_capacity,BAC_G::Leptotrichia,Bacteria,3,0.0,0.0,True,109.0,False,False
warning_acid_accumulation,BAC_G::Leptotrichia,Bacteria,3,,,True,,False,False
warning_ammonia_toxicity,BAC_G::Leptotrichia,Bacteria,3,0.0,0.0,True,122.0,False,False
warning_biogas_quality,BAC_G::Leptotrichia,Bacteria,3,,,True,,False,False
warning_acid_base_balance,BAC_G::Leuconostoc,Bacteria,3,0.0,0.0,True,112.5,False,False
warning_buffer_capacity,BAC_G::Leuconostoc,Bacteria,3,0.0,0.0,True,109.0,False,False
warning_acid_accumulation,BAC_G::Leuconostoc,Bacteria,3,,,True,,False,False
warning_ammonia_toxicity,BAC_G::Leuconostoc,Bacteria,3,0.0,0.0,True,122.0,False,False
warning_biogas_quality,BAC_G::Leuconostoc,Bacteria,3,,,True,,False,False
warning_acid_base_balance,BAC_G::Longilinea,Bacteria,3,0.0,0.0,True,112.5,False,False
warning_buffer_capacity,BAC_G::Longilinea,Bacteria,3,0.0,0.0,True,109.0,False,False
warning_acid_accumulation,BAC_G::Longilinea,Bacteria,3,,,True,,False,False
warning_ammonia_toxicity,BAC_G::Longilinea,Bacteria,3,0.0,0.0,True,122.0,False,False
warning_biogas_quality,BAC_G::Longilinea,Bacteria,3,,,True,,False,False
warning_acid_base_balance,BAC_G::Luteimonas,Bacteria,3,0.0,0.0,True,112.5,False,False
warning_buffer_capacity,BAC_G::Luteimonas,Bacteria,3,0.0,0.0,True,109.0,False,False
warning_acid_accumulation,BAC_G::Luteimonas,Bacteria,3,,,True,,False,False
warning_ammonia_toxicity,BAC_G::Luteimonas,Bacteria,3,0.0,0.0,True,122.0,False,False
warning_biogas_quality,BAC_G::Luteimonas,Bacteria,3,,,True,,False,False
warning_acid_base_balance,BAC_G::Lutispora,Bacteria,3,0.0,0.0,False,112.5,False,False
warning_buffer_capacity,BAC_G::Lutispora,Bacteria,3,0.0,0.0,False,109.0,False,False
warning_acid_accumulation,BAC_G::Lutispora,Bacteria,3,,,False,,False,False
warning_ammonia_toxicity,BAC_G::Lutispora,Bacteria,3,0.0,0.0,False,122.0,False,False
warning_biogas_quality,BAC_G::Lutispora,Bacteria,3,,,False,,False,False
warning_acid_base_balance,BAC_G::MBA03,Bacteria,3,-5.9523809523810005e-05,0.00026619856874997717,True,227.0,False,False
warning_buffer_capacity,BAC_G::MBA03,Bacteria,3,0.0,0.0,True,109.0,False,False
warning_acid_accumulation,BAC_G::MBA03,Bacteria,3,,,True,,False,False
warning_ammonia_toxicity,BAC_G::MBA03,Bacteria,3,0.0,0.0,True,122.0,False,False
warning_biogas_quality,BAC_G::MBA03,Bacteria,3,,,True,,False,False
warning_acid_base_balance,BAC_G::MVP-15,Bacteria,3,0.0,0.0,True,112.5,False,False
warning_buffer_capacity,BAC_G::MVP-15,Bacteria,3,0.0,0.0,True,109.0,False,False
warning_acid_accumulation,BAC_G::MVP-15,Bacteria,3,,,True,,False,False
warning_ammonia_toxicity,BAC_G::MVP-15,Bacteria,3,0.0,0.0,True,122.0,False,False
warning_biogas_quality,BAC_G::MVP-15,Bacteria,3,,,True,,False,False
warning_acid_base_balance,BAC_G::Macellibacteroides,Bacteria,3,-5.9523809523810005e-05,0.00026619856874997717,True,227.0,False,False
warning_buffer_capacity,BAC_G::Macellibacteroides,Bacteria,3,0.0,0.0,True,109.0,False,False
warning_acid_accumulation,BAC_G::Macellibacteroides,Bacteria,3,,,True,,False,False
warning_ammonia_toxicity,BAC_G::Macellibacteroides,Bacteria,3,-0.002142857142857152,0.005233536407607498,True,256.5,False,False
warning_biogas_quality,BAC_G::Macellibacteroides,Bacteria,3,,,True,,False,False
warning_acid_base_balance,BAC_G::Marinimicrobia_(SAR406_clade),Bacteria,3,-5.9523809523810005e-05,0.00026619856874997717,True,227.0,False,False
warning_buffer_capacity,BAC_G::Marinimicrobia_(SAR406_clade),Bacteria,3,0.0,0.0,True,109.0,False,False
warning_acid_accumulation,BAC_G::Marinimicrobia_(SAR406_clade),Bacteria,3,,,True,,False,False
warning_ammonia_toxicity,BAC_G::Marinimicrobia_(SAR406_clade),Bacteria,3,-0.0013571428571428734,0.009401818961518949,True,240.0,False,False
warning_biogas_quality,BAC_G::Marinimicrobia_(SAR406_clade),Bacteria,3,,,True,,False,False
warning_acid_base_balance,BAC_G::Mariniphaga,Bacteria,3,0.0,0.0,False,112.5,False,False
warning_buffer_capacity,BAC_G::Mariniphaga,Bacteria,3,0.0,0.0,False,109.0,False,False
warning_acid_accumulation,BAC_G::Mariniphaga,Bacteria,3,,,False,,False,False
warning_ammonia_toxicity,BAC_G::Mariniphaga,Bacteria,3,0.0,0.0,False,122.0,False,False
warning_biogas_quality,BAC_G::Mariniphaga,Bacteria,3,,,False,,False,False
warning_acid_base_balance,BAC_G::Megasphaera,Bacteria,3,0.0,0.0,True,112.5,False,False
warning_buffer_capacity,BAC_G::Megasphaera,Bacteria,3,0.0,0.0,True,109.0,False,False
warning_acid_accumulation,BAC_G::Megasphaera,Bacteria,3,,,True,,False,False
warning_ammonia_toxicity,BAC_G::Megasphaera,Bacteria,3,0.0,0.0,True,122.0,False,False
warning_biogas_quality,BAC_G::Megasphaera,Bacteria,3,,,True,,False,False
warning_acid_base_balance,BAC_G::Mesotoga,Bacteria,3,0.0,0.0,True,112.5,False,False
warning_buffer_capacity,BAC_G::Mesotoga,Bacteria,3,-0.007693478906714199,0.008360333621913858,True,274.0,False,False
warning_acid_accumulation,BAC_G::Mesotoga,Bacteria,3,,,True,,False,False
warning_ammonia_toxicity,BAC_G::Mesotoga,Bacteria,3,-0.0035714285714285865,0.006346595118847445,True,267.0,False,False
warning_biogas_quality,BAC_G::Mesotoga,Bacteria,3,,,True,,False,False
warning_acid_base_balance,BAC_G::Methylotenera,Bacteria,3,0.0,0.0,True,112.5,False,False
warning_buffer_capacity,BAC_G::Methylotenera,Bacteria,3,0.0,0.0,True,109.0,False,False
warning_acid_accumulation,BAC_G::Methylotenera,Bacteria,3,,,True,,False,False
warning_ammonia_toxicity,BAC_G::Methylotenera,Bacteria,3,0.0,0.0,True,122.0,False,False
warning_biogas_quality,BAC_G::Methylotenera,Bacteria,3,,,True,,False,False
warning_acid_base_balance,BAC_G::MgMjR-022,Bacteria,3,0.0,0.0,True,112.5,False,False
warning_buffer_capacity,BAC_G::MgMjR-022,Bacteria,3,0.0,0.0,True,109.0,False,False
warning_acid_accumulation,BAC_G::MgMjR-022,Bacteria,3,,,True,,False,False
warning_ammonia_toxicity,BAC_G::MgMjR-022,Bacteria,3,0.0,0.0,True,122.0,False,False
warning_biogas_quality,BAC_G::MgMjR-022,Bacteria,3,,,True,,False,False
warning_acid_base_balance,BAC_G::Myroides,Bacteria,3,0.0,0.0,True,112.5,False,False
warning_buffer_capacity,BAC_G::Myroides,Bacteria,3,0.0,0.0,True,109.0,False,False
warning_acid_accumulation,BAC_G::Myroides,Bacteria,3,,,True,,False,False
warning_ammonia_toxicity,BAC_G::Myroides,Bacteria,3,0.0,0.0,True,122.0,False,False
warning_biogas_quality,BAC_G::Myroides,Bacteria,3,,,True,,False,False
warning_acid_base_balance,BAC_G::Nitrosomonas,Bacteria,3,0.0,0.0,True,112.5,False,False
warning_buffer_capacity,BAC_G::Nitrosomonas,Bacteria,3,0.0,0.0,True,109.0,False,False
warning_acid_accumulation,BAC_G::Nitrosomonas,Bacteria,3,,,True,,False,False
warning_ammonia_toxicity,BAC_G::Nitrosomonas,Bacteria,3,0.0,0.0,True,122.0,False,False
warning_biogas_quality,BAC_G::Nitrosomonas,Bacteria,3,,,True,,False,False
warning_acid_base_balance,BAC_G::OLB12,Bacteria,3,0.0,0.0,True,112.5,False,False
warning_buffer_capacity,BAC_G::OLB12,Bacteria,3,0.0,0.0,True,109.0,False,False
warning_acid_accumulation,BAC_G::OLB12,Bacteria,3,,,True,,False,False
warning_ammonia_toxicity,BAC_G::OLB12,Bacteria,3,0.0,0.0,True,122.0,False,False
warning_biogas_quality,BAC_G::OLB12,Bacteria,3,,,True,,False,False
warning_acid_base_balance,BAC_G::OLB8,Bacteria,3,0.0,0.0,True,112.5,False,False
warning_buffer_capacity,BAC_G::OLB8,Bacteria,3,0.0,0.0,True,109.0,False,False
warning_acid_accumulation,BAC_G::OLB8,Bacteria,3,,,True,,False,False
warning_ammonia_toxicity,BAC_G::OLB8,Bacteria,3,0.0,0.0,True,122.0,False,False
warning_biogas_quality,BAC_G::OLB8,Bacteria,3,,,True,,False,False
warning_acid_base_balance,BAC_G::Olsenella,Bacteria,3,0.0,0.0,True,112.5,False,False
warning_buffer_capacity,BAC_G::Olsenella,Bacteria,3,0.0,0.0,True,109.0,False,False
warning_acid_accumulation,BAC_G::Olsenella,Bacteria,3,,,True,,False,False
warning_ammonia_toxicity,BAC_G::Olsenella,Bacteria,3,0.0,0.0,True,122.0,False,False
warning_biogas_quality,BAC_G::Olsenella,Bacteria,3,,,True,,False,False
warning_acid_base_balance,BAC_G::Oscillospira,Bacteria,3,0.0,0.0,True,112.5,False,False
warning_buffer_capacity,BAC_G::Oscillospira,Bacteria,3,0.0,0.0,True,109.0,False,False
warning_acid_accumulation,BAC_G::Oscillospira,Bacteria,3,,,True,,False,False
warning_ammonia_toxicity,BAC_G::Oscillospira,Bacteria,3,0.0,0.0,True,122.0,False,False
warning_biogas_quality,BAC_G::Oscillospira,Bacteria,3,,,True,,False,False
warning_acid_base_balance,BAC_G::PB19,Bacteria,3,0.0,0.0,True,112.5,False,False
warning_buffer_capacity,BAC_G::PB19,Bacteria,3,0.0,0.0,True,109.0,False,False
warning_acid_accumulation,BAC_G::PB19,Bacteria,3,,,True,,False,False
warning_ammonia_toxicity,BAC_G::PB19,Bacteria,3,0.0,0.0,True,122.0,False,False
warning_biogas_quality,BAC_G::PB19,Bacteria,3,,,True,,False,False
warning_acid_base_balance,BAC_G::Paludibacter,Bacteria,3,0.0,0.0,True,112.5,False,False
warning_buffer_capacity,BAC_G::Paludibacter,Bacteria,3,-0.00022727272727272735,0.0010163945352271776,True,238.5,False,False
warning_acid_accumulation,BAC_G::Paludibacter,Bacteria,3,,,True,,False,False
warning_ammonia_toxicity,BAC_G::Paludibacter,Bacteria,3,-0.002142857142857152,0.005233536407607498,True,256.5,False,False
warning_biogas_quality,BAC_G::Paludibacter,Bacteria,3,,,True,,False,False
warning_acid_base_balance,BAC_G::Pantoea,Bacteria,3,0.0,0.0,True,112.5,False,False
warning_buffer_capacity,BAC_G::Pantoea,Bacteria,3,0.0,0.0,True,109.0,False,False
warning_acid_accumulation,BAC_G::Pantoea,Bacteria,3,,,True,,False,False
warning_ammonia_toxicity,BAC_G::Pantoea,Bacteria,3,0.0,0.0,True,122.0,False,False
warning_biogas_quality,BAC_G::Pantoea,Bacteria,3,,,True,,False,False
warning_acid_base_balance,BAC_G::Paracoccus,Bacteria,3,0.0,0.0,True,112.5,False,False
warning_buffer_capacity,BAC_G::Paracoccus,Bacteria,3,0.0,0.0,True,109.0,False,False
warning_acid_accumulation,BAC_G::Paracoccus,Bacteria,3,,,True,,False,False
warning_ammonia_toxicity,BAC_G::Paracoccus,Bacteria,3,0.0,0.0,True,122.0,False,False
warning_biogas_quality,BAC_G::Paracoccus,Bacteria,3,,,True,,False,False
warning_acid_base_balance,BAC_G::Pedosphaeraceae,Bacteria,3,0.0,0.0,True,112.5,False,False
warning_buffer_capacity,BAC_G::Pedosphaeraceae,Bacteria,3,0.0,0.0,True,109.0,False,False
warning_acid_accumulation,BAC_G::Pedosphaeraceae,Bacteria,3,,,True,,False,False
warning_ammonia_toxicity,BAC_G::Pedosphaeraceae,Bacteria,3,0.0,0.0,True,122.0,False,False
warning_biogas_quality,BAC_G::Pedosphaeraceae,Bacteria,3,,,True,,False,False
warning_acid_base_balance,BAC_G::Pelotomaculum,Bacteria,3,-0.00017857142857143,0.0004361280339672931,True,243.5,False,False
warning_buffer_capacity,BAC_G::Pelotomaculum,Bacteria,3,-0.0038153023447141097,0.009915792926832685,True,272.0,False,False
warning_acid_accumulation,BAC_G::Pelotomaculum,Bacteria,3,,,True,,False,False
warning_ammonia_toxicity,BAC_G::Pelotomaculum,Bacteria,3,0.006420634920634866,0.02768601503979217,True,16.0,False,True
warning_biogas_quality,BAC_G::Pelotomaculum,Bacteria,3,,,True,,False,False
warning_acid_base_balance,BAC_G::Petrimonas,Bacteria,3,-5.9523809523810005e-05,0.00026619856874997717,True,227.0,False,False
warning_buffer_capacity,BAC_G::Petrimonas,Bacteria,3,-0.0008874458874458868,0.0015271471246676475,True,266.0,False,False
warning_acid_accumulation,BAC_G::Petrimonas,Bacteria,3,,,True,,False,False
warning_ammonia_toxicity,BAC_G::Petrimonas,Bacteria,3,0.002968253968253931,0.016894932053662624,True,23.0,False,False
warning_biogas_quality,BAC_G::Petrimonas,Bacteria,3,,,True,,False,False
warning_acid_base_balance,BAC_G::Prevotella,Bacteria,3,0.0,0.0,True,112.5,False,False
warning_buffer_capacity,BAC_G::Prevotella,Bacteria,3,0.0,0.0,True,109.0,False,False
warning_acid_accumulation,BAC_G::Prevotella,Bacteria,3,,,True,,False,False
warning_ammonia_toxicity,BAC_G::Prevotella,Bacteria,3,0.0,0.0,True,122.0,False,False
warning_biogas_quality,BAC_G::Prevotella,Bacteria,3,,,True,,False,False
warning_acid_base_balance,BAC_G::Proteiniphilum,Bacteria,3,0.0,0.0,True,112.5,False,False
warning_buffer_capacity,BAC_G::Proteiniphilum,Bacteria,3,0.0,0.0,True,109.0,False,False
warning_acid_accumulation,BAC_G::Proteiniphilum,Bacteria,3,,,True,,False,False
warning_ammonia_toxicity,BAC_G::Proteiniphilum,Bacteria,3,-0.0007142857142857173,0.003194382824999713,True,227.0,False,False
warning_biogas_quality,BAC_G::Proteiniphilum,Bacteria,3,,,True,,False,False
warning_acid_base_balance,BAC_G::Proteocatella,Bacteria,3,0.0,0.0,True,112.5,False,False
warning_buffer_capacity,BAC_G::Proteocatella,Bacteria,3,0.0,0.0,True,109.0,False,False
warning_acid_accumulation,BAC_G::Proteocatella,Bacteria,3,,,True,,False,False
warning_ammonia_toxicity,BAC_G::Proteocatella,Bacteria,3,0.0,0.0,True,122.0,False,False
warning_biogas_quality,BAC_G::Proteocatella,Bacteria,3,,,True,,False,False
warning_acid_base_balance,BAC_G::Pseudomonas,Bacteria,3,0.0,0.0,True,112.5,False,False
warning_buffer_capacity,BAC_G::Pseudomonas,Bacteria,3,0.0,0.0,True,109.0,False,False
warning_acid_accumulation,BAC_G::Pseudomonas,Bacteria,3,,,True,,False,False
warning_ammonia_toxicity,BAC_G::Pseudomonas,Bacteria,3,0.0,0.0,True,122.0,False,False
warning_biogas_quality,BAC_G::Pseudomonas,Bacteria,3,,,True,,False,False
warning_acid_base_balance,BAC_G::Pseudoramibacter,Bacteria,3,0.0,0.0,True,112.5,False,False
warning_buffer_capacity,BAC_G::Pseudoramibacter,Bacteria,3,0.0,0.0,True,109.0,False,False
warning_acid_accumulation,BAC_G::Pseudoramibacter,Bacteria,3,,,True,,False,False
warning_ammonia_toxicity,BAC_G::Pseudoramibacter,Bacteria,3,0.0,0.0,True,122.0,False,False
warning_biogas_quality,BAC_G::Pseudoramibacter,Bacteria,3,,,True,,False,False
warning_acid_base_balance,BAC_G::RBG-16-49-21,Bacteria,3,0.0,0.0,True,112.5,False,False
warning_buffer_capacity,BAC_G::RBG-16-49-21,Bacteria,3,0.0,0.0,True,109.0,False,False
warning_acid_accumulation,BAC_G::RBG-16-49-21,Bacteria,3,,,True,,False,False
warning_ammonia_toxicity,BAC_G::RBG-16-49-21,Bacteria,3,-0.0028571428571428693,0.00586273344048662,True,263.5,False,False
warning_biogas_quality,BAC_G::RBG-16-49-21,Bacteria,3,,,True,,False,False
warning_acid_base_balance,BAC_G::Raoultibacter,Bacteria,3,0.0,0.0,True,112.5,False,False
warning_buffer_capacity,BAC_G::Raoultibacter,Bacteria,3,0.0,0.0,True,109.0,False,False
warning_acid_accumulation,BAC_G::Raoultibacter,Bacteria,3,,,True,,False,False
warning_ammonia_toxicity,BAC_G::Raoultibacter,Bacteria,3,0.0,0.0,True,122.0,False,False
warning_biogas_quality,BAC_G::Raoultibacter,Bacteria,3,,,True,,False,False
warning_acid_base_balance,BAC_G::Rhodobacter,Bacteria,3,0.0,0.0,True,112.5,False,False
warning_buffer_capacity,BAC_G::Rhodobacter,Bacteria,3,0.0,0.0,True,109.0,False,False
warning_acid_accumulation,BAC_G::Rhodobacter,Bacteria,3,,,True,,False,False
warning_ammonia_toxicity,BAC_G::Rhodobacter,Bacteria,3,0.0,0.0,True,122.0,False,False
warning_biogas_quality,BAC_G::Rhodobacter,Bacteria,3,,,True,,False,False
warning_acid_base_balance,BAC_G::Ruminiclostridium,Bacteria,3,0.0,0.0,True,112.5,False,False
warning_buffer_capacity,BAC_G::Ruminiclostridium,Bacteria,3,0.0,0.0,True,109.0,False,False
warning_acid_accumulation,BAC_G::Ruminiclostridium,Bacteria,3,,,True,,False,False
warning_ammonia_toxicity,BAC_G::Ruminiclostridium,Bacteria,3,0.0,0.0,True,122.0,False,False
warning_biogas_quality,BAC_G::Ruminiclostridium,Bacteria,3,,,True,,False,False
warning_acid_base_balance,BAC_G::Ruminococcus,Bacteria,3,0.0,0.0,True,112.5,False,False
warning_buffer_capacity,BAC_G::Ruminococcus,Bacteria,3,-0.00010822510822510804,0.0004839973977272263,True,223.5,False,False
warning_acid_accumulation,BAC_G::Ruminococcus,Bacteria,3,,,True,,False,False
warning_ammonia_toxicity,BAC_G::Ruminococcus,Bacteria,3,-0.0007142857142857173,0.003194382824999713,True,227.0,False,False
warning_biogas_quality,BAC_G::Ruminococcus,Bacteria,3,,,True,,False,False
warning_acid_base_balance,BAC_G::SBR1031,Bacteria,3,0.0,0.0,True,112.5,False,False
warning_buffer_capacity,BAC_G::SBR1031,Bacteria,3,-0.0006943495101389835,0.0018808398398115665,True,259.5,False,False
warning_acid_accumulation,BAC_G::SBR1031,Bacteria,3,,,True,,False,False
warning_ammonia_toxicity,BAC_G::SBR1031,Bacteria,3,-0.0014285714285714346,0.004397050080364964,True,246.5,False,False
warning_biogas_quality,BAC_G::SBR1031,Bacteria,3,,,True,,False,False
warning_acid_base_balance,BAC_G::SC-I-84,Bacteria,3,0.0,0.0,True,112.5,False,False
warning_buffer_capacity,BAC_G::SC-I-84,Bacteria,3,0.0,0.0,True,109.0,False,False
warning_acid_accumulation,BAC_G::SC-I-84,Bacteria,3,,,True,,False,False
warning_ammonia_toxicity,BAC_G::SC-I-84,Bacteria,3,0.0,0.0,True,122.0,False,False
warning_biogas_quality,BAC_G::SC-I-84,Bacteria,3,,,True,,False,False
warning_acid_base_balance,BAC_G::SC103,Bacteria,3,0.0,0.0,True,112.5,False,False
warning_buffer_capacity,BAC_G::SC103,Bacteria,3,0.0,0.0,True,109.0,False,False
warning_acid_accumulation,BAC_G::SC103,Bacteria,3,,,True,,False,False
warning_ammonia_toxicity,BAC_G::SC103,Bacteria,3,-0.0007142857142857173,0.0031943828249997135,True,227.0,False,False
warning_biogas_quality,BAC_G::SC103,Bacteria,3,,,True,,False,False
warning_acid_base_balance,BAC_G::SJA-15,Bacteria,3,0.0,0.0,True,112.5,False,False
warning_buffer_capacity,BAC_G::SJA-15,Bacteria,3,0.0,0.0,True,109.0,False,False
warning_acid_accumulation,BAC_G::SJA-15,Bacteria,3,,,True,,False,False
warning_ammonia_toxicity,BAC_G::SJA-15,Bacteria,3,0.0,0.0,True,122.0,False,False
warning_biogas_quality,BAC_G::SJA-15,Bacteria,3,,,True,,False,False
warning_acid_base_balance,BAC_G::SJA-28,Bacteria,3,0.0,0.0,True,112.5,False,False
warning_buffer_capacity,BAC_G::SJA-28,Bacteria,3,0.0,0.0,True,109.0,False,False
warning_acid_accumulation,BAC_G::SJA-28,Bacteria,3,,,True,,False,False
warning_ammonia_toxicity,BAC_G::SJA-28,Bacteria,3,0.0,0.0,True,122.0,False,False
warning_biogas_quality,BAC_G::SJA-28,Bacteria,3,,,True,,False,False
warning_acid_base_balance,BAC_G::ST-12K33,Bacteria,3,0.0,0.0,True,112.5,False,False
warning_buffer_capacity,BAC_G::ST-12K33,Bacteria,3,-0.00021645021645021607,0.0006662197091462027,True,234.0,False,False
warning_acid_accumulation,BAC_G::ST-12K33,Bacteria,3,,,True,,False,False
warning_ammonia_toxicity,BAC_G::ST-12K33,Bacteria,3,-0.016428571428571476,0.007949446429283245,True,272.0,False,False
warning_biogas_quality,BAC_G::ST-12K33,Bacteria,3,,,True,,False,False
warning_acid_base_balance,BAC_G::Saccharofermentans,Bacteria,3,-0.00107769423558898,0.000549095295744529,True,267.0,False,False
warning_buffer_capacity,BAC_G::Saccharofermentans,Bacteria,3,0.0,0.0,True,109.0,False,False
warning_acid_accumulation,BAC_G::Saccharofermentans,Bacteria,3,,,True,,False,False
warning_ammonia_toxicity,BAC_G::Saccharofermentans,Bacteria,3,0.0,0.0,True,122.0,False,False
warning_biogas_quality,BAC_G::Saccharofermentans,Bacteria,3,,,True,,False,False
warning_acid_base_balance,BAC_G::Sedimentibacter,Bacteria,3,-0.00023809523809524002,0.0004885611200405535,True,249.5,False,False
warning_buffer_capacity,BAC_G::Sedimentibacter,Bacteria,3,-0.0005861244019138755,0.0018538740445989824,True,253.0,False,False
warning_acid_accumulation,BAC_G::Sedimentibacter,Bacteria,3,,,True,,False,False
warning_ammonia_toxicity,BAC_G::Sedimentibacter,Bacteria,3,-0.0080952380952381,0.013653513358104236,True,268.0,False,False
warning_biogas_quality,BAC_G::Sedimentibacter,Bacteria,3,,,True,,False,False
warning_acid_base_balance,BAC_G::Shuttleworthia,Bacteria,3,0.0,0.0,True,112.5,False,False
warning_buffer_capacity,BAC_G::Shuttleworthia,Bacteria,3,0.0,0.0,True,109.0,False,False
warning_acid_accumulation,BAC_G::Shuttleworthia,Bacteria,3,,,True,,False,False
warning_ammonia_toxicity,BAC_G::Shuttleworthia,Bacteria,3,0.0,0.0,True,122.0,False,False
warning_biogas_quality,BAC_G::Shuttleworthia,Bacteria,3,,,True,,False,False
warning_acid_base_balance,BAC_G::Simplicispira,Bacteria,3,0.0,0.0,True,112.5,False,False
warning_buffer_capacity,BAC_G::Simplicispira,Bacteria,3,0.0,0.0,True,109.0,False,False
warning_acid_accumulation,BAC_G::Simplicispira,Bacteria,3,,,True,,False,False
warning_ammonia_toxicity,BAC_G::Simplicispira,Bacteria,3,0.0,0.0,True,122.0,False,False
warning_biogas_quality,BAC_G::Simplicispira,Bacteria,3,,,True,,False,False
warning_acid_base_balance,BAC_G::Smithella,Bacteria,3,-0.00107769423558898,0.000549095295744529,True,267.0,False,False
warning_buffer_capacity,BAC_G::Smithella,Bacteria,3,-0.012486907442402797,0.004140908200807133,True,276.0,False,False
warning_acid_accumulation,BAC_G::Smithella,Bacteria,3,,,True,,False,False
warning_ammonia_toxicity,BAC_G::Smithella,Bacteria,3,0.003865079365079338,0.013612882309478663,True,19.0,False,True
warning_biogas_quality,BAC_G::Smithella,Bacteria,3,,,True,,False,False
warning_acid_base_balance,BAC_G::Sphaerochaeta,Bacteria,3,-0.0004443420804976915,0.0012619270177765018,True,261.0,False,False
warning_buffer_capacity,BAC_G::Sphaerochaeta,Bacteria,3,-0.008015937236138474,0.012619651632077795,True,275.0,False,False
warning_acid_accumulation,BAC_G::Sphaerochaeta,Bacteria,3,,,True,,False,False
warning_ammonia_toxicity,BAC_G::Sphaerochaeta,Bacteria,3,-0.015952380952380968,0.014350313425329062,True,271.0,False,False
warning_biogas_quality,BAC_G::Sphaerochaeta,Bacteria,3,,,True,,False,False
warning_acid_base_balance,BAC_G::Stenotrophomonas,Bacteria,3,0.0,0.0,True,112.5,False,False
warning_buffer_capacity,BAC_G::Stenotrophomonas,Bacteria,3,0.0,0.0,True,109.0,False,False
warning_acid_accumulation,BAC_G::Stenotrophomonas,Bacteria,3,,,True,,False,False
warning_ammonia_toxicity,BAC_G::Stenotrophomonas,Bacteria,3,0.0,0.0,True,122.0,False,False
warning_biogas_quality,BAC_G::Stenotrophomonas,Bacteria,3,,,True,,False,False
warning_acid_base_balance,BAC_G::Sterolibacterium,Bacteria,3,0.0,0.0,True,112.5,False,False
warning_buffer_capacity,BAC_G::Sterolibacterium,Bacteria,3,0.0,0.0,True,109.0,False,False
warning_acid_accumulation,BAC_G::Sterolibacterium,Bacteria,3,,,True,,False,False
warning_ammonia_toxicity,BAC_G::Sterolibacterium,Bacteria,3,0.0,0.0,True,122.0,False,False
warning_biogas_quality,BAC_G::Sterolibacterium,Bacteria,3,,,True,,False,False
warning_acid_base_balance,BAC_G::Streptococcus,Bacteria,3,-0.00012531328320802005,0.0005604180394736315,True,240.0,False,False
warning_buffer_capacity,BAC_G::Streptococcus,Bacteria,3,0.0,0.0,True,109.0,False,False
warning_acid_accumulation,BAC_G::Streptococcus,Bacteria,3,,,True,,False,False
warning_ammonia_toxicity,BAC_G::Streptococcus,Bacteria,3,-0.0006428571428571562,0.008897011892932707,True,216.5,False,False
warning_biogas_quality,BAC_G::Streptococcus,Bacteria,3,,,True,,False,False
warning_acid_base_balance,BAC_G::Sutterella,Bacteria,3,0.0,0.0,True,112.5,False,False
warning_buffer_capacity,BAC_G::Sutterella,Bacteria,3,0.0,0.0,True,109.0,False,False
warning_acid_accumulation,BAC_G::Sutterella,Bacteria,3,,,True,,False,False
warning_ammonia_toxicity,BAC_G::Sutterella,Bacteria,3,0.0,0.0,True,122.0,False,False
warning_biogas_quality,BAC_G::Sutterella,Bacteria,3,,,True,,False,False
warning_acid_base_balance,BAC_G::Syner-01,Bacteria,3,0.0,0.0,True,112.5,False,False
warning_buffer_capacity,BAC_G::Syner-01,Bacteria,3,0.0,0.0,True,109.0,False,False
warning_acid_accumulation,BAC_G::Syner-01,Bacteria,3,,,True,,False,False
warning_ammonia_toxicity,BAC_G::Syner-01,Bacteria,3,0.0,0.0,True,122.0,False,False
warning_biogas_quality,BAC_G::Syner-01,Bacteria,3,,,True,,False,False
warning_acid_base_balance,BAC_G::Syntrophaceticus,Bacteria,3,0.0,0.0,True,112.5,False,False
warning_buffer_capacity,BAC_G::Syntrophaceticus,Bacteria,3,0.0,0.0,True,109.0,False,False
warning_acid_accumulation,BAC_G::Syntrophaceticus,Bacteria,3,,,True,,False,False
warning_ammonia_toxicity,BAC_G::Syntrophaceticus,Bacteria,3,0.0,0.0,True,122.0,False,False
warning_biogas_quality,BAC_G::Syntrophaceticus,Bacteria,3,,,True,,False,False
warning_acid_base_balance,BAC_G::Syntrophobacter,Bacteria,3,0.0,0.0,False,112.5,False,False
warning_buffer_capacity,BAC_G::Syntrophobacter,Bacteria,3,0.0,0.0,False,109.0,False,False
warning_acid_accumulation,BAC_G::Syntrophobacter,Bacteria,3,,,False,,False,False
warning_ammonia_toxicity,BAC_G::Syntrophobacter,Bacteria,3,0.0,0.0,False,122.0,False,False
warning_biogas_quality,BAC_G::Syntrophobacter,Bacteria,3,,,False,,False,False
warning_acid_base_balance,BAC_G::Syntrophococcus,Bacteria,3,-0.00017857142857143,0.0004361280339672931,True,243.5,False,False
warning_buffer_capacity,BAC_G::Syntrophococcus,Bacteria,3,0.0,0.0,True,109.0,False,False
warning_acid_accumulation,BAC_G::Syntrophococcus,Bacteria,3,,,True,,False,False
warning_ammonia_toxicity,BAC_G::Syntrophococcus,Bacteria,3,-0.0014285714285714346,0.004397050080364965,True,246.5,False,False
warning_biogas_quality,BAC_G::Syntrophococcus,Bacteria,3,,,True,,False,False
warning_acid_base_balance,BAC_G::Syntrophomonas,Bacteria,3,0.0,0.0,True,112.5,False,False
warning_buffer_capacity,BAC_G::Syntrophomonas,Bacteria,3,-0.0006601731601731595,0.0012708236756461128,True,256.5,False,False
warning_acid_accumulation,BAC_G::Syntrophomonas,Bacteria,3,,,True,,False,False
warning_ammonia_toxicity,BAC_G::Syntrophomonas,Bacteria,3,-0.0026349206349206566,0.01252019890076747,True,259.0,False,False
warning_biogas_quality,BAC_G::Syntrophomonas,Bacteria,3,,,True,,False,False
warning_acid_base_balance,BAC_G::Syntrophorhabdus,Bacteria,3,0.0,0.0,True,112.5,False,False
warning_buffer_capacity,BAC_G::Syntrophorhabdus,Bacteria,3,-0.0007900432900432901,0.001688742489042726,True,264.0,False,False
warning_acid_accumulation,BAC_G::Syntrophorhabdus,Bacteria,3,,,True,,False,False
warning_ammonia_toxicity,BAC_G::Syntrophorhabdus,Bacteria,3,-0.0028571428571428693,0.00586273344048662,True,263.5,False,False
warning_biogas_quality,BAC_G::Syntrophorhabdus,Bacteria,3,,,True,,False,False
warning_acid_base_balance,BAC_G::Syntrophus,Bacteria,3,0.0,0.0,True,112.5,False,False
warning_buffer_capacity,BAC_G::Syntrophus,Bacteria,3,0.0,0.0,True,109.0,False,False
warning_acid_accumulation,BAC_G::Syntrophus,Bacteria,3,,,True,,False,False
warning_ammonia_toxicity,BAC_G::Syntrophus,Bacteria,3,-0.002142857142857152,0.005233536407607498,True,256.5,False,False
warning_biogas_quality,BAC_G::Syntrophus,Bacteria,3,,,True,,False,False
warning_acid_base_balance,BAC_G::TTA-B1,Bacteria,3,0.0,0.0,True,112.5,False,False
warning_buffer_capacity,BAC_G::TTA-B1,Bacteria,3,0.0,0.0,True,109.0,False,False
warning_acid_accumulation,BAC_G::TTA-B1,Bacteria,3,,,True,,False,False
warning_ammonia_toxicity,BAC_G::TTA-B1,Bacteria,3,0.0,0.0,True,122.0,False,False
warning_biogas_quality,BAC_G::TTA-B1,Bacteria,3,,,True,,False,False
warning_acid_base_balance,BAC_G::Tepidimicrobium,Bacteria,3,0.0,0.0,True,112.5,False,False
warning_buffer_capacity,BAC_G::Tepidimicrobium,Bacteria,3,0.0,0.0,True,109.0,False,False
warning_acid_accumulation,BAC_G::Tepidimicrobium,Bacteria,3,,,True,,False,False
warning_ammonia_toxicity,BAC_G::Tepidimicrobium,Bacteria,3,0.0,0.0,True,122.0,False,False
warning_biogas_quality,BAC_G::Tepidimicrobium,Bacteria,3,,,True,,False,False
warning_acid_base_balance,BAC_G::Terrimonas,Bacteria,3,0.0,0.0,True,112.5,False,False
warning_buffer_capacity,BAC_G::Terrimonas,Bacteria,3,0.0,0.0,True,109.0,False,False
warning_acid_accumulation,BAC_G::Terrimonas,Bacteria,3,,,True,,False,False
warning_ammonia_toxicity,BAC_G::Terrimonas,Bacteria,3,0.0,0.0,True,122.0,False,False
warning_biogas_quality,BAC_G::Terrimonas,Bacteria,3,,,True,,False,False
warning_acid_base_balance,BAC_G::Tetrasphaera,Bacteria,3,0.0,0.0,True,112.5,False,False
warning_buffer_capacity,BAC_G::Tetrasphaera,Bacteria,3,-0.00010822510822510804,0.0004839973977272263,True,223.5,False,False
warning_acid_accumulation,BAC_G::Tetrasphaera,Bacteria,3,,,True,,False,False
warning_ammonia_toxicity,BAC_G::Tetrasphaera,Bacteria,3,0.004383116883116861,0.011804080355436902,True,17.0,False,True
warning_biogas_quality,BAC_G::Tetrasphaera,Bacteria,3,,,True,,False,False
warning_acid_base_balance,BAC_G::Thauera,Bacteria,3,0.0,0.0,True,112.5,False,False
warning_buffer_capacity,BAC_G::Thauera,Bacteria,3,0.0,0.0,True,109.0,False,False
warning_acid_accumulation,BAC_G::Thauera,Bacteria,3,,,True,,False,False
warning_ammonia_toxicity,BAC_G::Thauera,Bacteria,3,0.0,0.0,True,122.0,False,False
warning_biogas_quality,BAC_G::Thauera,Bacteria,3,,,True,,False,False
warning_acid_base_balance,BAC_G::Thermoanaerobaculum,Bacteria,3,0.0,0.0,True,112.5,False,False
warning_buffer_capacity,BAC_G::Thermoanaerobaculum,Bacteria,3,0.0,0.0,True,109.0,False,False
warning_acid_accumulation,BAC_G::Thermoanaerobaculum,Bacteria,3,,,True,,False,False
warning_ammonia_toxicity,BAC_G::Thermoanaerobaculum,Bacteria,3,0.0,0.0,True,122.0,False,False
warning_biogas_quality,BAC_G::Thermoanaerobaculum,Bacteria,3,,,True,,False,False
warning_acid_base_balance,BAC_G::Thermomonas,Bacteria,3,0.0,0.0,True,112.5,False,False
warning_buffer_capacity,BAC_G::Thermomonas,Bacteria,3,-0.00021645021645021607,0.0006662197091462027,True,234.0,False,False
warning_acid_accumulation,BAC_G::Thermomonas,Bacteria,3,,,True,,False,False
warning_ammonia_toxicity,BAC_G::Thermomonas,Bacteria,3,0.0,0.0,True,122.0,False,False
warning_biogas_quality,BAC_G::Thermomonas,Bacteria,3,,,True,,False,False
warning_acid_base_balance,BAC_G::Thermovirga,Bacteria,3,0.0,0.0,True,112.5,False,False
warning_buffer_capacity,BAC_G::Thermovirga,Bacteria,3,-0.0003246753246753241,0.0007929600617587069,True,243.5,False,False
warning_acid_accumulation,BAC_G::Thermovirga,Bacteria,3,,,True,,False,False
warning_ammonia_toxicity,BAC_G::Thermovirga,Bacteria,3,0.000928571428571412,0.010231215267170333,True,28.0,False,False
warning_biogas_quality,BAC_G::Thermovirga,Bacteria,3,,,True,,False,False
warning_acid_base_balance,BAC_G::Thermus,Bacteria,3,0.0,0.0,True,112.5,False,False
warning_buffer_capacity,BAC_G::Thermus,Bacteria,3,0.0,0.0,True,109.0,False,False
warning_acid_accumulation,BAC_G::Thermus,Bacteria,3,,,True,,False,False
warning_ammonia_toxicity,BAC_G::Thermus,Bacteria,3,0.0,0.0,True,122.0,False,False
warning_biogas_quality,BAC_G::Thermus,Bacteria,3,,,True,,False,False
warning_acid_base_balance,BAC_G::Tissierella,Bacteria,3,0.0,0.0,True,112.5,False,False
warning_buffer_capacity,BAC_G::Tissierella,Bacteria,3,0.0,0.0,True,109.0,False,False
warning_acid_accumulation,BAC_G::Tissierella,Bacteria,3,,,True,,False,False
warning_ammonia_toxicity,BAC_G::Tissierella,Bacteria,3,0.0,0.0,True,122.0,False,False
warning_biogas_quality,BAC_G::Tissierella,Bacteria,3,,,True,,False,False
warning_acid_base_balance,BAC_G::Treponema,Bacteria,3,0.0,0.0,True,112.5,False,False
warning_buffer_capacity,BAC_G::Treponema,Bacteria,3,0.0,0.0,True,109.0,False,False
warning_acid_accumulation,BAC_G::Treponema,Bacteria,3,,,True,,False,False
warning_ammonia_toxicity,BAC_G::Treponema,Bacteria,3,0.0,0.0,True,122.0,False,False
warning_biogas_quality,BAC_G::Treponema,Bacteria,3,,,True,,False,False
warning_acid_base_balance,BAC_G::Truepera,Bacteria,3,0.0,0.0,True,112.5,False,False
warning_buffer_capacity,BAC_G::Truepera,Bacteria,3,0.0,0.0,True,109.0,False,False
warning_acid_accumulation,BAC_G::Truepera,Bacteria,3,,,True,,False,False
warning_ammonia_toxicity,BAC_G::Truepera,Bacteria,3,0.0,0.0,True,122.0,False,False
warning_biogas_quality,BAC_G::Truepera,Bacteria,3,,,True,,False,False
warning_acid_base_balance,BAC_G::UCG-010,Bacteria,3,0.0,0.0,True,112.5,False,False
warning_buffer_capacity,BAC_G::UCG-010,Bacteria,3,0.0,0.0,True,109.0,False,False
warning_acid_accumulation,BAC_G::UCG-010,Bacteria,3,,,True,,False,False
warning_ammonia_toxicity,BAC_G::UCG-010,Bacteria,3,0.021264430014429948,0.0271214467283992,True,4.0,True,True
warning_biogas_quality,BAC_G::UCG-010,Bacteria,3,,,True,,False,False
warning_acid_base_balance,BAC_G::W27,Bacteria,3,-0.00017857142857143,0.0004361280339672931,True,243.5,False,False
warning_buffer_capacity,BAC_G::W27,Bacteria,3,0.0,0.0,True,109.0,False,False
warning_acid_accumulation,BAC_G::W27,Bacteria,3,,,True,,False,False
warning_ammonia_toxicity,BAC_G::W27,Bacteria,3,-0.0014285714285714346,0.004397050080364965,True,246.5,False,False
warning_biogas_quality,BAC_G::W27,Bacteria,3,,,True,,False,False
warning_acid_base_balance,BAC_G::W5,Bacteria,3,0.0,0.0,True,112.5,False,False
warning_buffer_capacity,BAC_G::W5,Bacteria,3,0.0,0.0,True,109.0,False,False
warning_acid_accumulation,BAC_G::W5,Bacteria,3,,,True,,False,False
warning_ammonia_toxicity,BAC_G::W5,Bacteria,3,0.0,0.0,True,122.0,False,False
warning_biogas_quality,BAC_G::W5,Bacteria,3,,,True,,False,False
warning_acid_base_balance,BAC_G::W5053,Bacteria,3,-0.0012524930574129658,0.004699001058202378,True,270.0,False,False
warning_buffer_capacity,BAC_G::W5053,Bacteria,3,0.0,0.0,True,109.0,False,False
warning_acid_accumulation,BAC_G::W5053,Bacteria,3,,,True,,False,False
warning_ammonia_toxicity,BAC_G::W5053,Bacteria,3,0.10365992340992333,0.03509653448698081,True,1.0,True,True
warning_biogas_quality,BAC_G::W5053,Bacteria,3,,,True,,False,False
warning_acid_base_balance,BAC_G::WCHB1-02,Bacteria,3,0.0,0.0,True,112.5,False,False
warning_buffer_capacity,BAC_G::WCHB1-02,Bacteria,3,-0.0018506493506493479,0.0010867416519998142,True,268.0,False,False
warning_acid_accumulation,BAC_G::WCHB1-02,Bacteria,3,,,True,,False,False
warning_ammonia_toxicity,BAC_G::WCHB1-02,Bacteria,3,-0.0028571428571428693,0.00586273344048662,True,263.5,False,False
warning_biogas_quality,BAC_G::WCHB1-02,Bacteria,3,,,True,,False,False
warning_acid_base_balance,BAC_G::WCHB1-41,Bacteria,3,-0.0001984126984126984,0.0008873285624999165,True,247.5,False,False
warning_buffer_capacity,BAC_G::WCHB1-41,Bacteria,3,0.0,0.0,True,109.0,False,False
warning_acid_accumulation,BAC_G::WCHB1-41,Bacteria,3,,,True,,False,False
warning_ammonia_toxicity,BAC_G::WCHB1-41,Bacteria,3,0.011817460317460282,0.010760979966820329,True,10.0,True,True
warning_biogas_quality,BAC_G::WCHB1-41,Bacteria,3,,,True,,False,False
warning_acid_base_balance,BAC_G::WCHB1-81,Bacteria,3,0.0,0.0,True,112.5,False,False
warning_buffer_capacity,BAC_G::WCHB1-81,Bacteria,3,0.0,0.0,True,109.0,False,False
warning_acid_accumulation,BAC_G::WCHB1-81,Bacteria,3,,,True,,False,False
warning_ammonia_toxicity,BAC_G::WCHB1-81,Bacteria,3,0.0,0.0,True,122.0,False,False
warning_biogas_quality,BAC_G::WCHB1-81,Bacteria,3,,,True,,False,False
warning_acid_base_balance,BAC_G::Zoogloea,Bacteria,3,0.0,0.0,True,112.5,False,False
warning_buffer_capacity,BAC_G::Zoogloea,Bacteria,3,0.0,0.0,True,109.0,False,False
warning_acid_accumulation,BAC_G::Zoogloea,Bacteria,3,,,True,,False,False
warning_ammonia_toxicity,BAC_G::Zoogloea,Bacteria,3,0.0,0.0,True,122.0,False,False
warning_biogas_quality,BAC_G::Zoogloea,Bacteria,3,,,True,,False,False
warning_acid_base_balance,BAC_G::p-251-o5,Bacteria,3,0.0,0.0,True,112.5,False,False
warning_buffer_capacity,BAC_G::p-251-o5,Bacteria,3,0.0,0.0,True,109.0,False,False
warning_acid_accumulation,BAC_G::p-251-o5,Bacteria,3,,,True,,False,False
warning_ammonia_toxicity,BAC_G::p-251-o5,Bacteria,3,0.0,0.0,True,122.0,False,False
warning_biogas_quality,BAC_G::p-251-o5,Bacteria,3,,,True,,False,False
warning_acid_base_balance,BAC_G::unidentified,Bacteria,3,-0.0005419799498746901,0.0007372479829410049,True,262.5,False,False
warning_buffer_capacity,BAC_G::unidentified,Bacteria,3,-0.00021645021645021607,0.0006662197091462028,True,234.0,False,False
warning_acid_accumulation,BAC_G::unidentified,Bacteria,3,,,True,,False,False
warning_ammonia_toxicity,BAC_G::unidentified,Bacteria,3,0.0,0.0,True,122.0,False,False
warning_biogas_quality,BAC_G::unidentified,Bacteria,3,,,True,,False,False
warning_acid_base_balance,ARC_P::Aenigmarchaeota,Archaea,3,0.0,0.0,True,112.5,False,False
warning_buffer_capacity,ARC_P::Aenigmarchaeota,Archaea,3,0.0,0.0,True,109.0,False,False
warning_acid_accumulation,ARC_P::Aenigmarchaeota,Archaea,3,,,True,,False,False
warning_ammonia_toxicity,ARC_P::Aenigmarchaeota,Archaea,3,0.0,0.0,True,122.0,False,False
warning_biogas_quality,ARC_P::Aenigmarchaeota,Archaea,3,,,True,,False,False
warning_acid_base_balance,ARC_P::Asgardarchaeota,Archaea,3,0.0,0.0,True,112.5,False,False
warning_buffer_capacity,ARC_P::Asgardarchaeota,Archaea,3,0.0,0.0,True,109.0,False,False
warning_acid_accumulation,ARC_P::Asgardarchaeota,Archaea,3,,,True,,False,False
warning_ammonia_toxicity,ARC_P::Asgardarchaeota,Archaea,3,0.0,0.0,True,122.0,False,False
warning_biogas_quality,ARC_P::Asgardarchaeota,Archaea,3,,,True,,False,False
warning_acid_base_balance,ARC_P::Crenarchaeota,Archaea,3,0.0,0.0,True,112.5,False,False
warning_buffer_capacity,ARC_P::Crenarchaeota,Archaea,3,0.0,0.0,True,109.0,False,False
warning_acid_accumulation,ARC_P::Crenarchaeota,Archaea,3,,,True,,False,False
warning_ammonia_toxicity,ARC_P::Crenarchaeota,Archaea,3,0.0,0.0,True,122.0,False,False
warning_biogas_quality,ARC_P::Crenarchaeota,Archaea,3,,,True,,False,False
warning_acid_base_balance,ARC_P::Cryptomycota,Archaea,3,0.0,0.0,True,112.5,False,False
warning_buffer_capacity,ARC_P::Cryptomycota,Archaea,3,0.0,0.0,True,109.0,False,False
warning_acid_accumulation,ARC_P::Cryptomycota,Archaea,3,,,True,,False,False
warning_ammonia_toxicity,ARC_P::Cryptomycota,Archaea,3,0.0,0.0,True,122.0,False,False
warning_biogas_quality,ARC_P::Cryptomycota,Archaea,3,,,True,,False,False
warning_acid_base_balance,ARC_P::Euryarchaeota,Archaea,3,0.0,0.0,True,112.5,False,False
warning_buffer_capacity,ARC_P::Euryarchaeota,Archaea,3,0.0,0.0,True,109.0,False,False
warning_acid_accumulation,ARC_P::Euryarchaeota,Archaea,3,,,True,,False,False
warning_ammonia_toxicity,ARC_P::Euryarchaeota,Archaea,3,0.01799999999999995,0.015078740698500995,True,6.5,True,True
warning_biogas_quality,ARC_P::Euryarchaeota,Archaea,3,,,True,,False,False
warning_acid_base_balance,ARC_P::Hadarchaeota,Archaea,3,0.0,0.0,True,112.5,False,False
warning_buffer_capacity,ARC_P::Hadarchaeota,Archaea,3,0.0,0.0,True,109.0,False,False
warning_acid_accumulation,ARC_P::Hadarchaeota,Archaea,3,,,True,,False,False
warning_ammonia_toxicity,ARC_P::Hadarchaeota,Archaea,3,0.0,0.0,True,122.0,False,False
warning_biogas_quality,ARC_P::Hadarchaeota,Archaea,3,,,True,,False,False
warning_acid_base_balance,ARC_P::Halobacterota,Archaea,3,-0.00036340852130326007,0.000699961906955839,True,255.0,False,False
warning_buffer_capacity,ARC_P::Halobacterota,Archaea,3,-0.00010822510822510804,0.0004839973977272263,True,223.5,False,False
warning_acid_accumulation,ARC_P::Halobacterota,Archaea,3,,,True,,False,False
warning_ammonia_toxicity,ARC_P::Halobacterota,Archaea,3,-0.0007142857142857173,0.003194382824999713,True,227.0,False,False
warning_biogas_quality,ARC_P::Halobacterota,Archaea,3,,,True,,False,False
warning_acid_base_balance,ARC_P::Holozoa,Archaea,3,0.0,0.0,True,112.5,False,False
warning_buffer_capacity,ARC_P::Holozoa,Archaea,3,0.0,0.0,True,109.0,False,False
warning_acid_accumulation,ARC_P::Holozoa,Archaea,3,,,True,,False,False
warning_ammonia_toxicity,ARC_P::Holozoa,Archaea,3,0.0,0.0,True,122.0,False,False
warning_biogas_quality,ARC_P::Holozoa,Archaea,3,,,True,,False,False
warning_acid_base_balance,ARC_P::Iainarchaeota,Archaea,3,0.0,0.0,True,112.5,False,False
warning_buffer_capacity,ARC_P::Iainarchaeota,Archaea,3,0.0,0.0,True,109.0,False,False
warning_acid_accumulation,ARC_P::Iainarchaeota,Archaea,3,,,True,,False,False
warning_ammonia_toxicity,ARC_P::Iainarchaeota,Archaea,3,0.0,0.0,True,122.0,False,False
warning_biogas_quality,ARC_P::Iainarchaeota,Archaea,3,,,True,,False,False
warning_acid_base_balance,ARC_P::Micrarchaeota,Archaea,3,0.0,0.0,True,112.5,False,False
warning_buffer_capacity,ARC_P::Micrarchaeota,Archaea,3,-0.0003246753246753241,0.0007929600617587069,True,243.5,False,False
warning_acid_accumulation,ARC_P::Micrarchaeota,Archaea,3,,,True,,False,False
warning_ammonia_toxicity,ARC_P::Micrarchaeota,Archaea,3,-0.0028571428571428693,0.00586273344048662,True,263.5,False,False
warning_biogas_quality,ARC_P::Micrarchaeota,Archaea,3,,,True,,False,False
warning_acid_base_balance,ARC_P::Mollusca,Archaea,3,0.0,0.0,True,112.5,False,False
warning_buffer_capacity,ARC_P::Mollusca,Archaea,3,0.0,0.0,True,109.0,False,False
warning_acid_accumulation,ARC_P::Mollusca,Archaea,3,,,True,,False,False
warning_ammonia_toxicity,ARC_P::Mollusca,Archaea,3,0.0,0.0,True,122.0,False,False
warning_biogas_quality,ARC_P::Mollusca,Archaea,3,,,True,,False,False
warning_acid_base_balance,ARC_P::Nanoarchaeota,Archaea,3,9.763786937699928e-05,0.0008305809253309807,True,2.0,True,True
warning_buffer_capacity,ARC_P::Nanoarchaeota,Archaea,3,-0.0007683982683982675,0.00130339207551755,True,262.5,False,False
warning_acid_accumulation,ARC_P::Nanoarchaeota,Archaea,3,,,True,,False,False
warning_ammonia_toxicity,ARC_P::Nanoarchaeota,Archaea,3,-0.0014285714285714346,0.004397050080364964,True,246.5,False,False
warning_biogas_quality,ARC_P::Nanoarchaeota,Archaea,3,,,True,,False,False
warning_acid_base_balance,ARC_P::Thermoplasmatota,Archaea,3,0.0,0.0,True,112.5,False,False
warning_buffer_capacity,ARC_P::Thermoplasmatota,Archaea,3,-0.00043290043290043214,0.0008882929455282703,True,249.0,False,False
warning_acid_accumulation,ARC_P::Thermoplasmatota,Archaea,3,,,True,,False,False
warning_ammonia_toxicity,ARC_P::Thermoplasmatota,Archaea,3,-0.0028571428571428693,0.00586273344048662,True,263.5,False,False
warning_biogas_quality,ARC_P::Thermoplasmatota,Archaea,3,,,True,,False,False
warning_acid_base_balance,ARC_P::Vertebrata,Archaea,3,0.0,0.0,True,112.5,False,False
warning_buffer_capacity,ARC_P::Vertebrata,Archaea,3,0.0,0.0,True,109.0,False,False
warning_acid_accumulation,ARC_P::Vertebrata,Archaea,3,,,True,,False,False
warning_ammonia_toxicity,ARC_P::Vertebrata,Archaea,3,0.0,0.0,True,122.0,False,False
warning_biogas_quality,ARC_P::Vertebrata,Archaea,3,,,True,,False,False
warning_acid_base_balance,ARC_P::unidentified,Archaea,3,-0.00041666666666667005,0.0005825720058685676,True,259.0,False,False
warning_buffer_capacity,ARC_P::unidentified,Archaea,3,-0.00021645021645021607,0.0006662197091462028,True,234.0,False,False
warning_acid_accumulation,ARC_P::unidentified,Archaea,3,,,True,,False,False
warning_ammonia_toxicity,ARC_P::unidentified,Archaea,3,0.0,0.0,True,122.0,False,False
warning_biogas_quality,ARC_P::unidentified,Archaea,3,,,True,,False,False
warning_acid_base_balance,ARC_G::Aenigmarchaeales,Archaea,3,0.0,0.0,True,112.5,False,False
warning_buffer_capacity,ARC_G::Aenigmarchaeales,Archaea,3,0.0,0.0,True,109.0,False,False
warning_acid_accumulation,ARC_G::Aenigmarchaeales,Archaea,3,,,True,,False,False
warning_ammonia_toxicity,ARC_G::Aenigmarchaeales,Archaea,3,0.0,0.0,True,122.0,False,False
warning_biogas_quality,ARC_G::Aenigmarchaeales,Archaea,3,,,True,,False,False
warning_acid_base_balance,ARC_G::Bathyarchaeia,Archaea,3,0.0,0.0,True,112.5,False,False
warning_buffer_capacity,ARC_G::Bathyarchaeia,Archaea,3,-0.0006709956709956708,0.0014812467984412615,True,258.0,False,False
warning_acid_accumulation,ARC_G::Bathyarchaeia,Archaea,3,,,True,,False,False
warning_ammonia_toxicity,ARC_G::Bathyarchaeia,Archaea,3,0.0030714285714285527,0.012395860505826677,True,22.0,False,False
warning_biogas_quality,ARC_G::Bathyarchaeia,Archaea,3,,,True,,False,False
warning_acid_base_balance,ARC_G::Candidatus_Iainarchaeum,Archaea,3,0.0,0.0,True,112.5,False,False
warning_buffer_capacity,ARC_G::Candidatus_Iainarchaeum,Archaea,3,0.0,0.0,True,109.0,False,False
warning_acid_accumulation,ARC_G::Candidatus_Iainarchaeum,Archaea,3,,,True,,False,False
warning_ammonia_toxicity,ARC_G::Candidatus_Iainarchaeum,Archaea,3,0.0,0.0,True,122.0,False,False
warning_biogas_quality,ARC_G::Candidatus_Iainarchaeum,Archaea,3,,,True,,False,False
warning_acid_base_balance,ARC_G::Candidatus_Methanofastidiosum,Archaea,3,0.0,0.0,True,112.5,False,False
warning_buffer_capacity,ARC_G::Candidatus_Methanofastidiosum,Archaea,3,0.0,0.0,True,109.0,False,False
warning_acid_accumulation,ARC_G::Candidatus_Methanofastidiosum,Archaea,3,,,True,,False,False
warning_ammonia_toxicity,ARC_G::Candidatus_Methanofastidiosum,Archaea,3,0.01799999999999995,0.015078740698500995,True,6.5,True,True
warning_biogas_quality,ARC_G::Candidatus_Methanofastidiosum,Archaea,3,,,True,,False,False
warning_acid_base_balance,ARC_G::Candidatus_Methanogranum,Archaea,3,-0.010684655892035756,0.021848640810551993,True,275.0,False,False
warning_buffer_capacity,ARC_G::Candidatus_Methanogranum,Archaea,3,-0.0003354978354978354,0.0011025103100712169,True,248.0,False,False
warning_acid_accumulation,ARC_G::Candidatus_Methanogranum,Archaea,3,,,True,,False,False
warning_ammonia_toxicity,ARC_G::Candidatus_Methanogranum,Archaea,3,-0.06318040293040297,0.06381174191043198,True,275.0,False,False
warning_biogas_quality,ARC_G::Candidatus_Methanogranum,Archaea,3,,,True,,False,False
warning_acid_base_balance,ARC_G::Candidatus_Methanomethylicus,Archaea,3,0.0,0.0,True,112.5,False,False
warning_buffer_capacity,ARC_G::Candidatus_Methanomethylicus,Archaea,3,0.0,0.0,True,109.0,False,False
warning_acid_accumulation,ARC_G::Candidatus_Methanomethylicus,Archaea,3,,,True,,False,False
warning_ammonia_toxicity,ARC_G::Candidatus_Methanomethylicus,Archaea,3,0.0,0.0,True,122.0,False,False
warning_biogas_quality,ARC_G::Candidatus_Methanomethylicus,Archaea,3,,,True,,False,False
warning_acid_base_balance,ARC_G::Candidatus_Methanomethylophilus,Archaea,3,0.0,0.0,True,112.5,False,False
warning_buffer_capacity,ARC_G::Candidatus_Methanomethylophilus,Archaea,3,0.0,0.0,True,109.0,False,False
warning_acid_accumulation,ARC_G::Candidatus_Methanomethylophilus,Archaea,3,,,True,,False,False
warning_ammonia_toxicity,ARC_G::Candidatus_Methanomethylophilus,Archaea,3,0.0,0.0,True,122.0,False,False
warning_biogas_quality,ARC_G::Candidatus_Methanomethylophilus,Archaea,3,,,True,,False,False
warning_acid_base_balance,ARC_G::Candidatus_Methanoplasma,Archaea,3,0.0,0.0,True,112.5,False,False
warning_buffer_capacity,ARC_G::Candidatus_Methanoplasma,Archaea,3,0.0,0.0,True,109.0,False,False
warning_acid_accumulation,ARC_G::Candidatus_Methanoplasma,Archaea,3,,,True,,False,False
warning_ammonia_toxicity,ARC_G::Candidatus_Methanoplasma,Archaea,3,-0.0007142857142857173,0.0031943828249997135,True,227.0,False,False
warning_biogas_quality,ARC_G::Candidatus_Methanoplasma,Archaea,3,,,True,,False,False
warning_acid_base_balance,ARC_G::Candidatus_Nitrocosmicus,Archaea,3,0.0,0.0,True,112.5,False,False
warning_buffer_capacity,ARC_G::Candidatus_Nitrocosmicus,Archaea,3,0.0,0.0,True,109.0,False,False
warning_acid_accumulation,ARC_G::Candidatus_Nitrocosmicus,Archaea,3,,,True,,False,False
warning_ammonia_toxicity,ARC_G::Candidatus_Nitrocosmicus,Archaea,3,0.0,0.0,True,122.0,False,False
warning_biogas_quality,ARC_G::Candidatus_Nitrocosmicus,Archaea,3,,,True,,False,False
warning_acid_base_balance,ARC_G::Hadarchaeales,Archaea,3,0.0,0.0,True,112.5,False,False
warning_buffer_capacity,ARC_G::Hadarchaeales,Archaea,3,0.0,0.0,True,109.0,False,False
warning_acid_accumulation,ARC_G::Hadarchaeales,Archaea,3,,,True,,False,False
warning_ammonia_toxicity,ARC_G::Hadarchaeales,Archaea,3,0.0,0.0,True,122.0,False,False
warning_biogas_quality,ARC_G::Hadarchaeales,Archaea,3,,,True,,False,False
warning_acid_base_balance,ARC_G::LKM11,Archaea,3,0.0,0.0,True,112.5,False,False
warning_buffer_capacity,ARC_G::LKM11,Archaea,3,0.0,0.0,True,109.0,False,False
warning_acid_accumulation,ARC_G::LKM11,Archaea,3,,,True,,False,False
warning_ammonia_toxicity,ARC_G::LKM11,Archaea,3,0.0,0.0,True,122.0,False,False
warning_biogas_quality,ARC_G::LKM11,Archaea,3,,,True,,False,False
warning_acid_base_balance,ARC_G::Lokiarchaeia,Archaea,3,0.0,0.0,True,112.5,False,False
warning_buffer_capacity,ARC_G::Lokiarchaeia,Archaea,3,0.0,0.0,True,109.0,False,False
warning_acid_accumulation,ARC_G::Lokiarchaeia,Archaea,3,,,True,,False,False
warning_ammonia_toxicity,ARC_G::Lokiarchaeia,Archaea,3,0.0,0.0,True,122.0,False,False
warning_biogas_quality,ARC_G::Lokiarchaeia,Archaea,3,,,True,,False,False
warning_acid_base_balance,ARC_G::Marine_Benthic_Group_D_and_DHVEG-1,Archaea,3,0.0,0.0,True,112.5,False,False
warning_buffer_capacity,ARC_G::Marine_Benthic_Group_D_and_DHVEG-1,Archaea,3,0.0,0.0,True,109.0,False,False
warning_acid_accumulation,ARC_G::Marine_Benthic_Group_D_and_DHVEG-1,Archaea,3,,,True,,False,False
warning_ammonia_toxicity,ARC_G::Marine_Benthic_Group_D_and_DHVEG-1,Archaea,3,0.0,0.0,True,122.0,False,False
warning_biogas_quality,ARC_G::Marine_Benthic_Group_D_and_DHVEG-1,Archaea,3,,,True,,False,False
warning_acid_base_balance,ARC_G::Methanimicrococcus,Archaea,3,0.0,0.0,True,112.5,False,False
warning_buffer_capacity,ARC_G::Methanimicrococcus,Archaea,3,0.0,0.0,True,109.0,False,False
warning_acid_accumulation,ARC_G::Methanimicrococcus,Archaea,3,,,True,,False,False
warning_ammonia_toxicity,ARC_G::Methanimicrococcus,Archaea,3,0.0,0.0,True,122.0,False,False
warning_biogas_quality,ARC_G::Methanimicrococcus,Archaea,3,,,True,,False,False
warning_acid_base_balance,ARC_G::Methanocorpusculum,Archaea,3,0.0,0.0,True,112.5,False,False
warning_buffer_capacity,ARC_G::Methanocorpusculum,Archaea,3,-0.0004437229437229434,0.0011718966913633598,True,250.0,False,False
warning_acid_accumulation,ARC_G::Methanocorpusculum,Archaea,3,,,True,,False,False
warning_ammonia_toxicity,ARC_G::Methanocorpusculum,Archaea,3,0.0,0.0,True,122.0,False,False
warning_biogas_quality,ARC_G::Methanocorpusculum,Archaea,3,,,True,,False,False
warning_acid_base_balance,ARC_G::Methanoculleus,Archaea,3,0.0,0.0,True,112.5,False,False
warning_buffer_capacity,ARC_G::Methanoculleus,Archaea,3,0.0,0.0,True,109.0,False,False
warning_acid_accumulation,ARC_G::Methanoculleus,Archaea,3,,,True,,False,False
warning_ammonia_toxicity,ARC_G::Methanoculleus,Archaea,3,0.0,0.0,True,122.0,False,False
warning_biogas_quality,ARC_G::Methanoculleus,Archaea,3,,,True,,False,False
warning_acid_base_balance,ARC_G::Methanofollis,Archaea,3,0.0,0.0,True,112.5,False,False
warning_buffer_capacity,ARC_G::Methanofollis,Archaea,3,0.0,0.0,True,109.0,False,False
warning_acid_accumulation,ARC_G::Methanofollis,Archaea,3,,,True,,False,False
warning_ammonia_toxicity,ARC_G::Methanofollis,Archaea,3,0.0,0.0,True,122.0,False,False
warning_biogas_quality,ARC_G::Methanofollis,Archaea,3,,,True,,False,False
warning_acid_base_balance,ARC_G::Methanogenium,Archaea,3,-0.00029761904761905003,0.0005288829265706224,True,252.0,False,False
warning_buffer_capacity,ARC_G::Methanogenium,Archaea,3,0.0,0.0,True,109.0,False,False
warning_acid_accumulation,ARC_G::Methanogenium,Archaea,3,,,True,,False,False
warning_ammonia_toxicity,ARC_G::Methanogenium,Archaea,3,0.01628968253968251,0.02160401699094878,True,9.0,True,True
warning_biogas_quality,ARC_G::Methanogenium,Archaea,3,,,True,,False,False
warning_acid_base_balance,ARC_G::Methanolacinia,Archaea,3,0.0,0.0,False,112.5,False,False
warning_buffer_capacity,ARC_G::Methanolacinia,Archaea,3,0.0,0.0,False,109.0,False,False
warning_acid_accumulation,ARC_G::Methanolacinia,Archaea,3,,,False,,False,False
warning_ammonia_toxicity,ARC_G::Methanolacinia,Archaea,3,0.0,0.0,False,122.0,False,False
warning_biogas_quality,ARC_G::Methanolacinia,Archaea,3,,,False,,False,False
warning_acid_base_balance,ARC_G::Methanolinea,Archaea,3,-0.00041666666666667005,0.0005825720058685677,True,259.0,False,False
warning_buffer_capacity,ARC_G::Methanolinea,Archaea,3,0.0,0.0,True,109.0,False,False
warning_acid_accumulation,ARC_G::Methanolinea,Archaea,3,,,True,,False,False
warning_ammonia_toxicity,ARC_G::Methanolinea,Archaea,3,0.0009999999999999731,0.01316751527990822,True,27.0,False,False
warning_biogas_quality,ARC_G::Methanolinea,Archaea,3,,,True,,False,False
warning_acid_base_balance,ARC_G::Methanolobus,Archaea,3,0.0,0.0,True,112.5,False,False
warning_buffer_capacity,ARC_G::Methanolobus,Archaea,3,0.0,0.0,True,109.0,False,False
warning_acid_accumulation,ARC_G::Methanolobus,Archaea,3,,,True,,False,False
warning_ammonia_toxicity,ARC_G::Methanolobus,Archaea,3,0.0,0.0,True,122.0,False,False
warning_biogas_quality,ARC_G::Methanolobus,Archaea,3,,,True,,False,False
warning_acid_base_balance,ARC_G::Methanomassiliicoccus,Archaea,3,0.0,0.0,True,112.5,False,False
warning_buffer_capacity,ARC_G::Methanomassiliicoccus,Archaea,3,-0.001570972886762359,0.0020035297132913097,True,267.0,False,False
warning_acid_accumulation,ARC_G::Methanomassiliicoccus,Archaea,3,,,True,,False,False
warning_ammonia_toxicity,ARC_G::Methanomassiliicoccus,Archaea,3,-0.0005000000000000337,0.014731940645684456,True,215.0,False,False
warning_biogas_quality,ARC_G::Methanomassiliicoccus,Archaea,3,,,True,,False,False
warning_acid_base_balance,ARC_G::Methanomethylovorans,Archaea,3,-0.00011904761904762001,0.0003664208400304152,True,235.5,False,False
warning_buffer_capacity,ARC_G::Methanomethylovorans,Archaea,3,-0.0008658008658008643,0.0010879322293290774,True,265.0,False,False
warning_acid_accumulation,ARC_G::Methanomethylovorans,Archaea,3,,,True,,False,False
warning_ammonia_toxicity,ARC_G::Methanomethylovorans,Archaea,3,0.0043650793650793105,0.01879055863157337,True,18.0,False,True
warning_biogas_quality,ARC_G::Methanomethylovorans,Archaea,3,,,True,,False,False
warning_acid_base_balance,ARC_G::Methanoregula,Archaea,3,0.0,0.0,True,112.5,False,False
warning_buffer_capacity,ARC_G::Methanoregula,Archaea,3,0.0,0.0,True,109.0,False,False
warning_acid_accumulation,ARC_G::Methanoregula,Archaea,3,,,True,,False,False
warning_ammonia_toxicity,ARC_G::Methanoregula,Archaea,3,0.0,0.0,True,122.0,False,False
warning_biogas_quality,ARC_G::Methanoregula,Archaea,3,,,True,,False,False
warning_acid_base_balance,ARC_G::Methanosaeta,Archaea,3,-0.00011904761904762001,0.00036642084003041513,True,235.5,False,False
warning_buffer_capacity,ARC_G::Methanosaeta,Archaea,3,-0.0006601731601731595,0.0012708236756461128,True,256.5,False,False
warning_acid_accumulation,ARC_G::Methanosaeta,Archaea,3,,,True,,False,False
warning_ammonia_toxicity,ARC_G::Methanosaeta,Archaea,3,-0.009761904761904788,0.010645140291008505,True,270.0,False,False
warning_biogas_quality,ARC_G::Methanosaeta,Archaea,3,,,True,,False,False
warning_acid_base_balance,ARC_G::Methanosarcina,Archaea,3,0.0,0.0,True,112.5,False,False
warning_buffer_capacity,ARC_G::Methanosarcina,Archaea,3,0.0,0.0,True,109.0,False,False
warning_acid_accumulation,ARC_G::Methanosarcina,Archaea,3,,,True,,False,False
warning_ammonia_toxicity,ARC_G::Methanosarcina,Archaea,3,0.0014999999999999957,0.00670820393249935,True,25.5,False,False
warning_biogas_quality,ARC_G::Methanosarcina,Archaea,3,,,True,,False,False
warning_acid_base_balance,ARC_G::Methanosphaerula,Archaea,3,0.0,0.0,True,112.5,False,False
warning_buffer_capacity,ARC_G::Methanosphaerula,Archaea,3,0.0,0.0,True,109.0,False,False
warning_acid_accumulation,ARC_G::Methanosphaerula,Archaea,3,,,True,,False,False
warning_ammonia_toxicity,ARC_G::Methanosphaerula,Archaea,3,-0.0014285714285714346,0.004397050080364965,True,246.5,False,False
warning_biogas_quality,ARC_G::Methanosphaerula,Archaea,3,,,True,,False,False
warning_acid_base_balance,ARC_G::Methanospirillum,Archaea,3,0.0,0.0,True,112.5,False,False
warning_buffer_capacity,ARC_G::Methanospirillum,Archaea,3,-0.00010822510822510804,0.0004839973977272263,True,223.5,False,False
warning_acid_accumulation,ARC_G::Methanospirillum,Archaea,3,,,True,,False,False
warning_ammonia_toxicity,ARC_G::Methanospirillum,Archaea,3,-0.0007142857142857173,0.003194382824999713,True,227.0,False,False
warning_biogas_quality,ARC_G::Methanospirillum,Archaea,3,,,True,,False,False
warning_acid_base_balance,ARC_G::Micrarchaeales,Archaea,3,0.0,0.0,True,112.5,False,False
warning_buffer_capacity,ARC_G::Micrarchaeales,Archaea,3,-0.0003246753246753241,0.0007929600617587069,True,243.5,False,False
warning_acid_accumulation,ARC_G::Micrarchaeales,Archaea,3,,,True,,False,False
warning_ammonia_toxicity,ARC_G::Micrarchaeales,Archaea,3,0.0,0.0,True,122.0,False,False
warning_biogas_quality,ARC_G::Micrarchaeales,Archaea,3,,,True,,False,False
warning_acid_base_balance,ARC_G::Nitrososphaeraceae,Archaea,3,0.0,0.0,True,112.5,False,False
warning_buffer_capacity,ARC_G::Nitrososphaeraceae,Archaea,3,0.0,0.0,True,109.0,False,False
warning_acid_accumulation,ARC_G::Nitrososphaeraceae,Archaea,3,,,True,,False,False
warning_ammonia_toxicity,ARC_G::Nitrososphaeraceae,Archaea,3,0.0,0.0,True,122.0,False,False
warning_biogas_quality,ARC_G::Nitrososphaeraceae,Archaea,3,,,True,,False,False
warning_acid_base_balance,ARC_G::Rhinosporideacae,Archaea,3,0.0,0.0,True,112.5,False,False
warning_buffer_capacity,ARC_G::Rhinosporideacae,Archaea,3,0.0,0.0,True,109.0,False,False
warning_acid_accumulation,ARC_G::Rhinosporideacae,Archaea,3,,,True,,False,False
warning_ammonia_toxicity,ARC_G::Rhinosporideacae,Archaea,3,0.0,0.0,True,122.0,False,False
warning_biogas_quality,ARC_G::Rhinosporideacae,Archaea,3,,,True,,False,False
warning_acid_base_balance,ARC_G::RumEn_M2,Archaea,3,0.0,0.0,True,112.5,False,False
warning_buffer_capacity,ARC_G::RumEn_M2,Archaea,3,-0.00010822510822510804,0.0004839973977272263,True,223.5,False,False
warning_acid_accumulation,ARC_G::RumEn_M2,Archaea,3,,,True,,False,False
warning_ammonia_toxicity,ARC_G::RumEn_M2,Archaea,3,-0.0007142857142857173,0.0031943828249997135,True,227.0,False,False
warning_biogas_quality,ARC_G::RumEn_M2,Archaea,3,,,True,,False,False
warning_acid_base_balance,ARC_G::SCGC_AAA011-D5,Archaea,3,0.00019645209862601196,0.000785610208670215,True,1.0,True,True
warning_buffer_capacity,ARC_G::SCGC_AAA011-D5,Archaea,3,-0.0007683982683982675,0.00130339207551755,True,262.5,False,False
warning_acid_accumulation,ARC_G::SCGC_AAA011-D5,Archaea,3,,,True,,False,False
warning_ammonia_toxicity,ARC_G::SCGC_AAA011-D5,Archaea,3,-0.0014285714285714346,0.004397050080364964,True,246.5,False,False
warning_biogas_quality,ARC_G::SCGC_AAA011-D5,Archaea,3,,,True,,False,False
warning_acid_base_balance,ARC_G::Teleostei,Archaea,3,0.0,0.0,True,112.5,False,False
warning_buffer_capacity,ARC_G::Teleostei,Archaea,3,0.0,0.0,True,109.0,False,False
warning_acid_accumulation,ARC_G::Teleostei,Archaea,3,,,True,,False,False
warning_ammonia_toxicity,ARC_G::Teleostei,Archaea,3,0.0,0.0,True,122.0,False,False
warning_biogas_quality,ARC_G::Teleostei,Archaea,3,,,True,,False,False
warning_acid_base_balance,ARC_G::Veneroida,Archaea,3,0.0,0.0,True,112.5,False,False
warning_buffer_capacity,ARC_G::Veneroida,Archaea,3,0.0,0.0,True,109.0,False,False
warning_acid_accumulation,ARC_G::Veneroida,Archaea,3,,,True,,False,False
warning_ammonia_toxicity,ARC_G::Veneroida,Archaea,3,0.0,0.0,True,122.0,False,False
warning_biogas_quality,ARC_G::Veneroida,Archaea,3,,,True,,False,False
warning_acid_base_balance,ARC_G::Woesearchaeales,Archaea,3,0.0,0.0,True,112.5,False,False
warning_buffer_capacity,ARC_G::Woesearchaeales,Archaea,3,-0.0006493506493506482,0.001017667415544646,True,254.5,False,False
warning_acid_accumulation,ARC_G::Woesearchaeales,Archaea,3,,,True,,False,False
warning_ammonia_toxicity,ARC_G::Woesearchaeales,Archaea,3,-0.0007142857142857173,0.003194382824999713,True,227.0,False,False
warning_biogas_quality,ARC_G::Woesearchaeales,Archaea,3,,,True,,False,False
warning_acid_base_balance,ARC_G::unidentified,Archaea,3,-0.00035714285714286,0.0005597170785495608,True,254.0,False,False
warning_buffer_capacity,ARC_G::unidentified,Archaea,3,-0.00010822510822510804,0.0004839973977272263,True,223.5,False,False
warning_acid_accumulation,ARC_G::unidentified,Archaea,3,,,True,,False,False
warning_ammonia_toxicity,ARC_G::unidentified,Archaea,3,0.0,0.0,True,122.0,False,False
warning_biogas_quality,ARC_G::unidentified,Archaea,3,,,True,,False,False
warning_acid_base_balance,Season,Metadata: operation/context,4,-0.02825396825396822,0.012911741903933039,True,269.0,False,False
warning_buffer_capacity,Season,Metadata: operation/context,4,0.0058287913067324865,0.0017196332139163188,True,5.0,True,True
warning_acid_accumulation,Season,Metadata: operation/context,4,-0.0002529761904761889,0.0010276990507646637,True,214.0,False,False
warning_ammonia_toxicity,Season,Metadata: operation/context,4,0.0,0.0,True,173.5,False,False
warning_biogas_quality,Season,Metadata: operation/context,4,,,True,,False,False
warning_acid_base_balance,substrate_type,Metadata: substrate,4,0.0,0.0,True,104.5,False,False
warning_buffer_capacity,substrate_type,Metadata: substrate,4,0.0,0.0,True,129.5,False,False
warning_acid_accumulation,substrate_type,Metadata: substrate,4,-0.001309523809523805,0.001215280441747711,True,257.0,False,False
warning_ammonia_toxicity,substrate_type,Metadata: substrate,4,0.0022222222222222144,0.004559903787045114,True,47.5,False,False
warning_biogas_quality,substrate_type,Metadata: substrate,4,,,True,,False,False
warning_acid_base_balance,HRT_d,Metadata: operation/context,4,0.0038095238095238295,0.01245751023297188,True,10.0,True,True
warning_buffer_capacity,HRT_d,Metadata: operation/context,4,-0.005511363636363635,0.0037231477295208387,True,266.0,False,False
warning_acid_accumulation,HRT_d,Metadata: operation/context,4,-0.000970695970695968,0.001477321187480876,True,250.0,False,False
warning_ammonia_toxicity,HRT_d,Metadata: operation/context,4,0.003888888888888875,0.0062698677071870304,True,41.0,False,False
warning_biogas_quality,HRT_d,Metadata: operation/context,4,,,True,,False,False
warning_acid_base_balance,T_C,Metadata: operation/context,4,-0.00999999999999999,0.011342617456311998,True,236.0,False,False
warning_buffer_capacity,T_C,Metadata: operation/context,4,-0.012121689584924874,0.010650204713136642,True,275.0,False,False
warning_acid_accumulation,T_C,Metadata: operation/context,4,-0.00343637775623069,0.0033465929585026226,True,274.0,False,False
warning_ammonia_toxicity,T_C,Metadata: operation/context,4,0.00777777777777775,0.005224026066462506,True,32.5,False,False
warning_biogas_quality,T_C,Metadata: operation/context,4,,,True,,False,False
warning_acid_base_balance,Q_total_Tpy,Metadata: operation/context,4,-0.00777777777777777,0.010874677442879831,True,228.0,False,False
warning_buffer_capacity,Q_total_Tpy,Metadata: operation/context,4,-0.007338458110516932,0.00526694057786809,True,273.0,False,False
warning_acid_accumulation,Q_total_Tpy,Metadata: operation/context,4,0.0,0.0,True,102.0,False,False
warning_ammonia_toxicity,Q_total_Tpy,Metadata: operation/context,4,0.0,0.0,True,173.5,False,False
warning_biogas_quality,Q_total_Tpy,Metadata: operation/context,4,,,True,,False,False
warning_acid_base_balance,substrate_avg_pH,Metadata: substrate,4,0.0,0.0,True,104.5,False,False
warning_buffer_capacity,substrate_avg_pH,Metadata: substrate,4,0.0,0.0,True,129.5,False,False
warning_acid_accumulation,substrate_avg_pH,Metadata: substrate,4,-0.0005952380952380931,0.0010577658531412326,True,236.0,False,False
warning_ammonia_toxicity,substrate_avg_pH,Metadata: substrate,4,0.00777777777777775,0.005224026066462506,True,32.5,False,False
warning_biogas_quality,substrate_avg_pH,Metadata: substrate,4,,,True,,False,False
warning_acid_base_balance,substrate_avg_ALK,Metadata: substrate,4,-0.01999999999999998,0.006839855680567687,True,260.0,False,False
warning_buffer_capacity,substrate_avg_ALK,Metadata: substrate,4,0.0,0.0,True,129.5,False,False
warning_acid_accumulation,substrate_avg_ALK,Metadata: substrate,4,0.0008925653594771272,0.001150014625777488,True,9.0,True,True
warning_ammonia_toxicity,substrate_avg_ALK,Metadata: substrate,4,0.0,0.0,True,173.5,False,False
warning_biogas_quality,substrate_avg_ALK,Metadata: substrate,4,,,True,,False,False
warning_acid_base_balance,substrate_avg_VS,Metadata: substrate,4,-0.00888888888888888,0.011169437554445202,True,232.5,False,False
warning_buffer_capacity,substrate_avg_VS,Metadata: substrate,4,0.0,0.0,True,129.5,False,False
warning_acid_accumulation,substrate_avg_VS,Metadata: substrate,4,0.0,0.0,True,102.0,False,False
warning_ammonia_toxicity,substrate_avg_VS,Metadata: substrate,4,0.0005555555555555536,0.0024845199749997577,True,70.5,False,False
warning_biogas_quality,substrate_avg_VS,Metadata: substrate,4,,,True,,False,False
warning_acid_base_balance,substrate_avg_COD,Metadata: substrate,4,-0.01444444444444443,0.010874677442879831,True,248.0,False,False
warning_buffer_capacity,substrate_avg_COD,Metadata: substrate,4,0.0,0.0,True,129.5,False,False
warning_acid_accumulation,substrate_avg_COD,Metadata: substrate,4,-0.0003571428571428559,0.0008722560679345759,True,221.5,False,False
warning_ammonia_toxicity,substrate_avg_COD,Metadata: substrate,4,0.0016666666666666607,0.004070528317028021,True,53.0,False,False
warning_biogas_quality,substrate_avg_COD,Metadata: substrate,4,,,True,,False,False
warning_acid_base_balance,substrate_avg_sCOD,Metadata: substrate,4,-0.01999999999999998,0.006839855680567688,True,260.0,False,False
warning_buffer_capacity,substrate_avg_sCOD,Metadata: substrate,4,-0.00022727272727272735,0.0010163945352271774,True,232.0,False,False
warning_acid_accumulation,substrate_avg_sCOD,Metadata: substrate,4,-0.0006547619047618996,0.0017741900485014142,True,241.0,False,False
warning_ammonia_toxicity,substrate_avg_sCOD,Metadata: substrate,4,0.030412457912457856,0.011554063380717247,True,2.0,True,True
warning_biogas_quality,substrate_avg_sCOD,Metadata: substrate,4,,,True,,False,False
warning_acid_base_balance,substrate_avg_TC,Metadata: substrate,4,-0.01555555555555554,0.01044805213292504,True,251.0,False,False
warning_buffer_capacity,substrate_avg_TC,Metadata: substrate,4,0.0,0.0,True,129.5,False,False
warning_acid_accumulation,substrate_avg_TC,Metadata: substrate,4,-0.0007142857142857118,0.0011194341570991086,True,243.5,False,False
warning_ammonia_toxicity,substrate_avg_TC,Metadata: substrate,4,0.0022222222222222144,0.004559903787045113,True,47.5,False,False
warning_biogas_quality,substrate_avg_TC,Metadata: substrate,4,,,True,,False,False
warning_acid_base_balance,substrate_avg_Protein,Metadata: substrate,4,-0.0111111111111111,0.01139975946761281,True,241.5,False,False
warning_buffer_capacity,substrate_avg_Protein,Metadata: substrate,4,0.004299442387677683,0.0034158619789960484,True,8.0,True,True
warning_acid_accumulation,substrate_avg_Protein,Metadata: substrate,4,-0.00011904761904761863,0.0005323971374999479,True,196.5,False,False
warning_ammonia_toxicity,substrate_avg_Protein,Metadata: substrate,4,0.0061574074074074005,0.007729504188567533,True,37.0,False,False
warning_biogas_quality,substrate_avg_Protein,Metadata: substrate,4,,,True,,False,False
warning_acid_base_balance,substrate_avg_Lipid,Metadata: substrate,4,-0.01777777777777776,0.009119807574090248,True,254.0,False,False
warning_buffer_capacity,substrate_avg_Lipid,Metadata: substrate,4,0.0,0.0,True,129.5,False,False
warning_acid_accumulation,substrate_avg_Lipid,Metadata: substrate,4,0.0,0.0,True,102.0,False,False
warning_ammonia_toxicity,substrate_avg_Lipid,Metadata: substrate,4,0.01845182595182594,0.010866579710688556,True,9.0,True,True
warning_biogas_quality,substrate_avg_Lipid,Metadata: substrate,4,,,True,,False,False
warning_acid_base_balance,substrate_avg_TVFAs,Metadata: substrate,4,-0.023174603174603153,0.02319179161384909,True,267.0,False,False
warning_buffer_capacity,substrate_avg_TVFAs,Metadata: substrate,4,0.0,0.0,True,129.5,False,False
warning_acid_accumulation,substrate_avg_TVFAs,Metadata: substrate,4,0.0,0.0,True,102.0,False,False
warning_ammonia_toxicity,substrate_avg_TVFAs,Metadata: substrate,4,0.0,0.0,True,173.5,False,False
warning_biogas_quality,substrate_avg_TVFAs,Metadata: substrate,4,,,True,,False,False
warning_acid_base_balance,substrate_avg_HAc,Metadata: substrate,4,-0.0222222222222222,0.0,True,265.5,False,False
warning_buffer_capacity,substrate_avg_HAc,Metadata: substrate,4,0.0,0.0,True,129.5,False,False
warning_acid_accumulation,substrate_avg_HAc,Metadata: substrate,4,0.0,0.0,True,102.0,False,False
warning_ammonia_toxicity,substrate_avg_HAc,Metadata: substrate,4,0.0,0.0,True,173.5,False,False
warning_biogas_quality,substrate_avg_HAc,Metadata: substrate,4,,,True,,False,False
warning_acid_base_balance,substrate_avg_HPro,Metadata: substrate,4,-0.01999999999999998,0.006839855680567688,True,260.0,False,False
warning_buffer_capacity,substrate_avg_HPro,Metadata: substrate,4,0.0,0.0,True,129.5,False,False
warning_acid_accumulation,substrate_avg_HPro,Metadata: substrate,4,-0.002280219780219773,0.0009916048926920725,True,270.0,False,False
warning_ammonia_toxicity,substrate_avg_HPro,Metadata: substrate,4,0.0005555555555555536,0.002484519974999758,True,70.5,False,False
warning_biogas_quality,substrate_avg_HPro,Metadata: substrate,4,,,True,,False,False
warning_acid_base_balance,BAC_P::Abditibacteriota,Bacteria,4,0.0,0.0,True,104.5,False,False
warning_buffer_capacity,BAC_P::Abditibacteriota,Bacteria,4,0.0,0.0,True,129.5,False,False
warning_acid_accumulation,BAC_P::Abditibacteriota,Bacteria,4,0.0,0.0,True,102.0,False,False
warning_ammonia_toxicity,BAC_P::Abditibacteriota,Bacteria,4,0.0,0.0,True,173.5,False,False
warning_biogas_quality,BAC_P::Abditibacteriota,Bacteria,4,,,True,,False,False
warning_acid_base_balance,BAC_P::Acetothermia,Bacteria,4,0.0,0.0,True,104.5,False,False
warning_buffer_capacity,BAC_P::Acetothermia,Bacteria,4,0.0,0.0,True,129.5,False,False
warning_acid_accumulation,BAC_P::Acetothermia,Bacteria,4,0.0,0.0,True,102.0,False,False
warning_ammonia_toxicity,BAC_P::Acetothermia,Bacteria,4,0.0,0.0,True,173.5,False,False
warning_biogas_quality,BAC_P::Acetothermia,Bacteria,4,,,True,,False,False
warning_acid_base_balance,BAC_P::Acidobacteriota,Bacteria,4,0.02194569319569322,0.019277121129348197,True,3.0,True,True
warning_buffer_capacity,BAC_P::Acidobacteriota,Bacteria,4,0.0003409090909090924,0.0017973789981158472,True,25.0,False,False
warning_acid_accumulation,BAC_P::Acidobacteriota,Bacteria,4,-0.0005093864468864451,0.0014948345673365983,True,230.0,False,False
warning_ammonia_toxicity,BAC_P::Acidobacteriota,Bacteria,4,0.0011111111111111072,0.003419927840283835,True,61.5,False,False
warning_biogas_quality,BAC_P::Acidobacteriota,Bacteria,4,,,True,,False,False
warning_acid_base_balance,BAC_P::Actinobacteriota,Bacteria,4,-0.00999999999999999,0.011342617456311998,True,236.0,False,False
warning_buffer_capacity,BAC_P::Actinobacteriota,Bacteria,4,0.0,0.0,True,129.5,False,False
warning_acid_accumulation,BAC_P::Actinobacteriota,Bacteria,4,0.0,0.0,True,102.0,False,False
warning_ammonia_toxicity,BAC_P::Actinobacteriota,Bacteria,4,0.003888888888888875,0.005437338721439902,True,41.0,False,False
warning_biogas_quality,BAC_P::Actinobacteriota,Bacteria,4,,,True,,False,False
warning_acid_base_balance,BAC_P::Armatimonadota,Bacteria,4,0.0,0.0,True,104.5,False,False
warning_buffer_capacity,BAC_P::Armatimonadota,Bacteria,4,-0.0011363636363636346,0.0040325049047149775,True,245.0,False,False
warning_acid_accumulation,BAC_P::Armatimonadota,Bacteria,4,-0.00011904761904761863,0.000532397137499948,True,196.5,False,False
warning_ammonia_toxicity,BAC_P::Armatimonadota,Bacteria,4,0.0,0.0,True,173.5,False,False
warning_biogas_quality,BAC_P::Armatimonadota,Bacteria,4,,,True,,False,False
warning_acid_base_balance,BAC_P::Bacteroidota,Bacteria,4,0.0,0.0,True,104.5,False,False
warning_buffer_capacity,BAC_P::Bacteroidota,Bacteria,4,-0.004274161296220118,0.00676606630162916,True,261.0,False,False
warning_acid_accumulation,BAC_P::Bacteroidota,Bacteria,4,0.0,0.0,True,102.0,False,False
warning_ammonia_toxicity,BAC_P::Bacteroidota,Bacteria,4,0.004999999999999982,0.005671308728155984,True,39.0,False,False
warning_biogas_quality,BAC_P::Bacteroidota,Bacteria,4,,,True,,False,False
warning_acid_base_balance,BAC_P::Bdellovibrionota,Bacteria,4,0.0,0.0,True,104.5,False,False
warning_buffer_capacity,BAC_P::Bdellovibrionota,Bacteria,4,0.0,0.0,True,129.5,False,False
warning_acid_accumulation,BAC_P::Bdellovibrionota,Bacteria,4,0.0,0.0,True,102.0,False,False
warning_ammonia_toxicity,BAC_P::Bdellovibrionota,Bacteria,4,0.0,0.0,True,173.5,False,False
warning_biogas_quality,BAC_P::Bdellovibrionota,Bacteria,4,,,True,,False,False
warning_acid_base_balance,BAC_P::Caldatribacteriota,Bacteria,4,-0.00111111111111111,0.004969039949999527,True,196.0,False,False
warning_buffer_capacity,BAC_P::Caldatribacteriota,Bacteria,4,0.0,0.0,True,129.5,False,False
warning_acid_accumulation,BAC_P::Caldatribacteriota,Bacteria,4,-0.00011904761904761863,0.0005323971374999479,True,196.5,False,False
warning_ammonia_toxicity,BAC_P::Caldatribacteriota,Bacteria,4,0.0011111111111111072,0.0034199278402838353,True,61.5,False,False
warning_biogas_quality,BAC_P::Caldatribacteriota,Bacteria,4,,,True,,False,False
warning_acid_base_balance,BAC_P::Caldisericota,Bacteria,4,0.0,0.0,True,104.5,False,False
warning_buffer_capacity,BAC_P::Caldisericota,Bacteria,4,0.0,0.0,True,129.5,False,False
warning_acid_accumulation,BAC_P::Caldisericota,Bacteria,4,0.0,0.0,True,102.0,False,False
warning_ammonia_toxicity,BAC_P::Caldisericota,Bacteria,4,0.0,0.0,True,173.5,False,False
warning_biogas_quality,BAC_P::Caldisericota,Bacteria,4,,,True,,False,False
warning_acid_base_balance,BAC_P::Campilobacterota,Bacteria,4,0.0,0.0,True,104.5,False,False
warning_buffer_capacity,BAC_P::Campilobacterota,Bacteria,4,0.0,0.0,True,129.5,False,False
warning_acid_accumulation,BAC_P::Campilobacterota,Bacteria,4,0.0,0.0,True,102.0,False,False
warning_ammonia_toxicity,BAC_P::Campilobacterota,Bacteria,4,0.0,0.0,True,173.5,False,False
warning_biogas_quality,BAC_P::Campilobacterota,Bacteria,4,,,True,,False,False
warning_acid_base_balance,BAC_P::Chloroflexi,Bacteria,4,0.0,0.0,True,104.5,False,False
warning_buffer_capacity,BAC_P::Chloroflexi,Bacteria,4,0.0,0.0,True,129.5,False,False
warning_acid_accumulation,BAC_P::Chloroflexi,Bacteria,4,-0.0004761904761904745,0.0009771222400810956,True,226.0,False,False
warning_ammonia_toxicity,BAC_P::Chloroflexi,Bacteria,4,0.0,0.0,True,173.5,False,False
warning_biogas_quality,BAC_P::Chloroflexi,Bacteria,4,,,True,,False,False
warning_acid_base_balance,BAC_P::Cloacimonadota,Bacteria,4,-0.01888888888888887,0.008141056634056064,True,255.0,False,False
warning_buffer_capacity,BAC_P::Cloacimonadota,Bacteria,4,0.002083333333333339,0.0019334007027804615,True,14.0,False,True
warning_acid_accumulation,BAC_P::Cloacimonadota,Bacteria,4,-0.0015132783882783837,0.0021414120203943317,True,260.0,False,False
warning_ammonia_toxicity,BAC_P::Cloacimonadota,Bacteria,4,0.0005555555555555536,0.0024845199749997577,True,70.5,False,False
warning_biogas_quality,BAC_P::Cloacimonadota,Bacteria,4,,,True,,False,False
warning_acid_base_balance,BAC_P::Coprothermobacterota,Bacteria,4,0.0,0.0,True,104.5,False,False
warning_buffer_capacity,BAC_P::Coprothermobacterota,Bacteria,4,0.0,0.0,True,129.5,False,False
warning_acid_accumulation,BAC_P::Coprothermobacterota,Bacteria,4,0.0,0.0,True,102.0,False,False
warning_ammonia_toxicity,BAC_P::Coprothermobacterota,Bacteria,4,0.0,0.0,True,173.5,False,False
warning_biogas_quality,BAC_P::Coprothermobacterota,Bacteria,4,,,True,,False,False
warning_acid_base_balance,BAC_P::Cyanobacteria,Bacteria,4,0.0,0.0,True,104.5,False,False
warning_buffer_capacity,BAC_P::Cyanobacteria,Bacteria,4,0.0,0.0,True,129.5,False,False
warning_acid_accumulation,BAC_P::Cyanobacteria,Bacteria,4,0.0,0.0,True,102.0,False,False
warning_ammonia_toxicity,BAC_P::Cyanobacteria,Bacteria,4,0.0,0.0,True,173.5,False,False
warning_biogas_quality,BAC_P::Cyanobacteria,Bacteria,4,,,True,,False,False
warning_acid_base_balance,BAC_P::Deinococcota,Bacteria,4,0.0,0.0,True,104.5,False,False
warning_buffer_capacity,BAC_P::Deinococcota,Bacteria,4,0.0,0.0,True,129.5,False,False
warning_acid_accumulation,BAC_P::Deinococcota,Bacteria,4,0.0,0.0,True,102.0,False,False
warning_ammonia_toxicity,BAC_P::Deinococcota,Bacteria,4,0.0,0.0,True,173.5,False,False
warning_biogas_quality,BAC_P::Deinococcota,Bacteria,4,,,True,,False,False
warning_acid_base_balance,BAC_P::Dependentiae,Bacteria,4,0.008167388167388174,0.023449756071272927,True,7.0,True,True
warning_buffer_capacity,BAC_P::Dependentiae,Bacteria,4,0.00018382352941176476,0.0008220838152572759,True,28.0,False,False
warning_acid_accumulation,BAC_P::Dependentiae,Bacteria,4,-0.0011073179271708644,0.0019743846696110303,True,255.0,False,False
warning_ammonia_toxicity,BAC_P::Dependentiae,Bacteria,4,-0.06411706349206348,0.050152814234723626,True,274.0,False,False
warning_biogas_quality,BAC_P::Dependentiae,Bacteria,4,,,True,,False,False
warning_acid_base_balance,BAC_P::Desulfobacterota,Bacteria,4,-0.01444444444444443,0.010874677442879831,True,248.0,False,False
warning_buffer_capacity,BAC_P::Desulfobacterota,Bacteria,4,-0.006272281639928695,0.004291108624147502,True,271.0,False,False
warning_acid_accumulation,BAC_P::Desulfobacterota,Bacteria,4,-0.0004761904761904745,0.0009771222400810956,True,226.0,False,False
warning_ammonia_toxicity,BAC_P::Desulfobacterota,Bacteria,4,0.008333333333333304,0.004936240647992419,True,29.0,False,False
warning_biogas_quality,BAC_P::Desulfobacterota,Bacteria,4,,,True,,False,False
warning_acid_base_balance,BAC_P::Elusimicrobiota,Bacteria,4,0.0,0.0,True,104.5,False,False
warning_buffer_capacity,BAC_P::Elusimicrobiota,Bacteria,4,0.0,0.0,True,129.5,False,False
warning_acid_accumulation,BAC_P::Elusimicrobiota,Bacteria,4,0.0,0.0,True,102.0,False,False
warning_ammonia_toxicity,BAC_P::Elusimicrobiota,Bacteria,4,0.0,0.0,True,173.5,False,False
warning_biogas_quality,BAC_P::Elusimicrobiota,Bacteria,4,,,True,,False,False
warning_acid_base_balance,BAC_P::Fermentibacterota,Bacteria,4,0.0,0.0,True,104.5,False,False
warning_buffer_capacity,BAC_P::Fermentibacterota,Bacteria,4,0.0,0.0,True,129.5,False,False
warning_acid_accumulation,BAC_P::Fermentibacterota,Bacteria,4,0.0,0.0,True,102.0,False,False
warning_ammonia_toxicity,BAC_P::Fermentibacterota,Bacteria,4,0.0,0.0,True,173.5,False,False
warning_biogas_quality,BAC_P::Fermentibacterota,Bacteria,4,,,True,,False,False
warning_acid_base_balance,BAC_P::Fibrobacterota,Bacteria,4,0.0,0.0,False,104.5,False,False
warning_buffer_capacity,BAC_P::Fibrobacterota,Bacteria,4,0.0,0.0,False,129.5,False,False
warning_acid_accumulation,BAC_P::Fibrobacterota,Bacteria,4,0.0,0.0,False,102.0,False,False
warning_ammonia_toxicity,BAC_P::Fibrobacterota,Bacteria,4,0.0,0.0,False,173.5,False,False
warning_biogas_quality,BAC_P::Fibrobacterota,Bacteria,4,,,False,,False,False
warning_acid_base_balance,BAC_P::Firmicutes,Bacteria,4,-0.006666666666666659,0.01044805213292504,True,225.0,False,False
warning_buffer_capacity,BAC_P::Firmicutes,Bacteria,4,0.0,0.0,True,129.5,False,False
warning_acid_accumulation,BAC_P::Firmicutes,Bacteria,4,-0.0006730769230769186,0.0019772587049941286,True,242.0,False,False
warning_ammonia_toxicity,BAC_P::Firmicutes,Bacteria,4,0.018977272727272693,0.009471079112319657,True,7.0,True,True
warning_biogas_quality,BAC_P::Firmicutes,Bacteria,4,,,True,,False,False
warning_acid_base_balance,BAC_P::Fusobacteriota,Bacteria,4,0.0,0.0,True,104.5,False,False
warning_buffer_capacity,BAC_P::Fusobacteriota,Bacteria,4,0.0,0.0,True,129.5,False,False
warning_acid_accumulation,BAC_P::Fusobacteriota,Bacteria,4,0.0,0.0,True,102.0,False,False
warning_ammonia_toxicity,BAC_P::Fusobacteriota,Bacteria,4,0.0,0.0,True,173.5,False,False
warning_biogas_quality,BAC_P::Fusobacteriota,Bacteria,4,,,True,,False,False
warning_acid_base_balance,BAC_P::Halanaerobiaeota,Bacteria,4,0.0,0.0,True,104.5,False,False
warning_buffer_capacity,BAC_P::Halanaerobiaeota,Bacteria,4,0.0,0.0,True,129.5,False,False
warning_acid_accumulation,BAC_P::Halanaerobiaeota,Bacteria,4,0.0,0.0,True,102.0,False,False
warning_ammonia_toxicity,BAC_P::Halanaerobiaeota,Bacteria,4,0.0,0.0,True,173.5,False,False
warning_biogas_quality,BAC_P::Halanaerobiaeota,Bacteria,4,,,True,,False,False
warning_acid_base_balance,BAC_P::Marinimicrobia_(SAR406_clade),Bacteria,4,0.0,0.0,True,104.5,False,False
warning_buffer_capacity,BAC_P::Marinimicrobia_(SAR406_clade),Bacteria,4,0.0,0.0,True,129.5,False,False
warning_acid_accumulation,BAC_P::Marinimicrobia_(SAR406_clade),Bacteria,4,0.0,0.0,True,102.0,False,False
warning_ammonia_toxicity,BAC_P::Marinimicrobia_(SAR406_clade),Bacteria,4,0.0,0.0,True,173.5,False,False
warning_biogas_quality,BAC_P::Marinimicrobia_(SAR406_clade),Bacteria,4,,,True,,False,False
warning_acid_base_balance,BAC_P::Patescibacteria,Bacteria,4,-0.01666666666666665,0.009872481295984862,True,252.5,False,False
warning_buffer_capacity,BAC_P::Patescibacteria,Bacteria,4,0.0003676470588235295,0.0011315937706821556,True,24.0,False,False
warning_acid_accumulation,BAC_P::Patescibacteria,Bacteria,4,-0.0023992673992673914,0.000833812521517024,True,271.0,False,False
warning_ammonia_toxicity,BAC_P::Patescibacteria,Bacteria,4,0.0013888888888888896,0.006211299937499419,True,58.0,False,False
warning_biogas_quality,BAC_P::Patescibacteria,Bacteria,4,,,True,,False,False
warning_acid_base_balance,BAC_P::Planctomycetota,Bacteria,4,-0.030198412698412697,0.02239567851260821,True,272.0,False,False
warning_buffer_capacity,BAC_P::Planctomycetota,Bacteria,4,0.0,0.0,True,129.5,False,False
warning_acid_accumulation,BAC_P::Planctomycetota,Bacteria,4,-0.00011904761904761863,0.0005323971374999479,True,196.5,False,False
warning_ammonia_toxicity,BAC_P::Planctomycetota,Bacteria,4,0.0,0.0,True,173.5,False,False
warning_biogas_quality,BAC_P::Planctomycetota,Bacteria,4,,,True,,False,False
warning_acid_base_balance,BAC_P::Proteobacteria,Bacteria,4,-0.01444444444444443,0.010874677442879831,True,248.0,False,False
warning_buffer_capacity,BAC_P::Proteobacteria,Bacteria,4,0.005843217240276064,0.003175776156481654,True,4.0,True,True
warning_acid_accumulation,BAC_P::Proteobacteria,Bacteria,4,0.0,0.0,True,102.0,False,False
warning_ammonia_toxicity,BAC_P::Proteobacteria,Bacteria,4,0.008888888888888858,0.004559903787045113,True,26.5,False,False
warning_biogas_quality,BAC_P::Proteobacteria,Bacteria,4,,,True,,False,False
warning_acid_base_balance,BAC_P::Spirochaetota,Bacteria,4,-0.0033333333333333296,0.008141056634056064,True,209.0,False,False
warning_buffer_capacity,BAC_P::Spirochaetota,Bacteria,4,-0.0010510567863509027,0.006496927054521308,True,244.0,False,False
warning_acid_accumulation,BAC_P::Spirochaetota,Bacteria,4,-0.00023809523809523725,0.0007328416800608218,True,208.0,False,False
warning_ammonia_toxicity,BAC_P::Spirochaetota,Bacteria,4,0.0,0.0,True,173.5,False,False
warning_biogas_quality,BAC_P::Spirochaetota,Bacteria,4,,,True,,False,False
warning_acid_base_balance,BAC_P::Synergistota,Bacteria,4,-0.00444444444444444,0.00911980757409025,True,216.5,False,False
warning_buffer_capacity,BAC_P::Synergistota,Bacteria,4,0.0018204099821746908,0.0031561934921488467,True,15.0,False,True
warning_acid_accumulation,BAC_P::Synergistota,Bacteria,4,-0.0009890109890109868,0.0017123369366493504,True,251.0,False,False
warning_ammonia_toxicity,BAC_P::Synergistota,Bacteria,4,0.0,0.0,True,173.5,False,False
warning_biogas_quality,BAC_P::Synergistota,Bacteria,4,,,True,,False,False
warning_acid_base_balance,BAC_P::Thermotogota,Bacteria,4,-0.00999999999999999,0.011342617456311998,True,236.0,False,False
warning_buffer_capacity,BAC_P::Thermotogota,Bacteria,4,-0.002500000000000001,0.002320080843336548,True,254.0,False,False
warning_acid_accumulation,BAC_P::Thermotogota,Bacteria,4,-0.00023809523809523725,0.0007328416800608218,True,208.0,False,False
warning_ammonia_toxicity,BAC_P::Thermotogota,Bacteria,4,0.0033333333333333214,0.005224026066462506,True,43.5,False,False
warning_biogas_quality,BAC_P::Thermotogota,Bacteria,4,,,True,,False,False
warning_acid_base_balance,BAC_P::Verrucomicrobiota,Bacteria,4,-0.00888888888888888,0.0111694375544452,True,232.5,False,False
warning_buffer_capacity,BAC_P::Verrucomicrobiota,Bacteria,4,-0.00012140637140636776,0.0051570711735653045,True,229.0,False,False
warning_acid_accumulation,BAC_P::Verrucomicrobiota,Bacteria,4,0.0,0.0,True,102.0,False,False
warning_ammonia_toxicity,BAC_P::Verrucomicrobiota,Bacteria,4,0.0016666666666666607,0.004070528317028021,True,53.0,False,False
warning_biogas_quality,BAC_P::Verrucomicrobiota,Bacteria,4,,,True,,False,False
warning_acid_base_balance,BAC_P::WS1,Bacteria,4,-0.010721500721500707,0.02132813272422461,True,240.0,False,False
warning_buffer_capacity,BAC_P::WS1,Bacteria,4,0.0,0.0,True,129.5,False,False
warning_acid_accumulation,BAC_P::WS1,Bacteria,4,-0.00019374416433239755,0.0011906592561685655,True,202.0,False,False
warning_ammonia_toxicity,BAC_P::WS1,Bacteria,4,-0.08042989417989413,0.04729141414014246,True,275.0,False,False
warning_biogas_quality,BAC_P::WS1,Bacteria,4,,,True,,False,False
warning_acid_base_balance,BAC_P::unidentified,Bacteria,4,-0.00555555555555555,0.009872481295984862,True,222.0,False,False
warning_buffer_capacity,BAC_P::unidentified,Bacteria,4,0.0043423773938479834,0.0050197756281758574,True,7.0,True,True
warning_acid_accumulation,BAC_P::unidentified,Bacteria,4,-0.00033198215183508767,0.002048261320173598,True,218.0,False,False
warning_ammonia_toxicity,BAC_P::unidentified,Bacteria,4,0.01711848880966526,0.01817454491270623,True,12.0,False,True
warning_biogas_quality,BAC_P::unidentified,Bacteria,4,,,True,,False,False
warning_acid_base_balance,BAC_G::009E01-B-SD-P15,Bacteria,4,0.002142857142857152,0.010752045224455317,True,14.0,False,True
warning_buffer_capacity,BAC_G::009E01-B-SD-P15,Bacteria,4,-0.00123205011362906,0.0062390198050968,True,247.0,False,False
warning_acid_accumulation,BAC_G::009E01-B-SD-P15,Bacteria,4,-0.0009681372549019574,0.003971950984362266,True,249.0,False,False
warning_ammonia_toxicity,BAC_G::009E01-B-SD-P15,Bacteria,4,0.0016666666666666607,0.004070528317028021,True,53.0,False,False
warning_biogas_quality,BAC_G::009E01-B-SD-P15,Bacteria,4,,,True,,False,False
warning_acid_base_balance,BAC_G::113B434,Bacteria,4,0.0,0.0,True,104.5,False,False
warning_buffer_capacity,BAC_G::113B434,Bacteria,4,0.0,0.0,True,129.5,False,False
warning_acid_accumulation,BAC_G::113B434,Bacteria,4,0.0,0.0,True,102.0,False,False
warning_ammonia_toxicity,BAC_G::113B434,Bacteria,4,0.0,0.0,True,173.5,False,False
warning_biogas_quality,BAC_G::113B434,Bacteria,4,,,True,,False,False
warning_acid_base_balance,BAC_G::AAP99,Bacteria,4,0.0,0.0,True,104.5,False,False
warning_buffer_capacity,BAC_G::AAP99,Bacteria,4,0.0,0.0,True,129.5,False,False
warning_acid_accumulation,BAC_G::AAP99,Bacteria,4,0.0,0.0,True,102.0,False,False
warning_ammonia_toxicity,BAC_G::AAP99,Bacteria,4,0.0,0.0,True,173.5,False,False
warning_biogas_quality,BAC_G::AAP99,Bacteria,4,,,True,,False,False
warning_acid_base_balance,BAC_G::ADurb.Bin063-1,Bacteria,4,0.0,0.0,True,104.5,False,False
warning_buffer_capacity,BAC_G::ADurb.Bin063-1,Bacteria,4,0.0,0.0,True,129.5,False,False
warning_acid_accumulation,BAC_G::ADurb.Bin063-1,Bacteria,4,0.0,0.0,True,102.0,False,False
warning_ammonia_toxicity,BAC_G::ADurb.Bin063-1,Bacteria,4,0.0,0.0,True,173.5,False,False
warning_biogas_quality,BAC_G::ADurb.Bin063-1,Bacteria,4,,,True,,False,False
warning_acid_base_balance,BAC_G::ADurb.Bin120,Bacteria,4,0.0,0.0,True,104.5,False,False
warning_buffer_capacity,BAC_G::ADurb.Bin120,Bacteria,4,0.0,0.0,True,129.5,False,False
warning_acid_accumulation,BAC_G::ADurb.Bin120,Bacteria,4,0.0,0.0,True,102.0,False,False
warning_ammonia_toxicity,BAC_G::ADurb.Bin120,Bacteria,4,0.0,0.0,True,173.5,False,False
warning_biogas_quality,BAC_G::ADurb.Bin120,Bacteria,4,,,True,,False,False
warning_acid_base_balance,BAC_G::AKYH767,Bacteria,4,0.0,0.0,True,104.5,False,False
warning_buffer_capacity,BAC_G::AKYH767,Bacteria,4,0.0,0.0,True,129.5,False,False
warning_acid_accumulation,BAC_G::AKYH767,Bacteria,4,0.0,0.0,True,102.0,False,False
warning_ammonia_toxicity,BAC_G::AKYH767,Bacteria,4,0.0,0.0,True,173.5,False,False
warning_biogas_quality,BAC_G::AKYH767,Bacteria,4,,,True,,False,False
warning_acid_base_balance,BAC_G::AUTHM297,Bacteria,4,0.0,0.0,True,104.5,False,False
warning_buffer_capacity,BAC_G::AUTHM297,Bacteria,4,0.0,0.0,True,129.5,False,False
warning_acid_accumulation,BAC_G::AUTHM297,Bacteria,4,0.0,0.0,True,102.0,False,False
warning_ammonia_toxicity,BAC_G::AUTHM297,Bacteria,4,0.0,0.0,True,173.5,False,False
warning_biogas_quality,BAC_G::AUTHM297,Bacteria,4,,,True,,False,False
warning_acid_base_balance,BAC_G::Acetobacter,Bacteria,4,0.0,0.0,True,104.5,False,False
warning_buffer_capacity,BAC_G::Acetobacter,Bacteria,4,0.0,0.0,True,129.5,False,False
warning_acid_accumulation,BAC_G::Acetobacter,Bacteria,4,0.0,0.0,True,102.0,False,False
warning_ammonia_toxicity,BAC_G::Acetobacter,Bacteria,4,0.0,0.0,True,173.5,False,False
warning_biogas_quality,BAC_G::Acetobacter,Bacteria,4,,,True,,False,False
warning_acid_base_balance,BAC_G::Acetomicrobium,Bacteria,4,0.0,0.0,True,104.5,False,False
warning_buffer_capacity,BAC_G::Acetomicrobium,Bacteria,4,0.0,0.0,True,129.5,False,False
warning_acid_accumulation,BAC_G::Acetomicrobium,Bacteria,4,0.0,0.0,True,102.0,False,False
warning_ammonia_toxicity,BAC_G::Acetomicrobium,Bacteria,4,0.0,0.0,True,173.5,False,False
warning_biogas_quality,BAC_G::Acetomicrobium,Bacteria,4,,,True,,False,False
warning_acid_base_balance,BAC_G::Acetothermiia,Bacteria,4,0.0,0.0,True,104.5,False,False
warning_buffer_capacity,BAC_G::Acetothermiia,Bacteria,4,0.0,0.0,True,129.5,False,False
warning_acid_accumulation,BAC_G::Acetothermiia,Bacteria,4,0.0,0.0,True,102.0,False,False
warning_ammonia_toxicity,BAC_G::Acetothermiia,Bacteria,4,0.0,0.0,True,173.5,False,False
warning_biogas_quality,BAC_G::Acetothermiia,Bacteria,4,,,True,,False,False
warning_acid_base_balance,BAC_G::Acholeplasma,Bacteria,4,-0.036746031746031735,0.024505424702792062,True,273.0,False,False
warning_buffer_capacity,BAC_G::Acholeplasma,Bacteria,4,0.0,0.0,True,129.5,False,False
warning_acid_accumulation,BAC_G::Acholeplasma,Bacteria,4,-0.000952380952380949,0.001196725452261983,True,248.0,False,False
warning_ammonia_toxicity,BAC_G::Acholeplasma,Bacteria,4,0.017449494949494916,0.007962779381048172,True,11.0,False,True
warning_biogas_quality,BAC_G::Acholeplasma,Bacteria,4,,,True,,False,False
warning_acid_base_balance,BAC_G::Acidovorax,Bacteria,4,0.0,0.0,True,104.5,False,False
warning_buffer_capacity,BAC_G::Acidovorax,Bacteria,4,0.0,0.0,True,129.5,False,False
warning_acid_accumulation,BAC_G::Acidovorax,Bacteria,4,0.0,0.0,True,102.0,False,False
warning_ammonia_toxicity,BAC_G::Acidovorax,Bacteria,4,0.0,0.0,True,173.5,False,False
warning_biogas_quality,BAC_G::Acidovorax,Bacteria,4,,,True,,False,False
warning_acid_base_balance,BAC_G::Acinetobacter,Bacteria,4,0.0,0.0,True,104.5,False,False
warning_buffer_capacity,BAC_G::Acinetobacter,Bacteria,4,0.0,0.0,True,129.5,False,False
warning_acid_accumulation,BAC_G::Acinetobacter,Bacteria,4,0.0,0.0,True,102.0,False,False
warning_ammonia_toxicity,BAC_G::Acinetobacter,Bacteria,4,0.0,0.0,True,173.5,False,False
warning_biogas_quality,BAC_G::Acinetobacter,Bacteria,4,,,True,,False,False
warning_acid_base_balance,BAC_G::Actinomyces,Bacteria,4,0.0,0.0,True,104.5,False,False
warning_buffer_capacity,BAC_G::Actinomyces,Bacteria,4,0.0,0.0,True,129.5,False,False
warning_acid_accumulation,BAC_G::Actinomyces,Bacteria,4,0.0,0.0,True,102.0,False,False
warning_ammonia_toxicity,BAC_G::Actinomyces,Bacteria,4,0.0,0.0,True,173.5,False,False
warning_biogas_quality,BAC_G::Actinomyces,Bacteria,4,,,True,,False,False
warning_acid_base_balance,BAC_G::Aeriscardovia,Bacteria,4,0.0,0.0,True,104.5,False,False
warning_buffer_capacity,BAC_G::Aeriscardovia,Bacteria,4,0.0,0.0,True,129.5,False,False
warning_acid_accumulation,BAC_G::Aeriscardovia,Bacteria,4,0.0,0.0,True,102.0,False,False
warning_ammonia_toxicity,BAC_G::Aeriscardovia,Bacteria,4,0.0,0.0,True,173.5,False,False
warning_biogas_quality,BAC_G::Aeriscardovia,Bacteria,4,,,True,,False,False
warning_acid_base_balance,BAC_G::Alkaliphilus,Bacteria,4,0.08766636141636144,0.06958530919127569,True,2.0,True,True
warning_buffer_capacity,BAC_G::Alkaliphilus,Bacteria,4,0.0005325311942959002,0.0022294524373080785,True,20.0,False,True
warning_acid_accumulation,BAC_G::Alkaliphilus,Bacteria,4,-0.00013392857142857027,0.0008979335637599252,True,200.5,False,False
warning_ammonia_toxicity,BAC_G::Alkaliphilus,Bacteria,4,0.011426767676767646,0.0085368063559764,True,17.0,False,True
warning_biogas_quality,BAC_G::Alkaliphilus,Bacteria,4,,,True,,False,False
warning_acid_base_balance,BAC_G::Aminicenantales,Bacteria,4,0.0,0.0,True,104.5,False,False
warning_buffer_capacity,BAC_G::Aminicenantales,Bacteria,4,0.0,0.0,True,129.5,False,False
warning_acid_accumulation,BAC_G::Aminicenantales,Bacteria,4,0.0,0.0,True,102.0,False,False
warning_ammonia_toxicity,BAC_G::Aminicenantales,Bacteria,4,0.0,0.0,True,173.5,False,False
warning_biogas_quality,BAC_G::Aminicenantales,Bacteria,4,,,True,,False,False
warning_acid_base_balance,BAC_G::Aminobacterium,Bacteria,4,-0.008154761904761896,0.015232195560615967,True,230.0,False,False
warning_buffer_capacity,BAC_G::Aminobacterium,Bacteria,4,0.0005681818181818198,0.0013876801080777434,True,18.5,False,True
warning_acid_accumulation,BAC_G::Aminobacterium,Bacteria,4,-0.004544997486173952,0.0014663806322157394,True,275.0,False,False
warning_ammonia_toxicity,BAC_G::Aminobacterium,Bacteria,4,0.015902777777777734,0.012399217387985589,True,13.0,False,True
warning_biogas_quality,BAC_G::Aminobacterium,Bacteria,4,,,True,,False,False
warning_acid_base_balance,BAC_G::Anaerococcus,Bacteria,4,0.0,0.0,True,104.5,False,False
warning_buffer_capacity,BAC_G::Anaerococcus,Bacteria,4,0.0,0.0,True,129.5,False,False
warning_acid_accumulation,BAC_G::Anaerococcus,Bacteria,4,0.0,0.0,True,102.0,False,False
warning_ammonia_toxicity,BAC_G::Anaerococcus,Bacteria,4,0.0,0.0,True,173.5,False,False
warning_biogas_quality,BAC_G::Anaerococcus,Bacteria,4,,,True,,False,False
warning_acid_base_balance,BAC_G::Anaerofustis,Bacteria,4,-0.021111111111111087,0.004969039949999528,True,264.0,False,False
warning_buffer_capacity,BAC_G::Anaerofustis,Bacteria,4,0.0,0.0,True,129.5,False,False
warning_acid_accumulation,BAC_G::Anaerofustis,Bacteria,4,0.0,0.0,True,102.0,False,False
warning_ammonia_toxicity,BAC_G::Anaerofustis,Bacteria,4,0.0,0.0,True,173.5,False,False
warning_biogas_quality,BAC_G::Anaerofustis,Bacteria,4,,,True,,False,False
warning_acid_base_balance,BAC_G::Anaerostignum,Bacteria,4,0.0,0.0,True,104.5,False,False
warning_buffer_capacity,BAC_G::Anaerostignum,Bacteria,4,0.0,0.0,True,129.5,False,False
warning_acid_accumulation,BAC_G::Anaerostignum,Bacteria,4,0.0,0.0,True,102.0,False,False
warning_ammonia_toxicity,BAC_G::Anaerostignum,Bacteria,4,0.0,0.0,True,173.5,False,False
warning_biogas_quality,BAC_G::Anaerostignum,Bacteria,4,,,True,,False,False
warning_acid_base_balance,BAC_G::Anaerovorax,Bacteria,4,0.0,0.0,True,104.5,False,False
warning_buffer_capacity,BAC_G::Anaerovorax,Bacteria,4,0.0,0.0,True,129.5,False,False
warning_acid_accumulation,BAC_G::Anaerovorax,Bacteria,4,0.0,0.0,True,102.0,False,False
warning_ammonia_toxicity,BAC_G::Anaerovorax,Bacteria,4,0.0,0.0,True,173.5,False,False
warning_biogas_quality,BAC_G::Anaerovorax,Bacteria,4,,,True,,False,False
warning_acid_base_balance,BAC_G::Arenimonas,Bacteria,4,0.0,0.0,True,104.5,False,False
warning_buffer_capacity,BAC_G::Arenimonas,Bacteria,4,0.0,0.0,True,129.5,False,False
warning_acid_accumulation,BAC_G::Arenimonas,Bacteria,4,0.0,0.0,True,102.0,False,False
warning_ammonia_toxicity,BAC_G::Arenimonas,Bacteria,4,0.0,0.0,True,173.5,False,False
warning_biogas_quality,BAC_G::Arenimonas,Bacteria,4,,,True,,False,False
warning_acid_base_balance,BAC_G::Atopobium,Bacteria,4,0.0,0.0,True,104.5,False,False
warning_buffer_capacity,BAC_G::Atopobium,Bacteria,4,0.0,0.0,True,129.5,False,False
warning_acid_accumulation,BAC_G::Atopobium,Bacteria,4,0.0,0.0,True,102.0,False,False
warning_ammonia_toxicity,BAC_G::Atopobium,Bacteria,4,0.0,0.0,True,173.5,False,False
warning_biogas_quality,BAC_G::Atopobium,Bacteria,4,,,True,,False,False
warning_acid_base_balance,BAC_G::Azospira,Bacteria,4,0.0,0.0,True,104.5,False,False
warning_buffer_capacity,BAC_G::Azospira,Bacteria,4,0.0,0.0,True,129.5,False,False
warning_acid_accumulation,BAC_G::Azospira,Bacteria,4,0.0,0.0,True,102.0,False,False
warning_ammonia_toxicity,BAC_G::Azospira,Bacteria,4,0.0,0.0,True,173.5,False,False
warning_biogas_quality,BAC_G::Azospira,Bacteria,4,,,True,,False,False
warning_acid_base_balance,BAC_G::BD1-7_clade,Bacteria,4,0.0,0.0,True,104.5,False,False
warning_buffer_capacity,BAC_G::BD1-7_clade,Bacteria,4,0.0,0.0,True,129.5,False,False
warning_acid_accumulation,BAC_G::BD1-7_clade,Bacteria,4,0.0,0.0,True,102.0,False,False
warning_ammonia_toxicity,BAC_G::BD1-7_clade,Bacteria,4,0.0,0.0,True,173.5,False,False
warning_biogas_quality,BAC_G::BD1-7_clade,Bacteria,4,,,True,,False,False
warning_acid_base_balance,BAC_G::BRH-c20a,Bacteria,4,0.0,0.0,True,104.5,False,False
warning_buffer_capacity,BAC_G::BRH-c20a,Bacteria,4,0.0,0.0,True,129.5,False,False
warning_acid_accumulation,BAC_G::BRH-c20a,Bacteria,4,0.0,0.0,True,102.0,False,False
warning_ammonia_toxicity,BAC_G::BRH-c20a,Bacteria,4,0.0,0.0,True,173.5,False,False
warning_biogas_quality,BAC_G::BRH-c20a,Bacteria,4,,,True,,False,False
warning_acid_base_balance,BAC_G::Babeliales,Bacteria,4,1.4430014430022453e-05,0.02205708378126444,True,18.0,False,True
warning_buffer_capacity,BAC_G::Babeliales,Bacteria,4,0.0,0.0,True,129.5,False,False
warning_acid_accumulation,BAC_G::Babeliales,Bacteria,4,-0.0005546128707893373,0.0017583697602361896,True,233.0,False,False
warning_ammonia_toxicity,BAC_G::Babeliales,Bacteria,4,-0.038126803751803745,0.015831402619772082,True,273.0,False,False
warning_biogas_quality,BAC_G::Babeliales,Bacteria,4,,,True,,False,False
warning_acid_base_balance,BAC_G::Bacillus,Bacteria,4,0.0,0.0,True,104.5,False,False
warning_buffer_capacity,BAC_G::Bacillus,Bacteria,4,0.0,0.0,True,129.5,False,False
warning_acid_accumulation,BAC_G::Bacillus,Bacteria,4,0.0,0.0,True,102.0,False,False
warning_ammonia_toxicity,BAC_G::Bacillus,Bacteria,4,0.0,0.0,True,173.5,False,False
warning_biogas_quality,BAC_G::Bacillus,Bacteria,4,,,True,,False,False
warning_acid_base_balance,BAC_G::Bacteroidales_UCG-001,Bacteria,4,-0.00222222222222222,0.006839855680567688,True,203.0,False,False
warning_buffer_capacity,BAC_G::Bacteroidales_UCG-001,Bacteria,4,0.0,0.0,True,129.5,False,False
warning_acid_accumulation,BAC_G::Bacteroidales_UCG-001,Bacteria,4,0.0,0.0,True,102.0,False,False
warning_ammonia_toxicity,BAC_G::Bacteroidales_UCG-001,Bacteria,4,0.0,0.0,True,173.5,False,False
warning_biogas_quality,BAC_G::Bacteroidales_UCG-001,Bacteria,4,,,True,,False,False
warning_acid_base_balance,BAC_G::Bacteroides,Bacteria,4,0.0,0.0,True,104.5,False,False
warning_buffer_capacity,BAC_G::Bacteroides,Bacteria,4,0.0,0.0,True,129.5,False,False
warning_acid_accumulation,BAC_G::Bacteroides,Bacteria,4,0.0,0.0,True,102.0,False,False
warning_ammonia_toxicity,BAC_G::Bacteroides,Bacteria,4,0.0,0.0,True,173.5,False,False
warning_biogas_quality,BAC_G::Bacteroides,Bacteria,4,,,True,,False,False
warning_acid_base_balance,BAC_G::Bacteroidetes_VC2.1_Bac22,Bacteria,4,0.0,0.0,True,104.5,False,False
warning_buffer_capacity,BAC_G::Bacteroidetes_VC2.1_Bac22,Bacteria,4,-0.0006186868686868671,0.003239578306218943,True,240.0,False,False
warning_acid_accumulation,BAC_G::Bacteroidetes_VC2.1_Bac22,Bacteria,4,-0.0006512196953373358,0.004579872926156496,True,240.0,False,False
warning_ammonia_toxicity,BAC_G::Bacteroidetes_VC2.1_Bac22,Bacteria,4,0.017646198830409347,0.02667469677494559,True,10.0,True,True
warning_biogas_quality,BAC_G::Bacteroidetes_VC2.1_Bac22,Bacteria,4,,,True,,False,False
warning_acid_base_balance,BAC_G::Bacteroidetes_vadinHA17,Bacteria,4,-0.00555555555555555,0.009872481295984862,True,222.0,False,False
warning_buffer_capacity,BAC_G::Bacteroidetes_vadinHA17,Bacteria,4,0.0004924242424242449,0.0023865060335733243,True,21.0,False,False
warning_acid_accumulation,BAC_G::Bacteroidetes_vadinHA17,Bacteria,4,0.0,0.0,True,102.0,False,False
warning_ammonia_toxicity,BAC_G::Bacteroidetes_vadinHA17,Bacteria,4,0.00777777777777775,0.005224026066462506,True,32.5,False,False
warning_biogas_quality,BAC_G::Bacteroidetes_vadinHA17,Bacteria,4,,,True,,False,False
warning_acid_base_balance,BAC_G::Bdellovibrio,Bacteria,4,0.0,0.0,True,104.5,False,False
warning_buffer_capacity,BAC_G::Bdellovibrio,Bacteria,4,0.0,0.0,True,129.5,False,False
warning_acid_accumulation,BAC_G::Bdellovibrio,Bacteria,4,0.0,0.0,True,102.0,False,False
warning_ammonia_toxicity,BAC_G::Bdellovibrio,Bacteria,4,0.0,0.0,True,173.5,False,False
warning_biogas_quality,BAC_G::Bdellovibrio,Bacteria,4,,,True,,False,False
warning_acid_base_balance,BAC_G::Bifidobacterium,Bacteria,4,0.0,0.0,True,104.5,False,False
warning_buffer_capacity,BAC_G::Bifidobacterium,Bacteria,4,0.0,0.0,True,129.5,False,False
warning_acid_accumulation,BAC_G::Bifidobacterium,Bacteria,4,0.0,0.0,True,102.0,False,False
warning_ammonia_toxicity,BAC_G::Bifidobacterium,Bacteria,4,0.0,0.0,True,173.5,False,False
warning_biogas_quality,BAC_G::Bifidobacterium,Bacteria,4,,,True,,False,False
warning_acid_base_balance,BAC_G::Butyrivibrio,Bacteria,4,0.0,0.0,True,104.5,False,False
warning_buffer_capacity,BAC_G::Butyrivibrio,Bacteria,4,0.0,0.0,True,129.5,False,False
warning_acid_accumulation,BAC_G::Butyrivibrio,Bacteria,4,0.0,0.0,True,102.0,False,False
warning_ammonia_toxicity,BAC_G::Butyrivibrio,Bacteria,4,0.0,0.0,True,173.5,False,False
warning_biogas_quality,BAC_G::Butyrivibrio,Bacteria,4,,,True,,False,False
warning_acid_base_balance,BAC_G::Caldicoprobacter,Bacteria,4,0.02069083694083696,0.018878454674068082,True,4.0,True,True
warning_buffer_capacity,BAC_G::Caldicoprobacter,Bacteria,4,-0.0053030303030303025,0.003673170097334029,True,265.0,False,False
warning_acid_accumulation,BAC_G::Caldicoprobacter,Bacteria,4,7.440476190476373e-05,0.0011296944263634646,True,12.0,False,True
warning_ammonia_toxicity,BAC_G::Caldicoprobacter,Bacteria,4,0.009999999999999964,0.0034199278402838344,True,22.5,False,False
warning_biogas_quality,BAC_G::Caldicoprobacter,Bacteria,4,,,True,,False,False
warning_acid_base_balance,BAC_G::Caldisericum,Bacteria,4,0.0,0.0,True,104.5,False,False
warning_buffer_capacity,BAC_G::Caldisericum,Bacteria,4,0.0,0.0,True,129.5,False,False
warning_acid_accumulation,BAC_G::Caldisericum,Bacteria,4,0.0,0.0,True,102.0,False,False
warning_ammonia_toxicity,BAC_G::Caldisericum,Bacteria,4,0.0,0.0,True,173.5,False,False
warning_biogas_quality,BAC_G::Caldisericum,Bacteria,4,,,True,,False,False
warning_acid_base_balance,BAC_G::Candidatus_Accumulibacter,Bacteria,4,0.0,0.0,True,104.5,False,False
warning_buffer_capacity,BAC_G::Candidatus_Accumulibacter,Bacteria,4,0.0,0.0,True,129.5,False,False
warning_acid_accumulation,BAC_G::Candidatus_Accumulibacter,Bacteria,4,0.0,0.0,True,102.0,False,False
warning_ammonia_toxicity,BAC_G::Candidatus_Accumulibacter,Bacteria,4,0.0,0.0,True,173.5,False,False
warning_biogas_quality,BAC_G::Candidatus_Accumulibacter,Bacteria,4,,,True,,False,False
warning_acid_base_balance,BAC_G::Candidatus_Caldatribacterium,Bacteria,4,0.0,0.0,True,104.5,False,False
warning_buffer_capacity,BAC_G::Candidatus_Caldatribacterium,Bacteria,4,0.0,0.0,True,129.5,False,False
warning_acid_accumulation,BAC_G::Candidatus_Caldatribacterium,Bacteria,4,0.0,0.0,True,102.0,False,False
warning_ammonia_toxicity,BAC_G::Candidatus_Caldatribacterium,Bacteria,4,0.0,0.0,True,173.5,False,False
warning_biogas_quality,BAC_G::Candidatus_Caldatribacterium,Bacteria,4,,,True,,False,False
warning_acid_base_balance,BAC_G::Candidatus_Cloacimonas,Bacteria,4,0.016663059163059178,0.020678182920010623,True,6.0,True,True
warning_buffer_capacity,BAC_G::Candidatus_Cloacimonas,Bacteria,4,-0.003838383838383838,0.003830260858409779,True,260.0,False,False
warning_acid_accumulation,BAC_G::Candidatus_Cloacimonas,Bacteria,4,-0.001483247145011845,0.0029802353654693253,True,259.0,False,False
warning_ammonia_toxicity,BAC_G::Candidatus_Cloacimonas,Bacteria,4,0.0005555555555555536,0.0024845199749997577,True,70.5,False,False
warning_biogas_quality,BAC_G::Candidatus_Cloacimonas,Bacteria,4,,,True,,False,False
warning_acid_base_balance,BAC_G::Candidatus_Competibacter,Bacteria,4,-0.01021825396825397,0.02359337806313607,True,239.0,False,False
warning_buffer_capacity,BAC_G::Candidatus_Competibacter,Bacteria,4,0.0012383449883449887,0.00261960724176669,True,16.0,False,True
warning_acid_accumulation,BAC_G::Candidatus_Competibacter,Bacteria,4,-0.0010723039215686243,0.0030969241026361644,True,254.0,False,False
warning_ammonia_toxicity,BAC_G::Candidatus_Competibacter,Bacteria,4,0.0016666666666666607,0.004070528317028021,True,53.0,False,False
warning_biogas_quality,BAC_G::Candidatus_Competibacter,Bacteria,4,,,True,,False,False
warning_acid_base_balance,BAC_G::Candidatus_Omnitrophus,Bacteria,4,0.0,0.0,True,104.5,False,False
warning_buffer_capacity,BAC_G::Candidatus_Omnitrophus,Bacteria,4,0.0,0.0,True,129.5,False,False
warning_acid_accumulation,BAC_G::Candidatus_Omnitrophus,Bacteria,4,0.0,0.0,True,102.0,False,False
warning_ammonia_toxicity,BAC_G::Candidatus_Omnitrophus,Bacteria,4,0.0,0.0,True,173.5,False,False
warning_biogas_quality,BAC_G::Candidatus_Omnitrophus,Bacteria,4,,,True,,False,False
warning_acid_base_balance,BAC_G::Candidatus_Soleaferrea,Bacteria,4,-0.00111111111111111,0.004969039949999528,True,196.0,False,False
warning_buffer_capacity,BAC_G::Candidatus_Soleaferrea,Bacteria,4,0.0023402803337013904,0.004778684769747297,True,13.0,False,True
warning_acid_accumulation,BAC_G::Candidatus_Soleaferrea,Bacteria,4,-0.0003425536881419194,0.0016387889228169977,True,219.0,False,False
warning_ammonia_toxicity,BAC_G::Candidatus_Soleaferrea,Bacteria,4,0.0011111111111111072,0.003419927840283835,True,61.5,False,False
warning_biogas_quality,BAC_G::Candidatus_Soleaferrea,Bacteria,4,,,True,,False,False
warning_acid_base_balance,BAC_G::Caproiciproducens,Bacteria,4,0.0,0.0,True,104.5,False,False
warning_buffer_capacity,BAC_G::Caproiciproducens,Bacteria,4,0.0,0.0,True,129.5,False,False
warning_acid_accumulation,BAC_G::Caproiciproducens,Bacteria,4,0.0,0.0,True,102.0,False,False
warning_ammonia_toxicity,BAC_G::Caproiciproducens,Bacteria,4,0.0,0.0,True,173.5,False,False
warning_biogas_quality,BAC_G::Caproiciproducens,Bacteria,4,,,True,,False,False
warning_acid_base_balance,BAC_G::Chthonomonadales,Bacteria,4,0.0,0.0,True,104.5,False,False
warning_buffer_capacity,BAC_G::Chthonomonadales,Bacteria,4,0.0,0.0,True,129.5,False,False
warning_acid_accumulation,BAC_G::Chthonomonadales,Bacteria,4,0.0,0.0,True,102.0,False,False
warning_ammonia_toxicity,BAC_G::Chthonomonadales,Bacteria,4,0.0,0.0,True,173.5,False,False
warning_biogas_quality,BAC_G::Chthonomonadales,Bacteria,4,,,True,,False,False
warning_acid_base_balance,BAC_G::Cloacimonadaceae,Bacteria,4,0.0,0.0,True,104.5,False,False
warning_buffer_capacity,BAC_G::Cloacimonadaceae,Bacteria,4,0.0,0.0,True,129.5,False,False
warning_acid_accumulation,BAC_G::Cloacimonadaceae,Bacteria,4,0.0,0.0,True,102.0,False,False
warning_ammonia_toxicity,BAC_G::Cloacimonadaceae,Bacteria,4,0.0,0.0,True,173.5,False,False
warning_biogas_quality,BAC_G::Cloacimonadaceae,Bacteria,4,,,True,,False,False
warning_acid_base_balance,BAC_G::Clostridia_UCG-014,Bacteria,4,0.0,0.0,True,104.5,False,False
warning_buffer_capacity,BAC_G::Clostridia_UCG-014,Bacteria,4,0.0,0.0,True,129.5,False,False
warning_acid_accumulation,BAC_G::Clostridia_UCG-014,Bacteria,4,0.0,0.0,True,102.0,False,False
warning_ammonia_toxicity,BAC_G::Clostridia_UCG-014,Bacteria,4,0.0,0.0,True,173.5,False,False
warning_biogas_quality,BAC_G::Clostridia_UCG-014,Bacteria,4,,,True,,False,False
warning_acid_base_balance,BAC_G::Clostridium_sensu_stricto_1,Bacteria,4,0.0,0.0,True,104.5,False,False
warning_buffer_capacity,BAC_G::Clostridium_sensu_stricto_1,Bacteria,4,0.0,0.0,True,129.5,False,False
warning_acid_accumulation,BAC_G::Clostridium_sensu_stricto_1,Bacteria,4,0.0,0.0,True,102.0,False,False
warning_ammonia_toxicity,BAC_G::Clostridium_sensu_stricto_1,Bacteria,4,0.0,0.0,True,173.5,False,False
warning_biogas_quality,BAC_G::Clostridium_sensu_stricto_1,Bacteria,4,,,True,,False,False
warning_acid_base_balance,BAC_G::Comamonas,Bacteria,4,0.0,0.0,True,104.5,False,False
warning_buffer_capacity,BAC_G::Comamonas,Bacteria,4,0.0,0.0,True,129.5,False,False
warning_acid_accumulation,BAC_G::Comamonas,Bacteria,4,0.0,0.0,True,102.0,False,False
warning_ammonia_toxicity,BAC_G::Comamonas,Bacteria,4,0.0,0.0,True,173.5,False,False
warning_biogas_quality,BAC_G::Comamonas,Bacteria,4,,,True,,False,False
warning_acid_base_balance,BAC_G::Coprothermobacter,Bacteria,4,0.0,0.0,True,104.5,False,False
warning_buffer_capacity,BAC_G::Coprothermobacter,Bacteria,4,0.0,0.0,True,129.5,False,False
warning_acid_accumulation,BAC_G::Coprothermobacter,Bacteria,4,0.0,0.0,True,102.0,False,False
warning_ammonia_toxicity,BAC_G::Coprothermobacter,Bacteria,4,0.0,0.0,True,173.5,False,False
warning_biogas_quality,BAC_G::Coprothermobacter,Bacteria,4,,,True,,False,False
warning_acid_base_balance,BAC_G::D8A-2,Bacteria,4,0.0,0.0,True,104.5,False,False
warning_buffer_capacity,BAC_G::D8A-2,Bacteria,4,0.0,0.0,True,129.5,False,False
warning_acid_accumulation,BAC_G::D8A-2,Bacteria,4,0.0002372198879551861,0.0016584801915361283,True,10.0,True,True
warning_ammonia_toxicity,BAC_G::D8A-2,Bacteria,4,0.0005555555555555536,0.0024845199749997577,True,70.5,False,False
warning_biogas_quality,BAC_G::D8A-2,Bacteria,4,,,True,,False,False
warning_acid_base_balance,BAC_G::DEV114,Bacteria,4,0.0,0.0,False,104.5,False,False
warning_buffer_capacity,BAC_G::DEV114,Bacteria,4,0.0,0.0,False,129.5,False,False
warning_acid_accumulation,BAC_G::DEV114,Bacteria,4,0.0,0.0,False,102.0,False,False
warning_ammonia_toxicity,BAC_G::DEV114,Bacteria,4,0.0,0.0,False,173.5,False,False
warning_biogas_quality,BAC_G::DEV114,Bacteria,4,,,False,,False,False
warning_acid_base_balance,BAC_G::DMER64,Bacteria,4,-0.0024404761904761848,0.009406718069036073,True,206.0,False,False
warning_buffer_capacity,BAC_G::DMER64,Bacteria,4,0.0,0.0,True,129.5,False,False
warning_acid_accumulation,BAC_G::DMER64,Bacteria,4,-0.00023809523809523725,0.0007328416800608218,True,208.0,False,False
warning_ammonia_toxicity,BAC_G::DMER64,Bacteria,4,0.0030555555555555557,0.009404801560780579,True,45.0,False,False
warning_biogas_quality,BAC_G::DMER64,Bacteria,4,,,True,,False,False
warning_acid_base_balance,BAC_G::DTU014,Bacteria,4,-0.01999999999999998,0.006839855680567688,True,260.0,False,False
warning_buffer_capacity,BAC_G::DTU014,Bacteria,4,-0.0020833333333333337,0.0026572051047357476,True,250.0,False,False
warning_acid_accumulation,BAC_G::DTU014,Bacteria,4,-0.00026785714285714054,0.0012549133653765839,True,216.0,False,False
warning_ammonia_toxicity,BAC_G::DTU014,Bacteria,4,0.0,0.0,True,173.5,False,False
warning_biogas_quality,BAC_G::DTU014,Bacteria,4,,,True,,False,False
warning_acid_base_balance,BAC_G::Dechloromonas,Bacteria,4,-0.00444444444444444,0.00911980757409025,True,216.5,False,False
warning_buffer_capacity,BAC_G::Dechloromonas,Bacteria,4,0.0034098907628319444,0.004212253015338912,True,10.0,True,True
warning_acid_accumulation,BAC_G::Dechloromonas,Bacteria,4,-0.0009472410759175425,0.003040837110356074,True,247.0,False,False
warning_ammonia_toxicity,BAC_G::Dechloromonas,Bacteria,4,0.0033333333333333214,0.005224026066462506,True,43.5,False,False
warning_biogas_quality,BAC_G::Dechloromonas,Bacteria,4,,,True,,False,False
warning_acid_base_balance,BAC_G::Defluviitoga,Bacteria,4,0.0,0.0,True,104.5,False,False
warning_buffer_capacity,BAC_G::Defluviitoga,Bacteria,4,0.0,0.0,True,129.5,False,False
warning_acid_accumulation,BAC_G::Defluviitoga,Bacteria,4,0.0,0.0,True,102.0,False,False
warning_ammonia_toxicity,BAC_G::Defluviitoga,Bacteria,4,0.0,0.0,True,173.5,False,False
warning_biogas_quality,BAC_G::Defluviitoga,Bacteria,4,,,True,,False,False
warning_acid_base_balance,BAC_G::Denitratisoma,Bacteria,4,0.0,0.0,True,104.5,False,False
warning_buffer_capacity,BAC_G::Denitratisoma,Bacteria,4,0.0,0.0,True,129.5,False,False
warning_acid_accumulation,BAC_G::Denitratisoma,Bacteria,4,0.0,0.0,True,102.0,False,False
warning_ammonia_toxicity,BAC_G::Denitratisoma,Bacteria,4,0.0,0.0,True,173.5,False,False
warning_biogas_quality,BAC_G::Denitratisoma,Bacteria,4,,,True,,False,False
warning_acid_base_balance,BAC_G::Dialister,Bacteria,4,0.0,0.0,True,104.5,False,False
warning_buffer_capacity,BAC_G::Dialister,Bacteria,4,0.0,0.0,True,129.5,False,False
warning_acid_accumulation,BAC_G::Dialister,Bacteria,4,0.0,0.0,True,102.0,False,False
warning_ammonia_toxicity,BAC_G::Dialister,Bacteria,4,0.0,0.0,True,173.5,False,False
warning_biogas_quality,BAC_G::Dialister,Bacteria,4,,,True,,False,False
warning_acid_base_balance,BAC_G::Dokdonella,Bacteria,4,0.0,0.0,True,104.5,False,False
warning_buffer_capacity,BAC_G::Dokdonella,Bacteria,4,0.0,0.0,True,129.5,False,False
warning_acid_accumulation,BAC_G::Dokdonella,Bacteria,4,-0.0005952380952380931,0.0010577658531412328,True,236.0,False,False
warning_ammonia_toxicity,BAC_G::Dokdonella,Bacteria,4,0.0,0.0,True,173.5,False,False
warning_biogas_quality,BAC_G::Dokdonella,Bacteria,4,,,True,,False,False
warning_acid_base_balance,BAC_G::Ellin6067,Bacteria,4,0.0,0.0,True,104.5,False,False
warning_buffer_capacity,BAC_G::Ellin6067,Bacteria,4,0.0,0.0,True,129.5,False,False
warning_acid_accumulation,BAC_G::Ellin6067,Bacteria,4,0.0,0.0,True,102.0,False,False
warning_ammonia_toxicity,BAC_G::Ellin6067,Bacteria,4,0.0,0.0,True,173.5,False,False
warning_biogas_quality,BAC_G::Ellin6067,Bacteria,4,,,True,,False,False
warning_acid_base_balance,BAC_G::Endomicrobium,Bacteria,4,0.0,0.0,True,104.5,False,False
warning_buffer_capacity,BAC_G::Endomicrobium,Bacteria,4,0.0,0.0,True,129.5,False,False
warning_acid_accumulation,BAC_G::Endomicrobium,Bacteria,4,0.0,0.0,True,102.0,False,False
warning_ammonia_toxicity,BAC_G::Endomicrobium,Bacteria,4,0.0,0.0,True,173.5,False,False
warning_biogas_quality,BAC_G::Endomicrobium,Bacteria,4,,,True,,False,False
warning_acid_base_balance,BAC_G::Ercella,Bacteria,4,0.0,0.0,True,104.5,False,False
warning_buffer_capacity,BAC_G::Ercella,Bacteria,4,0.0,0.0,True,129.5,False,False
warning_acid_accumulation,BAC_G::Ercella,Bacteria,4,0.0,0.0,True,102.0,False,False
warning_ammonia_toxicity,BAC_G::Ercella,Bacteria,4,0.0,0.0,True,173.5,False,False
warning_biogas_quality,BAC_G::Ercella,Bacteria,4,,,True,,False,False
warning_acid_base_balance,BAC_G::Exilispira,Bacteria,4,0.0,0.0,True,104.5,False,False
warning_buffer_capacity,BAC_G::Exilispira,Bacteria,4,0.0,0.0,True,129.5,False,False
warning_acid_accumulation,BAC_G::Exilispira,Bacteria,4,0.0,0.0,True,102.0,False,False
warning_ammonia_toxicity,BAC_G::Exilispira,Bacteria,4,0.0,0.0,True,173.5,False,False
warning_biogas_quality,BAC_G::Exilispira,Bacteria,4,,,True,,False,False
warning_acid_base_balance,BAC_G::Fastidiosipila,Bacteria,4,0.0,0.0,True,104.5,False,False
warning_buffer_capacity,BAC_G::Fastidiosipila,Bacteria,4,-0.0004924242424242421,0.0019396400113029736,True,238.0,False,False
warning_acid_accumulation,BAC_G::Fastidiosipila,Bacteria,4,-0.0005952380952380931,0.0010577658531412328,True,236.0,False,False
warning_ammonia_toxicity,BAC_G::Fastidiosipila,Bacteria,4,0.007222222222222197,0.0054373387214399025,True,36.0,False,False
warning_biogas_quality,BAC_G::Fastidiosipila,Bacteria,4,,,True,,False,False
warning_acid_base_balance,BAC_G::Fermentibacteraceae,Bacteria,4,0.0,0.0,True,104.5,False,False
warning_buffer_capacity,BAC_G::Fermentibacteraceae,Bacteria,4,0.0,0.0,True,129.5,False,False
warning_acid_accumulation,BAC_G::Fermentibacteraceae,Bacteria,4,0.0,0.0,True,102.0,False,False
warning_ammonia_toxicity,BAC_G::Fermentibacteraceae,Bacteria,4,0.0,0.0,True,173.5,False,False
warning_biogas_quality,BAC_G::Fermentibacteraceae,Bacteria,4,,,True,,False,False
warning_acid_base_balance,BAC_G::Fermentimonas,Bacteria,4,-0.02432539682539681,0.023563227633675812,True,268.0,False,False
warning_buffer_capacity,BAC_G::Fermentimonas,Bacteria,4,-0.0036868686868686876,0.0025071118750210402,True,259.0,False,False
warning_acid_accumulation,BAC_G::Fermentimonas,Bacteria,4,-0.0004761904761904745,0.0009771222400810956,True,226.0,False,False
warning_ammonia_toxicity,BAC_G::Fermentimonas,Bacteria,4,0.015376683501683475,0.011067547627204135,True,15.0,False,True
warning_biogas_quality,BAC_G::Fermentimonas,Bacteria,4,,,True,,False,False
warning_acid_base_balance,BAC_G::Ferruginibacter,Bacteria,4,0.0,0.0,True,104.5,False,False
warning_buffer_capacity,BAC_G::Ferruginibacter,Bacteria,4,0.0,0.0,True,129.5,False,False
warning_acid_accumulation,BAC_G::Ferruginibacter,Bacteria,4,0.0,0.0,True,102.0,False,False
warning_ammonia_toxicity,BAC_G::Ferruginibacter,Bacteria,4,0.0,0.0,True,173.5,False,False
warning_biogas_quality,BAC_G::Ferruginibacter,Bacteria,4,,,True,,False,False
warning_acid_base_balance,BAC_G::Fervidobacterium,Bacteria,4,0.0,0.0,True,104.5,False,False
warning_buffer_capacity,BAC_G::Fervidobacterium,Bacteria,4,0.0,0.0,True,129.5,False,False
warning_acid_accumulation,BAC_G::Fervidobacterium,Bacteria,4,0.0,0.0,True,102.0,False,False
warning_ammonia_toxicity,BAC_G::Fervidobacterium,Bacteria,4,0.0,0.0,True,173.5,False,False
warning_biogas_quality,BAC_G::Fervidobacterium,Bacteria,4,,,True,,False,False
warning_acid_base_balance,BAC_G::Fonticella,Bacteria,4,0.0,0.0,True,104.5,False,False
warning_buffer_capacity,BAC_G::Fonticella,Bacteria,4,0.0,0.0,True,129.5,False,False
warning_acid_accumulation,BAC_G::Fonticella,Bacteria,4,0.0,0.0,True,102.0,False,False
warning_ammonia_toxicity,BAC_G::Fonticella,Bacteria,4,0.0,0.0,True,173.5,False,False
warning_biogas_quality,BAC_G::Fonticella,Bacteria,4,,,True,,False,False
warning_acid_base_balance,BAC_G::Frisingicoccus,Bacteria,4,0.0,0.0,True,104.5,False,False
warning_buffer_capacity,BAC_G::Frisingicoccus,Bacteria,4,0.0,0.0,True,129.5,False,False
warning_acid_accumulation,BAC_G::Frisingicoccus,Bacteria,4,0.0,0.0,True,102.0,False,False
warning_ammonia_toxicity,BAC_G::Frisingicoccus,Bacteria,4,0.0,0.0,True,173.5,False,False
warning_biogas_quality,BAC_G::Frisingicoccus,Bacteria,4,,,True,,False,False
warning_acid_base_balance,BAC_G::Gelria,Bacteria,4,0.019464285714285757,0.012235366945613177,True,5.0,True,True
warning_buffer_capacity,BAC_G::Gelria,Bacteria,4,0.0003787878787878798,0.0011658844910058602,True,22.5,False,False
warning_acid_accumulation,BAC_G::Gelria,Bacteria,4,0.0021568627450980456,0.0013702742956990437,True,3.0,True,True
warning_ammonia_toxicity,BAC_G::Gelria,Bacteria,4,0.0005555555555555536,0.0024845199749997577,True,70.5,False,False
warning_biogas_quality,BAC_G::Gelria,Bacteria,4,,,True,,False,False
warning_acid_base_balance,BAC_G::Gracilibacter,Bacteria,4,0.0,0.0,True,104.5,False,False
warning_buffer_capacity,BAC_G::Gracilibacter,Bacteria,4,0.0,0.0,True,129.5,False,False
warning_acid_accumulation,BAC_G::Gracilibacter,Bacteria,4,0.0,0.0,True,102.0,False,False
warning_ammonia_toxicity,BAC_G::Gracilibacter,Bacteria,4,0.0,0.0,True,173.5,False,False
warning_biogas_quality,BAC_G::Gracilibacter,Bacteria,4,,,True,,False,False
warning_acid_base_balance,BAC_G::Guggenheimella,Bacteria,4,0.09840964590964592,0.02518107121348297,True,1.0,True,True
warning_buffer_capacity,BAC_G::Guggenheimella,Bacteria,4,0.0,0.0,True,129.5,False,False
warning_acid_accumulation,BAC_G::Guggenheimella,Bacteria,4,0.0014133986928104615,0.0013846076186650098,True,6.0,True,True
warning_ammonia_toxicity,BAC_G::Guggenheimella,Bacteria,4,0.0011111111111111072,0.0034199278402838353,True,61.5,False,False
warning_biogas_quality,BAC_G::Guggenheimella,Bacteria,4,,,True,,False,False
warning_acid_base_balance,BAC_G::HN-HF0106,Bacteria,4,0.0,0.0,True,104.5,False,False
warning_buffer_capacity,BAC_G::HN-HF0106,Bacteria,4,0.0,0.0,True,129.5,False,False
warning_acid_accumulation,BAC_G::HN-HF0106,Bacteria,4,0.00019345238095238234,0.0009717399235059942,True,11.0,False,True
warning_ammonia_toxicity,BAC_G::HN-HF0106,Bacteria,4,0.06314884433305483,0.021773751751397372,True,1.0,True,True
warning_biogas_quality,BAC_G::HN-HF0106,Bacteria,4,,,True,,False,False
warning_acid_base_balance,BAC_G::Hahella,Bacteria,4,0.0,0.0,True,104.5,False,False
warning_buffer_capacity,BAC_G::Hahella,Bacteria,4,0.0,0.0,True,129.5,False,False
warning_acid_accumulation,BAC_G::Hahella,Bacteria,4,0.0,0.0,True,102.0,False,False
warning_ammonia_toxicity,BAC_G::Hahella,Bacteria,4,0.0,0.0,True,173.5,False,False
warning_biogas_quality,BAC_G::Hahella,Bacteria,4,,,True,,False,False
warning_acid_base_balance,BAC_G::Halocella,Bacteria,4,0.0,0.0,True,104.5,False,False
warning_buffer_capacity,BAC_G::Halocella,Bacteria,4,0.0,0.0,True,129.5,False,False
warning_acid_accumulation,BAC_G::Halocella,Bacteria,4,0.0,0.0,True,102.0,False,False
warning_ammonia_toxicity,BAC_G::Halocella,Bacteria,4,0.0,0.0,True,173.5,False,False
warning_biogas_quality,BAC_G::Halocella,Bacteria,4,,,True,,False,False
warning_acid_base_balance,BAC_G::Halomonas,Bacteria,4,0.0,0.0,True,104.5,False,False
warning_buffer_capacity,BAC_G::Halomonas,Bacteria,4,0.0,0.0,True,129.5,False,False
warning_acid_accumulation,BAC_G::Halomonas,Bacteria,4,0.0,0.0,True,102.0,False,False
warning_ammonia_toxicity,BAC_G::Halomonas,Bacteria,4,0.0,0.0,True,173.5,False,False
warning_biogas_quality,BAC_G::Halomonas,Bacteria,4,,,True,,False,False
warning_acid_base_balance,BAC_G::Hungateiclostridiaceae,Bacteria,4,0.0,0.0,True,104.5,False,False
warning_buffer_capacity,BAC_G::Hungateiclostridiaceae,Bacteria,4,0.0,0.0,True,129.5,False,False
warning_acid_accumulation,BAC_G::Hungateiclostridiaceae,Bacteria,4,0.0,0.0,True,102.0,False,False
warning_ammonia_toxicity,BAC_G::Hungateiclostridiaceae,Bacteria,4,0.0,0.0,True,173.5,False,False
warning_biogas_quality,BAC_G::Hungateiclostridiaceae,Bacteria,4,,,True,,False,False
warning_acid_base_balance,BAC_G::Hydrogenedensaceae,Bacteria,4,0.0,0.0,True,104.5,False,False
warning_buffer_capacity,BAC_G::Hydrogenedensaceae,Bacteria,4,0.0,0.0,True,129.5,False,False
warning_acid_accumulation,BAC_G::Hydrogenedensaceae,Bacteria,4,0.0,0.0,True,102.0,False,False
warning_ammonia_toxicity,BAC_G::Hydrogenedensaceae,Bacteria,4,0.0,0.0,True,173.5,False,False
warning_biogas_quality,BAC_G::Hydrogenedensaceae,Bacteria,4,,,True,,False,False
warning_acid_base_balance,BAC_G::Irregularibacter,Bacteria,4,0.0,0.0,False,104.5,False,False
warning_buffer_capacity,BAC_G::Irregularibacter,Bacteria,4,0.0,0.0,False,129.5,False,False
warning_acid_accumulation,BAC_G::Irregularibacter,Bacteria,4,0.0,0.0,False,102.0,False,False
warning_ammonia_toxicity,BAC_G::Irregularibacter,Bacteria,4,0.0,0.0,False,173.5,False,False
warning_biogas_quality,BAC_G::Irregularibacter,Bacteria,4,,,False,,False,False
warning_acid_base_balance,BAC_G::Izemoplasmatales,Bacteria,4,-0.00444444444444444,0.00911980757409025,True,216.5,False,False
warning_buffer_capacity,BAC_G::Izemoplasmatales,Bacteria,4,0.0,0.0,True,129.5,False,False
warning_acid_accumulation,BAC_G::Izemoplasmatales,Bacteria,4,0.0,0.0,True,102.0,False,False
warning_ammonia_toxicity,BAC_G::Izemoplasmatales,Bacteria,4,0.0,0.0,True,173.5,False,False
warning_biogas_quality,BAC_G::Izemoplasmatales,Bacteria,4,,,True,,False,False
warning_acid_base_balance,BAC_G::JS1,Bacteria,4,0.0,0.0,True,104.5,False,False
warning_buffer_capacity,BAC_G::JS1,Bacteria,4,0.0,0.0,True,129.5,False,False
warning_acid_accumulation,BAC_G::JS1,Bacteria,4,0.0,0.0,True,102.0,False,False
warning_ammonia_toxicity,BAC_G::JS1,Bacteria,4,0.0,0.0,True,173.5,False,False
warning_biogas_quality,BAC_G::JS1,Bacteria,4,,,True,,False,False
warning_acid_base_balance,BAC_G::Kapabacteriales,Bacteria,4,0.0,0.0,True,104.5,False,False
warning_buffer_capacity,BAC_G::Kapabacteriales,Bacteria,4,0.0,0.0,True,129.5,False,False
warning_acid_accumulation,BAC_G::Kapabacteriales,Bacteria,4,0.0,0.0,True,102.0,False,False
warning_ammonia_toxicity,BAC_G::Kapabacteriales,Bacteria,4,0.0,0.0,True,173.5,False,False
warning_biogas_quality,BAC_G::Kapabacteriales,Bacteria,4,,,True,,False,False
warning_acid_base_balance,BAC_G::Keratinibaculum,Bacteria,4,0.0,0.0,True,104.5,False,False
warning_buffer_capacity,BAC_G::Keratinibaculum,Bacteria,4,0.0,0.0,True,129.5,False,False
warning_acid_accumulation,BAC_G::Keratinibaculum,Bacteria,4,0.0,0.0,True,102.0,False,False
warning_ammonia_toxicity,BAC_G::Keratinibaculum,Bacteria,4,0.0,0.0,True,173.5,False,False
warning_biogas_quality,BAC_G::Keratinibaculum,Bacteria,4,,,True,,False,False
warning_acid_base_balance,BAC_G::LD1-PA32,Bacteria,4,-0.0033333333333333296,0.008141056634056064,True,209.0,False,False
warning_buffer_capacity,BAC_G::LD1-PA32,Bacteria,4,0.00011363636363636506,0.0021039827736157334,True,30.0,False,False
warning_acid_accumulation,BAC_G::LD1-PA32,Bacteria,4,-0.00011904761904761863,0.0005323971374999479,True,196.5,False,False
warning_ammonia_toxicity,BAC_G::LD1-PA32,Bacteria,4,0.0,0.0,True,173.5,False,False
warning_biogas_quality,BAC_G::LD1-PA32,Bacteria,4,,,True,,False,False
warning_acid_base_balance,BAC_G::LD1-PB3,Bacteria,4,0.0,0.0,True,104.5,False,False
warning_buffer_capacity,BAC_G::LD1-PB3,Bacteria,4,0.0,0.0,True,129.5,False,False
warning_acid_accumulation,BAC_G::LD1-PB3,Bacteria,4,0.0,0.0,True,102.0,False,False
warning_ammonia_toxicity,BAC_G::LD1-PB3,Bacteria,4,0.0,0.0,True,173.5,False,False
warning_biogas_quality,BAC_G::LD1-PB3,Bacteria,4,,,True,,False,False
warning_acid_base_balance,BAC_G::LNR_A2-18,Bacteria,4,-0.0012698412698412599,0.014434388339917868,True,200.0,False,False
warning_buffer_capacity,BAC_G::LNR_A2-18,Bacteria,4,0.0,0.0,True,129.5,False,False
warning_acid_accumulation,BAC_G::LNR_A2-18,Bacteria,4,-0.0005128205128205124,0.001578428233977159,True,231.5,False,False
warning_ammonia_toxicity,BAC_G::LNR_A2-18,Bacteria,4,0.0016666666666666607,0.004070528317028021,True,53.0,False,False
warning_biogas_quality,BAC_G::LNR_A2-18,Bacteria,4,,,True,,False,False
warning_acid_base_balance,BAC_G::Lactobacillus,Bacteria,4,0.0,0.0,True,104.5,False,False
warning_buffer_capacity,BAC_G::Lactobacillus,Bacteria,4,0.0,0.0,True,129.5,False,False
warning_acid_accumulation,BAC_G::Lactobacillus,Bacteria,4,0.0,0.0,True,102.0,False,False
warning_ammonia_toxicity,BAC_G::Lactobacillus,Bacteria,4,0.0,0.0,True,173.5,False,False
warning_biogas_quality,BAC_G::Lactobacillus,Bacteria,4,,,True,,False,False
warning_acid_base_balance,BAC_G::Lautropia,Bacteria,4,0.0,0.0,True,104.5,False,False
warning_buffer_capacity,BAC_G::Lautropia,Bacteria,4,0.0,0.0,True,129.5,False,False
warning_acid_accumulation,BAC_G::Lautropia,Bacteria,4,0.0,0.0,True,102.0,False,False
warning_ammonia_toxicity,BAC_G::Lautropia,Bacteria,4,0.0,0.0,True,173.5,False,False
warning_biogas_quality,BAC_G::Lautropia,Bacteria,4,,,True,,False,False
warning_acid_base_balance,BAC_G::Lawsonella,Bacteria,4,0.0,0.0,True,104.5,False,False
warning_buffer_capacity,BAC_G::Lawsonella,Bacteria,4,0.0,0.0,True,129.5,False,False
warning_acid_accumulation,BAC_G::Lawsonella,Bacteria,4,0.0,0.0,True,102.0,False,False
warning_ammonia_toxicity,BAC_G::Lawsonella,Bacteria,4,0.0,0.0,True,173.5,False,False
warning_biogas_quality,BAC_G::Lawsonella,Bacteria,4,,,True,,False,False
warning_acid_base_balance,BAC_G::Lentimicrobiaceae,Bacteria,4,-0.0222222222222222,0.0,True,265.5,False,False
warning_buffer_capacity,BAC_G::Lentimicrobiaceae,Bacteria,4,-0.004924242424242425,0.002626237066902165,True,263.5,False,False
warning_acid_accumulation,BAC_G::Lentimicrobiaceae,Bacteria,4,-0.0006318681318681311,0.001626762415818141,True,239.0,False,False
warning_ammonia_toxicity,BAC_G::Lentimicrobiaceae,Bacteria,4,-0.004999999999999982,0.00783603909969376,True,270.0,False,False
warning_biogas_quality,BAC_G::Lentimicrobiaceae,Bacteria,4,,,True,,False,False
warning_acid_base_balance,BAC_G::Lentimicrobium,Bacteria,4,0.0,0.0,True,104.5,False,False
warning_buffer_capacity,BAC_G::Lentimicrobium,Bacteria,4,0.0,0.0,True,129.5,False,False
warning_acid_accumulation,BAC_G::Lentimicrobium,Bacteria,4,-0.0003571428571428559,0.000872256067934576,True,221.5,False,False
warning_ammonia_toxicity,BAC_G::Lentimicrobium,Bacteria,4,0.0,0.0,True,173.5,False,False
warning_biogas_quality,BAC_G::Lentimicrobium,Bacteria,4,,,True,,False,False
warning_acid_base_balance,BAC_G::Leptotrichia,Bacteria,4,-0.0007359307359307316,0.014813311406543198,True,192.0,False,False
warning_buffer_capacity,BAC_G::Leptotrichia,Bacteria,4,-0.0021464646464646464,0.004393389395264823,True,251.0,False,False
warning_acid_accumulation,BAC_G::Leptotrichia,Bacteria,4,-0.00023809523809523725,0.0007328416800608217,True,208.0,False,False
warning_ammonia_toxicity,BAC_G::Leptotrichia,Bacteria,4,0.0,0.0,True,173.5,False,False
warning_biogas_quality,BAC_G::Leptotrichia,Bacteria,4,,,True,,False,False
warning_acid_base_balance,BAC_G::Leuconostoc,Bacteria,4,0.0,0.0,True,104.5,False,False
warning_buffer_capacity,BAC_G::Leuconostoc,Bacteria,4,0.0,0.0,True,129.5,False,False
warning_acid_accumulation,BAC_G::Leuconostoc,Bacteria,4,0.0,0.0,True,102.0,False,False
warning_ammonia_toxicity,BAC_G::Leuconostoc,Bacteria,4,0.0,0.0,True,173.5,False,False
warning_biogas_quality,BAC_G::Leuconostoc,Bacteria,4,,,True,,False,False
warning_acid_base_balance,BAC_G::Longilinea,Bacteria,4,0.0,0.0,True,104.5,False,False
warning_buffer_capacity,BAC_G::Longilinea,Bacteria,4,0.0,0.0,True,129.5,False,False
warning_acid_accumulation,BAC_G::Longilinea,Bacteria,4,0.0,0.0,True,102.0,False,False
warning_ammonia_toxicity,BAC_G::Longilinea,Bacteria,4,0.0,0.0,True,173.5,False,False
warning_biogas_quality,BAC_G::Longilinea,Bacteria,4,,,True,,False,False
warning_acid_base_balance,BAC_G::Luteimonas,Bacteria,4,0.0,0.0,True,104.5,False,False
warning_buffer_capacity,BAC_G::Luteimonas,Bacteria,4,0.0,0.0,True,129.5,False,False
warning_acid_accumulation,BAC_G::Luteimonas,Bacteria,4,0.0,0.0,True,102.0,False,False
warning_ammonia_toxicity,BAC_G::Luteimonas,Bacteria,4,0.0,0.0,True,173.5,False,False
warning_biogas_quality,BAC_G::Luteimonas,Bacteria,4,,,True,,False,False
warning_acid_base_balance,BAC_G::Lutispora,Bacteria,4,0.0,0.0,True,104.5,False,False
warning_buffer_capacity,BAC_G::Lutispora,Bacteria,4,0.0,0.0,True,129.5,False,False
warning_acid_accumulation,BAC_G::Lutispora,Bacteria,4,0.0,0.0,True,102.0,False,False
warning_ammonia_toxicity,BAC_G::Lutispora,Bacteria,4,0.0,0.0,True,173.5,False,False
warning_biogas_quality,BAC_G::Lutispora,Bacteria,4,,,True,,False,False
warning_acid_base_balance,BAC_G::MBA03,Bacteria,4,-0.00111111111111111,0.004969039949999528,True,196.0,False,False
warning_buffer_capacity,BAC_G::MBA03,Bacteria,4,-0.00022727272727272735,0.0010163945352271774,True,232.0,False,False
warning_acid_accumulation,BAC_G::MBA03,Bacteria,4,-1.4880952380951634e-05,0.0007256497329350434,True,192.5,False,False
warning_ammonia_toxicity,BAC_G::MBA03,Bacteria,4,0.0019444444444444374,0.004861633221752319,True,49.0,False,False
warning_biogas_quality,BAC_G::MBA03,Bacteria,4,,,True,,False,False
warning_acid_base_balance,BAC_G::MVP-15,Bacteria,4,-0.0006547619047618941,0.0113079847697479,True,191.0,False,False
warning_buffer_capacity,BAC_G::MVP-15,Bacteria,4,-0.0005414438502673799,0.002337500590617935,True,239.0,False,False
warning_acid_accumulation,BAC_G::MVP-15,Bacteria,4,0.001234409080771319,0.0038934103003626344,True,7.0,True,True
warning_ammonia_toxicity,BAC_G::MVP-15,Bacteria,4,0.0005555555555555536,0.0024845199749997577,True,70.5,False,False
warning_biogas_quality,BAC_G::MVP-15,Bacteria,4,,,True,,False,False
warning_acid_base_balance,BAC_G::Macellibacteroides,Bacteria,4,0.0,0.0,True,104.5,False,False
warning_buffer_capacity,BAC_G::Macellibacteroides,Bacteria,4,0.0,0.0,True,129.5,False,False
warning_acid_accumulation,BAC_G::Macellibacteroides,Bacteria,4,0.0,0.0,True,102.0,False,False
warning_ammonia_toxicity,BAC_G::Macellibacteroides,Bacteria,4,0.0,0.0,True,173.5,False,False
warning_biogas_quality,BAC_G::Macellibacteroides,Bacteria,4,,,True,,False,False
warning_acid_base_balance,BAC_G::Marinimicrobia_(SAR406_clade),Bacteria,4,0.0,0.0,True,104.5,False,False
warning_buffer_capacity,BAC_G::Marinimicrobia_(SAR406_clade),Bacteria,4,0.0,0.0,True,129.5,False,False
warning_acid_accumulation,BAC_G::Marinimicrobia_(SAR406_clade),Bacteria,4,0.0,0.0,True,102.0,False,False
warning_ammonia_toxicity,BAC_G::Marinimicrobia_(SAR406_clade),Bacteria,4,0.0,0.0,True,173.5,False,False
warning_biogas_quality,BAC_G::Marinimicrobia_(SAR406_clade),Bacteria,4,,,True,,False,False
warning_acid_base_balance,BAC_G::Mariniphaga,Bacteria,4,0.0,0.0,True,104.5,False,False
warning_buffer_capacity,BAC_G::Mariniphaga,Bacteria,4,0.0,0.0,True,129.5,False,False
warning_acid_accumulation,BAC_G::Mariniphaga,Bacteria,4,0.0,0.0,True,102.0,False,False
warning_ammonia_toxicity,BAC_G::Mariniphaga,Bacteria,4,0.0,0.0,True,173.5,False,False
warning_biogas_quality,BAC_G::Mariniphaga,Bacteria,4,,,True,,False,False
warning_acid_base_balance,BAC_G::Megasphaera,Bacteria,4,0.0,0.0,True,104.5,False,False
warning_buffer_capacity,BAC_G::Megasphaera,Bacteria,4,0.0,0.0,True,129.5,False,False
warning_acid_accumulation,BAC_G::Megasphaera,Bacteria,4,0.0,0.0,True,102.0,False,False
warning_ammonia_toxicity,BAC_G::Megasphaera,Bacteria,4,0.0,0.0,True,173.5,False,False
warning_biogas_quality,BAC_G::Megasphaera,Bacteria,4,,,True,,False,False
warning_acid_base_balance,BAC_G::Mesotoga,Bacteria,4,-0.00777777777777777,0.010874677442879831,True,228.0,False,False
warning_buffer_capacity,BAC_G::Mesotoga,Bacteria,4,-0.0023106060606060607,0.002664017006803234,True,252.0,False,False
warning_acid_accumulation,BAC_G::Mesotoga,Bacteria,4,0.0,0.0,True,102.0,False,False
warning_ammonia_toxicity,BAC_G::Mesotoga,Bacteria,4,0.008333333333333304,0.004936240647992419,True,29.0,False,False
warning_biogas_quality,BAC_G::Mesotoga,Bacteria,4,,,True,,False,False
warning_acid_base_balance,BAC_G::Methylotenera,Bacteria,4,0.0,0.0,True,104.5,False,False
warning_buffer_capacity,BAC_G::Methylotenera,Bacteria,4,0.0,0.0,True,129.5,False,False
warning_acid_accumulation,BAC_G::Methylotenera,Bacteria,4,0.0,0.0,True,102.0,False,False
warning_ammonia_toxicity,BAC_G::Methylotenera,Bacteria,4,0.0,0.0,True,173.5,False,False
warning_biogas_quality,BAC_G::Methylotenera,Bacteria,4,,,True,,False,False
warning_acid_base_balance,BAC_G::MgMjR-022,Bacteria,4,0.0,0.0,False,104.5,False,False
warning_buffer_capacity,BAC_G::MgMjR-022,Bacteria,4,0.0,0.0,False,129.5,False,False
warning_acid_accumulation,BAC_G::MgMjR-022,Bacteria,4,0.0,0.0,False,102.0,False,False
warning_ammonia_toxicity,BAC_G::MgMjR-022,Bacteria,4,0.0,0.0,False,173.5,False,False
warning_biogas_quality,BAC_G::MgMjR-022,Bacteria,4,,,False,,False,False
warning_acid_base_balance,BAC_G::Myroides,Bacteria,4,0.0,0.0,True,104.5,False,False
warning_buffer_capacity,BAC_G::Myroides,Bacteria,4,0.0,0.0,True,129.5,False,False
warning_acid_accumulation,BAC_G::Myroides,Bacteria,4,0.0,0.0,True,102.0,False,False
warning_ammonia_toxicity,BAC_G::Myroides,Bacteria,4,0.0,0.0,True,173.5,False,False
warning_biogas_quality,BAC_G::Myroides,Bacteria,4,,,True,,False,False
warning_acid_base_balance,BAC_G::Nitrosomonas,Bacteria,4,0.0,0.0,True,104.5,False,False
warning_buffer_capacity,BAC_G::Nitrosomonas,Bacteria,4,0.0,0.0,True,129.5,False,False
warning_acid_accumulation,BAC_G::Nitrosomonas,Bacteria,4,0.0,0.0,True,102.0,False,False
warning_ammonia_toxicity,BAC_G::Nitrosomonas,Bacteria,4,0.0,0.0,True,173.5,False,False
warning_biogas_quality,BAC_G::Nitrosomonas,Bacteria,4,,,True,,False,False
warning_acid_base_balance,BAC_G::OLB12,Bacteria,4,0.0,0.0,True,104.5,False,False
warning_buffer_capacity,BAC_G::OLB12,Bacteria,4,0.0,0.0,True,129.5,False,False
warning_acid_accumulation,BAC_G::OLB12,Bacteria,4,0.0,0.0,True,102.0,False,False
warning_ammonia_toxicity,BAC_G::OLB12,Bacteria,4,0.0,0.0,True,173.5,False,False
warning_biogas_quality,BAC_G::OLB12,Bacteria,4,,,True,,False,False
warning_acid_base_balance,BAC_G::OLB8,Bacteria,4,-0.00222222222222222,0.006839855680567687,True,203.0,False,False
warning_buffer_capacity,BAC_G::OLB8,Bacteria,4,0.0007464349376114093,0.001531865410363657,True,17.0,False,True
warning_acid_accumulation,BAC_G::OLB8,Bacteria,4,-0.0002789141972578471,0.0024135168088562815,True,217.0,False,False
warning_ammonia_toxicity,BAC_G::OLB8,Bacteria,4,0.0,0.0,True,173.5,False,False
warning_biogas_quality,BAC_G::OLB8,Bacteria,4,,,True,,False,False
warning_acid_base_balance,BAC_G::Olsenella,Bacteria,4,0.0,0.0,True,104.5,False,False
warning_buffer_capacity,BAC_G::Olsenella,Bacteria,4,0.0,0.0,True,129.5,False,False
warning_acid_accumulation,BAC_G::Olsenella,Bacteria,4,0.0,0.0,True,102.0,False,False
warning_ammonia_toxicity,BAC_G::Olsenella,Bacteria,4,0.0,0.0,True,173.5,False,False
warning_biogas_quality,BAC_G::Olsenella,Bacteria,4,,,True,,False,False
warning_acid_base_balance,BAC_G::Oscillospira,Bacteria,4,0.0,0.0,True,104.5,False,False
warning_buffer_capacity,BAC_G::Oscillospira,Bacteria,4,0.0,0.0,True,129.5,False,False
warning_acid_accumulation,BAC_G::Oscillospira,Bacteria,4,0.0,0.0,True,102.0,False,False
warning_ammonia_toxicity,BAC_G::Oscillospira,Bacteria,4,0.0,0.0,True,173.5,False,False
warning_biogas_quality,BAC_G::Oscillospira,Bacteria,4,,,True,,False,False
warning_acid_base_balance,BAC_G::PB19,Bacteria,4,0.0,0.0,True,104.5,False,False
warning_buffer_capacity,BAC_G::PB19,Bacteria,4,0.0,0.0,True,129.5,False,False
warning_acid_accumulation,BAC_G::PB19,Bacteria,4,0.0,0.0,True,102.0,False,False
warning_ammonia_toxicity,BAC_G::PB19,Bacteria,4,0.0,0.0,True,173.5,False,False
warning_biogas_quality,BAC_G::PB19,Bacteria,4,,,True,,False,False
warning_acid_base_balance,BAC_G::Paludibacter,Bacteria,4,0.0,0.0,True,104.5,False,False
warning_buffer_capacity,BAC_G::Paludibacter,Bacteria,4,0.0003787878787878798,0.0011658844910058602,True,22.5,False,False
warning_acid_accumulation,BAC_G::Paludibacter,Bacteria,4,-0.00023809523809523725,0.0007328416800608217,True,208.0,False,False
warning_ammonia_toxicity,BAC_G::Paludibacter,Bacteria,4,0.0,0.0,True,173.5,False,False
warning_biogas_quality,BAC_G::Paludibacter,Bacteria,4,,,True,,False,False
warning_acid_base_balance,BAC_G::Pantoea,Bacteria,4,0.0,0.0,True,104.5,False,False
warning_buffer_capacity,BAC_G::Pantoea,Bacteria,4,0.0,0.0,True,129.5,False,False
warning_acid_accumulation,BAC_G::Pantoea,Bacteria,4,0.0,0.0,True,102.0,False,False
warning_ammonia_toxicity,BAC_G::Pantoea,Bacteria,4,0.0,0.0,True,173.5,False,False
warning_biogas_quality,BAC_G::Pantoea,Bacteria,4,,,True,,False,False
warning_acid_base_balance,BAC_G::Paracoccus,Bacteria,4,0.0,0.0,True,104.5,False,False
warning_buffer_capacity,BAC_G::Paracoccus,Bacteria,4,0.0,0.0,True,129.5,False,False
warning_acid_accumulation,BAC_G::Paracoccus,Bacteria,4,0.0,0.0,True,102.0,False,False
warning_ammonia_toxicity,BAC_G::Paracoccus,Bacteria,4,0.0,0.0,True,173.5,False,False
warning_biogas_quality,BAC_G::Paracoccus,Bacteria,4,,,True,,False,False
warning_acid_base_balance,BAC_G::Pedosphaeraceae,Bacteria,4,0.0,0.0,False,104.5,False,False
warning_buffer_capacity,BAC_G::Pedosphaeraceae,Bacteria,4,0.0,0.0,False,129.5,False,False
warning_acid_accumulation,BAC_G::Pedosphaeraceae,Bacteria,4,0.0,0.0,False,102.0,False,False
warning_ammonia_toxicity,BAC_G::Pedosphaeraceae,Bacteria,4,0.0,0.0,False,173.5,False,False
warning_biogas_quality,BAC_G::Pedosphaeraceae,Bacteria,4,,,False,,False,False
warning_acid_base_balance,BAC_G::Pelotomaculum,Bacteria,4,0.0,0.0,True,104.5,False,False
warning_buffer_capacity,BAC_G::Pelotomaculum,Bacteria,4,0.0,0.0,True,129.5,False,False
warning_acid_accumulation,BAC_G::Pelotomaculum,Bacteria,4,0.0,0.0,True,102.0,False,False
warning_ammonia_toxicity,BAC_G::Pelotomaculum,Bacteria,4,0.0,0.0,True,173.5,False,False
warning_biogas_quality,BAC_G::Pelotomaculum,Bacteria,4,,,True,,False,False
warning_acid_base_balance,BAC_G::Petrimonas,Bacteria,4,0.0,0.0,True,104.5,False,False
warning_buffer_capacity,BAC_G::Petrimonas,Bacteria,4,0.0,0.0,True,129.5,False,False
warning_acid_accumulation,BAC_G::Petrimonas,Bacteria,4,0.0,0.0,True,102.0,False,False
warning_ammonia_toxicity,BAC_G::Petrimonas,Bacteria,4,0.0,0.0,True,173.5,False,False
warning_biogas_quality,BAC_G::Petrimonas,Bacteria,4,,,True,,False,False
warning_acid_base_balance,BAC_G::Prevotella,Bacteria,4,0.0,0.0,True,104.5,False,False
warning_buffer_capacity,BAC_G::Prevotella,Bacteria,4,0.0,0.0,True,129.5,False,False
warning_acid_accumulation,BAC_G::Prevotella,Bacteria,4,-0.0007291666666666662,0.0026417247766036558,True,245.0,False,False
warning_ammonia_toxicity,BAC_G::Prevotella,Bacteria,4,0.0,0.0,True,173.5,False,False
warning_biogas_quality,BAC_G::Prevotella,Bacteria,4,,,True,,False,False
warning_acid_base_balance,BAC_G::Proteiniphilum,Bacteria,4,-0.00111111111111111,0.004969039949999528,True,196.0,False,False
warning_buffer_capacity,BAC_G::Proteiniphilum,Bacteria,4,0.0,0.0,True,129.5,False,False
warning_acid_accumulation,BAC_G::Proteiniphilum,Bacteria,4,0.0,0.0,True,102.0,False,False
warning_ammonia_toxicity,BAC_G::Proteiniphilum,Bacteria,4,0.0005555555555555536,0.0024845199749997577,True,70.5,False,False
warning_biogas_quality,BAC_G::Proteiniphilum,Bacteria,4,,,True,,False,False
warning_acid_base_balance,BAC_G::Proteocatella,Bacteria,4,0.0,0.0,True,104.5,False,False
warning_buffer_capacity,BAC_G::Proteocatella,Bacteria,4,0.0,0.0,True,129.5,False,False
warning_acid_accumulation,BAC_G::Proteocatella,Bacteria,4,0.0,0.0,True,102.0,False,False
warning_ammonia_toxicity,BAC_G::Proteocatella,Bacteria,4,0.0,0.0,True,173.5,False,False
warning_biogas_quality,BAC_G::Proteocatella,Bacteria,4,,,True,,False,False
warning_acid_base_balance,BAC_G::Pseudomonas,Bacteria,4,0.0,0.0,True,104.5,False,False
warning_buffer_capacity,BAC_G::Pseudomonas,Bacteria,4,0.0,0.0,True,129.5,False,False
warning_acid_accumulation,BAC_G::Pseudomonas,Bacteria,4,0.0,0.0,True,102.0,False,False
warning_ammonia_toxicity,BAC_G::Pseudomonas,Bacteria,4,0.0,0.0,True,173.5,False,False
warning_biogas_quality,BAC_G::Pseudomonas,Bacteria,4,,,True,,False,False
warning_acid_base_balance,BAC_G::Pseudoramibacter,Bacteria,4,0.0,0.0,True,104.5,False,False
warning_buffer_capacity,BAC_G::Pseudoramibacter,Bacteria,4,0.0,0.0,True,129.5,False,False
warning_acid_accumulation,BAC_G::Pseudoramibacter,Bacteria,4,0.0,0.0,True,102.0,False,False
warning_ammonia_toxicity,BAC_G::Pseudoramibacter,Bacteria,4,0.0,0.0,True,173.5,False,False
warning_biogas_quality,BAC_G::Pseudoramibacter,Bacteria,4,,,True,,False,False
warning_acid_base_balance,BAC_G::RBG-16-49-21,Bacteria,4,0.003174603174603177,0.014447244213498621,True,12.0,False,True
warning_buffer_capacity,BAC_G::RBG-16-49-21,Bacteria,4,0.0024320409982174747,0.0025764712015308197,True,12.0,False,True
warning_acid_accumulation,BAC_G::RBG-16-49-21,Bacteria,4,-0.0002627467991245039,0.0026116475611645193,True,215.0,False,False
warning_ammonia_toxicity,BAC_G::RBG-16-49-21,Bacteria,4,0.0002777777777777768,0.013394717374445069,True,77.0,False,False
warning_biogas_quality,BAC_G::RBG-16-49-21,Bacteria,4,,,True,,False,False
warning_acid_base_balance,BAC_G::Raoultibacter,Bacteria,4,0.0,0.0,True,104.5,False,False
warning_buffer_capacity,BAC_G::Raoultibacter,Bacteria,4,0.0,0.0,True,129.5,False,False
warning_acid_accumulation,BAC_G::Raoultibacter,Bacteria,4,0.0,0.0,True,102.0,False,False
warning_ammonia_toxicity,BAC_G::Raoultibacter,Bacteria,4,0.0,0.0,True,173.5,False,False
warning_biogas_quality,BAC_G::Raoultibacter,Bacteria,4,,,True,,False,False
warning_acid_base_balance,BAC_G::Rhodobacter,Bacteria,4,-0.00444444444444444,0.00911980757409025,True,216.5,False,False
warning_buffer_capacity,BAC_G::Rhodobacter,Bacteria,4,0.0,0.0,True,129.5,False,False
warning_acid_accumulation,BAC_G::Rhodobacter,Bacteria,4,0.0,0.0,True,102.0,False,False
warning_ammonia_toxicity,BAC_G::Rhodobacter,Bacteria,4,0.0,0.0,True,173.5,False,False
warning_biogas_quality,BAC_G::Rhodobacter,Bacteria,4,,,True,,False,False
warning_acid_base_balance,BAC_G::Ruminiclostridium,Bacteria,4,-0.04101190476190473,0.03199989220511673,True,274.0,False,False
warning_buffer_capacity,BAC_G::Ruminiclostridium,Bacteria,4,-0.0034061200237670832,0.0025230698668143496,True,257.0,False,False
warning_acid_accumulation,BAC_G::Ruminiclostridium,Bacteria,4,0.0,0.0,True,102.0,False,False
warning_ammonia_toxicity,BAC_G::Ruminiclostridium,Bacteria,4,0.02653108465608463,0.013234825933924435,True,4.0,True,True
warning_biogas_quality,BAC_G::Ruminiclostridium,Bacteria,4,,,True,,False,False
warning_acid_base_balance,BAC_G::Ruminococcus,Bacteria,4,-0.012876984126984115,0.035767498415825764,True,246.0,False,False
warning_buffer_capacity,BAC_G::Ruminococcus,Bacteria,4,0.0002610665478312561,0.004373968081164916,True,27.0,False,False
warning_acid_accumulation,BAC_G::Ruminococcus,Bacteria,4,-0.0007326007326007306,0.0014186752183909927,True,246.0,False,False
warning_ammonia_toxicity,BAC_G::Ruminococcus,Bacteria,4,0.0,0.0,True,173.5,False,False
warning_biogas_quality,BAC_G::Ruminococcus,Bacteria,4,,,True,,False,False
warning_acid_base_balance,BAC_G::SBR1031,Bacteria,4,0.0,0.0,True,104.5,False,False
warning_buffer_capacity,BAC_G::SBR1031,Bacteria,4,0.0,0.0,True,129.5,False,False
warning_acid_accumulation,BAC_G::SBR1031,Bacteria,4,-0.00023809523809523725,0.0007328416800608217,True,208.0,False,False
warning_ammonia_toxicity,BAC_G::SBR1031,Bacteria,4,0.0,0.0,True,173.5,False,False
warning_biogas_quality,BAC_G::SBR1031,Bacteria,4,,,True,,False,False
warning_acid_base_balance,BAC_G::SC-I-84,Bacteria,4,-0.00111111111111111,0.004969039949999528,True,196.0,False,False
warning_buffer_capacity,BAC_G::SC-I-84,Bacteria,4,-8.132798573975003e-05,0.0019064225372770359,True,228.0,False,False
warning_acid_accumulation,BAC_G::SC-I-84,Bacteria,4,-0.00011904761904761863,0.0005323971374999479,True,196.5,False,False
warning_ammonia_toxicity,BAC_G::SC-I-84,Bacteria,4,0.0,0.0,True,173.5,False,False
warning_biogas_quality,BAC_G::SC-I-84,Bacteria,4,,,True,,False,False
warning_acid_base_balance,BAC_G::SC103,Bacteria,4,-0.003769841269841262,0.0103339146474203,True,212.0,False,False
warning_buffer_capacity,BAC_G::SC103,Bacteria,4,0.0029766842634489725,0.003419693013494676,True,11.0,False,True
warning_acid_accumulation,BAC_G::SC103,Bacteria,4,-0.0011632954463836782,0.0028905577697656585,True,256.0,False,False
warning_ammonia_toxicity,BAC_G::SC103,Bacteria,4,0.002777777777777768,0.004936240647992418,True,46.0,False,False
warning_biogas_quality,BAC_G::SC103,Bacteria,4,,,True,,False,False
warning_acid_base_balance,BAC_G::SJA-15,Bacteria,4,0.0,0.0,True,104.5,False,False
warning_buffer_capacity,BAC_G::SJA-15,Bacteria,4,0.0,0.0,True,129.5,False,False
warning_acid_accumulation,BAC_G::SJA-15,Bacteria,4,0.0,0.0,True,102.0,False,False
warning_ammonia_toxicity,BAC_G::SJA-15,Bacteria,4,0.0,0.0,True,173.5,False,False
warning_biogas_quality,BAC_G::SJA-15,Bacteria,4,,,True,,False,False
warning_acid_base_balance,BAC_G::SJA-28,Bacteria,4,-0.00222222222222222,0.006839855680567687,True,203.0,False,False
warning_buffer_capacity,BAC_G::SJA-28,Bacteria,4,0.0,0.0,True,129.5,False,False
warning_acid_accumulation,BAC_G::SJA-28,Bacteria,4,-0.00013392857142857027,0.0008979335637599252,True,200.5,False,False
warning_ammonia_toxicity,BAC_G::SJA-28,Bacteria,4,0.0,0.0,True,173.5,False,False
warning_biogas_quality,BAC_G::SJA-28,Bacteria,4,,,True,,False,False
warning_acid_base_balance,BAC_G::ST-12K33,Bacteria,4,-0.01666666666666665,0.009872481295984862,True,252.5,False,False
warning_buffer_capacity,BAC_G::ST-12K33,Bacteria,4,-0.00022727272727272735,0.0010163945352271774,True,232.0,False,False
warning_acid_accumulation,BAC_G::ST-12K33,Bacteria,4,0.0011160714285714337,0.0015017388328265793,True,8.0,True,True
warning_ammonia_toxicity,BAC_G::ST-12K33,Bacteria,4,0.0,0.0,True,173.5,False,False
warning_biogas_quality,BAC_G::ST-12K33,Bacteria,4,,,True,,False,False
warning_acid_base_balance,BAC_G::Saccharofermentans,Bacteria,4,0.0,0.0,True,104.5,False,False
warning_buffer_capacity,BAC_G::Saccharofermentans,Bacteria,4,0.0,0.0,True,129.5,False,False
warning_acid_accumulation,BAC_G::Saccharofermentans,Bacteria,4,0.0,0.0,True,102.0,False,False
warning_ammonia_toxicity,BAC_G::Saccharofermentans,Bacteria,4,0.0,0.0,True,173.5,False,False
warning_biogas_quality,BAC_G::Saccharofermentans,Bacteria,4,,,True,,False,False
warning_acid_base_balance,BAC_G::Sedimentibacter,Bacteria,4,0.0014285714285714375,0.01720083253373517,True,16.0,False,True
warning_buffer_capacity,BAC_G::Sedimentibacter,Bacteria,4,0.007727884860237805,0.006159370231359263,True,2.0,True,True
warning_acid_accumulation,BAC_G::Sedimentibacter,Bacteria,4,-0.002510593981182209,0.0014263431610219855,True,272.0,False,False
warning_ammonia_toxicity,BAC_G::Sedimentibacter,Bacteria,4,-0.007367724867724879,0.027721382595495205,True,271.0,False,False
warning_biogas_quality,BAC_G::Sedimentibacter,Bacteria,4,,,True,,False,False
warning_acid_base_balance,BAC_G::Shuttleworthia,Bacteria,4,0.0,0.0,True,104.5,False,False
warning_buffer_capacity,BAC_G::Shuttleworthia,Bacteria,4,0.0,0.0,True,129.5,False,False
warning_acid_accumulation,BAC_G::Shuttleworthia,Bacteria,4,0.0,0.0,True,102.0,False,False
warning_ammonia_toxicity,BAC_G::Shuttleworthia,Bacteria,4,0.0,0.0,True,173.5,False,False
warning_biogas_quality,BAC_G::Shuttleworthia,Bacteria,4,,,True,,False,False
warning_acid_base_balance,BAC_G::Simplicispira,Bacteria,4,0.0,0.0,False,104.5,False,False
warning_buffer_capacity,BAC_G::Simplicispira,Bacteria,4,0.0,0.0,False,129.5,False,False
warning_acid_accumulation,BAC_G::Simplicispira,Bacteria,4,0.0,0.0,False,102.0,False,False
warning_ammonia_toxicity,BAC_G::Simplicispira,Bacteria,4,0.0,0.0,False,173.5,False,False
warning_biogas_quality,BAC_G::Simplicispira,Bacteria,4,,,False,,False,False
warning_acid_base_balance,BAC_G::Smithella,Bacteria,4,-0.018888888888888886,0.02135744251723959,True,256.0,False,False
warning_buffer_capacity,BAC_G::Smithella,Bacteria,4,-0.007403817587641115,0.004416264591464625,True,274.0,False,False
warning_acid_accumulation,BAC_G::Smithella,Bacteria,4,-0.0004761904761904745,0.0009771222400810956,True,226.0,False,False
warning_ammonia_toxicity,BAC_G::Smithella,Bacteria,4,0.00777777777777775,0.005224026066462506,True,32.5,False,False
warning_biogas_quality,BAC_G::Smithella,Bacteria,4,,,True,,False,False
warning_acid_base_balance,BAC_G::Sphaerochaeta,Bacteria,4,0.0009523809523809601,0.012534446841149832,True,17.0,False,True
warning_buffer_capacity,BAC_G::Sphaerochaeta,Bacteria,4,-0.004924242424242425,0.002626237066902165,True,263.5,False,False
warning_acid_accumulation,BAC_G::Sphaerochaeta,Bacteria,4,-0.003241758241758236,0.001730489969238609,True,273.0,False,False
warning_ammonia_toxicity,BAC_G::Sphaerochaeta,Bacteria,4,0.0005555555555555536,0.002484519974999758,True,70.5,False,False
warning_biogas_quality,BAC_G::Sphaerochaeta,Bacteria,4,,,True,,False,False
warning_acid_base_balance,BAC_G::Stenotrophomonas,Bacteria,4,0.0,0.0,True,104.5,False,False
warning_buffer_capacity,BAC_G::Stenotrophomonas,Bacteria,4,0.0,0.0,True,129.5,False,False
warning_acid_accumulation,BAC_G::Stenotrophomonas,Bacteria,4,0.0,0.0,True,102.0,False,False
warning_ammonia_toxicity,BAC_G::Stenotrophomonas,Bacteria,4,0.0,0.0,True,173.5,False,False
warning_biogas_quality,BAC_G::Stenotrophomonas,Bacteria,4,,,True,,False,False
warning_acid_base_balance,BAC_G::Sterolibacterium,Bacteria,4,0.0,0.0,True,104.5,False,False
warning_buffer_capacity,BAC_G::Sterolibacterium,Bacteria,4,0.0,0.0,True,129.5,False,False
warning_acid_accumulation,BAC_G::Sterolibacterium,Bacteria,4,0.0,0.0,True,102.0,False,False
warning_ammonia_toxicity,BAC_G::Sterolibacterium,Bacteria,4,0.0,0.0,True,173.5,False,False
warning_biogas_quality,BAC_G::Sterolibacterium,Bacteria,4,,,True,,False,False
warning_acid_base_balance,BAC_G::Streptococcus,Bacteria,4,0.0,0.0,True,104.5,False,False
warning_buffer_capacity,BAC_G::Streptococcus,Bacteria,4,0.0,0.0,True,129.5,False,False
warning_acid_accumulation,BAC_G::Streptococcus,Bacteria,4,0.0,0.0,True,102.0,False,False
warning_ammonia_toxicity,BAC_G::Streptococcus,Bacteria,4,0.0,0.0,True,173.5,False,False
warning_biogas_quality,BAC_G::Streptococcus,Bacteria,4,,,True,,False,False
warning_acid_base_balance,BAC_G::Sutterella,Bacteria,4,0.0,0.0,True,104.5,False,False
warning_buffer_capacity,BAC_G::Sutterella,Bacteria,4,0.0,0.0,True,129.5,False,False
warning_acid_accumulation,BAC_G::Sutterella,Bacteria,4,0.0,0.0,True,102.0,False,False
warning_ammonia_toxicity,BAC_G::Sutterella,Bacteria,4,0.0,0.0,True,173.5,False,False
warning_biogas_quality,BAC_G::Sutterella,Bacteria,4,,,True,,False,False
warning_acid_base_balance,BAC_G::Syner-01,Bacteria,4,-0.00444444444444444,0.00911980757409025,True,216.5,False,False
warning_buffer_capacity,BAC_G::Syner-01,Bacteria,4,0.004025549613784908,0.0026195623350741605,True,9.0,True,True
warning_acid_accumulation,BAC_G::Syner-01,Bacteria,4,-0.0005128205128205124,0.001578428233977159,True,231.5,False,False
warning_ammonia_toxicity,BAC_G::Syner-01,Bacteria,4,0.0,0.0,True,173.5,False,False
warning_biogas_quality,BAC_G::Syner-01,Bacteria,4,,,True,,False,False
warning_acid_base_balance,BAC_G::Syntrophaceticus,Bacteria,4,0.0,0.0,True,104.5,False,False
warning_buffer_capacity,BAC_G::Syntrophaceticus,Bacteria,4,0.0,0.0,True,129.5,False,False
warning_acid_accumulation,BAC_G::Syntrophaceticus,Bacteria,4,0.0,0.0,True,102.0,False,False
warning_ammonia_toxicity,BAC_G::Syntrophaceticus,Bacteria,4,0.0,0.0,True,173.5,False,False
warning_biogas_quality,BAC_G::Syntrophaceticus,Bacteria,4,,,True,,False,False
warning_acid_base_balance,BAC_G::Syntrophobacter,Bacteria,4,0.0,0.0,True,104.5,False,False
warning_buffer_capacity,BAC_G::Syntrophobacter,Bacteria,4,0.0,0.0,True,129.5,False,False
warning_acid_accumulation,BAC_G::Syntrophobacter,Bacteria,4,0.0,0.0,True,102.0,False,False
warning_ammonia_toxicity,BAC_G::Syntrophobacter,Bacteria,4,0.0,0.0,True,173.5,False,False
warning_biogas_quality,BAC_G::Syntrophobacter,Bacteria,4,,,True,,False,False
warning_acid_base_balance,BAC_G::Syntrophococcus,Bacteria,4,-0.00111111111111111,0.004969039949999528,True,196.0,False,False
warning_buffer_capacity,BAC_G::Syntrophococcus,Bacteria,4,-0.00022727272727272735,0.0010163945352271774,True,232.0,False,False
warning_acid_accumulation,BAC_G::Syntrophococcus,Bacteria,4,-1.4880952380951634e-05,0.0007256497329350434,True,192.5,False,False
warning_ammonia_toxicity,BAC_G::Syntrophococcus,Bacteria,4,0.0,0.0,True,173.5,False,False
warning_biogas_quality,BAC_G::Syntrophococcus,Bacteria,4,,,True,,False,False
warning_acid_base_balance,BAC_G::Syntrophomonas,Bacteria,4,-0.029999999999999992,0.0184168750484361,True,271.0,False,False
warning_buffer_capacity,BAC_G::Syntrophomonas,Bacteria,4,-0.0014141414141414141,0.002759472817463548,True,249.0,False,False
warning_acid_accumulation,BAC_G::Syntrophomonas,Bacteria,4,0.0020526960784313783,0.001452855947898288,True,4.0,True,True
warning_ammonia_toxicity,BAC_G::Syntrophomonas,Bacteria,4,0.02094696969696965,0.011813408376809427,True,5.0,True,True
warning_biogas_quality,BAC_G::Syntrophomonas,Bacteria,4,,,True,,False,False
warning_acid_base_balance,BAC_G::Syntrophorhabdus,Bacteria,4,-0.00444444444444444,0.00911980757409025,True,216.5,False,False
warning_buffer_capacity,BAC_G::Syntrophorhabdus,Bacteria,4,0.0,0.0,True,129.5,False,False
warning_acid_accumulation,BAC_G::Syntrophorhabdus,Bacteria,4,0.0,0.0,True,102.0,False,False
warning_ammonia_toxicity,BAC_G::Syntrophorhabdus,Bacteria,4,0.009444444444444412,0.004070528317028021,True,24.5,False,False
warning_biogas_quality,BAC_G::Syntrophorhabdus,Bacteria,4,,,True,,False,False
warning_acid_base_balance,BAC_G::Syntrophus,Bacteria,4,0.0,0.0,True,104.5,False,False
warning_buffer_capacity,BAC_G::Syntrophus,Bacteria,4,0.0,0.0,True,129.5,False,False
warning_acid_accumulation,BAC_G::Syntrophus,Bacteria,4,0.0,0.0,True,102.0,False,False
warning_ammonia_toxicity,BAC_G::Syntrophus,Bacteria,4,0.0,0.0,True,173.5,False,False
warning_biogas_quality,BAC_G::Syntrophus,Bacteria,4,,,True,,False,False
warning_acid_base_balance,BAC_G::TTA-B1,Bacteria,4,0.0,0.0,True,104.5,False,False
warning_buffer_capacity,BAC_G::TTA-B1,Bacteria,4,0.0,0.0,True,129.5,False,False
warning_acid_accumulation,BAC_G::TTA-B1,Bacteria,4,0.0,0.0,True,102.0,False,False
warning_ammonia_toxicity,BAC_G::TTA-B1,Bacteria,4,0.0,0.0,True,173.5,False,False
warning_biogas_quality,BAC_G::TTA-B1,Bacteria,4,,,True,,False,False
warning_acid_base_balance,BAC_G::Tepidimicrobium,Bacteria,4,0.0,0.0,True,104.5,False,False
warning_buffer_capacity,BAC_G::Tepidimicrobium,Bacteria,4,0.0,0.0,True,129.5,False,False
warning_acid_accumulation,BAC_G::Tepidimicrobium,Bacteria,4,0.0,0.0,True,102.0,False,False
warning_ammonia_toxicity,BAC_G::Tepidimicrobium,Bacteria,4,0.0,0.0,True,173.5,False,False
warning_biogas_quality,BAC_G::Tepidimicrobium,Bacteria,4,,,True,,False,False
warning_acid_base_balance,BAC_G::Terrimonas,Bacteria,4,0.0,0.0,True,104.5,False,False
warning_buffer_capacity,BAC_G::Terrimonas,Bacteria,4,0.0,0.0,True,129.5,False,False
warning_acid_accumulation,BAC_G::Terrimonas,Bacteria,4,0.0,0.0,True,102.0,False,False
warning_ammonia_toxicity,BAC_G::Terrimonas,Bacteria,4,0.0,0.0,True,173.5,False,False
warning_biogas_quality,BAC_G::Terrimonas,Bacteria,4,,,True,,False,False
warning_acid_base_balance,BAC_G::Tetrasphaera,Bacteria,4,-0.0033333333333333296,0.008141056634056064,True,209.0,False,False
warning_buffer_capacity,BAC_G::Tetrasphaera,Bacteria,4,0.0,0.0,True,129.5,False,False
warning_acid_accumulation,BAC_G::Tetrasphaera,Bacteria,4,-0.0004905103066867748,0.0027533554999020055,True,229.0,False,False
warning_ammonia_toxicity,BAC_G::Tetrasphaera,Bacteria,4,0.0011111111111111072,0.003419927840283835,True,61.5,False,False
warning_biogas_quality,BAC_G::Tetrasphaera,Bacteria,4,,,True,,False,False
warning_acid_base_balance,BAC_G::Thauera,Bacteria,4,0.0,0.0,True,104.5,False,False
warning_buffer_capacity,BAC_G::Thauera,Bacteria,4,0.0,0.0,True,129.5,False,False
warning_acid_accumulation,BAC_G::Thauera,Bacteria,4,-0.0004761904761904745,0.0009771222400810956,True,226.0,False,False
warning_ammonia_toxicity,BAC_G::Thauera,Bacteria,4,0.0,0.0,True,173.5,False,False
warning_biogas_quality,BAC_G::Thauera,Bacteria,4,,,True,,False,False
warning_acid_base_balance,BAC_G::Thermoanaerobaculum,Bacteria,4,0.0,0.0,False,104.5,False,False
warning_buffer_capacity,BAC_G::Thermoanaerobaculum,Bacteria,4,0.0,0.0,False,129.5,False,False
warning_acid_accumulation,BAC_G::Thermoanaerobaculum,Bacteria,4,0.0,0.0,False,102.0,False,False
warning_ammonia_toxicity,BAC_G::Thermoanaerobaculum,Bacteria,4,0.0,0.0,False,173.5,False,False
warning_biogas_quality,BAC_G::Thermoanaerobaculum,Bacteria,4,,,False,,False,False
warning_acid_base_balance,BAC_G::Thermomonas,Bacteria,4,0.004280303030303046,0.022996751061895516,True,9.0,True,True
warning_buffer_capacity,BAC_G::Thermomonas,Bacteria,4,-0.0003843582887700529,0.0031183980559614686,True,235.0,False,False
warning_acid_accumulation,BAC_G::Thermomonas,Bacteria,4,-0.001622274784039486,0.00462780462153342,True,263.0,False,False
warning_ammonia_toxicity,BAC_G::Thermomonas,Bacteria,4,0.008888888888888858,0.004559903787045113,True,26.5,False,False
warning_biogas_quality,BAC_G::Thermomonas,Bacteria,4,,,True,,False,False
warning_acid_base_balance,BAC_G::Thermovirga,Bacteria,4,-0.00777777777777777,0.010874677442879831,True,228.0,False,False
warning_buffer_capacity,BAC_G::Thermovirga,Bacteria,4,0.0,0.0,True,129.5,False,False
warning_acid_accumulation,BAC_G::Thermovirga,Bacteria,4,-0.0007142857142857118,0.0011194341570991086,True,243.5,False,False
warning_ammonia_toxicity,BAC_G::Thermovirga,Bacteria,4,0.0,0.0,True,173.5,False,False
warning_biogas_quality,BAC_G::Thermovirga,Bacteria,4,,,True,,False,False
warning_acid_base_balance,BAC_G::Thermus,Bacteria,4,0.0,0.0,True,104.5,False,False
warning_buffer_capacity,BAC_G::Thermus,Bacteria,4,0.0,0.0,True,129.5,False,False
warning_acid_accumulation,BAC_G::Thermus,Bacteria,4,0.0,0.0,True,102.0,False,False
warning_ammonia_toxicity,BAC_G::Thermus,Bacteria,4,0.0,0.0,True,173.5,False,False
warning_biogas_quality,BAC_G::Thermus,Bacteria,4,,,True,,False,False
warning_acid_base_balance,BAC_G::Tissierella,Bacteria,4,0.0,0.0,True,104.5,False,False
warning_buffer_capacity,BAC_G::Tissierella,Bacteria,4,0.0,0.0,True,129.5,False,False
warning_acid_accumulation,BAC_G::Tissierella,Bacteria,4,0.0,0.0,True,102.0,False,False
warning_ammonia_toxicity,BAC_G::Tissierella,Bacteria,4,0.0,0.0,True,173.5,False,False
warning_biogas_quality,BAC_G::Tissierella,Bacteria,4,,,True,,False,False
warning_acid_base_balance,BAC_G::Treponema,Bacteria,4,0.0,0.0,True,104.5,False,False
warning_buffer_capacity,BAC_G::Treponema,Bacteria,4,0.0,0.0,True,129.5,False,False
warning_acid_accumulation,BAC_G::Treponema,Bacteria,4,0.0,0.0,True,102.0,False,False
warning_ammonia_toxicity,BAC_G::Treponema,Bacteria,4,0.0,0.0,True,173.5,False,False
warning_biogas_quality,BAC_G::Treponema,Bacteria,4,,,True,,False,False
warning_acid_base_balance,BAC_G::Truepera,Bacteria,4,0.0,0.0,True,104.5,False,False
warning_buffer_capacity,BAC_G::Truepera,Bacteria,4,0.0,0.0,True,129.5,False,False
warning_acid_accumulation,BAC_G::Truepera,Bacteria,4,0.0,0.0,True,102.0,False,False
warning_ammonia_toxicity,BAC_G::Truepera,Bacteria,4,0.0,0.0,True,173.5,False,False
warning_biogas_quality,BAC_G::Truepera,Bacteria,4,,,True,,False,False
warning_acid_base_balance,BAC_G::UCG-010,Bacteria,4,-0.012159645909645888,0.03501793521092135,True,245.0,False,False
warning_buffer_capacity,BAC_G::UCG-010,Bacteria,4,-0.006035353535353534,0.003348021542749619,True,270.0,False,False
warning_acid_accumulation,BAC_G::UCG-010,Bacteria,4,-0.0016666666666666607,0.0011194341570991083,True,266.5,False,False
warning_ammonia_toxicity,BAC_G::UCG-010,Bacteria,4,0.015454545454545415,0.011252960953351198,True,14.0,False,True
warning_biogas_quality,BAC_G::UCG-010,Bacteria,4,,,True,,False,False
warning_acid_base_balance,BAC_G::W27,Bacteria,4,-0.10579365079365073,0.036707709564080704,True,275.0,False,False
warning_buffer_capacity,BAC_G::W27,Bacteria,4,-0.0034406565656565635,0.004998045433646426,True,258.0,False,False
warning_acid_accumulation,BAC_G::W27,Bacteria,4,-0.0016589456295338617,0.002989448484728942,True,265.0,False,False
warning_ammonia_toxicity,BAC_G::W27,Bacteria,4,0.027159090909090904,0.011163689274182348,True,3.0,True,True
warning_biogas_quality,BAC_G::W27,Bacteria,4,,,True,,False,False
warning_acid_base_balance,BAC_G::W5,Bacteria,4,0.0,0.0,True,104.5,False,False
warning_buffer_capacity,BAC_G::W5,Bacteria,4,0.0,0.0,True,129.5,False,False
warning_acid_accumulation,BAC_G::W5,Bacteria,4,0.0,0.0,True,102.0,False,False
warning_ammonia_toxicity,BAC_G::W5,Bacteria,4,0.0,0.0,True,173.5,False,False
warning_biogas_quality,BAC_G::W5,Bacteria,4,,,True,,False,False
warning_acid_base_balance,BAC_G::W5053,Bacteria,4,0.0,0.0,True,104.5,False,False
warning_buffer_capacity,BAC_G::W5053,Bacteria,4,0.0,0.0,True,129.5,False,False
warning_acid_accumulation,BAC_G::W5053,Bacteria,4,0.0,0.0,True,102.0,False,False
warning_ammonia_toxicity,BAC_G::W5053,Bacteria,4,0.0,0.0,True,173.5,False,False
warning_biogas_quality,BAC_G::W5053,Bacteria,4,,,True,,False,False
warning_acid_base_balance,BAC_G::WCHB1-02,Bacteria,4,-0.00222222222222222,0.006839855680567687,True,203.0,False,False
warning_buffer_capacity,BAC_G::WCHB1-02,Bacteria,4,0.0005681818181818198,0.0013876801080777434,True,18.5,False,True
warning_acid_accumulation,BAC_G::WCHB1-02,Bacteria,4,0.0,0.0,True,102.0,False,False
warning_ammonia_toxicity,BAC_G::WCHB1-02,Bacteria,4,0.010555555555555518,0.0024845199749997577,True,20.5,False,False
warning_biogas_quality,BAC_G::WCHB1-02,Bacteria,4,,,True,,False,False
warning_acid_base_balance,BAC_G::WCHB1-41,Bacteria,4,0.004523809523809536,0.01643047825917669,True,8.0,True,True
warning_buffer_capacity,BAC_G::WCHB1-41,Bacteria,4,-0.0013881461675579326,0.002474134549333577,True,248.0,False,False
warning_acid_accumulation,BAC_G::WCHB1-41,Bacteria,4,-0.0019502801120448103,0.0019880974083076593,True,269.0,False,False
warning_ammonia_toxicity,BAC_G::WCHB1-41,Bacteria,4,0.005833333333333321,0.014360416861973124,True,38.0,False,False
warning_biogas_quality,BAC_G::WCHB1-41,Bacteria,4,,,True,,False,False
warning_acid_base_balance,BAC_G::WCHB1-81,Bacteria,4,0.0,0.0,True,104.5,False,False
warning_buffer_capacity,BAC_G::WCHB1-81,Bacteria,4,0.0,0.0,True,129.5,False,False
warning_acid_accumulation,BAC_G::WCHB1-81,Bacteria,4,0.0,0.0,True,102.0,False,False
warning_ammonia_toxicity,BAC_G::WCHB1-81,Bacteria,4,0.0,0.0,True,173.5,False,False
warning_biogas_quality,BAC_G::WCHB1-81,Bacteria,4,,,True,,False,False
warning_acid_base_balance,BAC_G::Zoogloea,Bacteria,4,0.0,0.0,True,104.5,False,False
warning_buffer_capacity,BAC_G::Zoogloea,Bacteria,4,0.0,0.0,True,129.5,False,False
warning_acid_accumulation,BAC_G::Zoogloea,Bacteria,4,0.0,0.0,True,102.0,False,False
warning_ammonia_toxicity,BAC_G::Zoogloea,Bacteria,4,0.0,0.0,True,173.5,False,False
warning_biogas_quality,BAC_G::Zoogloea,Bacteria,4,,,True,,False,False
warning_acid_base_balance,BAC_G::p-251-o5,Bacteria,4,0.0,0.0,True,104.5,False,False
warning_buffer_capacity,BAC_G::p-251-o5,Bacteria,4,0.0,0.0,True,129.5,False,False
warning_acid_accumulation,BAC_G::p-251-o5,Bacteria,4,0.0,0.0,True,102.0,False,False
warning_ammonia_toxicity,BAC_G::p-251-o5,Bacteria,4,0.0,0.0,True,173.5,False,False
warning_biogas_quality,BAC_G::p-251-o5,Bacteria,4,,,True,,False,False
warning_acid_base_balance,BAC_G::unidentified,Bacteria,4,0.0,0.0,True,104.5,False,False
warning_buffer_capacity,BAC_G::unidentified,Bacteria,4,0.0,0.0,True,129.5,False,False
warning_acid_accumulation,BAC_G::unidentified,Bacteria,4,-0.0010714285714285676,0.001215280441747711,True,253.0,False,False
warning_ammonia_toxicity,BAC_G::unidentified,Bacteria,4,0.00770833333333332,0.012162224816029082,True,35.0,False,False
warning_biogas_quality,BAC_G::unidentified,Bacteria,4,,,True,,False,False
warning_acid_base_balance,ARC_P::Aenigmarchaeota,Archaea,4,0.0,0.0,True,104.5,False,False
warning_buffer_capacity,ARC_P::Aenigmarchaeota,Archaea,4,0.0,0.0,True,129.5,False,False
warning_acid_accumulation,ARC_P::Aenigmarchaeota,Archaea,4,0.0,0.0,True,102.0,False,False
warning_ammonia_toxicity,ARC_P::Aenigmarchaeota,Archaea,4,0.0,0.0,True,173.5,False,False
warning_biogas_quality,ARC_P::Aenigmarchaeota,Archaea,4,,,True,,False,False
warning_acid_base_balance,ARC_P::Asgardarchaeota,Archaea,4,0.0,0.0,True,104.5,False,False
warning_buffer_capacity,ARC_P::Asgardarchaeota,Archaea,4,0.0,0.0,True,129.5,False,False
warning_acid_accumulation,ARC_P::Asgardarchaeota,Archaea,4,0.0,0.0,True,102.0,False,False
warning_ammonia_toxicity,ARC_P::Asgardarchaeota,Archaea,4,0.0,0.0,True,173.5,False,False
warning_biogas_quality,ARC_P::Asgardarchaeota,Archaea,4,,,True,,False,False
warning_acid_base_balance,ARC_P::Crenarchaeota,Archaea,4,-0.00444444444444444,0.00911980757409025,True,216.5,False,False
warning_buffer_capacity,ARC_P::Crenarchaeota,Archaea,4,6.313131313131492e-05,0.002762481444964985,True,31.0,False,False
warning_acid_accumulation,ARC_P::Crenarchaeota,Archaea,4,-0.00023809523809523725,0.0007328416800608218,True,208.0,False,False
warning_ammonia_toxicity,ARC_P::Crenarchaeota,Archaea,4,0.003888888888888875,0.005437338721439902,True,41.0,False,False
warning_biogas_quality,ARC_P::Crenarchaeota,Archaea,4,,,True,,False,False
warning_acid_base_balance,ARC_P::Cryptomycota,Archaea,4,0.0,0.0,True,104.5,False,False
warning_buffer_capacity,ARC_P::Cryptomycota,Archaea,4,0.0,0.0,True,129.5,False,False
warning_acid_accumulation,ARC_P::Cryptomycota,Archaea,4,0.0,0.0,True,102.0,False,False
warning_ammonia_toxicity,ARC_P::Cryptomycota,Archaea,4,0.0,0.0,True,173.5,False,False
warning_biogas_quality,ARC_P::Cryptomycota,Archaea,4,,,True,,False,False
warning_acid_base_balance,ARC_P::Euryarchaeota,Archaea,4,-0.006666666666666659,0.01044805213292504,True,225.0,False,False
warning_buffer_capacity,ARC_P::Euryarchaeota,Archaea,4,-0.005808080808080807,0.003599329997659345,True,268.5,False,False
warning_acid_accumulation,ARC_P::Euryarchaeota,Archaea,4,-0.001743652589240819,0.002613010972527006,True,268.0,False,False
warning_ammonia_toxicity,ARC_P::Euryarchaeota,Archaea,4,0.011111111111111072,0.0,True,18.5,False,True
warning_biogas_quality,ARC_P::Euryarchaeota,Archaea,4,,,True,,False,False
warning_acid_base_balance,ARC_P::Hadarchaeota,Archaea,4,0.0,0.0,True,104.5,False,False
warning_buffer_capacity,ARC_P::Hadarchaeota,Archaea,4,0.0,0.0,True,129.5,False,False
warning_acid_accumulation,ARC_P::Hadarchaeota,Archaea,4,0.0,0.0,True,102.0,False,False
warning_ammonia_toxicity,ARC_P::Hadarchaeota,Archaea,4,0.0,0.0,True,173.5,False,False
warning_biogas_quality,ARC_P::Hadarchaeota,Archaea,4,,,True,,False,False
warning_acid_base_balance,ARC_P::Halobacterota,Archaea,4,-0.008432539682539663,0.015343007575966888,True,231.0,False,False
warning_buffer_capacity,ARC_P::Halobacterota,Archaea,4,-0.0024715766259883914,0.0037665277515532584,True,253.0,False,False
warning_acid_accumulation,ARC_P::Halobacterota,Archaea,4,0.0,0.0,True,102.0,False,False
warning_ammonia_toxicity,ARC_P::Halobacterota,Archaea,4,0.009999999999999964,0.0034199278402838344,True,22.5,False,False
warning_biogas_quality,ARC_P::Halobacterota,Archaea,4,,,True,,False,False
warning_acid_base_balance,ARC_P::Holozoa,Archaea,4,0.0032967032967032963,0.014743305346152456,True,11.0,False,True
warning_buffer_capacity,ARC_P::Holozoa,Archaea,4,-0.003123006379585327,0.00571756796280927,True,255.5,False,False
warning_acid_accumulation,ARC_P::Holozoa,Archaea,4,0.004326302889576889,0.0030625646666861913,True,1.5,True,True
warning_ammonia_toxicity,ARC_P::Holozoa,Archaea,4,0.0,0.0,True,173.5,False,False
warning_biogas_quality,ARC_P::Holozoa,Archaea,4,,,True,,False,False
warning_acid_base_balance,ARC_P::Iainarchaeota,Archaea,4,0.0,0.0,True,104.5,False,False
warning_buffer_capacity,ARC_P::Iainarchaeota,Archaea,4,0.0,0.0,True,129.5,False,False
warning_acid_accumulation,ARC_P::Iainarchaeota,Archaea,4,0.0,0.0,True,102.0,False,False
warning_ammonia_toxicity,ARC_P::Iainarchaeota,Archaea,4,0.0,0.0,True,173.5,False,False
warning_biogas_quality,ARC_P::Iainarchaeota,Archaea,4,,,True,,False,False
warning_acid_base_balance,ARC_P::Micrarchaeota,Archaea,4,0.0,0.0,True,104.5,False,False
warning_buffer_capacity,ARC_P::Micrarchaeota,Archaea,4,-0.0006818181818181821,0.001665216129693288,True,241.5,False,False
warning_acid_accumulation,ARC_P::Micrarchaeota,Archaea,4,-0.00023809523809523725,0.0007328416800608217,True,208.0,False,False
warning_ammonia_toxicity,ARC_P::Micrarchaeota,Archaea,4,0.0,0.0,True,173.5,False,False
warning_biogas_quality,ARC_P::Micrarchaeota,Archaea,4,,,True,,False,False
warning_acid_base_balance,ARC_P::Mollusca,Archaea,4,0.0,0.0,True,104.5,False,False
warning_buffer_capacity,ARC_P::Mollusca,Archaea,4,0.0,0.0,True,129.5,False,False
warning_acid_accumulation,ARC_P::Mollusca,Archaea,4,0.0,0.0,True,102.0,False,False
warning_ammonia_toxicity,ARC_P::Mollusca,Archaea,4,0.0,0.0,True,173.5,False,False
warning_biogas_quality,ARC_P::Mollusca,Archaea,4,,,True,,False,False
warning_acid_base_balance,ARC_P::Nanoarchaeota,Archaea,4,-0.011329365079365068,0.011216142644869094,True,243.5,False,False
warning_buffer_capacity,ARC_P::Nanoarchaeota,Archaea,4,0.0,0.0,True,129.5,False,False
warning_acid_accumulation,ARC_P::Nanoarchaeota,Archaea,4,0.0,0.0,True,102.0,False,False
warning_ammonia_toxicity,ARC_P::Nanoarchaeota,Archaea,4,0.0,0.0,True,173.5,False,False
warning_biogas_quality,ARC_P::Nanoarchaeota,Archaea,4,,,True,,False,False
warning_acid_base_balance,ARC_P::Thermoplasmatota,Archaea,4,-0.00999999999999999,0.011342617456311996,True,236.0,False,False
warning_buffer_capacity,ARC_P::Thermoplasmatota,Archaea,4,0.00888223296311532,0.0017167082832312145,True,1.0,True,True
warning_acid_accumulation,ARC_P::Thermoplasmatota,Archaea,4,-0.0016666666666666607,0.0011194341570991086,True,266.5,False,False
warning_ammonia_toxicity,ARC_P::Thermoplasmatota,Archaea,4,0.0005555555555555536,0.002484519974999758,True,70.5,False,False
warning_biogas_quality,ARC_P::Thermoplasmatota,Archaea,4,,,True,,False,False
warning_acid_base_balance,ARC_P::Vertebrata,Archaea,4,0.0,0.0,True,104.5,False,False
warning_buffer_capacity,ARC_P::Vertebrata,Archaea,4,0.0,0.0,True,129.5,False,False
warning_acid_accumulation,ARC_P::Vertebrata,Archaea,4,0.0,0.0,True,102.0,False,False
warning_ammonia_toxicity,ARC_P::Vertebrata,Archaea,4,0.0,0.0,True,173.5,False,False
warning_biogas_quality,ARC_P::Vertebrata,Archaea,4,,,True,,False,False
warning_acid_base_balance,ARC_P::unidentified,Archaea,4,-0.01999999999999998,0.006839855680567687,True,260.0,False,False
warning_buffer_capacity,ARC_P::unidentified,Archaea,4,0.000303030303030305,0.0022580600617290785,True,26.0,False,False
warning_acid_accumulation,ARC_P::unidentified,Archaea,4,-0.0005952380952380931,0.0010577658531412328,True,236.0,False,False
warning_ammonia_toxicity,ARC_P::unidentified,Archaea,4,0.0016666666666666607,0.004070528317028021,True,53.0,False,False
warning_biogas_quality,ARC_P::unidentified,Archaea,4,,,True,,False,False
warning_acid_base_balance,ARC_G::Aenigmarchaeales,Archaea,4,0.0,0.0,True,104.5,False,False
warning_buffer_capacity,ARC_G::Aenigmarchaeales,Archaea,4,0.0,0.0,True,129.5,False,False
warning_acid_accumulation,ARC_G::Aenigmarchaeales,Archaea,4,0.0,0.0,True,102.0,False,False
warning_ammonia_toxicity,ARC_G::Aenigmarchaeales,Archaea,4,0.0,0.0,True,173.5,False,False
warning_biogas_quality,ARC_G::Aenigmarchaeales,Archaea,4,,,True,,False,False
warning_acid_base_balance,ARC_G::Bathyarchaeia,Archaea,4,-0.0111111111111111,0.011399759467612814,True,241.5,False,False
warning_buffer_capacity,ARC_G::Bathyarchaeia,Archaea,4,-0.02303098861922391,0.022610536084879226,True,276.0,False,False
warning_acid_accumulation,ARC_G::Bathyarchaeia,Archaea,4,0.0,0.0,True,102.0,False,False
warning_ammonia_toxicity,ARC_G::Bathyarchaeia,Archaea,4,0.018510101010100966,0.014431105658595175,True,8.0,True,True
warning_biogas_quality,ARC_G::Bathyarchaeia,Archaea,4,,,True,,False,False
warning_acid_base_balance,ARC_G::Candidatus_Iainarchaeum,Archaea,4,0.0,0.0,True,104.5,False,False
warning_buffer_capacity,ARC_G::Candidatus_Iainarchaeum,Archaea,4,0.0,0.0,True,129.5,False,False
warning_acid_accumulation,ARC_G::Candidatus_Iainarchaeum,Archaea,4,0.0,0.0,True,102.0,False,False
warning_ammonia_toxicity,ARC_G::Candidatus_Iainarchaeum,Archaea,4,0.0,0.0,True,173.5,False,False
warning_biogas_quality,ARC_G::Candidatus_Iainarchaeum,Archaea,4,,,True,,False,False
warning_acid_base_balance,ARC_G::Candidatus_Methanofastidiosum,Archaea,4,-0.006666666666666659,0.01044805213292504,True,225.0,False,False
warning_buffer_capacity,ARC_G::Candidatus_Methanofastidiosum,Archaea,4,-0.005808080808080807,0.003599329997659345,True,268.5,False,False
warning_acid_accumulation,ARC_G::Candidatus_Methanofastidiosum,Archaea,4,-0.001588266716943181,0.0037253916902656994,True,262.0,False,False
warning_ammonia_toxicity,ARC_G::Candidatus_Methanofastidiosum,Archaea,4,0.011111111111111072,0.0,True,18.5,False,True
warning_biogas_quality,ARC_G::Candidatus_Methanofastidiosum,Archaea,4,,,True,,False,False
warning_acid_base_balance,ARC_G::Candidatus_Methanogranum,Archaea,4,0.0,0.0,True,104.5,False,False
warning_buffer_capacity,ARC_G::Candidatus_Methanogranum,Archaea,4,0.0,0.0,True,129.5,False,False
warning_acid_accumulation,ARC_G::Candidatus_Methanogranum,Archaea,4,-0.00023809523809523725,0.0007328416800608218,True,208.0,False,False
warning_ammonia_toxicity,ARC_G::Candidatus_Methanogranum,Archaea,4,0.0,0.0,True,173.5,False,False
warning_biogas_quality,ARC_G::Candidatus_Methanogranum,Archaea,4,,,True,,False,False
warning_acid_base_balance,ARC_G::Candidatus_Methanomethylicus,Archaea,4,0.0,0.0,True,104.5,False,False
warning_buffer_capacity,ARC_G::Candidatus_Methanomethylicus,Archaea,4,0.0,0.0,True,129.5,False,False
warning_acid_accumulation,ARC_G::Candidatus_Methanomethylicus,Archaea,4,0.0,0.0,True,102.0,False,False
warning_ammonia_toxicity,ARC_G::Candidatus_Methanomethylicus,Archaea,4,0.0,0.0,True,173.5,False,False
warning_biogas_quality,ARC_G::Candidatus_Methanomethylicus,Archaea,4,,,True,,False,False
warning_acid_base_balance,ARC_G::Candidatus_Methanomethylophilus,Archaea,4,0.0,0.0,True,104.5,False,False
warning_buffer_capacity,ARC_G::Candidatus_Methanomethylophilus,Archaea,4,0.0,0.0,True,129.5,False,False
warning_acid_accumulation,ARC_G::Candidatus_Methanomethylophilus,Archaea,4,0.0,0.0,True,102.0,False,False
warning_ammonia_toxicity,ARC_G::Candidatus_Methanomethylophilus,Archaea,4,0.0,0.0,True,173.5,False,False
warning_biogas_quality,ARC_G::Candidatus_Methanomethylophilus,Archaea,4,,,True,,False,False
warning_acid_base_balance,ARC_G::Candidatus_Methanoplasma,Archaea,4,-0.01999999999999998,0.006839855680567688,True,260.0,False,False
warning_buffer_capacity,ARC_G::Candidatus_Methanoplasma,Archaea,4,-0.0004545454545454547,0.0013990613892070289,True,236.5,False,False
warning_acid_accumulation,ARC_G::Candidatus_Methanoplasma,Archaea,4,0.0,0.0,True,102.0,False,False
warning_ammonia_toxicity,ARC_G::Candidatus_Methanoplasma,Archaea,4,0.0005555555555555536,0.002484519974999758,True,70.5,False,False
warning_biogas_quality,ARC_G::Candidatus_Methanoplasma,Archaea,4,,,True,,False,False
warning_acid_base_balance,ARC_G::Candidatus_Nitrocosmicus,Archaea,4,-0.1392857142857143,0.16470450578709656,True,276.0,False,False
warning_buffer_capacity,ARC_G::Candidatus_Nitrocosmicus,Archaea,4,-0.004747474747474747,0.006397679461593935,True,262.0,False,False
warning_acid_accumulation,ARC_G::Candidatus_Nitrocosmicus,Archaea,4,0.0014913048552754472,0.005385601372004481,True,5.0,True,True
warning_ammonia_toxicity,ARC_G::Candidatus_Nitrocosmicus,Archaea,4,-0.10658730158730156,0.10118565601899496,True,276.0,False,False
warning_biogas_quality,ARC_G::Candidatus_Nitrocosmicus,Archaea,4,,,True,,False,False
warning_acid_base_balance,ARC_G::Hadarchaeales,Archaea,4,0.0,0.0,True,104.5,False,False
warning_buffer_capacity,ARC_G::Hadarchaeales,Archaea,4,0.0,0.0,True,129.5,False,False
warning_acid_accumulation,ARC_G::Hadarchaeales,Archaea,4,0.0,0.0,True,102.0,False,False
warning_ammonia_toxicity,ARC_G::Hadarchaeales,Archaea,4,0.0,0.0,True,173.5,False,False
warning_biogas_quality,ARC_G::Hadarchaeales,Archaea,4,,,True,,False,False
warning_acid_base_balance,ARC_G::LKM11,Archaea,4,0.0,0.0,True,104.5,False,False
warning_buffer_capacity,ARC_G::LKM11,Archaea,4,0.0,0.0,True,129.5,False,False
warning_acid_accumulation,ARC_G::LKM11,Archaea,4,0.0,0.0,True,102.0,False,False
warning_ammonia_toxicity,ARC_G::LKM11,Archaea,4,0.0,0.0,True,173.5,False,False
warning_biogas_quality,ARC_G::LKM11,Archaea,4,,,True,,False,False
warning_acid_base_balance,ARC_G::Lokiarchaeia,Archaea,4,0.0,0.0,True,104.5,False,False
warning_buffer_capacity,ARC_G::Lokiarchaeia,Archaea,4,0.0,0.0,True,129.5,False,False
warning_acid_accumulation,ARC_G::Lokiarchaeia,Archaea,4,0.0,0.0,True,102.0,False,False
warning_ammonia_toxicity,ARC_G::Lokiarchaeia,Archaea,4,0.0,0.0,True,173.5,False,False
warning_biogas_quality,ARC_G::Lokiarchaeia,Archaea,4,,,True,,False,False
warning_acid_base_balance,ARC_G::Marine_Benthic_Group_D_and_DHVEG-1,Archaea,4,0.0,0.0,True,104.5,False,False
warning_buffer_capacity,ARC_G::Marine_Benthic_Group_D_and_DHVEG-1,Archaea,4,0.0,0.0,True,129.5,False,False
warning_acid_accumulation,ARC_G::Marine_Benthic_Group_D_and_DHVEG-1,Archaea,4,0.0,0.0,True,102.0,False,False
warning_ammonia_toxicity,ARC_G::Marine_Benthic_Group_D_and_DHVEG-1,Archaea,4,0.0,0.0,True,173.5,False,False
warning_biogas_quality,ARC_G::Marine_Benthic_Group_D_and_DHVEG-1,Archaea,4,,,True,,False,False
warning_acid_base_balance,ARC_G::Methanimicrococcus,Archaea,4,-0.0033333333333333296,0.008141056634056064,True,209.0,False,False
warning_buffer_capacity,ARC_G::Methanimicrococcus,Archaea,4,0.0,0.0,True,129.5,False,False
warning_acid_accumulation,ARC_G::Methanimicrococcus,Archaea,4,0.0,0.0,True,102.0,False,False
warning_ammonia_toxicity,ARC_G::Methanimicrococcus,Archaea,4,0.0,0.0,True,173.5,False,False
warning_biogas_quality,ARC_G::Methanimicrococcus,Archaea,4,,,True,,False,False
warning_acid_base_balance,ARC_G::Methanocorpusculum,Archaea,4,-0.00111111111111111,0.004969039949999528,True,196.0,False,False
warning_buffer_capacity,ARC_G::Methanocorpusculum,Archaea,4,0.0,0.0,True,129.5,False,False
warning_acid_accumulation,ARC_G::Methanocorpusculum,Archaea,4,-0.00023809523809523725,0.0007328416800608218,True,208.0,False,False
warning_ammonia_toxicity,ARC_G::Methanocorpusculum,Archaea,4,0.0,0.0,True,173.5,False,False
warning_biogas_quality,ARC_G::Methanocorpusculum,Archaea,4,,,True,,False,False
warning_acid_base_balance,ARC_G::Methanoculleus,Archaea,4,0.0020238095238095414,0.013204526113640959,True,15.0,False,True
warning_buffer_capacity,ARC_G::Methanoculleus,Archaea,4,-0.0009090909090909094,0.0018654151856093717,True,243.0,False,False
warning_acid_accumulation,ARC_G::Methanoculleus,Archaea,4,-0.0003571428571428559,0.0008722560679345761,True,221.5,False,False
warning_ammonia_toxicity,ARC_G::Methanoculleus,Archaea,4,0.010555555555555518,0.0024845199749997577,True,20.5,False,False
warning_biogas_quality,ARC_G::Methanoculleus,Archaea,4,,,True,,False,False
warning_acid_base_balance,ARC_G::Methanofollis,Archaea,4,0.0,0.0,True,104.5,False,False
warning_buffer_capacity,ARC_G::Methanofollis,Archaea,4,0.0,0.0,True,129.5,False,False
warning_acid_accumulation,ARC_G::Methanofollis,Archaea,4,0.0,0.0,True,102.0,False,False
warning_ammonia_toxicity,ARC_G::Methanofollis,Archaea,4,0.0,0.0,True,173.5,False,False
warning_biogas_quality,ARC_G::Methanofollis,Archaea,4,,,True,,False,False
warning_acid_base_balance,ARC_G::Methanogenium,Archaea,4,0.0,0.0,True,104.5,False,False
warning_buffer_capacity,ARC_G::Methanogenium,Archaea,4,0.0,0.0,True,129.5,False,False
warning_acid_accumulation,ARC_G::Methanogenium,Archaea,4,0.0,0.0,True,102.0,False,False
warning_ammonia_toxicity,ARC_G::Methanogenium,Archaea,4,0.0015656565656565647,0.005039594807932264,True,57.0,False,False
warning_biogas_quality,ARC_G::Methanogenium,Archaea,4,,,True,,False,False
warning_acid_base_balance,ARC_G::Methanolacinia,Archaea,4,0.0,0.0,True,104.5,False,False
warning_buffer_capacity,ARC_G::Methanolacinia,Archaea,4,0.0,0.0,True,129.5,False,False
warning_acid_accumulation,ARC_G::Methanolacinia,Archaea,4,0.0,0.0,True,102.0,False,False
warning_ammonia_toxicity,ARC_G::Methanolacinia,Archaea,4,0.0,0.0,True,173.5,False,False
warning_biogas_quality,ARC_G::Methanolacinia,Archaea,4,,,True,,False,False
warning_acid_base_balance,ARC_G::Methanolinea,Archaea,4,-0.00999999999999999,0.011342617456311996,True,236.0,False,False
warning_buffer_capacity,ARC_G::Methanolinea,Archaea,4,-0.006313131313131312,0.0034469076239802957,True,272.0,False,False
warning_acid_accumulation,ARC_G::Methanolinea,Archaea,4,-0.0013644688644688617,0.0019194932043663444,True,258.0,False,False
warning_ammonia_toxicity,ARC_G::Methanolinea,Archaea,4,0.008333333333333304,0.004936240647992418,True,29.0,False,False
warning_biogas_quality,ARC_G::Methanolinea,Archaea,4,,,True,,False,False
warning_acid_base_balance,ARC_G::Methanolobus,Archaea,4,0.0,0.0,True,104.5,False,False
warning_buffer_capacity,ARC_G::Methanolobus,Archaea,4,0.0,0.0,True,129.5,False,False
warning_acid_accumulation,ARC_G::Methanolobus,Archaea,4,0.0,0.0,True,102.0,False,False
warning_ammonia_toxicity,ARC_G::Methanolobus,Archaea,4,0.0,0.0,True,173.5,False,False
warning_biogas_quality,ARC_G::Methanolobus,Archaea,4,,,True,,False,False
warning_acid_base_balance,ARC_G::Methanomassiliicoccus,Archaea,4,-0.014761904761904745,0.01545159024201976,True,250.0,False,False
warning_buffer_capacity,ARC_G::Methanomassiliicoccus,Archaea,4,0.005991873838236071,0.006707311294810813,True,3.0,True,True
warning_acid_accumulation,ARC_G::Methanomassiliicoccus,Archaea,4,-0.001547619047619042,0.0011651440117371218,True,261.0,False,False
warning_ammonia_toxicity,ARC_G::Methanomassiliicoccus,Archaea,4,-0.00746031746031744,0.012568255255466175,True,272.0,False,False
warning_biogas_quality,ARC_G::Methanomassiliicoccus,Archaea,4,,,True,,False,False
warning_acid_base_balance,ARC_G::Methanomethylovorans,Archaea,4,0.0,0.0,True,104.5,False,False
warning_buffer_capacity,ARC_G::Methanomethylovorans,Archaea,4,-0.00022727272727272735,0.0010163945352271776,True,232.0,False,False
warning_acid_accumulation,ARC_G::Methanomethylovorans,Archaea,4,0.0,0.0,True,102.0,False,False
warning_ammonia_toxicity,ARC_G::Methanomethylovorans,Archaea,4,0.0005555555555555536,0.0024845199749997573,True,70.5,False,False
warning_biogas_quality,ARC_G::Methanomethylovorans,Archaea,4,,,True,,False,False
warning_acid_base_balance,ARC_G::Methanoregula,Archaea,4,0.0,0.0,True,104.5,False,False
warning_buffer_capacity,ARC_G::Methanoregula,Archaea,4,0.0,0.0,True,129.5,False,False
warning_acid_accumulation,ARC_G::Methanoregula,Archaea,4,0.0,0.0,True,102.0,False,False
warning_ammonia_toxicity,ARC_G::Methanoregula,Archaea,4,0.0,0.0,True,173.5,False,False
warning_biogas_quality,ARC_G::Methanoregula,Archaea,4,,,True,,False,False
warning_acid_base_balance,ARC_G::Methanosaeta,Archaea,4,-0.00444444444444444,0.00911980757409025,True,216.5,False,False
warning_buffer_capacity,ARC_G::Methanosaeta,Archaea,4,0.005574631766582237,0.006850058999466254,True,6.0,True,True
warning_acid_accumulation,ARC_G::Methanosaeta,Archaea,4,-0.0003571428571428559,0.0008722560679345759,True,221.5,False,False
warning_ammonia_toxicity,ARC_G::Methanosaeta,Archaea,4,0.009444444444444412,0.004070528317028021,True,24.5,False,False
warning_biogas_quality,ARC_G::Methanosaeta,Archaea,4,,,True,,False,False
warning_acid_base_balance,ARC_G::Methanosarcina,Archaea,4,-0.02924297924297923,0.04025032155247683,True,270.0,False,False
warning_buffer_capacity,ARC_G::Methanosarcina,Archaea,4,-0.0011363636363636367,0.0020193711741787247,True,246.0,False,False
warning_acid_accumulation,ARC_G::Methanosarcina,Archaea,4,-0.012653659549944374,0.00824812399496153,True,276.0,False,False
warning_ammonia_toxicity,ARC_G::Methanosarcina,Archaea,4,0.020422979797979753,0.01007652049113917,True,6.0,True,True
warning_biogas_quality,ARC_G::Methanosarcina,Archaea,4,,,True,,False,False
warning_acid_base_balance,ARC_G::Methanosphaerula,Archaea,4,-0.0033333333333333296,0.008141056634056064,True,209.0,False,False
warning_buffer_capacity,ARC_G::Methanosphaerula,Archaea,4,-0.0004545454545454547,0.0013990613892070289,True,236.5,False,False
warning_acid_accumulation,ARC_G::Methanosphaerula,Archaea,4,-0.0010602734683616984,0.0019174438899170424,True,252.0,False,False
warning_ammonia_toxicity,ARC_G::Methanosphaerula,Archaea,4,0.011666666666666636,0.00647381891807422,True,16.0,False,True
warning_biogas_quality,ARC_G::Methanosphaerula,Archaea,4,,,True,,False,False
warning_acid_base_balance,ARC_G::Methanospirillum,Archaea,4,-0.00555555555555555,0.009872481295984862,True,222.0,False,False
warning_buffer_capacity,ARC_G::Methanospirillum,Archaea,4,-0.005725267379679143,0.004141644468776976,True,267.0,False,False
warning_acid_accumulation,ARC_G::Methanospirillum,Archaea,4,-0.0016246049701932011,0.002476390060000898,True,264.0,False,False
warning_ammonia_toxicity,ARC_G::Methanospirillum,Archaea,4,0.0,0.0,True,173.5,False,False
warning_biogas_quality,ARC_G::Methanospirillum,Archaea,4,,,True,,False,False
warning_acid_base_balance,ARC_G::Micrarchaeales,Archaea,4,0.0,0.0,True,104.5,False,False
warning_buffer_capacity,ARC_G::Micrarchaeales,Archaea,4,-0.0006818181818181821,0.001665216129693288,True,241.5,False,False
warning_acid_accumulation,ARC_G::Micrarchaeales,Archaea,4,-0.00023809523809523725,0.0007328416800608217,True,208.0,False,False
warning_ammonia_toxicity,ARC_G::Micrarchaeales,Archaea,4,0.0,0.0,True,173.5,False,False
warning_biogas_quality,ARC_G::Micrarchaeales,Archaea,4,,,True,,False,False
warning_acid_base_balance,ARC_G::Nitrososphaeraceae,Archaea,4,0.0,0.0,True,104.5,False,False
warning_buffer_capacity,ARC_G::Nitrososphaeraceae,Archaea,4,0.0,0.0,True,129.5,False,False
warning_acid_accumulation,ARC_G::Nitrososphaeraceae,Archaea,4,0.0,0.0,True,102.0,False,False
warning_ammonia_toxicity,ARC_G::Nitrososphaeraceae,Archaea,4,0.0,0.0,True,173.5,False,False
warning_biogas_quality,ARC_G::Nitrososphaeraceae,Archaea,4,,,True,,False,False
warning_acid_base_balance,ARC_G::Rhinosporideacae,Archaea,4,0.002976190476190477,0.013309928437498753,True,13.0,False,True
warning_buffer_capacity,ARC_G::Rhinosporideacae,Archaea,4,-0.003123006379585327,0.00571756796280927,True,255.5,False,False
warning_acid_accumulation,ARC_G::Rhinosporideacae,Archaea,4,0.004326302889576889,0.0030625646666861913,True,1.5,True,True
warning_ammonia_toxicity,ARC_G::Rhinosporideacae,Archaea,4,0.0,0.0,True,173.5,False,False
warning_biogas_quality,ARC_G::Rhinosporideacae,Archaea,4,,,True,,False,False
warning_acid_base_balance,ARC_G::RumEn_M2,Archaea,4,-0.00222222222222222,0.006839855680567687,True,203.0,False,False
warning_buffer_capacity,ARC_G::RumEn_M2,Archaea,4,0.0,0.0,True,129.5,False,False
warning_acid_accumulation,ARC_G::RumEn_M2,Archaea,4,0.0,0.0,True,102.0,False,False
warning_ammonia_toxicity,ARC_G::RumEn_M2,Archaea,4,0.0,0.0,True,173.5,False,False
warning_biogas_quality,ARC_G::RumEn_M2,Archaea,4,,,True,,False,False
warning_acid_base_balance,ARC_G::SCGC_AAA011-D5,Archaea,4,-0.011329365079365068,0.011216142644869094,True,243.5,False,False
warning_buffer_capacity,ARC_G::SCGC_AAA011-D5,Archaea,4,0.0,0.0,True,129.5,False,False
warning_acid_accumulation,ARC_G::SCGC_AAA011-D5,Archaea,4,0.0,0.0,True,102.0,False,False
warning_ammonia_toxicity,ARC_G::SCGC_AAA011-D5,Archaea,4,0.0011111111111111072,0.003419927840283835,True,61.5,False,False
warning_biogas_quality,ARC_G::SCGC_AAA011-D5,Archaea,4,,,True,,False,False
warning_acid_base_balance,ARC_G::Teleostei,Archaea,4,0.0,0.0,True,104.5,False,False
warning_buffer_capacity,ARC_G::Teleostei,Archaea,4,0.0,0.0,True,129.5,False,False
warning_acid_accumulation,ARC_G::Teleostei,Archaea,4,0.0,0.0,True,102.0,False,False
warning_ammonia_toxicity,ARC_G::Teleostei,Archaea,4,0.0,0.0,True,173.5,False,False
warning_biogas_quality,ARC_G::Teleostei,Archaea,4,,,True,,False,False
warning_acid_base_balance,ARC_G::Veneroida,Archaea,4,0.0,0.0,True,104.5,False,False
warning_buffer_capacity,ARC_G::Veneroida,Archaea,4,0.0,0.0,True,129.5,False,False
warning_acid_accumulation,ARC_G::Veneroida,Archaea,4,0.0,0.0,True,102.0,False,False
warning_ammonia_toxicity,ARC_G::Veneroida,Archaea,4,0.0,0.0,True,173.5,False,False
warning_biogas_quality,ARC_G::Veneroida,Archaea,4,,,True,,False,False
warning_acid_base_balance,ARC_G::Woesearchaeales,Archaea,4,0.0,0.0,True,104.5,False,False
warning_buffer_capacity,ARC_G::Woesearchaeales,Archaea,4,0.0,0.0,True,129.5,False,False
warning_acid_accumulation,ARC_G::Woesearchaeales,Archaea,4,0.0,0.0,True,102.0,False,False
warning_ammonia_toxicity,ARC_G::Woesearchaeales,Archaea,4,0.0,0.0,True,173.5,False,False
warning_biogas_quality,ARC_G::Woesearchaeales,Archaea,4,,,True,,False,False
warning_acid_base_balance,ARC_G::unidentified,Archaea,4,-0.01999999999999998,0.006839855680567687,True,260.0,False,False
warning_buffer_capacity,ARC_G::unidentified,Archaea,4,0.0001711972667855041,0.003669756649629807,True,29.0,False,False
warning_acid_accumulation,ARC_G::unidentified,Archaea,4,-0.0005952380952380931,0.0010577658531412328,True,236.0,False,False
warning_ammonia_toxicity,ARC_G::unidentified,Archaea,4,0.0016666666666666607,0.004070528317028021,True,53.0,False,False
warning_biogas_quality,ARC_G::unidentified,Archaea,4,,,True,,False,False
warning_acid_base_balance,Season,Metadata: operation/context,5,-0.0013392857142857095,0.004122234450342122,True,189.5,False,False
warning_buffer_capacity,Season,Metadata: operation/context,5,0.0,0.0,True,114.0,False,False
warning_acid_accumulation,Season,Metadata: operation/context,5,,,True,,False,False
warning_ammonia_toxicity,Season,Metadata: operation/context,5,0.0,0.0,True,101.0,False,False
warning_biogas_quality,Season,Metadata: operation/context,5,-0.012499999999999997,0.022213082915965958,True,269.5,False,False
warning_acid_base_balance,substrate_type,Metadata: substrate,5,0.0,0.0,True,87.0,False,False
warning_buffer_capacity,substrate_type,Metadata: substrate,5,0.0,0.0,True,114.0,False,False
warning_acid_accumulation,substrate_type,Metadata: substrate,5,,,True,,False,False
warning_ammonia_toxicity,substrate_type,Metadata: substrate,5,-0.012380952380952409,0.009321152093897028,True,258.5,False,False
warning_biogas_quality,substrate_type,Metadata: substrate,5,0.0,0.0,True,129.0,False,False
warning_acid_base_balance,HRT_d,Metadata: operation/context,5,-0.018973214285714256,0.009702695671971807,True,267.5,False,False
warning_buffer_capacity,HRT_d,Metadata: operation/context,5,0.0,0.0,True,114.0,False,False
warning_acid_accumulation,HRT_d,Metadata: operation/context,5,,,True,,False,False
warning_ammonia_toxicity,HRT_d,Metadata: operation/context,5,0.0,0.0,True,101.0,False,False
warning_biogas_quality,HRT_d,Metadata: operation/context,5,0.0,0.0,True,129.0,False,False
warning_acid_base_balance,T_C,Metadata: operation/context,5,-0.005580357142857128,0.008675332597468034,True,235.5,False,False
warning_buffer_capacity,T_C,Metadata: operation/context,5,-0.002083333333333333,0.002137454900177404,True,258.5,False,False
warning_acid_accumulation,T_C,Metadata: operation/context,5,,,True,,False,False
warning_ammonia_toxicity,T_C,Metadata: operation/context,5,-0.009523809523809545,0.009771222400811014,True,250.5,False,False
warning_biogas_quality,T_C,Metadata: operation/context,5,0.0,0.0,True,129.0,False,False
warning_acid_base_balance,Q_total_Tpy,Metadata: operation/context,5,-0.0051339285714285645,0.010167249837271176,True,232.5,False,False
warning_buffer_capacity,Q_total_Tpy,Metadata: operation/context,5,-0.0012745098039215683,0.002323299706045296,True,255.0,False,False
warning_acid_accumulation,Q_total_Tpy,Metadata: operation/context,5,,,True,,False,False
warning_ammonia_toxicity,Q_total_Tpy,Metadata: operation/context,5,-0.003809523809523818,0.007816977920648812,True,230.5,False,False
warning_biogas_quality,Q_total_Tpy,Metadata: operation/context,5,-0.012499999999999997,0.022213082915965958,True,269.5,False,False
warning_acid_base_balance,substrate_avg_pH,Metadata: substrate,5,0.0,0.0,True,87.0,False,False
warning_buffer_capacity,substrate_avg_pH,Metadata: substrate,5,-0.0021130952380952377,0.0026087388255506814,True,260.0,False,False
warning_acid_accumulation,substrate_avg_pH,Metadata: substrate,5,,,True,,False,False
warning_ammonia_toxicity,substrate_avg_pH,Metadata: substrate,5,-0.0009523809523809545,0.0042591770999996096,True,199.0,False,False
warning_biogas_quality,substrate_avg_pH,Metadata: substrate,5,-0.019999999999999997,0.025131234497501723,True,271.0,False,False
warning_acid_base_balance,substrate_avg_ALK,Metadata: substrate,5,-0.006919642857142838,0.008747578113499304,True,242.0,False,False
warning_buffer_capacity,substrate_avg_ALK,Metadata: substrate,5,0.0,0.0,True,114.0,False,False
warning_acid_accumulation,substrate_avg_ALK,Metadata: substrate,5,,,True,,False,False
warning_ammonia_toxicity,substrate_avg_ALK,Metadata: substrate,5,-0.015238095238095273,0.007816977920648812,True,263.0,False,False
warning_biogas_quality,substrate_avg_ALK,Metadata: substrate,5,0.0,0.0,True,129.0,False,False
warning_acid_base_balance,substrate_avg_VS,Metadata: substrate,5,-0.004017857142857129,0.006296817133682485,True,221.0,False,False
warning_buffer_capacity,substrate_avg_VS,Metadata: substrate,5,0.0,0.0,True,114.0,False,False
warning_acid_accumulation,substrate_avg_VS,Metadata: substrate,5,,,True,,False,False
warning_ammonia_toxicity,substrate_avg_VS,Metadata: substrate,5,-0.013848484848484882,0.012006848275218557,True,261.0,False,False
warning_biogas_quality,substrate_avg_VS,Metadata: substrate,5,0.0,0.0,True,129.0,False,False
warning_acid_base_balance,substrate_avg_COD,Metadata: substrate,5,-0.010969967532467501,0.011009339749929027,True,259.0,False,False
warning_buffer_capacity,substrate_avg_COD,Metadata: substrate,5,0.0,0.0,True,114.0,False,False
warning_acid_accumulation,substrate_avg_COD,Metadata: substrate,5,,,True,,False,False
warning_ammonia_toxicity,substrate_avg_COD,Metadata: substrate,5,-0.003761904761904772,0.010081302151072792,True,226.0,False,False
warning_biogas_quality,substrate_avg_COD,Metadata: substrate,5,0.0,0.0,True,129.0,False,False
warning_acid_base_balance,substrate_avg_sCOD,Metadata: substrate,5,-0.02270562770562769,0.024378319005182315,True,271.0,False,False
warning_buffer_capacity,substrate_avg_sCOD,Metadata: substrate,5,0.0017483660130718961,0.0030622373406774604,True,5.0,True,True
warning_acid_accumulation,substrate_avg_sCOD,Metadata: substrate,5,,,True,,False,False
warning_ammonia_toxicity,substrate_avg_sCOD,Metadata: substrate,5,-0.0008095238095238155,0.011783441972283263,True,193.5,False,False
warning_biogas_quality,substrate_avg_sCOD,Metadata: substrate,5,0.0,0.0,True,129.0,False,False
warning_acid_base_balance,substrate_avg_TC,Metadata: substrate,5,-0.0020089285714285643,0.004906440382131991,True,198.5,False,False
warning_buffer_capacity,substrate_avg_TC,Metadata: substrate,5,-0.000302287581699346,0.0026092813432012692,True,231.0,False,False
warning_acid_accumulation,substrate_avg_TC,Metadata: substrate,5,,,True,,False,False
warning_ammonia_toxicity,substrate_avg_TC,Metadata: substrate,5,-0.0009523809523809545,0.0042591770999996096,True,199.0,False,False
warning_biogas_quality,substrate_avg_TC,Metadata: substrate,5,-0.004166666666666663,0.022213082915965965,True,257.0,False,False
warning_acid_base_balance,substrate_avg_Protein,Metadata: substrate,5,-0.003794642857142855,0.009852884520691798,True,217.5,False,False
warning_buffer_capacity,substrate_avg_Protein,Metadata: substrate,5,0.0005065359477124185,0.0021458370762565317,True,8.0,True,True
warning_acid_accumulation,substrate_avg_Protein,Metadata: substrate,5,,,True,,False,False
warning_ammonia_toxicity,substrate_avg_Protein,Metadata: substrate,5,-0.0008095238095238155,0.011783441972283263,True,193.5,False,False
warning_biogas_quality,substrate_avg_Protein,Metadata: substrate,5,0.0,0.0,True,129.0,False,False
warning_acid_base_balance,substrate_avg_Lipid,Metadata: substrate,5,-0.0013392857142857095,0.004122234450342122,True,189.5,False,False
warning_buffer_capacity,substrate_avg_Lipid,Metadata: substrate,5,0.0,0.0,True,114.0,False,False
warning_acid_accumulation,substrate_avg_Lipid,Metadata: substrate,5,,,True,,False,False
warning_ammonia_toxicity,substrate_avg_Lipid,Metadata: substrate,5,-0.003809523809523818,0.007816977920648812,True,230.5,False,False
warning_biogas_quality,substrate_avg_Lipid,Metadata: substrate,5,0.0,0.0,True,129.0,False,False
warning_acid_base_balance,substrate_avg_TVFAs,Metadata: substrate,5,-0.0046875,0.01144836089164135,True,229.0,False,False
warning_buffer_capacity,substrate_avg_TVFAs,Metadata: substrate,5,0.0,0.0,True,114.0,False,False
warning_acid_accumulation,substrate_avg_TVFAs,Metadata: substrate,5,,,True,,False,False
warning_ammonia_toxicity,substrate_avg_TVFAs,Metadata: substrate,5,-0.01904761904761909,0.0,True,270.5,False,False
warning_biogas_quality,substrate_avg_TVFAs,Metadata: substrate,5,0.0,0.0,True,129.0,False,False
warning_acid_base_balance,substrate_avg_HAc,Metadata: substrate,5,-0.004017857142857129,0.006296817133682486,True,221.0,False,False
warning_buffer_capacity,substrate_avg_HAc,Metadata: substrate,5,0.0,0.0,True,114.0,False,False
warning_acid_accumulation,substrate_avg_HAc,Metadata: substrate,5,,,True,,False,False
warning_ammonia_toxicity,substrate_avg_HAc,Metadata: substrate,5,-0.016190476190476227,0.006978048543476649,True,265.0,False,False
warning_biogas_quality,substrate_avg_HAc,Metadata: substrate,5,0.0,0.0,True,129.0,False,False
warning_acid_base_balance,substrate_avg_HPro,Metadata: substrate,5,0.0,0.0,True,87.0,False,False
warning_buffer_capacity,substrate_avg_HPro,Metadata: substrate,5,0.0,0.0,True,114.0,False,False
warning_acid_accumulation,substrate_avg_HPro,Metadata: substrate,5,,,True,,False,False
warning_ammonia_toxicity,substrate_avg_HPro,Metadata: substrate,5,0.0,0.0,True,101.0,False,False
warning_biogas_quality,substrate_avg_HPro,Metadata: substrate,5,-0.0024999999999999996,0.011180339887498947,True,252.0,False,False
warning_acid_base_balance,BAC_P::Abditibacteriota,Bacteria,5,0.0,0.0,True,87.0,False,False
warning_buffer_capacity,BAC_P::Abditibacteriota,Bacteria,5,0.0,0.0,True,114.0,False,False
warning_acid_accumulation,BAC_P::Abditibacteriota,Bacteria,5,,,True,,False,False
warning_ammonia_toxicity,BAC_P::Abditibacteriota,Bacteria,5,0.0,0.0,True,101.0,False,False
warning_biogas_quality,BAC_P::Abditibacteriota,Bacteria,5,0.0,0.0,True,129.0,False,False
warning_acid_base_balance,BAC_P::Acetothermia,Bacteria,5,0.0,0.0,False,87.0,False,False
warning_buffer_capacity,BAC_P::Acetothermia,Bacteria,5,0.0,0.0,False,114.0,False,False
warning_acid_accumulation,BAC_P::Acetothermia,Bacteria,5,,,False,,False,False
warning_ammonia_toxicity,BAC_P::Acetothermia,Bacteria,5,0.0,0.0,False,101.0,False,False
warning_biogas_quality,BAC_P::Acetothermia,Bacteria,5,0.0,0.0,False,129.0,False,False
warning_acid_base_balance,BAC_P::Acidobacteriota,Bacteria,5,-0.006249999999999983,0.00873858008802843,True,238.5,False,False
warning_buffer_capacity,BAC_P::Acidobacteriota,Bacteria,5,-0.007529761904761902,0.0026286776135430205,True,273.0,False,False
warning_acid_accumulation,BAC_P::Acidobacteriota,Bacteria,5,,,True,,False,False
warning_ammonia_toxicity,BAC_P::Acidobacteriota,Bacteria,5,0.0,0.0,True,101.0,False,False
warning_biogas_quality,BAC_P::Acidobacteriota,Bacteria,5,0.0,0.0,True,129.0,False,False
warning_acid_base_balance,BAC_P::Actinobacteriota,Bacteria,5,0.0,0.0,True,87.0,False,False
warning_buffer_capacity,BAC_P::Actinobacteriota,Bacteria,5,0.0,0.0,True,114.0,False,False
warning_acid_accumulation,BAC_P::Actinobacteriota,Bacteria,5,,,True,,False,False
warning_ammonia_toxicity,BAC_P::Actinobacteriota,Bacteria,5,0.0,0.0,True,101.0,False,False
warning_biogas_quality,BAC_P::Actinobacteriota,Bacteria,5,0.0,0.0,True,129.0,False,False
warning_acid_base_balance,BAC_P::Armatimonadota,Bacteria,5,0.0,0.0,True,87.0,False,False
warning_buffer_capacity,BAC_P::Armatimonadota,Bacteria,5,0.0,0.0,True,114.0,False,False
warning_acid_accumulation,BAC_P::Armatimonadota,Bacteria,5,,,True,,False,False
warning_ammonia_toxicity,BAC_P::Armatimonadota,Bacteria,5,0.0,0.0,True,101.0,False,False
warning_biogas_quality,BAC_P::Armatimonadota,Bacteria,5,0.0,0.0,True,129.0,False,False
warning_acid_base_balance,BAC_P::Bacteroidota,Bacteria,5,-0.01315205627705623,0.011360987726892922,True,260.0,False,False
warning_buffer_capacity,BAC_P::Bacteroidota,Bacteria,5,0.0,0.0,True,114.0,False,False
warning_acid_accumulation,BAC_P::Bacteroidota,Bacteria,5,,,True,,False,False
warning_ammonia_toxicity,BAC_P::Bacteroidota,Bacteria,5,-0.005714285714285727,0.00895547325679292,True,237.0,False,False
warning_biogas_quality,BAC_P::Bacteroidota,Bacteria,5,-0.0024999999999999996,0.011180339887498947,True,252.0,False,False
warning_acid_base_balance,BAC_P::Bdellovibrionota,Bacteria,5,0.0,0.0,True,87.0,False,False
warning_buffer_capacity,BAC_P::Bdellovibrionota,Bacteria,5,0.0,0.0,True,114.0,False,False
warning_acid_accumulation,BAC_P::Bdellovibrionota,Bacteria,5,,,True,,False,False
warning_ammonia_toxicity,BAC_P::Bdellovibrionota,Bacteria,5,0.0,0.0,True,101.0,False,False
warning_biogas_quality,BAC_P::Bdellovibrionota,Bacteria,5,0.0,0.0,True,129.0,False,False
warning_acid_base_balance,BAC_P::Caldatribacteriota,Bacteria,5,-0.0006696428571428548,0.0029947338984372077,True,179.5,False,False
warning_buffer_capacity,BAC_P::Caldatribacteriota,Bacteria,5,0.0,0.0,True,114.0,False,False
warning_acid_accumulation,BAC_P::Caldatribacteriota,Bacteria,5,,,True,,False,False
warning_ammonia_toxicity,BAC_P::Caldatribacteriota,Bacteria,5,0.0,0.0,True,101.0,False,False
warning_biogas_quality,BAC_P::Caldatribacteriota,Bacteria,5,0.0,0.0,True,129.0,False,False
warning_acid_base_balance,BAC_P::Caldisericota,Bacteria,5,-0.006704545454545435,0.009345067327366362,True,240.5,False,False
warning_buffer_capacity,BAC_P::Caldisericota,Bacteria,5,-0.0038095238095238087,0.0024305608834954296,True,268.0,False,False
warning_acid_accumulation,BAC_P::Caldisericota,Bacteria,5,,,True,,False,False
warning_ammonia_toxicity,BAC_P::Caldisericota,Bacteria,5,0.0,0.0,True,101.0,False,False
warning_biogas_quality,BAC_P::Caldisericota,Bacteria,5,0.0,0.0,True,129.0,False,False
warning_acid_base_balance,BAC_P::Campilobacterota,Bacteria,5,0.0,0.0,True,87.0,False,False
warning_buffer_capacity,BAC_P::Campilobacterota,Bacteria,5,0.0,0.0,True,114.0,False,False
warning_acid_accumulation,BAC_P::Campilobacterota,Bacteria,5,,,True,,False,False
warning_ammonia_toxicity,BAC_P::Campilobacterota,Bacteria,5,0.0,0.0,True,101.0,False,False
warning_biogas_quality,BAC_P::Campilobacterota,Bacteria,5,0.0,0.0,True,129.0,False,False
warning_acid_base_balance,BAC_P::Chloroflexi,Bacteria,5,-0.002678571428571419,0.005496312600456163,True,208.5,False,False
warning_buffer_capacity,BAC_P::Chloroflexi,Bacteria,5,-0.0003104575163398682,0.00752033964261236,True,232.0,False,False
warning_acid_accumulation,BAC_P::Chloroflexi,Bacteria,5,,,True,,False,False
warning_ammonia_toxicity,BAC_P::Chloroflexi,Bacteria,5,-0.006666666666666682,0.009321152093897028,True,241.0,False,False
warning_biogas_quality,BAC_P::Chloroflexi,Bacteria,5,-0.004166666666666659,0.030528962377710273,True,256.0,False,False
warning_acid_base_balance,BAC_P::Cloacimonadota,Bacteria,5,-0.005580357142857128,0.008675332597468036,True,235.5,False,False
warning_buffer_capacity,BAC_P::Cloacimonadota,Bacteria,5,-0.0010416666666666664,0.001851090242997163,True,251.0,False,False
warning_acid_accumulation,BAC_P::Cloacimonadota,Bacteria,5,,,True,,False,False
warning_ammonia_toxicity,BAC_P::Cloacimonadota,Bacteria,5,-0.0104761904761905,0.009722243533981744,True,253.5,False,False
warning_biogas_quality,BAC_P::Cloacimonadota,Bacteria,5,-0.007499999999999998,0.018317377426626157,True,265.0,False,False
warning_acid_base_balance,BAC_P::Coprothermobacterota,Bacteria,5,-0.0019426406926406792,0.00586596060548297,True,195.0,False,False
warning_buffer_capacity,BAC_P::Coprothermobacterota,Bacteria,5,-0.0006249999999999999,0.001526448118885513,True,245.5,False,False
warning_acid_accumulation,BAC_P::Coprothermobacterota,Bacteria,5,,,True,,False,False
warning_ammonia_toxicity,BAC_P::Coprothermobacterota,Bacteria,5,0.0,0.0,True,101.0,False,False
warning_biogas_quality,BAC_P::Coprothermobacterota,Bacteria,5,0.002857142857142858,0.012777531299998805,True,7.5,True,True
warning_acid_base_balance,BAC_P::Cyanobacteria,Bacteria,5,0.0,0.0,True,87.0,False,False
warning_buffer_capacity,BAC_P::Cyanobacteria,Bacteria,5,0.0,0.0,True,114.0,False,False
warning_acid_accumulation,BAC_P::Cyanobacteria,Bacteria,5,,,True,,False,False
warning_ammonia_toxicity,BAC_P::Cyanobacteria,Bacteria,5,0.0,0.0,True,101.0,False,False
warning_biogas_quality,BAC_P::Cyanobacteria,Bacteria,5,0.0,0.0,True,129.0,False,False
warning_acid_base_balance,BAC_P::Deinococcota,Bacteria,5,0.0,0.0,True,87.0,False,False
warning_buffer_capacity,BAC_P::Deinococcota,Bacteria,5,0.0,0.0,True,114.0,False,False
warning_acid_accumulation,BAC_P::Deinococcota,Bacteria,5,,,True,,False,False
warning_ammonia_toxicity,BAC_P::Deinococcota,Bacteria,5,0.0,0.0,True,101.0,False,False
warning_biogas_quality,BAC_P::Deinococcota,Bacteria,5,0.0,0.0,True,129.0,False,False
warning_acid_base_balance,BAC_P::Dependentiae,Bacteria,5,0.0,0.0,True,87.0,False,False
warning_buffer_capacity,BAC_P::Dependentiae,Bacteria,5,0.0,0.0,True,114.0,False,False
warning_acid_accumulation,BAC_P::Dependentiae,Bacteria,5,,,True,,False,False
warning_ammonia_toxicity,BAC_P::Dependentiae,Bacteria,5,0.0,0.0,True,101.0,False,False
warning_biogas_quality,BAC_P::Dependentiae,Bacteria,5,0.0,0.0,True,129.0,False,False
warning_acid_base_balance,BAC_P::Desulfobacterota,Bacteria,5,-0.004241071428571419,0.008380124520337947,True,225.5,False,False
warning_buffer_capacity,BAC_P::Desulfobacterota,Bacteria,5,0.0008292483660130724,0.0028834289749125855,True,6.0,True,True
warning_acid_accumulation,BAC_P::Desulfobacterota,Bacteria,5,,,True,,False,False
warning_ammonia_toxicity,BAC_P::Desulfobacterota,Bacteria,5,-0.0028571428571428636,0.006978048543476649,True,222.5,False,False
warning_biogas_quality,BAC_P::Desulfobacterota,Bacteria,5,0.0,0.0,True,129.0,False,False
warning_acid_base_balance,BAC_P::Elusimicrobiota,Bacteria,5,0.0,0.0,True,87.0,False,False
warning_buffer_capacity,BAC_P::Elusimicrobiota,Bacteria,5,0.0,0.0,True,114.0,False,False
warning_acid_accumulation,BAC_P::Elusimicrobiota,Bacteria,5,,,True,,False,False
warning_ammonia_toxicity,BAC_P::Elusimicrobiota,Bacteria,5,0.0,0.0,True,101.0,False,False
warning_biogas_quality,BAC_P::Elusimicrobiota,Bacteria,5,0.0,0.0,True,129.0,False,False
warning_acid_base_balance,BAC_P::Fermentibacterota,Bacteria,5,0.0,0.0,True,87.0,False,False
warning_buffer_capacity,BAC_P::Fermentibacterota,Bacteria,5,0.0,0.0,True,114.0,False,False
warning_acid_accumulation,BAC_P::Fermentibacterota,Bacteria,5,,,True,,False,False
warning_ammonia_toxicity,BAC_P::Fermentibacterota,Bacteria,5,0.0,0.0,True,101.0,False,False
warning_biogas_quality,BAC_P::Fermentibacterota,Bacteria,5,0.0,0.0,True,129.0,False,False
warning_acid_base_balance,BAC_P::Fibrobacterota,Bacteria,5,0.0,0.0,True,87.0,False,False
warning_buffer_capacity,BAC_P::Fibrobacterota,Bacteria,5,0.0,0.0,True,114.0,False,False
warning_acid_accumulation,BAC_P::Fibrobacterota,Bacteria,5,,,True,,False,False
warning_ammonia_toxicity,BAC_P::Fibrobacterota,Bacteria,5,0.0,0.0,True,101.0,False,False
warning_biogas_quality,BAC_P::Fibrobacterota,Bacteria,5,0.0,0.0,True,129.0,False,False
warning_acid_base_balance,BAC_P::Firmicutes,Bacteria,5,-0.009598214285714274,0.012482785541771011,True,256.0,False,False
warning_buffer_capacity,BAC_P::Firmicutes,Bacteria,5,0.0,0.0,True,114.0,False,False
warning_acid_accumulation,BAC_P::Firmicutes,Bacteria,5,,,True,,False,False
warning_ammonia_toxicity,BAC_P::Firmicutes,Bacteria,5,-0.011333333333333362,0.013199832914564932,True,256.0,False,False
warning_biogas_quality,BAC_P::Firmicutes,Bacteria,5,-0.007499999999999998,0.018317377426626157,True,265.0,False,False
warning_acid_base_balance,BAC_P::Fusobacteriota,Bacteria,5,0.0,0.0,True,87.0,False,False
warning_buffer_capacity,BAC_P::Fusobacteriota,Bacteria,5,0.0,0.0,True,114.0,False,False
warning_acid_accumulation,BAC_P::Fusobacteriota,Bacteria,5,,,True,,False,False
warning_ammonia_toxicity,BAC_P::Fusobacteriota,Bacteria,5,0.0,0.0,True,101.0,False,False
warning_biogas_quality,BAC_P::Fusobacteriota,Bacteria,5,0.0,0.0,True,129.0,False,False
warning_acid_base_balance,BAC_P::Halanaerobiaeota,Bacteria,5,0.0,0.0,False,87.0,False,False
warning_buffer_capacity,BAC_P::Halanaerobiaeota,Bacteria,5,0.0,0.0,False,114.0,False,False
warning_acid_accumulation,BAC_P::Halanaerobiaeota,Bacteria,5,,,False,,False,False
warning_ammonia_toxicity,BAC_P::Halanaerobiaeota,Bacteria,5,0.0,0.0,False,101.0,False,False
warning_biogas_quality,BAC_P::Halanaerobiaeota,Bacteria,5,0.0,0.0,False,129.0,False,False
warning_acid_base_balance,BAC_P::Marinimicrobia_(SAR406_clade),Bacteria,5,0.0,0.0,True,87.0,False,False
warning_buffer_capacity,BAC_P::Marinimicrobia_(SAR406_clade),Bacteria,5,0.0,0.0,True,114.0,False,False
warning_acid_accumulation,BAC_P::Marinimicrobia_(SAR406_clade),Bacteria,5,,,True,,False,False
warning_ammonia_toxicity,BAC_P::Marinimicrobia_(SAR406_clade),Bacteria,5,0.0,0.0,True,101.0,False,False
warning_biogas_quality,BAC_P::Marinimicrobia_(SAR406_clade),Bacteria,5,0.0,0.0,True,129.0,False,False
warning_acid_base_balance,BAC_P::Patescibacteria,Bacteria,5,-0.013392857142857113,0.00938674076853298,True,261.0,False,False
warning_buffer_capacity,BAC_P::Patescibacteria,Bacteria,5,-0.0004166666666666666,0.0012824729401064423,True,237.5,False,False
warning_acid_accumulation,BAC_P::Patescibacteria,Bacteria,5,,,True,,False,False
warning_ammonia_toxicity,BAC_P::Patescibacteria,Bacteria,5,-0.02240909090909097,0.035511126428918384,True,274.0,False,False
warning_biogas_quality,BAC_P::Patescibacteria,Bacteria,5,0.0036904761904761932,0.03372023049127588,True,3.0,True,True
warning_acid_base_balance,BAC_P::Planctomycetota,Bacteria,5,-0.0006696428571428548,0.0029947338984372077,True,179.5,False,False
warning_buffer_capacity,BAC_P::Planctomycetota,Bacteria,5,0.0,0.0,True,114.0,False,False
warning_acid_accumulation,BAC_P::Planctomycetota,Bacteria,5,,,True,,False,False
warning_ammonia_toxicity,BAC_P::Planctomycetota,Bacteria,5,0.0,0.0,True,101.0,False,False
warning_biogas_quality,BAC_P::Planctomycetota,Bacteria,5,0.0,0.0,True,129.0,False,False
warning_acid_base_balance,BAC_P::Proteobacteria,Bacteria,5,0.0,0.0,True,87.0,False,False
warning_buffer_capacity,BAC_P::Proteobacteria,Bacteria,5,-0.001071428571428571,0.0023934509045239736,True,252.5,False,False
warning_acid_accumulation,BAC_P::Proteobacteria,Bacteria,5,,,True,,False,False
warning_ammonia_toxicity,BAC_P::Proteobacteria,Bacteria,5,-0.005714285714285727,0.00895547325679292,True,237.0,False,False
warning_biogas_quality,BAC_P::Proteobacteria,Bacteria,5,0.0,0.0,True,129.0,False,False
warning_acid_base_balance,BAC_P::Spirochaetota,Bacteria,5,0.0,0.0,True,87.0,False,False
warning_buffer_capacity,BAC_P::Spirochaetota,Bacteria,5,0.014255481837003578,0.009646412683999251,True,1.0,True,True
warning_acid_accumulation,BAC_P::Spirochaetota,Bacteria,5,,,True,,False,False
warning_ammonia_toxicity,BAC_P::Spirochaetota,Bacteria,5,-0.0009523809523809545,0.0042591770999996096,True,199.0,False,False
warning_biogas_quality,BAC_P::Spirochaetota,Bacteria,5,0.0,0.0,True,129.0,False,False
warning_acid_base_balance,BAC_P::Synergistota,Bacteria,5,0.0,0.0,True,87.0,False,False
warning_buffer_capacity,BAC_P::Synergistota,Bacteria,5,0.0,0.0,True,114.0,False,False
warning_acid_accumulation,BAC_P::Synergistota,Bacteria,5,,,True,,False,False
warning_ammonia_toxicity,BAC_P::Synergistota,Bacteria,5,-0.001904761904761909,0.0058627334404866074,True,210.5,False,False
warning_biogas_quality,BAC_P::Synergistota,Bacteria,5,-0.004999999999999999,0.015389675281277307,True,260.0,False,False
warning_acid_base_balance,BAC_P::Thermotogota,Bacteria,5,-0.0029017857142857096,0.007836797608130854,True,213.0,False,False
warning_buffer_capacity,BAC_P::Thermotogota,Bacteria,5,-0.0004166666666666666,0.0012824729401064423,True,237.5,False,False
warning_acid_accumulation,BAC_P::Thermotogota,Bacteria,5,,,True,,False,False
warning_ammonia_toxicity,BAC_P::Thermotogota,Bacteria,5,-0.003809523809523818,0.00781697792064881,True,230.5,False,False
warning_biogas_quality,BAC_P::Thermotogota,Bacteria,5,0.0,0.0,True,129.0,False,False
warning_acid_base_balance,BAC_P::Verrucomicrobiota,Bacteria,5,-0.002678571428571419,0.005496312600456163,True,208.5,False,False
warning_buffer_capacity,BAC_P::Verrucomicrobiota,Bacteria,5,0.0,0.0,True,114.0,False,False
warning_acid_accumulation,BAC_P::Verrucomicrobiota,Bacteria,5,,,True,,False,False
warning_ammonia_toxicity,BAC_P::Verrucomicrobiota,Bacteria,5,0.0,0.0,True,101.0,False,False
warning_biogas_quality,BAC_P::Verrucomicrobiota,Bacteria,5,0.0,0.0,True,129.0,False,False
warning_acid_base_balance,BAC_P::WS1,Bacteria,5,-0.002651515151515149,0.02174799107946434,True,205.0,False,False
warning_buffer_capacity,BAC_P::WS1,Bacteria,5,-0.0002083333333333333,0.000931694990624912,True,222.5,False,False
warning_acid_accumulation,BAC_P::WS1,Bacteria,5,,,True,,False,False
warning_ammonia_toxicity,BAC_P::WS1,Bacteria,5,-0.03022402597402605,0.03735991674347441,True,276.0,False,False
warning_biogas_quality,BAC_P::WS1,Bacteria,5,0.0,0.0,True,129.0,False,False
warning_acid_base_balance,BAC_P::unidentified,Bacteria,5,-0.0020089285714285643,0.004906440382131991,True,198.5,False,False
warning_buffer_capacity,BAC_P::unidentified,Bacteria,5,-0.0002083333333333333,0.0009316949906249119,True,222.5,False,False
warning_acid_accumulation,BAC_P::unidentified,Bacteria,5,,,True,,False,False
warning_ammonia_toxicity,BAC_P::unidentified,Bacteria,5,-0.0028571428571428636,0.006978048543476649,True,222.5,False,False
warning_biogas_quality,BAC_P::unidentified,Bacteria,5,0.0,0.0,True,129.0,False,False
warning_acid_base_balance,BAC_G::009E01-B-SD-P15,Bacteria,5,-0.00870535714285713,0.011448360891641345,True,250.0,False,False
warning_buffer_capacity,BAC_G::009E01-B-SD-P15,Bacteria,5,-0.0033333333333333327,0.001709963920141923,True,264.0,False,False
warning_acid_accumulation,BAC_G::009E01-B-SD-P15,Bacteria,5,,,True,,False,False
warning_ammonia_toxicity,BAC_G::009E01-B-SD-P15,Bacteria,5,0.0,0.0,True,101.0,False,False
warning_biogas_quality,BAC_G::009E01-B-SD-P15,Bacteria,5,0.0,0.0,True,129.0,False,False
warning_acid_base_balance,BAC_G::113B434,Bacteria,5,0.0,0.0,True,87.0,False,False
warning_buffer_capacity,BAC_G::113B434,Bacteria,5,0.0,0.0,True,114.0,False,False
warning_acid_accumulation,BAC_G::113B434,Bacteria,5,,,True,,False,False
warning_ammonia_toxicity,BAC_G::113B434,Bacteria,5,0.0,0.0,True,101.0,False,False
warning_biogas_quality,BAC_G::113B434,Bacteria,5,0.0,0.0,True,129.0,False,False
warning_acid_base_balance,BAC_G::AAP99,Bacteria,5,0.0,0.0,True,87.0,False,False
warning_buffer_capacity,BAC_G::AAP99,Bacteria,5,0.0,0.0,True,114.0,False,False
warning_acid_accumulation,BAC_G::AAP99,Bacteria,5,,,True,,False,False
warning_ammonia_toxicity,BAC_G::AAP99,Bacteria,5,0.0,0.0,True,101.0,False,False
warning_biogas_quality,BAC_G::AAP99,Bacteria,5,0.0,0.0,True,129.0,False,False
warning_acid_base_balance,BAC_G::ADurb.Bin063-1,Bacteria,5,-0.002678571428571419,0.005496312600456163,True,208.5,False,False
warning_buffer_capacity,BAC_G::ADurb.Bin063-1,Bacteria,5,-0.003958333333333333,0.0009316949906249119,True,270.5,False,False
warning_acid_accumulation,BAC_G::ADurb.Bin063-1,Bacteria,5,,,True,,False,False
warning_ammonia_toxicity,BAC_G::ADurb.Bin063-1,Bacteria,5,0.0,0.0,True,101.0,False,False
warning_biogas_quality,BAC_G::ADurb.Bin063-1,Bacteria,5,0.0,0.0,True,129.0,False,False
warning_acid_base_balance,BAC_G::ADurb.Bin120,Bacteria,5,0.0,0.0,True,87.0,False,False
warning_buffer_capacity,BAC_G::ADurb.Bin120,Bacteria,5,0.0,0.0,True,114.0,False,False
warning_acid_accumulation,BAC_G::ADurb.Bin120,Bacteria,5,,,True,,False,False
warning_ammonia_toxicity,BAC_G::ADurb.Bin120,Bacteria,5,0.0,0.0,True,101.0,False,False
warning_biogas_quality,BAC_G::ADurb.Bin120,Bacteria,5,0.0,0.0,True,129.0,False,False
warning_acid_base_balance,BAC_G::AKYH767,Bacteria,5,0.0,0.0,True,87.0,False,False
warning_buffer_capacity,BAC_G::AKYH767,Bacteria,5,0.0,0.0,True,114.0,False,False
warning_acid_accumulation,BAC_G::AKYH767,Bacteria,5,,,True,,False,False
warning_ammonia_toxicity,BAC_G::AKYH767,Bacteria,5,0.0,0.0,True,101.0,False,False
warning_biogas_quality,BAC_G::AKYH767,Bacteria,5,0.0,0.0,True,129.0,False,False
warning_acid_base_balance,BAC_G::AUTHM297,Bacteria,5,0.0,0.0,True,87.0,False,False
warning_buffer_capacity,BAC_G::AUTHM297,Bacteria,5,0.0,0.0,True,114.0,False,False
warning_acid_accumulation,BAC_G::AUTHM297,Bacteria,5,,,True,,False,False
warning_ammonia_toxicity,BAC_G::AUTHM297,Bacteria,5,0.0,0.0,True,101.0,False,False
warning_biogas_quality,BAC_G::AUTHM297,Bacteria,5,0.0,0.0,True,129.0,False,False
warning_acid_base_balance,BAC_G::Acetobacter,Bacteria,5,0.0,0.0,True,87.0,False,False
warning_buffer_capacity,BAC_G::Acetobacter,Bacteria,5,0.0,0.0,True,114.0,False,False
warning_acid_accumulation,BAC_G::Acetobacter,Bacteria,5,,,True,,False,False
warning_ammonia_toxicity,BAC_G::Acetobacter,Bacteria,5,0.0,0.0,True,101.0,False,False
warning_biogas_quality,BAC_G::Acetobacter,Bacteria,5,0.0,0.0,True,129.0,False,False
warning_acid_base_balance,BAC_G::Acetomicrobium,Bacteria,5,-0.006249999999999983,0.00873858008802843,True,238.5,False,False
warning_buffer_capacity,BAC_G::Acetomicrobium,Bacteria,5,0.0,0.0,True,114.0,False,False
warning_acid_accumulation,BAC_G::Acetomicrobium,Bacteria,5,,,True,,False,False
warning_ammonia_toxicity,BAC_G::Acetomicrobium,Bacteria,5,-0.001904761904761909,0.005862733440486608,True,210.5,False,False
warning_biogas_quality,BAC_G::Acetomicrobium,Bacteria,5,0.0,0.0,True,129.0,False,False
warning_acid_base_balance,BAC_G::Acetothermiia,Bacteria,5,0.0,0.0,False,87.0,False,False
warning_buffer_capacity,BAC_G::Acetothermiia,Bacteria,5,0.0,0.0,False,114.0,False,False
warning_acid_accumulation,BAC_G::Acetothermiia,Bacteria,5,,,False,,False,False
warning_ammonia_toxicity,BAC_G::Acetothermiia,Bacteria,5,0.0,0.0,False,101.0,False,False
warning_biogas_quality,BAC_G::Acetothermiia,Bacteria,5,0.0,0.0,False,129.0,False,False
warning_acid_base_balance,BAC_G::Acholeplasma,Bacteria,5,-0.0013392857142857095,0.004122234450342123,True,189.5,False,False
warning_buffer_capacity,BAC_G::Acholeplasma,Bacteria,5,0.0,0.0,True,114.0,False,False
warning_acid_accumulation,BAC_G::Acholeplasma,Bacteria,5,,,True,,False,False
warning_ammonia_toxicity,BAC_G::Acholeplasma,Bacteria,5,-0.006993506493506524,0.011170989942929387,True,244.0,False,False
warning_biogas_quality,BAC_G::Acholeplasma,Bacteria,5,0.0016666666666666676,0.007453559924999302,True,11.0,False,True
warning_acid_base_balance,BAC_G::Acidovorax,Bacteria,5,0.0,0.0,True,87.0,False,False
warning_buffer_capacity,BAC_G::Acidovorax,Bacteria,5,0.0,0.0,True,114.0,False,False
warning_acid_accumulation,BAC_G::Acidovorax,Bacteria,5,,,True,,False,False
warning_ammonia_toxicity,BAC_G::Acidovorax,Bacteria,5,0.0,0.0,True,101.0,False,False
warning_biogas_quality,BAC_G::Acidovorax,Bacteria,5,0.0,0.0,True,129.0,False,False
warning_acid_base_balance,BAC_G::Acinetobacter,Bacteria,5,0.0,0.0,True,87.0,False,False
warning_buffer_capacity,BAC_G::Acinetobacter,Bacteria,5,0.0,0.0,True,114.0,False,False
warning_acid_accumulation,BAC_G::Acinetobacter,Bacteria,5,,,True,,False,False
warning_ammonia_toxicity,BAC_G::Acinetobacter,Bacteria,5,0.0,0.0,True,101.0,False,False
warning_biogas_quality,BAC_G::Acinetobacter,Bacteria,5,0.0,0.0,True,129.0,False,False
warning_acid_base_balance,BAC_G::Actinomyces,Bacteria,5,0.0,0.0,True,87.0,False,False
warning_buffer_capacity,BAC_G::Actinomyces,Bacteria,5,0.0,0.0,True,114.0,False,False
warning_acid_accumulation,BAC_G::Actinomyces,Bacteria,5,,,True,,False,False
warning_ammonia_toxicity,BAC_G::Actinomyces,Bacteria,5,0.0,0.0,True,101.0,False,False
warning_biogas_quality,BAC_G::Actinomyces,Bacteria,5,0.0,0.0,True,129.0,False,False
warning_acid_base_balance,BAC_G::Aeriscardovia,Bacteria,5,0.0,0.0,True,87.0,False,False
warning_buffer_capacity,BAC_G::Aeriscardovia,Bacteria,5,0.0,0.0,True,114.0,False,False
warning_acid_accumulation,BAC_G::Aeriscardovia,Bacteria,5,,,True,,False,False
warning_ammonia_toxicity,BAC_G::Aeriscardovia,Bacteria,5,0.0,0.0,True,101.0,False,False
warning_biogas_quality,BAC_G::Aeriscardovia,Bacteria,5,0.0,0.0,True,129.0,False,False
warning_acid_base_balance,BAC_G::Alkaliphilus,Bacteria,5,0.0,0.0,True,87.0,False,False
warning_buffer_capacity,BAC_G::Alkaliphilus,Bacteria,5,0.0,0.0,True,114.0,False,False
warning_acid_accumulation,BAC_G::Alkaliphilus,Bacteria,5,,,True,,False,False
warning_ammonia_toxicity,BAC_G::Alkaliphilus,Bacteria,5,-0.018095238095238136,0.004259177099999609,True,266.0,False,False
warning_biogas_quality,BAC_G::Alkaliphilus,Bacteria,5,-0.009999999999999998,0.020519567041703077,True,267.5,False,False
warning_acid_base_balance,BAC_G::Aminicenantales,Bacteria,5,-0.009880501443001417,0.011147367210245044,True,258.0,False,False
warning_buffer_capacity,BAC_G::Aminicenantales,Bacteria,5,-0.009581043956043953,0.0031785741779475074,True,275.0,False,False
warning_acid_accumulation,BAC_G::Aminicenantales,Bacteria,5,,,True,,False,False
warning_ammonia_toxicity,BAC_G::Aminicenantales,Bacteria,5,0.0,0.0,True,101.0,False,False
warning_biogas_quality,BAC_G::Aminicenantales,Bacteria,5,0.0,0.0,True,129.0,False,False
warning_acid_base_balance,BAC_G::Aminobacterium,Bacteria,5,-0.015641233766233727,0.00852104270042421,True,263.0,False,False
warning_buffer_capacity,BAC_G::Aminobacterium,Bacteria,5,-0.004255952380952379,0.002512611405670212,True,272.0,False,False
warning_acid_accumulation,BAC_G::Aminobacterium,Bacteria,5,,,True,,False,False
warning_ammonia_toxicity,BAC_G::Aminobacterium,Bacteria,5,-0.0073152958152959136,0.04438235360720701,True,245.0,False,False
warning_biogas_quality,BAC_G::Aminobacterium,Bacteria,5,0.0,0.0,True,129.0,False,False
warning_acid_base_balance,BAC_G::Anaerococcus,Bacteria,5,0.0,0.0,True,87.0,False,False
warning_buffer_capacity,BAC_G::Anaerococcus,Bacteria,5,0.0,0.0,True,114.0,False,False
warning_acid_accumulation,BAC_G::Anaerococcus,Bacteria,5,,,True,,False,False
warning_ammonia_toxicity,BAC_G::Anaerococcus,Bacteria,5,0.0,0.0,True,101.0,False,False
warning_biogas_quality,BAC_G::Anaerococcus,Bacteria,5,0.0,0.0,True,129.0,False,False
warning_acid_base_balance,BAC_G::Anaerofustis,Bacteria,5,0.0,0.0,True,87.0,False,False
warning_buffer_capacity,BAC_G::Anaerofustis,Bacteria,5,0.0,0.0,True,114.0,False,False
warning_acid_accumulation,BAC_G::Anaerofustis,Bacteria,5,,,True,,False,False
warning_ammonia_toxicity,BAC_G::Anaerofustis,Bacteria,5,0.0,0.0,True,101.0,False,False
warning_biogas_quality,BAC_G::Anaerofustis,Bacteria,5,0.0,0.0,True,129.0,False,False
warning_acid_base_balance,BAC_G::Anaerostignum,Bacteria,5,0.0,0.0,True,87.0,False,False
warning_buffer_capacity,BAC_G::Anaerostignum,Bacteria,5,0.0,0.0,True,114.0,False,False
warning_acid_accumulation,BAC_G::Anaerostignum,Bacteria,5,,,True,,False,False
warning_ammonia_toxicity,BAC_G::Anaerostignum,Bacteria,5,0.0,0.0,True,101.0,False,False
warning_biogas_quality,BAC_G::Anaerostignum,Bacteria,5,0.0,0.0,True,129.0,False,False
warning_acid_base_balance,BAC_G::Anaerovorax,Bacteria,5,-0.051079545454545475,0.017586025588468255,True,276.0,False,False
warning_buffer_capacity,BAC_G::Anaerovorax,Bacteria,5,0.002736928104575164,0.0019751544572484056,True,3.0,True,True
warning_acid_accumulation,BAC_G::Anaerovorax,Bacteria,5,,,True,,False,False
warning_ammonia_toxicity,BAC_G::Anaerovorax,Bacteria,5,0.016000000000000014,0.00820782681668124,True,4.0,True,True
warning_biogas_quality,BAC_G::Anaerovorax,Bacteria,5,0.0,0.0,True,129.0,False,False
warning_acid_base_balance,BAC_G::Arenimonas,Bacteria,5,0.0,0.0,True,87.0,False,False
warning_buffer_capacity,BAC_G::Arenimonas,Bacteria,5,0.0,0.0,True,114.0,False,False
warning_acid_accumulation,BAC_G::Arenimonas,Bacteria,5,,,True,,False,False
warning_ammonia_toxicity,BAC_G::Arenimonas,Bacteria,5,0.0,0.0,True,101.0,False,False
warning_biogas_quality,BAC_G::Arenimonas,Bacteria,5,0.0,0.0,True,129.0,False,False
warning_acid_base_balance,BAC_G::Atopobium,Bacteria,5,0.0,0.0,True,87.0,False,False
warning_buffer_capacity,BAC_G::Atopobium,Bacteria,5,0.0,0.0,True,114.0,False,False
warning_acid_accumulation,BAC_G::Atopobium,Bacteria,5,,,True,,False,False
warning_ammonia_toxicity,BAC_G::Atopobium,Bacteria,5,0.0,0.0,True,101.0,False,False
warning_biogas_quality,BAC_G::Atopobium,Bacteria,5,0.0,0.0,True,129.0,False,False
warning_acid_base_balance,BAC_G::Azospira,Bacteria,5,0.0,0.0,True,87.0,False,False
warning_buffer_capacity,BAC_G::Azospira,Bacteria,5,0.0,0.0,True,114.0,False,False
warning_acid_accumulation,BAC_G::Azospira,Bacteria,5,,,True,,False,False
warning_ammonia_toxicity,BAC_G::Azospira,Bacteria,5,0.0,0.0,True,101.0,False,False
warning_biogas_quality,BAC_G::Azospira,Bacteria,5,0.0,0.0,True,129.0,False,False
warning_acid_base_balance,BAC_G::BD1-7_clade,Bacteria,5,0.0,0.0,True,87.0,False,False
warning_buffer_capacity,BAC_G::BD1-7_clade,Bacteria,5,0.0,0.0,True,114.0,False,False
warning_acid_accumulation,BAC_G::BD1-7_clade,Bacteria,5,,,True,,False,False
warning_ammonia_toxicity,BAC_G::BD1-7_clade,Bacteria,5,0.0,0.0,True,101.0,False,False
warning_biogas_quality,BAC_G::BD1-7_clade,Bacteria,5,0.0,0.0,True,129.0,False,False
warning_acid_base_balance,BAC_G::BRH-c20a,Bacteria,5,0.0,0.0,True,87.0,False,False
warning_buffer_capacity,BAC_G::BRH-c20a,Bacteria,5,0.0,0.0,True,114.0,False,False
warning_acid_accumulation,BAC_G::BRH-c20a,Bacteria,5,,,True,,False,False
warning_ammonia_toxicity,BAC_G::BRH-c20a,Bacteria,5,0.0,0.0,True,101.0,False,False
warning_biogas_quality,BAC_G::BRH-c20a,Bacteria,5,0.0,0.0,True,129.0,False,False
warning_acid_base_balance,BAC_G::Babeliales,Bacteria,5,0.0,0.0,True,87.0,False,False
warning_buffer_capacity,BAC_G::Babeliales,Bacteria,5,0.0,0.0,True,114.0,False,False
warning_acid_accumulation,BAC_G::Babeliales,Bacteria,5,,,True,,False,False
warning_ammonia_toxicity,BAC_G::Babeliales,Bacteria,5,0.0,0.0,True,101.0,False,False
warning_biogas_quality,BAC_G::Babeliales,Bacteria,5,0.0,0.0,True,129.0,False,False
warning_acid_base_balance,BAC_G::Bacillus,Bacteria,5,0.0,0.0,True,87.0,False,False
warning_buffer_capacity,BAC_G::Bacillus,Bacteria,5,0.0,0.0,True,114.0,False,False
warning_acid_accumulation,BAC_G::Bacillus,Bacteria,5,,,True,,False,False
warning_ammonia_toxicity,BAC_G::Bacillus,Bacteria,5,0.0,0.0,True,101.0,False,False
warning_biogas_quality,BAC_G::Bacillus,Bacteria,5,0.0,0.0,True,129.0,False,False
warning_acid_base_balance,BAC_G::Bacteroidales_UCG-001,Bacteria,5,0.0,0.0,True,87.0,False,False
warning_buffer_capacity,BAC_G::Bacteroidales_UCG-001,Bacteria,5,0.0,0.0,True,114.0,False,False
warning_acid_accumulation,BAC_G::Bacteroidales_UCG-001,Bacteria,5,,,True,,False,False
warning_ammonia_toxicity,BAC_G::Bacteroidales_UCG-001,Bacteria,5,0.0,0.0,True,101.0,False,False
warning_biogas_quality,BAC_G::Bacteroidales_UCG-001,Bacteria,5,0.0,0.0,True,129.0,False,False
warning_acid_base_balance,BAC_G::Bacteroides,Bacteria,5,0.0,0.0,True,87.0,False,False
warning_buffer_capacity,BAC_G::Bacteroides,Bacteria,5,0.0,0.0,True,114.0,False,False
warning_acid_accumulation,BAC_G::Bacteroides,Bacteria,5,,,True,,False,False
warning_ammonia_toxicity,BAC_G::Bacteroides,Bacteria,5,0.0,0.0,True,101.0,False,False
warning_biogas_quality,BAC_G::Bacteroides,Bacteria,5,0.0,0.0,True,129.0,False,False
warning_acid_base_balance,BAC_G::Bacteroidetes_VC2.1_Bac22,Bacteria,5,0.0,0.0,True,87.0,False,False
warning_buffer_capacity,BAC_G::Bacteroidetes_VC2.1_Bac22,Bacteria,5,0.0,0.0,True,114.0,False,False
warning_acid_accumulation,BAC_G::Bacteroidetes_VC2.1_Bac22,Bacteria,5,,,True,,False,False
warning_ammonia_toxicity,BAC_G::Bacteroidetes_VC2.1_Bac22,Bacteria,5,0.0,0.0,True,101.0,False,False
warning_biogas_quality,BAC_G::Bacteroidetes_VC2.1_Bac22,Bacteria,5,0.0,0.0,True,129.0,False,False
warning_acid_base_balance,BAC_G::Bacteroidetes_vadinHA17,Bacteria,5,-0.008781114718614702,0.01124103004665961,True,251.0,False,False
warning_buffer_capacity,BAC_G::Bacteroidetes_vadinHA17,Bacteria,5,-0.0029970642102995033,0.005995362322502658,True,262.0,False,False
warning_acid_accumulation,BAC_G::Bacteroidetes_vadinHA17,Bacteria,5,,,True,,False,False
warning_ammonia_toxicity,BAC_G::Bacteroidetes_vadinHA17,Bacteria,5,-0.004714285714285726,0.010593893356132257,True,235.0,False,False
warning_biogas_quality,BAC_G::Bacteroidetes_vadinHA17,Bacteria,5,-0.02055555555555555,0.0455669647672814,True,272.0,False,False
warning_acid_base_balance,BAC_G::Bdellovibrio,Bacteria,5,0.0,0.0,True,87.0,False,False
warning_buffer_capacity,BAC_G::Bdellovibrio,Bacteria,5,0.0,0.0,True,114.0,False,False
warning_acid_accumulation,BAC_G::Bdellovibrio,Bacteria,5,,,True,,False,False
warning_ammonia_toxicity,BAC_G::Bdellovibrio,Bacteria,5,0.0,0.0,True,101.0,False,False
warning_biogas_quality,BAC_G::Bdellovibrio,Bacteria,5,0.0,0.0,True,129.0,False,False
warning_acid_base_balance,BAC_G::Bifidobacterium,Bacteria,5,0.0,0.0,True,87.0,False,False
warning_buffer_capacity,BAC_G::Bifidobacterium,Bacteria,5,0.0,0.0,True,114.0,False,False
warning_acid_accumulation,BAC_G::Bifidobacterium,Bacteria,5,,,True,,False,False
warning_ammonia_toxicity,BAC_G::Bifidobacterium,Bacteria,5,0.0,0.0,True,101.0,False,False
warning_biogas_quality,BAC_G::Bifidobacterium,Bacteria,5,0.0,0.0,True,129.0,False,False
warning_acid_base_balance,BAC_G::Butyrivibrio,Bacteria,5,-0.0013636363636363557,0.0033304322593865556,True,193.0,False,False
warning_buffer_capacity,BAC_G::Butyrivibrio,Bacteria,5,0.0,0.0,True,114.0,False,False
warning_acid_accumulation,BAC_G::Butyrivibrio,Bacteria,5,,,True,,False,False
warning_ammonia_toxicity,BAC_G::Butyrivibrio,Bacteria,5,0.0,0.0,True,101.0,False,False
warning_biogas_quality,BAC_G::Butyrivibrio,Bacteria,5,0.0,0.0,True,129.0,False,False
warning_acid_base_balance,BAC_G::Caldicoprobacter,Bacteria,5,-0.00758928571428571,0.012800168773222716,True,246.5,False,False
warning_buffer_capacity,BAC_G::Caldicoprobacter,Bacteria,5,-0.0004166666666666666,0.0012824729401064423,True,237.5,False,False
warning_acid_accumulation,BAC_G::Caldicoprobacter,Bacteria,5,,,True,,False,False
warning_ammonia_toxicity,BAC_G::Caldicoprobacter,Bacteria,5,-0.02350865800865805,0.010074035824082558,True,275.0,False,False
warning_biogas_quality,BAC_G::Caldicoprobacter,Bacteria,5,0.0,0.0,True,129.0,False,False
warning_acid_base_balance,BAC_G::Caldisericum,Bacteria,5,0.0,0.0,True,87.0,False,False
warning_buffer_capacity,BAC_G::Caldisericum,Bacteria,5,0.0,0.0,True,114.0,False,False
warning_acid_accumulation,BAC_G::Caldisericum,Bacteria,5,,,True,,False,False
warning_ammonia_toxicity,BAC_G::Caldisericum,Bacteria,5,0.0,0.0,True,101.0,False,False
warning_biogas_quality,BAC_G::Caldisericum,Bacteria,5,0.0,0.0,True,129.0,False,False
warning_acid_base_balance,BAC_G::Candidatus_Accumulibacter,Bacteria,5,0.0,0.0,True,87.0,False,False
warning_buffer_capacity,BAC_G::Candidatus_Accumulibacter,Bacteria,5,0.0,0.0,True,114.0,False,False
warning_acid_accumulation,BAC_G::Candidatus_Accumulibacter,Bacteria,5,,,True,,False,False
warning_ammonia_toxicity,BAC_G::Candidatus_Accumulibacter,Bacteria,5,0.0,0.0,True,101.0,False,False
warning_biogas_quality,BAC_G::Candidatus_Accumulibacter,Bacteria,5,0.0,0.0,True,129.0,False,False
warning_acid_base_balance,BAC_G::Candidatus_Caldatribacterium,Bacteria,5,-0.0020089285714285643,0.004906440382131991,True,198.5,False,False
warning_buffer_capacity,BAC_G::Candidatus_Caldatribacterium,Bacteria,5,0.0,0.0,True,114.0,False,False
warning_acid_accumulation,BAC_G::Candidatus_Caldatribacterium,Bacteria,5,,,True,,False,False
warning_ammonia_toxicity,BAC_G::Candidatus_Caldatribacterium,Bacteria,5,-0.001904761904761909,0.005862733440486608,True,210.5,False,False
warning_biogas_quality,BAC_G::Candidatus_Caldatribacterium,Bacteria,5,0.0,0.0,True,129.0,False,False
warning_acid_base_balance,BAC_G::Candidatus_Cloacimonas,Bacteria,5,-0.009598214285714274,0.012482785541771011,True,256.0,False,False
warning_buffer_capacity,BAC_G::Candidatus_Cloacimonas,Bacteria,5,0.0,0.0,True,114.0,False,False
warning_acid_accumulation,BAC_G::Candidatus_Cloacimonas,Bacteria,5,,,True,,False,False
warning_ammonia_toxicity,BAC_G::Candidatus_Cloacimonas,Bacteria,5,-0.011428571428571455,0.00957380361809592,True,257.0,False,False
warning_biogas_quality,BAC_G::Candidatus_Cloacimonas,Bacteria,5,-0.004999999999999999,0.015389675281277307,True,260.0,False,False
warning_acid_base_balance,BAC_G::Candidatus_Competibacter,Bacteria,5,0.0,0.0,True,87.0,False,False
warning_buffer_capacity,BAC_G::Candidatus_Competibacter,Bacteria,5,0.0,0.0,True,114.0,False,False
warning_acid_accumulation,BAC_G::Candidatus_Competibacter,Bacteria,5,,,True,,False,False
warning_ammonia_toxicity,BAC_G::Candidatus_Competibacter,Bacteria,5,0.0,0.0,True,101.0,False,False
warning_biogas_quality,BAC_G::Candidatus_Competibacter,Bacteria,5,0.0,0.0,True,129.0,False,False
warning_acid_base_balance,BAC_G::Candidatus_Omnitrophus,Bacteria,5,0.0,0.0,True,87.0,False,False
warning_buffer_capacity,BAC_G::Candidatus_Omnitrophus,Bacteria,5,0.0,0.0,True,114.0,False,False
warning_acid_accumulation,BAC_G::Candidatus_Omnitrophus,Bacteria,5,,,True,,False,False
warning_ammonia_toxicity,BAC_G::Candidatus_Omnitrophus,Bacteria,5,0.0,0.0,True,101.0,False,False
warning_biogas_quality,BAC_G::Candidatus_Omnitrophus,Bacteria,5,0.0,0.0,True,129.0,False,False
warning_acid_base_balance,BAC_G::Candidatus_Soleaferrea,Bacteria,5,-0.0006696428571428548,0.0029947338984372073,True,179.5,False,False
warning_buffer_capacity,BAC_G::Candidatus_Soleaferrea,Bacteria,5,0.0,0.0,True,114.0,False,False
warning_acid_accumulation,BAC_G::Candidatus_Soleaferrea,Bacteria,5,,,True,,False,False
warning_ammonia_toxicity,BAC_G::Candidatus_Soleaferrea,Bacteria,5,-0.0009523809523809545,0.0042591770999996096,True,199.0,False,False
warning_biogas_quality,BAC_G::Candidatus_Soleaferrea,Bacteria,5,-0.0024999999999999996,0.011180339887498947,True,252.0,False,False
warning_acid_base_balance,BAC_G::Caproiciproducens,Bacteria,5,0.0,0.0,True,87.0,False,False
warning_buffer_capacity,BAC_G::Caproiciproducens,Bacteria,5,0.0,0.0,True,114.0,False,False
warning_acid_accumulation,BAC_G::Caproiciproducens,Bacteria,5,,,True,,False,False
warning_ammonia_toxicity,BAC_G::Caproiciproducens,Bacteria,5,0.0,0.0,True,101.0,False,False
warning_biogas_quality,BAC_G::Caproiciproducens,Bacteria,5,0.0,0.0,True,129.0,False,False
warning_acid_base_balance,BAC_G::Chthonomonadales,Bacteria,5,0.0,0.0,False,87.0,False,False
warning_buffer_capacity,BAC_G::Chthonomonadales,Bacteria,5,0.0,0.0,False,114.0,False,False
warning_acid_accumulation,BAC_G::Chthonomonadales,Bacteria,5,,,False,,False,False
warning_ammonia_toxicity,BAC_G::Chthonomonadales,Bacteria,5,0.0,0.0,False,101.0,False,False
warning_biogas_quality,BAC_G::Chthonomonadales,Bacteria,5,0.0,0.0,False,129.0,False,False
warning_acid_base_balance,BAC_G::Cloacimonadaceae,Bacteria,5,0.0,0.0,True,87.0,False,False
warning_buffer_capacity,BAC_G::Cloacimonadaceae,Bacteria,5,0.0,0.0,True,114.0,False,False
warning_acid_accumulation,BAC_G::Cloacimonadaceae,Bacteria,5,,,True,,False,False
warning_ammonia_toxicity,BAC_G::Cloacimonadaceae,Bacteria,5,0.0,0.0,True,101.0,False,False
warning_biogas_quality,BAC_G::Cloacimonadaceae,Bacteria,5,0.0,0.0,True,129.0,False,False
warning_acid_base_balance,BAC_G::Clostridia_UCG-014,Bacteria,5,0.0,0.0,True,87.0,False,False
warning_buffer_capacity,BAC_G::Clostridia_UCG-014,Bacteria,5,0.0,0.0,True,114.0,False,False
warning_acid_accumulation,BAC_G::Clostridia_UCG-014,Bacteria,5,,,True,,False,False
warning_ammonia_toxicity,BAC_G::Clostridia_UCG-014,Bacteria,5,0.0,0.0,True,101.0,False,False
warning_biogas_quality,BAC_G::Clostridia_UCG-014,Bacteria,5,0.0,0.0,True,129.0,False,False
warning_acid_base_balance,BAC_G::Clostridium_sensu_stricto_1,Bacteria,5,-0.0025250097125096905,0.029055227540753695,True,204.0,False,False
warning_buffer_capacity,BAC_G::Clostridium_sensu_stricto_1,Bacteria,5,-0.0006249999999999999,0.0015264481188855133,True,245.5,False,False
warning_acid_accumulation,BAC_G::Clostridium_sensu_stricto_1,Bacteria,5,,,True,,False,False
warning_ammonia_toxicity,BAC_G::Clostridium_sensu_stricto_1,Bacteria,5,0.004642857142857115,0.037306008554347785,True,6.0,True,True
warning_biogas_quality,BAC_G::Clostridium_sensu_stricto_1,Bacteria,5,-0.002142857142857141,0.020740843747435442,True,247.5,False,False
warning_acid_base_balance,BAC_G::Comamonas,Bacteria,5,0.0,0.0,True,87.0,False,False
warning_buffer_capacity,BAC_G::Comamonas,Bacteria,5,0.0,0.0,True,114.0,False,False
warning_acid_accumulation,BAC_G::Comamonas,Bacteria,5,,,True,,False,False
warning_ammonia_toxicity,BAC_G::Comamonas,Bacteria,5,0.0,0.0,True,101.0,False,False
warning_biogas_quality,BAC_G::Comamonas,Bacteria,5,0.0,0.0,True,129.0,False,False
warning_acid_base_balance,BAC_G::Coprothermobacter,Bacteria,5,-0.002851731601731583,0.006206529810664211,True,212.0,False,False
warning_buffer_capacity,BAC_G::Coprothermobacter,Bacteria,5,-0.0006249999999999999,0.001526448118885513,True,245.5,False,False
warning_acid_accumulation,BAC_G::Coprothermobacter,Bacteria,5,,,True,,False,False
warning_ammonia_toxicity,BAC_G::Coprothermobacter,Bacteria,5,0.0,0.0,True,101.0,False,False
warning_biogas_quality,BAC_G::Coprothermobacter,Bacteria,5,0.002857142857142858,0.012777531299998805,True,7.5,True,True
warning_acid_base_balance,BAC_G::D8A-2,Bacteria,5,0.0,0.0,True,87.0,False,False
warning_buffer_capacity,BAC_G::D8A-2,Bacteria,5,0.0,0.0,True,114.0,False,False
warning_acid_accumulation,BAC_G::D8A-2,Bacteria,5,,,True,,False,False
warning_ammonia_toxicity,BAC_G::D8A-2,Bacteria,5,0.0,0.0,True,101.0,False,False
warning_biogas_quality,BAC_G::D8A-2,Bacteria,5,0.0,0.0,True,129.0,False,False
warning_acid_base_balance,BAC_G::DEV114,Bacteria,5,0.0,0.0,True,87.0,False,False
warning_buffer_capacity,BAC_G::DEV114,Bacteria,5,0.0,0.0,True,114.0,False,False
warning_acid_accumulation,BAC_G::DEV114,Bacteria,5,,,True,,False,False
warning_ammonia_toxicity,BAC_G::DEV114,Bacteria,5,0.0,0.0,True,101.0,False,False
warning_biogas_quality,BAC_G::DEV114,Bacteria,5,0.0,0.0,True,129.0,False,False
warning_acid_base_balance,BAC_G::DMER64,Bacteria,5,-0.002678571428571419,0.005496312600456163,True,208.5,False,False
warning_buffer_capacity,BAC_G::DMER64,Bacteria,5,-0.00023284313725490183,0.0015753753049427748,True,229.0,False,False
warning_acid_accumulation,BAC_G::DMER64,Bacteria,5,,,True,,False,False
warning_ammonia_toxicity,BAC_G::DMER64,Bacteria,5,0.0006212121212121168,0.0048648795779753645,True,8.0,True,True
warning_biogas_quality,BAC_G::DMER64,Bacteria,5,0.0,0.0,True,129.0,False,False
warning_acid_base_balance,BAC_G::DTU014,Bacteria,5,0.0,0.0,True,87.0,False,False
warning_buffer_capacity,BAC_G::DTU014,Bacteria,5,0.0,0.0,True,114.0,False,False
warning_acid_accumulation,BAC_G::DTU014,Bacteria,5,,,True,,False,False
warning_ammonia_toxicity,BAC_G::DTU014,Bacteria,5,0.0,0.0,True,101.0,False,False
warning_biogas_quality,BAC_G::DTU014,Bacteria,5,0.0,0.0,True,129.0,False,False
warning_acid_base_balance,BAC_G::Dechloromonas,Bacteria,5,-0.0006696428571428548,0.0029947338984372073,True,179.5,False,False
warning_buffer_capacity,BAC_G::Dechloromonas,Bacteria,5,0.0,0.0,True,114.0,False,False
warning_acid_accumulation,BAC_G::Dechloromonas,Bacteria,5,,,True,,False,False
warning_ammonia_toxicity,BAC_G::Dechloromonas,Bacteria,5,-0.0009523809523809545,0.0042591770999996096,True,199.0,False,False
warning_biogas_quality,BAC_G::Dechloromonas,Bacteria,5,0.0,0.0,True,129.0,False,False
warning_acid_base_balance,BAC_G::Defluviitoga,Bacteria,5,-0.007261557886557879,0.022144830540341536,True,243.0,False,False
warning_buffer_capacity,BAC_G::Defluviitoga,Bacteria,5,0.0,0.0,True,114.0,False,False
warning_acid_accumulation,BAC_G::Defluviitoga,Bacteria,5,,,True,,False,False
warning_ammonia_toxicity,BAC_G::Defluviitoga,Bacteria,5,-0.001904761904761909,0.0058627334404866074,True,210.5,False,False
warning_biogas_quality,BAC_G::Defluviitoga,Bacteria,5,0.0,0.0,True,129.0,False,False
warning_acid_base_balance,BAC_G::Denitratisoma,Bacteria,5,0.0,0.0,True,87.0,False,False
warning_buffer_capacity,BAC_G::Denitratisoma,Bacteria,5,0.0,0.0,True,114.0,False,False
warning_acid_accumulation,BAC_G::Denitratisoma,Bacteria,5,,,True,,False,False
warning_ammonia_toxicity,BAC_G::Denitratisoma,Bacteria,5,0.0,0.0,True,101.0,False,False
warning_biogas_quality,BAC_G::Denitratisoma,Bacteria,5,0.0,0.0,True,129.0,False,False
warning_acid_base_balance,BAC_G::Dialister,Bacteria,5,0.0,0.0,True,87.0,False,False
warning_buffer_capacity,BAC_G::Dialister,Bacteria,5,0.0,0.0,True,114.0,False,False
warning_acid_accumulation,BAC_G::Dialister,Bacteria,5,,,True,,False,False
warning_ammonia_toxicity,BAC_G::Dialister,Bacteria,5,0.0,0.0,True,101.0,False,False
warning_biogas_quality,BAC_G::Dialister,Bacteria,5,0.0,0.0,True,129.0,False,False
warning_acid_base_balance,BAC_G::Dokdonella,Bacteria,5,0.0,0.0,True,87.0,False,False
warning_buffer_capacity,BAC_G::Dokdonella,Bacteria,5,0.0,0.0,True,114.0,False,False
warning_acid_accumulation,BAC_G::Dokdonella,Bacteria,5,,,True,,False,False
warning_ammonia_toxicity,BAC_G::Dokdonella,Bacteria,5,0.0,0.0,True,101.0,False,False
warning_biogas_quality,BAC_G::Dokdonella,Bacteria,5,0.0,0.0,True,129.0,False,False
warning_acid_base_balance,BAC_G::Ellin6067,Bacteria,5,0.0,0.0,True,87.0,False,False
warning_buffer_capacity,BAC_G::Ellin6067,Bacteria,5,0.0,0.0,True,114.0,False,False
warning_acid_accumulation,BAC_G::Ellin6067,Bacteria,5,,,True,,False,False
warning_ammonia_toxicity,BAC_G::Ellin6067,Bacteria,5,0.0,0.0,True,101.0,False,False
warning_biogas_quality,BAC_G::Ellin6067,Bacteria,5,0.0,0.0,True,129.0,False,False
warning_acid_base_balance,BAC_G::Endomicrobium,Bacteria,5,0.0,0.0,True,87.0,False,False
warning_buffer_capacity,BAC_G::Endomicrobium,Bacteria,5,0.0,0.0,True,114.0,False,False
warning_acid_accumulation,BAC_G::Endomicrobium,Bacteria,5,,,True,,False,False
warning_ammonia_toxicity,BAC_G::Endomicrobium,Bacteria,5,0.0,0.0,True,101.0,False,False
warning_biogas_quality,BAC_G::Endomicrobium,Bacteria,5,0.0,0.0,True,129.0,False,False
warning_acid_base_balance,BAC_G::Ercella,Bacteria,5,0.0,0.0,True,87.0,False,False
warning_buffer_capacity,BAC_G::Ercella,Bacteria,5,0.0,0.0,True,114.0,False,False
warning_acid_accumulation,BAC_G::Ercella,Bacteria,5,,,True,,False,False
warning_ammonia_toxicity,BAC_G::Ercella,Bacteria,5,0.0,0.0,True,101.0,False,False
warning_biogas_quality,BAC_G::Ercella,Bacteria,5,0.0,0.0,True,129.0,False,False
warning_acid_base_balance,BAC_G::Exilispira,Bacteria,5,-0.004017857142857129,0.006296817133682485,True,221.0,False,False
warning_buffer_capacity,BAC_G::Exilispira,Bacteria,5,-0.009342948717948715,0.00340061384918513,True,274.0,False,False
warning_acid_accumulation,BAC_G::Exilispira,Bacteria,5,,,True,,False,False
warning_ammonia_toxicity,BAC_G::Exilispira,Bacteria,5,-0.001904761904761909,0.005862733440486608,True,210.5,False,False
warning_biogas_quality,BAC_G::Exilispira,Bacteria,5,-0.004999999999999999,0.015389675281277307,True,260.0,False,False
warning_acid_base_balance,BAC_G::Fastidiosipila,Bacteria,5,-0.007366071428571419,0.011612112151994777,True,244.5,False,False
warning_buffer_capacity,BAC_G::Fastidiosipila,Bacteria,5,0.0006209150326797391,0.00308964781692201,True,7.0,True,True
warning_acid_accumulation,BAC_G::Fastidiosipila,Bacteria,5,,,True,,False,False
warning_ammonia_toxicity,BAC_G::Fastidiosipila,Bacteria,5,-0.008380952380952406,0.01607833788173596,True,247.0,False,False
warning_biogas_quality,BAC_G::Fastidiosipila,Bacteria,5,0.0,0.0,True,129.0,False,False
warning_acid_base_balance,BAC_G::Fermentibacteraceae,Bacteria,5,0.0,0.0,True,87.0,False,False
warning_buffer_capacity,BAC_G::Fermentibacteraceae,Bacteria,5,0.0,0.0,True,114.0,False,False
warning_acid_accumulation,BAC_G::Fermentibacteraceae,Bacteria,5,,,True,,False,False
warning_ammonia_toxicity,BAC_G::Fermentibacteraceae,Bacteria,5,0.0,0.0,True,101.0,False,False
warning_biogas_quality,BAC_G::Fermentibacteraceae,Bacteria,5,0.0,0.0,True,129.0,False,False
warning_acid_base_balance,BAC_G::Fermentimonas,Bacteria,5,0.0,0.0,True,87.0,False,False
warning_buffer_capacity,BAC_G::Fermentimonas,Bacteria,5,-0.0025892857142857132,0.0033185033066436423,True,261.0,False,False
warning_acid_accumulation,BAC_G::Fermentimonas,Bacteria,5,,,True,,False,False
warning_ammonia_toxicity,BAC_G::Fermentimonas,Bacteria,5,0.0002380952380952317,0.014166166457755753,True,9.0,True,True
warning_biogas_quality,BAC_G::Fermentimonas,Bacteria,5,0.0,0.0,True,129.0,False,False
warning_acid_base_balance,BAC_G::Ferruginibacter,Bacteria,5,0.0,0.0,False,87.0,False,False
warning_buffer_capacity,BAC_G::Ferruginibacter,Bacteria,5,0.0,0.0,False,114.0,False,False
warning_acid_accumulation,BAC_G::Ferruginibacter,Bacteria,5,,,False,,False,False
warning_ammonia_toxicity,BAC_G::Ferruginibacter,Bacteria,5,0.0,0.0,False,101.0,False,False
warning_biogas_quality,BAC_G::Ferruginibacter,Bacteria,5,0.0,0.0,False,129.0,False,False
warning_acid_base_balance,BAC_G::Fervidobacterium,Bacteria,5,0.0,0.0,False,87.0,False,False
warning_buffer_capacity,BAC_G::Fervidobacterium,Bacteria,5,0.0,0.0,False,114.0,False,False
warning_acid_accumulation,BAC_G::Fervidobacterium,Bacteria,5,,,False,,False,False
warning_ammonia_toxicity,BAC_G::Fervidobacterium,Bacteria,5,0.0,0.0,False,101.0,False,False
warning_biogas_quality,BAC_G::Fervidobacterium,Bacteria,5,0.0,0.0,False,129.0,False,False
warning_acid_base_balance,BAC_G::Fonticella,Bacteria,5,0.0,0.0,False,87.0,False,False
warning_buffer_capacity,BAC_G::Fonticella,Bacteria,5,0.0,0.0,False,114.0,False,False
warning_acid_accumulation,BAC_G::Fonticella,Bacteria,5,,,False,,False,False
warning_ammonia_toxicity,BAC_G::Fonticella,Bacteria,5,0.0,0.0,False,101.0,False,False
warning_biogas_quality,BAC_G::Fonticella,Bacteria,5,0.0,0.0,False,129.0,False,False
warning_acid_base_balance,BAC_G::Frisingicoccus,Bacteria,5,0.0,0.0,True,87.0,False,False
warning_buffer_capacity,BAC_G::Frisingicoccus,Bacteria,5,0.0,0.0,True,114.0,False,False
warning_acid_accumulation,BAC_G::Frisingicoccus,Bacteria,5,,,True,,False,False
warning_ammonia_toxicity,BAC_G::Frisingicoccus,Bacteria,5,0.0,0.0,True,101.0,False,False
warning_biogas_quality,BAC_G::Frisingicoccus,Bacteria,5,0.0,0.0,True,129.0,False,False
warning_acid_base_balance,BAC_G::Gelria,Bacteria,5,-0.0009090909090909039,0.002798122778414041,True,186.0,False,False
warning_buffer_capacity,BAC_G::Gelria,Bacteria,5,-0.0006249999999999999,0.0015264481188855133,True,245.5,False,False
warning_acid_accumulation,BAC_G::Gelria,Bacteria,5,,,True,,False,False
warning_ammonia_toxicity,BAC_G::Gelria,Bacteria,5,-0.001904761904761909,0.005862733440486608,True,210.5,False,False
warning_biogas_quality,BAC_G::Gelria,Bacteria,5,-0.0024999999999999996,0.011180339887498947,True,252.0,False,False
warning_acid_base_balance,BAC_G::Gracilibacter,Bacteria,5,0.0,0.0,True,87.0,False,False
warning_buffer_capacity,BAC_G::Gracilibacter,Bacteria,5,0.0,0.0,True,114.0,False,False
warning_acid_accumulation,BAC_G::Gracilibacter,Bacteria,5,,,True,,False,False
warning_ammonia_toxicity,BAC_G::Gracilibacter,Bacteria,5,0.0,0.0,True,101.0,False,False
warning_biogas_quality,BAC_G::Gracilibacter,Bacteria,5,0.0,0.0,True,129.0,False,False
warning_acid_base_balance,BAC_G::Guggenheimella,Bacteria,5,0.00448187229437233,0.014675315630834013,True,2.0,True,True
warning_buffer_capacity,BAC_G::Guggenheimella,Bacteria,5,0.0,0.0,True,114.0,False,False
warning_acid_accumulation,BAC_G::Guggenheimella,Bacteria,5,,,True,,False,False
warning_ammonia_toxicity,BAC_G::Guggenheimella,Bacteria,5,-0.013238095238095271,0.012773420906574824,True,260.0,False,False
warning_biogas_quality,BAC_G::Guggenheimella,Bacteria,5,0.0,0.0,True,129.0,False,False
warning_acid_base_balance,BAC_G::HN-HF0106,Bacteria,5,-0.0014436115355232703,0.014228949665297287,True,194.0,False,False
warning_buffer_capacity,BAC_G::HN-HF0106,Bacteria,5,0.0003186274509803924,0.002136863135243533,True,10.0,True,True
warning_acid_accumulation,BAC_G::HN-HF0106,Bacteria,5,,,True,,False,False
warning_ammonia_toxicity,BAC_G::HN-HF0106,Bacteria,5,0.009421245421245361,0.03316894788380726,True,5.0,True,True
warning_biogas_quality,BAC_G::HN-HF0106,Bacteria,5,0.002222222222222224,0.03682492869808757,True,10.0,True,True
warning_acid_base_balance,BAC_G::Hahella,Bacteria,5,0.0,0.0,True,87.0,False,False
warning_buffer_capacity,BAC_G::Hahella,Bacteria,5,0.0,0.0,True,114.0,False,False
warning_acid_accumulation,BAC_G::Hahella,Bacteria,5,,,True,,False,False
warning_ammonia_toxicity,BAC_G::Hahella,Bacteria,5,0.0,0.0,True,101.0,False,False
warning_biogas_quality,BAC_G::Hahella,Bacteria,5,0.0,0.0,True,129.0,False,False
warning_acid_base_balance,BAC_G::Halocella,Bacteria,5,0.0,0.0,False,87.0,False,False
warning_buffer_capacity,BAC_G::Halocella,Bacteria,5,0.0,0.0,False,114.0,False,False
warning_acid_accumulation,BAC_G::Halocella,Bacteria,5,,,False,,False,False
warning_ammonia_toxicity,BAC_G::Halocella,Bacteria,5,0.0,0.0,False,101.0,False,False
warning_biogas_quality,BAC_G::Halocella,Bacteria,5,0.0,0.0,False,129.0,False,False
warning_acid_base_balance,BAC_G::Halomonas,Bacteria,5,0.0,0.0,True,87.0,False,False
warning_buffer_capacity,BAC_G::Halomonas,Bacteria,5,0.0,0.0,True,114.0,False,False
warning_acid_accumulation,BAC_G::Halomonas,Bacteria,5,,,True,,False,False
warning_ammonia_toxicity,BAC_G::Halomonas,Bacteria,5,0.0,0.0,True,101.0,False,False
warning_biogas_quality,BAC_G::Halomonas,Bacteria,5,0.0,0.0,True,129.0,False,False
warning_acid_base_balance,BAC_G::Hungateiclostridiaceae,Bacteria,5,0.0,0.0,True,87.0,False,False
warning_buffer_capacity,BAC_G::Hungateiclostridiaceae,Bacteria,5,0.0,0.0,True,114.0,False,False
warning_acid_accumulation,BAC_G::Hungateiclostridiaceae,Bacteria,5,,,True,,False,False
warning_ammonia_toxicity,BAC_G::Hungateiclostridiaceae,Bacteria,5,0.0,0.0,True,101.0,False,False
warning_biogas_quality,BAC_G::Hungateiclostridiaceae,Bacteria,5,0.0,0.0,True,129.0,False,False
warning_acid_base_balance,BAC_G::Hydrogenedensaceae,Bacteria,5,0.0,0.0,False,87.0,False,False
warning_buffer_capacity,BAC_G::Hydrogenedensaceae,Bacteria,5,0.0,0.0,False,114.0,False,False
warning_acid_accumulation,BAC_G::Hydrogenedensaceae,Bacteria,5,,,False,,False,False
warning_ammonia_toxicity,BAC_G::Hydrogenedensaceae,Bacteria,5,0.0,0.0,False,101.0,False,False
warning_biogas_quality,BAC_G::Hydrogenedensaceae,Bacteria,5,0.0,0.0,False,129.0,False,False
warning_acid_base_balance,BAC_G::Irregularibacter,Bacteria,5,0.0,0.0,True,87.0,False,False
warning_buffer_capacity,BAC_G::Irregularibacter,Bacteria,5,0.0,0.0,True,114.0,False,False
warning_acid_accumulation,BAC_G::Irregularibacter,Bacteria,5,,,True,,False,False
warning_ammonia_toxicity,BAC_G::Irregularibacter,Bacteria,5,0.0,0.0,True,101.0,False,False
warning_biogas_quality,BAC_G::Irregularibacter,Bacteria,5,0.0,0.0,True,129.0,False,False
warning_acid_base_balance,BAC_G::Izemoplasmatales,Bacteria,5,-0.0006696428571428548,0.0029947338984372077,True,179.5,False,False
warning_buffer_capacity,BAC_G::Izemoplasmatales,Bacteria,5,0.0,0.0,True,114.0,False,False
warning_acid_accumulation,BAC_G::Izemoplasmatales,Bacteria,5,,,True,,False,False
warning_ammonia_toxicity,BAC_G::Izemoplasmatales,Bacteria,5,-0.001904761904761909,0.0058627334404866074,True,210.5,False,False
warning_biogas_quality,BAC_G::Izemoplasmatales,Bacteria,5,0.0,0.0,True,129.0,False,False
warning_acid_base_balance,BAC_G::JS1,Bacteria,5,-0.0030438311688311516,0.014040668455078906,True,214.0,False,False
warning_buffer_capacity,BAC_G::JS1,Bacteria,5,0.0,0.0,True,114.0,False,False
warning_acid_accumulation,BAC_G::JS1,Bacteria,5,,,True,,False,False
warning_ammonia_toxicity,BAC_G::JS1,Bacteria,5,0.0,0.0,True,101.0,False,False
warning_biogas_quality,BAC_G::JS1,Bacteria,5,0.0,0.0,True,129.0,False,False
warning_acid_base_balance,BAC_G::Kapabacteriales,Bacteria,5,0.0,0.0,True,87.0,False,False
warning_buffer_capacity,BAC_G::Kapabacteriales,Bacteria,5,0.0,0.0,True,114.0,False,False
warning_acid_accumulation,BAC_G::Kapabacteriales,Bacteria,5,,,True,,False,False
warning_ammonia_toxicity,BAC_G::Kapabacteriales,Bacteria,5,0.0,0.0,True,101.0,False,False
warning_biogas_quality,BAC_G::Kapabacteriales,Bacteria,5,0.0,0.0,True,129.0,False,False
warning_acid_base_balance,BAC_G::Keratinibaculum,Bacteria,5,0.0,0.0,True,87.0,False,False
warning_buffer_capacity,BAC_G::Keratinibaculum,Bacteria,5,0.0,0.0,True,114.0,False,False
warning_acid_accumulation,BAC_G::Keratinibaculum,Bacteria,5,,,True,,False,False
warning_ammonia_toxicity,BAC_G::Keratinibaculum,Bacteria,5,0.0,0.0,True,101.0,False,False
warning_biogas_quality,BAC_G::Keratinibaculum,Bacteria,5,0.0,0.0,True,129.0,False,False
warning_acid_base_balance,BAC_G::LD1-PA32,Bacteria,5,-0.006704545454545435,0.00863215802194483,True,240.5,False,False
warning_buffer_capacity,BAC_G::LD1-PA32,Bacteria,5,0.0002850877192982458,0.0024400317624037066,True,12.0,False,True
warning_acid_accumulation,BAC_G::LD1-PA32,Bacteria,5,,,True,,False,False
warning_ammonia_toxicity,BAC_G::LD1-PA32,Bacteria,5,-0.001904761904761909,0.0058627334404866074,True,210.5,False,False
warning_biogas_quality,BAC_G::LD1-PA32,Bacteria,5,-0.007499999999999998,0.018317377426626157,True,265.0,False,False
warning_acid_base_balance,BAC_G::LD1-PB3,Bacteria,5,0.0,0.0,True,87.0,False,False
warning_buffer_capacity,BAC_G::LD1-PB3,Bacteria,5,0.0,0.0,True,114.0,False,False
warning_acid_accumulation,BAC_G::LD1-PB3,Bacteria,5,,,True,,False,False
warning_ammonia_toxicity,BAC_G::LD1-PB3,Bacteria,5,0.0,0.0,True,101.0,False,False
warning_biogas_quality,BAC_G::LD1-PB3,Bacteria,5,0.0,0.0,True,129.0,False,False
warning_acid_base_balance,BAC_G::LNR_A2-18,Bacteria,5,0.0,0.0,True,87.0,False,False
warning_buffer_capacity,BAC_G::LNR_A2-18,Bacteria,5,0.0,0.0,True,114.0,False,False
warning_acid_accumulation,BAC_G::LNR_A2-18,Bacteria,5,,,True,,False,False
warning_ammonia_toxicity,BAC_G::LNR_A2-18,Bacteria,5,0.0,0.0,True,101.0,False,False
warning_biogas_quality,BAC_G::LNR_A2-18,Bacteria,5,0.0,0.0,True,129.0,False,False
warning_acid_base_balance,BAC_G::Lactobacillus,Bacteria,5,0.0,0.0,True,87.0,False,False
warning_buffer_capacity,BAC_G::Lactobacillus,Bacteria,5,0.0,0.0,True,114.0,False,False
warning_acid_accumulation,BAC_G::Lactobacillus,Bacteria,5,,,True,,False,False
warning_ammonia_toxicity,BAC_G::Lactobacillus,Bacteria,5,0.0,0.0,True,101.0,False,False
warning_biogas_quality,BAC_G::Lactobacillus,Bacteria,5,0.0,0.0,True,129.0,False,False
warning_acid_base_balance,BAC_G::Lautropia,Bacteria,5,0.0,0.0,True,87.0,False,False
warning_buffer_capacity,BAC_G::Lautropia,Bacteria,5,0.0,0.0,True,114.0,False,False
warning_acid_accumulation,BAC_G::Lautropia,Bacteria,5,,,True,,False,False
warning_ammonia_toxicity,BAC_G::Lautropia,Bacteria,5,0.0,0.0,True,101.0,False,False
warning_biogas_quality,BAC_G::Lautropia,Bacteria,5,0.0,0.0,True,129.0,False,False
warning_acid_base_balance,BAC_G::Lawsonella,Bacteria,5,0.0,0.0,True,87.0,False,False
warning_buffer_capacity,BAC_G::Lawsonella,Bacteria,5,0.0,0.0,True,114.0,False,False
warning_acid_accumulation,BAC_G::Lawsonella,Bacteria,5,,,True,,False,False
warning_ammonia_toxicity,BAC_G::Lawsonella,Bacteria,5,0.0,0.0,True,101.0,False,False
warning_biogas_quality,BAC_G::Lawsonella,Bacteria,5,0.0,0.0,True,129.0,False,False
warning_acid_base_balance,BAC_G::Lentimicrobiaceae,Bacteria,5,-0.0006696428571428548,0.0029947338984372073,True,179.5,False,False
warning_buffer_capacity,BAC_G::Lentimicrobiaceae,Bacteria,5,0.0002491830065359482,0.0029955550721565216,True,13.0,False,True
warning_acid_accumulation,BAC_G::Lentimicrobiaceae,Bacteria,5,,,True,,False,False
warning_ammonia_toxicity,BAC_G::Lentimicrobiaceae,Bacteria,5,-0.01904761904761909,0.0,True,270.5,False,False
warning_biogas_quality,BAC_G::Lentimicrobiaceae,Bacteria,5,0.0,0.0,True,129.0,False,False
warning_acid_base_balance,BAC_G::Lentimicrobium,Bacteria,5,-0.0006696428571428548,0.0029947338984372077,True,179.5,False,False
warning_buffer_capacity,BAC_G::Lentimicrobium,Bacteria,5,0.0,0.0,True,114.0,False,False
warning_acid_accumulation,BAC_G::Lentimicrobium,Bacteria,5,,,True,,False,False
warning_ammonia_toxicity,BAC_G::Lentimicrobium,Bacteria,5,0.0,0.0,True,101.0,False,False
warning_biogas_quality,BAC_G::Lentimicrobium,Bacteria,5,0.0,0.0,True,129.0,False,False
warning_acid_base_balance,BAC_G::Leptotrichia,Bacteria,5,0.0,0.0,True,87.0,False,False
warning_buffer_capacity,BAC_G::Leptotrichia,Bacteria,5,0.0,0.0,True,114.0,False,False
warning_acid_accumulation,BAC_G::Leptotrichia,Bacteria,5,,,True,,False,False
warning_ammonia_toxicity,BAC_G::Leptotrichia,Bacteria,5,0.0,0.0,True,101.0,False,False
warning_biogas_quality,BAC_G::Leptotrichia,Bacteria,5,0.0,0.0,True,129.0,False,False
warning_acid_base_balance,BAC_G::Leuconostoc,Bacteria,5,0.0,0.0,True,87.0,False,False
warning_buffer_capacity,BAC_G::Leuconostoc,Bacteria,5,0.0,0.0,True,114.0,False,False
warning_acid_accumulation,BAC_G::Leuconostoc,Bacteria,5,,,True,,False,False
warning_ammonia_toxicity,BAC_G::Leuconostoc,Bacteria,5,0.0,0.0,True,101.0,False,False
warning_biogas_quality,BAC_G::Leuconostoc,Bacteria,5,0.0,0.0,True,129.0,False,False
warning_acid_base_balance,BAC_G::Longilinea,Bacteria,5,0.0,0.0,True,87.0,False,False
warning_buffer_capacity,BAC_G::Longilinea,Bacteria,5,0.0,0.0,True,114.0,False,False
warning_acid_accumulation,BAC_G::Longilinea,Bacteria,5,,,True,,False,False
warning_ammonia_toxicity,BAC_G::Longilinea,Bacteria,5,0.0,0.0,True,101.0,False,False
warning_biogas_quality,BAC_G::Longilinea,Bacteria,5,0.0,0.0,True,129.0,False,False
warning_acid_base_balance,BAC_G::Luteimonas,Bacteria,5,0.0,0.0,True,87.0,False,False
warning_buffer_capacity,BAC_G::Luteimonas,Bacteria,5,0.0,0.0,True,114.0,False,False
warning_acid_accumulation,BAC_G::Luteimonas,Bacteria,5,,,True,,False,False
warning_ammonia_toxicity,BAC_G::Luteimonas,Bacteria,5,0.0,0.0,True,101.0,False,False
warning_biogas_quality,BAC_G::Luteimonas,Bacteria,5,0.0,0.0,True,129.0,False,False
warning_acid_base_balance,BAC_G::Lutispora,Bacteria,5,0.0,0.0,True,87.0,False,False
warning_buffer_capacity,BAC_G::Lutispora,Bacteria,5,0.0,0.0,True,114.0,False,False
warning_acid_accumulation,BAC_G::Lutispora,Bacteria,5,,,True,,False,False
warning_ammonia_toxicity,BAC_G::Lutispora,Bacteria,5,0.0,0.0,True,101.0,False,False
warning_biogas_quality,BAC_G::Lutispora,Bacteria,5,0.0,0.0,True,129.0,False,False
warning_acid_base_balance,BAC_G::MBA03,Bacteria,5,-0.02683035714285713,0.014047219141221664,True,273.0,False,False
warning_buffer_capacity,BAC_G::MBA03,Bacteria,5,0.0,0.0,True,114.0,False,False
warning_acid_accumulation,BAC_G::MBA03,Bacteria,5,,,True,,False,False
warning_ammonia_toxicity,BAC_G::MBA03,Bacteria,5,-0.0028571428571428636,0.006978048543476649,True,222.5,False,False
warning_biogas_quality,BAC_G::MBA03,Bacteria,5,-0.0024999999999999996,0.011180339887498947,True,252.0,False,False
warning_acid_base_balance,BAC_G::MVP-15,Bacteria,5,-0.0006696428571428548,0.0029947338984372077,True,179.5,False,False
warning_buffer_capacity,BAC_G::MVP-15,Bacteria,5,-0.0004166666666666666,0.0012824729401064423,True,237.5,False,False
warning_acid_accumulation,BAC_G::MVP-15,Bacteria,5,,,True,,False,False
warning_ammonia_toxicity,BAC_G::MVP-15,Bacteria,5,0.0,0.0,True,101.0,False,False
warning_biogas_quality,BAC_G::MVP-15,Bacteria,5,0.0,0.0,True,129.0,False,False
warning_acid_base_balance,BAC_G::Macellibacteroides,Bacteria,5,0.0,0.0,True,87.0,False,False
warning_buffer_capacity,BAC_G::Macellibacteroides,Bacteria,5,0.0,0.0,True,114.0,False,False
warning_acid_accumulation,BAC_G::Macellibacteroides,Bacteria,5,,,True,,False,False
warning_ammonia_toxicity,BAC_G::Macellibacteroides,Bacteria,5,0.0,0.0,True,101.0,False,False
warning_biogas_quality,BAC_G::Macellibacteroides,Bacteria,5,0.0,0.0,True,129.0,False,False
warning_acid_base_balance,BAC_G::Marinimicrobia_(SAR406_clade),Bacteria,5,0.0,0.0,True,87.0,False,False
warning_buffer_capacity,BAC_G::Marinimicrobia_(SAR406_clade),Bacteria,5,0.0,0.0,True,114.0,False,False
warning_acid_accumulation,BAC_G::Marinimicrobia_(SAR406_clade),Bacteria,5,,,True,,False,False
warning_ammonia_toxicity,BAC_G::Marinimicrobia_(SAR406_clade),Bacteria,5,0.0,0.0,True,101.0,False,False
warning_biogas_quality,BAC_G::Marinimicrobia_(SAR406_clade),Bacteria,5,0.0,0.0,True,129.0,False,False
warning_acid_base_balance,BAC_G::Mariniphaga,Bacteria,5,0.0,0.0,True,87.0,False,False
warning_buffer_capacity,BAC_G::Mariniphaga,Bacteria,5,0.0,0.0,True,114.0,False,False
warning_acid_accumulation,BAC_G::Mariniphaga,Bacteria,5,,,True,,False,False
warning_ammonia_toxicity,BAC_G::Mariniphaga,Bacteria,5,0.0,0.0,True,101.0,False,False
warning_biogas_quality,BAC_G::Mariniphaga,Bacteria,5,0.0,0.0,True,129.0,False,False
warning_acid_base_balance,BAC_G::Megasphaera,Bacteria,5,0.0,0.0,True,87.0,False,False
warning_buffer_capacity,BAC_G::Megasphaera,Bacteria,5,0.0,0.0,True,114.0,False,False
warning_acid_accumulation,BAC_G::Megasphaera,Bacteria,5,,,True,,False,False
warning_ammonia_toxicity,BAC_G::Megasphaera,Bacteria,5,0.0,0.0,True,101.0,False,False
warning_biogas_quality,BAC_G::Megasphaera,Bacteria,5,0.0,0.0,True,129.0,False,False
warning_acid_base_balance,BAC_G::Mesotoga,Bacteria,5,-0.0006696428571428548,0.0029947338984372077,True,179.5,False,False
warning_buffer_capacity,BAC_G::Mesotoga,Bacteria,5,-0.0002083333333333333,0.000931694990624912,True,222.5,False,False
warning_acid_accumulation,BAC_G::Mesotoga,Bacteria,5,,,True,,False,False
warning_ammonia_toxicity,BAC_G::Mesotoga,Bacteria,5,-0.001904761904761909,0.0058627334404866074,True,210.5,False,False
warning_biogas_quality,BAC_G::Mesotoga,Bacteria,5,0.0,0.0,True,129.0,False,False
warning_acid_base_balance,BAC_G::Methylotenera,Bacteria,5,0.0,0.0,True,87.0,False,False
warning_buffer_capacity,BAC_G::Methylotenera,Bacteria,5,-0.0002083333333333333,0.000931694990624912,True,222.5,False,False
warning_acid_accumulation,BAC_G::Methylotenera,Bacteria,5,,,True,,False,False
warning_ammonia_toxicity,BAC_G::Methylotenera,Bacteria,5,0.0,0.0,True,101.0,False,False
warning_biogas_quality,BAC_G::Methylotenera,Bacteria,5,0.0,0.0,True,129.0,False,False
warning_acid_base_balance,BAC_G::MgMjR-022,Bacteria,5,0.0,0.0,True,87.0,False,False
warning_buffer_capacity,BAC_G::MgMjR-022,Bacteria,5,0.0,0.0,True,114.0,False,False
warning_acid_accumulation,BAC_G::MgMjR-022,Bacteria,5,,,True,,False,False
warning_ammonia_toxicity,BAC_G::MgMjR-022,Bacteria,5,0.0,0.0,True,101.0,False,False
warning_biogas_quality,BAC_G::MgMjR-022,Bacteria,5,0.0,0.0,True,129.0,False,False
warning_acid_base_balance,BAC_G::Myroides,Bacteria,5,0.0,0.0,True,87.0,False,False
warning_buffer_capacity,BAC_G::Myroides,Bacteria,5,0.0,0.0,True,114.0,False,False
warning_acid_accumulation,BAC_G::Myroides,Bacteria,5,,,True,,False,False
warning_ammonia_toxicity,BAC_G::Myroides,Bacteria,5,0.0,0.0,True,101.0,False,False
warning_biogas_quality,BAC_G::Myroides,Bacteria,5,0.0,0.0,True,129.0,False,False
warning_acid_base_balance,BAC_G::Nitrosomonas,Bacteria,5,0.0,0.0,True,87.0,False,False
warning_buffer_capacity,BAC_G::Nitrosomonas,Bacteria,5,0.0,0.0,True,114.0,False,False
warning_acid_accumulation,BAC_G::Nitrosomonas,Bacteria,5,,,True,,False,False
warning_ammonia_toxicity,BAC_G::Nitrosomonas,Bacteria,5,0.0,0.0,True,101.0,False,False
warning_biogas_quality,BAC_G::Nitrosomonas,Bacteria,5,0.0,0.0,True,129.0,False,False
warning_acid_base_balance,BAC_G::OLB12,Bacteria,5,0.0,0.0,True,87.0,False,False
warning_buffer_capacity,BAC_G::OLB12,Bacteria,5,0.0,0.0,True,114.0,False,False
warning_acid_accumulation,BAC_G::OLB12,Bacteria,5,,,True,,False,False
warning_ammonia_toxicity,BAC_G::OLB12,Bacteria,5,0.0,0.0,True,101.0,False,False
warning_biogas_quality,BAC_G::OLB12,Bacteria,5,0.0,0.0,True,129.0,False,False
warning_acid_base_balance,BAC_G::OLB8,Bacteria,5,0.0,0.0,True,87.0,False,False
warning_buffer_capacity,BAC_G::OLB8,Bacteria,5,0.0,0.0,True,114.0,False,False
warning_acid_accumulation,BAC_G::OLB8,Bacteria,5,,,True,,False,False
warning_ammonia_toxicity,BAC_G::OLB8,Bacteria,5,0.0,0.0,True,101.0,False,False
warning_biogas_quality,BAC_G::OLB8,Bacteria,5,0.0,0.0,True,129.0,False,False
warning_acid_base_balance,BAC_G::Olsenella,Bacteria,5,0.0,0.0,True,87.0,False,False
warning_buffer_capacity,BAC_G::Olsenella,Bacteria,5,-0.0002083333333333333,0.0009316949906249122,True,222.5,False,False
warning_acid_accumulation,BAC_G::Olsenella,Bacteria,5,,,True,,False,False
warning_ammonia_toxicity,BAC_G::Olsenella,Bacteria,5,0.0,0.0,True,101.0,False,False
warning_biogas_quality,BAC_G::Olsenella,Bacteria,5,-0.0024999999999999996,0.011180339887498947,True,252.0,False,False
warning_acid_base_balance,BAC_G::Oscillospira,Bacteria,5,0.0,0.0,True,87.0,False,False
warning_buffer_capacity,BAC_G::Oscillospira,Bacteria,5,0.0,0.0,True,114.0,False,False
warning_acid_accumulation,BAC_G::Oscillospira,Bacteria,5,,,True,,False,False
warning_ammonia_toxicity,BAC_G::Oscillospira,Bacteria,5,0.0,0.0,True,101.0,False,False
warning_biogas_quality,BAC_G::Oscillospira,Bacteria,5,0.0,0.0,True,129.0,False,False
warning_acid_base_balance,BAC_G::PB19,Bacteria,5,0.0,0.0,True,87.0,False,False
warning_buffer_capacity,BAC_G::PB19,Bacteria,5,0.0,0.0,True,114.0,False,False
warning_acid_accumulation,BAC_G::PB19,Bacteria,5,,,True,,False,False
warning_ammonia_toxicity,BAC_G::PB19,Bacteria,5,0.0,0.0,True,101.0,False,False
warning_biogas_quality,BAC_G::PB19,Bacteria,5,0.0,0.0,True,129.0,False,False
warning_acid_base_balance,BAC_G::Paludibacter,Bacteria,5,-0.0006696428571428548,0.0029947338984372073,True,179.5,False,False
warning_buffer_capacity,BAC_G::Paludibacter,Bacteria,5,-0.003749999999999999,0.0012824729401064423,True,267.0,False,False
warning_acid_accumulation,BAC_G::Paludibacter,Bacteria,5,,,True,,False,False
warning_ammonia_toxicity,BAC_G::Paludibacter,Bacteria,5,0.0,0.0,True,101.0,False,False
warning_biogas_quality,BAC_G::Paludibacter,Bacteria,5,0.0,0.0,True,129.0,False,False
warning_acid_base_balance,BAC_G::Pantoea,Bacteria,5,0.0,0.0,True,87.0,False,False
warning_buffer_capacity,BAC_G::Pantoea,Bacteria,5,0.0,0.0,True,114.0,False,False
warning_acid_accumulation,BAC_G::Pantoea,Bacteria,5,,,True,,False,False
warning_ammonia_toxicity,BAC_G::Pantoea,Bacteria,5,0.0,0.0,True,101.0,False,False
warning_biogas_quality,BAC_G::Pantoea,Bacteria,5,0.0,0.0,True,129.0,False,False
warning_acid_base_balance,BAC_G::Paracoccus,Bacteria,5,0.0,0.0,False,87.0,False,False
warning_buffer_capacity,BAC_G::Paracoccus,Bacteria,5,0.0,0.0,False,114.0,False,False
warning_acid_accumulation,BAC_G::Paracoccus,Bacteria,5,,,False,,False,False
warning_ammonia_toxicity,BAC_G::Paracoccus,Bacteria,5,0.0,0.0,False,101.0,False,False
warning_biogas_quality,BAC_G::Paracoccus,Bacteria,5,0.0,0.0,False,129.0,False,False
warning_acid_base_balance,BAC_G::Pedosphaeraceae,Bacteria,5,0.0,0.0,True,87.0,False,False
warning_buffer_capacity,BAC_G::Pedosphaeraceae,Bacteria,5,0.0,0.0,True,114.0,False,False
warning_acid_accumulation,BAC_G::Pedosphaeraceae,Bacteria,5,,,True,,False,False
warning_ammonia_toxicity,BAC_G::Pedosphaeraceae,Bacteria,5,0.0,0.0,True,101.0,False,False
warning_biogas_quality,BAC_G::Pedosphaeraceae,Bacteria,5,0.0,0.0,True,129.0,False,False
warning_acid_base_balance,BAC_G::Pelotomaculum,Bacteria,5,-0.002678571428571419,0.005496312600456164,True,208.5,False,False
warning_buffer_capacity,BAC_G::Pelotomaculum,Bacteria,5,-0.0002484647705235939,0.004316992256866526,True,230.0,False,False
warning_acid_accumulation,BAC_G::Pelotomaculum,Bacteria,5,,,True,,False,False
warning_ammonia_toxicity,BAC_G::Pelotomaculum,Bacteria,5,-0.003809523809523818,0.007816977920648812,True,230.5,False,False
warning_biogas_quality,BAC_G::Pelotomaculum,Bacteria,5,0.0,0.0,True,129.0,False,False
warning_acid_base_balance,BAC_G::Petrimonas,Bacteria,5,0.0,0.0,True,87.0,False,False
warning_buffer_capacity,BAC_G::Petrimonas,Bacteria,5,0.0,0.0,True,114.0,False,False
warning_acid_accumulation,BAC_G::Petrimonas,Bacteria,5,,,True,,False,False
warning_ammonia_toxicity,BAC_G::Petrimonas,Bacteria,5,0.0,0.0,True,101.0,False,False
warning_biogas_quality,BAC_G::Petrimonas,Bacteria,5,0.0,0.0,True,129.0,False,False
warning_acid_base_balance,BAC_G::Prevotella,Bacteria,5,0.0,0.0,True,87.0,False,False
warning_buffer_capacity,BAC_G::Prevotella,Bacteria,5,0.0,0.0,True,114.0,False,False
warning_acid_accumulation,BAC_G::Prevotella,Bacteria,5,,,True,,False,False
warning_ammonia_toxicity,BAC_G::Prevotella,Bacteria,5,0.0,0.0,True,101.0,False,False
warning_biogas_quality,BAC_G::Prevotella,Bacteria,5,0.0,0.0,True,129.0,False,False
warning_acid_base_balance,BAC_G::Proteiniphilum,Bacteria,5,-0.013521374458874446,0.018612391768139284,True,262.0,False,False
warning_buffer_capacity,BAC_G::Proteiniphilum,Bacteria,5,0.0,0.0,True,114.0,False,False
warning_acid_accumulation,BAC_G::Proteiniphilum,Bacteria,5,,,True,,False,False
warning_ammonia_toxicity,BAC_G::Proteiniphilum,Bacteria,5,0.09499062049062038,0.027070051337955304,True,2.0,True,True
warning_biogas_quality,BAC_G::Proteiniphilum,Bacteria,5,0.0,0.0,True,129.0,False,False
warning_acid_base_balance,BAC_G::Proteocatella,Bacteria,5,0.0,0.0,True,87.0,False,False
warning_buffer_capacity,BAC_G::Proteocatella,Bacteria,5,0.0,0.0,True,114.0,False,False
warning_acid_accumulation,BAC_G::Proteocatella,Bacteria,5,,,True,,False,False
warning_ammonia_toxicity,BAC_G::Proteocatella,Bacteria,5,0.0,0.0,True,101.0,False,False
warning_biogas_quality,BAC_G::Proteocatella,Bacteria,5,0.0,0.0,True,129.0,False,False
warning_acid_base_balance,BAC_G::Pseudomonas,Bacteria,5,0.0,0.0,True,87.0,False,False
warning_buffer_capacity,BAC_G::Pseudomonas,Bacteria,5,0.0,0.0,True,114.0,False,False
warning_acid_accumulation,BAC_G::Pseudomonas,Bacteria,5,,,True,,False,False
warning_ammonia_toxicity,BAC_G::Pseudomonas,Bacteria,5,0.0,0.0,True,101.0,False,False
warning_biogas_quality,BAC_G::Pseudomonas,Bacteria,5,0.0,0.0,True,129.0,False,False
warning_acid_base_balance,BAC_G::Pseudoramibacter,Bacteria,5,0.0,0.0,True,87.0,False,False
warning_buffer_capacity,BAC_G::Pseudoramibacter,Bacteria,5,0.0,0.0,True,114.0,False,False
warning_acid_accumulation,BAC_G::Pseudoramibacter,Bacteria,5,,,True,,False,False
warning_ammonia_toxicity,BAC_G::Pseudoramibacter,Bacteria,5,0.0,0.0,True,101.0,False,False
warning_biogas_quality,BAC_G::Pseudoramibacter,Bacteria,5,0.0,0.0,True,129.0,False,False
warning_acid_base_balance,BAC_G::RBG-16-49-21,Bacteria,5,0.0,0.0,True,87.0,False,False
warning_buffer_capacity,BAC_G::RBG-16-49-21,Bacteria,5,0.0,0.0,True,114.0,False,False
warning_acid_accumulation,BAC_G::RBG-16-49-21,Bacteria,5,,,True,,False,False
warning_ammonia_toxicity,BAC_G::RBG-16-49-21,Bacteria,5,0.0,0.0,True,101.0,False,False
warning_biogas_quality,BAC_G::RBG-16-49-21,Bacteria,5,0.0,0.0,True,129.0,False,False
warning_acid_base_balance,BAC_G::Raoultibacter,Bacteria,5,0.0,0.0,True,87.0,False,False
warning_buffer_capacity,BAC_G::Raoultibacter,Bacteria,5,0.0,0.0,True,114.0,False,False
warning_acid_accumulation,BAC_G::Raoultibacter,Bacteria,5,,,True,,False,False
warning_ammonia_toxicity,BAC_G::Raoultibacter,Bacteria,5,0.0,0.0,True,101.0,False,False
warning_biogas_quality,BAC_G::Raoultibacter,Bacteria,5,0.0,0.0,True,129.0,False,False
warning_acid_base_balance,BAC_G::Rhodobacter,Bacteria,5,-0.002463474025974016,0.00512669181273817,True,203.0,False,False
warning_buffer_capacity,BAC_G::Rhodobacter,Bacteria,5,-0.0006249999999999999,0.001526448118885513,True,245.5,False,False
warning_acid_accumulation,BAC_G::Rhodobacter,Bacteria,5,,,True,,False,False
warning_ammonia_toxicity,BAC_G::Rhodobacter,Bacteria,5,0.0,0.0,True,101.0,False,False
warning_biogas_quality,BAC_G::Rhodobacter,Bacteria,5,0.0,0.0,True,129.0,False,False
warning_acid_base_balance,BAC_G::Ruminiclostridium,Bacteria,5,-0.009090909090909038,0.0,True,254.0,False,False
warning_buffer_capacity,BAC_G::Ruminiclostridium,Bacteria,5,0.0,0.0,True,114.0,False,False
warning_acid_accumulation,BAC_G::Ruminiclostridium,Bacteria,5,,,True,,False,False
warning_ammonia_toxicity,BAC_G::Ruminiclostridium,Bacteria,5,-0.01904761904761909,0.0,True,270.5,False,False
warning_biogas_quality,BAC_G::Ruminiclostridium,Bacteria,5,-0.0024999999999999996,0.011180339887498947,True,252.0,False,False
warning_acid_base_balance,BAC_G::Ruminococcus,Bacteria,5,0.0,0.0,True,87.0,False,False
warning_buffer_capacity,BAC_G::Ruminococcus,Bacteria,5,0.0,0.0,True,114.0,False,False
warning_acid_accumulation,BAC_G::Ruminococcus,Bacteria,5,,,True,,False,False
warning_ammonia_toxicity,BAC_G::Ruminococcus,Bacteria,5,0.0,0.0,True,101.0,False,False
warning_biogas_quality,BAC_G::Ruminococcus,Bacteria,5,0.0,0.0,True,129.0,False,False
warning_acid_base_balance,BAC_G::SBR1031,Bacteria,5,-0.003348214285714274,0.005949932923919433,True,215.0,False,False
warning_buffer_capacity,BAC_G::SBR1031,Bacteria,5,-0.0010386672151378028,0.009328302497336865,True,250.0,False,False
warning_acid_accumulation,BAC_G::SBR1031,Bacteria,5,,,True,,False,False
warning_ammonia_toxicity,BAC_G::SBR1031,Bacteria,5,-0.006666666666666682,0.009321152093897028,True,241.0,False,False
warning_biogas_quality,BAC_G::SBR1031,Bacteria,5,-0.0074999999999999945,0.027823062502491416,True,263.0,False,False
warning_acid_base_balance,BAC_G::SC-I-84,Bacteria,5,-0.002232142857142855,0.007456123896909032,True,202.0,False,False
warning_buffer_capacity,BAC_G::SC-I-84,Bacteria,5,-0.0036011904761904753,0.002572749533072276,True,266.0,False,False
warning_acid_accumulation,BAC_G::SC-I-84,Bacteria,5,,,True,,False,False
warning_ammonia_toxicity,BAC_G::SC-I-84,Bacteria,5,-0.0009523809523809545,0.0042591770999996096,True,199.0,False,False
warning_biogas_quality,BAC_G::SC-I-84,Bacteria,5,0.0,0.0,True,129.0,False,False
warning_acid_base_balance,BAC_G::SC103,Bacteria,5,-0.0051339285714285645,0.010167249837271176,True,232.5,False,False
warning_buffer_capacity,BAC_G::SC103,Bacteria,5,-0.0006249999999999999,0.0015264481188855133,True,245.5,False,False
warning_acid_accumulation,BAC_G::SC103,Bacteria,5,,,True,,False,False
warning_ammonia_toxicity,BAC_G::SC103,Bacteria,5,-0.006666666666666682,0.009321152093897028,True,241.0,False,False
warning_biogas_quality,BAC_G::SC103,Bacteria,5,0.0,0.0,True,129.0,False,False
warning_acid_base_balance,BAC_G::SJA-15,Bacteria,5,0.0,0.0,True,87.0,False,False
warning_buffer_capacity,BAC_G::SJA-15,Bacteria,5,0.0,0.0,True,114.0,False,False
warning_acid_accumulation,BAC_G::SJA-15,Bacteria,5,,,True,,False,False
warning_ammonia_toxicity,BAC_G::SJA-15,Bacteria,5,0.0,0.0,True,101.0,False,False
warning_biogas_quality,BAC_G::SJA-15,Bacteria,5,0.0,0.0,True,129.0,False,False
warning_acid_base_balance,BAC_G::SJA-28,Bacteria,5,-0.004017857142857129,0.006296817133682485,True,221.0,False,False
warning_buffer_capacity,BAC_G::SJA-28,Bacteria,5,-0.003958333333333333,0.0009316949906249119,True,270.5,False,False
warning_acid_accumulation,BAC_G::SJA-28,Bacteria,5,,,True,,False,False
warning_ammonia_toxicity,BAC_G::SJA-28,Bacteria,5,0.0,0.0,True,101.0,False,False
warning_biogas_quality,BAC_G::SJA-28,Bacteria,5,0.0,0.0,True,129.0,False,False
warning_acid_base_balance,BAC_G::ST-12K33,Bacteria,5,0.0,0.0,True,87.0,False,False
warning_buffer_capacity,BAC_G::ST-12K33,Bacteria,5,0.0,0.0,True,114.0,False,False
warning_acid_accumulation,BAC_G::ST-12K33,Bacteria,5,,,True,,False,False
warning_ammonia_toxicity,BAC_G::ST-12K33,Bacteria,5,-0.015238095238095273,0.00781697792064881,True,263.0,False,False
warning_biogas_quality,BAC_G::ST-12K33,Bacteria,5,0.0,0.0,True,129.0,False,False
warning_acid_base_balance,BAC_G::Saccharofermentans,Bacteria,5,0.0,0.0,True,87.0,False,False
warning_buffer_capacity,BAC_G::Saccharofermentans,Bacteria,5,0.0,0.0,True,114.0,False,False
warning_acid_accumulation,BAC_G::Saccharofermentans,Bacteria,5,,,True,,False,False
warning_ammonia_toxicity,BAC_G::Saccharofermentans,Bacteria,5,0.0,0.0,True,101.0,False,False
warning_biogas_quality,BAC_G::Saccharofermentans,Bacteria,5,0.0,0.0,True,129.0,False,False
warning_acid_base_balance,BAC_G::Sedimentibacter,Bacteria,5,-0.004017857142857129,0.006296817133682486,True,221.0,False,False
warning_buffer_capacity,BAC_G::Sedimentibacter,Bacteria,5,-0.0002083333333333333,0.000931694990624912,True,222.5,False,False
warning_acid_accumulation,BAC_G::Sedimentibacter,Bacteria,5,,,True,,False,False
warning_ammonia_toxicity,BAC_G::Sedimentibacter,Bacteria,5,-0.006666666666666682,0.009321152093897028,True,241.0,False,False
warning_biogas_quality,BAC_G::Sedimentibacter,Bacteria,5,0.0,0.0,True,129.0,False,False
warning_acid_base_balance,BAC_G::Shuttleworthia,Bacteria,5,0.0,0.0,False,87.0,False,False
warning_buffer_capacity,BAC_G::Shuttleworthia,Bacteria,5,0.0,0.0,False,114.0,False,False
warning_acid_accumulation,BAC_G::Shuttleworthia,Bacteria,5,,,False,,False,False
warning_ammonia_toxicity,BAC_G::Shuttleworthia,Bacteria,5,0.0,0.0,False,101.0,False,False
warning_biogas_quality,BAC_G::Shuttleworthia,Bacteria,5,0.0,0.0,False,129.0,False,False
warning_acid_base_balance,BAC_G::Simplicispira,Bacteria,5,0.0,0.0,True,87.0,False,False
warning_buffer_capacity,BAC_G::Simplicispira,Bacteria,5,0.0,0.0,True,114.0,False,False
warning_acid_accumulation,BAC_G::Simplicispira,Bacteria,5,,,True,,False,False
warning_ammonia_toxicity,BAC_G::Simplicispira,Bacteria,5,0.0,0.0,True,101.0,False,False
warning_biogas_quality,BAC_G::Simplicispira,Bacteria,5,0.0,0.0,True,129.0,False,False
warning_acid_base_balance,BAC_G::Smithella,Bacteria,5,-0.0035714285714285644,0.008142049161865986,True,216.0,False,False
warning_buffer_capacity,BAC_G::Smithella,Bacteria,5,-7.352941176470562e-05,0.002206742178486572,True,216.0,False,False
warning_acid_accumulation,BAC_G::Smithella,Bacteria,5,,,True,,False,False
warning_ammonia_toxicity,BAC_G::Smithella,Bacteria,5,-0.0028571428571428636,0.006978048543476649,True,222.5,False,False
warning_biogas_quality,BAC_G::Smithella,Bacteria,5,0.0,0.0,True,129.0,False,False
warning_acid_base_balance,BAC_G::Sphaerochaeta,Bacteria,5,0.0,0.0,True,87.0,False,False
warning_buffer_capacity,BAC_G::Sphaerochaeta,Bacteria,5,-0.0004166666666666666,0.0012824729401064423,True,237.5,False,False
warning_acid_accumulation,BAC_G::Sphaerochaeta,Bacteria,5,,,True,,False,False
warning_ammonia_toxicity,BAC_G::Sphaerochaeta,Bacteria,5,0.0,0.0,True,101.0,False,False
warning_biogas_quality,BAC_G::Sphaerochaeta,Bacteria,5,0.0,0.0,True,129.0,False,False
warning_acid_base_balance,BAC_G::Stenotrophomonas,Bacteria,5,0.0,0.0,True,87.0,False,False
warning_buffer_capacity,BAC_G::Stenotrophomonas,Bacteria,5,0.0,0.0,True,114.0,False,False
warning_acid_accumulation,BAC_G::Stenotrophomonas,Bacteria,5,,,True,,False,False
warning_ammonia_toxicity,BAC_G::Stenotrophomonas,Bacteria,5,0.0,0.0,True,101.0,False,False
warning_biogas_quality,BAC_G::Stenotrophomonas,Bacteria,5,0.0,0.0,True,129.0,False,False
warning_acid_base_balance,BAC_G::Sterolibacterium,Bacteria,5,0.0,0.0,True,87.0,False,False
warning_buffer_capacity,BAC_G::Sterolibacterium,Bacteria,5,0.0,0.0,True,114.0,False,False
warning_acid_accumulation,BAC_G::Sterolibacterium,Bacteria,5,,,True,,False,False
warning_ammonia_toxicity,BAC_G::Sterolibacterium,Bacteria,5,0.0,0.0,True,101.0,False,False
warning_biogas_quality,BAC_G::Sterolibacterium,Bacteria,5,0.0,0.0,True,129.0,False,False
warning_acid_base_balance,BAC_G::Streptococcus,Bacteria,5,0.0,0.0,True,87.0,False,False
warning_buffer_capacity,BAC_G::Streptococcus,Bacteria,5,0.0,0.0,True,114.0,False,False
warning_acid_accumulation,BAC_G::Streptococcus,Bacteria,5,,,True,,False,False
warning_ammonia_toxicity,BAC_G::Streptococcus,Bacteria,5,0.0,0.0,True,101.0,False,False
warning_biogas_quality,BAC_G::Streptococcus,Bacteria,5,0.0,0.0,True,129.0,False,False
warning_acid_base_balance,BAC_G::Sutterella,Bacteria,5,0.0,0.0,True,87.0,False,False
warning_buffer_capacity,BAC_G::Sutterella,Bacteria,5,0.0,0.0,True,114.0,False,False
warning_acid_accumulation,BAC_G::Sutterella,Bacteria,5,,,True,,False,False
warning_ammonia_toxicity,BAC_G::Sutterella,Bacteria,5,0.0,0.0,True,101.0,False,False
warning_biogas_quality,BAC_G::Sutterella,Bacteria,5,0.0,0.0,True,129.0,False,False
warning_acid_base_balance,BAC_G::Syner-01,Bacteria,5,-0.004241071428571419,0.008380124520337949,True,225.5,False,False
warning_buffer_capacity,BAC_G::Syner-01,Bacteria,5,0.0029263415892672867,0.004964240910830152,True,2.0,True,True
warning_acid_accumulation,BAC_G::Syner-01,Bacteria,5,,,True,,False,False
warning_ammonia_toxicity,BAC_G::Syner-01,Bacteria,5,-0.006666666666666682,0.009321152093897028,True,241.0,False,False
warning_biogas_quality,BAC_G::Syner-01,Bacteria,5,-0.004999999999999999,0.015389675281277307,True,260.0,False,False
warning_acid_base_balance,BAC_G::Syntrophaceticus,Bacteria,5,-0.015848214285714257,0.010290307264783308,True,264.0,False,False
warning_buffer_capacity,BAC_G::Syntrophaceticus,Bacteria,5,-0.0004166666666666666,0.0012824729401064423,True,237.5,False,False
warning_acid_accumulation,BAC_G::Syntrophaceticus,Bacteria,5,,,True,,False,False
warning_ammonia_toxicity,BAC_G::Syntrophaceticus,Bacteria,5,-0.018396103896103945,0.012325512558791244,True,267.0,False,False
warning_biogas_quality,BAC_G::Syntrophaceticus,Bacteria,5,0.0,0.0,True,129.0,False,False
warning_acid_base_balance,BAC_G::Syntrophobacter,Bacteria,5,0.0,0.0,True,87.0,False,False
warning_buffer_capacity,BAC_G::Syntrophobacter,Bacteria,5,0.0,0.0,True,114.0,False,False
warning_acid_accumulation,BAC_G::Syntrophobacter,Bacteria,5,,,True,,False,False
warning_ammonia_toxicity,BAC_G::Syntrophobacter,Bacteria,5,0.0,0.0,True,101.0,False,False
warning_biogas_quality,BAC_G::Syntrophobacter,Bacteria,5,0.0,0.0,True,129.0,False,False
warning_acid_base_balance,BAC_G::Syntrophococcus,Bacteria,5,0.0,0.0,True,87.0,False,False
warning_buffer_capacity,BAC_G::Syntrophococcus,Bacteria,5,0.0,0.0,True,114.0,False,False
warning_acid_accumulation,BAC_G::Syntrophococcus,Bacteria,5,,,True,,False,False
warning_ammonia_toxicity,BAC_G::Syntrophococcus,Bacteria,5,0.0,0.0,True,101.0,False,False
warning_biogas_quality,BAC_G::Syntrophococcus,Bacteria,5,0.0,0.0,True,129.0,False,False
warning_acid_base_balance,BAC_G::Syntrophomonas,Bacteria,5,0.0,0.0,True,87.0,False,False
warning_buffer_capacity,BAC_G::Syntrophomonas,Bacteria,5,0.0002982026143790853,0.0023863858034149227,True,11.0,False,True
warning_acid_accumulation,BAC_G::Syntrophomonas,Bacteria,5,,,True,,False,False
warning_ammonia_toxicity,BAC_G::Syntrophomonas,Bacteria,5,-0.012380952380952409,0.009321152093897028,True,258.5,False,False
warning_biogas_quality,BAC_G::Syntrophomonas,Bacteria,5,0.0,0.0,True,129.0,False,False
warning_acid_base_balance,BAC_G::Syntrophorhabdus,Bacteria,5,-0.006026785714285693,0.006835952484830874,True,237.0,False,False
warning_buffer_capacity,BAC_G::Syntrophorhabdus,Bacteria,5,-0.003839285714285713,0.0028348322207873812,True,269.0,False,False
warning_acid_accumulation,BAC_G::Syntrophorhabdus,Bacteria,5,,,True,,False,False
warning_ammonia_toxicity,BAC_G::Syntrophorhabdus,Bacteria,5,-0.003809523809523818,0.007816977920648812,True,230.5,False,False
warning_biogas_quality,BAC_G::Syntrophorhabdus,Bacteria,5,0.0,0.0,True,129.0,False,False
warning_acid_base_balance,BAC_G::Syntrophus,Bacteria,5,0.0,0.0,True,87.0,False,False
warning_buffer_capacity,BAC_G::Syntrophus,Bacteria,5,0.0,0.0,True,114.0,False,False
warning_acid_accumulation,BAC_G::Syntrophus,Bacteria,5,,,True,,False,False
warning_ammonia_toxicity,BAC_G::Syntrophus,Bacteria,5,0.0,0.0,True,101.0,False,False
warning_biogas_quality,BAC_G::Syntrophus,Bacteria,5,0.0,0.0,True,129.0,False,False
warning_acid_base_balance,BAC_G::TTA-B1,Bacteria,5,0.0,0.0,True,87.0,False,False
warning_buffer_capacity,BAC_G::TTA-B1,Bacteria,5,0.0,0.0,True,114.0,False,False
warning_acid_accumulation,BAC_G::TTA-B1,Bacteria,5,,,True,,False,False
warning_ammonia_toxicity,BAC_G::TTA-B1,Bacteria,5,0.0,0.0,True,101.0,False,False
warning_biogas_quality,BAC_G::TTA-B1,Bacteria,5,0.0,0.0,True,129.0,False,False
warning_acid_base_balance,BAC_G::Tepidimicrobium,Bacteria,5,-0.027608225108225092,0.01612249784345177,True,274.0,False,False
warning_buffer_capacity,BAC_G::Tepidimicrobium,Bacteria,5,-0.00037698412698412636,0.003444377552295811,True,233.0,False,False
warning_acid_accumulation,BAC_G::Tepidimicrobium,Bacteria,5,,,True,,False,False
warning_ammonia_toxicity,BAC_G::Tepidimicrobium,Bacteria,5,-0.001904761904761909,0.005862733440486608,True,210.5,False,False
warning_biogas_quality,BAC_G::Tepidimicrobium,Bacteria,5,0.0,0.0,True,129.0,False,False
warning_acid_base_balance,BAC_G::Terrimonas,Bacteria,5,0.0,0.0,True,87.0,False,False
warning_buffer_capacity,BAC_G::Terrimonas,Bacteria,5,0.0,0.0,True,114.0,False,False
warning_acid_accumulation,BAC_G::Terrimonas,Bacteria,5,,,True,,False,False
warning_ammonia_toxicity,BAC_G::Terrimonas,Bacteria,5,0.0,0.0,True,101.0,False,False
warning_biogas_quality,BAC_G::Terrimonas,Bacteria,5,0.0,0.0,True,129.0,False,False
warning_acid_base_balance,BAC_G::Tetrasphaera,Bacteria,5,-0.0020089285714285643,0.004906440382131991,True,198.5,False,False
warning_buffer_capacity,BAC_G::Tetrasphaera,Bacteria,5,0.0,0.0,True,114.0,False,False
warning_acid_accumulation,BAC_G::Tetrasphaera,Bacteria,5,,,True,,False,False
warning_ammonia_toxicity,BAC_G::Tetrasphaera,Bacteria,5,0.0,0.0,True,101.0,False,False
warning_biogas_quality,BAC_G::Tetrasphaera,Bacteria,5,0.0,0.0,True,129.0,False,False
warning_acid_base_balance,BAC_G::Thauera,Bacteria,5,0.0,0.0,True,87.0,False,False
warning_buffer_capacity,BAC_G::Thauera,Bacteria,5,0.0,0.0,True,114.0,False,False
warning_acid_accumulation,BAC_G::Thauera,Bacteria,5,,,True,,False,False
warning_ammonia_toxicity,BAC_G::Thauera,Bacteria,5,0.0,0.0,True,101.0,False,False
warning_biogas_quality,BAC_G::Thauera,Bacteria,5,0.0,0.0,True,129.0,False,False
warning_acid_base_balance,BAC_G::Thermoanaerobaculum,Bacteria,5,0.0,0.0,True,87.0,False,False
warning_buffer_capacity,BAC_G::Thermoanaerobaculum,Bacteria,5,0.0,0.0,True,114.0,False,False
warning_acid_accumulation,BAC_G::Thermoanaerobaculum,Bacteria,5,,,True,,False,False
warning_ammonia_toxicity,BAC_G::Thermoanaerobaculum,Bacteria,5,0.0,0.0,True,101.0,False,False
warning_biogas_quality,BAC_G::Thermoanaerobaculum,Bacteria,5,0.0,0.0,True,129.0,False,False
warning_acid_base_balance,BAC_G::Thermomonas,Bacteria,5,0.0,0.0,True,87.0,False,False
warning_buffer_capacity,BAC_G::Thermomonas,Bacteria,5,0.0,0.0,True,114.0,False,False
warning_acid_accumulation,BAC_G::Thermomonas,Bacteria,5,,,True,,False,False
warning_ammonia_toxicity,BAC_G::Thermomonas,Bacteria,5,0.0,0.0,True,101.0,False,False
warning_biogas_quality,BAC_G::Thermomonas,Bacteria,5,0.0,0.0,True,129.0,False,False
warning_acid_base_balance,BAC_G::Thermovirga,Bacteria,5,0.0,0.0,True,87.0,False,False
warning_buffer_capacity,BAC_G::Thermovirga,Bacteria,5,0.0,0.0,True,114.0,False,False
warning_acid_accumulation,BAC_G::Thermovirga,Bacteria,5,,,True,,False,False
warning_ammonia_toxicity,BAC_G::Thermovirga,Bacteria,5,0.0,0.0,True,101.0,False,False
warning_biogas_quality,BAC_G::Thermovirga,Bacteria,5,0.0,0.0,True,129.0,False,False
warning_acid_base_balance,BAC_G::Thermus,Bacteria,5,0.0,0.0,True,87.0,False,False
warning_buffer_capacity,BAC_G::Thermus,Bacteria,5,0.0,0.0,True,114.0,False,False
warning_acid_accumulation,BAC_G::Thermus,Bacteria,5,,,True,,False,False
warning_ammonia_toxicity,BAC_G::Thermus,Bacteria,5,0.0,0.0,True,101.0,False,False
warning_biogas_quality,BAC_G::Thermus,Bacteria,5,0.0,0.0,True,129.0,False,False
warning_acid_base_balance,BAC_G::Tissierella,Bacteria,5,-0.018973214285714256,0.009702695671971807,True,267.5,False,False
warning_buffer_capacity,BAC_G::Tissierella,Bacteria,5,-0.001696428571428571,0.0025785415753726993,True,257.0,False,False
warning_acid_accumulation,BAC_G::Tissierella,Bacteria,5,,,True,,False,False
warning_ammonia_toxicity,BAC_G::Tissierella,Bacteria,5,-0.015238095238095273,0.007816977920648812,True,263.0,False,False
warning_biogas_quality,BAC_G::Tissierella,Bacteria,5,0.0,0.0,True,129.0,False,False
warning_acid_base_balance,BAC_G::Treponema,Bacteria,5,0.0,0.0,True,87.0,False,False
warning_buffer_capacity,BAC_G::Treponema,Bacteria,5,0.0,0.0,True,114.0,False,False
warning_acid_accumulation,BAC_G::Treponema,Bacteria,5,,,True,,False,False
warning_ammonia_toxicity,BAC_G::Treponema,Bacteria,5,0.0,0.0,True,101.0,False,False
warning_biogas_quality,BAC_G::Treponema,Bacteria,5,0.0,0.0,True,129.0,False,False
warning_acid_base_balance,BAC_G::Truepera,Bacteria,5,0.0,0.0,True,87.0,False,False
warning_buffer_capacity,BAC_G::Truepera,Bacteria,5,0.0,0.0,True,114.0,False,False
warning_acid_accumulation,BAC_G::Truepera,Bacteria,5,,,True,,False,False
warning_ammonia_toxicity,BAC_G::Truepera,Bacteria,5,0.0,0.0,True,101.0,False,False
warning_biogas_quality,BAC_G::Truepera,Bacteria,5,0.0,0.0,True,129.0,False,False
warning_acid_base_balance,BAC_G::UCG-010,Bacteria,5,0.0,0.0,True,87.0,False,False
warning_buffer_capacity,BAC_G::UCG-010,Bacteria,5,0.0,0.0,True,114.0,False,False
warning_acid_accumulation,BAC_G::UCG-010,Bacteria,5,,,True,,False,False
warning_ammonia_toxicity,BAC_G::UCG-010,Bacteria,5,0.0,0.0,True,101.0,False,False
warning_biogas_quality,BAC_G::UCG-010,Bacteria,5,0.0,0.0,True,129.0,False,False
warning_acid_base_balance,BAC_G::W27,Bacteria,5,-0.02653409090909089,0.017442780352773368,True,272.0,False,False
warning_buffer_capacity,BAC_G::W27,Bacteria,5,0.0,0.0,True,114.0,False,False
warning_acid_accumulation,BAC_G::W27,Bacteria,5,,,True,,False,False
warning_ammonia_toxicity,BAC_G::W27,Bacteria,5,-0.0028571428571428636,0.006978048543476648,True,222.5,False,False
warning_biogas_quality,BAC_G::W27,Bacteria,5,0.0,0.0,True,129.0,False,False
warning_acid_base_balance,BAC_G::W5,Bacteria,5,-0.009598214285714274,0.012482785541771011,True,256.0,False,False
warning_buffer_capacity,BAC_G::W5,Bacteria,5,0.0,0.0,True,114.0,False,False
warning_acid_accumulation,BAC_G::W5,Bacteria,5,,,True,,False,False
warning_ammonia_toxicity,BAC_G::W5,Bacteria,5,0.0,0.0,True,101.0,False,False
warning_biogas_quality,BAC_G::W5,Bacteria,5,0.0,0.0,True,129.0,False,False
warning_acid_base_balance,BAC_G::W5053,Bacteria,5,-0.03299918831168831,0.012961261074376182,True,275.0,False,False
warning_buffer_capacity,BAC_G::W5053,Bacteria,5,-0.0004166666666666666,0.0012824729401064423,True,237.5,False,False
warning_acid_accumulation,BAC_G::W5053,Bacteria,5,,,True,,False,False
warning_ammonia_toxicity,BAC_G::W5053,Bacteria,5,0.017764069264069267,0.01068606883477203,True,3.0,True,True
warning_biogas_quality,BAC_G::W5053,Bacteria,5,0.00045454545454545606,0.029821128340822237,True,12.0,False,True
warning_acid_base_balance,BAC_G::WCHB1-02,Bacteria,5,-0.004687499999999983,0.00655393506602131,True,228.0,False,False
warning_buffer_capacity,BAC_G::WCHB1-02,Bacteria,5,-0.003363095238095237,0.0022544313287002717,True,265.0,False,False
warning_acid_accumulation,BAC_G::WCHB1-02,Bacteria,5,,,True,,False,False
warning_ammonia_toxicity,BAC_G::WCHB1-02,Bacteria,5,-0.001904761904761909,0.005862733440486608,True,210.5,False,False
warning_biogas_quality,BAC_G::WCHB1-02,Bacteria,5,0.0,0.0,True,129.0,False,False
warning_acid_base_balance,BAC_G::WCHB1-41,Bacteria,5,0.0,0.0,True,87.0,False,False
warning_buffer_capacity,BAC_G::WCHB1-41,Bacteria,5,0.0,0.0,True,114.0,False,False
warning_acid_accumulation,BAC_G::WCHB1-41,Bacteria,5,,,True,,False,False
warning_ammonia_toxicity,BAC_G::WCHB1-41,Bacteria,5,0.0,0.0,True,101.0,False,False
warning_biogas_quality,BAC_G::WCHB1-41,Bacteria,5,0.0,0.0,True,129.0,False,False
warning_acid_base_balance,BAC_G::WCHB1-81,Bacteria,5,0.0,0.0,False,87.0,False,False
warning_buffer_capacity,BAC_G::WCHB1-81,Bacteria,5,0.0,0.0,False,114.0,False,False
warning_acid_accumulation,BAC_G::WCHB1-81,Bacteria,5,,,False,,False,False
warning_ammonia_toxicity,BAC_G::WCHB1-81,Bacteria,5,0.0,0.0,False,101.0,False,False
warning_biogas_quality,BAC_G::WCHB1-81,Bacteria,5,0.0,0.0,False,129.0,False,False
warning_acid_base_balance,BAC_G::Zoogloea,Bacteria,5,0.0,0.0,True,87.0,False,False
warning_buffer_capacity,BAC_G::Zoogloea,Bacteria,5,-0.0002083333333333333,0.000931694990624912,True,222.5,False,False
warning_acid_accumulation,BAC_G::Zoogloea,Bacteria,5,,,True,,False,False
warning_ammonia_toxicity,BAC_G::Zoogloea,Bacteria,5,0.0,0.0,True,101.0,False,False
warning_biogas_quality,BAC_G::Zoogloea,Bacteria,5,-0.0008333333333333318,0.01375963245803161,True,246.0,False,False
warning_acid_base_balance,BAC_G::p-251-o5,Bacteria,5,0.0,0.0,True,87.0,False,False
warning_buffer_capacity,BAC_G::p-251-o5,Bacteria,5,0.0,0.0,True,114.0,False,False
warning_acid_accumulation,BAC_G::p-251-o5,Bacteria,5,,,True,,False,False
warning_ammonia_toxicity,BAC_G::p-251-o5,Bacteria,5,0.0,0.0,True,101.0,False,False
warning_biogas_quality,BAC_G::p-251-o5,Bacteria,5,0.0,0.0,True,129.0,False,False
warning_acid_base_balance,BAC_G::unidentified,Bacteria,5,-0.008258928571428565,0.012732382760396822,True,249.0,False,False
warning_buffer_capacity,BAC_G::unidentified,Bacteria,5,-0.0010906862745098036,0.0025625718861497287,True,254.0,False,False
warning_acid_accumulation,BAC_G::unidentified,Bacteria,5,,,True,,False,False
warning_ammonia_toxicity,BAC_G::unidentified,Bacteria,5,-0.0104761904761905,0.009722243533981744,True,253.5,False,False
warning_biogas_quality,BAC_G::unidentified,Bacteria,5,-0.009999999999999998,0.020519567041703077,True,267.5,False,False
warning_acid_base_balance,ARC_P::Aenigmarchaeota,Archaea,5,0.0,0.0,True,87.0,False,False
warning_buffer_capacity,ARC_P::Aenigmarchaeota,Archaea,5,0.0,0.0,True,114.0,False,False
warning_acid_accumulation,ARC_P::Aenigmarchaeota,Archaea,5,,,True,,False,False
warning_ammonia_toxicity,ARC_P::Aenigmarchaeota,Archaea,5,0.0,0.0,True,101.0,False,False
warning_biogas_quality,ARC_P::Aenigmarchaeota,Archaea,5,0.0,0.0,True,129.0,False,False
warning_acid_base_balance,ARC_P::Asgardarchaeota,Archaea,5,-0.00045454545454545194,0.0020327890704543426,True,172.5,False,False
warning_buffer_capacity,ARC_P::Asgardarchaeota,Archaea,5,-0.0002083333333333333,0.000931694990624912,True,222.5,False,False
warning_acid_accumulation,ARC_P::Asgardarchaeota,Archaea,5,,,True,,False,False
warning_ammonia_toxicity,ARC_P::Asgardarchaeota,Archaea,5,-0.001904761904761909,0.005862733440486608,True,210.5,False,False
warning_biogas_quality,ARC_P::Asgardarchaeota,Archaea,5,0.0033333333333333396,0.023320798638185765,True,4.0,True,True
warning_acid_base_balance,ARC_P::Crenarchaeota,Archaea,5,-0.0006696428571428548,0.002994733898437208,True,179.5,False,False
warning_buffer_capacity,ARC_P::Crenarchaeota,Archaea,5,-0.0002083333333333333,0.0009316949906249119,True,222.5,False,False
warning_acid_accumulation,ARC_P::Crenarchaeota,Archaea,5,,,True,,False,False
warning_ammonia_toxicity,ARC_P::Crenarchaeota,Archaea,5,-0.001904761904761909,0.005862733440486608,True,210.5,False,False
warning_biogas_quality,ARC_P::Crenarchaeota,Archaea,5,0.0,0.0,True,129.0,False,False
warning_acid_base_balance,ARC_P::Cryptomycota,Archaea,5,0.0,0.0,True,87.0,False,False
warning_buffer_capacity,ARC_P::Cryptomycota,Archaea,5,0.0,0.0,True,114.0,False,False
warning_acid_accumulation,ARC_P::Cryptomycota,Archaea,5,,,True,,False,False
warning_ammonia_toxicity,ARC_P::Cryptomycota,Archaea,5,0.0,0.0,True,101.0,False,False
warning_biogas_quality,ARC_P::Cryptomycota,Archaea,5,0.0,0.0,True,129.0,False,False
warning_acid_base_balance,ARC_P::Euryarchaeota,Archaea,5,-0.00892857142857142,0.012626906806902633,True,252.5,False,False
warning_buffer_capacity,ARC_P::Euryarchaeota,Archaea,5,0.0,0.0,True,114.0,False,False
warning_acid_accumulation,ARC_P::Euryarchaeota,Archaea,5,,,True,,False,False
warning_ammonia_toxicity,ARC_P::Euryarchaeota,Archaea,5,-0.0104761904761905,0.009722243533981744,True,253.5,False,False
warning_biogas_quality,ARC_P::Euryarchaeota,Archaea,5,0.0,0.0,True,129.0,False,False
warning_acid_base_balance,ARC_P::Hadarchaeota,Archaea,5,0.0,0.0,True,87.0,False,False
warning_buffer_capacity,ARC_P::Hadarchaeota,Archaea,5,0.0,0.0,True,114.0,False,False
warning_acid_accumulation,ARC_P::Hadarchaeota,Archaea,5,,,True,,False,False
warning_ammonia_toxicity,ARC_P::Hadarchaeota,Archaea,5,0.0,0.0,True,101.0,False,False
warning_biogas_quality,ARC_P::Hadarchaeota,Archaea,5,0.0,0.0,True,129.0,False,False
warning_acid_base_balance,ARC_P::Halobacterota,Archaea,5,-0.016186417748917714,0.016101259343695138,True,265.0,False,False
warning_buffer_capacity,ARC_P::Halobacterota,Archaea,5,-0.0002083333333333333,0.0009316949906249119,True,222.5,False,False
warning_acid_accumulation,ARC_P::Halobacterota,Archaea,5,,,True,,False,False
warning_ammonia_toxicity,ARC_P::Halobacterota,Archaea,5,0.0010000000000000009,0.004472135954999584,True,7.0,True,True
warning_biogas_quality,ARC_P::Halobacterota,Archaea,5,0.0,0.0,True,129.0,False,False
warning_acid_base_balance,ARC_P::Holozoa,Archaea,5,0.0,0.0,True,87.0,False,False
warning_buffer_capacity,ARC_P::Holozoa,Archaea,5,0.0,0.0,True,114.0,False,False
warning_acid_accumulation,ARC_P::Holozoa,Archaea,5,,,True,,False,False
warning_ammonia_toxicity,ARC_P::Holozoa,Archaea,5,0.0,0.0,True,101.0,False,False
warning_biogas_quality,ARC_P::Holozoa,Archaea,5,0.0,0.0,True,129.0,False,False
warning_acid_base_balance,ARC_P::Iainarchaeota,Archaea,5,0.0,0.0,True,87.0,False,False
warning_buffer_capacity,ARC_P::Iainarchaeota,Archaea,5,0.0,0.0,True,114.0,False,False
warning_acid_accumulation,ARC_P::Iainarchaeota,Archaea,5,,,True,,False,False
warning_ammonia_toxicity,ARC_P::Iainarchaeota,Archaea,5,0.0,0.0,True,101.0,False,False
warning_biogas_quality,ARC_P::Iainarchaeota,Archaea,5,0.0,0.0,True,129.0,False,False
warning_acid_base_balance,ARC_P::Micrarchaeota,Archaea,5,-0.007366071428571419,0.011612112151994775,True,244.5,False,False
warning_buffer_capacity,ARC_P::Micrarchaeota,Archaea,5,0.0,0.0,True,114.0,False,False
warning_acid_accumulation,ARC_P::Micrarchaeota,Archaea,5,,,True,,False,False
warning_ammonia_toxicity,ARC_P::Micrarchaeota,Archaea,5,-0.003809523809523818,0.007816977920648812,True,230.5,False,False
warning_biogas_quality,ARC_P::Micrarchaeota,Archaea,5,0.0,0.0,True,129.0,False,False
warning_acid_base_balance,ARC_P::Mollusca,Archaea,5,0.0,0.0,True,87.0,False,False
warning_buffer_capacity,ARC_P::Mollusca,Archaea,5,0.0,0.0,True,114.0,False,False
warning_acid_accumulation,ARC_P::Mollusca,Archaea,5,,,True,,False,False
warning_ammonia_toxicity,ARC_P::Mollusca,Archaea,5,0.0,0.0,True,101.0,False,False
warning_biogas_quality,ARC_P::Mollusca,Archaea,5,0.0,0.0,True,129.0,False,False
warning_acid_base_balance,ARC_P::Nanoarchaeota,Archaea,5,-0.004241071428571419,0.008380124520337949,True,225.5,False,False
warning_buffer_capacity,ARC_P::Nanoarchaeota,Archaea,5,0.0,0.0,True,114.0,False,False
warning_acid_accumulation,ARC_P::Nanoarchaeota,Archaea,5,,,True,,False,False
warning_ammonia_toxicity,ARC_P::Nanoarchaeota,Archaea,5,0.0,0.0,True,101.0,False,False
warning_biogas_quality,ARC_P::Nanoarchaeota,Archaea,5,0.0,0.0,True,129.0,False,False
warning_acid_base_balance,ARC_P::Thermoplasmatota,Archaea,5,-0.004975649350649325,0.006358827407567861,True,230.0,False,False
warning_buffer_capacity,ARC_P::Thermoplasmatota,Archaea,5,-0.0014770074696545273,0.004334607950932146,True,256.0,False,False
warning_acid_accumulation,ARC_P::Thermoplasmatota,Archaea,5,,,True,,False,False
warning_ammonia_toxicity,ARC_P::Thermoplasmatota,Archaea,5,-0.01904761904761909,0.0,True,270.5,False,False
warning_biogas_quality,ARC_P::Thermoplasmatota,Archaea,5,-0.042499999999999996,0.018317377426626157,True,274.0,False,False
warning_acid_base_balance,ARC_P::Vertebrata,Archaea,5,0.0,0.0,True,87.0,False,False
warning_buffer_capacity,ARC_P::Vertebrata,Archaea,5,0.0,0.0,True,114.0,False,False
warning_acid_accumulation,ARC_P::Vertebrata,Archaea,5,,,True,,False,False
warning_ammonia_toxicity,ARC_P::Vertebrata,Archaea,5,0.0,0.0,True,101.0,False,False
warning_biogas_quality,ARC_P::Vertebrata,Archaea,5,0.0,0.0,True,129.0,False,False
warning_acid_base_balance,ARC_P::unidentified,Archaea,5,-0.020990259740259726,0.013529766363670169,True,269.0,False,False
warning_buffer_capacity,ARC_P::unidentified,Archaea,5,-0.0002083333333333333,0.000931694990624912,True,222.5,False,False
warning_acid_accumulation,ARC_P::unidentified,Archaea,5,,,True,,False,False
warning_ammonia_toxicity,ARC_P::unidentified,Archaea,5,-0.00757142857142859,0.011513780096736467,True,246.0,False,False
warning_biogas_quality,ARC_P::unidentified,Archaea,5,0.002857142857142858,0.012777531299998802,True,7.5,True,True
warning_acid_base_balance,ARC_G::Aenigmarchaeales,Archaea,5,0.0,0.0,True,87.0,False,False
warning_buffer_capacity,ARC_G::Aenigmarchaeales,Archaea,5,0.0,0.0,True,114.0,False,False
warning_acid_accumulation,ARC_G::Aenigmarchaeales,Archaea,5,,,True,,False,False
warning_ammonia_toxicity,ARC_G::Aenigmarchaeales,Archaea,5,0.0,0.0,True,101.0,False,False
warning_biogas_quality,ARC_G::Aenigmarchaeales,Archaea,5,0.0,0.0,True,129.0,False,False
warning_acid_base_balance,ARC_G::Bathyarchaeia,Archaea,5,-0.002678571428571419,0.005496312600456163,True,208.5,False,False
warning_buffer_capacity,ARC_G::Bathyarchaeia,Archaea,5,-0.0031249999999999993,0.001851090242997163,True,263.0,False,False
warning_acid_accumulation,ARC_G::Bathyarchaeia,Archaea,5,,,True,,False,False
warning_ammonia_toxicity,ARC_G::Bathyarchaeia,Archaea,5,-0.003809523809523818,0.007816977920648812,True,230.5,False,False
warning_biogas_quality,ARC_G::Bathyarchaeia,Archaea,5,0.0,0.0,True,129.0,False,False
warning_acid_base_balance,ARC_G::Candidatus_Iainarchaeum,Archaea,5,0.0,0.0,True,87.0,False,False
warning_buffer_capacity,ARC_G::Candidatus_Iainarchaeum,Archaea,5,0.0,0.0,True,114.0,False,False
warning_acid_accumulation,ARC_G::Candidatus_Iainarchaeum,Archaea,5,,,True,,False,False
warning_ammonia_toxicity,ARC_G::Candidatus_Iainarchaeum,Archaea,5,0.0,0.0,True,101.0,False,False
warning_biogas_quality,ARC_G::Candidatus_Iainarchaeum,Archaea,5,0.0,0.0,True,129.0,False,False
warning_acid_base_balance,ARC_G::Candidatus_Methanofastidiosum,Archaea,5,-0.00892857142857142,0.012626906806902633,True,252.5,False,False
warning_buffer_capacity,ARC_G::Candidatus_Methanofastidiosum,Archaea,5,0.0,0.0,True,114.0,False,False
warning_acid_accumulation,ARC_G::Candidatus_Methanofastidiosum,Archaea,5,,,True,,False,False
warning_ammonia_toxicity,ARC_G::Candidatus_Methanofastidiosum,Archaea,5,-0.0104761904761905,0.009722243533981744,True,253.5,False,False
warning_biogas_quality,ARC_G::Candidatus_Methanofastidiosum,Archaea,5,0.0,0.0,True,129.0,False,False
warning_acid_base_balance,ARC_G::Candidatus_Methanogranum,Archaea,5,0.0,0.0,True,87.0,False,False
warning_buffer_capacity,ARC_G::Candidatus_Methanogranum,Archaea,5,0.0,0.0,True,114.0,False,False
warning_acid_accumulation,ARC_G::Candidatus_Methanogranum,Archaea,5,,,True,,False,False
warning_ammonia_toxicity,ARC_G::Candidatus_Methanogranum,Archaea,5,0.0,0.0,True,101.0,False,False
warning_biogas_quality,ARC_G::Candidatus_Methanogranum,Archaea,5,0.0,0.0,True,129.0,False,False
warning_acid_base_balance,ARC_G::Candidatus_Methanomethylicus,Archaea,5,0.0,0.0,True,87.0,False,False
warning_buffer_capacity,ARC_G::Candidatus_Methanomethylicus,Archaea,5,0.0,0.0,True,114.0,False,False
warning_acid_accumulation,ARC_G::Candidatus_Methanomethylicus,Archaea,5,,,True,,False,False
warning_ammonia_toxicity,ARC_G::Candidatus_Methanomethylicus,Archaea,5,-0.001904761904761909,0.005862733440486608,True,210.5,False,False
warning_biogas_quality,ARC_G::Candidatus_Methanomethylicus,Archaea,5,-0.004999999999999999,0.015389675281277307,True,260.0,False,False
warning_acid_base_balance,ARC_G::Candidatus_Methanomethylophilus,Archaea,5,0.0,0.0,True,87.0,False,False
warning_buffer_capacity,ARC_G::Candidatus_Methanomethylophilus,Archaea,5,0.0,0.0,True,114.0,False,False
warning_acid_accumulation,ARC_G::Candidatus_Methanomethylophilus,Archaea,5,,,True,,False,False
warning_ammonia_toxicity,ARC_G::Candidatus_Methanomethylophilus,Archaea,5,0.0,0.0,True,101.0,False,False
warning_biogas_quality,ARC_G::Candidatus_Methanomethylophilus,Archaea,5,0.0,0.0,True,129.0,False,False
warning_acid_base_balance,ARC_G::Candidatus_Methanoplasma,Archaea,5,-0.007719155844155801,0.006932245706501664,True,248.0,False,False
warning_buffer_capacity,ARC_G::Candidatus_Methanoplasma,Archaea,5,0.00034313725490196095,0.0017099639201419235,True,9.0,True,True
warning_acid_accumulation,ARC_G::Candidatus_Methanoplasma,Archaea,5,,,True,,False,False
warning_ammonia_toxicity,ARC_G::Candidatus_Methanoplasma,Archaea,5,-0.01904761904761909,0.0,True,270.5,False,False
warning_biogas_quality,ARC_G::Candidatus_Methanoplasma,Archaea,5,-0.04499999999999999,0.015389675281277307,True,275.0,False,False
warning_acid_base_balance,ARC_G::Candidatus_Nitrocosmicus,Archaea,5,0.0,0.0,True,87.0,False,False
warning_buffer_capacity,ARC_G::Candidatus_Nitrocosmicus,Archaea,5,0.0,0.0,True,114.0,False,False
warning_acid_accumulation,ARC_G::Candidatus_Nitrocosmicus,Archaea,5,,,True,,False,False
warning_ammonia_toxicity,ARC_G::Candidatus_Nitrocosmicus,Archaea,5,0.0,0.0,True,101.0,False,False
warning_biogas_quality,ARC_G::Candidatus_Nitrocosmicus,Archaea,5,0.0,0.0,True,129.0,False,False
warning_acid_base_balance,ARC_G::Hadarchaeales,Archaea,5,0.0,0.0,True,87.0,False,False
warning_buffer_capacity,ARC_G::Hadarchaeales,Archaea,5,0.0,0.0,True,114.0,False,False
warning_acid_accumulation,ARC_G::Hadarchaeales,Archaea,5,,,True,,False,False
warning_ammonia_toxicity,ARC_G::Hadarchaeales,Archaea,5,0.0,0.0,True,101.0,False,False
warning_biogas_quality,ARC_G::Hadarchaeales,Archaea,5,0.0,0.0,True,129.0,False,False
warning_acid_base_balance,ARC_G::LKM11,Archaea,5,0.0,0.0,True,87.0,False,False
warning_buffer_capacity,ARC_G::LKM11,Archaea,5,0.0,0.0,True,114.0,False,False
warning_acid_accumulation,ARC_G::LKM11,Archaea,5,,,True,,False,False
warning_ammonia_toxicity,ARC_G::LKM11,Archaea,5,0.0,0.0,True,101.0,False,False
warning_biogas_quality,ARC_G::LKM11,Archaea,5,0.0,0.0,True,129.0,False,False
warning_acid_base_balance,ARC_G::Lokiarchaeia,Archaea,5,-0.00045454545454545194,0.0020327890704543426,True,172.5,False,False
warning_buffer_capacity,ARC_G::Lokiarchaeia,Archaea,5,-0.0002083333333333333,0.0009316949906249119,True,222.5,False,False
warning_acid_accumulation,ARC_G::Lokiarchaeia,Archaea,5,,,True,,False,False
warning_ammonia_toxicity,ARC_G::Lokiarchaeia,Archaea,5,-0.0009047619047619082,0.0076407897796534514,True,195.0,False,False
warning_biogas_quality,ARC_G::Lokiarchaeia,Archaea,5,0.00785714285714286,0.04402542962057324,True,1.0,True,True
warning_acid_base_balance,ARC_G::Marine_Benthic_Group_D_and_DHVEG-1,Archaea,5,0.0,0.0,True,87.0,False,False
warning_buffer_capacity,ARC_G::Marine_Benthic_Group_D_and_DHVEG-1,Archaea,5,0.0,0.0,True,114.0,False,False
warning_acid_accumulation,ARC_G::Marine_Benthic_Group_D_and_DHVEG-1,Archaea,5,,,True,,False,False
warning_ammonia_toxicity,ARC_G::Marine_Benthic_Group_D_and_DHVEG-1,Archaea,5,0.0,0.0,True,101.0,False,False
warning_biogas_quality,ARC_G::Marine_Benthic_Group_D_and_DHVEG-1,Archaea,5,0.0,0.0,True,129.0,False,False
warning_acid_base_balance,ARC_G::Methanimicrococcus,Archaea,5,0.3244387556887557,0.06360879298090169,True,1.0,True,True
warning_buffer_capacity,ARC_G::Methanimicrococcus,Archaea,5,-0.05279151404151403,0.09861418539843075,True,276.0,False,False
warning_acid_accumulation,ARC_G::Methanimicrococcus,Archaea,5,,,True,,False,False
warning_ammonia_toxicity,ARC_G::Methanimicrococcus,Archaea,5,0.23063711288711275,0.1211914653487561,True,1.0,True,True
warning_biogas_quality,ARC_G::Methanimicrococcus,Archaea,5,-0.041666666666666664,0.182774267194641,True,273.0,False,False
warning_acid_base_balance,ARC_G::Methanocorpusculum,Archaea,5,-0.0013392857142857095,0.004122234450342123,True,189.5,False,False
warning_buffer_capacity,ARC_G::Methanocorpusculum,Archaea,5,0.0,0.0,True,114.0,False,False
warning_acid_accumulation,ARC_G::Methanocorpusculum,Archaea,5,,,True,,False,False
warning_ammonia_toxicity,ARC_G::Methanocorpusculum,Archaea,5,-0.0028571428571428636,0.006978048543476649,True,222.5,False,False
warning_biogas_quality,ARC_G::Methanocorpusculum,Archaea,5,0.0033333333333333353,0.010259783520851546,True,5.0,True,True
warning_acid_base_balance,ARC_G::Methanoculleus,Archaea,5,-0.0179518398268398,0.023359754089469387,True,266.0,False,False
warning_buffer_capacity,ARC_G::Methanoculleus,Archaea,5,-0.0004901960784313722,0.0025396748611609316,True,242.0,False,False
warning_acid_accumulation,ARC_G::Methanoculleus,Archaea,5,,,True,,False,False
warning_ammonia_toxicity,ARC_G::Methanoculleus,Archaea,5,-0.002619047619047632,0.015836842658562104,True,219.0,False,False
warning_biogas_quality,ARC_G::Methanoculleus,Archaea,5,0.005000000000000003,0.012211584951084115,True,2.0,True,True
warning_acid_base_balance,ARC_G::Methanofollis,Archaea,5,0.0,0.0,True,87.0,False,False
warning_buffer_capacity,ARC_G::Methanofollis,Archaea,5,0.0,0.0,True,114.0,False,False
warning_acid_accumulation,ARC_G::Methanofollis,Archaea,5,,,True,,False,False
warning_ammonia_toxicity,ARC_G::Methanofollis,Archaea,5,0.0,0.0,True,101.0,False,False
warning_biogas_quality,ARC_G::Methanofollis,Archaea,5,0.0,0.0,True,129.0,False,False
warning_acid_base_balance,ARC_G::Methanogenium,Archaea,5,0.0,0.0,True,87.0,False,False
warning_buffer_capacity,ARC_G::Methanogenium,Archaea,5,0.0,0.0,True,114.0,False,False
warning_acid_accumulation,ARC_G::Methanogenium,Archaea,5,,,True,,False,False
warning_ammonia_toxicity,ARC_G::Methanogenium,Archaea,5,0.0,0.0,True,101.0,False,False
warning_biogas_quality,ARC_G::Methanogenium,Archaea,5,0.0,0.0,True,129.0,False,False
warning_acid_base_balance,ARC_G::Methanolacinia,Archaea,5,0.0,0.0,True,87.0,False,False
warning_buffer_capacity,ARC_G::Methanolacinia,Archaea,5,0.0,0.0,True,114.0,False,False
warning_acid_accumulation,ARC_G::Methanolacinia,Archaea,5,,,True,,False,False
warning_ammonia_toxicity,ARC_G::Methanolacinia,Archaea,5,0.0,0.0,True,101.0,False,False
warning_biogas_quality,ARC_G::Methanolacinia,Archaea,5,0.0,0.0,True,129.0,False,False
warning_acid_base_balance,ARC_G::Methanolinea,Archaea,5,-0.003794642857142855,0.009852884520691796,True,217.5,False,False
warning_buffer_capacity,ARC_G::Methanolinea,Archaea,5,0.0,0.0,True,114.0,False,False
warning_acid_accumulation,ARC_G::Methanolinea,Archaea,5,,,True,,False,False
warning_ammonia_toxicity,ARC_G::Methanolinea,Archaea,5,-0.0009523809523809545,0.0042591770999996096,True,199.0,False,False
warning_biogas_quality,ARC_G::Methanolinea,Archaea,5,0.0,0.0,True,129.0,False,False
warning_acid_base_balance,ARC_G::Methanolobus,Archaea,5,0.0,0.0,True,87.0,False,False
warning_buffer_capacity,ARC_G::Methanolobus,Archaea,5,0.0,0.0,True,114.0,False,False
warning_acid_accumulation,ARC_G::Methanolobus,Archaea,5,,,True,,False,False
warning_ammonia_toxicity,ARC_G::Methanolobus,Archaea,5,0.0,0.0,True,101.0,False,False
warning_biogas_quality,ARC_G::Methanolobus,Archaea,5,0.0,0.0,True,129.0,False,False
warning_acid_base_balance,ARC_G::Methanomassiliicoccus,Archaea,5,-0.0006696428571428548,0.0029947338984372077,True,179.5,False,False
warning_buffer_capacity,ARC_G::Methanomassiliicoccus,Archaea,5,0.0022814696053860156,0.004735749295527127,True,4.0,True,True
warning_acid_accumulation,ARC_G::Methanomassiliicoccus,Archaea,5,,,True,,False,False
warning_ammonia_toxicity,ARC_G::Methanomassiliicoccus,Archaea,5,0.0,0.0,True,101.0,False,False
warning_biogas_quality,ARC_G::Methanomassiliicoccus,Archaea,5,0.0,0.0,True,129.0,False,False
warning_acid_base_balance,ARC_G::Methanomethylovorans,Archaea,5,0.0,0.0,True,87.0,False,False
warning_buffer_capacity,ARC_G::Methanomethylovorans,Archaea,5,-0.0004166666666666666,0.0012824729401064423,True,237.5,False,False
warning_acid_accumulation,ARC_G::Methanomethylovorans,Archaea,5,,,True,,False,False
warning_ammonia_toxicity,ARC_G::Methanomethylovorans,Archaea,5,-0.005714285714285727,0.008955473256792919,True,237.0,False,False
warning_biogas_quality,ARC_G::Methanomethylovorans,Archaea,5,0.0,0.0,True,129.0,False,False
warning_acid_base_balance,ARC_G::Methanoregula,Archaea,5,0.0,0.0,True,87.0,False,False
warning_buffer_capacity,ARC_G::Methanoregula,Archaea,5,0.0,0.0,True,114.0,False,False
warning_acid_accumulation,ARC_G::Methanoregula,Archaea,5,,,True,,False,False
warning_ammonia_toxicity,ARC_G::Methanoregula,Archaea,5,0.0,0.0,True,101.0,False,False
warning_biogas_quality,ARC_G::Methanoregula,Archaea,5,0.0,0.0,True,129.0,False,False
warning_acid_base_balance,ARC_G::Methanosaeta,Archaea,5,-0.00758928571428571,0.012800168773222716,True,246.5,False,False
warning_buffer_capacity,ARC_G::Methanosaeta,Archaea,5,-0.002083333333333333,0.002137454900177404,True,258.5,False,False
warning_acid_accumulation,ARC_G::Methanosaeta,Archaea,5,,,True,,False,False
warning_ammonia_toxicity,ARC_G::Methanosaeta,Archaea,5,-0.008571428571428591,0.009722243533981744,True,248.5,False,False
warning_biogas_quality,ARC_G::Methanosaeta,Archaea,5,0.0,0.0,True,129.0,False,False
warning_acid_base_balance,ARC_G::Methanosarcina,Archaea,5,-0.0020089285714285643,0.004906440382131991,True,198.5,False,False
warning_buffer_capacity,ARC_G::Methanosarcina,Archaea,5,0.0,0.0,True,114.0,False,False
warning_acid_accumulation,ARC_G::Methanosarcina,Archaea,5,,,True,,False,False
warning_ammonia_toxicity,ARC_G::Methanosarcina,Archaea,5,0.0,0.0,True,101.0,False,False
warning_biogas_quality,ARC_G::Methanosarcina,Archaea,5,0.0,0.0,True,129.0,False,False
warning_acid_base_balance,ARC_G::Methanosphaerula,Archaea,5,-0.0020089285714285643,0.004906440382131991,True,198.5,False,False
warning_buffer_capacity,ARC_G::Methanosphaerula,Archaea,5,0.0,0.0,True,114.0,False,False
warning_acid_accumulation,ARC_G::Methanosphaerula,Archaea,5,,,True,,False,False
warning_ammonia_toxicity,ARC_G::Methanosphaerula,Archaea,5,-0.001904761904761909,0.0058627334404866074,True,210.5,False,False
warning_biogas_quality,ARC_G::Methanosphaerula,Archaea,5,0.0,0.0,True,129.0,False,False
warning_acid_base_balance,ARC_G::Methanospirillum,Archaea,5,-0.0051339285714285645,0.010167249837271176,True,232.5,False,False
warning_buffer_capacity,ARC_G::Methanospirillum,Archaea,5,-4.9019607843137083e-05,0.001802148363474151,True,215.0,False,False
warning_acid_accumulation,ARC_G::Methanospirillum,Archaea,5,,,True,,False,False
warning_ammonia_toxicity,ARC_G::Methanospirillum,Archaea,5,-0.008571428571428591,0.009722243533981744,True,248.5,False,False
warning_biogas_quality,ARC_G::Methanospirillum,Archaea,5,-0.002142857142857141,0.020740843747435442,True,247.5,False,False
warning_acid_base_balance,ARC_G::Micrarchaeales,Archaea,5,-0.0051339285714285645,0.010167249837271176,True,232.5,False,False
warning_buffer_capacity,ARC_G::Micrarchaeales,Archaea,5,0.0,0.0,True,114.0,False,False
warning_acid_accumulation,ARC_G::Micrarchaeales,Archaea,5,,,True,,False,False
warning_ammonia_toxicity,ARC_G::Micrarchaeales,Archaea,5,-0.003809523809523818,0.007816977920648812,True,230.5,False,False
warning_biogas_quality,ARC_G::Micrarchaeales,Archaea,5,0.0,0.0,True,129.0,False,False
warning_acid_base_balance,ARC_G::Nitrososphaeraceae,Archaea,5,0.0,0.0,True,87.0,False,False
warning_buffer_capacity,ARC_G::Nitrososphaeraceae,Archaea,5,0.0,0.0,True,114.0,False,False
warning_acid_accumulation,ARC_G::Nitrososphaeraceae,Archaea,5,,,True,,False,False
warning_ammonia_toxicity,ARC_G::Nitrososphaeraceae,Archaea,5,0.0,0.0,True,101.0,False,False
warning_biogas_quality,ARC_G::Nitrososphaeraceae,Archaea,5,0.0,0.0,True,129.0,False,False
warning_acid_base_balance,ARC_G::Rhinosporideacae,Archaea,5,0.0,0.0,True,87.0,False,False
warning_buffer_capacity,ARC_G::Rhinosporideacae,Archaea,5,0.0,0.0,True,114.0,False,False
warning_acid_accumulation,ARC_G::Rhinosporideacae,Archaea,5,,,True,,False,False
warning_ammonia_toxicity,ARC_G::Rhinosporideacae,Archaea,5,0.0,0.0,True,101.0,False,False
warning_biogas_quality,ARC_G::Rhinosporideacae,Archaea,5,0.0,0.0,True,129.0,False,False
warning_acid_base_balance,ARC_G::RumEn_M2,Archaea,5,-0.0013392857142857095,0.004122234450342123,True,189.5,False,False
warning_buffer_capacity,ARC_G::RumEn_M2,Archaea,5,-0.001071428571428571,0.002393450904523973,True,252.5,False,False
warning_acid_accumulation,ARC_G::RumEn_M2,Archaea,5,,,True,,False,False
warning_ammonia_toxicity,ARC_G::RumEn_M2,Archaea,5,-0.01904761904761909,0.0,True,270.5,False,False
warning_biogas_quality,ARC_G::RumEn_M2,Archaea,5,-0.04999999999999999,0.0,True,276.0,False,False
warning_acid_base_balance,ARC_G::SCGC_AAA011-D5,Archaea,5,-0.004241071428571419,0.008380124520337949,True,225.5,False,False
warning_buffer_capacity,ARC_G::SCGC_AAA011-D5,Archaea,5,0.0,0.0,True,114.0,False,False
warning_acid_accumulation,ARC_G::SCGC_AAA011-D5,Archaea,5,,,True,,False,False
warning_ammonia_toxicity,ARC_G::SCGC_AAA011-D5,Archaea,5,0.0,0.0,True,101.0,False,False
warning_biogas_quality,ARC_G::SCGC_AAA011-D5,Archaea,5,0.0,0.0,True,129.0,False,False
warning_acid_base_balance,ARC_G::Teleostei,Archaea,5,0.0,0.0,True,87.0,False,False
warning_buffer_capacity,ARC_G::Teleostei,Archaea,5,0.0,0.0,True,114.0,False,False
warning_acid_accumulation,ARC_G::Teleostei,Archaea,5,,,True,,False,False
warning_ammonia_toxicity,ARC_G::Teleostei,Archaea,5,0.0,0.0,True,101.0,False,False
warning_biogas_quality,ARC_G::Teleostei,Archaea,5,0.0,0.0,True,129.0,False,False
warning_acid_base_balance,ARC_G::Veneroida,Archaea,5,0.0,0.0,True,87.0,False,False
warning_buffer_capacity,ARC_G::Veneroida,Archaea,5,0.0,0.0,True,114.0,False,False
warning_acid_accumulation,ARC_G::Veneroida,Archaea,5,,,True,,False,False
warning_ammonia_toxicity,ARC_G::Veneroida,Archaea,5,0.0,0.0,True,101.0,False,False
warning_biogas_quality,ARC_G::Veneroida,Archaea,5,0.0,0.0,True,129.0,False,False
warning_acid_base_balance,ARC_G::Woesearchaeales,Archaea,5,-0.0013392857142857095,0.004122234450342123,True,189.5,False,False
warning_buffer_capacity,ARC_G::Woesearchaeales,Archaea,5,0.0,0.0,True,114.0,False,False
warning_acid_accumulation,ARC_G::Woesearchaeales,Archaea,5,,,True,,False,False
warning_ammonia_toxicity,ARC_G::Woesearchaeales,Archaea,5,-0.001904761904761909,0.0058627334404866074,True,210.5,False,False
warning_biogas_quality,ARC_G::Woesearchaeales,Archaea,5,0.0,0.0,True,129.0,False,False
warning_acid_base_balance,ARC_G::unidentified,Archaea,5,-0.02165990259740258,0.012744860822670357,True,270.0,False,False
warning_buffer_capacity,ARC_G::unidentified,Archaea,5,-0.0008876050420168063,0.002611334634186343,True,249.0,False,False
warning_acid_accumulation,ARC_G::unidentified,Archaea,5,,,True,,False,False
warning_ammonia_toxicity,ARC_G::unidentified,Archaea,5,-0.009523809523809545,0.009771222400811014,True,250.5,False,False
warning_biogas_quality,ARC_G::unidentified,Archaea,5,0.002857142857142858,0.012777531299998802,True,7.5,True,True
