SampleID,BAC_P::Acetothermia,BAC_P::Acidobacteriota,BAC_P::Actinobacteriota,BAC_P::Armatimonadota,BAC_P::Bacteroidota,BAC_P::Bdellovibrionota,BAC_P::CK-2C2-2,BAC_P::Caldatribacteriota,BAC_P::Caldisericota,BAC_P::Calditrichota,BAC_P::Campilobacterota,BAC_P::Chloroflexi,BAC_P::Cloacimonadota,BAC_P::Coprothermobacterota,BAC_P::Cyanobacteria,BAC_P::Dadabacteria,BAC_P::Deinococcota,BAC_P::Dependentiae,BAC_P::Desulfobacterota,BAC_P::Elusimicrobiota,BAC_P::Fermentibacterota,BAC_P::Fibrobacterota,BAC_P::Firmicutes,BAC_P::Fusobacteriota,BAC_P::Gemmatimonadota,BAC_P::Halanaerobiaeota,BAC_P::Hydrogenedentes,BAC_P::Hydrothermae,BAC_P::LCP-89,BAC_P::Latescibacterota,BAC_P::MBNT15,BAC_P::Marinimicrobia_(SAR406_clade),BAC_P::Myxococcota,BAC_P::NB1-j,BAC_P::NKB15,BAC_P::Nitrospirota,BAC_P::Patescibacteria,BAC_P::Planctomycetota,BAC_P::Proteobacteria,BAC_P::Spirochaetota,BAC_P::Sumerlaeota,BAC_P::Sva0485,BAC_P::Synergistota,BAC_P::TA06,BAC_P::Thermotogota,BAC_P::Verrucomicrobiota,BAC_P::WPS-2,BAC_P::WS1,BAC_P::Zixibacteria,BAC_P::unidentified,ARC_P::Aenigmarchaeota,ARC_P::Asgardarchaeota,ARC_P::Crenarchaeota,ARC_P::Cryptomycota,ARC_P::Euryarchaeota,ARC_P::Halobacterota,ARC_P::Holozoa,ARC_P::Micrarchaeota,ARC_P::Mollusca,ARC_P::Nanoarchaeota,ARC_P::Thermoplasmatota,ARC_P::Vertebrata,ARC_P::unidentified
1-1,-0.11072255892128344,-0.4795901688954971,0.28256735041979025,-0.6594303211978941,-0.32678980811830666,-0.2384714972745355,-0.2514313342302585,0.34190398953790363,-0.6866000517477883,0.0,-0.34800916391278436,-0.4488098227301705,-0.3551030227775327,-0.21157763222088652,-0.1342622540128084,0.0,-0.13814310036932095,-0.3796221136411703,-0.7410716825361907,-0.22000734840294592,-0.24988718708375368,2.481402567276027,1.2582328399918654,-0.2644644077124355,-0.3391807082194173,-0.13651498420458819,-0.7354255192843109,-0.09622504486493767,0.0,-0.09622504486493762,0.0,-0.31805374841748824,-0.28414999594436746,0.0,-0.23517724187582092,-0.2476824920070451,-0.12160009371565918,-0.7685068802659363,-0.883947427408808,-0.2592715398619499,-0.35598084039789485,-0.1360145237956077,-0.578223179106408,-0.19197291732187582,-0.6477708131001276,-0.13876381752789485,-0.14810207928107974,-0.5768042414376395,-0.1677050983124842,-0.777533814082211,-0.13345099217921402,-0.11245492274362255,-0.29861224012290777,0.0,-1.2057964646702224,1.307803493948988,-0.09622504486493767,-0.29599936395118165,-0.1245330990169104,-0.4824905740057288,-0.5611040572595717,-0.09622504486493762,-0.22717858934084673
2-1,-0.11072255892128344,-0.4795901688954971,0.10279827259834212,-0.6594303211978941,-0.6033837177338981,-0.2384714972745355,-0.2514313342302585,0.8753642652268746,-0.6866000517477883,0.0,-0.34800916391278436,-0.4488098227301705,-0.7135704205794058,-0.21157763222088652,-0.1342622540128084,0.0,-0.13814310036932095,-0.3796221136411703,-0.7733405301014838,-0.22000734840294592,-0.24988718708375368,-0.3067102564336961,1.4129563142614743,-0.2644644077124355,-0.3391807082194173,-0.13651498420458819,-0.7354255192843109,-0.09622504486493767,0.0,-0.09622504486493762,0.0,-0.31805374841748824,-0.28414999594436746,0.0,-0.23517724187582092,-0.2476824920070451,-0.2131360758634967,-0.7685068802659363,-0.3607819294152465,-0.4033343577001263,-0.35598084039789485,-0.1360145237956077,-0.6919684860620154,-0.19197291732187582,-0.7285589071395101,-0.3419198401961423,-0.14810207928107974,-0.5768042414376395,-0.1677050983124842,-0.777533814082211,-0.13345099217921402,-0.11245492274362255,-0.48896117144684703,0.0,-1.1525992552194246,1.0133452796575084,-0.09622504486493767,-0.29599936395118165,-0.1245330990169104,-0.4824905740057288,-0.49982043309211055,-0.09622504486493762,0.06548796295294314
3-1,-0.11072255892128344,-0.4795901688954971,0.21407176694391278,-0.6594303211978941,-0.5390837688632618,-0.2384714972745355,-0.2514313342302585,-0.4274642747335232,-0.6866000517477883,0.0,-0.34800916391278436,-0.4488098227301705,-0.3431137787270865,-0.21157763222088652,-0.1342622540128084,0.0,-0.13814310036932095,-0.3796221136411703,-0.7733405301014838,-0.22000734840294592,-0.24988718708375368,-0.3067102564336961,1.4771087500158688,-0.2644644077124355,-0.3391807082194173,-0.13651498420458819,-0.7354255192843109,-0.09622504486493767,0.0,-0.09622504486493762,0.0,-0.31805374841748824,-0.28414999594436746,0.0,-0.23517724187582092,-0.2476824920070451,-0.7394679732135625,-0.7685068802659363,-0.8866917385570815,-0.34320994109008546,-0.35598084039789485,-0.1360145237956077,-0.8867378472873709,-0.19197291732187582,-0.7445389696967506,-0.39067728563652165,-0.14810207928107974,-0.5768042414376395,-0.1677050983124842,-0.777533814082211,-0.13345099217921402,-0.11245492274362255,-0.48896117144684703,0.0,-1.222220457490954,-4.866794015901914,-0.09622504486493767,-0.29599936395118165,-0.1245330990169104,-0.4824905740057288,-0.7710406706612241,-0.09622504486493762,7.194794425404411
4-1,-0.11072255892128344,-0.4795901688954971,0.6996519813992974,-0.6594303211978941,-0.7062115711909885,-0.2384714972745355,-0.2514313342302585,2.348900093407743,-0.6866000517477883,0.0,-0.34800916391278436,-0.4316570420736037,-0.9964725829440629,-0.21157763222088652,-0.1342622540128084,0.0,-0.13814310036932095,-0.3796221136411703,-0.7226664879989493,-0.22000734840294592,-0.24988718708375368,-0.3067102564336961,1.2313714673523715,-0.2644644077124355,-0.3391807082194173,-0.13651498420458819,-0.7354255192843109,-0.09622504486493767,0.0,-0.09622504486493762,0.0,-0.31805374841748824,-0.28414999594436746,0.0,-0.23517724187582092,-0.2476824920070451,-0.7394679732135625,-0.7685068802659363,0.11036639817695253,-0.6082289382261089,-0.35598084039789485,-0.1360145237956077,-0.5745874843635346,-0.19197291732187582,-0.5820750003648056,-0.5311451641671385,-0.14810207928107974,-0.5768042414376395,-0.1677050983124842,-0.777533814082211,-0.13345099217921402,-0.11245492274362255,-0.48896117144684703,0.0,-1.222220457490954,1.5600734600727035,-0.09622504486493767,-0.29599936395118165,-0.1245330990169104,-0.4824905740057288,-0.7419175489723139,-0.09622504486493762,-0.4141130056903483
1-2,-0.11072255892128344,-0.4795901688954971,-0.22363792820491066,-0.6594303211978941,1.2597528574367267,-0.2384714972745355,-0.2514313342302585,-0.18918535159244956,-0.35081370558223063,0.0,-0.34800916391278436,-0.18341443698092824,-0.0355731698734391,-0.21157763222088652,-0.1342622540128084,0.0,-0.13814310036932095,-0.3796221136411703,-0.05004028763794941,-0.22000734840294592,-0.24988718708375368,-0.3067102564336961,-0.07770227727084808,-0.2644644077124355,-0.3391807082194173,-0.13651498420458819,-0.7354255192843109,-0.09622504486493767,0.0,-0.09622504486493762,0.0,-0.31805374841748824,-0.28414999594436746,0.0,-0.23517724187582092,-0.2476824920070451,-0.7394679732135625,-0.38654763500162953,-0.4644420459704801,-0.6480761006068811,-0.35598084039789485,-0.1360145237956077,0.34939836528955154,-0.19197291732187582,1.7585602736443362,-0.4295671528330148,-0.14810207928107974,0.5336799949812565,-0.1677050983124842,1.0649597064388678,-0.13345099217921402,-0.11245492274362255,-0.30887615308645344,0.0,-0.2419456658636297,0.6648803775587367,-0.09622504486493767,-0.29599936395118165,-0.1245330990169104,1.4188382432051139,-0.6334651878363114,-0.09622504486493762,-0.3204766260980867
2-2,-0.11072255892128344,-0.2714921848231236,-0.17704056100756643,-0.6594303211978941,0.6220900041629465,0.9430463755856628,-0.2514313342302585,0.05976277706240352,-0.21977513146884223,0.0,-0.34800916391278436,-0.28565581459526734,0.3437929102182025,-0.21157763222088652,-0.1342622540128084,0.0,-0.13814310036932095,0.04585969558048592,0.0035020964703889436,-0.22000734840294592,-0.24988718708375368,-0.3067102564336961,-0.1605002445826929,-0.2644644077124355,3.502284512579569,-0.13651498420458819,-0.04872352835880175,-0.09622504486493767,0.0,-0.09622504486493762,0.0,-0.31805374841748824,1.625721471851573,0.0,-0.23517724187582092,-0.2476824920070451,0.9447940983066478,0.6158315998080154,-0.12314953225794202,-0.6334576149997339,-0.35598084039789485,-0.1360145237956077,-0.018326188703919607,-0.19197291732187582,1.22899875612245,-0.31173665968543124,-0.14810207928107974,0.8455283079482069,-0.1677050983124842,0.6834510290027285,-0.13345099217921402,-0.11245492274362255,-0.48896117144684703,0.0,0.08736055496965911,0.48237501876168193,-0.09622504486493767,-0.29599936395118165,-0.1245330990169104,2.4347283402225712,-0.6477587444934452,-0.09622504486493762,-0.404216477765963
3-2,-0.11072255892128344,-0.39474069324694006,-0.2521565354513727,-0.6594303211978941,-0.45994537025324783,-0.2384714972745355,-0.2514313342302585,-0.29113553761300837,0.0341121058758477,0.0,-0.34800916391278436,-0.1898973777015204,1.1643411727533275,-0.21157763222088652,-0.1342622540128084,0.0,-0.13814310036932095,-0.3796221136411703,0.04222471354874074,5.301800496411577,-0.24988718708375368,-0.3067102564336961,-0.14032961677648012,-0.2644644077124355,-0.3391807082194173,-0.13651498420458819,-0.13733023686531906,-0.09622504486493767,0.0,-0.09622504486493762,0.0,0.27323886100217837,-0.28414999594436746,0.0,-0.23517724187582092,-0.2476824920070451,-0.7394679732135625,-0.43930443683371606,-0.44211333253680163,-0.5870085558931534,-0.35598084039789485,-0.1360145237956077,0.35251467506915735,-0.19197291732187582,2.1518473688030886,-0.08478236007604618,-0.14810207928107974,0.739043518154614,-0.1677050983124842,0.6799348199941004,-0.13345099217921402,-0.11245492274362255,0.07742020754154107,0.0,0.02021844595408891,0.5507787148571242,-0.09622504486493767,-0.29599936395118165,-0.1245330990169104,0.5986252114237642,-0.5494905424756504,-0.09622504486493762,-0.43957330402573297
4-2,-0.11072255892128344,-0.18788138765118784,0.07351577408634992,-0.6594303211978941,0.20648324962055398,-0.2384714972745355,-0.2514313342302585,-0.04574381079608192,0.027287180140775382,0.0,-0.34800916391278436,-0.31334337392279643,0.35886196007977256,-0.21157763222088652,-0.1342622540128084,0.0,-0.13814310036932095,-0.3796221136411703,0.18707598484183452,-0.22000734840294592,-0.24988718708375368,-0.3067102564336961,-0.34356099108737187,-0.2644644077124355,-0.3391807082194173,-0.13651498420458819,0.1783311621891489,-0.09622504486493767,0.0,-0.09622504486493762,0.0,0.13740136964901176,-0.28414999594436746,0.0,-0.23517724187582092,-0.2476824920070451,-0.7394679732135625,0.06927113282759852,-0.13562367384100257,-0.556828456575172,-0.35598084039789485,-0.1360145237956077,0.2943435591831845,-0.19197291732187582,3.5141477018078398,-0.23685915418770578,-0.14810207928107974,1.4996491595374197,-0.1677050983124842,0.6693861929682162,-0.13345099217921402,-0.11245492274362255,-0.33686864298703273,0.0,-0.3726145395631625,1.0068988580359481,-0.09622504486493767,-0.29599936395118165,-0.1245330990169104,-0.4824905740057288,-0.8110626293011987,-0.09622504486493762,-0.43957330402573297
1-3,-0.11072255892128344,-0.22318372423489405,0.03659436291905534,-0.15644942218703906,0.1469992888232243,-0.2384714972745355,-0.2514313342302585,-0.2970628740095525,0.3262189273369425,0.0,-0.34800916391278436,-0.18908701011144638,0.6442939629321386,-0.21157763222088652,-0.1342622540128084,0.0,-0.13814310036932095,5.53767457089842,0.545857764067798,-0.22000734840294592,-0.24988718708375368,-0.3067102564336961,-0.9825763193188352,-0.2644644077124355,-0.3391807082194173,-0.13651498420458819,1.5905005790117681,-0.09622504486493767,0.0,-0.09622504486493762,0.0,-0.31805374841748824,-0.28414999594436746,0.0,-0.23517724187582092,-0.2476824920070451,0.05689507147262389,1.7110628058421329,0.5035513408750226,-0.03150610282155965,-0.35598084039789485,-0.1360145237956077,2.149586647975103,-0.19197291732187582,0.40691331567774464,0.416722793024999,-0.14810207928107974,-0.5768042414376395,-0.1677050983124842,1.103638005533776,-0.13345099217921402,-0.11245492274362255,0.12967285535595582,0.0,0.9902669779005804,-1.6988075503466031,-0.09622504486493767,-0.29599936395118165,-0.1245330990169104,0.08497291517898237,-0.7136877745744747,-0.09622504486493762,1.5294128243831804
2-3,-0.11072255892128344,-0.33838082256067226,-0.15132288840138194,0.8624093219631545,0.10326491064400627,0.25900971235081116,-0.2514313342302585,-0.31365941591987606,0.49274711527270687,0.0,-0.34800916391278436,-0.36034469414708975,1.5355677660584277,-0.21157763222088652,-0.1342622540128084,0.0,-0.13814310036932095,1.7027027672515713,0.5209988000174981,-0.22000734840294592,-0.24988718708375368,-0.3067102564336961,-1.0076174157904507,-0.2644644077124355,-0.3391807082194173,-0.13651498420458819,0.14510364649920487,-0.09622504486493767,0.0,-0.09622504486493762,0.0,-0.31805374841748824,-0.28414999594436746,0.0,-0.23517724187582092,-0.2476824920070451,-0.15363768746740233,0.37526058345370067,0.30246817855608565,-0.21918859545525593,-0.35598084039789485,-0.1360145237956077,1.5294410018335716,-0.19197291732187582,0.8126293483810172,0.3940854076419656,-0.14810207928107974,-0.5768042414376395,-0.1677050983124842,0.9840868992404235,-0.13345099217921402,-0.11245492274362255,-0.48896117144684703,0.0,1.6331784956127477,-0.4497775477158972,-0.09622504486493767,-0.29599936395118165,-0.1245330990169104,-0.4824905740057288,-0.6286411124645288,-0.09622504486493762,-0.4269700334211738
3-3,-0.11072255892128344,-0.31608460998148935,0.06434907889998712,0.020883587079608544,-0.04108456971537795,-0.2384714972745355,-0.2514313342302585,-0.22830577180964073,0.13102605131387457,0.0,-0.34800916391278436,-0.2938945517610199,0.6441839698674554,-0.21157763222088652,-0.1342622540128084,0.0,-0.13814310036932095,2.13382009712517,0.8185892831196463,-0.22000734840294592,-0.24988718708375368,-0.3067102564336961,-1.0000903278530104,-0.2644644077124355,-0.3391807082194173,-0.13651498420458819,0.6878197361016234,-0.09622504486493767,0.0,-0.09622504486493762,0.0,-0.31805374841748824,-0.28414999594436746,0.0,-0.23517724187582092,-0.2476824920070451,-0.7394679732135625,0.5293104448033934,0.6673368198606083,-0.2453604003325679,-0.35598084039789485,-0.1360145237956077,3.082402042003739,-0.19197291732187582,0.7633574888295256,0.2176298908101165,-0.14810207928107974,-0.5768042414376395,-0.1677050983124842,3.053375900818009,-0.13345099217921402,-0.11245492274362255,-0.010289594146940759,0.0,1.3394059447815452,-0.6289164418883597,-0.09622504486493767,-0.29599936395118165,-0.1245330990169104,-0.13516378321163833,-0.6304278070466705,-0.09622504486493762,-0.040075001573834264
4-3,-0.11072255892128344,-0.4795901688954971,0.5127532517662338,-0.6594303211978941,0.12187805373813793,-0.2384714972745355,-0.2514313342302585,-0.3978275927508026,-0.055976913827106796,0.0,0.7413487522531826,-0.2953802256761556,-0.18274389041928318,-0.21157763222088652,-0.1342622540128084,0.0,-0.13814310036932095,2.688918881341503,0.25304785097532273,-0.22000734840294592,-0.24988718708375368,-0.3067102564336961,-0.9050915905510659,-0.2644644077124355,-0.3391807082194173,-0.13651498420458819,0.20602075859743557,-0.09622504486493767,0.0,-0.09622504486493762,0.0,-0.31805374841748824,-0.28414999594436746,0.0,-0.23517724187582092,-0.2476824920070451,0.7434149375814054,2.523517554056266,1.688220567018288,-0.20433432782218705,-0.35598084039789485,-0.1360145237956077,1.995329313884622,-0.19197291732187582,0.37717264369621384,0.024341446385755215,-0.14810207928107974,0.5641042206365688,-0.1677050983124842,1.2917551874953748,-0.13345099217921402,-0.11245492274362255,-0.23796184533831918,0.0,1.3440542446364694,-0.2553104954655031,-0.09622504486493767,-0.29599936395118165,-0.1245330990169104,-0.12864121437043474,-0.7404881933066007,-0.09622504486493762,-0.4139438342728375
1-3b,-0.11072255892128344,-0.2603440785335322,0.22043752748999804,-0.6594303211978941,-0.10746710802311966,-0.2384714972745355,-0.2514313342302585,-0.3018047431267878,0.40129311042273796,0.0,-0.34800916391278436,-0.1669369626494231,0.6870812650938226,-0.21157763222088652,5.790313220643021,0.0,-0.13814310036932095,4.703617514410935,0.8824098927487816,-0.22000734840294592,-0.24988718708375368,-0.3067102564336961,-1.0193262192486914,-0.2644644077124355,-0.3391807082194173,-0.13651498420458819,1.6071143368567402,-0.09622504486493767,0.0,-0.09622504486493762,0.0,-0.31805374841748824,-0.28414999594436746,0.0,-0.23517724187582092,-0.2476824920070451,0.11181666076132644,1.5148075030267707,0.42221993775346756,-0.1279409514235469,-0.35598084039789485,-0.1360145237956077,2.7634996745574236,-0.19197291732187582,0.5298710192431785,0.25187619177419246,-0.14810207928107974,-0.5768042414376395,-0.1677050983124842,1.7629271946515281,-0.13345099217921402,-0.11245492274362255,0.11940894239241008,0.0,1.8942063563548182,-0.9030326146184727,-0.09622504486493767,-0.29599936395118165,-0.1245330990169104,0.06703585086567261,-0.5954085932366927,-0.09622504486493762,-0.2050171336469239
1-4,-0.11072255892128344,0.48657904286909426,-0.19970266855163005,0.27882250964927774,0.5093698508796038,-0.2384714972745355,-0.2514313342302585,-0.6918234780193909,0.09280646719746961,0.0,-0.34800916391278436,0.403021575702639,-0.38623106008281954,-0.21157763222088652,-0.1342622540128084,0.0,-0.13814310036932095,-0.3796221136411703,0.3460299376634639,-0.22000734840294592,-0.24988718708375368,-0.3067102564336961,-0.6259497803743532,-0.2644644077124355,-0.3391807082194173,-0.13651498420458819,0.8871848302412871,-0.09622504486493767,0.0,-0.09622504486493762,0.0,-0.31805374841748824,-0.28414999594436746,0.0,-0.23517724187582092,-0.2476824920070451,1.9883042947919956,0.4385687456522046,0.9609781127258548,0.5607783462938236,-0.35598084039789485,-0.1360145237956077,-0.7293642034172837,-0.19197291732187582,-0.3490324214050485,0.24374995086746254,-0.14810207928107974,-0.5768042414376395,-0.1677050983124842,0.7502590001666606,-0.13345099217921402,-0.11245492274362255,0.024234476730440425,0.0,0.9737396895275169,-0.5337959095168961,-0.09622504486493767,-0.29599936395118165,-0.1245330990169104,0.6116703491061714,0.1278453736142766,-0.09622504486493762,-0.2516238591711662
2-4,-0.11072255892128344,0.0759571278691429,-0.23993427520288896,1.8038863893424473,-0.0449894249099507,-0.2384714972745355,-0.2514313342302585,-0.6918234780193909,-0.18292053249945178,0.0,-0.34800916391278436,1.196776630180144,-0.062081498462040294,-0.21157763222088652,-0.1342622540128084,0.0,-0.13814310036932095,-0.3796221136411703,0.11393326369383674,-0.22000734840294592,-0.24988718708375368,-0.3067102564336961,-0.49006862427493814,-0.2644644077124355,-0.3391807082194173,-0.13651498420458819,-0.7354255192843109,-0.09622504486493767,0.0,-0.09622504486493762,0.0,-0.31805374841748824,-0.28414999594436746,0.0,-0.23517724187582092,-0.2476824920070451,-0.167368084789578,-0.2768134871908894,0.658854403584127,0.29363731092450457,-0.35598084039789485,-0.1360145237956077,-0.7117051146661848,-0.19197291732187582,-0.42227437479240076,-0.4057688758918772,-0.14810207928107974,0.71622534891313,-0.1677050983124842,0.6324659983776223,-0.13345099217921402,-0.11245492274362255,-0.48896117144684703,0.0,0.5735727197947188,0.028833444231481084,-0.09622504486493767,-0.29599936395118165,-0.1245330990169104,0.29858704472839953,-0.06404562450774441,-0.09622504486493762,-0.43957330402573297
3-4,-0.11072255892128344,-0.1426696232545114,-0.1948646905366052,0.8656335584952753,-0.2977637178386466,-0.2384714972745355,-0.2514313342302585,-0.6918234780193909,0.054586883081064644,0.0,-0.34800916391278436,0.022418930897873394,0.5042727915906889,-0.21157763222088652,-0.1342622540128084,0.0,-0.13814310036932095,-0.3796221136411703,0.44116328085595796,0.5016677775979929,0.5848119788280223,-0.3067102564336961,-0.4995635783398139,-0.2644644077124355,-0.3391807082194173,-0.13651498420458819,0.01773150302108629,-0.09622504486493767,0.0,-0.09622504486493762,0.0,-0.31805374841748824,-0.28414999594436746,0.0,-0.23517724187582092,-0.2476824920070451,-0.7394679732135625,0.1410203833192362,0.7722443505741479,0.3985603124596741,-0.35598084039789485,-0.1360145237956077,-0.33774794111350237,-0.19197291732187582,-0.2194163584407645,-0.06330586625111721,-0.14810207928107974,0.39677097953235163,-0.1677050983124842,1.2899970829910605,-0.13345099217921402,-0.11245492274362255,-0.1717129525736148,0.0,0.7780979134113785,-0.014930595888220086,-0.09622504486493767,-0.29599936395118165,-0.1245330990169104,-0.4824905740057288,-0.28899047239938724,-0.09622504486493762,-0.43957330402573297
4-4,-0.11072255892128344,-0.2541506861504258,0.04015918882486309,1.0655362234867691,-0.2607977553300218,-0.2384714972745355,-0.2514313342302585,-0.6918234780193909,-0.23615495323301577,0.0,-0.34800916391278436,-0.0324159426971354,0.6309848021054962,-0.21157763222088652,-0.1342622540128084,0.0,-0.13814310036932095,-0.3796221136411703,0.22842791542550675,5.255454387402342,0.03442921465374421,-0.3067102564336961,-0.6292459561378075,-0.2644644077124355,-0.3391807082194173,-0.13651498420458819,0.565985511905162,-0.09622504486493767,0.0,-0.09622504486493762,0.0,-0.31805374841748824,-0.28414999594436746,0.0,-0.23517724187582092,-0.2476824920070451,0.24912063398308273,0.07349167697416545,0.9693357875865054,0.3679086490898493,-0.35598084039789485,-0.1360145237956077,-0.44370247362009574,-0.19197291732187582,-0.08536138921058035,0.16364843335826776,-0.14810207928107974,-0.5768042414376395,-0.1677050983124842,0.9032140920419791,-0.13345099217921402,-0.11245492274362255,-0.18664228052059045,0.0,1.094595485755543,-0.268633100150061,-0.09622504486493767,0.22737201389167924,-0.1245330990169104,-0.4824905740057288,-0.24217907434727412,-0.09622504486493762,-0.4280696476349944
1-5,-0.11072255892128344,0.08896325187366626,-0.016368764824374188,0.01121087748324594,0.23342675046310815,-0.2384714972745355,-0.2514313342302585,-0.6918234780193909,-0.21295020573376996,0.0,-0.34800916391278436,-0.33549342138481975,1.3166815673392727,-0.21157763222088652,-0.1342622540128084,0.0,-0.13814310036932095,0.19520099285696127,0.7784324950383925,-0.22000734840294592,-0.24988718708375368,-0.3067102564336961,-1.1098972577639061,-0.2644644077124355,2.0174628492210958,-0.13651498420458819,2.631629403963347,-0.09622504486493767,0.0,-0.09622504486493762,0.0,-0.31805374841748824,-0.28414999594436746,0.0,-0.23517724187582092,-0.2476824920070451,0.2628510313052584,0.0017424264825276474,0.9218093081550445,0.227146779614577,-0.35598084039789485,-0.1360145237956077,-0.13466842047586514,-0.19197291732187582,-0.2491570304222954,0.515398575463862,-0.14810207928107974,1.0661039439492206,-0.1677050983124842,0.7080644920631244,-0.13345099217921402,-0.11245492274362255,0.2994939607528036,0.0,1.7190170996003458,-1.0077511525153697,-0.09622504486493767,1.5326091696095454,-0.1245330990169104,0.8774650293852173,-0.27880631328117944,-0.09622504486493762,-0.19461309147000597
2-5,-0.11072255892128344,0.23264995516173362,0.1160390545341995,0.23690743473170664,0.5393070740379973,0.6034197805529742,2.276965476546509,-0.4630282931127879,-0.0436920475039767,0.0,1.0428674611919768,-0.22150171371440727,-0.01390453613088964,-0.21157763222088652,-0.1342622540128084,0.0,-0.13814310036932095,0.017682092320773557,0.7662420415137261,-0.22000734840294592,-0.24988718708375368,-0.3067102564336961,-1.1160960360653276,-0.2644644077124355,1.499818599609885,-0.13651498420458819,1.269301260675643,-0.09622504486493767,0.0,-0.09622504486493762,0.0,0.006890838741067273,0.9140240852672368,0.0,-0.23517724187582092,-0.2476824920070451,2.116454669798968,2.2217486475767307,1.308008731566601,0.5713885374603016,-0.35598084039789485,-0.1360145237956077,-0.4940828150570543,5.522729843561883,0.30925737782794177,0.8178108263500248,-0.14810207928107974,-0.5768042414376395,5.646071643186968,1.20209185777536,-0.13345099217921402,-0.11245492274362255,2.287893826690621,0.0,0.4501345347584014,-0.3265792678371947,-0.09622504486493767,4.998348903373856,-0.1245330990169104,2.566810359256944,-0.17875141668124298,-0.09622504486493762,-0.3670833516223289
3-5,-0.11072255892128344,-0.2052228863238856,-0.17602203932019284,-0.09196469154462177,0.160405958324592,-0.2384714972745355,-0.2514313342302585,-0.4642137603920967,-0.2634546561733052,0.0,-0.34800916391278436,-0.3417062395753872,0.9986916173407406,-0.21157763222088652,-0.1342622540128084,0.0,-0.13814310036932095,-0.3796221136411703,0.4963788644676818,-0.22000734840294592,-0.24988718708375368,-0.3067102564336961,-0.9578795994195207,-0.2644644077124355,-0.3391807082194173,-0.13651498420458819,1.5018938705052514,-0.09622504486493767,0.0,-0.09622504486493762,0.0,0.13740136964901176,-0.28414999594436746,0.0,-0.23517724187582092,-0.2476824920070451,-0.7394679732135625,0.0882635814871497,0.44654451384043553,-0.08361393055026178,-0.35598084039789485,-0.1360145237956077,0.8947525767205466,-0.19197291732187582,2.2872340099130426,0.8485744526397879,-0.14810207928107974,1.3779522569161706,-0.1677050983124842,0.4970919515454436,8.743660626557748,-0.11245492274362255,0.7445745501720148,0.0,1.6294598557288082,-0.88562727624026,-0.09622504486493767,3.527164725413131,-0.1245330990169104,1.7808408138919125,-0.3047133847222344,-0.09622504486493762,-0.4102220630875985
4-5,-0.11072255892128344,-0.3513869465651956,0.03099249363850029,-0.6594303211978941,0.09063921218155321,-0.2384714972745355,-0.2514313342302585,-0.361078107092229,-0.1679056958822927,0.0,-0.34800916391278436,-0.28471038574018104,-0.6050072657372921,-0.21157763222088652,-0.1342622540128084,0.0,-0.13814310036932095,-0.3796221136411703,0.31710748910494196,-0.22000734840294592,-0.24988718708375368,-0.3067102564336961,-0.9788865703298937,-0.2644644077124355,-0.3391807082194173,-0.13651498420458819,1.8729344623762922,-0.09622504486493767,0.0,-0.09622504486493762,0.0,0.9763976397715115,1.8058980254172277,0.0,-0.23517724187582092,-0.2476824920070451,0.22165983933873143,0.0882635814871497,1.6560372817339917,-0.30477747086484364,-0.35598084039789485,-0.1360145237956077,2.006236398113242,-0.19197291732187582,3.9797889691007637,0.6866300802842421,-0.14810207928107974,2.785072693474361,-0.1677050983124842,0.34413685967012514,5.535595536618152,-0.11245492274362255,0.06529012858462335,0.0,1.1478959907586728,-0.20789348309358444,-0.09622504486493767,1.0985938806666853,-0.1245330990169104,-0.4824905740057288,-0.5963019405277636,-0.09622504486493762,-0.43957330402573297
1-6,-0.11072255892128344,-0.4795901688954971,-0.34866146533002546,-0.6594303211978941,0.4461111967275207,-0.2384714972745355,-0.2514313342302585,0.41421749357574195,-0.6866000517477883,0.0,-0.34800916391278436,-0.42855063297831997,-0.8711904822701342,-0.21157763222088652,-0.1342622540128084,0.0,-0.13814310036932095,-0.3796221136411703,-0.28476627511289676,-0.22000734840294592,4.094582694871324,1.3142855713045152,1.0781238926783396,-0.2644644077124355,-0.3391807082194173,-0.13651498420458819,-0.7354255192843109,-0.09622504486493767,0.0,-0.09622504486493762,0.0,-0.31805374841748824,-0.28414999594436746,0.0,-0.23517724187582092,-0.2476824920070451,-0.7394679732135625,-0.7685068802659363,-0.8218262023251662,-0.6780204178989406,-0.35598084039789485,-0.1360145237956077,-0.56471917006145,-0.19197291732187582,-0.7911474854887021,-0.08652369741320266,-0.14810207928107974,-0.5768042414376395,-0.1677050983124842,-0.777533814082211,-0.13345099217921402,-0.11245492274362255,0.23884356596821515,0.0,1.1426279175897587,-0.5392395544417686,-0.09622504486493767,0.058233702759535155,-0.1245330990169104,-0.0520010304862927,-0.5446664671038678,-0.09622504486493762,-0.056907557616164936
2-6,-0.11072255892128344,-0.4795901688954971,-0.2172721676588254,-0.6594303211978941,1.032880770632032,-0.2384714972745355,-0.2514313342302585,0.0680610480175653,-0.6866000517477883,0.0,-0.34800916391278436,-0.40829144322646943,-1.1902803629154959,-0.21157763222088652,-0.1342622540128084,0.0,-0.13814310036932095,-0.3796221136411703,-0.40117315484843585,-0.22000734840294592,1.5395771927708362,-0.3067102564336961,1.0945063781892392,-0.2644644077124355,-0.3391807082194173,-0.13651498420458819,-0.7354255192843109,-0.09622504486493767,0.0,-0.09622504486493762,0.0,-0.31805374841748824,-0.28414999594436746,0.0,-0.23517724187582092,-0.2476824920070451,-0.0758321026417405,-0.44774552512684995,-0.7664410136963772,-0.6061068999928133,-0.35598084039789485,-0.1360145237956077,-0.8347993509606095,-0.19197291732187582,-0.7911474854887021,0.06555309669845695,-0.14810207928107974,0.37395281029086747,-0.1677050983124842,-0.777533814082211,-0.13345099217921402,-0.11245492274362255,0.5187684649740083,0.0,0.4936219622900244,0.1705114660919886,-0.09622504486493767,-0.29599936395118165,-0.1245330990169104,-0.4824905740057288,-0.37153576209433486,-0.09622504486493762,-0.43957330402573297
3-6,-0.11072255892128344,-0.4795901688954971,-0.388638441559441,-0.6594303211978941,1.8176265029013967,-0.2384714972745355,-0.2514313342302585,0.1735676358760506,-0.6866000517477883,0.0,-0.34800916391278436,-0.3839804155242488,-1.2578161046308534,-0.21157763222088652,-0.1342622540128084,0.0,-0.13814310036932095,-0.3796221136411703,-0.4504130259480684,-0.22000734840294592,4.4019517778307815,-0.3067102564336961,0.6220709176451833,-0.2644644077124355,-0.3391807082194173,-0.13651498420458819,-0.7354255192843109,-0.09622504486493767,0.0,-0.09622504486493762,0.0,-0.31805374841748824,-0.28414999594436746,0.0,-0.23517724187582092,-0.2476824920070451,-0.7394679732135625,-0.3759962746352122,-0.8634898352125886,-0.04093738385842882,-0.35598084039789485,-0.1360145237956077,-0.6597666183394234,-0.19197291732187582,-0.7911474854887021,-0.030220456845145453,-0.14810207928107974,-0.5768042414376395,-0.1677050983124842,-0.5612869600515882,-0.13345099217921402,-0.11245492274362255,0.614876013632664,0.0,1.14459053308406,-0.8744534787628889,-0.09622504486493767,-0.29599936395118165,-0.1245330990169104,0.45512869691728536,-0.12264920680199289,-0.09622504486493762,0.08638063301553449
4-6,-0.11072255892128344,-0.4795901688954971,-0.30384651108558514,-0.6594303211978941,1.391997286692934,-0.2384714972745355,-0.2514313342302585,0.758003004575301,-0.6866000517477883,0.0,-0.34800916391278436,-0.41382895509197526,-1.2440669715454793,-0.21157763222088652,-0.1342622540128084,0.0,-0.13814310036932095,-0.3796221136411703,-0.6263380023040371,-0.22000734840294592,5.956086703544537,-0.3067102564336961,0.8860109619874577,-0.2644644077124355,-0.3391807082194173,-0.13651498420458819,-0.7354255192843109,-0.09622504486493767,0.0,-0.09622504486493762,0.0,-0.31805374841748824,-0.28414999594436746,0.0,-0.23517724187582092,-0.2476824920070451,-0.7394679732135625,-0.7685068802659363,-0.8745918212215126,-0.6497265747883332,-0.35598084039789485,-0.1360145237956077,-0.9485446579162171,-0.19197291732187582,-0.7911474854887021,-0.22466979282761093,-0.14810207928107974,0.35113464104938324,-0.1677050983124842,-0.777533814082211,-0.13345099217921402,-0.11245492274362255,0.023301393733754346,0.0,1.0732133064228926,-0.08046921570741403,-0.09622504486493767,-0.29599936395118165,-0.1245330990169104,-0.4824905740057288,-0.7238719336926827,-0.09622504486493762,-0.4059081919410716
1-7,-0.11072255892128344,2.3099137604556046,0.029973971951126645,2.942041885181113,0.9823779767822202,0.4694825318076886,-0.2514313342302585,-0.6918234780193909,4.201411759710999,0.0,-0.34800916391278436,0.26296304388484565,-1.0916165838948515,-0.21157763222088652,-0.1342622540128084,0.0,-0.13814310036932095,-0.04994415550253599,1.141277758772578,-0.22000734840294592,-0.24988718708375368,-0.3067102564336961,-1.3437781470096044,-0.2644644077124355,3.842839939955366,-0.13651498420458819,0.7265851710732247,-0.09622504486493767,0.0,10.392304845413262,0.0,-0.31805374841748824,3.1932574878727698,0.0,4.3604054006654795,5.269555054098192,1.3200916251127817,2.536179186495967,1.7781591278321547,0.45703425488826294,-0.35598084039789485,-0.1360145237956077,-0.8695981434995397,5.205246356846118,-0.6433319068342276,0.0423352655363715,-0.14810207928107974,-0.5768042414376395,-0.1677050983124842,1.0245233028396454,-0.13345099217921402,1.8178736723831268,0.29016313078594397,0.0,0.30892951472104063,-0.30516282267223377,-0.09622504486493767,-0.29599936395118165,-0.1245330990169104,3.9691626601157126,-0.06440296342417272,-0.09622504486493762,-0.09201062674966863
2-7,-0.11072255892128344,1.0953895141284489,-0.05660037147563309,2.248831030775127,-0.12412782351996471,0.8186760731793263,5.324586632393506,-0.4938504423748173,4.546753001905659,0.0,-0.34800916391278436,-0.0348470454673575,-0.5285620857826122,-0.21157763222088652,-0.1342622540128084,0.0,-0.13814310036932095,-0.3796221136411703,1.0205683660283331,-0.22000734840294592,-0.24988718708375368,-0.3067102564336961,-1.274066489445205,-0.2644644077124355,2.2626627569316695,-0.13651498420458819,-0.7354255192843109,-0.09622504486493767,0.0,-0.09622504486493762,0.0,-0.31805374841748824,-0.28414999594436746,0.0,-0.23517724187582092,5.574856736491367,0.39100140631223085,0.7382273800584561,0.43182502677242424,3.9456651104261664,-0.35598084039789485,-0.1360145237956077,-0.7184571191886638,3.4735182474874033,-0.43115218732420096,1.4760363397951464,-0.14810207928107974,-0.5768042414376395,-0.1677050983124842,3.0568921098266375,-0.13345099217921402,-0.11245492274362255,3.519563382316111,0.0,0.11039546313961615,-0.9074734828466584,-0.09622504486493767,-0.29599936395118165,-0.1245330990169104,2.7429197179694405,2.0187042498948613,-0.09622504486493762,-0.4235866050709566
3-7,-0.11072255892128344,0.7919132873562373,-0.1250959549515106,3.1870838616222987,-1.2940224398140527,0.3498957025708264,4.173263084629085,-0.4049403964266555,1.4714414656820758,0.0,-0.34800916391278436,0.14762072356430989,0.7385580193654632,-0.21157763222088652,-0.1342622540128084,0.0,-0.13814310036932095,-0.3796221136411703,0.7083971443966821,-0.22000734840294592,-0.24988718708375368,-0.3067102564336961,-0.9788373736767079,-0.2644644077124355,-0.3391807082194173,-0.13651498420458819,1.1751566328874683,-0.09622504486493767,0.0,-0.09622504486493762,0.0,-0.31805374841748824,-0.28414999594436746,0.0,-0.23517724187582092,-0.2476824920070451,0.276581428627434,0.40269412040638547,0.30147024722944094,2.3371601295881304,1.4342576939203935,-0.1360145237956077,-0.7958454787155385,-0.19197291732187582,0.45751684710900636,1.8277864819007406,-0.14810207928107974,0.6173466155333652,-0.1677050983124842,3.109635244956057,-0.13345099217921402,-0.11245492274362255,3.909592074930849,0.0,0.9165139535357846,-0.5575760426097616,-0.09622504486493767,-0.29599936395118165,-0.1245330990169104,1.8004085204155231,-0.4397874951321487,-0.09622504486493762,-0.31937701188426604
4-7,-0.11072255892128344,0.6290270676805403,0.05747405751021499,1.1816087386431204,0.20010531946941804,-0.2384714972745355,-0.2514313342302585,0.12970534654162408,0.07779163058031052,0.0,-0.34800916391278436,-0.18719615240127366,0.574778346052487,-0.21157763222088652,-0.1342622540128084,0.0,-0.13814310036932095,-0.3796221136411703,0.5733460416234177,-0.22000734840294592,-0.24988718708375368,-0.3067102564336961,-0.8619953223602305,-0.2644644077124355,-0.3391807082194173,-0.13651498420458819,2.061223717952642,-0.09622504486493767,0.0,-0.09622504486493762,0.0,-0.31805374841748824,-0.28414999594436746,0.0,-0.23517724187582092,-0.2476824920070451,0.3681174107752715,1.1581715226418654,0.6238020657357268,0.6824418716694358,0.7704613834428259,-0.1360145237956077,-0.4250046149424616,-0.19197291732187582,0.44686347207084604,-0.20145196166552548,-0.14810207928107974,2.572103113887175,-0.1677050983124842,-0.40657376367195563,-0.13345099217921402,-0.11245492274362255,-0.48896117144684703,0.0,1.1735132877369212,-0.11040926279421545,-0.09622504486493767,-0.29599936395118165,-0.1245330990169104,-0.4824905740057288,-0.6536548366145128,-0.09622504486493762,-0.43957330402573297
1-8,-0.11072255892128344,0.23574665135328685,-0.24833707912372152,1.6458987992685252,0.01996133315978099,-0.2384714972745355,4.173263084629085,-0.4902940405368908,0.2784444471914363,0.0,-0.34800916391278436,0.8777619222210038,-0.29075707993798205,-0.21157763222088652,-0.1342622540128084,0.0,-0.13814310036932095,-0.3796221136411703,1.5380650695754423,-0.22000734840294592,-0.24988718708375368,-0.3067102564336961,-0.45489301724703024,-0.2644644077124355,-0.3391807082194173,-0.13651498420458819,1.2083841485774125,-0.09622504486493767,0.0,-0.09622504486493762,0.0,-0.31805374841748824,-0.28414999594436746,0.0,-0.23517724187582092,-0.2476824920070451,-0.7394679732135625,0.018624603068795365,-0.21271386882431714,-0.19914712325190895,-0.35598084039789485,-0.1360145237956077,0.23357551848087357,-0.19197291732187582,0.6199808164409512,-0.07839745650647276,-0.14810207928107974,-0.5768042414376395,-0.1677050983124842,1.7383137315911323,-0.13345099217921402,-0.11245492274362255,0.283631549809142,0.0,0.19117258506296367,0.007202118345802457,-0.09622504486493767,-0.29599936395118165,-0.1245330990169104,-0.21669589372668305,0.02707579918148341,-0.09622504486493762,-0.18420904929308798
2-8,-0.11072255892128344,-0.12594746382012423,-0.3573188996727014,1.9812193986090947,-0.4192047143898686,-0.2384714972745355,4.579612572075351,-0.5720912828091997,-0.15562082955916254,0.0,-0.34800916391278436,2.015788141214956,-0.09078968834430148,-0.21157763222088652,-0.1342622540128084,0.0,-0.13814310036932095,-0.3796221136411703,-0.1124267262641828,-0.22000734840294592,-0.24988718708375368,-0.3067102564336961,-0.7202105678785091,-0.2644644077124355,-0.3391807082194173,-0.13651498420458819,1.2637633413939857,-0.09622504486493767,0.0,-0.09622504486493762,0.0,0.25193101922128947,-0.28414999594436746,0.0,-0.23517724187582092,-0.2476824920070451,-0.7394679732135625,-0.2936956637771571,-0.5758361303072113,2.405065353053588,-0.35598084039789485,-0.1360145237956077,-0.5101837489183505,-0.19197291732187582,0.8827640673822393,-0.07201255293689926,-0.14810207928107974,0.4880436564982884,-0.1677050983124842,0.7379522686364626,-0.13345099217921402,-0.11245492274362255,0.573820361778481,0.0,0.4814330871148899,-0.4951890066944422,-0.09622504486493767,-0.29599936395118165,-0.1245330990169104,0.41110135723916136,1.2018274869396661,-0.09622504486493762,-0.43957330402573297
3-8,-0.11072255892128344,-0.0640135399890607,-0.37437913793620997,1.9199589044987986,-0.7090751316670085,-0.2384714972745355,-0.2514313342302585,-0.569720348250582,0.3535186302772316,0.0,-0.34800916391278436,2.755113505892489,0.3739310099413426,-0.21157763222088652,-0.1342622540128084,0.0,-0.13814310036932095,-0.3796221136411703,0.1387922277441366,-0.22000734840294592,-0.24988718708375368,2.870441565933198,-0.9120283186502757,-0.2644644077124355,-0.3391807082194173,-0.13651498420458819,0.1949449200341209,-0.09622504486493767,0.0,-0.09622504486493762,0.0,0.20931533565951174,-0.28414999594436746,0.0,-0.23517724187582092,-0.2476824920070451,0.30404222327178526,-0.31479838450999176,-0.4937562786906725,0.33442760140896416,-0.35598084039789485,-0.1360145237956077,0.2569478418279162,-0.19197291732187582,1.7740964455749866,-0.19971062432836909,-0.14810207928107974,-0.5768042414376395,-0.1677050983124842,0.19997229031637667,-0.13345099217921402,-0.11245492274362255,-0.48896117144684703,0.0,0.6626134859045979,-0.023167690182436314,-0.09622504486493767,-0.29599936395118165,-0.1245330990169104,0.4176239260803649,-0.251291216716197,-0.09622504486493762,-0.3613315234269597
4-8,-0.11072255892128344,0.1013500366398789,-0.19053597336526726,1.787765206681843,-0.8211444757512554,-0.2384714972745355,-0.2514313342302585,-0.5329708625920085,-0.017757329710701902,0.0,-0.34800916391278436,1.269709713286806,0.9028876580018542,-0.21157763222088652,-0.1342622540128084,0.0,-0.13814310036932095,-0.3796221136411703,1.1266970202430753,-0.22000734840294592,-0.24988718708375368,-0.3067102564336961,-0.7710799072727146,-0.2644644077124355,-0.3391807082194173,-0.13651498420458819,0.10633821152760352,-0.09622504486493767,0.0,-0.09622504486493762,0.0,-0.31805374841748824,-0.28414999594436746,0.0,-0.23517724187582092,-0.2476824920070451,1.2285556429649436,-0.32112920072984213,-0.3274759713884747,-0.25149073300653285,1.1124170585373303,-0.1360145237956077,0.9721409362474215,-0.19197291732187582,1.0896170993731857,0.19267072231087456,-0.14810207928107974,-0.5768042414376395,-0.1677050983124842,0.567416131718004,-0.13345099217921402,-0.11245492274362255,-0.03268358606740423,0.0,0.7302720726818264,0.1804676061519532,-0.09622504486493767,1.041150680659542,-0.1245330990169104,-0.4824905740057288,-0.8110626293011987,-0.09622504486493762,-0.42764671909121726
1-9,-0.11072255892128344,-0.4795901688954971,-0.39220326746524875,-0.6594303211978941,1.1325847399334636,-0.2384714972745355,-0.2514313342302585,-0.5068905824472144,-0.6866000517477883,0.0,-0.34800916391278436,-0.4488098227301705,-1.202819572289357,-0.21157763222088652,-0.1342622540128084,0.0,-0.13814310036932095,-0.3796221136411703,-0.7733405301014838,-0.22000734840294592,-0.24988718708375368,-0.3067102564336961,1.2516896851181425,-0.2644644077124355,-0.3391807082194173,6.902192732369829,-0.7354255192843109,-0.09622504486493767,0.0,-0.09622504486493762,0.0,-0.31805374841748824,-0.28414999594436746,0.0,-0.23517724187582092,-0.2476824920070451,-0.7394679732135625,-0.7685068802659363,-0.7776677411211318,-0.6858012247543577,-0.35598084039789485,-0.1360145237956077,-0.29879406886843135,-0.19197291732187582,-0.3761097496270393,-0.5015424294354797,-0.14810207928107974,-0.5768042414376395,-0.1677050983124842,-0.777533814082211,-0.13345099217921402,-0.11245492274362255,-0.48896117144684703,0.0,-1.207345897955197,0.9965129565345461,-0.09622504486493767,-0.29599936395118165,-0.1245330990169104,-0.4824905740057288,-0.29720926747723925,-0.09622504486493762,0.028354836809309107
2-9,-0.11072255892128344,-0.4795901688954971,-0.42887004821069985,-0.6594303211978941,2.515033640652145,-0.2384714972745355,-0.2514313342302585,-0.4499881530403909,-0.6866000517477883,0.0,-0.34800916391278436,-0.4488098227301705,-1.293783836782192,-0.21157763222088652,-0.1342622540128084,0.0,-0.13814310036932095,-0.3796221136411703,-0.7733405301014838,-0.22000734840294592,-0.24988718708375368,-0.3067102564336961,0.6586732276154819,-0.2644644077124355,-0.3391807082194173,7.704910577521106,-0.7354255192843109,-0.09622504486493767,0.0,-0.09622504486493762,0.0,-0.31805374841748824,-0.28414999594436746,0.0,-0.23517724187582092,-0.2476824920070451,-0.7394679732135625,-0.7685068802659363,-0.9206214036630063,-0.7188107083833998,-0.35598084039789485,-0.1360145237956077,0.6693395026624022,-0.19197291732187582,0.4255567219945253,-0.6420103079660964,-0.14810207928107974,-0.5768042414376395,-0.1677050983124842,-0.777533814082211,-0.13345099217921402,-0.11245492274362255,-0.2790174971925022,0.0,-1.222220457490954,0.40788303557920913,-0.09622504486493767,-0.29599936395118165,-0.1245330990169104,-0.4824905740057288,1.618842002411544,-0.09622504486493762,-0.18471656354562058
3-9,-0.11072255892128344,-0.4795901688954971,-0.37539765962358357,-0.6594303211978941,0.4317933943474191,-0.2384714972745355,-0.2514313342302585,-0.6918234780193909,-0.6866000517477883,0.0,-0.34800916391278436,-0.4488098227301705,-0.05735179668067169,-0.21157763222088652,-0.1342622540128084,0.0,-0.13814310036932095,-0.3796221136411703,-0.7733405301014838,-0.22000734840294592,-0.24988718708375368,-0.3067102564336961,1.042357925812201,-0.2644644077124355,-0.3391807082194173,-0.13651498420458819,-0.7354255192843109,-0.09622504486493767,0.0,-0.09622504486493762,0.0,-0.31805374841748824,-0.28414999594436746,0.0,-0.23517724187582092,-0.2476824920070451,-0.2589040669374155,-0.7685068802659363,-0.9429501170966847,-0.5431530990717116,-0.35598084039789485,-0.1360145237956077,-0.5158969835142941,-0.19197291732187582,0.25110770574464986,-0.5549434411082761,-0.14810207928107974,-0.5768042414376395,-0.1677050983124842,-0.777533814082211,-0.13345099217921402,-0.11245492274362255,-0.48896117144684703,0.0,-1.222220457490954,-4.0918625100834936,-0.09622504486493767,-0.29599936395118165,-0.1245330990169104,-0.4824905740057288,0.7283534226721096,-0.09622504486493762,5.5656736747748194
4-9,-0.11072255892128344,-0.4795901688954971,-0.4153746358529991,-0.6594303211978941,0.046644510322696654,-0.2384714972745355,-0.2514313342302585,-0.6918234780193909,-0.6866000517477883,0.0,-0.34800916391278436,-0.4488098227301705,-1.1716915349840702,-0.21157763222088652,-0.1342622540128084,0.0,-0.13814310036932095,-0.3796221136411703,-0.7733405301014838,-0.22000734840294592,-0.24988718708375368,-0.3067102564336961,1.7077918568044843,-0.2644644077124355,-0.3391807082194173,-0.13651498420458819,-0.7354255192843109,-0.09622504486493767,0.0,-0.09622504486493762,0.0,-0.31805374841748824,-0.28414999594436746,0.0,-0.23517724187582092,-0.2476824920070451,2.610748973397291,-0.7685068802659363,-0.9429501170966847,-0.3842360136004663,-0.35598084039789485,-0.1360145237956077,-0.43175661946494065,-0.19197291732187582,-0.6260201723972171,-0.5537825495501718,-0.14810207928107974,-0.5768042414376395,-0.1677050983124842,-0.777533814082211,-0.13345099217921402,-0.11245492274362255,-0.3303370620102309,0.0,-1.0768836153603276,0.6216177257873774,-0.09622504486493767,-0.29599936395118165,-0.1245330990169104,-0.4824905740057288,1.3270747771478009,-0.09622504486493762,-0.41690433407927757
1-10,10.33669115641427,0.8098741252672458,0.17409479071449724,3.519180224430748,0.7970275168798191,-0.2384714972745355,-0.2514313342302585,0.24706660719319776,1.42366698553657,0.0,-0.34800916391278436,-0.28349483435506995,0.9614039684132063,-0.21157763222088652,-0.1342622540128084,0.0,-0.13814310036932095,-0.3796221136411703,1.4450829828873013,-0.22000734840294592,-0.24988718708375368,-0.3067102564336961,-1.4235259218239245,-0.2644644077124355,2.5487293159273388,-0.13651498420458819,1.8729344623762922,-0.09622504486493767,0.0,-0.09622504486493762,0.0,-0.31805374841748824,-0.28414999594436746,0.0,-0.23517724187582092,-0.2476824920070451,-0.7394679732135625,-0.4182017161008814,-0.0962053864385311,1.1363222715687642,-0.35598084039789485,-0.1360145237956077,-0.9589323571815693,5.955661870901561,-0.43825443734964126,-0.27110545515178175,-0.14810207928107974,-0.5768042414376395,-0.1677050983124842,0.5515931911791779,-0.13345099217921402,10.214803061184487,3.7416371355273736,0.0,1.6459871441018716,-1.9101785526268655,-0.09622504486493767,-0.29599936395118165,-0.1245330990169104,-0.15799277415585083,-0.29577991181152585,-0.09622504486493762,0.6748434088270652
2-10,0.2866105870657032,3.247593367257907,0.13157151026664757,2.3810247285920823,-1.7494587173410903,-0.2384714972745355,2.3221154195960945,-0.212894697178626,2.960640261074854,0.0,-0.34800916391278436,-0.21204742516354372,0.8560306124468995,-0.21157763222088652,-0.1342622540128084,0.0,-0.13814310036932095,0.06840177818825581,1.1962543138838182,-0.22000734840294592,-0.24988718708375368,-0.3067102564336961,-1.3004850922060256,-0.2644644077124355,3.052751348443518,-0.13651498420458819,3.2961797177622265,10.39230484541327,0.0,-0.09622504486493762,0.0,0.987051560661956,3.760813631604582,0.0,-0.23517724187582092,-0.2476824920070451,1.6770819554893481,0.354157862720866,0.16787219087486194,4.763357176322723,0.7503463437313844,6.52926863178495,-0.9807465256388092,-0.19197291732187582,-0.693047657012309,0.09515583143011583,-0.14810207928107974,0.29028618973875886,6.5964005336243785,-0.005725936688361978,-0.13345099217921402,-0.11245492274362255,-0.3415340579704626,0.0,2.5170785369146462,-1.4661633567151928,-0.09622504486493767,-0.29599936395118165,-0.1245330990169104,-0.4824905740057288,0.15268042830604656,-0.09622504486493762,-0.3335874109551784
3-10,0.8760194718710436,1.2917200526729202,0.1343724449069251,3.4385743111277254,-1.872982303329418,-0.2384714972745355,2.7961898216167387,-0.05167114719262591,2.658978543584658,0.0,-0.34800916391278436,-0.21218248642855603,0.7242589209566742,-0.21157763222088652,-0.1342622540128084,0.0,-0.13814310036932095,-0.3796221136411703,1.4285900163539291,-0.22000734840294592,-0.24988718708375368,-0.3067102564336961,-1.213210229454265,-0.2644644077124355,-0.3391807082194173,-0.13651498420458819,3.4623172962119466,-0.09622504486493767,0.0,-0.09622504486493762,0.0,1.6182963734207891,-0.28414999594436746,0.0,-0.23517724187582092,-0.2476824920070451,1.1507500581392822,0.04394786794819694,0.33527517091953507,5.171024299141392,1.886846087427826,8.024285414345075,-1.0383982565615144,-0.19197291732187582,-0.2797854836570064,-0.48006593561055055,-0.14810207928107974,0.5412860513950846,-0.1677050983124842,0.011855108354777908,-0.13345099217921402,-0.11245492274362255,0.026100642723812382,0.0,1.0076206306922968,-1.174498591793055,-0.09622504486493767,-0.29599936395118165,-0.1245330990169104,-0.4824905740057288,0.16197124013318345,-0.09622504486493762,0.5201361475133826
4-10,0.12654747138374178,0.4525153847620092,0.11120107651917466,1.3686144575061305,-2.7117451991237105,-0.2384714972745355,-0.2514313342302585,0.4201448299722861,0.2061002343996699,0.0,-0.34800916391278436,-0.4151795677420986,2.3387371243736403,8.331518627938133,-0.1342622540128084,0.0,-0.13814310036932095,-0.3796221136411703,-0.5880934422266526,-0.22000734840294592,-0.24988718708375368,-0.3067102564336961,-0.5954970520522901,-0.2644644077124355,-0.3391807082194173,-0.13651498420458819,0.6601301396933367,-0.09622504486493767,0.0,-0.09622504486493762,0.0,-0.31805374841748824,-0.28414999594436746,0.0,-0.23517724187582092,-0.2476824920070451,4.94949331727454,-0.29580593585044057,0.5732817923243313,-0.6433604600884465,-0.35598084039789485,-0.1360145237956077,-0.3865701276606582,-0.19197291732187582,0.40424997191820466,-0.5694545855845795,-0.14810207928107974,3.249042134717872,-0.1677050983124842,-0.777533814082211,-0.13345099217921402,-0.11245492274362255,-0.48896117144684703,0.0,-0.6550245796378837,0.9567600232015921,-0.09622504486493767,-0.29599936395118165,-0.1245330990169104,-0.4824905740057288,-0.257544647753693,-0.09622504486493762,-0.39110569290887126
1-11,1.9700979449442155,1.0929121571752063,0.23062274436373448,1.1042270618722196,-1.3109434789905359,1.0578497316530506,8.801132247211562,-0.6918234780193909,1.6366046684708258,0.0,-0.34800916391278436,-0.1658564725293244,-0.9371863210799299,-0.21157763222088652,-0.1342622540128084,0.113,-0.13814310036932095,0.4797947857800559,1.3676377487305977,-0.22000734840294592,-0.24988718708375368,-0.3067102564336961,-0.956944863008989,-0.2644644077124355,9.91834876433958,-0.13651498420458819,-0.12625439830200438,-0.09622504486493767,0.0,24.208925950875894,0.0,0.006890838741067273,2.4635424459318678,0.133,-0.23517724187582092,-0.2476824920070451,-0.13990729014522668,1.3607576416770777,2.5456930594378733,-0.1890084961372747,2.2690318419452136,-0.1360145237956077,-1.028010557296162,15.91309849971417,1.5375027416025095,0.4196250219202596,-0.14810207928107974,0.2446498512557905,7.993943019561747,7.0688865886712,-0.13345099217921402,1.7374433142528456,1.5675537532490467,0.0,0.7256237728269022,-0.4815798943822601,-0.09622504486493767,-0.29599936395118165,-0.1245330990169104,0.09638741065108865,-0.22038140044514515,-0.09622504486493762,-0.06587364274424057
2-11,14.77326410402252,0.6036341589098043,-0.14572101912082688,0.6334885281825731,-1.535732976358125,0.24465929284238774,-0.2514313342302585,-0.4879231059782732,2.2249132668340588,1.046,-0.34800916391278436,-0.26526156357840447,-0.2384003811488775,-0.21157763222088652,-0.1342622540128084,0.138,-0.13814310036932095,-0.07530399843627712,0.4961398359671981,-0.22000734840294592,-0.24988718708375368,-0.3067102564336961,-1.5259041571037517,-0.2644644077124355,4.1561509331411,-0.13651498420458819,-0.7354255192843109,-0.09622504486493767,0.0,-0.09622504486493762,0.0,0.8299062275279006,3.3373987307252935,0.0,-0.23517724187582092,4.549915374171421,-0.1627912856821861,2.9814465939587773,2.2320931400397304,1.2186101986154476,1.2833948960845827,7.899700682465064,-0.9942505346837671,33.46127667454914,2.1891341814366494,0.2727722398200694,-0.14810207928107974,-0.5768042414376395,-0.1677050983124842,7.441604743585769,-0.13345099217921402,-0.11245492274362255,7.512225525135406,0.0,0.8602178775150375,-0.8079837091539147,-0.09622504486493767,-0.29599936395118165,-0.1245330990169104,-0.4824905740057288,-0.15838309844482737,-0.09622504486493762,-0.3189540833404889
3-11,5.054608338909543,1.3945303662324855,-0.23509629718786415,0.6205915820540896,-0.4841554724596008,-0.2384714972745355,-0.2514313342302585,-0.6918234780193909,0.7288895457062087,0.0,1.2276692505415607,-0.36844837004783004,-0.24620988874137012,-0.21157763222088652,-0.1342622540128084,0.0,-0.13814310036932095,0.07685505916616951,1.0380174465636398,-0.22000734840294592,-0.15095276350617842,-0.3067102564336961,-1.4299214867380896,-0.2644644077124355,4.5920618801821185,-0.13651498420458819,0.039883180147715636,-0.09622504486493767,0.0,-0.09622504486493762,0.0,-0.31805374841748824,2.1932776155833857,0.0,-0.23517724187582092,11.746312173439122,-0.7394679732135625,1.9284208293903293,2.634508947509265,0.589307971430353,-0.35598084039789485,-0.1360145237956077,-0.9968474595001052,52.48142374233902,1.037681896062154,0.4736064793721082,-0.14810207928107974,-0.5768042414376395,-0.1677050983124842,2.0811441099323633,-0.13345099217921402,-0.11245492274362255,3.750034882497548,0.0,-0.1664366171091962,-1.5072055743724584,-0.09622504486493767,0.32311068057025133,-0.1245330990169104,1.7531198963167973,-0.4271019635989425,-0.09622504486493762,1.6832742286093088
4-11,7.796395355767611,0.9733796841812536,0.08242783885086923,2.629290941565389,-1.408174373335405,-0.2384714972745355,-0.2514313342302585,-0.3492234342991408,1.550610604208915,0.0,-0.34800916391278436,-0.31037202609252507,0.5084525280486427,-0.21157763222088652,-0.1342622540128084,0.0,-0.13814310036932095,-0.3796221136411703,0.6842552658478331,-0.22000734840294592,-0.24988718708375368,-0.3067102564336961,-1.1464503710810188,-0.2644644077124355,1.9084851124608413,-0.13651498420458819,2.714698193188207,-0.09622504486493767,0.0,-0.09622504486493762,0.0,-0.31805374841748824,-0.28414999594436746,0.0,-0.23517724187582092,-0.2476824920070451,-0.7394679732135625,1.4008528110694638,1.5218155183002595,0.9656160848014328,-0.35598084039789485,-0.1360145237956077,-0.9464671180631467,-0.19197291732187582,2.911788121525191,0.1253390119408269,-0.14810207928107974,0.41958914877383585,-0.1677050983124842,0.04525909393674406,-0.13345099217921402,-0.11245492274362255,2.1684592031148155,0.0,0.041600625286739606,0.47929506176471387,-0.09622504486493767,-0.29599936395118165,-0.1245330990169104,-0.4824905740057288,-0.6929621174216308,-0.09622504486493762,-0.43957330402573297
1-11b,26.250731046158464,0.8334090163230501,0.4284705821360647,0.22723472513534404,-1.3757640752204487,-0.2384714972745355,-0.2514313342302585,-0.435762545688685,0.7070497833539773,0.0,-0.34800916391278436,-0.1807132116806815,-1.219648511185855,-0.21157763222088652,-0.1342622540128084,0.538,-0.13814310036932095,-0.3796221136411703,1.5677046036354154,0.4619425413043632,-0.24988718708375368,-0.3067102564336961,-1.561768517276262,-0.2644644077124355,12.111525716639711,-0.13651498420458819,0.8318056374247138,-0.09622504486493767,0.0,26.12509968083057,0.0,-0.31805374841748824,5.472490890478301,0.277,-0.23517724187582092,5.20413326501394,-0.7394679732135625,1.6350930112039281,1.9517991786683584,-0.16330825531180623,-0.35598084039789485,-0.1360145237956077,-1.0539798054595428,284.73502534249866,1.2254476311097295,0.23272148106547189,-0.14810207928107974,-0.5768042414376395,5.590169943749474,3.3118172629521685,-0.13345099217921402,-0.11245492274362255,3.1957835824660767,0.0,0.315540430070266,-0.38180361306189226,-0.09622504486493767,-0.29599936395118165,-0.1245330990169104,1.5297219135055748,-0.13354804375305745,-0.09622504486493762,-0.10106129758649973
1-12,-0.11072255892128344,-0.4795901688954971,-0.4632451551595604,-0.6594303211978941,2.295190293197682,-0.2384714972745355,-0.2514313342302585,0.24113927079665376,-0.6866000517477883,0.0,-0.34800916391278436,-0.4488098227301705,-1.0054920142480683,-0.21157763222088652,-0.1342622540128084,0.0,-0.13814310036932095,1.5364549080192689,-0.6354210853224159,-0.22000734840294592,-0.24988718708375368,1.3402215045483266,0.6759904495369137,-0.2644644077124355,-0.3391807082194173,-0.13651498420458819,-0.7354255192843109,-0.09622504486493767,0.0,-0.09622504486493762,0.0,-0.31805374841748824,-0.28414999594436746,0.0,-0.23517724187582092,-0.2476824920070451,-0.7394679732135625,-0.7685068802659363,-0.9243636461379244,-0.03881534562513328,-0.35598084039789485,-0.1360145237956077,-0.7381937477928331,-0.19197291732187582,-0.7911474854887021,-0.3036104187787014,-0.14810207928107974,-0.5768042414376395,-0.1677050983124842,-0.777533814082211,-0.13345099217921402,-0.11245492274362255,-0.48896117144684703,0.0,-1.1999086181873186,1.1688472945509165,-0.09622504486493767,-0.29599936395118165,-0.1245330990169104,-0.4824905740057288,-0.12925997675591733,-0.09622504486493762,-0.26541132969830133
2-12,-0.11072255892128344,-0.4795901688954971,-0.41664778796221613,-0.6594303211978941,0.7707348252363607,-0.2384714972745355,-0.2514313342302585,0.9524196383819481,-0.6866000517477883,0.0,-0.34800916391278436,-0.4488098227301705,-1.0566387893256597,-0.21157763222088652,-0.1342622540128084,0.0,-0.13814310036932095,3.8413828546637374,-0.697329466947682,-0.22000734840294592,-0.24988718708375368,-0.3067102564336961,1.0930796752468488,-0.2644644077124355,-0.3391807082194173,-0.13651498420458819,-0.7354255192843109,-0.09622504486493767,0.0,-0.09622504486493762,0.0,-0.31805374841748824,-0.28414999594436746,0.0,-0.23517724187582092,-0.2476824920070451,-0.7394679732135625,-0.7685068802659363,-0.9066503650899783,0.2429441753513329,-0.35598084039789485,-0.1360145237956077,-0.17362229272093618,-0.19197291732187582,-0.7911474854887021,-0.3692007918115927,-0.14810207928107974,-0.5768042414376395,-0.1677050983124842,-0.777533814082211,-0.13345099217921402,-0.11245492274362255,-0.48896117144684703,0.0,-1.2047635091469058,1.388240510404677,-0.09622504486493767,2.5474390364024098,-0.1245330990169104,-0.4824905740057288,-0.5119699562506743,-0.09622504486493762,-0.40903786316502255
3-12,-0.11072255892128344,-0.4795901688954971,-0.4632451551595604,-0.6594303211978941,0.1839652513318491,-0.2384714972745355,-0.2514313342302585,-0.3836019853990967,-0.6866000517477883,0.0,-0.34800916391278436,-0.4488098227301705,-1.2364774500823528,-0.21157763222088652,-0.1342622540128084,0.0,-0.13814310036932095,0.5023368683878258,-0.6794023294114082,-0.22000734840294592,-0.24988718708375368,-0.3067102564336961,1.6953943002016414,-0.2644644077124355,-0.3391807082194173,-0.13651498420458819,-0.7354255192843109,-0.09622504486493767,0.0,-0.09622504486493762,0.0,-0.31805374841748824,-0.28414999594436746,0.0,-0.23517724187582092,-0.2476824920070451,-0.7394679732135625,-0.5553694008643064,-0.9429501170966847,-0.25785684770641953,-0.35598084039789485,-0.1360145237956077,-0.6202933611310847,-0.19197291732187582,-0.7911474854887021,-0.5015424294354797,-0.14810207928107974,-0.5768042414376395,-0.1677050983124842,-0.777533814082211,-0.13345099217921402,-0.11245492274362255,-0.48896117144684703,0.0,-1.1997020270826553,0.3934144003841534,-0.09622504486493767,0.9454120139809701,-0.1245330990169104,-0.4824905740057288,-0.2191307142376459,-0.09622504486493762,0.670106609136761
4-12,-0.11072255892128344,-0.4795901688954971,-0.4342172870694115,-0.6594303211978941,-0.37494968885137403,-0.2384714972745355,-0.2514313342302585,-0.21408016445793482,-0.6866000517477883,0.0,-0.34800916391278436,-0.4488098227301705,-1.2317477483009842,-0.21157763222088652,-0.1342622540128084,0.0,-0.13814310036932095,2.4437737329820055,-0.7193200889921783,-0.22000734840294592,-0.24988718708375368,-0.3067102564336961,1.8031349706787299,-0.2644644077124355,-0.3391807082194173,-0.13651498420458819,-0.7354255192843109,-0.09622504486493767,0.0,-0.09622504486493762,0.0,0.337162386344845,-0.28414999594436746,0.0,-0.23517724187582092,-0.2476824920070451,-0.7394679732135625,-0.7685068802659363,-0.9429501170966847,-0.1456246033676765,-0.35598084039789485,-0.1360145237956077,-0.7278060485274809,-0.19197291732187582,-0.7911474854887021,-0.08478236007604625,-0.14810207928107974,-0.5768042414376395,-0.1677050983124842,-0.777533814082211,-0.13345099217921402,-0.11245492274362255,-0.48896117144684703,0.0,-1.1852406497562247,0.8488899014008212,-0.09622504486493767,-0.29599936395118165,-0.1245330990169104,-0.4824905740057288,1.0022537021144355,-0.09622504486493762,-0.42477080499353265
1-13,-0.11072255892128344,-0.4795901688954971,-0.3300734445354564,-0.6594303211978941,-0.14534420341047835,-0.2384714972745355,-0.2514313342302585,0.7686722100890803,-0.2730095522024063,0.0,-0.34800916391278436,0.6007512676807006,-0.6546141379093218,-0.21157763222088652,-0.1342622540128084,0.0,-0.13814310036932095,-0.3796221136411703,-0.5216435190921971,-0.22000734840294592,-0.24988718708375368,-0.3067102564336961,0.377071584779475,-0.2644644077124355,-0.3391807082194173,-0.13651498420458819,-0.7354255192843109,-0.09622504486493767,0.0,-0.09622504486493762,0.0,3.9754763704316227,-0.28414999594436746,0.0,-0.23517724187582092,-0.2476824920070451,-0.7394679732135625,-0.7685068802659363,-0.7469813528268027,-0.5912526323597445,-0.35598084039789485,-0.1360145237956077,1.9210572641373531,-0.19197291732187582,1.2503055061987702,0.04349615709447577,-0.14810207928107974,3.195799739821076,-0.1677050983124842,1.2548349929047804,-0.13345099217921402,-0.11245492274362255,0.11940894239241008,0.0,0.18662758076037117,0.2465076143194911,-0.09622504486493767,-0.29599936395118165,-0.1245330990169104,0.3181547512520103,-0.5627120823834992,-0.09622504486493762,-0.1924984487511202
2-13,-0.11072255892128344,-0.4795901688954971,-0.30588355446033244,-0.6594303211978941,0.23563950174003281,-0.2384714972745355,-0.2514313342302585,0.9761289839681245,-0.3467187501411872,0.0,1.0720466910892796,0.6125015977367742,-1.0516891014149252,-0.21157763222088652,-0.1342622540128084,0.0,-0.13814310036932095,-0.3796221136411703,-0.49726261204286437,-0.22000734840294592,-0.24988718708375368,-0.3067102564336961,0.4273505643354496,0.5519538635089255,-0.3391807082194173,-0.13651498420458819,-0.7354255192843109,-0.09622504486493767,0.0,-0.09622504486493762,0.0,4.047390336442122,-0.28414999594436746,0.0,-0.23517724187582092,-0.2476824920070451,-0.04379450888999734,-0.4667379737864011,-0.6262316623027762,-0.3865938338596836,-0.35598084039789485,-0.1360145237956077,0.6511610289480355,-0.19197291732187582,1.4469490537781466,-0.12135044415633077,-0.14810207928107974,-0.5768042414376395,-0.1677050983124842,0.850470956912559,-0.13345099217921402,-0.11245492274362255,0.37880601547111176,0.0,0.5065339063314802,0.16077020675274267,-0.09622504486493767,-0.29599936395118165,-0.1245330990169104,-0.4824905740057288,-0.4419315286307188,-0.09622504486493762,-0.3923744785402027
3-13,-0.11072255892128344,-0.4795901688954971,-0.36190224726588277,-0.6594303211978941,-0.8810189220680423,-0.2384714972745355,-0.2514313342302585,0.09888319727959476,0.32075898674888464,0.0,-0.34800916391278436,3.3855794909700783,-0.9691943029026806,-0.21157763222088652,-0.1342622540128084,0.0,-0.13814310036932095,-0.3796221136411703,-0.6358991423233832,1.746391848131722,-0.24988718708375368,-0.3067102564336961,-0.30523679825556727,-0.2644644077124355,-0.3391807082194173,-0.13651498420458819,-0.7354255192843109,-0.09622504486493767,0.0,-0.09622504486493762,0.0,4.343036641151956,-0.28414999594436746,0.0,-0.23517724187582092,-0.2476824920070451,-0.007180116030862303,-0.47306879000625146,-0.8062335253463405,0.01965859680345557,-0.35598084039789485,-0.1360145237956077,0.24136629292988765,-0.19197291732187582,2.6596582456220643,0.087610036302438,-0.14810207928107974,0.6097405591195372,-0.1677050983124842,1.5748100126899298,-0.13345099217921402,-0.11245492274362255,0.35827818954402024,0.0,0.2491213899210173,-1.8886904805549989,-0.09622504486493767,-0.29599936395118165,-0.1245330990169104,5.958546156682805,-0.3116814935925872,-0.09622504486493762,1.8445791752059149
4-13,-0.11072255892128344,-0.4795901688954971,-0.2666704694964471,-0.6594303211978941,-0.764393913590127,-0.2384714972745355,-0.2514313342302585,0.3087109057172565,0.46271744203838866,0.0,-0.34800916391278436,3.836143871051234,-0.7465683399843036,-0.21157763222088652,-0.1342622540128084,0.0,-0.13814310036932095,-0.3796221136411703,-0.5328778586149286,-0.22000734840294592,-0.24988718708375368,-0.3067102564336961,-0.7543530451895136,-0.2644644077124355,-0.3391807082194173,-0.13651498420458819,-0.7354255192843109,-0.09622504486493767,0.0,-0.09622504486493762,0.0,6.231444118983234,-0.28414999594436746,0.0,-0.23517724187582092,-0.2476824920070451,-0.7394679732135625,-0.5152742314719208,-0.8303086186016474,-0.14255943703069404,-0.35598084039789485,-0.1360145237956077,1.6276047598911507,-0.19197291732187582,2.188246400183469,0.37144802225893236,-0.14810207928107974,2.90676959609561,-0.1677050983124842,1.3462564271291086,-0.13345099217921402,-0.11245492274362255,0.4441218252391301,0.0,-0.47374088529584424,0.9447267028413464,-0.09622504486493767,-0.29599936395118165,-0.1245330990169104,1.2084853980762986,-0.8110626293011987,-0.09622504486493762,-0.43957330402573297
1-14,-0.11072255892128344,-0.4795901688954971,-0.4632451551595604,-0.6594303211978941,1.0635989648293396,-0.2384714972745355,-0.2514313342302585,-0.5590511427368027,-0.6866000517477883,0.0,-0.34800916391278436,-0.4488098227301705,-1.2227283169969787,-0.21157763222088652,-0.1342622540128084,0.0,-0.13814310036932095,-0.3796221136411703,-0.7733405301014838,-0.22000734840294592,-0.24988718708375368,-0.3067102564336961,1.486259327508443,-0.2644644077124355,-0.3391807082194173,-0.13651498420458819,-0.7354255192843109,-0.09622504486493767,0.0,-0.09622504486493762,0.0,-0.31805374841748824,-0.28414999594436746,0.0,-0.23517724187582092,-0.2476824920070451,-0.7394679732135625,-0.7685068802659363,-0.9429501170966847,-0.7188107083833998,-0.35598084039789485,-0.1360145237956077,-0.601076117490183,-0.19197291732187582,-0.7303344696458702,-0.6420103079660964,-0.14810207928107974,-0.5768042414376395,-0.1677050983124842,-0.777533814082211,-0.13345099217921402,-0.11245492274362255,-0.37885737783790174,0.0,-1.222220457490954,-0.18719330699768608,-0.09622504486493767,-0.29599936395118165,-0.1245330990169104,-0.2819215821387188,1.568635884653362,-0.09622504486493762,0.5330777609529636
2-14,-0.11072255892128344,-0.4795901688954971,-0.4632451551595604,-0.6594303211978941,0.44051423761529895,-0.2384714972745355,-0.2514313342302585,-0.6918234780193909,-0.6866000517477883,0.0,-0.34800916391278436,-0.4488098227301705,-1.1878605154924702,-0.21157763222088652,-0.1342622540128084,0.0,-0.13814310036932095,-0.3796221136411703,-0.7733405301014838,-0.22000734840294592,-0.24988718708375368,-0.3067102564336961,1.6391625256101745,-0.2644644077124355,-0.3391807082194173,-0.13651498420458819,-0.7354255192843109,-0.09622504486493767,0.0,-0.09622504486493762,0.0,-0.31805374841748824,-0.28414999594436746,0.0,-0.23517724187582092,-0.2476824920070451,0.29488862505700153,-0.7685068802659363,-0.9276069229495202,-0.5985618751633179,-0.35598084039789485,-0.1360145237956077,-0.3299571666644882,-0.19197291732187582,-0.5834066722445757,-0.5822243927237265,-0.14810207928107974,-0.5768042414376395,-0.1677050983124842,-0.777533814082211,-0.13345099217921402,-0.11245492274362255,-0.48896117144684703,0.0,-1.196913047169701,0.29370974597069205,-0.09622504486493767,-0.29599936395118165,-0.1245330990169104,-0.4824905740057288,2.243291758870076,-0.09622504486493762,-0.3471211243560473
3-14,-0.11072255892128344,-0.4795901688954971,-0.3807448984822952,-0.6594303211978941,-0.2503848081444939,-0.2384714972745355,-0.2514313342302585,-0.6918234780193909,-0.6866000517477883,0.0,-0.34800916391278436,-0.4488098227301705,-0.54649095532594,-0.21157763222088652,-0.1342622540128084,0.0,-0.13814310036932095,-0.3796221136411703,-0.7733405301014838,-0.22000734840294592,-0.24988718708375368,-0.3067102564336961,1.533192934647778,-0.2644644077124355,-0.3391807082194173,-0.13651498420458819,-0.7354255192843109,-0.09622504486493767,0.0,-0.09622504486493762,0.0,-0.31805374841748824,-0.28414999594436746,0.0,-0.23517724187582092,-0.2476824920070451,-0.7394679732135625,-0.7685068802659363,-0.9429501170966847,-0.2866222548688705,-0.35598084039789485,-0.1360145237956077,-0.4250046149424616,-0.19197291732187582,-0.6024939691879463,-0.36339633402107135,-0.14810207928107974,-0.5768042414376395,-0.1677050983124842,-0.777533814082211,-0.13345099217921402,-0.11245492274362255,-0.48896117144684703,0.0,-1.222220457490954,-1.1055935073492693,-0.09622504486493767,-0.29599936395118165,-0.1245330990169104,1.4954784270892563,5.274419117473509,-0.09622504486493762,-0.21144564751233663
4-14,-0.11072255892128344,-0.4795901688954971,-0.3316012270665169,-0.6594303211978941,-0.3379837263427492,-0.2384714972745355,-0.2514313342302585,-0.6918234780193909,-0.6866000517477883,0.0,-0.34800916391278436,-0.4488098227301705,-0.577838978760593,-0.21157763222088652,-0.1342622540128084,0.0,-0.13814310036932095,-0.3796221136411703,-0.7733405301014838,-0.22000734840294592,-0.24988718708375368,-0.3067102564336961,1.4712543482867484,-0.2644644077124355,-0.3391807082194173,-0.13651498420458819,-0.7354255192843109,-0.09622504486493767,0.0,-0.09622504486493762,0.0,-0.31805374841748824,-0.28414999594436746,0.0,-0.23517724187582092,-0.2476824920070451,-0.7394679732135625,-0.7685068802659363,-0.9429501170966847,-0.7188107083833998,-0.35598084039789485,-0.1360145237956077,-0.20218846570065507,-0.19197291732187582,1.0905048806263657,-0.5740981518169965,-0.14810207928107974,-0.5768042414376395,-0.1677050983124842,-0.777533814082211,-0.13345099217921402,-0.11245492274362255,-0.48896117144684703,0.0,-1.198875662664002,1.2874614523876213,-0.09622504486493767,-0.29599936395118165,-0.1245330990169104,-0.4824905740057288,-0.0458213397698991,-0.09622504486493762,-0.43957330402573297
1-15,-0.11072255892128344,1.148033349384853,-0.002873352466673368,0.43358586319107945,-0.08638088997242528,0.5747189415361275,-0.2514313342302585,-0.2828372666578467,0.28117441748546523,0.0,-0.34800916391278436,-0.16126438951890495,-0.11465818338051074,-0.21157763222088652,-0.1342622540128084,0.0,-0.13814310036932095,0.31072916622178187,0.9187422248222968,-0.22000734840294592,-0.24988718708375368,-0.3067102564336961,-1.0827899018584835,-0.2644644077124355,1.4725741654198212,-0.13651498420458819,0.28355162854063815,-0.09622504486493767,0.0,-0.09622504486493762,0.0,-0.31805374841748824,6.787779731507582,0.0,-0.23517724187582092,2.761719805868539,1.6908123528115238,1.3016700236251406,2.02839040798835,0.07388846276545324,2.7316777553083673,-0.1360145237956077,-0.5138194436612237,-0.19197291732187582,0.9892978177638426,-0.022674661717467747,-0.14810207928107974,-0.5768042414376395,-0.1677050983124842,-0.43997774925392175,-0.13345099217921402,-0.11245492274362255,0.12500744037252595,0.0,1.37421654591731,-0.8105622778025389,-0.09622504486493767,-0.29599936395118165,-0.1245330990169104,-0.13190249879103655,-0.2857744221515322,-0.09622504486493762,-0.037622016019926784
2-15,-0.11072255892128344,0.9015363325372199,-0.10319773867297731,0.39489502480562905,0.6487731813258621,0.6129867268919231,-0.2514313342302585,0.0965122627209771,0.0450319870519634,0.0,0.7802543921162529,-0.19665044095213727,0.3868001985092526,-0.21157763222088652,-0.1342622540128084,0.0,-0.13814310036932095,0.5107901493657395,1.1247847922392058,-0.22000734840294592,-0.24988718708375368,1.4180293042797607,-1.0481062613624343,-0.2644644077124355,-0.3391807082194173,-0.13651498420458819,0.1506415657808622,-0.09622504486493767,0.0,-0.09622504486493762,0.0,-0.31805374841748824,-0.28414999594436746,0.0,-0.23517724187582092,-0.2476824920070451,2.455137803745967,2.080360418666739,0.5372315231492861,0.41435770819643,4.692894127173908,-0.1360145237956077,-0.3206082373256712,-0.19197291732187582,0.4881453003437173,0.21588855347296002,-0.14810207928107974,-0.5768042414376395,5.534268244311979,-0.3784440916029315,-0.13345099217921402,-0.11245492274362255,0.09608186747526062,0.0,1.259971665038509,-0.970863295458665,-0.09622504486493767,-0.29599936395118165,-0.1245330990169104,-0.4824905740057288,-0.3450926822786374,-0.09622504486493762,0.30672640432343123
3-15,-0.11072255892128344,-0.0553427906527118,-0.2103971462690533,-0.6594303211978941,1.167468113004983,-0.2384714972745355,-0.2514313342302585,-0.12398465123046425,-0.4518226064613008,0.0,-0.34800916391278436,-0.36250567438728715,0.562679108937358,-0.21157763222088652,-0.1342622540128084,0.0,-0.13814310036932095,0.5755986368630779,1.551211637102043,-0.22000734840294592,-0.24988718708375368,7.383293950356379,-0.8554521674865078,-0.2644644077124355,-0.3391807082194173,-0.13651498420458819,-0.7354255192843109,-0.09622504486493767,0.0,-0.09622504486493762,0.0,-0.31805374841748824,-0.28414999594436746,0.0,-0.23517724187582092,-0.2476824920070451,-0.7394679732135625,0.1768950085650551,0.33140818702878616,-0.4387016615883857,3.5563943834774663,-0.1360145237956077,0.18267579208064721,-0.19197291732187582,0.13214501781852633,-0.0035199510087471917,-0.14810207928107974,-0.5768042414376395,-0.1677050983124842,-0.3731697780899895,-0.13345099217921402,-0.11245492274362255,-0.18290994853384654,0.0,0.22298761518111074,-1.4373693401388914,-0.09622504486493767,-0.29599936395118165,-0.1245330990169104,-0.4824905740057288,-0.572896241501707,-0.09622504486493762,1.8398423755156108
4-15,-0.11072255892128344,-0.003937633872929074,-0.09428567390845789,-0.2757461738755111,0.4133104130931067,-0.2384714972745355,-0.2514313342302585,0.2541794108690507,-0.36855851249341864,0.0,-0.34800916391278436,-0.3188808857883023,-0.05867171345686765,-0.21157763222088652,-0.1342622540128084,0.0,-0.13814310036932095,1.6266232384503478,2.3416788882014843,-0.22000734840294592,-0.24988718708375368,3.1427688649932177,-0.7393480659678187,-0.2644644077124355,-0.3391807082194173,-0.13651498420458819,0.7930402024531128,-0.09622504486493767,0.0,-0.09622504486493762,0.0,-0.31805374841748824,-0.28414999594436746,0.0,4.811994446464336,-0.2476824920070451,-0.03921770978260546,0.5947288790751808,-0.08897038432035598,-0.31491609797947795,1.9170186469949881,-0.1360145237956077,1.9844222296560021,-0.19197291732187582,1.5561461479192902,0.003445398339878442,-0.14810207928107974,0.3815588667046955,-0.1677050983124842,-0.47865604834882985,-0.13345099217921402,-0.11245492274362255,-0.48896117144684703,0.0,0.2705035692536682,0.46074369287600225,-0.09622504486493767,-0.29599936395118165,-0.1245330990169104,-0.4824905740057288,-0.5160793537896002,-0.09622504486493762,-0.43957330402573297
1-16,-0.11072255892128344,-0.0794970209468266,-0.2778742080575572,-0.6594303211978941,-0.11137196321769287,9.333258314843913,-0.2514313342302585,0.058577309783094694,0.07506166028628145,0.0,-0.34800916391278436,-0.3606148166771144,-0.18967345349431178,0.20806394726783406,-0.1342622540128084,0.0,-0.13814310036932095,0.6798557689240134,-0.4305736604079252,-0.22000734840294592,-0.24988718708375368,-0.3067102564336961,-1.4963369685390346,-0.2644644077124355,1.063907652568865,-0.13651498420458819,0.6601301396933367,-0.09622504486493767,0.0,-0.09622504486493762,0.0,-0.31805374841748824,1.941030440591469,0.0,-0.23517724187582092,-0.2476824920070451,-0.007180116030862303,0.21065936173759053,4.929501515960754,-0.2545558993435153,-0.35598084039789485,-0.1360145237956077,-0.9101101706344136,-0.19197291732187582,-0.658868078764878,0.930417307486139,2.608688020440299,-0.5768042414376395,-0.1677050983124842,-0.5507383330257042,-0.13345099217921402,-0.11245492274362255,-0.1082633087989684,0.0,-1.1037404589665558,1.0474396873448701,-0.09622504486493767,-0.29599936395118165,-0.1245330990169104,-0.08135259027170882,-0.3522394606072043,-0.09622504486493762,-0.14030906644901953
2-16,-0.11072255892128344,1.390814330802622,-0.2587769264193014,-0.14355247605855556,0.25646539611108915,-0.2384714972745355,-0.2514313342302585,1.458614166646816,2.7913821028450605,0.0,1.1012259209865822,-0.1751756998151757,0.4166083190383437,1.2580841439797854,-0.1342622540128084,0.0,-0.13814310036932095,-0.3796221136411703,0.7079190873957149,-0.22000734840294592,-0.24988718708375368,-0.3067102564336961,-1.434447578831191,0.3100521535174112,1.7313962902254267,-0.13651498420458819,1.9892307672910963,-0.09622504486493767,0.0,-0.09622504486493762,0.0,0.3185180247865672,4.157202049449022,0.0,-0.23517724187582092,2.4346108604472794,0.8212205224070673,0.45756119431175557,2.0688066267174663,0.05078182422512373,1.0520719394030063,-0.1360145237956077,-0.6192545912045495,-0.19197291732187582,-0.5745288597127755,-0.08826503475035907,3.8810526818501665,-0.5768042414376395,-0.1677050983124842,-0.52260866095668,-0.13345099217921402,-0.11245492274362255,-0.34060097497377667,0.0,-1.1915416784484552,1.4393104950288131,-0.09622504486493767,-0.29599936395118165,-0.1245330990169104,-0.4824905740057288,-0.5648561158820693,-0.09622504486493762,-0.3884835359374529
3-16,-0.11072255892128344,0.9194971704482282,-0.2679436216056642,0.13373186570383885,-0.020909484543417012,0.2972774977066071,-0.2514313342302585,0.8042362284683451,1.8427174256700098,0.0,5.157138876711656,-0.2567527038826273,1.5108193265047547,0.40719517712711034,-0.1342622540128084,0.0,-0.13814310036932095,-0.3796221136411703,-0.6220354892953314,-0.22000734840294592,-0.24988718708375368,-0.3067102564336961,-0.9674237501375825,3.8529042811014653,-0.3391807082194173,-0.13651498420458819,0.47737880339864475,-0.09622504486493767,0.0,-0.09622504486493762,0.0,2.305474270854456,-0.28414999594436746,0.0,-0.23517724187582092,-0.2476824920070451,0.537458977748771,-0.49206123866580265,0.29435998652709633,1.4461398536299161,-0.35598084039789485,-0.1360145237956077,-0.5886108783717603,-0.19197291732187582,-0.6158106879856466,0.19673384276423958,-0.14810207928107974,0.6173466155333652,-0.1677050983124842,-0.4223967042107817,-0.13345099217921402,-0.11245492274362255,-0.48896117144684703,0.0,-0.3309864319735089,0.42908460002345145,-0.09622504486493767,-0.29599936395118165,-0.1245330990169104,-0.4824905740057288,0.16393660417353936,-0.09622504486493762,-0.23166163190488454
4-16,-0.11072255892128344,2.6263961112323395,-0.2409527968902626,1.2751115980746253,-0.9516968010898146,2.6842306092743766,-0.2514313342302585,0.0787302535313446,1.3581476984798757,0.0,3.912158401093408,-0.14654271163256022,-0.25280947262234954,-0.21157763222088652,-0.1342622540128084,0.0,-0.13814310036932095,-0.3796221136411703,-0.04263040412295613,-0.22000734840294592,-0.24988718708375368,-0.3067102564336961,-0.3993499958001657,7.11857736598691,-0.3391807082194173,-0.13651498420458819,0.05649693799268749,-0.09622504486493767,0.0,-0.09622504486493762,0.0,-0.31805374841748824,-0.28414999594436746,0.0,4.2541491545951615,-0.2476824920070451,1.60842996887847,-0.29580593585044057,0.011695938254943016,-0.38234975739309246,-0.35598084039789485,-0.1360145237956077,0.13021791079061815,-0.19197291732187582,-0.7263394540065601,9.153012213538693,-0.14810207928107974,-0.5768042414376395,-0.1677050983124842,0.07338876600576809,-0.13345099217921402,-0.11245492274362255,-0.48896117144684703,0.0,-0.25764658981804006,0.9412886113098485,-0.09622504486493767,-0.29599936395118165,-0.1245330990169104,-0.4824905740057288,-0.8110626293011987,-0.09622504486493762,-0.43957330402573297
1-17,-0.11072255892128344,-0.4795901688954971,-0.29340666379000524,-0.6594303211978941,0.008376929415880635,-0.2384714972745355,-0.2514313342302585,0.3490167932137566,-0.6866000517477883,0.0,-0.34800916391278436,-0.43395308357881346,-0.10508878675309041,-0.21157763222088652,-0.1342622540128084,0.0,-0.13814310036932095,0.4347106205645161,0.2551991074796757,-0.22000734840294592,4.870689629343954,-0.3067102564336961,0.3992100787131235,-0.2644644077124355,-0.3391807082194173,-0.13651498420458819,-0.7354255192843109,-0.09622504486493767,0.0,-0.09622504486493762,0.0,-0.31805374841748824,-0.28414999594436746,0.0,-0.23517724187582092,-0.2476824920070451,-0.7394679732135625,0.008073242702378042,-0.2497620693260073,-0.3724469123043798,-0.35598084039789485,-0.1360145237956077,-0.4899277353509134,-0.19197291732187582,-0.7911474854887021,-0.03370313151945827,-0.14810207928107974,-0.5768042414376395,-0.1677050983124842,-0.5489802285213902,-0.13345099217921402,-0.11245492274362255,-0.20343777446093805,0.0,0.5458895117698376,0.032987804832041466,-0.09622504486493767,-0.29599936395118165,-0.1245330990169104,-0.30964249971383406,-0.6495454390755869,-0.09622504486493762,-0.13489558108867197
2-17,-0.11072255892128344,-0.34643223265871054,-0.24171668815579284,0.23368319819958577,0.5514121251411738,-0.2384714972745355,-0.2514313342302585,-0.04337287623746427,-0.6866000517477883,0.0,1.8793387182479875,-0.4188262218974317,0.5081225488545937,-0.21157763222088652,-0.1342622540128084,0.0,-0.13814310036932095,0.33608900915552303,-0.044542632126825354,-0.22000734840294592,0.9363653674629016,1.3531894711702321,0.03274420913146414,-0.2644644077124355,-0.3391807082194173,-0.13651498420458819,0.28355162854063815,-0.09622504486493767,0.0,-0.09622504486493762,0.0,-0.31805374841748824,-0.28414999594436746,0.0,-0.23517724187582092,-0.2476824920070451,0.4916909866748522,1.084312000076944,-0.1663100621353317,-0.29746822806127005,-0.35598084039789485,-0.1360145237956077,-0.5153775985510266,-0.19197291732187582,-0.7281150165129202,0.0017040610027219693,-0.14810207928107974,-0.5768042414376395,-0.1677050983124842,-0.09011495289543427,-0.13345099217921402,-0.11245492274362255,-0.48896117144684703,0.0,1.405721689378462,-0.48602076261044574,-0.09622504486493767,-0.29599936395118165,-0.1245330990169104,-0.4824905740057288,-0.4251365995585865,-0.09622504486493762,-0.2942550563839032
3-17,-0.11072255892128344,-0.4795901688954971,-0.38940233282497116,-0.6594303211978941,-0.4317002510125024,-0.2384714972745355,-0.2514313342302585,-0.23897497732342016,-0.6866000517477883,0.0,-0.34800916391278436,-0.4336829610487888,1.4385538830080284,-0.21157763222088652,-0.1342622540128084,0.0,-0.13814310036932095,-0.3796221136411703,-0.2706635935843612,-0.22000734840294592,1.9852623630620492,-0.3067102564336961,0.23676272989333047,-0.2644644077124355,-0.3391807082194173,-0.13651498420458819,-0.7354255192843109,-0.09622504486493767,0.0,-0.09622504486493762,0.0,-0.31805374841748824,-0.28414999594436746,0.0,-0.23517724187582092,-0.2476824920070451,0.13012385719089398,-0.27892375926417284,-0.4328824677653367,-0.3307134937162338,-0.35598084039789485,-0.1360145237956077,-0.37358550357896775,-0.19197291732187582,-0.7911474854887021,-0.1747514558291272,-0.14810207928107974,-0.5768042414376395,-0.1677050983124842,-0.777533814082211,-0.13345099217921402,-0.11245492274362255,0.047561551647589774,0.0,1.0441872562176997,-0.8831203344985425,-0.09622504486493767,4.586672636655996,-0.1245330990169104,-0.4824905740057288,-0.32579638079150675,-0.09622504486493762,0.24565552260201037
4-17,-0.11072255892128344,-0.4795901688954971,-0.12153112904570286,-0.07906774541613829,-0.2581945185336398,-0.2384714972745355,-0.2514313342302585,-0.3338123596681261,-0.6866000517477883,0.0,-0.34800916391278436,-0.43395308357881346,0.9869223594196604,-0.21157763222088652,-0.1342622540128084,0.0,-0.13814310036932095,-0.3796221136411703,-0.5931130407368094,-0.22000734840294592,-0.002070863947691309,-0.3067102564336961,0.13910737331934797,1.005519569743015,-0.3391807082194173,-0.13651498420458819,-0.10964064045703237,-0.09622504486493767,0.0,-0.09622504486493762,0.0,-0.31805374841748824,-0.28414999594436746,0.0,-0.23517724187582092,-0.2476824920070451,0.8715653125883778,-0.051014375349558855,0.31032688775341394,-0.2234326719218471,-0.35598084039789485,-0.1360145237956077,-0.5288816075959846,-0.19197291732187582,-0.7911474854887021,0.07832290383760394,-0.14810207928107974,-0.5768042414376395,-0.1677050983124842,-0.5507383330257042,-0.13345099217921402,-0.11245492274362255,-0.21276860442779783,0.0,0.012884461738542042,0.5135327232658878,-0.09622504486493767,5.113235303388143,-0.1245330990169104,-0.4824905740057288,-0.5807576976631307,-0.09622504486493762,-0.43957330402573297
1-18,-0.11072255892128344,-0.3390001617989829,0.032265645747717314,0.07247137159354244,-1.1189547652573606,-0.2384714972745355,-0.2514313342302585,-0.47014109678864086,-0.19520539882258195,0.0,0.7899808020820205,-0.37128465661308907,1.5435972597802863,-0.21157763222088652,-0.1342622540128084,0.0,-0.13814310036932095,-0.3796221136411703,-0.4434811994340425,-0.22000734840294592,-0.24988718708375368,-0.3067102564336961,-0.02235604243672719,-0.2644644077124355,-0.3391807082194173,-0.13651498420458819,-0.7354255192843109,-0.09622504486493767,0.0,-0.09622504486493762,0.0,-0.31805374841748824,-0.28414999594436746,0.0,-0.23517724187582092,2.4346108604472794,0.2994654241643934,0.3731503113804172,0.4304528711982874,0.014471392233177475,-0.35598084039789485,-0.1360145237956077,-0.5413468467144074,-0.19197291732187582,-0.7156860789683998,0.17351601160215413,-0.14810207928107974,-0.5768042414376395,-0.1677050983124842,0.6008201172999701,-0.13345099217921402,-0.11245492274362255,6.018359647441157,0.0,-0.7503663744399932,0.5153233959385438,-0.09622504486493767,-0.29599936395118165,-0.1245330990169104,-0.4824905740057288,-0.6465080582859459,-0.09622504486493762,-0.19909613403404378
2-18,-0.11072255892128344,-0.3588190174249232,-0.2572491438882409,-0.20158873363673122,-0.805264731293325,-0.2384714972745355,-0.2514313342302585,-0.47962483502311143,0.13375602160790334,0.0,4.203950700066435,-0.3904633562448409,1.5969438961515376,-0.21157763222088652,-0.1342622540128084,0.0,-0.13814310036932095,-0.3796221136411703,0.38570866874375037,-0.22000734840294592,-0.24988718708375368,-0.3067102564336961,-0.6895118562905168,0.30501253455925464,-0.3391807082194173,-0.13651498420458819,-0.7354255192843109,-0.09622504486493767,0.0,-0.09622504486493762,0.0,-0.31805374841748824,1.1032094665111742,0.0,-0.23517724187582092,4.222806428750162,1.237709241179728,0.4723330988247398,0.957734835914259,-0.24913291274731555,-0.35598084039789485,-0.1360145237956077,-0.5205714481837027,-0.19197291732187582,0.05002525189937378,0.477089154046421,-0.14810207928107974,-0.5768042414376395,-0.1677050983124842,4.194385724117799,-0.13345099217921402,-0.11245492274362255,2.933587260397317,0.0,0.7518608431191405,-0.4628136447728298,-0.09622504486493767,-0.29599936395118165,-0.1245330990169104,-0.4824905740057288,-0.47266267544355633,-0.09622504486493762,-0.07407845649351737
3-18,-0.11072255892128344,-0.4795901688954971,-0.2261842324233448,-0.6594303211978941,-1.1931470139542486,-0.2384714972745355,-0.2514313342302585,-0.6918234780193909,0.032747120728833234,0.0,2.5990930557147873,-0.41382895509197526,1.7511541728370934,-0.21157763222088652,-0.1342622540128084,0.0,-0.13814310036932095,-0.3796221136411703,0.4987691494725181,-0.22000734840294592,-0.24988718708375368,1.3272535379264208,-0.5988424244689303,0.8896083337054144,-0.3391807082194173,-0.13651498420458819,-0.7354255192843109,-0.09622504486493767,0.0,-0.09622504486493762,0.0,-0.31805374841748824,-0.28414999594436746,0.0,2.5009210944348954,-0.2476824920070451,-0.7394679732135625,-0.22194641328551937,0.8050513429375973,-0.14373834716030268,-0.35598084039789485,-0.1360145237956077,-0.3543682599380661,-0.19197291732187582,1.691088898402654,0.43007304594319806,-0.14810207928107974,-0.5768042414376395,-0.1677050983124842,-0.33449147899508136,-0.13345099217921402,-0.11245492274362255,0.5150361329872645,0.0,0.45612567679363686,-1.3737646468061662,-0.09622504486493767,-0.29599936395118165,-0.1245330990169104,0.02300851118754842,-0.3531328078982751,-0.09622504486493762,1.3802882198473563
4-18,-0.11072255892128344,-0.4795901688954971,0.03404805870062122,-0.29509159306823624,-0.24517833455172944,-0.2384714972745355,-0.2514313342302585,-0.6918234780193909,0.29209429866158093,0.0,3.172951243695073,-0.2563475200875902,0.5302311548558749,-0.21157763222088652,8.575747958727476,0.0,-0.13814310036932095,-0.3796221136411703,-0.3007811846453015,-0.22000734840294592,-0.24988718708375368,-0.3067102564336961,-0.5459560222941038,5.012016641477472,-0.3391807082194173,-0.13651498420458819,-0.7354255192843109,-0.09622504486493767,0.0,-0.09622504486493762,0.0,-0.31805374841748824,-0.28414999594436746,0.0,3.058766386304071,-0.2476824920070451,3.3750744243317343,0.742447924205023,0.8904992127815624,-0.03362814105485519,-0.35598084039789485,-0.1360145237956077,0.016991988798278207,-0.19197291732187582,0.4162350188361351,1.5886428209312609,-0.14810207928107974,0.6477708411886774,-0.1677050983124842,0.07163066150145408,-0.13345099217921402,-0.11245492274362255,0.6885895703708561,0.0,0.4067504027791097,0.17495233432017523,10.392304845413268,1.0954025917773997,-0.1245330990169104,0.35402887987863,-0.4824894956453359,-0.09622504486493762,-0.42730837625619555
1-19,-0.11072255892128344,-0.4795901688954971,-0.03699382899369046,-0.6594303211978941,-0.23060020849199023,-0.2384714972745355,-0.2514313342302585,-0.563793011854038,-0.6866000517477883,0.0,-0.34800916391278436,-0.4488098227301705,-1.0028521806956765,-0.21157763222088652,-0.1342622540128084,0.0,-0.13814310036932095,-0.3796221136411703,-0.7733405301014838,-0.22000734840294592,-0.24988718708375368,-0.3067102564336961,1.5810612781976443,-0.2644644077124355,-0.3391807082194173,-0.13651498420458819,-0.7354255192843109,-0.09622504486493767,0.0,-0.09622504486493762,0.0,-0.31805374841748824,-0.28414999594436746,0.0,-0.23517724187582092,-0.2476824920070451,-0.2177128749708886,-0.49206123866580265,-0.7912645554466678,-0.676841507769332,-0.35598084039789485,-0.1360145237956077,0.4361356541552431,-0.19197291732187582,-0.6641947662839581,-0.11496554058675726,-0.14810207928107974,-0.5768042414376395,-0.1677050983124842,-0.777533814082211,-0.13345099217921402,-0.11245492274362255,-0.48896117144684703,0.0,-1.2107546511821414,0.4734216553984031,-0.09622504486493767,-0.29599936395118165,-0.1245330990169104,-0.4824905740057288,0.8017865699981342,-0.09622504486493762,0.13434072987986365
2-19,-0.11072255892128344,-0.4795901688954971,-0.4632451551595604,-0.6594303211978941,0.968060174402119,-0.2384714972745355,-0.2514313342302585,-0.6918234780193909,-0.6866000517477883,0.0,-0.34800916391278436,-0.4488098227301705,-1.2106290798818495,-0.21157763222088652,-0.1342622540128084,0.0,-0.13814310036932095,-0.3796221136411703,-0.7733405301014838,-0.22000734840294592,-0.24988718708375368,-0.3067102564336961,1.4905886329888014,-0.2644644077124355,-0.3391807082194173,-0.13651498420458819,-0.7354255192843109,-0.09622504486493767,0.0,-0.09622504486493762,0.0,-0.31805374841748824,-0.28414999594436746,0.0,-0.23517724187582092,-0.2476824920070451,-0.7394679732135625,-0.7685068802659363,-0.9182513167622247,-0.6110583225371696,-0.35598084039789485,-0.1360145237956077,-0.6571696935230853,-0.19197291732187582,-0.7063643758100094,-0.5340473930623992,-0.14810207928107974,-0.5768042414376395,-0.1677050983124842,-0.777533814082211,-0.13345099217921402,-0.11245492274362255,-0.48896117144684703,0.0,-1.1757374589417133,-0.9163552193030295,-0.09622504486493767,-0.29599936395118165,-0.1245330990169104,-0.4824905740057288,4.965142285304776,-0.09622504486493762,-0.22404891811689578
3-19,-0.11072255892128344,-0.4795901688954971,-0.38812918071575414,-0.6594303211978941,1.176839765471959,-0.2384714972745355,-0.2514313342302585,-0.6918234780193909,-0.6866000517477883,0.0,-0.34800916391278436,-0.4488098227301705,-0.9227772296064579,-0.21157763222088652,-0.1342622540128084,0.0,-0.13814310036932095,-0.3796221136411703,-0.7733405301014838,-0.22000734840294592,-0.24988718708375368,-0.3067102564336961,1.2074126972508459,-0.2644644077124355,-0.3391807082194173,-0.13651498420458819,-0.7354255192843109,-0.09622504486493767,0.0,-0.09622504486493762,0.0,-0.31805374841748824,-0.28414999594436746,0.0,-0.23517724187582092,-0.2476824920070451,-0.7394679732135625,-0.7685068802659363,-0.9429501170966847,-0.5334860360089207,-0.35598084039789485,-0.1360145237956077,-0.4873308105345754,-0.19197291732187582,-0.32861345258190783,-0.49283574274969755,-0.14810207928107974,-0.5768042414376395,-0.1677050983124842,-0.777533814082211,-0.13345099217921402,-0.11245492274362255,-0.48896117144684703,0.0,-1.222220457490954,-1.3195430782781559,-0.09622504486493767,-0.29599936395118165,-0.1245330990169104,-0.4824905740057288,2.2289982022129426,-0.09622504486493762,1.5854085635792756
1-20,-0.11072255892128344,-0.4795901688954971,-0.3904208545123448,-0.6594303211978941,-0.006852005842953939,-0.2384714972745355,-0.2514313342302585,0.05976277706240352,-0.6866000517477883,0.0,-0.34800916391278436,-0.4488098227301705,-0.07506068009463346,-0.21157763222088652,-0.1342622540128084,0.0,-0.13814310036932095,-0.3796221136411703,-0.7733405301014838,-0.22000734840294592,0.08725827578740092,-0.3067102564336961,1.3055600203566868,-0.2644644077124355,-0.3391807082194173,-0.13651498420458819,-0.7354255192843109,-0.09622504486493767,0.0,-0.09622504486493762,0.0,-0.31805374841748824,-0.28414999594436746,0.0,-0.23517724187582092,-0.2476824920070451,-0.7394679732135625,-0.7685068802659363,-0.9283553714445039,-0.6862727888062012,-0.35598084039789485,-0.1360145237956077,-0.7205346590417343,-0.19197291732187582,-0.7911474854887021,-0.3314718161732039,-0.14810207928107974,-0.5768042414376395,-0.1677050983124842,-0.777533814082211,-0.13345099217921402,-0.11245492274362255,-0.48896117144684703,0.0,-1.1729484790287588,1.1354691559326173,-0.09622504486493767,-0.29599936395118165,-0.1245330990169104,-0.4824905740057288,-0.48695623210069017,-0.09622504486493762,-0.0691724853857024
2-20,-0.11072255892128344,-0.4795901688954971,-0.4204672442898673,-0.6594303211978941,-0.6501118182289555,-0.2384714972745355,-0.2514313342302585,-0.40731133098527317,-0.6866000517477883,0.0,-0.34800916391278436,-0.4488098227301705,-0.3097858801281398,-0.21157763222088652,-0.1342622540128084,0.0,-0.13814310036932095,-0.3796221136411703,-0.7733405301014838,-0.22000734840294592,-0.24988718708375368,-0.3067102564336961,1.632176600857779,-0.2644644077124355,-0.3391807082194173,-0.13651498420458819,-0.7354255192843109,-0.09622504486493767,0.0,-0.09622504486493762,0.0,-0.31805374841748824,-0.28414999594436746,0.0,-0.23517724187582092,-0.2476824920070451,1.4665491965493216,-0.7685068802659363,-0.9070245893374702,-0.6789635460026275,-0.35598084039789485,-0.1360145237956077,-0.7480620620949179,-0.19197291732187582,-0.7911474854887021,0.12359767460367042,-0.14810207928107974,-0.5768042414376395,-0.1677050983124842,-0.777533814082211,-0.13345099217921402,-0.11245492274362255,-0.48896117144684703,0.0,-1.1894757674018221,0.7909437337136875,-0.09622504486493767,-0.29599936395118165,-0.1245330990169104,-0.4824905740057288,0.3018694259148804,-0.09622504486493762,-0.02129697423012863
3-20,-0.11072255892128344,-0.4795901688954971,-0.4632451551595604,-0.6594303211978941,-1.8249525844361691,-0.2384714972745355,-0.2514313342302585,-0.19392722070968485,-0.6866000517477883,0.0,-0.34800916391278436,-0.4488098227301705,1.0645774630858533,-0.21157763222088652,-0.1342622540128084,0.0,-0.13814310036932095,-0.3796221136411703,-0.7061735214655772,-0.22000734840294592,-0.24988718708375368,-0.3067102564336961,1.5233044073574147,-0.2644644077124355,-0.3391807082194173,-0.13651498420458819,-0.7354255192843109,-0.09622504486493767,0.0,-0.09622504486493762,0.0,-0.31805374841748824,-0.28414999594436746,0.0,-0.23517724187582092,-0.2476824920070451,-0.7394679732135625,-0.7685068802659363,-0.9429501170966847,-0.588187466022762,-0.35598084039789485,-0.1360145237956077,-0.8784276878750891,-0.19197291732187582,-0.7911474854887021,-0.35410920155623715,-0.14810207928107974,-0.5768042414376395,-0.1677050983124842,-0.777533814082211,-0.13345099217921402,-0.11245492274362255,-0.48896117144684703,0.0,-1.222220457490954,0.23397290561090237,-0.09622504486493767,-0.29599936395118165,-0.1245330990169104,-0.4824905740057288,0.2689942456034727,-0.09622504486493762,0.6788189371385704
1-21,-0.11072255892128344,0.20168299324620195,-0.2750732734172797,0.03700476974021289,0.861848113109732,-0.2384714972745355,2.480140220269642,-0.5578656754574939,0.47773227865554774,0.0,-0.34800916391278436,0.19813363667892392,-0.28668733654471124,-0.21157763222088652,-0.1342622540128084,0.0,-0.13814310036932095,-0.3796221136411703,1.5791779716586307,-0.22000734840294592,-0.24988718708375368,2.779665799579858,-0.7172095720341701,-0.2644644077124355,-0.3391807082194173,-0.13651498420458819,3.645068632506638,-0.09622504486493767,0.0,-0.09622504486493762,0.0,-0.31805374841748824,-0.28414999594436746,0.0,-0.23517724187582092,3.110636014317881,0.6152645625744327,0.5588542538293618,0.5283748826253132,-0.01146463061821269,1.1526471379602132,-0.1360145237956077,-0.5927659580779011,-0.19197291732187582,-0.5043941407115533,0.450969093989075,-0.14810207928107974,0.3815588667046955,-0.1677050983124842,-0.02682319074013027,-0.13345099217921402,-0.11245492274362255,-0.08586931687850492,0.0,1.2035722934654303,-0.37406790711601995,-0.09622504486493767,-0.29599936395118165,-0.1245330990169104,-0.4824905740057288,-0.5891551621991967,-0.09622504486493762,-0.22227261823303177
2-21,-0.11072255892128344,-0.1494823548759284,0.1328446623758647,-0.22738262589369806,-0.223831792821397,-0.2384714972745355,-0.2514313342302585,-0.42627880745421437,0.7466343526173969,0.0,2.2197630670498523,-0.027013492096641917,-0.7710967934086109,-0.21157763222088652,-0.1342622540128084,0.0,0.15761261382592068,-0.3796221136411703,1.29712434108792,-0.22000734840294592,-0.24988718708375368,-0.3067102564336961,-0.6881343500013121,0.26973520185215877,1.3227297773744706,-0.13651498420458819,0.2669378706956661,-0.09622504486493767,0.0,-0.09622504486493762,0.106,0.06016044319328946,-0.28414999594436746,0.0,-0.23517724187582092,-0.2476824920070451,-0.7394679732135625,-0.17974097181985008,2.5135097741535772,-0.45449905732514156,0.7201737841642223,7.961993048405069,-0.5792619490329431,-0.19197291732187582,-0.3823242183992995,0.6599295744478437,-0.14810207928107974,1.0965281696045328,-0.1677050983124842,0.054049616458314,-0.13345099217921402,-0.11245492274362255,-0.04201441603426401,0.0,1.3376499203919072,-0.3986359361848545,-0.09622504486493767,-0.29599936395118165,-0.1245330990169104,-0.4824905740057288,-0.4392514867575062,-0.09622504486493762,-0.3754573367891166
3-21,-0.11072255892128344,0.10940144673791724,-0.04259569827424551,0.25947709045655254,0.8496129001667363,-0.2384714972745355,-0.2514313342302585,-0.6918234780193909,0.07233168999225266,0.0,3.5717340522915433,-0.236223391600752,-0.9920728603567431,-0.21157763222088652,-0.1342622540128084,0.0,0.40148136061848827,-0.3796221136411703,0.46458807390335594,-0.22000734840294592,-0.24988718708375368,1.949715935777894,-0.7532215221662383,2.6282768742694236,-0.3391807082194173,-0.13651498420458819,-0.08195104404874576,-0.09622504486493767,0.0,-0.09622504486493762,0.0,-0.31805374841748824,2.63471017181924,0.0,-0.23517724187582092,4.680758952339925,1.457395598334538,0.7614403728645742,2.3861487885905284,-0.17816252294487508,-0.35598084039789485,10.453687686005278,-0.5039511293591391,-0.19197291732187582,-0.6783992663348386,0.4283317086060417,-0.14810207928107974,0.8759525336035191,-0.1677050983124842,-0.45931689880137583,-0.13345099217921402,-0.11245492274362255,-0.23143026436151734,0.0,0.5831792061615619,-0.26182854399396993,-0.09622504486493767,-0.29599936395118165,-0.1245330990169104,-0.4824905740057288,-0.7174398331969724,-0.09622504486493762,0.22958423793847846
4-21,-0.11072255892128344,0.17071603133067015,-0.1640544094935525,0.41424044399835425,1.0214265287279507,0.2877105513676581,-0.2514313342302585,-0.5673494136919645,0.5159518627719527,0.0,-0.34800916391278436,-0.26134478689304674,-0.1544756727957541,-0.21157763222088652,-0.1342622540128084,0.0,-0.13814310036932095,-0.3796221136411703,0.775325124532105,-0.22000734840294592,-0.24988718708375368,-0.3067102564336961,-0.9713594823924533,0.9752818559940757,-0.3391807082194173,-0.13651498420458819,2.570712291865116,-0.09622504486493767,0.0,-0.09622504486493762,0.0,-0.31805374841748824,-0.28414999594436746,0.0,-0.23517724187582092,4.637144426283757,7.178394482574383,0.518759084436976,1.4816487824028044,-0.27742675585792304,-0.35598084039789485,15.810831156845728,-0.4182526104199827,-0.19197291732187582,-0.34770074952527846,0.8874643198362808,-0.14810207928107974,-0.5768042414376395,-0.1677050983124842,-0.37492788259430354,-0.13345099217921402,3.98949334190072,0.28456463280582794,0.0,0.38319901684749436,0.20732769624178762,-0.09622504486493767,-0.29599936395118165,-0.1245330990169104,2.517891092947917,-0.641326643997735,-0.09622504486493762,-0.4206261052645165
1-22,-0.11072255892128344,-0.4795901688954971,-0.3990782888550208,-0.17579484137976426,-0.1331089904674831,-0.2384714972745355,-0.2514313342302585,1.1183850574851832,-0.6866000517477883,0.0,-0.34800916391278436,-0.4488098227301705,0.8206128456189755,-0.21157763222088652,-0.1342622540128084,0.0,-0.13814310036932095,2.5733907079766825,-0.5634735066768364,-0.22000734840294592,-0.24988718708375368,-0.3067102564336961,0.5503913939533488,-0.2644644077124355,-0.3391807082194173,-0.13651498420458819,-0.7354255192843109,-0.09622504486493767,0.0,-0.09622504486493762,0.0,-0.31805374841748824,-0.28414999594436746,0.0,-0.23517724187582092,-0.2476824920070451,-0.7394679732135625,-0.7685068802659363,-0.9293533027711487,0.2886858883801483,-0.35598084039789485,-0.1360145237956077,-0.25620450188048693,-0.19197291732187582,-0.7911474854887021,-0.27923169605851167,-0.14810207928107974,-0.5768042414376395,-0.1677050983124842,-0.011000250201304197,-0.13345099217921402,-0.11245492274362255,-0.007490345156882825,0.0,-1.1953636138847261,1.0811043335907935,-0.09622504486493767,0.4316145028059664,-0.1245330990169104,-0.4824905740057288,-0.06279493830024525,-0.09622504486493762,-0.25043965924859013
2-22,-0.11072255892128344,-0.4795901688954971,-0.40849961446322697,-0.6594303211978941,0.29147893102242733,-0.2384714972745355,-0.2514313342302585,1.1041594501334775,-0.6866000517477883,0.0,-0.34800916391278436,-0.43503357369891216,-0.6140266970412974,-0.21157763222088652,-0.1342622540128084,0.0,-0.13814310036932095,2.3366988405950986,-0.6626703343775524,-0.22000734840294592,-0.24988718708375368,-0.3067102564336961,1.0610034573696516,-0.2644644077124355,-0.3391807082194173,-0.13651498420458819,-0.7354255192843109,-0.09622504486493767,0.0,-0.09622504486493762,0.0,0.5395868832632895,-0.28414999594436746,0.0,-0.23517724187582092,-0.2476824920070451,0.24454383487569084,-0.4878406945192357,-0.9213698521579898,0.39101528763017873,-0.35598084039789485,-0.1360145237956077,-0.37722119832184114,-0.19197291732187582,-0.7911474854887021,-0.5607478988987974,-0.14810207928107974,-0.5768042414376395,-0.1677050983124842,-0.512060033930796,-0.13345099217921402,-0.11245492274362255,-0.48896117144684703,0.0,-0.3549510001144508,-0.12745646663789534,-0.09622504486493767,-0.29599936395118165,-0.1245330990169104,-0.4824905740057288,-0.33222848128721694,-0.09622504486493762,0.6800877227699019
3-22,-0.11072255892128344,-0.4795901688954971,-0.2786380993230874,-0.6594303211978941,0.9517899444247313,-0.2384714972745355,-0.2514313342302585,-0.20815282806139077,-0.6866000517477883,0.0,-0.34800916391278436,-0.4488098227301705,-1.2530864028494848,-0.21157763222088652,-0.1342622540128084,0.0,-0.13814310036932095,-0.3796221136411703,-0.6951782104433293,-0.22000734840294592,-0.24988718708375368,-0.3067102564336961,1.3308962967474178,-0.2644644077124355,-0.3391807082194173,-0.13651498420458819,-0.7354255192843109,-0.09622504486493767,0.0,-0.09622504486493762,0.0,-0.31805374841748824,-0.28414999594436746,0.0,-0.23517724187582092,-0.2476824920070451,1.3429756206497412,-0.7685068802659363,-0.7419916961935785,-0.6709469571212888,-0.35598084039789485,-0.1360145237956077,-0.44785755332623667,-0.19197291732187582,-0.7911474854887021,-0.18519947985206567,-0.14810207928107974,-0.5768042414376395,-0.1677050983124842,-0.777533814082211,-0.13345099217921402,-0.11245492274362255,-0.48896117144684703,0.0,-1.1883395163261743,-3.5757906458241617,-0.09622504486493767,-0.29599936395118165,-0.1245330990169104,-0.4824905740057288,-0.8110626293011987,-0.09622504486493762,5.66134011137721
4-22,-0.11072255892128344,-0.4795901688954971,-0.40086070180792466,-0.6594303211978941,1.296458496265713,-0.2384714972745355,-0.2514313342302585,-0.5424546008264791,-0.6866000517477883,0.0,-0.34800916391278436,-0.4488098227301705,-1.1247244963644323,-0.21157763222088652,-0.1342622540128084,0.0,-0.13814310036932095,-0.3796221136411703,-0.7384423690308705,-0.22000734840294592,-0.24988718708375368,-0.3067102564336961,1.0974089807272067,-0.2644644077124355,-0.3391807082194173,-0.13651498420458819,-0.7354255192843109,-0.09622504486493767,0.0,-0.09622504486493762,0.0,-0.31805374841748824,-0.28414999594436746,0.0,-0.23517724187582092,-0.2476824920070451,0.5603429732857301,-0.7685068802659363,-0.8941762235069177,0.15759108196766705,-0.35598084039789485,-0.1360145237956077,-0.6649604679720996,-0.19197291732187582,-0.7911474854887021,-0.02325510749651982,-0.14810207928107974,-0.5768042414376395,-0.1677050983124842,-0.777533814082211,-0.13345099217921402,-0.11245492274362255,-0.48896117144684703,0.0,-1.1844142853375716,1.4484787391128096,-0.09622504486493767,-0.29599936395118165,-0.1245330990169104,-0.4824905740057288,-0.4748067089421265,-0.09622504486493762,-0.43957330402573297
1-23,-0.11072255892128344,-0.25848606081860026,-0.311230793319044,0.4529312823838045,-0.31924042140879877,-0.2384714972745355,-0.2514313342302585,-0.20459642622346427,-0.11330629000171424,0.0,0.9456033615343015,2.6008735412483994,-0.6483445332223912,-0.21157763222088652,-0.1342622540128084,0.0,-0.13814310036932095,-0.3796221136411703,-0.4095391523653637,-0.22000734840294592,-0.24988718708375368,-0.3067102564336961,-0.7146513460685041,-0.2644644077124355,-0.3391807082194173,-0.13651498420458819,1.114239520789238,-0.09622504486493767,0.0,-0.09622504486493762,0.0,0.19333445432384505,-0.28414999594436746,0.0,-0.23517724187582092,-0.2476824920070451,0.05231827236523201,0.11780739051311809,0.28550334600312316,-0.018302309369942812,-0.35598084039789485,-0.1360145237956077,1.1201656507786917,-0.19197291732187582,1.5321760540834293,-0.19274527497974345,-0.14810207928107974,0.71622534891313,-0.1677050983124842,0.305458560575217,-0.13345099217921402,-0.11245492274362255,-0.09520014684536471,0.0,0.6801737298009779,-0.1524542571481672,-0.09622504486493767,-0.29599936395118165,-0.1245330990169104,0.40947071502886045,-0.2596886812522631,-0.09622504486493762,-0.2544151875600954
2-23,-0.11072255892128344,-0.38049589076579543,-0.40289774518267196,-0.30476430266459886,-0.661956545652494,-0.2384714972745355,-0.2514313342302585,-0.6918234780193909,-0.25253477499718935,0.0,-0.34800916391278436,5.409742669709973,0.0949885979052731,-0.21157763222088652,-0.1342622540128084,0.0,-0.13814310036932095,-0.3796221136411703,-0.6837048424201139,2.4283417378390313,-0.24988718708375368,-0.3067102564336961,-1.2397272255214573,-0.2644644077124355,-0.3391807082194173,-0.13651498420458819,0.23924827428737944,-0.09622504486493767,0.0,-0.09622504486493762,0.0,0.025535200299345067,-0.28414999594436746,0.0,-0.23517724187582092,-0.2476824920070451,0.10723986165393457,-0.7685068802659363,-0.533174566093144,0.1262320725200771,-0.35598084039789485,-0.1360145237956077,-0.11389302194516053,-0.19197291732187582,0.7527041137913655,-0.5711959229217359,-0.14810207928107974,-0.5768042414376395,-0.1677050983124842,-0.4505263762798058,-0.13345099217921402,-0.11245492274362255,-0.48896117144684703,0.0,0.9095931515295647,-0.01851194123353202,-0.09622504486493767,-0.29599936395118165,-0.1245330990169104,-0.4824905740057288,-0.46444388036570444,-0.09622504486493762,-0.4213873766433154
3-23,-0.11072255892128344,-0.16558517507200493,-0.3387308788781324,0.3142891115026073,-0.8926033258119422,-0.2384714972745355,-0.2514313342302585,-0.6918234780193909,-0.36036860161133183,0.0,-0.34800916391278436,3.8126432109390875,-0.10970849546977608,-0.21157763222088652,-0.1342622540128084,0.0,-0.13814310036932095,-0.3796221136411703,-0.5713614471927969,1.0379584675619933,-0.24988718708375368,-0.3067102564336961,-1.0076666124436366,0.8593706199564751,-0.3391807082194173,-0.13651498420458819,-0.7354255192843109,-0.09622504486493767,0.0,-0.09622504486493762,0.0,-0.31805374841748824,-0.28414999594436746,0.0,-0.23517724187582092,-0.2476824920070451,-0.277211263366983,-0.25782103853133825,0.32554534048474787,-0.1618935631562758,-0.35598084039789485,-0.1360145237956077,0.9991489543373372,-0.19197291732187582,0.8951930049267597,-0.23802004574581007,-0.14810207928107974,-0.5768042414376395,-0.1677050983124842,0.7291617461148925,-0.13345099217921402,-0.11245492274362255,-0.48896117144684703,0.0,0.9792143538010942,-0.31870030807751026,-0.09622504486493767,1.6443042807345463,-0.1245330990169104,0.4975253943851086,-0.21859470586300345,-0.09622504486493762,-0.342553496083254
4-23,-0.11072255892128344,-0.20955826099206007,0.12316870634581502,0.19499235981413535,0.31022223595637827,-0.2384714972745355,-0.2514313342302585,-0.43813348024730264,0.1610557245481926,0.0,0.8483392618766258,1.865059769461188,-0.23466061694965584,-0.21157763222088652,-0.1342622540128084,0.0,-0.13814310036932095,-0.3796221136411703,-0.28620044611579876,6.169134822155824,-0.24988718708375368,-0.3067102564336961,-0.7755568027126301,0.3150917724755678,-0.3391807082194173,-0.13651498420458819,0.7985781217347702,-0.09622504486493767,0.0,-0.09622504486493762,0.0,-0.31805374841748824,0.7969093254495611,0.0,-0.23517724187582092,-0.2476824920070451,0.4596533929231091,1.5781156652252748,0.10138501623714878,-0.44082369982168124,-0.35598084039789485,-0.1360145237956077,0.9155279752512508,-0.19197291732187582,0.544519409920649,-0.07665611916931635,-0.14810207928107974,-0.5768042414376395,-0.1677050983124842,0.4250096668685695,-0.13345099217921402,-0.11245492274362255,-0.33127014500691687,0.0,-0.06386413364387128,0.7809159667468163,-0.09622504486493767,-0.29599936395118165,-0.1245330990169104,-0.4824905740057288,-0.8110626293011987,-0.09622504486493762,-0.4235020193622011
1-24,-0.11072255892128344,0.046228844430232445,-0.20224897277006418,-0.6594303211978941,-0.5338772952704974,0.4742660049771631,-0.2514313342302585,-0.468955629509332,0.6237856893860954,0.0,-0.34800916391278436,-0.07279926093582423,-0.4381477866131921,-0.21157763222088652,-0.1342622540128084,0.0,-0.13814310036932095,-0.3796221136411703,4.289283110142289,-0.22000734840294592,-0.24988718708375368,1.6644206700959687,-0.5078778127282285,-0.2644644077124355,-0.3391807082194173,-0.13651498420458819,0.5770613504684766,-0.09622504486493767,0.0,-0.09622504486493762,0.0,0.030862160744567293,-0.28414999594436746,0.0,-0.23517724187582092,-0.2476824920070451,-0.7394679732135625,-0.15441770694044862,0.00870214427500847,0.7753399898825972,-0.35598084039789485,-0.1360145237956077,0.0777600295005891,-0.19197291732187582,-0.6704092350562183,0.3551955404454726,-0.14810207928107974,-0.5768042414376395,-0.1677050983124842,0.3546854866960092,-0.13345099217921402,-0.11245492274362255,-0.38632204181138957,0.0,-0.091444046116421,0.4511456873505684,-0.09622504486493767,-0.29599936395118165,-0.1245330990169104,-0.4824905740057288,-0.714938460781974,-0.09622504486493762,-0.052001586508349976
2-24,-0.11072255892128344,0.6866256168434294,-0.13859136730921143,-0.04360114356280873,-0.4976923038007873,1.3400746486520454,-0.2514313342302585,-0.5531238063402586,0.45316254600928757,0.0,-0.34800916391278436,-0.22947032835013514,-0.6391051157890197,-0.21157763222088652,-0.1342622540128084,0.0,-0.13814310036932095,-0.3796221136411703,3.70103397045202,-0.22000734840294592,-0.24988718708375368,-0.3067102564336961,-0.49016701758130987,-0.2644644077124355,-0.3391807082194173,-0.13651498420458819,2.642705242526662,-0.09622504486493767,0.0,-0.09622504486493762,0.0,0.2199692565499562,-0.28414999594436746,0.0,5.237019430745613,-0.2476824920070451,0.0980862634391508,-0.47306879000625146,0.07107285219031148,1.1820639845975796,-0.35598084039789485,-0.1360145237956077,-0.27749928537445917,-0.19197291732187582,-0.6326785317960673,0.751059561759029,-0.14810207928107974,-0.5768042414376395,-0.1677050983124842,1.660957133401316,-0.13345099217921402,-0.11245492274362255,-0.48896117144684703,0.0,0.4118118848433605,0.05519214597297057,-0.09622504486493767,-0.29599936395118165,-0.1245330990169104,-0.4824905740057288,-0.45979847445213595,-0.09622504486493762,-0.10309135459663003
3-24,-0.11072255892128344,-0.23433183052448547,-0.37565229004542705,-0.6594303211978941,-1.1753148418990316,1.1296018291951677,-0.2514313342302585,-0.6918234780193909,-0.496867116312778,0.0,-0.34800916391278436,-0.24689323153672663,-0.03788302423178203,-0.21157763222088652,-0.1342622540128084,0.0,-0.13814310036932095,-0.3796221136411703,4.371030857307699,-0.22000734840294592,-0.24988718708375368,1.4050613376578551,-0.2227832075160237,-0.2644644077124355,-0.3391807082194173,-0.13651498420458819,-0.04318560907714441,-0.09622504486493767,0.0,-0.09622504486493762,0.0,0.34515282701267835,-0.28414999594436746,0.0,-0.23517724187582092,-0.2476824920070451,0.13470065629828584,-0.7685068802659363,-0.34107278571401073,1.3145734831655915,-0.35598084039789485,-0.1360145237956077,-0.09000131363485035,-0.19197291732187582,-0.657536406885108,0.3029554203307803,-0.14810207928107974,-0.5768042414376395,-0.1677050983124842,-0.14637429703348273,-0.13345099217921402,-0.11245492274362255,-0.30794307008976746,0.0,0.36563877295111447,-0.18511612669740485,-0.09622504486493767,-0.29599936395118165,-0.1245330990169104,-0.4824905740057288,-0.6777752134734262,-0.09622504486493762,0.305288447274589
1-25,-0.11072255892128344,-0.34890958961195306,1.0614818108387845,0.6979732588249903,0.09142018322046785,0.7230066097898364,-0.2514313342302585,0.5375060906238596,1.874112084051342,0.0,-0.34800916391278436,-0.1773366800553731,0.4683050594393502,-0.21157763222088652,-0.1342622540128084,0.0,-0.13814310036932095,-0.3796221136411703,-0.0153811550678197,-0.22000734840294592,-0.24988718708375368,-0.3067102564336961,-0.9602410387724433,-0.2644644077124355,-0.3391807082194173,-0.13651498420458819,0.18386908147080624,-0.09622504486493767,0.0,-0.09622504486493762,0.0,-0.31805374841748824,0.8419534638409748,0.0,-0.23517724187582092,-0.2476824920070451,-0.06667850442695675,1.7469374310879515,1.3188612347438635,-0.5191033324276954,-0.35598084039789485,-0.1360145237956077,2.462775780825474,-0.19197291732187582,-0.7911474854887021,-0.21364132302562033,-0.14810207928107974,-0.5768042414376395,-0.1677050983124842,-0.777533814082211,-0.13345099217921402,-0.11245492274362255,-0.48896117144684703,0.0,0.6351368689843802,-0.1168556844157747,-0.09622504486493767,-0.29599936395118165,-0.1245330990169104,-0.4824905740057288,-0.24003504084870406,-0.09622504486493762,-0.18767706335206064
2-25,-0.11072255892128344,-0.2900723619724427,0.7322446753952541,1.636226089672162,-0.3395456684205785,1.5648978876173463,-0.2514313342302585,5.356430581014228,0.9582070504046385,0.0,-0.34800916391278436,0.3681757693294563,-0.903528443286934,-0.21157763222088652,-0.1342622540128084,0.0,-0.13814310036932095,0.08530834014408323,0.20906660688633052,-0.22000734840294592,-0.24988718708375368,-0.3067102564336961,-0.8953998498734465,-0.2644644077124355,-0.3391807082194173,-0.13651498420458819,0.8428814759880285,-0.09622504486493767,0.0,-0.09622504486493762,0.0,-0.31805374841748824,0.6347504272404717,0.0,-0.23517724187582092,2.565454438615783,0.3772710089900552,5.868298790210554,1.438612993941245,-0.4950535657836789,-0.35598084039789485,-0.1360145237956077,4.122210738465504,-0.19197291732187582,-0.6615314225244181,-0.36165499668391493,-0.14810207928107974,0.3131043589802431,-0.1677050983124842,-0.777533814082211,-0.13345099217921402,-0.11245492274362255,-0.48896117144684703,0.0,0.5158305060413284,0.16342040230827334,-0.09622504486493767,-0.29599936395118165,-0.1245330990169104,-0.4824905740057288,-0.45997714391035016,-0.09622504486493762,-0.3160781692428043
3-25,-0.11072255892128344,-0.4795901688954971,0.5837951394605454,0.06279866199717983,-0.11358471449461753,-0.2384714972745355,-0.2514313342302585,0.8635095924337863,2.7204028752003087,0.0,-0.34800916391278436,-0.24338163864640588,1.0143106325257258,-0.21157763222088652,-0.1342622540128084,0.0,-0.13814310036932095,0.13884578633753664,-0.1705106518817106,-0.22000734840294592,-0.24988718708375368,-0.3067102564336961,-1.056715675669964,-0.2644644077124355,-0.3391807082194173,-0.13651498420458819,0.5327579962152181,-0.09622504486493767,0.0,-0.09622504486493762,0.0,-0.31805374841748824,-0.28414999594436746,0.0,-0.23517724187582092,-0.2476824920070451,-0.0529481071047811,0.21487990588415748,1.2856800181329222,-0.3151518800053997,-0.35598084039789485,-0.1360145237956077,2.7094836383775918,-0.19197291732187582,-0.6397807818215074,-0.052857842228178825,-0.14810207928107974,-0.5768042414376395,-0.1677050983124842,-0.777533814082211,-0.13345099217921402,-0.11245492274362255,-0.48896117144684703,0.0,1.3451904957121175,-0.5037842355231892,-0.09622504486493767,-0.29599936395118165,-0.1245330990169104,-0.4824905740057288,-0.12229186788556458,-0.09622504486493762,-0.3671679373310844
4-25,-0.11072255892128344,-0.39474069324694006,0.6810639606047283,0.4529312823838045,-1.0287526102627231,-0.2384714972745355,-0.2514313342302585,0.44029777372053613,-0.03413715147487546,0.0,-0.34800916391278436,-0.27647164857442846,1.8371687494191935,-0.21157763222088652,-0.1342622540128084,0.0,-0.13814310036932095,1.263132156400059,-0.04621583163021096,-0.22000734840294592,-0.24988718708375368,-0.3067102564336961,-0.9121267119566476,-0.2644644077124355,-0.3391807082194173,-0.13651498420458819,0.9536398616211752,-0.09622504486493767,0.0,-0.09622504486493762,0.0,-0.31805374841748824,-0.28414999594436746,0.0,-0.23517724187582092,-0.2476824920070451,0.7296845402592297,0.5609645259026453,1.3471775361374112,-0.45449905732514156,-0.35598084039789485,-0.1360145237956077,1.348175649653174,-0.19197291732187582,-0.6695214538030383,-0.15849897401566748,9.209079701503986,1.119346338846017,-0.1677050983124842,-0.777533814082211,-0.13345099217921402,-0.11245492274362255,-0.48896117144684703,0.0,1.00906676842494,-0.1931383402709024,-0.09622504486493767,-0.29599936395118165,-0.1245330990169104,-0.4824905740057288,-0.18429016988588234,-0.09622504486493762,-0.42950760468383675
1-26,-0.11072255892128344,-0.3074138606451404,-0.2829668164944254,0.12728339263959712,1.225650455404122,-0.2384714972745355,-0.2514313342302585,2.3856495790663166,-0.3480837352882017,0.0,-0.34800916391278436,-0.4488098227301705,-1.293783836782192,1.7901188102602448,-0.1342622540128084,0.0,5.483809817710402,-0.3796221136411703,-0.7733405301014838,-0.22000734840294592,-0.24988718708375368,-0.3067102564336961,0.7739409860300112,-0.2644644077124355,-0.3391807082194173,-0.13651498420458819,-0.7354255192843109,-0.09622504486493767,0.0,-0.09622504486493762,0.0,-0.31805374841748824,-0.28414999594436746,0.0,-0.23517724187582092,-0.2476824920070451,-0.7394679732135625,-0.21350532499238553,-0.5083510243428534,-0.7188107083833998,-0.35598084039789485,-0.1360145237956077,-0.5299203775225199,-0.19197291732187582,-0.5878455785104758,-0.5636501277940581,-0.14810207928107974,0.7770738002237544,-0.1677050983124842,-0.519092451948052,-0.13345099217921402,-0.11245492274362255,0.19125633313723028,0.0,-1.1800758721396425,1.0854735749120747,-0.09622504486493767,-0.29599936395118165,-0.1245330990169104,-0.4824905740057288,-0.6270330873406011,-0.09622504486493762,0.0012874100075712914
2-26,-0.11072255892128344,-0.3482902503736424,-0.29824464180503,0.32718605763109077,-2.218171502529676,-0.2384714972745355,-0.2514313342302585,2.8645783599070813,-0.1378760226479745,0.0,-0.34800916391278436,-0.39843197088056875,3.928686874366299,3.3135338018830525,-0.1342622540128084,0.0,8.760471809189264,-0.3796221136411703,-0.7733405301014838,-0.22000734840294592,-0.24988718708375368,-0.3067102564336961,-0.6870520236312225,-0.2644644077124355,-0.3391807082194173,-0.13651498420458819,-0.7354255192843109,-0.09622504486493767,0.0,-0.09622504486493762,0.0,-0.31805374841748824,-0.28414999594436746,0.0,-0.23517724187582092,-0.2476824920070451,-0.7394679732135625,-0.5216050476917712,-0.12614332623787658,-0.7188107083833998,-0.35598084039789485,-0.1360145237956077,0.09957419795782904,-0.19197291732187582,-0.6726286881891684,-0.5444954170853377,-0.14810207928107974,1.2030129593981258,-0.1677050983124842,-0.777533814082211,-0.13345099217921402,-0.11245492274362255,0.5747534447751668,0.0,-1.0923779482100746,1.1985008340100929,-0.09622504486493767,-0.29599936395118165,-0.1245330990169104,-0.4824905740057288,-0.2963159201861684,-0.09622504486493762,-0.3952503926378873
3-26,-0.11072255892128344,-0.2727308632997449,0.4114103438725562,0.3400830037595743,-1.2813967413515999,-0.2384714972745355,-0.2514313342302585,2.9783832187207286,0.12420112557880211,0.0,-0.34800916391278436,-0.4265247140031349,0.7856350510497841,3.631166438468402,-0.1342622540128084,0.0,0.39888701224835454,-0.3796221136411703,-0.7733405301014838,-0.22000734840294592,-0.24988718708375368,-0.3067102564336961,-0.008089013012820515,0.6073896720486475,-0.3391807082194173,-0.13651498420458819,-0.7354255192843109,-0.09622504486493767,0.0,-0.09622504486493762,0.0,0.13207440920378952,-0.28414999594436746,0.0,-0.23517724187582092,-0.2476824920070451,-0.7394679732135625,0.774102005304275,0.2671663578760242,-0.6662313166028543,-0.35598084039789485,-0.1360145237956077,0.6968669057155856,-0.19197291732187582,0.07355145510864447,-0.6420103079660964,-0.14810207928107974,2.6253455087839717,-0.1677050983124842,-0.2553767763009511,-0.13345099217921402,-0.11245492274362255,0.21365032505769374,0.0,-1.024202883671188,0.8113574021819606,-0.09622504486493767,-0.29599936395118165,-0.1245330990169104,-0.4824905740057288,0.37137184516019345,-0.09622504486493762,-0.2775070860503279
4-26,-0.11072255892128344,-0.25291200767380456,-0.015604873558843926,0.26914980005291517,-1.5693147310314532,-0.2384714972745355,-0.2514313342302585,4.6297391387979205,0.6442604665913121,0.0,-0.34800916391278436,-0.42882075550834464,1.9994085198266078,2.4296599073849765,-0.1342622540128084,0.0,-0.13814310036932095,-0.3796221136411703,-0.7477644805497329,-0.22000734840294592,-0.24988718708375368,-0.3067102564336961,-0.11336985083061493,-0.2644644077124355,-0.3391807082194173,-0.13651498420458819,0.24478619356903678,-0.09622504486493767,0.0,-0.09622504486493762,0.0,-0.31805374841748824,-0.28414999594436746,0.0,-0.23517724187582092,-0.2476824920070451,-0.7394679732135625,0.5314207168766768,-0.1442308315333145,-0.7188107083833998,-0.35598084039789485,-0.1360145237956077,0.5571523505965973,-0.19197291732187582,-0.40052373408949005,-0.3692007918115927,-0.14810207928107974,4.207405242860207,-0.1677050983124842,-0.777533814082211,-0.13345099217921402,-0.11245492274362255,-0.05414449499118167,0.0,-1.1377246956836675,1.2804420155108116,-0.09622504486493767,-0.29599936395118165,-0.1245330990169104,-0.4824905740057288,-0.2713021960361843,-0.09622504486493762,-0.4098837202525768
1-27,-0.11072255892128344,-0.4795901688954971,-0.4632451551595604,-0.6594303211978941,0.819545515168524,-0.2384714972745355,-0.2514313342302585,1.1456508049092864,-0.6866000517477883,0.0,-0.34800916391278436,-0.4282805104482953,-0.6186464057579831,-0.21157763222088652,-0.1342622540128084,0.0,-0.13814310036932095,-0.3796221136411703,-0.7733405301014838,-0.22000734840294592,-0.24988718708375368,-0.3067102564336961,1.134847633801665,-0.2644644077124355,-0.3391807082194173,-0.13651498420458819,-0.7354255192843109,-0.09622504486493767,0.0,-0.09622504486493762,0.0,-0.31805374841748824,-0.28414999594436746,0.0,-0.23517724187582092,-0.2476824920070451,-0.7394679732135625,-0.7685068802659363,-0.9259852845437223,-0.5457467013568507,-0.35598084039789485,-0.1360145237956077,-0.2567238868437546,-0.19197291732187582,-0.7911474854887021,-0.2409222746410707,-0.14810207928107974,-0.5768042414376395,-0.1677050983124842,-0.777533814082211,-0.13345099217921402,-0.11245492274362255,-0.48896117144684703,0.0,-1.074404522104368,0.7645134050652914,-0.09622504486493767,-0.29599936395118165,-0.1245330990169104,-0.4824905740057288,-0.2721955433272551,-0.09622504486493762,0.187460554978274
2-27,-0.11072255892128344,-0.4795901688954971,-0.4632451551595604,-0.6594303211978941,0.5446437094705805,-0.2384714972745355,-0.2514313342302585,0.8279455740545215,-0.6866000517477883,0.0,-0.34800916391278436,-0.4488098227301705,-1.1180149194187696,-0.21157763222088652,-0.1342622540128084,0.0,-0.13814310036932095,-0.3796221136411703,-0.7733405301014838,-0.22000734840294592,-0.24988718708375368,-0.3067102564336961,1.5695984580053328,-0.2644644077124355,-0.3391807082194173,-0.13651498420458819,-0.7354255192843109,-0.09622504486493767,0.0,-0.09622504486493762,0.0,-0.31805374841748824,-0.28414999594436746,0.0,-0.23517724187582092,-0.2476824920070451,-0.7394679732135625,-0.7685068802659363,-0.923864680474602,-0.6898095191950272,-0.35598084039789485,-0.1360145237956077,-0.49512158498358955,-0.19197291732187582,-0.7911474854887021,-0.6420103079660964,-0.14810207928107974,-0.5768042414376395,-0.1677050983124842,-0.777533814082211,-0.13345099217921402,-0.11245492274362255,-0.48896117144684703,0.0,-0.9035536785478249,0.2411355963015242,-0.09622504486493767,-0.29599936395118165,-0.1245330990169104,-0.4824905740057288,0.32884851410522037,-0.09622504486493762,0.3812464137369656
3-27,-0.11072255892128344,-0.4795901688954971,-0.4632451551595604,-0.6594303211978941,0.20973729561603133,-0.2384714972745355,-0.2514313342302585,-0.3788601162818614,-0.6866000517477883,0.0,-0.34800916391278436,-0.4488098227301705,-0.4265985148214779,-0.21157763222088652,-0.1342622540128084,0.0,-0.13814310036932095,-0.3796221136411703,-0.7733405301014838,-0.22000734840294592,-0.24988718708375368,-0.3067102564336961,1.3871772679920704,-0.2644644077124355,-0.3391807082194173,-0.13651498420458819,-0.7354255192843109,-0.09622504486493767,0.0,-0.09622504486493762,0.0,-0.31805374841748824,-0.28414999594436746,0.0,-0.23517724187582092,-0.2476824920070451,-0.7394679732135625,-0.7685068802659363,-0.9429501170966847,-0.4731258373729581,-0.35598084039789485,-0.1360145237956077,-0.5288816075959846,-0.19197291732187582,-0.6752920319487085,-0.5537825495501718,-0.14810207928107974,-0.5768042414376395,-0.1677050983124842,-0.777533814082211,-0.13345099217921402,-0.11245492274362255,-0.48896117144684703,0.0,-1.222220457490954,0.4520768371403497,-0.09622504486493767,-0.29599936395118165,-0.1245330990169104,-0.4824905740057288,1.5722092738176452,-0.09622504486493762,-0.19571270568382654
4-27,-0.11072255892128344,-0.4795901688954971,-0.4632451551595604,-0.6594303211978941,0.3980814778342721,-0.2384714972745355,-0.2514313342302585,0.1356326829381682,-0.6866000517477883,0.0,-0.34800916391278436,-0.4488098227301705,-0.5677196168097576,-0.21157763222088652,-0.1342622540128084,0.0,-0.13814310036932095,-0.3796221136411703,-0.7733405301014838,-0.22000734840294592,-0.24988718708375368,-0.3067102564336961,1.385652171743308,-0.2644644077124355,-0.3391807082194173,-0.13651498420458819,-0.7354255192843109,-0.09622504486493767,0.0,-0.09622504486493762,0.0,-0.31805374841748824,-0.28414999594436746,0.0,-0.23517724187582092,-0.2476824920070451,-0.7394679732135625,-0.7685068802659363,-0.9429501170966847,-0.5905452862819792,-0.35598084039789485,-0.1360145237956077,-0.5725099445104641,-0.19197291732187582,-0.6948232195186691,-0.4887726222963326,-0.14810207928107974,-0.5768042414376395,-0.1677050983124842,-0.777533814082211,-0.13345099217921402,-0.11245492274362255,-0.48896117144684703,0.0,-1.186893378593531,0.8796894713704974,-0.09622504486493767,-0.29599936395118165,-0.1245330990169104,-0.4824905740057288,0.9597303710594629,-0.09622504486493762,-0.43957330402573297
1-28,-0.11072255892128344,-0.4795901688954971,-0.3990782888550208,-0.6594303211978941,1.1488549699108515,-0.2384714972745355,-0.2514313342302585,0.899073610813051,-0.6866000517477883,0.0,-0.34800916391278436,-0.4488098227301705,-0.5929080286221629,-0.21157763222088652,-0.1342622540128084,0.0,-0.13814310036932095,-0.3796221136411703,-0.7241006590018513,-0.22000734840294592,0.09302144609289074,-0.3067102564336961,0.902983807336588,-0.2644644077124355,-0.3391807082194173,-0.13651498420458819,-0.7354255192843109,-0.09622504486493767,0.0,-0.09622504486493762,0.0,-0.31805374841748824,-0.28414999594436746,0.0,-0.23517724187582092,-0.2476824920070451,0.13470065629828584,-0.7685068802659363,-0.8793319950230757,-0.28402865258373144,-0.35598084039789485,-0.1360145237956077,-0.31385623280319214,-0.19197291732187582,-0.7911474854887021,-0.35933321356770637,-0.14810207928107974,-0.5768042414376395,-0.1677050983124842,-0.777533814082211,-0.13345099217921402,-0.11245492274362255,-0.3032776551063376,0.0,-0.8772133127032552,0.6806382970781045,-0.09622504486493767,0.0805727249845353,-0.1245330990169104,-0.4824905740057288,0.15000038643283387,-0.09622504486493762,-0.10537516873302666
2-28,-0.11072255892128344,-0.4795901688954971,0.12265944550212825,-0.6594303211978941,-3.0627916811158284,-0.2384714972745355,-0.2514313342302585,-0.6918234780193909,-0.6866000517477883,0.0,-0.34800916391278436,-0.3638562870374105,-1.2682654457757379,-0.21157763222088652,-0.1342622540128084,0.0,0.3314339546248784,-0.3796221136411703,-0.7219494024974984,-0.22000734840294592,-0.24988718708375368,-0.3067102564336961,-1.6530775055892648,-0.2644644077124355,-0.3391807082194173,-0.13651498420458819,-0.7354255192843109,-0.09622504486493767,0.0,-0.09622504486493762,0.0,-0.31805374841748824,-0.28414999594436746,0.0,-0.23517724187582092,-0.2476824920070451,-0.7394679732135625,-0.7685068802659363,10.721494935807453,-0.7188107083833998,-0.35598084039789485,-0.1360145237956077,-0.9973668444633728,-0.19197291732187582,-0.7911474854887021,-0.3384371655218295,-0.14810207928107974,-0.5768042414376395,-0.1677050983124842,-0.777533814082211,-0.13345099217921402,-0.11245492274362255,-0.48896117144684703,0.0,0.07682440863183115,0.3628297111351959,-0.09622504486493767,1.2549670362416865,-0.1245330990169104,-0.4824905740057288,-0.043319967354900325,-0.09622504486493762,-0.43957330402573297
3-28,-0.11072255892128344,-0.4795901688954971,-0.4632451551595604,-0.6594303211978941,0.07762302819964284,-0.2384714972745355,-0.2514313342302585,-0.10146077292359669,-0.6866000517477883,0.0,-0.34800916391278436,-0.4488098227301705,-0.39976020703882775,-0.21157763222088652,-0.1342622540128084,0.0,-0.13814310036932095,-0.0668507174583634,-0.7202762029941129,-0.22000734840294592,0.634759454808934,-0.3067102564336961,1.2886363716607423,-0.2644644077124355,-0.3391807082194173,-0.13651498420458819,-0.7354255192843109,-0.09622504486493767,0.0,-0.09622504486493762,0.0,-0.31805374841748824,-0.28414999594436746,0.0,-0.23517724187582092,-0.2476824920070451,-0.7394679732135625,-0.7685068802659363,-0.9039060539417051,-0.3012407404760177,-0.35598084039789485,-0.1360145237956077,-0.5101837489183505,-0.19197291732187582,-0.7911474854887021,-0.42260180348438914,-0.14810207928107974,-0.5768042414376395,-0.1677050983124842,-0.777533814082211,-0.13345099217921402,-0.11245492274362255,-0.48896117144684703,0.0,0.10626364104635039,0.3018035864510952,-0.09622504486493767,1.3538969918095445,-0.1245330990169104,-0.4824905740057288,0.030291849429338474,-0.09622504486493762,-0.43957330402573297
4-28,-0.11072255892128344,-0.4795901688954971,-0.43549043917862856,-0.6594303211978941,-0.6311081896153665,-0.2384714972745355,-0.2514313342302585,-0.13346838946493483,-0.6866000517477883,0.0,-0.34800916391278436,-0.4488098227301705,0.12831649650421997,-0.21157763222088652,-0.1342622540128084,0.0,-0.13814310036932095,-0.061215196806420936,-0.7417887680376416,-0.22000734840294592,2.534684598852079,-0.3067102564336961,1.3080690496691671,-0.2644644077124355,-0.3391807082194173,-0.13651498420458819,-0.7354255192843109,-0.09622504486493767,0.0,-0.09622504486493762,0.0,-0.31805374841748824,-0.28414999594436746,0.0,-0.23517724187582092,-0.2476824920070451,-0.7394679732135625,-0.7685068802659363,-0.9011617427934318,-0.43092085473296865,-0.35598084039789485,-0.1360145237956077,-0.9137458653772869,-0.19197291732187582,-0.7911474854887021,-0.4998010920983232,-0.14810207928107974,-0.5768042414376395,-0.1677050983124842,-0.777533814082211,-0.13345099217921402,-0.11245492274362255,-0.48896117144684703,0.0,-0.8461213514514296,1.150797314010549,-0.09622504486493767,-0.29599936395118165,-0.1245330990169104,-0.4824905740057288,-0.3397325985322122,-0.09622504486493762,-0.42367119077971205
1-29,-0.11072255892128344,-0.15753376497396668,-0.1574340185256238,-0.6594303211978941,0.7901289393694066,-0.2384714972745355,-0.2514313342302585,1.4230501482675513,0.398563140128709,0.0,34.42390646370625,0.48702968254031276,-0.04261272601315064,-0.21157763222088652,-0.1342622540128084,0.0,-0.13814310036932095,0.13321026568559416,0.8193063686210973,-0.22000734840294592,-0.24988718708375368,-0.3067102564336961,-1.017358353121256,-0.2644644077124355,-0.3391807082194173,-0.13651498420458819,-0.7354255192843109,-0.09622504486493767,0.0,-0.09622504486493762,0.0,-0.31805374841748824,-0.28414999594436746,0.0,-0.23517724187582092,-0.2476824920070451,-0.7394679732135625,-0.2747032151176059,0.27714567114247274,-0.5176886402721649,-0.35598084039789485,-0.1360145237956077,2.9561914959297093,-0.19197291732187582,0.040259658114393464,-0.139344263306947,-0.14810207928107974,0.44240731801532,-0.1677050983124842,0.25447352995011074,-0.13345099217921402,-0.11245492274362255,0.004639733800034888,0.0,0.8381126293160653,-0.16527547348438118,-0.09622504486493767,-0.29599936395118165,-0.1245330990169104,0.5757962204795516,-0.4969617217606838,-0.09622504486493762,-0.27395448628259983
2-29,-0.11072255892128344,-0.2752082202529874,-0.3214160101927805,-0.6594303211978941,0.5640378236036269,-0.2384714972745355,-0.2514313342302585,-0.6918234780193909,-0.6866000517477883,0.0,158.65934095645528,-0.4294960618334064,-1.2204184626386358,-0.21157763222088652,-0.1342622540128084,0.0,-0.13814310036932095,-0.3796221136411703,0.07664481761838682,-0.22000734840294592,-0.10772898621500474,-0.3067102564336961,-0.7000891367254821,1.4893229897260436,-0.3391807082194173,-0.13651498420458819,-0.7354255192843109,-0.09622504486493767,0.113,-0.09622504486493762,0.0,-0.31805374841748824,-0.28414999594436746,0.0,-0.23517724187582092,-0.2476824920070451,-0.011756915138254182,-0.7685068802659363,2.1461463045324427,-0.32929880156070346,-0.35598084039789485,-0.1360145237956077,-0.642626914551592,-0.19197291732187582,-0.7911474854887021,-0.42898670705396263,-0.14810207928107974,-0.5768042414376395,-0.1677050983124842,-0.777533814082211,-0.13345099217921402,-0.11245492274362255,-0.15864979062001117,0.0,0.37348923492831965,0.20661142717272504,-0.09622504486493767,-0.29599936395118165,-0.1245330990169104,1.8167149425185323,-0.4106643734432386,-0.09622504486493762,-0.42570124778984236
3-29,-0.11072255892128344,-0.19964883317908988,-0.11236443385934011,-0.6594303211978941,1.1815255917054466,-0.2384714972745355,-0.2514313342302585,1.5131456614950218,0.7193346496771076,0.0,1.0331410512262094,0.7641753983456284,-0.6451547343465843,-0.21157763222088652,-0.1342622540128084,0.0,-0.13814310036932095,0.1585701086193353,0.5962927776698489,-0.22000734840294592,-0.24988718708375368,-0.3067102564336961,-0.716914392115055,0.9349649043288233,-0.3391807082194173,-0.13651498420458819,-0.7354255192843109,-0.09622504486493767,0.0,-0.09622504486493762,0.0,-0.31805374841748824,-0.28414999594436746,0.0,-0.23517724187582092,-0.2476824920070451,0.08435586611697517,0.1958874572246063,-0.31200803582547953,-0.1456246033676765,-0.35598084039789485,-0.1360145237956077,2.725584572238888,-0.19197291732187582,0.1831924398763778,0.031306795734380846,-0.14810207928107974,0.29028618973875886,-0.1677050983124842,0.5586256091964339,-0.13345099217921402,-0.11245492274362255,-0.09706631283873667,0.0,0.306450421465081,0.30481191654115664,-0.09622504486493767,-0.29599936395118165,-0.1245330990169104,1.4710187939347426,-0.515900684331386,-0.09622504486493762,-0.42181030518709256
4-29,-0.11072255892128344,-0.16558517507200493,-0.19664710348950912,-0.6594303211978941,1.1280290755397955,-0.2384714972745355,-0.2514313342302585,1.2902778129849628,0.27025453630934954,0.0,-0.34800916391278436,1.1526115965211097,-0.6508743737101,-0.21157763222088652,-0.1342622540128084,0.0,-0.13814310036932095,-0.3796221136411703,0.7676762125166281,-0.22000734840294592,-0.24988718708375368,-0.3067102564336961,-0.5727190016272253,-0.2644644077124355,-0.3391807082194173,-0.13651498420458819,-0.7354255192843109,-0.09622504486493767,0.0,-0.09622504486493762,0.0,-0.31805374841748824,-0.28414999594436746,0.0,-0.23517724187582092,-0.2476824920070451,-0.7394679732135625,0.5736261583423461,-0.530929220608193,-0.4698248890100539,-0.35598084039789485,-0.1360145237956077,2.294495052726768,-0.19197291732187582,-0.02010946710184834,0.01621520547902531,-0.14810207928107974,0.579316333464225,-0.1677050983124842,0.44083260740739555,-0.13345099217921402,-0.11245492274362255,-0.48896117144684703,0.0,0.5827660239522352,0.27386909275766735,-0.09622504486493767,-0.29599936395118165,-0.1245330990169104,0.1518292458013191,-0.6597295981937947,-0.09622504486493762,-0.43957330402573297
1-30,-0.11072255892128344,1.0291202156292107,0.11705757622157315,3.3547441612925835,-0.4195951999093259,-0.2384714972745355,-0.2514313342302585,-0.3397396960646702,0.7111447387950208,0.0,-0.34800916391278436,0.3068579550138552,1.0445587253135487,-0.21157763222088652,-0.1342622540128084,0.0,-0.13814310036932095,-0.3796221136411703,0.1624560492920183,-0.22000734840294592,-0.24988718708375368,-0.3067102564336961,-1.239481242255528,-0.2644644077124355,-0.3391807082194173,-0.13651498420458819,2.8531461752296403,-0.09622504486493767,0.0,-0.09622504486493762,0.0,-0.31805374841748824,-0.28414999594436746,0.0,-0.23517724187582092,2.783527068896623,0.8395277188366346,1.2320310452067864,1.2614801834617848,1.2101220456822652,-0.35598084039789485,-0.1360145237956077,-0.30191037864803705,-0.19197291732187582,-0.6482147037267176,-0.4568481044484652,-0.14810207928107974,-0.5768042414376395,-0.1677050983124842,0.05580772096262801,-0.13345099217921402,-0.11245492274362255,-0.48896117144684703,0.159,1.41687760903028,-0.7541202751604358,-0.09622504486493767,-0.29599936395118165,-0.1245330990169104,-0.4824905740057288,-0.12157719005270788,-0.09622504486493762,-0.1521510656747798
2-30,-0.11072255892128344,1.2248314149353714,0.5621515536038555,0.4755009381086506,1.1483343225515754,0.718223136620362,-0.2514313342302585,0.2778887564552272,-0.18019056220542287,0.0,-0.34800916391278436,-0.07847183406634237,-0.03326331551509617,-0.21157763222088652,-0.1342622540128084,0.0,-0.13814310036932095,-0.3796221136411703,0.4000503787727695,-0.22000734840294592,-0.24988718708375368,-0.3067102564336961,-1.1548138021226193,-0.2644644077124355,-0.3391807082194173,-0.13651498420458819,0.8650331531146579,-0.09622504486493767,0.0,-0.09622504486493762,0.0,-0.31805374841748824,-0.28414999594436746,0.0,-0.23517724187582092,4.048348324525492,0.48711418756746033,1.9579646384162979,1.145844890986813,-0.30925732935735645,0.8609790621443124,6.155514436144919,1.347136879726639,-0.19197291732187582,-0.38143643714611947,-0.09929350455234966,-0.14810207928107974,-0.5768042414376395,-0.1677050983124842,-0.777533814082211,-0.13345099217921402,-0.11245492274362255,-0.48896117144684703,0.0,2.6240927291302314,-1.3633071183978576,-0.09622504486493767,-0.29599936395118165,-0.1245330990169104,-0.4824905740057288,-0.15909777627768407,-0.09622504486493762,-0.3818012649457739
3-30,-0.11072255892128344,0.16018726427938926,1.071157766868834,0.778579172128012,-0.6152284451574361,0.522100736671908,-0.2514313342302585,0.15104375756918306,0.34942367483618836,0.0,-0.34800916391278436,-0.03201075890209844,-0.1330270251825705,-0.21157763222088652,-0.1342622540128084,0.0,-0.13814310036932095,-0.3796221136411703,0.5561359895885951,-0.22000734840294592,-0.24988718708375368,-0.3067102564336961,-0.8824119334323728,-0.2644644077124355,-0.3391807082194173,-0.13651498420458819,0.15617948506251955,-0.09622504486493767,0.0,-0.09622504486493762,0.0,-0.31805374841748824,-0.28414999594436746,0.0,-0.23517724187582092,-0.2476824920070451,2.816704933229925,0.7593301007912908,1.9759990133394958,-0.01688761721441249,-0.35598084039789485,-0.1360145237956077,1.561123484592896,-0.19197291732187582,-0.5212619845219737,-0.23221558795528863,-0.14810207928107974,0.44240731801532,-0.1677050983124842,-0.777533814082211,-0.13345099217921402,-0.11245492274362255,-0.48896117144684703,0.0,0.11762615180283144,0.47642998548846455,-0.09622504486493767,-0.29599936395118165,-0.1245330990169104,-0.4824905740057288,-0.29077716698152906,-0.09622504486493762,-0.43957330402573297
4-30,-0.11072255892128344,-0.19159742308105163,0.7556706742048478,1.355717511377647,0.7747698422707527,0.5699354683666529,-0.2514313342302585,-0.09908983836497891,2.315002286537013,0.0,-0.34800916391278436,-0.18935713264147105,-0.5049135768757687,-0.21157763222088652,-0.1342622540128084,0.0,-0.13814310036932095,-0.3796221136411703,0.9557916423972633,-0.22000734840294592,-0.24988718708375368,1.3791254044140437,-0.8640615817940377,-0.2644644077124355,-0.3391807082194173,-0.13651498420458819,0.8484193952696858,-0.09622504486493767,0.0,-0.09622504486493762,0.0,-0.31805374841748824,-0.28414999594436746,0.0,-0.23517724187582092,-0.2476824920070451,0.5740733706079059,0.28662915637579517,1.5018568917673625,0.12104486794979899,-0.35598084039789485,-0.1360145237956077,-0.7091081898498468,-0.19197291732187582,-0.628683516156757,0.040013482420162956,-0.14810207928107974,1.393164369743827,-0.1677050983124842,-0.777533814082211,-0.13345099217921402,-0.11245492274362255,-0.48896117144684703,0.0,0.3141975878899546,0.33174363353789554,-0.09622504486493767,-0.29599936395118165,-0.1245330990169104,-0.4824905740057288,-0.2698728403704709,-0.09622504486493762,-0.43957330402573297
1-31,-0.11072255892128344,-0.4795901688954971,-0.4632451551595604,-0.6594303211978941,1.49677756774731,-0.2384714972745355,-0.2514313342302585,-0.6918234780193909,-0.6866000517477883,0.0,-0.34800916391278436,-0.4488098227301705,-0.5473708998434039,-0.21157763222088652,-0.1342622540128084,0.0,-0.13814310036932095,-0.3796221136411703,-0.74298391054006,-0.22000734840294592,-0.24988718708375368,-0.3067102564336961,0.9931120759731298,-0.2644644077124355,-0.3391807082194173,-0.13651498420458819,-0.7354255192843109,-0.09622504486493767,0.0,-0.09622504486493762,0.0,-0.31805374841748824,-0.28414999594436746,0.0,-0.23517724187582092,-0.2476824920070451,-0.7394679732135625,-0.4266428043940153,-0.9429501170966847,-0.6230832058591778,-0.35598084039789485,-0.1360145237956077,-0.5423856166409425,-0.19197291732187582,-0.7911474854887021,-0.5781612722703615,-0.14810207928107974,-0.5768042414376395,-0.1677050983124842,-0.777533814082211,-0.13345099217921402,-0.11245492274362255,-0.48896117144684703,0.0,-1.20941180900183,1.2305180613971733,-0.09622504486493767,-0.29599936395118165,-0.1245330990169104,0.16487438348372627,-0.6127395306834674,-0.09622504486493762,-0.12838248151450382
2-31,-0.11072255892128344,-0.4795901688954971,-0.4632451551595604,-0.6594303211978941,1.0538368268429075,-0.2384714972745355,-0.2514313342302585,-0.6918234780193909,-0.6866000517477883,0.0,-0.34800916391278436,-0.4488098227301705,-1.174331368536462,-0.21157763222088652,-0.1342622540128084,0.0,-0.13814310036932095,-0.3796221136411703,-0.7733405301014838,-0.22000734840294592,-0.24988718708375368,-0.3067102564336961,1.2761896184047137,-0.2644644077124355,-0.3391807082194173,-0.13651498420458819,-0.7354255192843109,-0.09622504486493767,0.0,-0.09622504486493762,0.0,-0.31805374841748824,-0.28414999594436746,0.0,-0.23517724187582092,-0.2476824920070451,-0.277211263366983,-0.7685068802659363,-0.9429501170966847,0.10029604966868692,-0.35598084039789485,-0.1360145237956077,-0.28321251997040287,-0.19197291732187582,-0.7911474854887021,-0.571776368700788,-0.14810207928107974,-0.5768042414376395,-0.1677050983124842,-0.777533814082211,-0.13345099217921402,-0.11245492274362255,-0.48896117144684703,0.0,-1.201767938129288,0.4462034307740389,-0.09622504486493767,-0.29599936395118165,-0.1245330990169104,-0.4824905740057288,1.5184297668951794,-0.09622504486493762,-0.18006434956407188
3-31,-0.11072255892128344,-0.4795901688954971,-0.4632451551595604,-0.6594303211978941,-0.25090545550376997,-0.2384714972745355,-0.2514313342302585,-0.6918234780193909,-0.6866000517477883,0.0,-0.34800916391278436,-0.4488098227301705,0.09564855629337109,-0.21157763222088652,-0.1342622540128084,0.0,-0.13814310036932095,-0.3796221136411703,-0.7733405301014838,-0.22000734840294592,-0.24988718708375368,-0.3067102564336961,1.312841125028198,-0.2644644077124355,-0.3391807082194173,-0.13651498420458819,-0.7354255192843109,-0.09622504486493767,0.0,-0.09622504486493762,0.0,-0.31805374841748824,-0.28414999594436746,0.0,-0.23517724187582092,-0.2476824920070451,-0.7394679732135625,-0.7685068802659363,-0.9429501170966847,-0.19372413665570926,-0.35598084039789485,-0.1360145237956077,-0.8898541570669766,-0.19197291732187582,-0.7911474854887021,-0.4765832609362378,-0.14810207928107974,-0.5768042414376395,-0.1677050983124842,-0.777533814082211,-0.13345099217921402,-0.11245492274362255,-0.48896117144684703,0.0,-1.222220457490954,0.9551842312496559,-0.09622504486493767,-0.29599936395118165,-0.1245330990169104,-0.4824905740057288,0.7740928039749376,-0.09622504486493762,-0.4211336195170491
4-31,-0.11072255892128344,-0.4795901688954971,-0.4632451551595604,-0.6594303211978941,1.5586044416613827,-0.2384714972745355,-0.2514313342302585,-0.6918234780193909,-0.6866000517477883,0.0,-0.34800916391278436,-0.4488098227301705,-0.22058150467023277,-0.21157763222088652,-0.1342622540128084,0.0,-0.13814310036932095,-0.3796221136411703,-0.7305544285149099,-0.22000734840294592,-0.24988718708375368,1.4828691373892893,0.7302543580009452,-0.2644644077124355,-0.3391807082194173,-0.13651498420458819,-0.7354255192843109,-0.09622504486493767,0.0,-0.09622504486493762,0.0,-0.31805374841748824,-0.28414999594436746,0.0,-0.23517724187582092,-0.2476824920070451,-0.7394679732135625,-0.7685068802659363,-0.9429501170966847,-0.10483431288321737,-0.35598084039789485,-0.1360145237956077,-0.7755894651481013,-0.19197291732187582,-0.7911474854887021,-0.39183817719462594,-0.14810207928107974,-0.5768042414376395,-0.1677050983124842,-0.777533814082211,-0.13345099217921402,-0.11245492274362255,-0.48896117144684703,0.0,-1.1957767960940526,0.7447443787591743,-0.09622504486493767,-0.29599936395118165,-0.1245330990169104,-0.4824905740057288,1.2965222997931773,-0.09622504486493762,-0.43957330402573297
1-32,-0.11072255892128344,6.366585771390267,-0.17245721341438508,0.07569560812566331,-1.003240889658179,-0.2384714972745355,-0.2514313342302585,-0.556680208178185,0.4531625460092874,0.0,-0.34800916391278436,-0.13020029856606744,0.8189629496487306,-0.21157763222088652,-0.1342622540128084,0.0,-0.13814310036932095,-0.3796221136411703,0.9844750624553016,-0.22000734840294592,-0.24988718708375368,-0.3067102564336961,-1.2092744971993943,-0.2644644077124355,5.273172734933712,-0.13651498420458819,1.04778448940935,-0.09622504486493767,0.0,-0.09622504486493762,0.0,-0.033061364598099385,-0.28414999594436746,0.0,-0.23517724187582092,-0.2476824920070451,-0.7394679732135625,0.8690642486020309,0.5959847300055016,1.8172607624307178,3.7877173401590416,-0.1360145237956077,-0.34657748548905193,-0.19197291732187582,0.1521200960150769,-0.04879472177481381,-0.14810207928107974,0.19140745635899417,-0.1677050983124842,-0.11121220694720256,-0.13345099217921402,-0.11245492274362255,0.12220819138246801,0.0,0.4372225907169456,-0.21956866891929847,-0.09622504486493767,-0.29599936395118165,-0.1245330990169104,-0.30311993087263045,0.19359573423709203,-0.09622504486493762,-0.17346666428114832
2-32,-0.11072255892128344,3.4686974753348037,-0.15870717063484088,0.5528826148795514,-0.3795053532450426,-0.2384714972745355,-0.2514313342302585,-0.49266497509550844,0.24704978881010378,0.0,-0.34800916391278436,-0.05443092889414637,0.3640316341198731,-0.21157763222088652,-0.1342622540128084,0.0,-0.13814310036932095,0.5586920749072505,0.8116574566056204,-0.22000734840294592,-0.24988718708375368,2.2609471347036307,-0.9845933820994565,-0.2644644077124355,2.5623515330223707,-0.13651498420458819,1.2471495835490138,-0.09622504486493767,0.0,-0.09622504486493762,0.0,-0.31805374841748824,-0.28414999594436746,0.0,-0.23517724187582092,-0.2476824920070451,1.2880540313610387,1.1792742433747,0.6099557685785295,1.3695106952053544,3.6469120621789526,-0.1360145237956077,-0.35281010504826316,-0.19197291732187582,-0.1355210300152519,0.6419357552972277,-0.14810207928107974,0.3131043589802431,-0.1677050983124842,-0.38723461412450155,-0.13345099217921402,-0.11245492274362255,-0.48896117144684703,0.0,0.6058009321221923,-0.058551382194110164,-0.09622504486493767,-0.29599936395118165,-0.1245330990169104,1.157935489556971,-0.09227539890558369,-0.09622504486493762,-0.3867918217623443
3-32,-0.11072255892128344,2.7515026373710887,-0.1678738658212037,-0.0984131646088635,-0.7802736580480574,-0.2384714972745355,-0.2514313342302585,-0.536527264429935,-0.0436920475039767,0.0,0.9456033615343015,-0.09562461472290913,1.9396822857037428,-0.21157763222088652,-0.1342622540128084,0.0,-0.13814310036932095,-0.3796221136411703,0.4160652883051743,-0.22000734840294592,-0.24988718708375368,-0.3067102564336961,-1.0499757341834979,2.245265833449526,-0.3391807082194173,-0.13651498420458819,0.15617948506251955,-0.09622504486493767,0.0,-0.09622504486493762,0.0,-0.0357248448207105,-0.28414999594436746,0.0,-0.23517724187582092,-0.2476824920070451,-0.7394679732135625,0.14524092746580314,0.477729867798087,0.5423873482719289,2.3796645603581417,-0.1360145237956077,0.07152740994137773,-0.19197291732187582,-0.08624917046376038,-0.05576007112343944,-0.14810207928107974,0.35874069746321136,-0.1677050983124842,-0.4136061816892117,-0.13345099217921402,-0.11245492274362255,-0.48896117144684703,0.0,0.39869334969724135,0.20503563522078774,-0.09622504486493767,-0.29599936395118165,-0.1245330990169104,-0.4824905740057288,-0.12729461271556142,-0.09622504486493762,-0.43957330402573297
4-32,-0.11072255892128344,1.0452230358252874,0.055691644557311085,-0.19836449710461035,-0.27303296827301754,-0.2384714972745355,-0.2514313342302585,-0.5531238063402586,0.5923910310047626,0.0,-0.34800916391278436,-0.2668822987585525,1.6260920582925307,-0.21157763222088652,-0.1342622540128084,0.0,-0.13814310036932095,-0.3796221136411703,0.7899058630616078,-0.22000734840294592,-0.24988718708375368,-0.3067102564336961,-0.9956626290662806,0.29493329664294154,1.7313962902254267,-0.13651498420458819,-0.7354255192843109,-0.09622504486493767,0.0,-0.09622504486493762,0.0,-0.31805374841748824,-0.28414999594436746,0.0,-0.23517724187582092,-0.2476824920070451,0.07062546879479953,2.088801506959873,0.11074062242444414,0.12316690618309463,2.8322529538655736,-0.1360145237956077,-0.17881614235361235,-0.19197291732187582,0.9005196924458398,0.4376188410708759,-0.14810207928107974,0.3435285846355552,-0.1677050983124842,0.17360072275166655,-0.13345099217921402,-0.11245492274362255,-0.48896117144684703,0.0,0.7602277828580037,-0.1228723445958976,-0.09622504486493767,-0.29599936395118165,-0.1245330990169104,-0.4824905740057288,0.09246882088787056,-0.09622504486493762,-0.43957330402573297
2-32',-0.11072255892128344,-0.4795901688954971,3.89118968878461,-0.6594303211978941,-2.4630059232294066,-0.2384714972745355,-0.2514313342302585,-0.6918234780193909,-0.6866000517477883,0.0,3.172951243695073,-0.4488098227301705,-1.293783836782192,-0.21157763222088652,-0.1342622540128084,0.0,-0.13814310036932095,-0.3796221136411703,-0.7733405301014838,-0.22000734840294592,-0.24988718708375368,-0.3067102564336961,0.26918332434282877,1.756422794508341,-0.3391807082194173,-0.13651498420458819,-0.7354255192843109,-0.09622504486493767,0.0,-0.09622504486493762,0.0,-0.31805374841748824,-0.28414999594436746,0.0,-0.23517724187582092,-0.2476824920070451,-0.7394679732135625,-0.7685068802659363,3.517927654421617,-0.7188107083833998,-0.35598084039789485,-0.1360145237956077,-0.9952893046103023,-0.19197291732187582,-0.7911474854887021,-0.6420103079660964,-0.14810207928107974,-0.5768042414376395,-0.1677050983124842,-0.777533814082211,-0.13345099217921402,-0.11245492274362255,-0.48896117144684703,0.0,0.057198253688818194,-0.9244490597834327,-0.09622504486493767,-0.29599936395118165,9.70901259322237,-0.4824905740057288,1.4514287200648648,-0.09622504486493762,0.36103042934441765
3-32',-0.11072255892128344,-0.4795901688954971,8.484213237996057,-0.6594303211978941,-1.427438325628632,-0.2384714972745355,-0.2514313342302585,-0.6918234780193909,-0.6866000517477883,0.0,-0.34800916391278436,-0.4488098227301705,-1.293783836782192,-0.21157763222088652,-0.1342622540128084,0.0,-0.13814310036932095,-0.3796221136411703,-0.7733405301014838,-0.22000734840294592,-0.24988718708375368,-0.3067102564336961,0.555311059271937,-0.2644644077124355,-0.3391807082194173,-0.13651498420458819,-0.7354255192843109,-0.09622504486493767,0.0,-0.09622504486493762,0.0,-0.31805374841748824,-0.28414999594436746,0.0,-0.23517724187582092,-0.2476824920070451,-0.7394679732135625,-0.7685068802659363,-0.3153760540529059,-0.7188107083833998,-0.35598084039789485,-0.1360145237956077,-1.129290625133347,-0.19197291732187582,-0.7911474854887021,-0.6420103079660964,-0.14810207928107974,-0.5768042414376395,-0.1677050983124842,-0.5806261095990423,-0.13345099217921402,-0.11245492274362255,-0.10266481081885252,0.0,-1.222220457490954,-0.18174966207281262,-0.09622504486493767,-0.29599936395118165,3.6160290015870404,-0.4824905740057288,1.1816378381614647,10.392304845413262,0.6053985419388566
4-32',-0.11072255892128344,-0.4795901688954971,3.0822288385880934,-0.6594303211978941,0.8231900466834586,-0.2384714972745355,-0.2514313342302585,-0.6918234780193909,-0.6866000517477883,0.0,-0.34800916391278436,-0.4488098227301705,-1.293783836782192,-0.21157763222088652,-0.1342622540128084,0.0,-0.13814310036932095,-0.3796221136411703,-0.7733405301014838,-0.22000734840294592,-0.24988718708375368,-0.3067102564336961,0.20168551617179425,-0.2644644077124355,-0.3391807082194173,-0.13651498420458819,-0.7354255192843109,-0.09622504486493767,0.0,-0.09622504486493762,0.0,-0.31805374841748824,-0.28414999594436746,0.0,-0.23517724187582092,-0.2476824920070451,-0.7394679732135625,-0.7685068802659363,1.024222010551972,-0.6888663910913402,-0.35598084039789485,-0.1360145237956077,-1.129290625133347,-0.19197291732187582,-0.7911474854887021,-0.6420103079660964,-0.14810207928107974,-0.5768042414376395,-0.1677050983124842,-0.17450396910250676,-0.13345099217921402,-0.11245492274362255,-0.1390550476896056,0.0,-0.8077987015363888,0.9526056626010319,-0.09622504486493767,-0.29599936395118165,-0.1245330990169104,-0.4824905740057288,-0.5473465089770804,-0.09622504486493762,-0.15451946551993184
1-33,-0.11072255892128344,0.28653246889475903,0.08624729517852042,-0.23060686242581893,-1.7027306168460328,-0.2384714972745355,-0.2514313342302585,0.24469567263457997,1.240758975836632,0.0,1.315206940233469,-0.15356589741320176,-0.12169773952022228,-0.21157763222088652,-0.1342622540128084,0.0,-0.13814310036932095,-0.3796221136411703,1.9807458524711679,-0.22000734840294592,-0.24988718708375368,-0.3067102564336961,-1.5825295049207055,-0.2644644077124355,-0.3391807082194173,-0.13651498420458819,0.08972445368263152,-0.09622504486493767,0.0,-0.09622504486493762,0.0,1.9432409605793448,-0.28414999594436746,0.0,-0.23517724187582092,-0.2476824920070451,-0.7394679732135625,0.7340068359118892,0.3259195647322397,-0.3026554326315481,-0.35598084039789485,-0.1360145237956077,-0.31177869295012167,-0.19197291732187582,13.794654613632556,1.2136748476635812,-0.14810207928107974,-0.5768042414376395,-0.1677050983124842,6.043911662656134,-0.13345099217921402,-0.11245492274362255,0.6214075946094657,0.0,0.3263864630650889,-2.061741087640432,-0.09622504486493767,-0.29599936395118165,-0.1245330990169104,40.29334853677843,-0.47802275918998155,-0.09622504486493762,0.2542832648950642
2-33,1.7610743468183598,0.9399353653124791,0.04805273190200881,0.3755496056129038,-1.0231556511505016,-0.2384714972745355,-0.2514313342302585,0.0834721226485799,4.306515616031113,0.0,5.993610133767666,-0.15545675512337445,-1.2591360214070493,-0.21157763222088652,-0.1342622540128084,0.0,-0.13814310036932095,-0.3796221136411703,2.1432852328000522,-0.22000734840294592,-0.24988718708375368,-0.3067102564336961,-1.5658518394906906,-0.2644644077124355,-0.3391807082194173,-0.13651498420458819,-0.10964064045703237,-0.09622504486493767,0.0,-0.09622504486493762,0.0,-0.31805374841748824,2.301383547722778,0.0,-0.23517724187582092,-0.2476824920070451,0.5878037679300815,0.8585128882356137,0.61008050999436,-0.5415026248902595,0.7905764231542673,-0.1360145237956077,-0.6509370739638739,-0.19197291732187582,13.582918784749118,0.3366212755158042,-0.14810207928107974,-0.5768042414376395,-0.1677050983124842,7.953213154341146,-0.13345099217921402,-0.11245492274362255,0.2743007198422823,0.0,-0.20475926702423705,-2.887814204989895,-0.09622504486493767,-0.29599936395118165,-0.1245330990169104,2.985885407304273,-0.26111803691797647,-0.09622504486493762,3.534178707595641
3-33,8.839630250918278,0.49834648839699625,-0.030118807603918333,1.1719360290467578,-1.5827214005328207,-0.2384714972745355,-0.2514313342302585,0.06331917890033,3.1490082113628497,0.0,8.483571085004161,-0.006754302344791372,-1.0797373329090882,-0.21157763222088652,-0.1342622540128084,0.0,-0.13814310036932095,-0.3796221136411703,2.155714714825202,-0.22000734840294592,-0.24988718708375368,-0.3067102564336961,-1.5170487595302924,3.2783877198716187,-0.3391807082194173,-0.13651498420458819,1.9061619780662362,-0.09622504486493767,0.0,-0.09622504486493762,0.0,-0.31805374841748824,1.1032094665111742,0.0,-0.23517724187582092,-0.2476824920070451,-0.08956249996391615,0.4259071132125038,0.18284116077453455,-0.44318152008089856,1.1023595386816096,-0.1360145237956077,0.10996189722318134,-0.19197291732187582,12.98854923574509,1.2368926788256667,5.259447731710856,-0.5768042414376395,-0.1677050983124842,5.653612462698424,-0.13345099217921402,-0.11245492274362255,0.20898491007426387,0.0,0.3638827485614765,-0.344056233122313,-0.09622504486493767,-0.29599936395118165,-0.1245330990169104,12.513727842092399,-0.35438349410577435,-0.09622504486493762,-0.3861997218010562
4-33,1.851462929791703,-0.21141627870699198,-0.12229502031123311,0.2111135424747397,0.7896082920101305,-0.2384714972745355,-0.2514313342302585,-0.22949123908894956,1.0455660998135639,0.0,2.025234867734501,-0.24567768015161562,-0.9547852114292088,-0.21157763222088652,-0.1342622540128084,0.0,-0.13814310036932095,-0.3796221136411703,0.6039416896853256,-0.22000734840294592,-0.24988718708375368,-0.3067102564336961,-1.22570617936348,3.5051705729886637,-0.3391807082194173,-0.13651498420458819,0.01773150302108629,-0.09622504486493767,0.0,-0.09622504486493762,0.0,0.07081436408373391,-0.28414999594436746,0.0,-0.23517724187582092,-0.2476824920070451,-0.1856752812191455,0.02495541928864576,0.5401005757133901,-0.3667881436822583,-0.35598084039789485,6.52926863178495,1.0760179289009444,-0.19197291732187582,7.452345340914442,0.5873738520663268,-0.14810207928107974,-0.5768042414376395,-0.1677050983124842,6.195108650027139,-0.13345099217921402,-0.11245492274362255,-0.13159038371611778,0.0,-0.06809925128946881,0.5786415816436444,-0.09622504486493767,-0.29599936395118165,-0.1245330990169104,0.9769342042135717,-0.45300903503999745,-0.09622504486493762,-0.43957330402573297
1-34,-0.11072255892128344,-0.4795901688954971,-0.42708763525779603,-0.6594303211978941,0.9581678745758672,-0.2384714972745355,-0.2514313342302585,-0.2852082012164643,-0.6866000517477883,0.0,-0.34800916391278436,-0.4186911606324194,0.5980968757652815,-0.21157763222088652,-0.1342622540128084,0.0,-0.13814310036932095,-0.3796221136411703,-0.6999587804530023,-0.22000734840294592,-0.24988718708375368,-0.3067102564336961,0.5406996532757293,-0.2644644077124355,-0.3391807082194173,-0.13651498420458819,-0.7354255192843109,-0.09622504486493767,0.0,-0.09622504486493762,0.0,-0.31805374841748824,-0.28414999594436746,0.0,-0.23517724187582092,-0.2476824920070451,-0.7394679732135625,-0.7685068802659363,-0.9262347673753835,-0.6065784640446568,0.911266661422916,-0.1360145237956077,0.15566777399073145,-0.19197291732187582,-0.6220251567579068,-0.3767465869392704,-0.14810207928107974,-0.5768042414376395,-0.1677050983124842,-0.777533814082211,-0.13345099217921402,-0.11245492274362255,-0.48896117144684703,0.0,-0.1037362168438869,0.6441802014628373,-0.09622504486493767,-0.29599936395118165,-0.1245330990169104,-0.2574619489842054,-0.6759885188912844,-0.09622504486493762,-0.2857118997996047
2-34,-0.11072255892128344,-0.4795901688954971,-0.3960227237928999,-0.6594303211978941,1.3176748761562271,-0.2384714972745355,-0.2514313342302585,-0.45591548943693494,-0.6866000517477883,0.0,-0.34800916391278436,-0.38776213094459416,-0.16151522893546563,-0.21157763222088652,-0.1342622540128084,0.0,-0.13814310036932095,-0.3796221136411703,-0.7491986515526349,-0.22000734840294592,-0.24988718708375368,-0.3067102564336961,0.7741869692959407,-0.2644644077124355,-0.3391807082194173,-0.13651498420458819,-0.7354255192843109,-0.09622504486493767,0.0,-0.09622504486493762,0.0,-0.31805374841748824,-0.28414999594436746,0.0,-0.23517724187582092,-0.2476824920070451,-0.7394679732135625,-0.7685068802659363,-0.9429501170966847,-0.4377585334846988,-0.35598084039789485,-0.1360145237956077,-0.19647523110471124,-0.19197291732187582,-0.7210127664874799,-0.6420103079660964,-0.14810207928107974,-0.5768042414376395,-0.1677050983124842,-0.777533814082211,-0.13345099217921402,-0.11245492274362255,-0.48896117144684703,0.0,-0.29132093987815666,0.7651580472274475,-0.09622504486493767,-0.29599936395118165,-0.1245330990169104,0.37359658640224075,-0.502321805507109,-0.09622504486493762,-0.3900060786950506
3-34,-0.11072255892128344,-0.4795901688954971,0.24793761304908643,-0.6594303211978941,1.9172003103630098,-0.2384714972745355,-0.2514313342302585,-0.36937637804739076,-0.6866000517477883,0.0,-0.34800916391278436,-0.40721095310637073,-0.21783167805315792,-0.21157763222088652,-0.1342622540128084,0.0,-0.13814310036932095,-0.3796221136411703,-0.6894415264317215,-0.22000734840294592,-0.24988718708375368,-0.3067102564336961,0.30239106524330117,-0.2644644077124355,-0.3391807082194173,-0.13651498420458819,-0.7354255192843109,-0.09622504486493767,0.0,-0.09622504486493762,0.0,-0.31805374841748824,-0.28414999594436746,0.0,-0.23517724187582092,-0.2476824920070451,-0.2360200714004561,-0.7685068802659363,-0.9282306300286732,-0.1340712840975118,-0.35598084039789485,-0.1360145237956077,-0.06195452561839903,-0.19197291732187582,-0.5221497657751538,-0.4313084901701712,-0.14810207928107974,0.701013236085474,-0.1677050983124842,-0.40833186817626965,-0.13345099217921402,-0.11245492274362255,-0.48896117144684703,0.0,0.9912999334238967,-0.08204500765935133,-0.09622504486493767,-0.29599936395118165,-0.1245330990169104,0.8415909007585975,-0.7821181770705028,-0.09622504486493762,-0.331726525362559
4-34,-0.11072255892128344,-0.4795901688954971,0.6235174852681177,-0.6594303211978941,3.2746581378364237,-0.2384714972745355,-0.2514313342302585,0.44148324099984493,-0.6866000517477883,0.0,-0.34800916391278436,-0.3557526111366703,-1.2143688440810714,-0.21157763222088652,-0.1342622540128084,0.0,-0.13814310036932095,-0.3796221136411703,-0.6418748548354747,-0.22000734840294592,-0.24988718708375368,-0.3067102564336961,-0.0133530549037102,-0.2644644077124355,-0.3391807082194173,-0.13651498420458819,-0.7354255192843109,-0.09622504486493767,0.0,-0.09622504486493762,0.0,-0.31805374841748824,-0.28414999594436746,0.0,-0.23517724187582092,-0.2476824920070451,0.3589638125604877,-0.15863825108701554,-0.9429501170966847,-0.15340541022309354,-0.35598084039789485,-0.1360145237956077,-0.2058241604435283,-0.19197291732187582,-0.0933514204892006,-0.14166604642315553,-0.14810207928107974,1.294285636364062,-0.1677050983124842,1.0878150649949498,-0.13345099217921402,-0.11245492274362255,-0.48896117144684703,0.0,-0.10693837896616781,0.5189047412838547,-0.09622504486493767,-0.29599936395118165,-0.1245330990169104,2.009130723334038,-0.2880971251083164,-0.09622504486493762,-0.43957330402573297
