target,feature,category,fold,importance,permutation_sd,selected_in_fold,fold_rank,positive_top10,positive_top20
warning_acid_base_balance,Season,Metadata: operation/context,1,0.008035714285714266,0.022042429303075817,True,6.0,True,True
warning_buffer_capacity,Season,Metadata: operation/context,1,0.0,0.0,True,134.5,False,False
warning_acid_accumulation,Season,Metadata: operation/context,1,,,True,,False,False
warning_ammonia_toxicity,Season,Metadata: operation/context,1,0.0,0.0,True,140.0,False,False
warning_biogas_quality,Season,Metadata: operation/context,1,0.0,0.0,True,138.0,False,False
warning_acid_base_balance,substrate_type,Metadata: substrate,1,0.0,0.0,True,141.0,False,False
warning_buffer_capacity,substrate_type,Metadata: substrate,1,0.0,0.0,True,134.5,False,False
warning_acid_accumulation,substrate_type,Metadata: substrate,1,,,True,,False,False
warning_ammonia_toxicity,substrate_type,Metadata: substrate,1,0.0,0.0,True,140.0,False,False
warning_biogas_quality,substrate_type,Metadata: substrate,1,0.0,0.0,True,138.0,False,False
warning_acid_base_balance,HRT_d,Metadata: operation/context,1,-0.0016666666666666856,0.029526807458214375,True,273.0,False,False
warning_buffer_capacity,HRT_d,Metadata: operation/context,1,0.0,0.0,True,134.5,False,False
warning_acid_accumulation,HRT_d,Metadata: operation/context,1,,,True,,False,False
warning_ammonia_toxicity,HRT_d,Metadata: operation/context,1,0.0,0.0,True,140.0,False,False
warning_biogas_quality,HRT_d,Metadata: operation/context,1,-0.03578744655757039,0.04811060176194399,True,275.0,False,False
warning_acid_base_balance,T_C,Metadata: operation/context,1,0.0,0.0,True,141.0,False,False
warning_buffer_capacity,T_C,Metadata: operation/context,1,0.0,0.0,True,134.5,False,False
warning_acid_accumulation,T_C,Metadata: operation/context,1,,,True,,False,False
warning_ammonia_toxicity,T_C,Metadata: operation/context,1,0.0,0.0,True,140.0,False,False
warning_biogas_quality,T_C,Metadata: operation/context,1,-0.04235174332891051,0.04987757738406829,True,276.0,False,False
warning_acid_base_balance,Q_total_Tpy,Metadata: operation/context,1,-0.0098214285714286,0.0240646574791137,True,275.0,False,False
warning_buffer_capacity,Q_total_Tpy,Metadata: operation/context,1,0.0,0.0,True,134.5,False,False
warning_acid_accumulation,Q_total_Tpy,Metadata: operation/context,1,,,True,,False,False
warning_ammonia_toxicity,Q_total_Tpy,Metadata: operation/context,1,0.0,0.0,True,140.0,False,False
warning_biogas_quality,Q_total_Tpy,Metadata: operation/context,1,0.0,0.0,True,138.0,False,False
warning_acid_base_balance,substrate_avg_pH,Metadata: substrate,1,0.0,0.0,True,141.0,False,False
warning_buffer_capacity,substrate_avg_pH,Metadata: substrate,1,0.0,0.0,True,134.5,False,False
warning_acid_accumulation,substrate_avg_pH,Metadata: substrate,1,,,True,,False,False
warning_ammonia_toxicity,substrate_avg_pH,Metadata: substrate,1,0.0,0.0,True,140.0,False,False
warning_biogas_quality,substrate_avg_pH,Metadata: substrate,1,0.0,0.0,True,138.0,False,False
warning_acid_base_balance,substrate_avg_ALK,Metadata: substrate,1,0.0,0.0,True,141.0,False,False
warning_buffer_capacity,substrate_avg_ALK,Metadata: substrate,1,0.0,0.0,True,134.5,False,False
warning_acid_accumulation,substrate_avg_ALK,Metadata: substrate,1,,,True,,False,False
warning_ammonia_toxicity,substrate_avg_ALK,Metadata: substrate,1,0.0,0.0,True,140.0,False,False
warning_biogas_quality,substrate_avg_ALK,Metadata: substrate,1,0.0,0.0,True,138.0,False,False
warning_acid_base_balance,substrate_avg_VS,Metadata: substrate,1,0.0,0.0,True,141.0,False,False
warning_buffer_capacity,substrate_avg_VS,Metadata: substrate,1,0.0,0.0,True,134.5,False,False
warning_acid_accumulation,substrate_avg_VS,Metadata: substrate,1,,,True,,False,False
warning_ammonia_toxicity,substrate_avg_VS,Metadata: substrate,1,0.0,0.0,True,140.0,False,False
warning_biogas_quality,substrate_avg_VS,Metadata: substrate,1,-0.0006911887562042349,0.005899075546841396,True,274.0,False,False
warning_acid_base_balance,substrate_avg_COD,Metadata: substrate,1,0.0,0.0,True,141.0,False,False
warning_buffer_capacity,substrate_avg_COD,Metadata: substrate,1,0.0,0.0,True,134.5,False,False
warning_acid_accumulation,substrate_avg_COD,Metadata: substrate,1,,,True,,False,False
warning_ammonia_toxicity,substrate_avg_COD,Metadata: substrate,1,0.0,0.0,True,140.0,False,False
warning_biogas_quality,substrate_avg_COD,Metadata: substrate,1,0.0,0.0,True,138.0,False,False
warning_acid_base_balance,substrate_avg_sCOD,Metadata: substrate,1,0.017579365079365035,0.015311767136214932,True,3.0,True,True
warning_buffer_capacity,substrate_avg_sCOD,Metadata: substrate,1,0.0,0.0,True,134.5,False,False
warning_acid_accumulation,substrate_avg_sCOD,Metadata: substrate,1,,,True,,False,False
warning_ammonia_toxicity,substrate_avg_sCOD,Metadata: substrate,1,0.12380952380952379,0.14830704639209724,True,2.0,True,True
warning_biogas_quality,substrate_avg_sCOD,Metadata: substrate,1,0.0,0.0,True,138.0,False,False
warning_acid_base_balance,substrate_avg_TC,Metadata: substrate,1,0.0,0.0,True,141.0,False,False
warning_buffer_capacity,substrate_avg_TC,Metadata: substrate,1,0.003631576756576757,0.007530656903868871,True,3.0,True,True
warning_acid_accumulation,substrate_avg_TC,Metadata: substrate,1,,,True,,False,False
warning_ammonia_toxicity,substrate_avg_TC,Metadata: substrate,1,0.0,0.0,True,140.0,False,False
warning_biogas_quality,substrate_avg_TC,Metadata: substrate,1,0.0,0.0,True,138.0,False,False
warning_acid_base_balance,substrate_avg_Protein,Metadata: substrate,1,0.0,0.0,True,141.0,False,False
warning_buffer_capacity,substrate_avg_Protein,Metadata: substrate,1,0.01054466032651186,0.013905978116446067,True,1.0,True,True
warning_acid_accumulation,substrate_avg_Protein,Metadata: substrate,1,,,True,,False,False
warning_ammonia_toxicity,substrate_avg_Protein,Metadata: substrate,1,0.0,0.0,True,140.0,False,False
warning_biogas_quality,substrate_avg_Protein,Metadata: substrate,1,0.0,0.0,True,138.0,False,False
warning_acid_base_balance,substrate_avg_Lipid,Metadata: substrate,1,0.0,0.0,True,141.0,False,False
warning_buffer_capacity,substrate_avg_Lipid,Metadata: substrate,1,-0.0018749999999999995,0.004579344356656539,True,267.0,False,False
warning_acid_accumulation,substrate_avg_Lipid,Metadata: substrate,1,,,True,,False,False
warning_ammonia_toxicity,substrate_avg_Lipid,Metadata: substrate,1,0.018303571428571426,0.034292868470904625,True,5.0,True,True
warning_biogas_quality,substrate_avg_Lipid,Metadata: substrate,1,0.0,0.0,True,138.0,False,False
warning_acid_base_balance,substrate_avg_TVFAs,Metadata: substrate,1,0.0,0.0,True,141.0,False,False
warning_buffer_capacity,substrate_avg_TVFAs,Metadata: substrate,1,-0.005335497835497834,0.01301077703514178,True,271.0,False,False
warning_acid_accumulation,substrate_avg_TVFAs,Metadata: substrate,1,,,True,,False,False
warning_ammonia_toxicity,substrate_avg_TVFAs,Metadata: substrate,1,-0.01904761904761907,0.009771222400811004,True,276.0,False,False
warning_biogas_quality,substrate_avg_TVFAs,Metadata: substrate,1,0.0,0.0,True,138.0,False,False
warning_acid_base_balance,substrate_avg_HAc,Metadata: substrate,1,0.0,0.0,True,141.0,False,False
warning_buffer_capacity,substrate_avg_HAc,Metadata: substrate,1,0.0,0.0,True,134.5,False,False
warning_acid_accumulation,substrate_avg_HAc,Metadata: substrate,1,,,True,,False,False
warning_ammonia_toxicity,substrate_avg_HAc,Metadata: substrate,1,0.015178571428571402,0.05471915215755473,True,6.0,True,True
warning_biogas_quality,substrate_avg_HAc,Metadata: substrate,1,0.0,0.0,True,138.0,False,False
warning_acid_base_balance,substrate_avg_HPro,Metadata: substrate,1,0.0035714285714285613,0.015255316083742554,True,8.0,True,True
warning_buffer_capacity,substrate_avg_HPro,Metadata: substrate,1,-0.12032004830917875,0.1451273624653123,True,276.0,False,False
warning_acid_accumulation,substrate_avg_HPro,Metadata: substrate,1,,,True,,False,False
warning_ammonia_toxicity,substrate_avg_HPro,Metadata: substrate,1,-0.005952380952380959,0.010577658531412376,True,275.0,False,False
warning_biogas_quality,substrate_avg_HPro,Metadata: substrate,1,0.0,0.0,True,138.0,False,False
warning_acid_base_balance,BAC_P::Abditibacteriota,Bacteria,1,0.0,0.0,True,141.0,False,False
warning_buffer_capacity,BAC_P::Abditibacteriota,Bacteria,1,0.0,0.0,True,134.5,False,False
warning_acid_accumulation,BAC_P::Abditibacteriota,Bacteria,1,,,True,,False,False
warning_ammonia_toxicity,BAC_P::Abditibacteriota,Bacteria,1,0.0,0.0,True,140.0,False,False
warning_biogas_quality,BAC_P::Abditibacteriota,Bacteria,1,0.0,0.0,True,138.0,False,False
warning_acid_base_balance,BAC_P::Acetothermia,Bacteria,1,0.0,0.0,True,141.0,False,False
warning_buffer_capacity,BAC_P::Acetothermia,Bacteria,1,0.0,0.0,True,134.5,False,False
warning_acid_accumulation,BAC_P::Acetothermia,Bacteria,1,,,True,,False,False
warning_ammonia_toxicity,BAC_P::Acetothermia,Bacteria,1,0.0,0.0,True,140.0,False,False
warning_biogas_quality,BAC_P::Acetothermia,Bacteria,1,0.0,0.0,True,138.0,False,False
warning_acid_base_balance,BAC_P::Acidobacteriota,Bacteria,1,0.0,0.0,True,141.0,False,False
warning_buffer_capacity,BAC_P::Acidobacteriota,Bacteria,1,0.0,0.0,True,134.5,False,False
warning_acid_accumulation,BAC_P::Acidobacteriota,Bacteria,1,,,True,,False,False
warning_ammonia_toxicity,BAC_P::Acidobacteriota,Bacteria,1,0.0,0.0,True,140.0,False,False
warning_biogas_quality,BAC_P::Acidobacteriota,Bacteria,1,0.0,0.0,True,138.0,False,False
warning_acid_base_balance,BAC_P::Actinobacteriota,Bacteria,1,0.0,0.0,True,141.0,False,False
warning_buffer_capacity,BAC_P::Actinobacteriota,Bacteria,1,0.0,0.0,True,134.5,False,False
warning_acid_accumulation,BAC_P::Actinobacteriota,Bacteria,1,,,True,,False,False
warning_ammonia_toxicity,BAC_P::Actinobacteriota,Bacteria,1,0.0,0.0,True,140.0,False,False
warning_biogas_quality,BAC_P::Actinobacteriota,Bacteria,1,0.0,0.0,True,138.0,False,False
warning_acid_base_balance,BAC_P::Armatimonadota,Bacteria,1,0.0,0.0,True,141.0,False,False
warning_buffer_capacity,BAC_P::Armatimonadota,Bacteria,1,0.0,0.0,True,134.5,False,False
warning_acid_accumulation,BAC_P::Armatimonadota,Bacteria,1,,,True,,False,False
warning_ammonia_toxicity,BAC_P::Armatimonadota,Bacteria,1,0.0,0.0,True,140.0,False,False
warning_biogas_quality,BAC_P::Armatimonadota,Bacteria,1,0.0,0.0,True,138.0,False,False
warning_acid_base_balance,BAC_P::Bacteroidota,Bacteria,1,0.0,0.0,True,141.0,False,False
warning_buffer_capacity,BAC_P::Bacteroidota,Bacteria,1,0.0,0.0,True,134.5,False,False
warning_acid_accumulation,BAC_P::Bacteroidota,Bacteria,1,,,True,,False,False
warning_ammonia_toxicity,BAC_P::Bacteroidota,Bacteria,1,0.0,0.0,True,140.0,False,False
warning_biogas_quality,BAC_P::Bacteroidota,Bacteria,1,0.0,0.0,True,138.0,False,False
warning_acid_base_balance,BAC_P::Bdellovibrionota,Bacteria,1,0.0,0.0,False,141.0,False,False
warning_buffer_capacity,BAC_P::Bdellovibrionota,Bacteria,1,0.0,0.0,False,134.5,False,False
warning_acid_accumulation,BAC_P::Bdellovibrionota,Bacteria,1,,,False,,False,False
warning_ammonia_toxicity,BAC_P::Bdellovibrionota,Bacteria,1,0.0,0.0,False,140.0,False,False
warning_biogas_quality,BAC_P::Bdellovibrionota,Bacteria,1,0.0,0.0,False,138.0,False,False
warning_acid_base_balance,BAC_P::Caldatribacteriota,Bacteria,1,0.0,0.0,True,141.0,False,False
warning_buffer_capacity,BAC_P::Caldatribacteriota,Bacteria,1,-0.0026857864357864338,0.0040114508689813415,True,268.0,False,False
warning_acid_accumulation,BAC_P::Caldatribacteriota,Bacteria,1,,,True,,False,False
warning_ammonia_toxicity,BAC_P::Caldatribacteriota,Bacteria,1,0.0,0.0,True,140.0,False,False
warning_biogas_quality,BAC_P::Caldatribacteriota,Bacteria,1,0.0,0.0,True,138.0,False,False
warning_acid_base_balance,BAC_P::Caldisericota,Bacteria,1,0.0,0.0,True,141.0,False,False
warning_buffer_capacity,BAC_P::Caldisericota,Bacteria,1,0.0,0.0,True,134.5,False,False
warning_acid_accumulation,BAC_P::Caldisericota,Bacteria,1,,,True,,False,False
warning_ammonia_toxicity,BAC_P::Caldisericota,Bacteria,1,0.0,0.0,True,140.0,False,False
warning_biogas_quality,BAC_P::Caldisericota,Bacteria,1,0.0,0.0,True,138.0,False,False
warning_acid_base_balance,BAC_P::Campilobacterota,Bacteria,1,0.0,0.0,True,141.0,False,False
warning_buffer_capacity,BAC_P::Campilobacterota,Bacteria,1,0.0,0.0,True,134.5,False,False
warning_acid_accumulation,BAC_P::Campilobacterota,Bacteria,1,,,True,,False,False
warning_ammonia_toxicity,BAC_P::Campilobacterota,Bacteria,1,0.0,0.0,True,140.0,False,False
warning_biogas_quality,BAC_P::Campilobacterota,Bacteria,1,0.0,0.0,True,138.0,False,False
warning_acid_base_balance,BAC_P::Chloroflexi,Bacteria,1,0.0,0.0,True,141.0,False,False
warning_buffer_capacity,BAC_P::Chloroflexi,Bacteria,1,0.0,0.0,True,134.5,False,False
warning_acid_accumulation,BAC_P::Chloroflexi,Bacteria,1,,,True,,False,False
warning_ammonia_toxicity,BAC_P::Chloroflexi,Bacteria,1,0.0,0.0,True,140.0,False,False
warning_biogas_quality,BAC_P::Chloroflexi,Bacteria,1,0.0,0.0,True,138.0,False,False
warning_acid_base_balance,BAC_P::Cloacimonadota,Bacteria,1,-0.0015277777777778084,0.032065351805499825,True,272.0,False,False
warning_buffer_capacity,BAC_P::Cloacimonadota,Bacteria,1,0.0,0.0,True,134.5,False,False
warning_acid_accumulation,BAC_P::Cloacimonadota,Bacteria,1,,,True,,False,False
warning_ammonia_toxicity,BAC_P::Cloacimonadota,Bacteria,1,0.0,0.0,True,140.0,False,False
warning_biogas_quality,BAC_P::Cloacimonadota,Bacteria,1,0.0,0.0,True,138.0,False,False
warning_acid_base_balance,BAC_P::Coprothermobacterota,Bacteria,1,0.0,0.0,True,141.0,False,False
warning_buffer_capacity,BAC_P::Coprothermobacterota,Bacteria,1,0.0,0.0,True,134.5,False,False
warning_acid_accumulation,BAC_P::Coprothermobacterota,Bacteria,1,,,True,,False,False
warning_ammonia_toxicity,BAC_P::Coprothermobacterota,Bacteria,1,0.0,0.0,True,140.0,False,False
warning_biogas_quality,BAC_P::Coprothermobacterota,Bacteria,1,0.0,0.0,True,138.0,False,False
warning_acid_base_balance,BAC_P::Cyanobacteria,Bacteria,1,0.0,0.0,True,141.0,False,False
warning_buffer_capacity,BAC_P::Cyanobacteria,Bacteria,1,0.0,0.0,True,134.5,False,False
warning_acid_accumulation,BAC_P::Cyanobacteria,Bacteria,1,,,True,,False,False
warning_ammonia_toxicity,BAC_P::Cyanobacteria,Bacteria,1,0.0,0.0,True,140.0,False,False
warning_biogas_quality,BAC_P::Cyanobacteria,Bacteria,1,0.0,0.0,True,138.0,False,False
warning_acid_base_balance,BAC_P::Deinococcota,Bacteria,1,0.0,0.0,True,141.0,False,False
warning_buffer_capacity,BAC_P::Deinococcota,Bacteria,1,0.0,0.0,True,134.5,False,False
warning_acid_accumulation,BAC_P::Deinococcota,Bacteria,1,,,True,,False,False
warning_ammonia_toxicity,BAC_P::Deinococcota,Bacteria,1,0.0,0.0,True,140.0,False,False
warning_biogas_quality,BAC_P::Deinococcota,Bacteria,1,0.0,0.0,True,138.0,False,False
warning_acid_base_balance,BAC_P::Dependentiae,Bacteria,1,0.0,0.0,True,141.0,False,False
warning_buffer_capacity,BAC_P::Dependentiae,Bacteria,1,0.0,0.0,True,134.5,False,False
warning_acid_accumulation,BAC_P::Dependentiae,Bacteria,1,,,True,,False,False
warning_ammonia_toxicity,BAC_P::Dependentiae,Bacteria,1,0.0,0.0,True,140.0,False,False
warning_biogas_quality,BAC_P::Dependentiae,Bacteria,1,0.0,0.0,True,138.0,False,False
warning_acid_base_balance,BAC_P::Desulfobacterota,Bacteria,1,0.0,0.0,True,141.0,False,False
warning_buffer_capacity,BAC_P::Desulfobacterota,Bacteria,1,0.0,0.0,True,134.5,False,False
warning_acid_accumulation,BAC_P::Desulfobacterota,Bacteria,1,,,True,,False,False
warning_ammonia_toxicity,BAC_P::Desulfobacterota,Bacteria,1,0.0,0.0,True,140.0,False,False
warning_biogas_quality,BAC_P::Desulfobacterota,Bacteria,1,0.0,0.0,True,138.0,False,False
warning_acid_base_balance,BAC_P::Elusimicrobiota,Bacteria,1,0.0,0.0,True,141.0,False,False
warning_buffer_capacity,BAC_P::Elusimicrobiota,Bacteria,1,0.0,0.0,True,134.5,False,False
warning_acid_accumulation,BAC_P::Elusimicrobiota,Bacteria,1,,,True,,False,False
warning_ammonia_toxicity,BAC_P::Elusimicrobiota,Bacteria,1,0.0,0.0,True,140.0,False,False
warning_biogas_quality,BAC_P::Elusimicrobiota,Bacteria,1,0.0,0.0,True,138.0,False,False
warning_acid_base_balance,BAC_P::Fermentibacterota,Bacteria,1,0.0,0.0,True,141.0,False,False
warning_buffer_capacity,BAC_P::Fermentibacterota,Bacteria,1,0.0,0.0,True,134.5,False,False
warning_acid_accumulation,BAC_P::Fermentibacterota,Bacteria,1,,,True,,False,False
warning_ammonia_toxicity,BAC_P::Fermentibacterota,Bacteria,1,0.0,0.0,True,140.0,False,False
warning_biogas_quality,BAC_P::Fermentibacterota,Bacteria,1,0.0,0.0,True,138.0,False,False
warning_acid_base_balance,BAC_P::Fibrobacterota,Bacteria,1,0.0,0.0,True,141.0,False,False
warning_buffer_capacity,BAC_P::Fibrobacterota,Bacteria,1,0.0,0.0,True,134.5,False,False
warning_acid_accumulation,BAC_P::Fibrobacterota,Bacteria,1,,,True,,False,False
warning_ammonia_toxicity,BAC_P::Fibrobacterota,Bacteria,1,0.0,0.0,True,140.0,False,False
warning_biogas_quality,BAC_P::Fibrobacterota,Bacteria,1,0.0,0.0,True,138.0,False,False
warning_acid_base_balance,BAC_P::Firmicutes,Bacteria,1,0.0,0.0,True,141.0,False,False
warning_buffer_capacity,BAC_P::Firmicutes,Bacteria,1,0.0,0.0,True,134.5,False,False
warning_acid_accumulation,BAC_P::Firmicutes,Bacteria,1,,,True,,False,False
warning_ammonia_toxicity,BAC_P::Firmicutes,Bacteria,1,0.16681797369297366,0.1134729126418083,True,1.0,True,True
warning_biogas_quality,BAC_P::Firmicutes,Bacteria,1,0.0,0.0,True,138.0,False,False
warning_acid_base_balance,BAC_P::Fusobacteriota,Bacteria,1,0.0,0.0,True,141.0,False,False
warning_buffer_capacity,BAC_P::Fusobacteriota,Bacteria,1,0.0,0.0,True,134.5,False,False
warning_acid_accumulation,BAC_P::Fusobacteriota,Bacteria,1,,,True,,False,False
warning_ammonia_toxicity,BAC_P::Fusobacteriota,Bacteria,1,0.0,0.0,True,140.0,False,False
warning_biogas_quality,BAC_P::Fusobacteriota,Bacteria,1,0.0,0.0,True,138.0,False,False
warning_acid_base_balance,BAC_P::Halanaerobiaeota,Bacteria,1,0.0,0.0,True,141.0,False,False
warning_buffer_capacity,BAC_P::Halanaerobiaeota,Bacteria,1,0.0,0.0,True,134.5,False,False
warning_acid_accumulation,BAC_P::Halanaerobiaeota,Bacteria,1,,,True,,False,False
warning_ammonia_toxicity,BAC_P::Halanaerobiaeota,Bacteria,1,0.0,0.0,True,140.0,False,False
warning_biogas_quality,BAC_P::Halanaerobiaeota,Bacteria,1,0.0,0.0,True,138.0,False,False
warning_acid_base_balance,BAC_P::Marinimicrobia_(SAR406_clade),Bacteria,1,0.0,0.0,True,141.0,False,False
warning_buffer_capacity,BAC_P::Marinimicrobia_(SAR406_clade),Bacteria,1,0.0,0.0,True,134.5,False,False
warning_acid_accumulation,BAC_P::Marinimicrobia_(SAR406_clade),Bacteria,1,,,True,,False,False
warning_ammonia_toxicity,BAC_P::Marinimicrobia_(SAR406_clade),Bacteria,1,0.0,0.0,True,140.0,False,False
warning_biogas_quality,BAC_P::Marinimicrobia_(SAR406_clade),Bacteria,1,0.0,0.0,True,138.0,False,False
warning_acid_base_balance,BAC_P::Patescibacteria,Bacteria,1,0.0,0.0,True,141.0,False,False
warning_buffer_capacity,BAC_P::Patescibacteria,Bacteria,1,0.0,0.0,True,134.5,False,False
warning_acid_accumulation,BAC_P::Patescibacteria,Bacteria,1,,,True,,False,False
warning_ammonia_toxicity,BAC_P::Patescibacteria,Bacteria,1,0.0,0.0,True,140.0,False,False
warning_biogas_quality,BAC_P::Patescibacteria,Bacteria,1,0.0,0.0,True,138.0,False,False
warning_acid_base_balance,BAC_P::Planctomycetota,Bacteria,1,0.0,0.0,True,141.0,False,False
warning_buffer_capacity,BAC_P::Planctomycetota,Bacteria,1,0.0,0.0,True,134.5,False,False
warning_acid_accumulation,BAC_P::Planctomycetota,Bacteria,1,,,True,,False,False
warning_ammonia_toxicity,BAC_P::Planctomycetota,Bacteria,1,0.0,0.0,True,140.0,False,False
warning_biogas_quality,BAC_P::Planctomycetota,Bacteria,1,0.0,0.0,True,138.0,False,False
warning_acid_base_balance,BAC_P::Proteobacteria,Bacteria,1,0.0,0.0,True,141.0,False,False
warning_buffer_capacity,BAC_P::Proteobacteria,Bacteria,1,0.0,0.0,True,134.5,False,False
warning_acid_accumulation,BAC_P::Proteobacteria,Bacteria,1,,,True,,False,False
warning_ammonia_toxicity,BAC_P::Proteobacteria,Bacteria,1,0.0,0.0,True,140.0,False,False
warning_biogas_quality,BAC_P::Proteobacteria,Bacteria,1,0.0,0.0,True,138.0,False,False
warning_acid_base_balance,BAC_P::Spirochaetota,Bacteria,1,0.13714820138581746,0.07180063858006745,True,1.0,True,True
warning_buffer_capacity,BAC_P::Spirochaetota,Bacteria,1,0.0024454530976270187,0.0070121153067761195,True,4.0,True,True
warning_acid_accumulation,BAC_P::Spirochaetota,Bacteria,1,,,True,,False,False
warning_ammonia_toxicity,BAC_P::Spirochaetota,Bacteria,1,0.0,0.0,True,140.0,False,False
warning_biogas_quality,BAC_P::Spirochaetota,Bacteria,1,0.006512113617376775,0.0036055337488667375,True,1.0,True,True
warning_acid_base_balance,BAC_P::Synergistota,Bacteria,1,0.0017857142857142655,0.025334909122416028,True,10.0,True,True
warning_buffer_capacity,BAC_P::Synergistota,Bacteria,1,-0.011382575757575753,0.007503054023039994,True,274.0,False,False
warning_acid_accumulation,BAC_P::Synergistota,Bacteria,1,,,True,,False,False
warning_ammonia_toxicity,BAC_P::Synergistota,Bacteria,1,0.0,0.0,True,140.0,False,False
warning_biogas_quality,BAC_P::Synergistota,Bacteria,1,0.0,0.0,True,138.0,False,False
warning_acid_base_balance,BAC_P::Thermotogota,Bacteria,1,0.0030357142857142584,0.05441136992823722,True,9.0,True,True
warning_buffer_capacity,BAC_P::Thermotogota,Bacteria,1,-0.05991063887803018,0.10950493571904786,True,275.0,False,False
warning_acid_accumulation,BAC_P::Thermotogota,Bacteria,1,,,True,,False,False
warning_ammonia_toxicity,BAC_P::Thermotogota,Bacteria,1,0.0,0.0,True,140.0,False,False
warning_biogas_quality,BAC_P::Thermotogota,Bacteria,1,0.0,0.0,True,138.0,False,False
warning_acid_base_balance,BAC_P::Verrucomicrobiota,Bacteria,1,0.0,0.0,True,141.0,False,False
warning_buffer_capacity,BAC_P::Verrucomicrobiota,Bacteria,1,-0.0008333333333333324,0.002035264158514016,True,266.0,False,False
warning_acid_accumulation,BAC_P::Verrucomicrobiota,Bacteria,1,,,True,,False,False
warning_ammonia_toxicity,BAC_P::Verrucomicrobiota,Bacteria,1,-0.0008928571428571507,0.02427682094277831,True,273.0,False,False
warning_biogas_quality,BAC_P::Verrucomicrobiota,Bacteria,1,0.0,0.0,True,138.0,False,False
warning_acid_base_balance,BAC_P::WS1,Bacteria,1,0.0,0.0,True,141.0,False,False
warning_buffer_capacity,BAC_P::WS1,Bacteria,1,0.0,0.0,True,134.5,False,False
warning_acid_accumulation,BAC_P::WS1,Bacteria,1,,,True,,False,False
warning_ammonia_toxicity,BAC_P::WS1,Bacteria,1,0.0,0.0,True,140.0,False,False
warning_biogas_quality,BAC_P::WS1,Bacteria,1,0.0,0.0,True,138.0,False,False
warning_acid_base_balance,BAC_P::unidentified,Bacteria,1,0.0,0.0,True,141.0,False,False
warning_buffer_capacity,BAC_P::unidentified,Bacteria,1,0.0,0.0,True,134.5,False,False
warning_acid_accumulation,BAC_P::unidentified,Bacteria,1,,,True,,False,False
warning_ammonia_toxicity,BAC_P::unidentified,Bacteria,1,0.0,0.0,True,140.0,False,False
warning_biogas_quality,BAC_P::unidentified,Bacteria,1,0.0,0.0,True,138.0,False,False
warning_acid_base_balance,BAC_G::009E01-B-SD-P15,Bacteria,1,0.0,0.0,True,141.0,False,False
warning_buffer_capacity,BAC_G::009E01-B-SD-P15,Bacteria,1,0.0,0.0,True,134.5,False,False
warning_acid_accumulation,BAC_G::009E01-B-SD-P15,Bacteria,1,,,True,,False,False
warning_ammonia_toxicity,BAC_G::009E01-B-SD-P15,Bacteria,1,0.0,0.0,True,140.0,False,False
warning_biogas_quality,BAC_G::009E01-B-SD-P15,Bacteria,1,0.0,0.0,True,138.0,False,False
warning_acid_base_balance,BAC_G::113B434,Bacteria,1,0.0,0.0,True,141.0,False,False
warning_buffer_capacity,BAC_G::113B434,Bacteria,1,0.0,0.0,True,134.5,False,False
warning_acid_accumulation,BAC_G::113B434,Bacteria,1,,,True,,False,False
warning_ammonia_toxicity,BAC_G::113B434,Bacteria,1,0.0,0.0,True,140.0,False,False
warning_biogas_quality,BAC_G::113B434,Bacteria,1,0.0,0.0,True,138.0,False,False
warning_acid_base_balance,BAC_G::AAP99,Bacteria,1,0.0,0.0,True,141.0,False,False
warning_buffer_capacity,BAC_G::AAP99,Bacteria,1,0.0,0.0,True,134.5,False,False
warning_acid_accumulation,BAC_G::AAP99,Bacteria,1,,,True,,False,False
warning_ammonia_toxicity,BAC_G::AAP99,Bacteria,1,0.0,0.0,True,140.0,False,False
warning_biogas_quality,BAC_G::AAP99,Bacteria,1,0.0,0.0,True,138.0,False,False
warning_acid_base_balance,BAC_G::ADurb.Bin063-1,Bacteria,1,0.0,0.0,True,141.0,False,False
warning_buffer_capacity,BAC_G::ADurb.Bin063-1,Bacteria,1,0.0,0.0,True,134.5,False,False
warning_acid_accumulation,BAC_G::ADurb.Bin063-1,Bacteria,1,,,True,,False,False
warning_ammonia_toxicity,BAC_G::ADurb.Bin063-1,Bacteria,1,0.0,0.0,True,140.0,False,False
warning_biogas_quality,BAC_G::ADurb.Bin063-1,Bacteria,1,0.0,0.0,True,138.0,False,False
warning_acid_base_balance,BAC_G::ADurb.Bin120,Bacteria,1,0.0,0.0,True,141.0,False,False
warning_buffer_capacity,BAC_G::ADurb.Bin120,Bacteria,1,0.0,0.0,True,134.5,False,False
warning_acid_accumulation,BAC_G::ADurb.Bin120,Bacteria,1,,,True,,False,False
warning_ammonia_toxicity,BAC_G::ADurb.Bin120,Bacteria,1,0.0,0.0,True,140.0,False,False
warning_biogas_quality,BAC_G::ADurb.Bin120,Bacteria,1,0.0,0.0,True,138.0,False,False
warning_acid_base_balance,BAC_G::AKYH767,Bacteria,1,0.0,0.0,False,141.0,False,False
warning_buffer_capacity,BAC_G::AKYH767,Bacteria,1,0.0,0.0,False,134.5,False,False
warning_acid_accumulation,BAC_G::AKYH767,Bacteria,1,,,False,,False,False
warning_ammonia_toxicity,BAC_G::AKYH767,Bacteria,1,0.0,0.0,False,140.0,False,False
warning_biogas_quality,BAC_G::AKYH767,Bacteria,1,0.0,0.0,False,138.0,False,False
warning_acid_base_balance,BAC_G::AUTHM297,Bacteria,1,0.0,0.0,False,141.0,False,False
warning_buffer_capacity,BAC_G::AUTHM297,Bacteria,1,0.0,0.0,False,134.5,False,False
warning_acid_accumulation,BAC_G::AUTHM297,Bacteria,1,,,False,,False,False
warning_ammonia_toxicity,BAC_G::AUTHM297,Bacteria,1,0.0,0.0,False,140.0,False,False
warning_biogas_quality,BAC_G::AUTHM297,Bacteria,1,0.0,0.0,False,138.0,False,False
warning_acid_base_balance,BAC_G::Acetobacter,Bacteria,1,0.0,0.0,True,141.0,False,False
warning_buffer_capacity,BAC_G::Acetobacter,Bacteria,1,0.0,0.0,True,134.5,False,False
warning_acid_accumulation,BAC_G::Acetobacter,Bacteria,1,,,True,,False,False
warning_ammonia_toxicity,BAC_G::Acetobacter,Bacteria,1,0.0,0.0,True,140.0,False,False
warning_biogas_quality,BAC_G::Acetobacter,Bacteria,1,0.0,0.0,True,138.0,False,False
warning_acid_base_balance,BAC_G::Acetomicrobium,Bacteria,1,0.0,0.0,True,141.0,False,False
warning_buffer_capacity,BAC_G::Acetomicrobium,Bacteria,1,0.0,0.0,True,134.5,False,False
warning_acid_accumulation,BAC_G::Acetomicrobium,Bacteria,1,,,True,,False,False
warning_ammonia_toxicity,BAC_G::Acetomicrobium,Bacteria,1,0.0,0.0,True,140.0,False,False
warning_biogas_quality,BAC_G::Acetomicrobium,Bacteria,1,0.0,0.0,True,138.0,False,False
warning_acid_base_balance,BAC_G::Acetothermiia,Bacteria,1,0.0,0.0,True,141.0,False,False
warning_buffer_capacity,BAC_G::Acetothermiia,Bacteria,1,0.0,0.0,True,134.5,False,False
warning_acid_accumulation,BAC_G::Acetothermiia,Bacteria,1,,,True,,False,False
warning_ammonia_toxicity,BAC_G::Acetothermiia,Bacteria,1,0.0,0.0,True,140.0,False,False
warning_biogas_quality,BAC_G::Acetothermiia,Bacteria,1,0.0,0.0,True,138.0,False,False
warning_acid_base_balance,BAC_G::Acholeplasma,Bacteria,1,0.0,0.0,True,141.0,False,False
warning_buffer_capacity,BAC_G::Acholeplasma,Bacteria,1,0.0,0.0,True,134.5,False,False
warning_acid_accumulation,BAC_G::Acholeplasma,Bacteria,1,,,True,,False,False
warning_ammonia_toxicity,BAC_G::Acholeplasma,Bacteria,1,0.0,0.0,True,140.0,False,False
warning_biogas_quality,BAC_G::Acholeplasma,Bacteria,1,0.0,0.0,True,138.0,False,False
warning_acid_base_balance,BAC_G::Acidovorax,Bacteria,1,0.0,0.0,True,141.0,False,False
warning_buffer_capacity,BAC_G::Acidovorax,Bacteria,1,0.0,0.0,True,134.5,False,False
warning_acid_accumulation,BAC_G::Acidovorax,Bacteria,1,,,True,,False,False
warning_ammonia_toxicity,BAC_G::Acidovorax,Bacteria,1,0.0,0.0,True,140.0,False,False
warning_biogas_quality,BAC_G::Acidovorax,Bacteria,1,0.0,0.0,True,138.0,False,False
warning_acid_base_balance,BAC_G::Acinetobacter,Bacteria,1,0.0,0.0,True,141.0,False,False
warning_buffer_capacity,BAC_G::Acinetobacter,Bacteria,1,0.0,0.0,True,134.5,False,False
warning_acid_accumulation,BAC_G::Acinetobacter,Bacteria,1,,,True,,False,False
warning_ammonia_toxicity,BAC_G::Acinetobacter,Bacteria,1,0.0,0.0,True,140.0,False,False
warning_biogas_quality,BAC_G::Acinetobacter,Bacteria,1,0.0,0.0,True,138.0,False,False
warning_acid_base_balance,BAC_G::Actinomyces,Bacteria,1,0.0,0.0,True,141.0,False,False
warning_buffer_capacity,BAC_G::Actinomyces,Bacteria,1,0.0,0.0,True,134.5,False,False
warning_acid_accumulation,BAC_G::Actinomyces,Bacteria,1,,,True,,False,False
warning_ammonia_toxicity,BAC_G::Actinomyces,Bacteria,1,0.0,0.0,True,140.0,False,False
warning_biogas_quality,BAC_G::Actinomyces,Bacteria,1,0.0,0.0,True,138.0,False,False
warning_acid_base_balance,BAC_G::Aeriscardovia,Bacteria,1,0.0,0.0,True,141.0,False,False
warning_buffer_capacity,BAC_G::Aeriscardovia,Bacteria,1,0.0,0.0,True,134.5,False,False
warning_acid_accumulation,BAC_G::Aeriscardovia,Bacteria,1,,,True,,False,False
warning_ammonia_toxicity,BAC_G::Aeriscardovia,Bacteria,1,0.0,0.0,True,140.0,False,False
warning_biogas_quality,BAC_G::Aeriscardovia,Bacteria,1,0.0,0.0,True,138.0,False,False
warning_acid_base_balance,BAC_G::Alkaliphilus,Bacteria,1,0.0,0.0,True,141.0,False,False
warning_buffer_capacity,BAC_G::Alkaliphilus,Bacteria,1,0.0,0.0,True,134.5,False,False
warning_acid_accumulation,BAC_G::Alkaliphilus,Bacteria,1,,,True,,False,False
warning_ammonia_toxicity,BAC_G::Alkaliphilus,Bacteria,1,0.0,0.0,True,140.0,False,False
warning_biogas_quality,BAC_G::Alkaliphilus,Bacteria,1,0.0,0.0,True,138.0,False,False
warning_acid_base_balance,BAC_G::Aminicenantales,Bacteria,1,0.0,0.0,True,141.0,False,False
warning_buffer_capacity,BAC_G::Aminicenantales,Bacteria,1,0.0,0.0,True,134.5,False,False
warning_acid_accumulation,BAC_G::Aminicenantales,Bacteria,1,,,True,,False,False
warning_ammonia_toxicity,BAC_G::Aminicenantales,Bacteria,1,0.0,0.0,True,140.0,False,False
warning_biogas_quality,BAC_G::Aminicenantales,Bacteria,1,0.0,0.0,True,138.0,False,False
warning_acid_base_balance,BAC_G::Aminobacterium,Bacteria,1,0.0,0.0,True,141.0,False,False
warning_buffer_capacity,BAC_G::Aminobacterium,Bacteria,1,0.0,0.0,True,134.5,False,False
warning_acid_accumulation,BAC_G::Aminobacterium,Bacteria,1,,,True,,False,False
warning_ammonia_toxicity,BAC_G::Aminobacterium,Bacteria,1,0.0,0.0,True,140.0,False,False
warning_biogas_quality,BAC_G::Aminobacterium,Bacteria,1,0.0,0.0,True,138.0,False,False
warning_acid_base_balance,BAC_G::Anaerococcus,Bacteria,1,0.0,0.0,True,141.0,False,False
warning_buffer_capacity,BAC_G::Anaerococcus,Bacteria,1,0.0,0.0,True,134.5,False,False
warning_acid_accumulation,BAC_G::Anaerococcus,Bacteria,1,,,True,,False,False
warning_ammonia_toxicity,BAC_G::Anaerococcus,Bacteria,1,0.0,0.0,True,140.0,False,False
warning_biogas_quality,BAC_G::Anaerococcus,Bacteria,1,0.0,0.0,True,138.0,False,False
warning_acid_base_balance,BAC_G::Anaerofustis,Bacteria,1,0.0,0.0,True,141.0,False,False
warning_buffer_capacity,BAC_G::Anaerofustis,Bacteria,1,0.0,0.0,True,134.5,False,False
warning_acid_accumulation,BAC_G::Anaerofustis,Bacteria,1,,,True,,False,False
warning_ammonia_toxicity,BAC_G::Anaerofustis,Bacteria,1,0.0,0.0,True,140.0,False,False
warning_biogas_quality,BAC_G::Anaerofustis,Bacteria,1,0.0,0.0,True,138.0,False,False
warning_acid_base_balance,BAC_G::Anaerostignum,Bacteria,1,0.0,0.0,True,141.0,False,False
warning_buffer_capacity,BAC_G::Anaerostignum,Bacteria,1,0.0,0.0,True,134.5,False,False
warning_acid_accumulation,BAC_G::Anaerostignum,Bacteria,1,,,True,,False,False
warning_ammonia_toxicity,BAC_G::Anaerostignum,Bacteria,1,0.0,0.0,True,140.0,False,False
warning_biogas_quality,BAC_G::Anaerostignum,Bacteria,1,0.0,0.0,True,138.0,False,False
warning_acid_base_balance,BAC_G::Anaerovorax,Bacteria,1,0.0,0.0,True,141.0,False,False
warning_buffer_capacity,BAC_G::Anaerovorax,Bacteria,1,0.0,0.0,True,134.5,False,False
warning_acid_accumulation,BAC_G::Anaerovorax,Bacteria,1,,,True,,False,False
warning_ammonia_toxicity,BAC_G::Anaerovorax,Bacteria,1,0.0,0.0,True,140.0,False,False
warning_biogas_quality,BAC_G::Anaerovorax,Bacteria,1,0.0,0.0,True,138.0,False,False
warning_acid_base_balance,BAC_G::Arenimonas,Bacteria,1,0.0,0.0,False,141.0,False,False
warning_buffer_capacity,BAC_G::Arenimonas,Bacteria,1,0.0,0.0,False,134.5,False,False
warning_acid_accumulation,BAC_G::Arenimonas,Bacteria,1,,,False,,False,False
warning_ammonia_toxicity,BAC_G::Arenimonas,Bacteria,1,0.0,0.0,False,140.0,False,False
warning_biogas_quality,BAC_G::Arenimonas,Bacteria,1,0.0,0.0,False,138.0,False,False
warning_acid_base_balance,BAC_G::Atopobium,Bacteria,1,0.0,0.0,True,141.0,False,False
warning_buffer_capacity,BAC_G::Atopobium,Bacteria,1,0.0,0.0,True,134.5,False,False
warning_acid_accumulation,BAC_G::Atopobium,Bacteria,1,,,True,,False,False
warning_ammonia_toxicity,BAC_G::Atopobium,Bacteria,1,0.0,0.0,True,140.0,False,False
warning_biogas_quality,BAC_G::Atopobium,Bacteria,1,0.0,0.0,True,138.0,False,False
warning_acid_base_balance,BAC_G::Azospira,Bacteria,1,0.0,0.0,False,141.0,False,False
warning_buffer_capacity,BAC_G::Azospira,Bacteria,1,0.0,0.0,False,134.5,False,False
warning_acid_accumulation,BAC_G::Azospira,Bacteria,1,,,False,,False,False
warning_ammonia_toxicity,BAC_G::Azospira,Bacteria,1,0.0,0.0,False,140.0,False,False
warning_biogas_quality,BAC_G::Azospira,Bacteria,1,0.0,0.0,False,138.0,False,False
warning_acid_base_balance,BAC_G::BD1-7_clade,Bacteria,1,0.0,0.0,True,141.0,False,False
warning_buffer_capacity,BAC_G::BD1-7_clade,Bacteria,1,0.0,0.0,True,134.5,False,False
warning_acid_accumulation,BAC_G::BD1-7_clade,Bacteria,1,,,True,,False,False
warning_ammonia_toxicity,BAC_G::BD1-7_clade,Bacteria,1,0.0,0.0,True,140.0,False,False
warning_biogas_quality,BAC_G::BD1-7_clade,Bacteria,1,0.0,0.0,True,138.0,False,False
warning_acid_base_balance,BAC_G::BRH-c20a,Bacteria,1,0.0,0.0,True,141.0,False,False
warning_buffer_capacity,BAC_G::BRH-c20a,Bacteria,1,0.0,0.0,True,134.5,False,False
warning_acid_accumulation,BAC_G::BRH-c20a,Bacteria,1,,,True,,False,False
warning_ammonia_toxicity,BAC_G::BRH-c20a,Bacteria,1,0.0,0.0,True,140.0,False,False
warning_biogas_quality,BAC_G::BRH-c20a,Bacteria,1,0.0,0.0,True,138.0,False,False
warning_acid_base_balance,BAC_G::Babeliales,Bacteria,1,0.0,0.0,True,141.0,False,False
warning_buffer_capacity,BAC_G::Babeliales,Bacteria,1,0.0,0.0,True,134.5,False,False
warning_acid_accumulation,BAC_G::Babeliales,Bacteria,1,,,True,,False,False
warning_ammonia_toxicity,BAC_G::Babeliales,Bacteria,1,0.0,0.0,True,140.0,False,False
warning_biogas_quality,BAC_G::Babeliales,Bacteria,1,0.0,0.0,True,138.0,False,False
warning_acid_base_balance,BAC_G::Bacillus,Bacteria,1,0.0,0.0,True,141.0,False,False
warning_buffer_capacity,BAC_G::Bacillus,Bacteria,1,0.0,0.0,True,134.5,False,False
warning_acid_accumulation,BAC_G::Bacillus,Bacteria,1,,,True,,False,False
warning_ammonia_toxicity,BAC_G::Bacillus,Bacteria,1,0.0,0.0,True,140.0,False,False
warning_biogas_quality,BAC_G::Bacillus,Bacteria,1,0.0,0.0,True,138.0,False,False
warning_acid_base_balance,BAC_G::Bacteroidales_UCG-001,Bacteria,1,0.0,0.0,True,141.0,False,False
warning_buffer_capacity,BAC_G::Bacteroidales_UCG-001,Bacteria,1,0.0,0.0,True,134.5,False,False
warning_acid_accumulation,BAC_G::Bacteroidales_UCG-001,Bacteria,1,,,True,,False,False
warning_ammonia_toxicity,BAC_G::Bacteroidales_UCG-001,Bacteria,1,0.0,0.0,True,140.0,False,False
warning_biogas_quality,BAC_G::Bacteroidales_UCG-001,Bacteria,1,0.0,0.0,True,138.0,False,False
warning_acid_base_balance,BAC_G::Bacteroides,Bacteria,1,0.0,0.0,True,141.0,False,False
warning_buffer_capacity,BAC_G::Bacteroides,Bacteria,1,0.0,0.0,True,134.5,False,False
warning_acid_accumulation,BAC_G::Bacteroides,Bacteria,1,,,True,,False,False
warning_ammonia_toxicity,BAC_G::Bacteroides,Bacteria,1,0.0,0.0,True,140.0,False,False
warning_biogas_quality,BAC_G::Bacteroides,Bacteria,1,0.0,0.0,True,138.0,False,False
warning_acid_base_balance,BAC_G::Bacteroidetes_VC2.1_Bac22,Bacteria,1,0.0,0.0,True,141.0,False,False
warning_buffer_capacity,BAC_G::Bacteroidetes_VC2.1_Bac22,Bacteria,1,0.0,0.0,True,134.5,False,False
warning_acid_accumulation,BAC_G::Bacteroidetes_VC2.1_Bac22,Bacteria,1,,,True,,False,False
warning_ammonia_toxicity,BAC_G::Bacteroidetes_VC2.1_Bac22,Bacteria,1,0.0,0.0,True,140.0,False,False
warning_biogas_quality,BAC_G::Bacteroidetes_VC2.1_Bac22,Bacteria,1,0.0,0.0,True,138.0,False,False
warning_acid_base_balance,BAC_G::Bacteroidetes_vadinHA17,Bacteria,1,0.008333333333333326,0.017099639201419218,True,5.0,True,True
warning_buffer_capacity,BAC_G::Bacteroidetes_vadinHA17,Bacteria,1,0.0,0.0,True,134.5,False,False
warning_acid_accumulation,BAC_G::Bacteroidetes_vadinHA17,Bacteria,1,,,True,,False,False
warning_ammonia_toxicity,BAC_G::Bacteroidetes_vadinHA17,Bacteria,1,0.0,0.0,True,140.0,False,False
warning_biogas_quality,BAC_G::Bacteroidetes_vadinHA17,Bacteria,1,0.0,0.0,True,138.0,False,False
warning_acid_base_balance,BAC_G::Bdellovibrio,Bacteria,1,0.0,0.0,False,141.0,False,False
warning_buffer_capacity,BAC_G::Bdellovibrio,Bacteria,1,0.0,0.0,False,134.5,False,False
warning_acid_accumulation,BAC_G::Bdellovibrio,Bacteria,1,,,False,,False,False
warning_ammonia_toxicity,BAC_G::Bdellovibrio,Bacteria,1,0.0,0.0,False,140.0,False,False
warning_biogas_quality,BAC_G::Bdellovibrio,Bacteria,1,0.0,0.0,False,138.0,False,False
warning_acid_base_balance,BAC_G::Bifidobacterium,Bacteria,1,0.0,0.0,True,141.0,False,False
warning_buffer_capacity,BAC_G::Bifidobacterium,Bacteria,1,0.0,0.0,True,134.5,False,False
warning_acid_accumulation,BAC_G::Bifidobacterium,Bacteria,1,,,True,,False,False
warning_ammonia_toxicity,BAC_G::Bifidobacterium,Bacteria,1,0.0,0.0,True,140.0,False,False
warning_biogas_quality,BAC_G::Bifidobacterium,Bacteria,1,0.0,0.0,True,138.0,False,False
warning_acid_base_balance,BAC_G::Butyrivibrio,Bacteria,1,0.0,0.0,True,141.0,False,False
warning_buffer_capacity,BAC_G::Butyrivibrio,Bacteria,1,0.0,0.0,True,134.5,False,False
warning_acid_accumulation,BAC_G::Butyrivibrio,Bacteria,1,,,True,,False,False
warning_ammonia_toxicity,BAC_G::Butyrivibrio,Bacteria,1,0.0,0.0,True,140.0,False,False
warning_biogas_quality,BAC_G::Butyrivibrio,Bacteria,1,0.0,0.0,True,138.0,False,False
warning_acid_base_balance,BAC_G::Caldicoprobacter,Bacteria,1,0.0,0.0,True,141.0,False,False
warning_buffer_capacity,BAC_G::Caldicoprobacter,Bacteria,1,0.0,0.0,True,134.5,False,False
warning_acid_accumulation,BAC_G::Caldicoprobacter,Bacteria,1,,,True,,False,False
warning_ammonia_toxicity,BAC_G::Caldicoprobacter,Bacteria,1,0.0,0.0,True,140.0,False,False
warning_biogas_quality,BAC_G::Caldicoprobacter,Bacteria,1,0.0,0.0,True,138.0,False,False
warning_acid_base_balance,BAC_G::Caldisericum,Bacteria,1,0.0,0.0,True,141.0,False,False
warning_buffer_capacity,BAC_G::Caldisericum,Bacteria,1,0.0,0.0,True,134.5,False,False
warning_acid_accumulation,BAC_G::Caldisericum,Bacteria,1,,,True,,False,False
warning_ammonia_toxicity,BAC_G::Caldisericum,Bacteria,1,0.0,0.0,True,140.0,False,False
warning_biogas_quality,BAC_G::Caldisericum,Bacteria,1,0.0,0.0,True,138.0,False,False
warning_acid_base_balance,BAC_G::Candidatus_Accumulibacter,Bacteria,1,0.0,0.0,True,141.0,False,False
warning_buffer_capacity,BAC_G::Candidatus_Accumulibacter,Bacteria,1,0.0,0.0,True,134.5,False,False
warning_acid_accumulation,BAC_G::Candidatus_Accumulibacter,Bacteria,1,,,True,,False,False
warning_ammonia_toxicity,BAC_G::Candidatus_Accumulibacter,Bacteria,1,0.0,0.0,True,140.0,False,False
warning_biogas_quality,BAC_G::Candidatus_Accumulibacter,Bacteria,1,0.0,0.0,True,138.0,False,False
warning_acid_base_balance,BAC_G::Candidatus_Caldatribacterium,Bacteria,1,0.0,0.0,True,141.0,False,False
warning_buffer_capacity,BAC_G::Candidatus_Caldatribacterium,Bacteria,1,0.0,0.0,True,134.5,False,False
warning_acid_accumulation,BAC_G::Candidatus_Caldatribacterium,Bacteria,1,,,True,,False,False
warning_ammonia_toxicity,BAC_G::Candidatus_Caldatribacterium,Bacteria,1,0.0,0.0,True,140.0,False,False
warning_biogas_quality,BAC_G::Candidatus_Caldatribacterium,Bacteria,1,0.0,0.0,True,138.0,False,False
warning_acid_base_balance,BAC_G::Candidatus_Cloacimonas,Bacteria,1,0.0,0.0,True,141.0,False,False
warning_buffer_capacity,BAC_G::Candidatus_Cloacimonas,Bacteria,1,0.0,0.0,True,134.5,False,False
warning_acid_accumulation,BAC_G::Candidatus_Cloacimonas,Bacteria,1,,,True,,False,False
warning_ammonia_toxicity,BAC_G::Candidatus_Cloacimonas,Bacteria,1,0.0,0.0,True,140.0,False,False
warning_biogas_quality,BAC_G::Candidatus_Cloacimonas,Bacteria,1,0.0,0.0,True,138.0,False,False
warning_acid_base_balance,BAC_G::Candidatus_Competibacter,Bacteria,1,0.0,0.0,True,141.0,False,False
warning_buffer_capacity,BAC_G::Candidatus_Competibacter,Bacteria,1,0.0,0.0,True,134.5,False,False
warning_acid_accumulation,BAC_G::Candidatus_Competibacter,Bacteria,1,,,True,,False,False
warning_ammonia_toxicity,BAC_G::Candidatus_Competibacter,Bacteria,1,0.0,0.0,True,140.0,False,False
warning_biogas_quality,BAC_G::Candidatus_Competibacter,Bacteria,1,0.0,0.0,True,138.0,False,False
warning_acid_base_balance,BAC_G::Candidatus_Omnitrophus,Bacteria,1,0.0,0.0,True,141.0,False,False
warning_buffer_capacity,BAC_G::Candidatus_Omnitrophus,Bacteria,1,0.0,0.0,True,134.5,False,False
warning_acid_accumulation,BAC_G::Candidatus_Omnitrophus,Bacteria,1,,,True,,False,False
warning_ammonia_toxicity,BAC_G::Candidatus_Omnitrophus,Bacteria,1,0.0,0.0,True,140.0,False,False
warning_biogas_quality,BAC_G::Candidatus_Omnitrophus,Bacteria,1,0.0,0.0,True,138.0,False,False
warning_acid_base_balance,BAC_G::Candidatus_Soleaferrea,Bacteria,1,0.0,0.0,True,141.0,False,False
warning_buffer_capacity,BAC_G::Candidatus_Soleaferrea,Bacteria,1,0.0,0.0,True,134.5,False,False
warning_acid_accumulation,BAC_G::Candidatus_Soleaferrea,Bacteria,1,,,True,,False,False
warning_ammonia_toxicity,BAC_G::Candidatus_Soleaferrea,Bacteria,1,0.0,0.0,True,140.0,False,False
warning_biogas_quality,BAC_G::Candidatus_Soleaferrea,Bacteria,1,0.0,0.0,True,138.0,False,False
warning_acid_base_balance,BAC_G::Caproiciproducens,Bacteria,1,0.0,0.0,True,141.0,False,False
warning_buffer_capacity,BAC_G::Caproiciproducens,Bacteria,1,0.0,0.0,True,134.5,False,False
warning_acid_accumulation,BAC_G::Caproiciproducens,Bacteria,1,,,True,,False,False
warning_ammonia_toxicity,BAC_G::Caproiciproducens,Bacteria,1,0.0,0.0,True,140.0,False,False
warning_biogas_quality,BAC_G::Caproiciproducens,Bacteria,1,0.0,0.0,True,138.0,False,False
warning_acid_base_balance,BAC_G::Chthonomonadales,Bacteria,1,0.0,0.0,True,141.0,False,False
warning_buffer_capacity,BAC_G::Chthonomonadales,Bacteria,1,0.0,0.0,True,134.5,False,False
warning_acid_accumulation,BAC_G::Chthonomonadales,Bacteria,1,,,True,,False,False
warning_ammonia_toxicity,BAC_G::Chthonomonadales,Bacteria,1,0.0,0.0,True,140.0,False,False
warning_biogas_quality,BAC_G::Chthonomonadales,Bacteria,1,0.0,0.0,True,138.0,False,False
warning_acid_base_balance,BAC_G::Cloacimonadaceae,Bacteria,1,0.0,0.0,True,141.0,False,False
warning_buffer_capacity,BAC_G::Cloacimonadaceae,Bacteria,1,0.0,0.0,True,134.5,False,False
warning_acid_accumulation,BAC_G::Cloacimonadaceae,Bacteria,1,,,True,,False,False
warning_ammonia_toxicity,BAC_G::Cloacimonadaceae,Bacteria,1,0.0,0.0,True,140.0,False,False
warning_biogas_quality,BAC_G::Cloacimonadaceae,Bacteria,1,0.0,0.0,True,138.0,False,False
warning_acid_base_balance,BAC_G::Clostridia_UCG-014,Bacteria,1,0.0,0.0,True,141.0,False,False
warning_buffer_capacity,BAC_G::Clostridia_UCG-014,Bacteria,1,0.0,0.0,True,134.5,False,False
warning_acid_accumulation,BAC_G::Clostridia_UCG-014,Bacteria,1,,,True,,False,False
warning_ammonia_toxicity,BAC_G::Clostridia_UCG-014,Bacteria,1,0.0,0.0,True,140.0,False,False
warning_biogas_quality,BAC_G::Clostridia_UCG-014,Bacteria,1,0.0,0.0,True,138.0,False,False
warning_acid_base_balance,BAC_G::Clostridium_sensu_stricto_1,Bacteria,1,0.0,0.0,True,141.0,False,False
warning_buffer_capacity,BAC_G::Clostridium_sensu_stricto_1,Bacteria,1,0.0,0.0,True,134.5,False,False
warning_acid_accumulation,BAC_G::Clostridium_sensu_stricto_1,Bacteria,1,,,True,,False,False
warning_ammonia_toxicity,BAC_G::Clostridium_sensu_stricto_1,Bacteria,1,0.0,0.0,True,140.0,False,False
warning_biogas_quality,BAC_G::Clostridium_sensu_stricto_1,Bacteria,1,0.0,0.0,True,138.0,False,False
warning_acid_base_balance,BAC_G::Comamonas,Bacteria,1,0.0,0.0,True,141.0,False,False
warning_buffer_capacity,BAC_G::Comamonas,Bacteria,1,0.0,0.0,True,134.5,False,False
warning_acid_accumulation,BAC_G::Comamonas,Bacteria,1,,,True,,False,False
warning_ammonia_toxicity,BAC_G::Comamonas,Bacteria,1,0.0,0.0,True,140.0,False,False
warning_biogas_quality,BAC_G::Comamonas,Bacteria,1,0.0,0.0,True,138.0,False,False
warning_acid_base_balance,BAC_G::Coprothermobacter,Bacteria,1,0.0,0.0,True,141.0,False,False
warning_buffer_capacity,BAC_G::Coprothermobacter,Bacteria,1,0.0,0.0,True,134.5,False,False
warning_acid_accumulation,BAC_G::Coprothermobacter,Bacteria,1,,,True,,False,False
warning_ammonia_toxicity,BAC_G::Coprothermobacter,Bacteria,1,0.0,0.0,True,140.0,False,False
warning_biogas_quality,BAC_G::Coprothermobacter,Bacteria,1,0.0,0.0,True,138.0,False,False
warning_acid_base_balance,BAC_G::D8A-2,Bacteria,1,0.0,0.0,True,141.0,False,False
warning_buffer_capacity,BAC_G::D8A-2,Bacteria,1,0.0,0.0,True,134.5,False,False
warning_acid_accumulation,BAC_G::D8A-2,Bacteria,1,,,True,,False,False
warning_ammonia_toxicity,BAC_G::D8A-2,Bacteria,1,0.0,0.0,True,140.0,False,False
warning_biogas_quality,BAC_G::D8A-2,Bacteria,1,0.0,0.0,True,138.0,False,False
warning_acid_base_balance,BAC_G::DEV114,Bacteria,1,0.0,0.0,True,141.0,False,False
warning_buffer_capacity,BAC_G::DEV114,Bacteria,1,0.0,0.0,True,134.5,False,False
warning_acid_accumulation,BAC_G::DEV114,Bacteria,1,,,True,,False,False
warning_ammonia_toxicity,BAC_G::DEV114,Bacteria,1,0.0,0.0,True,140.0,False,False
warning_biogas_quality,BAC_G::DEV114,Bacteria,1,0.0,0.0,True,138.0,False,False
warning_acid_base_balance,BAC_G::DMER64,Bacteria,1,0.0,0.0,True,141.0,False,False
warning_buffer_capacity,BAC_G::DMER64,Bacteria,1,0.0,0.0,True,134.5,False,False
warning_acid_accumulation,BAC_G::DMER64,Bacteria,1,,,True,,False,False
warning_ammonia_toxicity,BAC_G::DMER64,Bacteria,1,0.0,0.0,True,140.0,False,False
warning_biogas_quality,BAC_G::DMER64,Bacteria,1,0.0,0.0,True,138.0,False,False
warning_acid_base_balance,BAC_G::DTU014,Bacteria,1,0.0,0.0,True,141.0,False,False
warning_buffer_capacity,BAC_G::DTU014,Bacteria,1,0.0,0.0,True,134.5,False,False
warning_acid_accumulation,BAC_G::DTU014,Bacteria,1,,,True,,False,False
warning_ammonia_toxicity,BAC_G::DTU014,Bacteria,1,0.0,0.0,True,140.0,False,False
warning_biogas_quality,BAC_G::DTU014,Bacteria,1,0.0,0.0,True,138.0,False,False
warning_acid_base_balance,BAC_G::Dechloromonas,Bacteria,1,0.0,0.0,True,141.0,False,False
warning_buffer_capacity,BAC_G::Dechloromonas,Bacteria,1,0.0,0.0,True,134.5,False,False
warning_acid_accumulation,BAC_G::Dechloromonas,Bacteria,1,,,True,,False,False
warning_ammonia_toxicity,BAC_G::Dechloromonas,Bacteria,1,0.0,0.0,True,140.0,False,False
warning_biogas_quality,BAC_G::Dechloromonas,Bacteria,1,0.0,0.0,True,138.0,False,False
warning_acid_base_balance,BAC_G::Defluviitoga,Bacteria,1,0.0,0.0,True,141.0,False,False
warning_buffer_capacity,BAC_G::Defluviitoga,Bacteria,1,0.0,0.0,True,134.5,False,False
warning_acid_accumulation,BAC_G::Defluviitoga,Bacteria,1,,,True,,False,False
warning_ammonia_toxicity,BAC_G::Defluviitoga,Bacteria,1,0.0,0.0,True,140.0,False,False
warning_biogas_quality,BAC_G::Defluviitoga,Bacteria,1,0.0,0.0,True,138.0,False,False
warning_acid_base_balance,BAC_G::Denitratisoma,Bacteria,1,0.0,0.0,True,141.0,False,False
warning_buffer_capacity,BAC_G::Denitratisoma,Bacteria,1,0.0,0.0,True,134.5,False,False
warning_acid_accumulation,BAC_G::Denitratisoma,Bacteria,1,,,True,,False,False
warning_ammonia_toxicity,BAC_G::Denitratisoma,Bacteria,1,0.0,0.0,True,140.0,False,False
warning_biogas_quality,BAC_G::Denitratisoma,Bacteria,1,0.0,0.0,True,138.0,False,False
warning_acid_base_balance,BAC_G::Dialister,Bacteria,1,0.0,0.0,True,141.0,False,False
warning_buffer_capacity,BAC_G::Dialister,Bacteria,1,0.0,0.0,True,134.5,False,False
warning_acid_accumulation,BAC_G::Dialister,Bacteria,1,,,True,,False,False
warning_ammonia_toxicity,BAC_G::Dialister,Bacteria,1,0.0,0.0,True,140.0,False,False
warning_biogas_quality,BAC_G::Dialister,Bacteria,1,0.0,0.0,True,138.0,False,False
warning_acid_base_balance,BAC_G::Dokdonella,Bacteria,1,0.0,0.0,True,141.0,False,False
warning_buffer_capacity,BAC_G::Dokdonella,Bacteria,1,0.0,0.0,True,134.5,False,False
warning_acid_accumulation,BAC_G::Dokdonella,Bacteria,1,,,True,,False,False
warning_ammonia_toxicity,BAC_G::Dokdonella,Bacteria,1,0.0,0.0,True,140.0,False,False
warning_biogas_quality,BAC_G::Dokdonella,Bacteria,1,0.0,0.0,True,138.0,False,False
warning_acid_base_balance,BAC_G::Ellin6067,Bacteria,1,0.0,0.0,True,141.0,False,False
warning_buffer_capacity,BAC_G::Ellin6067,Bacteria,1,0.0,0.0,True,134.5,False,False
warning_acid_accumulation,BAC_G::Ellin6067,Bacteria,1,,,True,,False,False
warning_ammonia_toxicity,BAC_G::Ellin6067,Bacteria,1,0.0,0.0,True,140.0,False,False
warning_biogas_quality,BAC_G::Ellin6067,Bacteria,1,0.0,0.0,True,138.0,False,False
warning_acid_base_balance,BAC_G::Endomicrobium,Bacteria,1,0.0,0.0,False,141.0,False,False
warning_buffer_capacity,BAC_G::Endomicrobium,Bacteria,1,0.0,0.0,False,134.5,False,False
warning_acid_accumulation,BAC_G::Endomicrobium,Bacteria,1,,,False,,False,False
warning_ammonia_toxicity,BAC_G::Endomicrobium,Bacteria,1,0.0,0.0,False,140.0,False,False
warning_biogas_quality,BAC_G::Endomicrobium,Bacteria,1,0.0,0.0,False,138.0,False,False
warning_acid_base_balance,BAC_G::Ercella,Bacteria,1,0.0,0.0,True,141.0,False,False
warning_buffer_capacity,BAC_G::Ercella,Bacteria,1,0.0,0.0,True,134.5,False,False
warning_acid_accumulation,BAC_G::Ercella,Bacteria,1,,,True,,False,False
warning_ammonia_toxicity,BAC_G::Ercella,Bacteria,1,0.0,0.0,True,140.0,False,False
warning_biogas_quality,BAC_G::Ercella,Bacteria,1,0.0,0.0,True,138.0,False,False
warning_acid_base_balance,BAC_G::Exilispira,Bacteria,1,0.0,0.0,True,141.0,False,False
warning_buffer_capacity,BAC_G::Exilispira,Bacteria,1,0.0,0.0,True,134.5,False,False
warning_acid_accumulation,BAC_G::Exilispira,Bacteria,1,,,True,,False,False
warning_ammonia_toxicity,BAC_G::Exilispira,Bacteria,1,0.0,0.0,True,140.0,False,False
warning_biogas_quality,BAC_G::Exilispira,Bacteria,1,0.0,0.0,True,138.0,False,False
warning_acid_base_balance,BAC_G::Fastidiosipila,Bacteria,1,0.0,0.0,True,141.0,False,False
warning_buffer_capacity,BAC_G::Fastidiosipila,Bacteria,1,-0.0029410173160173128,0.0037606271732937417,True,269.0,False,False
warning_acid_accumulation,BAC_G::Fastidiosipila,Bacteria,1,,,True,,False,False
warning_ammonia_toxicity,BAC_G::Fastidiosipila,Bacteria,1,0.07976190476190474,0.04617363010893172,True,3.0,True,True
warning_biogas_quality,BAC_G::Fastidiosipila,Bacteria,1,0.0,0.0,True,138.0,False,False
warning_acid_base_balance,BAC_G::Fermentibacteraceae,Bacteria,1,0.0,0.0,True,141.0,False,False
warning_buffer_capacity,BAC_G::Fermentibacteraceae,Bacteria,1,0.0,0.0,True,134.5,False,False
warning_acid_accumulation,BAC_G::Fermentibacteraceae,Bacteria,1,,,True,,False,False
warning_ammonia_toxicity,BAC_G::Fermentibacteraceae,Bacteria,1,0.0,0.0,True,140.0,False,False
warning_biogas_quality,BAC_G::Fermentibacteraceae,Bacteria,1,0.0,0.0,True,138.0,False,False
warning_acid_base_balance,BAC_G::Fermentimonas,Bacteria,1,0.0,0.0,True,141.0,False,False
warning_buffer_capacity,BAC_G::Fermentimonas,Bacteria,1,0.0,0.0,True,134.5,False,False
warning_acid_accumulation,BAC_G::Fermentimonas,Bacteria,1,,,True,,False,False
warning_ammonia_toxicity,BAC_G::Fermentimonas,Bacteria,1,0.0,0.0,True,140.0,False,False
warning_biogas_quality,BAC_G::Fermentimonas,Bacteria,1,0.0,0.0,True,138.0,False,False
warning_acid_base_balance,BAC_G::Ferruginibacter,Bacteria,1,0.0,0.0,True,141.0,False,False
warning_buffer_capacity,BAC_G::Ferruginibacter,Bacteria,1,0.0,0.0,True,134.5,False,False
warning_acid_accumulation,BAC_G::Ferruginibacter,Bacteria,1,,,True,,False,False
warning_ammonia_toxicity,BAC_G::Ferruginibacter,Bacteria,1,0.0,0.0,True,140.0,False,False
warning_biogas_quality,BAC_G::Ferruginibacter,Bacteria,1,0.0,0.0,True,138.0,False,False
warning_acid_base_balance,BAC_G::Fervidobacterium,Bacteria,1,0.0,0.0,True,141.0,False,False
warning_buffer_capacity,BAC_G::Fervidobacterium,Bacteria,1,0.0,0.0,True,134.5,False,False
warning_acid_accumulation,BAC_G::Fervidobacterium,Bacteria,1,,,True,,False,False
warning_ammonia_toxicity,BAC_G::Fervidobacterium,Bacteria,1,0.0,0.0,True,140.0,False,False
warning_biogas_quality,BAC_G::Fervidobacterium,Bacteria,1,0.0,0.0,True,138.0,False,False
warning_acid_base_balance,BAC_G::Fonticella,Bacteria,1,0.0,0.0,True,141.0,False,False
warning_buffer_capacity,BAC_G::Fonticella,Bacteria,1,0.0,0.0,True,134.5,False,False
warning_acid_accumulation,BAC_G::Fonticella,Bacteria,1,,,True,,False,False
warning_ammonia_toxicity,BAC_G::Fonticella,Bacteria,1,0.0,0.0,True,140.0,False,False
warning_biogas_quality,BAC_G::Fonticella,Bacteria,1,0.0,0.0,True,138.0,False,False
warning_acid_base_balance,BAC_G::Frisingicoccus,Bacteria,1,0.0,0.0,True,141.0,False,False
warning_buffer_capacity,BAC_G::Frisingicoccus,Bacteria,1,0.0,0.0,True,134.5,False,False
warning_acid_accumulation,BAC_G::Frisingicoccus,Bacteria,1,,,True,,False,False
warning_ammonia_toxicity,BAC_G::Frisingicoccus,Bacteria,1,0.0,0.0,True,140.0,False,False
warning_biogas_quality,BAC_G::Frisingicoccus,Bacteria,1,0.0,0.0,True,138.0,False,False
warning_acid_base_balance,BAC_G::Gelria,Bacteria,1,0.0,0.0,True,141.0,False,False
warning_buffer_capacity,BAC_G::Gelria,Bacteria,1,0.0,0.0,True,134.5,False,False
warning_acid_accumulation,BAC_G::Gelria,Bacteria,1,,,True,,False,False
warning_ammonia_toxicity,BAC_G::Gelria,Bacteria,1,0.0,0.0,True,140.0,False,False
warning_biogas_quality,BAC_G::Gelria,Bacteria,1,0.0,0.0,True,138.0,False,False
warning_acid_base_balance,BAC_G::Gracilibacter,Bacteria,1,0.0,0.0,False,141.0,False,False
warning_buffer_capacity,BAC_G::Gracilibacter,Bacteria,1,0.0,0.0,False,134.5,False,False
warning_acid_accumulation,BAC_G::Gracilibacter,Bacteria,1,,,False,,False,False
warning_ammonia_toxicity,BAC_G::Gracilibacter,Bacteria,1,0.0,0.0,False,140.0,False,False
warning_biogas_quality,BAC_G::Gracilibacter,Bacteria,1,0.0,0.0,False,138.0,False,False
warning_acid_base_balance,BAC_G::Guggenheimella,Bacteria,1,0.0,0.0,True,141.0,False,False
warning_buffer_capacity,BAC_G::Guggenheimella,Bacteria,1,0.0,0.0,True,134.5,False,False
warning_acid_accumulation,BAC_G::Guggenheimella,Bacteria,1,,,True,,False,False
warning_ammonia_toxicity,BAC_G::Guggenheimella,Bacteria,1,0.0,0.0,True,140.0,False,False
warning_biogas_quality,BAC_G::Guggenheimella,Bacteria,1,0.0,0.0,True,138.0,False,False
warning_acid_base_balance,BAC_G::HN-HF0106,Bacteria,1,0.0,0.0,True,141.0,False,False
warning_buffer_capacity,BAC_G::HN-HF0106,Bacteria,1,0.0,0.0,True,134.5,False,False
warning_acid_accumulation,BAC_G::HN-HF0106,Bacteria,1,,,True,,False,False
warning_ammonia_toxicity,BAC_G::HN-HF0106,Bacteria,1,0.0,0.0,True,140.0,False,False
warning_biogas_quality,BAC_G::HN-HF0106,Bacteria,1,0.0,0.0,True,138.0,False,False
warning_acid_base_balance,BAC_G::Hahella,Bacteria,1,0.0,0.0,False,141.0,False,False
warning_buffer_capacity,BAC_G::Hahella,Bacteria,1,0.0,0.0,False,134.5,False,False
warning_acid_accumulation,BAC_G::Hahella,Bacteria,1,,,False,,False,False
warning_ammonia_toxicity,BAC_G::Hahella,Bacteria,1,0.0,0.0,False,140.0,False,False
warning_biogas_quality,BAC_G::Hahella,Bacteria,1,0.0,0.0,False,138.0,False,False
warning_acid_base_balance,BAC_G::Halocella,Bacteria,1,0.0,0.0,True,141.0,False,False
warning_buffer_capacity,BAC_G::Halocella,Bacteria,1,0.0,0.0,True,134.5,False,False
warning_acid_accumulation,BAC_G::Halocella,Bacteria,1,,,True,,False,False
warning_ammonia_toxicity,BAC_G::Halocella,Bacteria,1,0.0,0.0,True,140.0,False,False
warning_biogas_quality,BAC_G::Halocella,Bacteria,1,0.0,0.0,True,138.0,False,False
warning_acid_base_balance,BAC_G::Halomonas,Bacteria,1,0.0,0.0,False,141.0,False,False
warning_buffer_capacity,BAC_G::Halomonas,Bacteria,1,0.0,0.0,False,134.5,False,False
warning_acid_accumulation,BAC_G::Halomonas,Bacteria,1,,,False,,False,False
warning_ammonia_toxicity,BAC_G::Halomonas,Bacteria,1,0.0,0.0,False,140.0,False,False
warning_biogas_quality,BAC_G::Halomonas,Bacteria,1,0.0,0.0,False,138.0,False,False
warning_acid_base_balance,BAC_G::Hungateiclostridiaceae,Bacteria,1,0.0,0.0,True,141.0,False,False
warning_buffer_capacity,BAC_G::Hungateiclostridiaceae,Bacteria,1,0.0,0.0,True,134.5,False,False
warning_acid_accumulation,BAC_G::Hungateiclostridiaceae,Bacteria,1,,,True,,False,False
warning_ammonia_toxicity,BAC_G::Hungateiclostridiaceae,Bacteria,1,0.0,0.0,True,140.0,False,False
warning_biogas_quality,BAC_G::Hungateiclostridiaceae,Bacteria,1,0.0,0.0,True,138.0,False,False
warning_acid_base_balance,BAC_G::Hydrogenedensaceae,Bacteria,1,0.0,0.0,True,141.0,False,False
warning_buffer_capacity,BAC_G::Hydrogenedensaceae,Bacteria,1,0.0,0.0,True,134.5,False,False
warning_acid_accumulation,BAC_G::Hydrogenedensaceae,Bacteria,1,,,True,,False,False
warning_ammonia_toxicity,BAC_G::Hydrogenedensaceae,Bacteria,1,0.0,0.0,True,140.0,False,False
warning_biogas_quality,BAC_G::Hydrogenedensaceae,Bacteria,1,0.0,0.0,True,138.0,False,False
warning_acid_base_balance,BAC_G::Irregularibacter,Bacteria,1,0.0,0.0,True,141.0,False,False
warning_buffer_capacity,BAC_G::Irregularibacter,Bacteria,1,0.0,0.0,True,134.5,False,False
warning_acid_accumulation,BAC_G::Irregularibacter,Bacteria,1,,,True,,False,False
warning_ammonia_toxicity,BAC_G::Irregularibacter,Bacteria,1,0.0,0.0,True,140.0,False,False
warning_biogas_quality,BAC_G::Irregularibacter,Bacteria,1,0.0,0.0,True,138.0,False,False
warning_acid_base_balance,BAC_G::Izemoplasmatales,Bacteria,1,0.0,0.0,True,141.0,False,False
warning_buffer_capacity,BAC_G::Izemoplasmatales,Bacteria,1,0.0,0.0,True,134.5,False,False
warning_acid_accumulation,BAC_G::Izemoplasmatales,Bacteria,1,,,True,,False,False
warning_ammonia_toxicity,BAC_G::Izemoplasmatales,Bacteria,1,0.0,0.0,True,140.0,False,False
warning_biogas_quality,BAC_G::Izemoplasmatales,Bacteria,1,0.0,0.0,True,138.0,False,False
warning_acid_base_balance,BAC_G::JS1,Bacteria,1,0.0,0.0,True,141.0,False,False
warning_buffer_capacity,BAC_G::JS1,Bacteria,1,0.0,0.0,True,134.5,False,False
warning_acid_accumulation,BAC_G::JS1,Bacteria,1,,,True,,False,False
warning_ammonia_toxicity,BAC_G::JS1,Bacteria,1,0.0,0.0,True,140.0,False,False
warning_biogas_quality,BAC_G::JS1,Bacteria,1,0.0,0.0,True,138.0,False,False
warning_acid_base_balance,BAC_G::Kapabacteriales,Bacteria,1,0.0,0.0,True,141.0,False,False
warning_buffer_capacity,BAC_G::Kapabacteriales,Bacteria,1,0.0,0.0,True,134.5,False,False
warning_acid_accumulation,BAC_G::Kapabacteriales,Bacteria,1,,,True,,False,False
warning_ammonia_toxicity,BAC_G::Kapabacteriales,Bacteria,1,0.0,0.0,True,140.0,False,False
warning_biogas_quality,BAC_G::Kapabacteriales,Bacteria,1,0.0,0.0,True,138.0,False,False
warning_acid_base_balance,BAC_G::Keratinibaculum,Bacteria,1,0.0,0.0,True,141.0,False,False
warning_buffer_capacity,BAC_G::Keratinibaculum,Bacteria,1,0.0,0.0,True,134.5,False,False
warning_acid_accumulation,BAC_G::Keratinibaculum,Bacteria,1,,,True,,False,False
warning_ammonia_toxicity,BAC_G::Keratinibaculum,Bacteria,1,0.0,0.0,True,140.0,False,False
warning_biogas_quality,BAC_G::Keratinibaculum,Bacteria,1,0.0,0.0,True,138.0,False,False
warning_acid_base_balance,BAC_G::LD1-PA32,Bacteria,1,0.0,0.0,True,141.0,False,False
warning_buffer_capacity,BAC_G::LD1-PA32,Bacteria,1,0.0,0.0,True,134.5,False,False
warning_acid_accumulation,BAC_G::LD1-PA32,Bacteria,1,,,True,,False,False
warning_ammonia_toxicity,BAC_G::LD1-PA32,Bacteria,1,0.0,0.0,True,140.0,False,False
warning_biogas_quality,BAC_G::LD1-PA32,Bacteria,1,0.0,0.0,True,138.0,False,False
warning_acid_base_balance,BAC_G::LD1-PB3,Bacteria,1,0.0,0.0,True,141.0,False,False
warning_buffer_capacity,BAC_G::LD1-PB3,Bacteria,1,0.0,0.0,True,134.5,False,False
warning_acid_accumulation,BAC_G::LD1-PB3,Bacteria,1,,,True,,False,False
warning_ammonia_toxicity,BAC_G::LD1-PB3,Bacteria,1,0.0,0.0,True,140.0,False,False
warning_biogas_quality,BAC_G::LD1-PB3,Bacteria,1,0.0,0.0,True,138.0,False,False
warning_acid_base_balance,BAC_G::LNR_A2-18,Bacteria,1,0.0,0.0,True,141.0,False,False
warning_buffer_capacity,BAC_G::LNR_A2-18,Bacteria,1,0.0,0.0,True,134.5,False,False
warning_acid_accumulation,BAC_G::LNR_A2-18,Bacteria,1,,,True,,False,False
warning_ammonia_toxicity,BAC_G::LNR_A2-18,Bacteria,1,0.0,0.0,True,140.0,False,False
warning_biogas_quality,BAC_G::LNR_A2-18,Bacteria,1,0.0,0.0,True,138.0,False,False
warning_acid_base_balance,BAC_G::Lactobacillus,Bacteria,1,0.0,0.0,True,141.0,False,False
warning_buffer_capacity,BAC_G::Lactobacillus,Bacteria,1,0.0,0.0,True,134.5,False,False
warning_acid_accumulation,BAC_G::Lactobacillus,Bacteria,1,,,True,,False,False
warning_ammonia_toxicity,BAC_G::Lactobacillus,Bacteria,1,0.0,0.0,True,140.0,False,False
warning_biogas_quality,BAC_G::Lactobacillus,Bacteria,1,0.0,0.0,True,138.0,False,False
warning_acid_base_balance,BAC_G::Lautropia,Bacteria,1,0.0,0.0,True,141.0,False,False
warning_buffer_capacity,BAC_G::Lautropia,Bacteria,1,0.0,0.0,True,134.5,False,False
warning_acid_accumulation,BAC_G::Lautropia,Bacteria,1,,,True,,False,False
warning_ammonia_toxicity,BAC_G::Lautropia,Bacteria,1,0.0,0.0,True,140.0,False,False
warning_biogas_quality,BAC_G::Lautropia,Bacteria,1,0.0,0.0,True,138.0,False,False
warning_acid_base_balance,BAC_G::Lawsonella,Bacteria,1,0.0,0.0,True,141.0,False,False
warning_buffer_capacity,BAC_G::Lawsonella,Bacteria,1,0.0,0.0,True,134.5,False,False
warning_acid_accumulation,BAC_G::Lawsonella,Bacteria,1,,,True,,False,False
warning_ammonia_toxicity,BAC_G::Lawsonella,Bacteria,1,0.0,0.0,True,140.0,False,False
warning_biogas_quality,BAC_G::Lawsonella,Bacteria,1,0.0,0.0,True,138.0,False,False
warning_acid_base_balance,BAC_G::Lentimicrobiaceae,Bacteria,1,0.0,0.0,True,141.0,False,False
warning_buffer_capacity,BAC_G::Lentimicrobiaceae,Bacteria,1,0.0,0.0,True,134.5,False,False
warning_acid_accumulation,BAC_G::Lentimicrobiaceae,Bacteria,1,,,True,,False,False
warning_ammonia_toxicity,BAC_G::Lentimicrobiaceae,Bacteria,1,0.0,0.0,True,140.0,False,False
warning_biogas_quality,BAC_G::Lentimicrobiaceae,Bacteria,1,0.0,0.0,True,138.0,False,False
warning_acid_base_balance,BAC_G::Lentimicrobium,Bacteria,1,0.0,0.0,True,141.0,False,False
warning_buffer_capacity,BAC_G::Lentimicrobium,Bacteria,1,0.0,0.0,True,134.5,False,False
warning_acid_accumulation,BAC_G::Lentimicrobium,Bacteria,1,,,True,,False,False
warning_ammonia_toxicity,BAC_G::Lentimicrobium,Bacteria,1,0.0,0.0,True,140.0,False,False
warning_biogas_quality,BAC_G::Lentimicrobium,Bacteria,1,0.0,0.0,True,138.0,False,False
warning_acid_base_balance,BAC_G::Leptotrichia,Bacteria,1,0.0,0.0,True,141.0,False,False
warning_buffer_capacity,BAC_G::Leptotrichia,Bacteria,1,0.0,0.0,True,134.5,False,False
warning_acid_accumulation,BAC_G::Leptotrichia,Bacteria,1,,,True,,False,False
warning_ammonia_toxicity,BAC_G::Leptotrichia,Bacteria,1,0.0,0.0,True,140.0,False,False
warning_biogas_quality,BAC_G::Leptotrichia,Bacteria,1,0.0,0.0,True,138.0,False,False
warning_acid_base_balance,BAC_G::Leuconostoc,Bacteria,1,0.0,0.0,True,141.0,False,False
warning_buffer_capacity,BAC_G::Leuconostoc,Bacteria,1,0.0,0.0,True,134.5,False,False
warning_acid_accumulation,BAC_G::Leuconostoc,Bacteria,1,,,True,,False,False
warning_ammonia_toxicity,BAC_G::Leuconostoc,Bacteria,1,0.0,0.0,True,140.0,False,False
warning_biogas_quality,BAC_G::Leuconostoc,Bacteria,1,0.0,0.0,True,138.0,False,False
warning_acid_base_balance,BAC_G::Longilinea,Bacteria,1,0.0,0.0,True,141.0,False,False
warning_buffer_capacity,BAC_G::Longilinea,Bacteria,1,0.0,0.0,True,134.5,False,False
warning_acid_accumulation,BAC_G::Longilinea,Bacteria,1,,,True,,False,False
warning_ammonia_toxicity,BAC_G::Longilinea,Bacteria,1,0.0,0.0,True,140.0,False,False
warning_biogas_quality,BAC_G::Longilinea,Bacteria,1,0.0,0.0,True,138.0,False,False
warning_acid_base_balance,BAC_G::Luteimonas,Bacteria,1,0.0,0.0,True,141.0,False,False
warning_buffer_capacity,BAC_G::Luteimonas,Bacteria,1,0.0,0.0,True,134.5,False,False
warning_acid_accumulation,BAC_G::Luteimonas,Bacteria,1,,,True,,False,False
warning_ammonia_toxicity,BAC_G::Luteimonas,Bacteria,1,0.0,0.0,True,140.0,False,False
warning_biogas_quality,BAC_G::Luteimonas,Bacteria,1,0.0,0.0,True,138.0,False,False
warning_acid_base_balance,BAC_G::Lutispora,Bacteria,1,0.0,0.0,True,141.0,False,False
warning_buffer_capacity,BAC_G::Lutispora,Bacteria,1,0.0,0.0,True,134.5,False,False
warning_acid_accumulation,BAC_G::Lutispora,Bacteria,1,,,True,,False,False
warning_ammonia_toxicity,BAC_G::Lutispora,Bacteria,1,0.0,0.0,True,140.0,False,False
warning_biogas_quality,BAC_G::Lutispora,Bacteria,1,0.0,0.0,True,138.0,False,False
warning_acid_base_balance,BAC_G::MBA03,Bacteria,1,0.0,0.0,True,141.0,False,False
warning_buffer_capacity,BAC_G::MBA03,Bacteria,1,0.0,0.0,True,134.5,False,False
warning_acid_accumulation,BAC_G::MBA03,Bacteria,1,,,True,,False,False
warning_ammonia_toxicity,BAC_G::MBA03,Bacteria,1,0.0,0.0,True,140.0,False,False
warning_biogas_quality,BAC_G::MBA03,Bacteria,1,0.0,0.0,True,138.0,False,False
warning_acid_base_balance,BAC_G::MVP-15,Bacteria,1,0.0,0.0,True,141.0,False,False
warning_buffer_capacity,BAC_G::MVP-15,Bacteria,1,0.0,0.0,True,134.5,False,False
warning_acid_accumulation,BAC_G::MVP-15,Bacteria,1,,,True,,False,False
warning_ammonia_toxicity,BAC_G::MVP-15,Bacteria,1,0.0,0.0,True,140.0,False,False
warning_biogas_quality,BAC_G::MVP-15,Bacteria,1,0.0,0.0,True,138.0,False,False
warning_acid_base_balance,BAC_G::Macellibacteroides,Bacteria,1,0.0,0.0,True,141.0,False,False
warning_buffer_capacity,BAC_G::Macellibacteroides,Bacteria,1,0.0,0.0,True,134.5,False,False
warning_acid_accumulation,BAC_G::Macellibacteroides,Bacteria,1,,,True,,False,False
warning_ammonia_toxicity,BAC_G::Macellibacteroides,Bacteria,1,0.0,0.0,True,140.0,False,False
warning_biogas_quality,BAC_G::Macellibacteroides,Bacteria,1,0.0,0.0,True,138.0,False,False
warning_acid_base_balance,BAC_G::Marinimicrobia_(SAR406_clade),Bacteria,1,0.0,0.0,True,141.0,False,False
warning_buffer_capacity,BAC_G::Marinimicrobia_(SAR406_clade),Bacteria,1,0.0,0.0,True,134.5,False,False
warning_acid_accumulation,BAC_G::Marinimicrobia_(SAR406_clade),Bacteria,1,,,True,,False,False
warning_ammonia_toxicity,BAC_G::Marinimicrobia_(SAR406_clade),Bacteria,1,0.0,0.0,True,140.0,False,False
warning_biogas_quality,BAC_G::Marinimicrobia_(SAR406_clade),Bacteria,1,0.0,0.0,True,138.0,False,False
warning_acid_base_balance,BAC_G::Mariniphaga,Bacteria,1,0.0,0.0,True,141.0,False,False
warning_buffer_capacity,BAC_G::Mariniphaga,Bacteria,1,0.0,0.0,True,134.5,False,False
warning_acid_accumulation,BAC_G::Mariniphaga,Bacteria,1,,,True,,False,False
warning_ammonia_toxicity,BAC_G::Mariniphaga,Bacteria,1,0.0,0.0,True,140.0,False,False
warning_biogas_quality,BAC_G::Mariniphaga,Bacteria,1,0.0,0.0,True,138.0,False,False
warning_acid_base_balance,BAC_G::Megasphaera,Bacteria,1,0.0,0.0,True,141.0,False,False
warning_buffer_capacity,BAC_G::Megasphaera,Bacteria,1,0.0,0.0,True,134.5,False,False
warning_acid_accumulation,BAC_G::Megasphaera,Bacteria,1,,,True,,False,False
warning_ammonia_toxicity,BAC_G::Megasphaera,Bacteria,1,0.0,0.0,True,140.0,False,False
warning_biogas_quality,BAC_G::Megasphaera,Bacteria,1,0.0,0.0,True,138.0,False,False
warning_acid_base_balance,BAC_G::Mesotoga,Bacteria,1,0.0,0.0,True,141.0,False,False
warning_buffer_capacity,BAC_G::Mesotoga,Bacteria,1,0.0,0.0,True,134.5,False,False
warning_acid_accumulation,BAC_G::Mesotoga,Bacteria,1,,,True,,False,False
warning_ammonia_toxicity,BAC_G::Mesotoga,Bacteria,1,0.0,0.0,True,140.0,False,False
warning_biogas_quality,BAC_G::Mesotoga,Bacteria,1,0.0,0.0,True,138.0,False,False
warning_acid_base_balance,BAC_G::Methylotenera,Bacteria,1,0.0,0.0,True,141.0,False,False
warning_buffer_capacity,BAC_G::Methylotenera,Bacteria,1,0.0,0.0,True,134.5,False,False
warning_acid_accumulation,BAC_G::Methylotenera,Bacteria,1,,,True,,False,False
warning_ammonia_toxicity,BAC_G::Methylotenera,Bacteria,1,0.0,0.0,True,140.0,False,False
warning_biogas_quality,BAC_G::Methylotenera,Bacteria,1,0.0,0.0,True,138.0,False,False
warning_acid_base_balance,BAC_G::MgMjR-022,Bacteria,1,0.0,0.0,True,141.0,False,False
warning_buffer_capacity,BAC_G::MgMjR-022,Bacteria,1,0.0,0.0,True,134.5,False,False
warning_acid_accumulation,BAC_G::MgMjR-022,Bacteria,1,,,True,,False,False
warning_ammonia_toxicity,BAC_G::MgMjR-022,Bacteria,1,0.0,0.0,True,140.0,False,False
warning_biogas_quality,BAC_G::MgMjR-022,Bacteria,1,0.0,0.0,True,138.0,False,False
warning_acid_base_balance,BAC_G::Myroides,Bacteria,1,0.0,0.0,True,141.0,False,False
warning_buffer_capacity,BAC_G::Myroides,Bacteria,1,0.0,0.0,True,134.5,False,False
warning_acid_accumulation,BAC_G::Myroides,Bacteria,1,,,True,,False,False
warning_ammonia_toxicity,BAC_G::Myroides,Bacteria,1,0.0,0.0,True,140.0,False,False
warning_biogas_quality,BAC_G::Myroides,Bacteria,1,0.0,0.0,True,138.0,False,False
warning_acid_base_balance,BAC_G::Nitrosomonas,Bacteria,1,0.0,0.0,False,141.0,False,False
warning_buffer_capacity,BAC_G::Nitrosomonas,Bacteria,1,0.0,0.0,False,134.5,False,False
warning_acid_accumulation,BAC_G::Nitrosomonas,Bacteria,1,,,False,,False,False
warning_ammonia_toxicity,BAC_G::Nitrosomonas,Bacteria,1,0.0,0.0,False,140.0,False,False
warning_biogas_quality,BAC_G::Nitrosomonas,Bacteria,1,0.0,0.0,False,138.0,False,False
warning_acid_base_balance,BAC_G::OLB12,Bacteria,1,0.0,0.0,False,141.0,False,False
warning_buffer_capacity,BAC_G::OLB12,Bacteria,1,0.0,0.0,False,134.5,False,False
warning_acid_accumulation,BAC_G::OLB12,Bacteria,1,,,False,,False,False
warning_ammonia_toxicity,BAC_G::OLB12,Bacteria,1,0.0,0.0,False,140.0,False,False
warning_biogas_quality,BAC_G::OLB12,Bacteria,1,0.0,0.0,False,138.0,False,False
warning_acid_base_balance,BAC_G::OLB8,Bacteria,1,0.0,0.0,True,141.0,False,False
warning_buffer_capacity,BAC_G::OLB8,Bacteria,1,0.0,0.0,True,134.5,False,False
warning_acid_accumulation,BAC_G::OLB8,Bacteria,1,,,True,,False,False
warning_ammonia_toxicity,BAC_G::OLB8,Bacteria,1,0.0,0.0,True,140.0,False,False
warning_biogas_quality,BAC_G::OLB8,Bacteria,1,0.0,0.0,True,138.0,False,False
warning_acid_base_balance,BAC_G::Olsenella,Bacteria,1,0.0,0.0,True,141.0,False,False
warning_buffer_capacity,BAC_G::Olsenella,Bacteria,1,0.0,0.0,True,134.5,False,False
warning_acid_accumulation,BAC_G::Olsenella,Bacteria,1,,,True,,False,False
warning_ammonia_toxicity,BAC_G::Olsenella,Bacteria,1,0.0,0.0,True,140.0,False,False
warning_biogas_quality,BAC_G::Olsenella,Bacteria,1,0.0,0.0,True,138.0,False,False
warning_acid_base_balance,BAC_G::Oscillospira,Bacteria,1,0.0,0.0,True,141.0,False,False
warning_buffer_capacity,BAC_G::Oscillospira,Bacteria,1,0.0,0.0,True,134.5,False,False
warning_acid_accumulation,BAC_G::Oscillospira,Bacteria,1,,,True,,False,False
warning_ammonia_toxicity,BAC_G::Oscillospira,Bacteria,1,0.0,0.0,True,140.0,False,False
warning_biogas_quality,BAC_G::Oscillospira,Bacteria,1,0.0,0.0,True,138.0,False,False
warning_acid_base_balance,BAC_G::PB19,Bacteria,1,0.0,0.0,False,141.0,False,False
warning_buffer_capacity,BAC_G::PB19,Bacteria,1,0.0,0.0,False,134.5,False,False
warning_acid_accumulation,BAC_G::PB19,Bacteria,1,,,False,,False,False
warning_ammonia_toxicity,BAC_G::PB19,Bacteria,1,0.0,0.0,False,140.0,False,False
warning_biogas_quality,BAC_G::PB19,Bacteria,1,0.0,0.0,False,138.0,False,False
warning_acid_base_balance,BAC_G::Paludibacter,Bacteria,1,0.0,0.0,True,141.0,False,False
warning_buffer_capacity,BAC_G::Paludibacter,Bacteria,1,0.0,0.0,True,134.5,False,False
warning_acid_accumulation,BAC_G::Paludibacter,Bacteria,1,,,True,,False,False
warning_ammonia_toxicity,BAC_G::Paludibacter,Bacteria,1,0.0,0.0,True,140.0,False,False
warning_biogas_quality,BAC_G::Paludibacter,Bacteria,1,0.0,0.0,True,138.0,False,False
warning_acid_base_balance,BAC_G::Pantoea,Bacteria,1,0.0,0.0,True,141.0,False,False
warning_buffer_capacity,BAC_G::Pantoea,Bacteria,1,0.0,0.0,True,134.5,False,False
warning_acid_accumulation,BAC_G::Pantoea,Bacteria,1,,,True,,False,False
warning_ammonia_toxicity,BAC_G::Pantoea,Bacteria,1,0.0,0.0,True,140.0,False,False
warning_biogas_quality,BAC_G::Pantoea,Bacteria,1,0.0,0.0,True,138.0,False,False
warning_acid_base_balance,BAC_G::Paracoccus,Bacteria,1,0.0,0.0,True,141.0,False,False
warning_buffer_capacity,BAC_G::Paracoccus,Bacteria,1,0.0,0.0,True,134.5,False,False
warning_acid_accumulation,BAC_G::Paracoccus,Bacteria,1,,,True,,False,False
warning_ammonia_toxicity,BAC_G::Paracoccus,Bacteria,1,0.0,0.0,True,140.0,False,False
warning_biogas_quality,BAC_G::Paracoccus,Bacteria,1,0.0,0.0,True,138.0,False,False
warning_acid_base_balance,BAC_G::Pedosphaeraceae,Bacteria,1,0.0,0.0,True,141.0,False,False
warning_buffer_capacity,BAC_G::Pedosphaeraceae,Bacteria,1,0.0,0.0,True,134.5,False,False
warning_acid_accumulation,BAC_G::Pedosphaeraceae,Bacteria,1,,,True,,False,False
warning_ammonia_toxicity,BAC_G::Pedosphaeraceae,Bacteria,1,0.0,0.0,True,140.0,False,False
warning_biogas_quality,BAC_G::Pedosphaeraceae,Bacteria,1,0.0,0.0,True,138.0,False,False
warning_acid_base_balance,BAC_G::Pelotomaculum,Bacteria,1,0.0,0.0,True,141.0,False,False
warning_buffer_capacity,BAC_G::Pelotomaculum,Bacteria,1,0.0,0.0,True,134.5,False,False
warning_acid_accumulation,BAC_G::Pelotomaculum,Bacteria,1,,,True,,False,False
warning_ammonia_toxicity,BAC_G::Pelotomaculum,Bacteria,1,0.0,0.0,True,140.0,False,False
warning_biogas_quality,BAC_G::Pelotomaculum,Bacteria,1,0.0,0.0,True,138.0,False,False
warning_acid_base_balance,BAC_G::Petrimonas,Bacteria,1,0.0,0.0,True,141.0,False,False
warning_buffer_capacity,BAC_G::Petrimonas,Bacteria,1,0.0,0.0,True,134.5,False,False
warning_acid_accumulation,BAC_G::Petrimonas,Bacteria,1,,,True,,False,False
warning_ammonia_toxicity,BAC_G::Petrimonas,Bacteria,1,0.0,0.0,True,140.0,False,False
warning_biogas_quality,BAC_G::Petrimonas,Bacteria,1,0.0,0.0,True,138.0,False,False
warning_acid_base_balance,BAC_G::Prevotella,Bacteria,1,0.0,0.0,True,141.0,False,False
warning_buffer_capacity,BAC_G::Prevotella,Bacteria,1,0.0,0.0,True,134.5,False,False
warning_acid_accumulation,BAC_G::Prevotella,Bacteria,1,,,True,,False,False
warning_ammonia_toxicity,BAC_G::Prevotella,Bacteria,1,0.0,0.0,True,140.0,False,False
warning_biogas_quality,BAC_G::Prevotella,Bacteria,1,0.0,0.0,True,138.0,False,False
warning_acid_base_balance,BAC_G::Proteiniphilum,Bacteria,1,0.016765873015872974,0.015735028355348575,True,4.0,True,True
warning_buffer_capacity,BAC_G::Proteiniphilum,Bacteria,1,0.0,0.0,True,134.5,False,False
warning_acid_accumulation,BAC_G::Proteiniphilum,Bacteria,1,,,True,,False,False
warning_ammonia_toxicity,BAC_G::Proteiniphilum,Bacteria,1,0.0,0.0,True,140.0,False,False
warning_biogas_quality,BAC_G::Proteiniphilum,Bacteria,1,0.0,0.0,True,138.0,False,False
warning_acid_base_balance,BAC_G::Proteocatella,Bacteria,1,0.0,0.0,False,141.0,False,False
warning_buffer_capacity,BAC_G::Proteocatella,Bacteria,1,0.0,0.0,False,134.5,False,False
warning_acid_accumulation,BAC_G::Proteocatella,Bacteria,1,,,False,,False,False
warning_ammonia_toxicity,BAC_G::Proteocatella,Bacteria,1,0.0,0.0,False,140.0,False,False
warning_biogas_quality,BAC_G::Proteocatella,Bacteria,1,0.0,0.0,False,138.0,False,False
warning_acid_base_balance,BAC_G::Pseudomonas,Bacteria,1,0.0,0.0,True,141.0,False,False
warning_buffer_capacity,BAC_G::Pseudomonas,Bacteria,1,0.0,0.0,True,134.5,False,False
warning_acid_accumulation,BAC_G::Pseudomonas,Bacteria,1,,,True,,False,False
warning_ammonia_toxicity,BAC_G::Pseudomonas,Bacteria,1,0.0,0.0,True,140.0,False,False
warning_biogas_quality,BAC_G::Pseudomonas,Bacteria,1,0.0,0.0,True,138.0,False,False
warning_acid_base_balance,BAC_G::Pseudoramibacter,Bacteria,1,0.0,0.0,True,141.0,False,False
warning_buffer_capacity,BAC_G::Pseudoramibacter,Bacteria,1,0.0,0.0,True,134.5,False,False
warning_acid_accumulation,BAC_G::Pseudoramibacter,Bacteria,1,,,True,,False,False
warning_ammonia_toxicity,BAC_G::Pseudoramibacter,Bacteria,1,0.0,0.0,True,140.0,False,False
warning_biogas_quality,BAC_G::Pseudoramibacter,Bacteria,1,0.0,0.0,True,138.0,False,False
warning_acid_base_balance,BAC_G::RBG-16-49-21,Bacteria,1,0.0,0.0,True,141.0,False,False
warning_buffer_capacity,BAC_G::RBG-16-49-21,Bacteria,1,0.0,0.0,True,134.5,False,False
warning_acid_accumulation,BAC_G::RBG-16-49-21,Bacteria,1,,,True,,False,False
warning_ammonia_toxicity,BAC_G::RBG-16-49-21,Bacteria,1,0.0,0.0,True,140.0,False,False
warning_biogas_quality,BAC_G::RBG-16-49-21,Bacteria,1,0.0,0.0,True,138.0,False,False
warning_acid_base_balance,BAC_G::Raoultibacter,Bacteria,1,0.0,0.0,True,141.0,False,False
warning_buffer_capacity,BAC_G::Raoultibacter,Bacteria,1,0.0,0.0,True,134.5,False,False
warning_acid_accumulation,BAC_G::Raoultibacter,Bacteria,1,,,True,,False,False
warning_ammonia_toxicity,BAC_G::Raoultibacter,Bacteria,1,0.0,0.0,True,140.0,False,False
warning_biogas_quality,BAC_G::Raoultibacter,Bacteria,1,0.0,0.0,True,138.0,False,False
warning_acid_base_balance,BAC_G::Rhodobacter,Bacteria,1,0.0,0.0,True,141.0,False,False
warning_buffer_capacity,BAC_G::Rhodobacter,Bacteria,1,0.0,0.0,True,134.5,False,False
warning_acid_accumulation,BAC_G::Rhodobacter,Bacteria,1,,,True,,False,False
warning_ammonia_toxicity,BAC_G::Rhodobacter,Bacteria,1,0.0,0.0,True,140.0,False,False
warning_biogas_quality,BAC_G::Rhodobacter,Bacteria,1,0.0,0.0,True,138.0,False,False
warning_acid_base_balance,BAC_G::Ruminiclostridium,Bacteria,1,0.0,0.0,True,141.0,False,False
warning_buffer_capacity,BAC_G::Ruminiclostridium,Bacteria,1,0.0,0.0,True,134.5,False,False
warning_acid_accumulation,BAC_G::Ruminiclostridium,Bacteria,1,,,True,,False,False
warning_ammonia_toxicity,BAC_G::Ruminiclostridium,Bacteria,1,0.0,0.0,True,140.0,False,False
warning_biogas_quality,BAC_G::Ruminiclostridium,Bacteria,1,0.0,0.0,True,138.0,False,False
warning_acid_base_balance,BAC_G::Ruminococcus,Bacteria,1,0.0,0.0,True,141.0,False,False
warning_buffer_capacity,BAC_G::Ruminococcus,Bacteria,1,0.0,0.0,True,134.5,False,False
warning_acid_accumulation,BAC_G::Ruminococcus,Bacteria,1,,,True,,False,False
warning_ammonia_toxicity,BAC_G::Ruminococcus,Bacteria,1,0.0,0.0,True,140.0,False,False
warning_biogas_quality,BAC_G::Ruminococcus,Bacteria,1,0.0,0.0,True,138.0,False,False
warning_acid_base_balance,BAC_G::SBR1031,Bacteria,1,0.0,0.0,True,141.0,False,False
warning_buffer_capacity,BAC_G::SBR1031,Bacteria,1,0.0,0.0,True,134.5,False,False
warning_acid_accumulation,BAC_G::SBR1031,Bacteria,1,,,True,,False,False
warning_ammonia_toxicity,BAC_G::SBR1031,Bacteria,1,0.0,0.0,True,140.0,False,False
warning_biogas_quality,BAC_G::SBR1031,Bacteria,1,0.0,0.0,True,138.0,False,False
warning_acid_base_balance,BAC_G::SC-I-84,Bacteria,1,0.0,0.0,True,141.0,False,False
warning_buffer_capacity,BAC_G::SC-I-84,Bacteria,1,0.0,0.0,True,134.5,False,False
warning_acid_accumulation,BAC_G::SC-I-84,Bacteria,1,,,True,,False,False
warning_ammonia_toxicity,BAC_G::SC-I-84,Bacteria,1,0.0,0.0,True,140.0,False,False
warning_biogas_quality,BAC_G::SC-I-84,Bacteria,1,0.0,0.0,True,138.0,False,False
warning_acid_base_balance,BAC_G::SC103,Bacteria,1,0.0,0.0,True,141.0,False,False
warning_buffer_capacity,BAC_G::SC103,Bacteria,1,0.0,0.0,True,134.5,False,False
warning_acid_accumulation,BAC_G::SC103,Bacteria,1,,,True,,False,False
warning_ammonia_toxicity,BAC_G::SC103,Bacteria,1,0.0,0.0,True,140.0,False,False
warning_biogas_quality,BAC_G::SC103,Bacteria,1,0.0,0.0,True,138.0,False,False
warning_acid_base_balance,BAC_G::SJA-15,Bacteria,1,0.0,0.0,True,141.0,False,False
warning_buffer_capacity,BAC_G::SJA-15,Bacteria,1,0.0,0.0,True,134.5,False,False
warning_acid_accumulation,BAC_G::SJA-15,Bacteria,1,,,True,,False,False
warning_ammonia_toxicity,BAC_G::SJA-15,Bacteria,1,0.0,0.0,True,140.0,False,False
warning_biogas_quality,BAC_G::SJA-15,Bacteria,1,0.0,0.0,True,138.0,False,False
warning_acid_base_balance,BAC_G::SJA-28,Bacteria,1,0.0,0.0,True,141.0,False,False
warning_buffer_capacity,BAC_G::SJA-28,Bacteria,1,0.0,0.0,True,134.5,False,False
warning_acid_accumulation,BAC_G::SJA-28,Bacteria,1,,,True,,False,False
warning_ammonia_toxicity,BAC_G::SJA-28,Bacteria,1,0.0,0.0,True,140.0,False,False
warning_biogas_quality,BAC_G::SJA-28,Bacteria,1,0.0,0.0,True,138.0,False,False
warning_acid_base_balance,BAC_G::ST-12K33,Bacteria,1,0.0,0.0,True,141.0,False,False
warning_buffer_capacity,BAC_G::ST-12K33,Bacteria,1,-0.008278318903318899,0.0072331938209817025,True,273.0,False,False
warning_acid_accumulation,BAC_G::ST-12K33,Bacteria,1,,,True,,False,False
warning_ammonia_toxicity,BAC_G::ST-12K33,Bacteria,1,0.0,0.0,True,140.0,False,False
warning_biogas_quality,BAC_G::ST-12K33,Bacteria,1,0.0,0.0,True,138.0,False,False
warning_acid_base_balance,BAC_G::Saccharofermentans,Bacteria,1,0.0,0.0,True,141.0,False,False
warning_buffer_capacity,BAC_G::Saccharofermentans,Bacteria,1,0.0,0.0,True,134.5,False,False
warning_acid_accumulation,BAC_G::Saccharofermentans,Bacteria,1,,,True,,False,False
warning_ammonia_toxicity,BAC_G::Saccharofermentans,Bacteria,1,0.0,0.0,True,140.0,False,False
warning_biogas_quality,BAC_G::Saccharofermentans,Bacteria,1,0.0,0.0,True,138.0,False,False
warning_acid_base_balance,BAC_G::Sedimentibacter,Bacteria,1,-0.008928571428571461,0.02714016387288665,True,274.0,False,False
warning_buffer_capacity,BAC_G::Sedimentibacter,Bacteria,1,0.0,0.0,True,134.5,False,False
warning_acid_accumulation,BAC_G::Sedimentibacter,Bacteria,1,,,True,,False,False
warning_ammonia_toxicity,BAC_G::Sedimentibacter,Bacteria,1,0.0,0.0,True,140.0,False,False
warning_biogas_quality,BAC_G::Sedimentibacter,Bacteria,1,0.0,0.0,True,138.0,False,False
warning_acid_base_balance,BAC_G::Shuttleworthia,Bacteria,1,0.0,0.0,True,141.0,False,False
warning_buffer_capacity,BAC_G::Shuttleworthia,Bacteria,1,0.0,0.0,True,134.5,False,False
warning_acid_accumulation,BAC_G::Shuttleworthia,Bacteria,1,,,True,,False,False
warning_ammonia_toxicity,BAC_G::Shuttleworthia,Bacteria,1,0.0,0.0,True,140.0,False,False
warning_biogas_quality,BAC_G::Shuttleworthia,Bacteria,1,0.0,0.0,True,138.0,False,False
warning_acid_base_balance,BAC_G::Simplicispira,Bacteria,1,0.0,0.0,True,141.0,False,False
warning_buffer_capacity,BAC_G::Simplicispira,Bacteria,1,0.0,0.0,True,134.5,False,False
warning_acid_accumulation,BAC_G::Simplicispira,Bacteria,1,,,True,,False,False
warning_ammonia_toxicity,BAC_G::Simplicispira,Bacteria,1,0.0,0.0,True,140.0,False,False
warning_biogas_quality,BAC_G::Simplicispira,Bacteria,1,0.0,0.0,True,138.0,False,False
warning_acid_base_balance,BAC_G::Smithella,Bacteria,1,0.0,0.0,True,141.0,False,False
warning_buffer_capacity,BAC_G::Smithella,Bacteria,1,0.0,0.0,True,134.5,False,False
warning_acid_accumulation,BAC_G::Smithella,Bacteria,1,,,True,,False,False
warning_ammonia_toxicity,BAC_G::Smithella,Bacteria,1,0.0,0.0,True,140.0,False,False
warning_biogas_quality,BAC_G::Smithella,Bacteria,1,0.0,0.0,True,138.0,False,False
warning_acid_base_balance,BAC_G::Sphaerochaeta,Bacteria,1,0.0,0.0,True,141.0,False,False
warning_buffer_capacity,BAC_G::Sphaerochaeta,Bacteria,1,0.0,0.0,True,134.5,False,False
warning_acid_accumulation,BAC_G::Sphaerochaeta,Bacteria,1,,,True,,False,False
warning_ammonia_toxicity,BAC_G::Sphaerochaeta,Bacteria,1,0.0,0.0,True,140.0,False,False
warning_biogas_quality,BAC_G::Sphaerochaeta,Bacteria,1,0.0,0.0,True,138.0,False,False
warning_acid_base_balance,BAC_G::Stenotrophomonas,Bacteria,1,0.0,0.0,True,141.0,False,False
warning_buffer_capacity,BAC_G::Stenotrophomonas,Bacteria,1,0.0,0.0,True,134.5,False,False
warning_acid_accumulation,BAC_G::Stenotrophomonas,Bacteria,1,,,True,,False,False
warning_ammonia_toxicity,BAC_G::Stenotrophomonas,Bacteria,1,0.0,0.0,True,140.0,False,False
warning_biogas_quality,BAC_G::Stenotrophomonas,Bacteria,1,0.0,0.0,True,138.0,False,False
warning_acid_base_balance,BAC_G::Sterolibacterium,Bacteria,1,0.0,0.0,False,141.0,False,False
warning_buffer_capacity,BAC_G::Sterolibacterium,Bacteria,1,0.0,0.0,False,134.5,False,False
warning_acid_accumulation,BAC_G::Sterolibacterium,Bacteria,1,,,False,,False,False
warning_ammonia_toxicity,BAC_G::Sterolibacterium,Bacteria,1,0.0,0.0,False,140.0,False,False
warning_biogas_quality,BAC_G::Sterolibacterium,Bacteria,1,0.0,0.0,False,138.0,False,False
warning_acid_base_balance,BAC_G::Streptococcus,Bacteria,1,0.0,0.0,True,141.0,False,False
warning_buffer_capacity,BAC_G::Streptococcus,Bacteria,1,0.0,0.0,True,134.5,False,False
warning_acid_accumulation,BAC_G::Streptococcus,Bacteria,1,,,True,,False,False
warning_ammonia_toxicity,BAC_G::Streptococcus,Bacteria,1,0.0,0.0,True,140.0,False,False
warning_biogas_quality,BAC_G::Streptococcus,Bacteria,1,0.0,0.0,True,138.0,False,False
warning_acid_base_balance,BAC_G::Sutterella,Bacteria,1,0.0,0.0,True,141.0,False,False
warning_buffer_capacity,BAC_G::Sutterella,Bacteria,1,0.0,0.0,True,134.5,False,False
warning_acid_accumulation,BAC_G::Sutterella,Bacteria,1,,,True,,False,False
warning_ammonia_toxicity,BAC_G::Sutterella,Bacteria,1,0.0,0.0,True,140.0,False,False
warning_biogas_quality,BAC_G::Sutterella,Bacteria,1,0.0,0.0,True,138.0,False,False
warning_acid_base_balance,BAC_G::Syner-01,Bacteria,1,0.0,0.0,True,141.0,False,False
warning_buffer_capacity,BAC_G::Syner-01,Bacteria,1,0.0,0.0,True,134.5,False,False
warning_acid_accumulation,BAC_G::Syner-01,Bacteria,1,,,True,,False,False
warning_ammonia_toxicity,BAC_G::Syner-01,Bacteria,1,0.0,0.0,True,140.0,False,False
warning_biogas_quality,BAC_G::Syner-01,Bacteria,1,0.0,0.0,True,138.0,False,False
warning_acid_base_balance,BAC_G::Syntrophaceticus,Bacteria,1,0.0,0.0,True,141.0,False,False
warning_buffer_capacity,BAC_G::Syntrophaceticus,Bacteria,1,0.0,0.0,True,134.5,False,False
warning_acid_accumulation,BAC_G::Syntrophaceticus,Bacteria,1,,,True,,False,False
warning_ammonia_toxicity,BAC_G::Syntrophaceticus,Bacteria,1,0.0,0.0,True,140.0,False,False
warning_biogas_quality,BAC_G::Syntrophaceticus,Bacteria,1,0.0,0.0,True,138.0,False,False
warning_acid_base_balance,BAC_G::Syntrophobacter,Bacteria,1,0.0,0.0,True,141.0,False,False
warning_buffer_capacity,BAC_G::Syntrophobacter,Bacteria,1,0.0,0.0,True,134.5,False,False
warning_acid_accumulation,BAC_G::Syntrophobacter,Bacteria,1,,,True,,False,False
warning_ammonia_toxicity,BAC_G::Syntrophobacter,Bacteria,1,0.0,0.0,True,140.0,False,False
warning_biogas_quality,BAC_G::Syntrophobacter,Bacteria,1,0.0,0.0,True,138.0,False,False
warning_acid_base_balance,BAC_G::Syntrophococcus,Bacteria,1,0.0,0.0,True,141.0,False,False
warning_buffer_capacity,BAC_G::Syntrophococcus,Bacteria,1,0.0,0.0,True,134.5,False,False
warning_acid_accumulation,BAC_G::Syntrophococcus,Bacteria,1,,,True,,False,False
warning_ammonia_toxicity,BAC_G::Syntrophococcus,Bacteria,1,0.0,0.0,True,140.0,False,False
warning_biogas_quality,BAC_G::Syntrophococcus,Bacteria,1,0.0,0.0,True,138.0,False,False
warning_acid_base_balance,BAC_G::Syntrophomonas,Bacteria,1,0.0,0.0,True,141.0,False,False
warning_buffer_capacity,BAC_G::Syntrophomonas,Bacteria,1,0.0,0.0,True,134.5,False,False
warning_acid_accumulation,BAC_G::Syntrophomonas,Bacteria,1,,,True,,False,False
warning_ammonia_toxicity,BAC_G::Syntrophomonas,Bacteria,1,0.0,0.0,True,140.0,False,False
warning_biogas_quality,BAC_G::Syntrophomonas,Bacteria,1,0.0,0.0,True,138.0,False,False
warning_acid_base_balance,BAC_G::Syntrophorhabdus,Bacteria,1,0.0,0.0,True,141.0,False,False
warning_buffer_capacity,BAC_G::Syntrophorhabdus,Bacteria,1,0.0,0.0,True,134.5,False,False
warning_acid_accumulation,BAC_G::Syntrophorhabdus,Bacteria,1,,,True,,False,False
warning_ammonia_toxicity,BAC_G::Syntrophorhabdus,Bacteria,1,0.0,0.0,True,140.0,False,False
warning_biogas_quality,BAC_G::Syntrophorhabdus,Bacteria,1,0.0,0.0,True,138.0,False,False
warning_acid_base_balance,BAC_G::Syntrophus,Bacteria,1,0.0,0.0,True,141.0,False,False
warning_buffer_capacity,BAC_G::Syntrophus,Bacteria,1,0.0,0.0,True,134.5,False,False
warning_acid_accumulation,BAC_G::Syntrophus,Bacteria,1,,,True,,False,False
warning_ammonia_toxicity,BAC_G::Syntrophus,Bacteria,1,0.0,0.0,True,140.0,False,False
warning_biogas_quality,BAC_G::Syntrophus,Bacteria,1,0.0,0.0,True,138.0,False,False
warning_acid_base_balance,BAC_G::TTA-B1,Bacteria,1,0.0,0.0,False,141.0,False,False
warning_buffer_capacity,BAC_G::TTA-B1,Bacteria,1,0.0,0.0,False,134.5,False,False
warning_acid_accumulation,BAC_G::TTA-B1,Bacteria,1,,,False,,False,False
warning_ammonia_toxicity,BAC_G::TTA-B1,Bacteria,1,0.0,0.0,False,140.0,False,False
warning_biogas_quality,BAC_G::TTA-B1,Bacteria,1,0.0,0.0,False,138.0,False,False
warning_acid_base_balance,BAC_G::Tepidimicrobium,Bacteria,1,0.0,0.0,True,141.0,False,False
warning_buffer_capacity,BAC_G::Tepidimicrobium,Bacteria,1,0.0,0.0,True,134.5,False,False
warning_acid_accumulation,BAC_G::Tepidimicrobium,Bacteria,1,,,True,,False,False
warning_ammonia_toxicity,BAC_G::Tepidimicrobium,Bacteria,1,0.0,0.0,True,140.0,False,False
warning_biogas_quality,BAC_G::Tepidimicrobium,Bacteria,1,0.0,0.0,True,138.0,False,False
warning_acid_base_balance,BAC_G::Terrimonas,Bacteria,1,0.0,0.0,False,141.0,False,False
warning_buffer_capacity,BAC_G::Terrimonas,Bacteria,1,0.0,0.0,False,134.5,False,False
warning_acid_accumulation,BAC_G::Terrimonas,Bacteria,1,,,False,,False,False
warning_ammonia_toxicity,BAC_G::Terrimonas,Bacteria,1,0.0,0.0,False,140.0,False,False
warning_biogas_quality,BAC_G::Terrimonas,Bacteria,1,0.0,0.0,False,138.0,False,False
warning_acid_base_balance,BAC_G::Tetrasphaera,Bacteria,1,0.0,0.0,True,141.0,False,False
warning_buffer_capacity,BAC_G::Tetrasphaera,Bacteria,1,0.0,0.0,True,134.5,False,False
warning_acid_accumulation,BAC_G::Tetrasphaera,Bacteria,1,,,True,,False,False
warning_ammonia_toxicity,BAC_G::Tetrasphaera,Bacteria,1,0.0,0.0,True,140.0,False,False
warning_biogas_quality,BAC_G::Tetrasphaera,Bacteria,1,0.0,0.0,True,138.0,False,False
warning_acid_base_balance,BAC_G::Thauera,Bacteria,1,0.0,0.0,True,141.0,False,False
warning_buffer_capacity,BAC_G::Thauera,Bacteria,1,0.0,0.0,True,134.5,False,False
warning_acid_accumulation,BAC_G::Thauera,Bacteria,1,,,True,,False,False
warning_ammonia_toxicity,BAC_G::Thauera,Bacteria,1,0.0,0.0,True,140.0,False,False
warning_biogas_quality,BAC_G::Thauera,Bacteria,1,0.0,0.0,True,138.0,False,False
warning_acid_base_balance,BAC_G::Thermoanaerobaculum,Bacteria,1,0.0,0.0,True,141.0,False,False
warning_buffer_capacity,BAC_G::Thermoanaerobaculum,Bacteria,1,0.0,0.0,True,134.5,False,False
warning_acid_accumulation,BAC_G::Thermoanaerobaculum,Bacteria,1,,,True,,False,False
warning_ammonia_toxicity,BAC_G::Thermoanaerobaculum,Bacteria,1,0.0,0.0,True,140.0,False,False
warning_biogas_quality,BAC_G::Thermoanaerobaculum,Bacteria,1,0.0,0.0,True,138.0,False,False
warning_acid_base_balance,BAC_G::Thermomonas,Bacteria,1,0.0,0.0,True,141.0,False,False
warning_buffer_capacity,BAC_G::Thermomonas,Bacteria,1,0.0,0.0,True,134.5,False,False
warning_acid_accumulation,BAC_G::Thermomonas,Bacteria,1,,,True,,False,False
warning_ammonia_toxicity,BAC_G::Thermomonas,Bacteria,1,0.0,0.0,True,140.0,False,False
warning_biogas_quality,BAC_G::Thermomonas,Bacteria,1,0.0,0.0,True,138.0,False,False
warning_acid_base_balance,BAC_G::Thermovirga,Bacteria,1,0.0,0.0,True,141.0,False,False
warning_buffer_capacity,BAC_G::Thermovirga,Bacteria,1,0.0,0.0,True,134.5,False,False
warning_acid_accumulation,BAC_G::Thermovirga,Bacteria,1,,,True,,False,False
warning_ammonia_toxicity,BAC_G::Thermovirga,Bacteria,1,0.0,0.0,True,140.0,False,False
warning_biogas_quality,BAC_G::Thermovirga,Bacteria,1,0.0,0.0,True,138.0,False,False
warning_acid_base_balance,BAC_G::Thermus,Bacteria,1,0.0,0.0,True,141.0,False,False
warning_buffer_capacity,BAC_G::Thermus,Bacteria,1,0.0,0.0,True,134.5,False,False
warning_acid_accumulation,BAC_G::Thermus,Bacteria,1,,,True,,False,False
warning_ammonia_toxicity,BAC_G::Thermus,Bacteria,1,0.0,0.0,True,140.0,False,False
warning_biogas_quality,BAC_G::Thermus,Bacteria,1,0.0,0.0,True,138.0,False,False
warning_acid_base_balance,BAC_G::Tissierella,Bacteria,1,0.0,0.0,True,141.0,False,False
warning_buffer_capacity,BAC_G::Tissierella,Bacteria,1,0.0,0.0,True,134.5,False,False
warning_acid_accumulation,BAC_G::Tissierella,Bacteria,1,,,True,,False,False
warning_ammonia_toxicity,BAC_G::Tissierella,Bacteria,1,0.0,0.0,True,140.0,False,False
warning_biogas_quality,BAC_G::Tissierella,Bacteria,1,0.0,0.0,True,138.0,False,False
warning_acid_base_balance,BAC_G::Treponema,Bacteria,1,0.0,0.0,True,141.0,False,False
warning_buffer_capacity,BAC_G::Treponema,Bacteria,1,0.0,0.0,True,134.5,False,False
warning_acid_accumulation,BAC_G::Treponema,Bacteria,1,,,True,,False,False
warning_ammonia_toxicity,BAC_G::Treponema,Bacteria,1,0.0,0.0,True,140.0,False,False
warning_biogas_quality,BAC_G::Treponema,Bacteria,1,0.0,0.0,True,138.0,False,False
warning_acid_base_balance,BAC_G::Truepera,Bacteria,1,0.0,0.0,True,141.0,False,False
warning_buffer_capacity,BAC_G::Truepera,Bacteria,1,0.0,0.0,True,134.5,False,False
warning_acid_accumulation,BAC_G::Truepera,Bacteria,1,,,True,,False,False
warning_ammonia_toxicity,BAC_G::Truepera,Bacteria,1,0.0,0.0,True,140.0,False,False
warning_biogas_quality,BAC_G::Truepera,Bacteria,1,0.0,0.0,True,138.0,False,False
warning_acid_base_balance,BAC_G::UCG-010,Bacteria,1,0.0,0.0,True,141.0,False,False
warning_buffer_capacity,BAC_G::UCG-010,Bacteria,1,0.0,0.0,True,134.5,False,False
warning_acid_accumulation,BAC_G::UCG-010,Bacteria,1,,,True,,False,False
warning_ammonia_toxicity,BAC_G::UCG-010,Bacteria,1,0.0,0.0,True,140.0,False,False
warning_biogas_quality,BAC_G::UCG-010,Bacteria,1,0.0,0.0,True,138.0,False,False
warning_acid_base_balance,BAC_G::W27,Bacteria,1,0.0,0.0,True,141.0,False,False
warning_buffer_capacity,BAC_G::W27,Bacteria,1,0.0,0.0,True,134.5,False,False
warning_acid_accumulation,BAC_G::W27,Bacteria,1,,,True,,False,False
warning_ammonia_toxicity,BAC_G::W27,Bacteria,1,0.0,0.0,True,140.0,False,False
warning_biogas_quality,BAC_G::W27,Bacteria,1,0.0,0.0,True,138.0,False,False
warning_acid_base_balance,BAC_G::W5,Bacteria,1,0.0,0.0,True,141.0,False,False
warning_buffer_capacity,BAC_G::W5,Bacteria,1,0.0,0.0,True,134.5,False,False
warning_acid_accumulation,BAC_G::W5,Bacteria,1,,,True,,False,False
warning_ammonia_toxicity,BAC_G::W5,Bacteria,1,0.0,0.0,True,140.0,False,False
warning_biogas_quality,BAC_G::W5,Bacteria,1,0.0,0.0,True,138.0,False,False
warning_acid_base_balance,BAC_G::W5053,Bacteria,1,0.0,0.0,True,141.0,False,False
warning_buffer_capacity,BAC_G::W5053,Bacteria,1,0.0,0.0,True,134.5,False,False
warning_acid_accumulation,BAC_G::W5053,Bacteria,1,,,True,,False,False
warning_ammonia_toxicity,BAC_G::W5053,Bacteria,1,0.0,0.0,True,140.0,False,False
warning_biogas_quality,BAC_G::W5053,Bacteria,1,0.0,0.0,True,138.0,False,False
warning_acid_base_balance,BAC_G::WCHB1-02,Bacteria,1,0.0,0.0,True,141.0,False,False
warning_buffer_capacity,BAC_G::WCHB1-02,Bacteria,1,0.0,0.0,True,134.5,False,False
warning_acid_accumulation,BAC_G::WCHB1-02,Bacteria,1,,,True,,False,False
warning_ammonia_toxicity,BAC_G::WCHB1-02,Bacteria,1,0.0,0.0,True,140.0,False,False
warning_biogas_quality,BAC_G::WCHB1-02,Bacteria,1,0.0,0.0,True,138.0,False,False
warning_acid_base_balance,BAC_G::WCHB1-41,Bacteria,1,0.0,0.0,True,141.0,False,False
warning_buffer_capacity,BAC_G::WCHB1-41,Bacteria,1,0.0,0.0,True,134.5,False,False
warning_acid_accumulation,BAC_G::WCHB1-41,Bacteria,1,,,True,,False,False
warning_ammonia_toxicity,BAC_G::WCHB1-41,Bacteria,1,0.0,0.0,True,140.0,False,False
warning_biogas_quality,BAC_G::WCHB1-41,Bacteria,1,0.0,0.0,True,138.0,False,False
warning_acid_base_balance,BAC_G::WCHB1-81,Bacteria,1,0.0,0.0,True,141.0,False,False
warning_buffer_capacity,BAC_G::WCHB1-81,Bacteria,1,0.0,0.0,True,134.5,False,False
warning_acid_accumulation,BAC_G::WCHB1-81,Bacteria,1,,,True,,False,False
warning_ammonia_toxicity,BAC_G::WCHB1-81,Bacteria,1,0.0,0.0,True,140.0,False,False
warning_biogas_quality,BAC_G::WCHB1-81,Bacteria,1,0.0,0.0,True,138.0,False,False
warning_acid_base_balance,BAC_G::Zoogloea,Bacteria,1,0.0,0.0,True,141.0,False,False
warning_buffer_capacity,BAC_G::Zoogloea,Bacteria,1,0.0,0.0,True,134.5,False,False
warning_acid_accumulation,BAC_G::Zoogloea,Bacteria,1,,,True,,False,False
warning_ammonia_toxicity,BAC_G::Zoogloea,Bacteria,1,0.0,0.0,True,140.0,False,False
warning_biogas_quality,BAC_G::Zoogloea,Bacteria,1,0.0,0.0,True,138.0,False,False
warning_acid_base_balance,BAC_G::p-251-o5,Bacteria,1,0.0,0.0,False,141.0,False,False
warning_buffer_capacity,BAC_G::p-251-o5,Bacteria,1,0.0,0.0,False,134.5,False,False
warning_acid_accumulation,BAC_G::p-251-o5,Bacteria,1,,,False,,False,False
warning_ammonia_toxicity,BAC_G::p-251-o5,Bacteria,1,0.0,0.0,False,140.0,False,False
warning_biogas_quality,BAC_G::p-251-o5,Bacteria,1,0.0,0.0,False,138.0,False,False
warning_acid_base_balance,BAC_G::unidentified,Bacteria,1,0.0,0.0,True,141.0,False,False
warning_buffer_capacity,BAC_G::unidentified,Bacteria,1,-0.0003679653679653644,0.002028174333354542,True,265.0,False,False
warning_acid_accumulation,BAC_G::unidentified,Bacteria,1,,,True,,False,False
warning_ammonia_toxicity,BAC_G::unidentified,Bacteria,1,0.0,0.0,True,140.0,False,False
warning_biogas_quality,BAC_G::unidentified,Bacteria,1,0.0,0.0,True,138.0,False,False
warning_acid_base_balance,ARC_P::Aenigmarchaeota,Archaea,1,0.0,0.0,True,141.0,False,False
warning_buffer_capacity,ARC_P::Aenigmarchaeota,Archaea,1,0.0,0.0,True,134.5,False,False
warning_acid_accumulation,ARC_P::Aenigmarchaeota,Archaea,1,,,True,,False,False
warning_ammonia_toxicity,ARC_P::Aenigmarchaeota,Archaea,1,0.0,0.0,True,140.0,False,False
warning_biogas_quality,ARC_P::Aenigmarchaeota,Archaea,1,0.0,0.0,True,138.0,False,False
warning_acid_base_balance,ARC_P::Asgardarchaeota,Archaea,1,0.0,0.0,True,141.0,False,False
warning_buffer_capacity,ARC_P::Asgardarchaeota,Archaea,1,0.0,0.0,True,134.5,False,False
warning_acid_accumulation,ARC_P::Asgardarchaeota,Archaea,1,,,True,,False,False
warning_ammonia_toxicity,ARC_P::Asgardarchaeota,Archaea,1,0.0,0.0,True,140.0,False,False
warning_biogas_quality,ARC_P::Asgardarchaeota,Archaea,1,0.0,0.0,True,138.0,False,False
warning_acid_base_balance,ARC_P::Crenarchaeota,Archaea,1,0.0,0.0,True,141.0,False,False
warning_buffer_capacity,ARC_P::Crenarchaeota,Archaea,1,0.0,0.0,True,134.5,False,False
warning_acid_accumulation,ARC_P::Crenarchaeota,Archaea,1,,,True,,False,False
warning_ammonia_toxicity,ARC_P::Crenarchaeota,Archaea,1,0.0,0.0,True,140.0,False,False
warning_biogas_quality,ARC_P::Crenarchaeota,Archaea,1,0.0,0.0,True,138.0,False,False
warning_acid_base_balance,ARC_P::Cryptomycota,Archaea,1,0.0,0.0,True,141.0,False,False
warning_buffer_capacity,ARC_P::Cryptomycota,Archaea,1,0.0,0.0,True,134.5,False,False
warning_acid_accumulation,ARC_P::Cryptomycota,Archaea,1,,,True,,False,False
warning_ammonia_toxicity,ARC_P::Cryptomycota,Archaea,1,0.0,0.0,True,140.0,False,False
warning_biogas_quality,ARC_P::Cryptomycota,Archaea,1,0.0,0.0,True,138.0,False,False
warning_acid_base_balance,ARC_P::Euryarchaeota,Archaea,1,0.0,0.0,True,141.0,False,False
warning_buffer_capacity,ARC_P::Euryarchaeota,Archaea,1,0.0,0.0,True,134.5,False,False
warning_acid_accumulation,ARC_P::Euryarchaeota,Archaea,1,,,True,,False,False
warning_ammonia_toxicity,ARC_P::Euryarchaeota,Archaea,1,-0.0035714285714285752,0.0087225606793458,True,274.0,False,False
warning_biogas_quality,ARC_P::Euryarchaeota,Archaea,1,0.0,0.0,True,138.0,False,False
warning_acid_base_balance,ARC_P::Hadarchaeota,Archaea,1,0.0,0.0,True,141.0,False,False
warning_buffer_capacity,ARC_P::Hadarchaeota,Archaea,1,0.0,0.0,True,134.5,False,False
warning_acid_accumulation,ARC_P::Hadarchaeota,Archaea,1,,,True,,False,False
warning_ammonia_toxicity,ARC_P::Hadarchaeota,Archaea,1,0.0,0.0,True,140.0,False,False
warning_biogas_quality,ARC_P::Hadarchaeota,Archaea,1,0.0,0.0,True,138.0,False,False
warning_acid_base_balance,ARC_P::Halobacterota,Archaea,1,0.0,0.0,True,141.0,False,False
warning_buffer_capacity,ARC_P::Halobacterota,Archaea,1,0.0,0.0,True,134.5,False,False
warning_acid_accumulation,ARC_P::Halobacterota,Archaea,1,,,True,,False,False
warning_ammonia_toxicity,ARC_P::Halobacterota,Archaea,1,0.050863095238095235,0.03238645452572153,True,4.0,True,True
warning_biogas_quality,ARC_P::Halobacterota,Archaea,1,0.0,0.0,True,138.0,False,False
warning_acid_base_balance,ARC_P::Holozoa,Archaea,1,0.0,0.0,True,141.0,False,False
warning_buffer_capacity,ARC_P::Holozoa,Archaea,1,0.0,0.0,True,134.5,False,False
warning_acid_accumulation,ARC_P::Holozoa,Archaea,1,,,True,,False,False
warning_ammonia_toxicity,ARC_P::Holozoa,Archaea,1,0.0,0.0,True,140.0,False,False
warning_biogas_quality,ARC_P::Holozoa,Archaea,1,0.0,0.0,True,138.0,False,False
warning_acid_base_balance,ARC_P::Iainarchaeota,Archaea,1,0.0,0.0,True,141.0,False,False
warning_buffer_capacity,ARC_P::Iainarchaeota,Archaea,1,0.0,0.0,True,134.5,False,False
warning_acid_accumulation,ARC_P::Iainarchaeota,Archaea,1,,,True,,False,False
warning_ammonia_toxicity,ARC_P::Iainarchaeota,Archaea,1,0.0,0.0,True,140.0,False,False
warning_biogas_quality,ARC_P::Iainarchaeota,Archaea,1,0.0,0.0,True,138.0,False,False
warning_acid_base_balance,ARC_P::Micrarchaeota,Archaea,1,0.0,0.0,True,141.0,False,False
warning_buffer_capacity,ARC_P::Micrarchaeota,Archaea,1,0.0,0.0,True,134.5,False,False
warning_acid_accumulation,ARC_P::Micrarchaeota,Archaea,1,,,True,,False,False
warning_ammonia_toxicity,ARC_P::Micrarchaeota,Archaea,1,0.0,0.0,True,140.0,False,False
warning_biogas_quality,ARC_P::Micrarchaeota,Archaea,1,0.0,0.0,True,138.0,False,False
warning_acid_base_balance,ARC_P::Mollusca,Archaea,1,0.0,0.0,True,141.0,False,False
warning_buffer_capacity,ARC_P::Mollusca,Archaea,1,0.0,0.0,True,134.5,False,False
warning_acid_accumulation,ARC_P::Mollusca,Archaea,1,,,True,,False,False
warning_ammonia_toxicity,ARC_P::Mollusca,Archaea,1,0.0,0.0,True,140.0,False,False
warning_biogas_quality,ARC_P::Mollusca,Archaea,1,0.0,0.0,True,138.0,False,False
warning_acid_base_balance,ARC_P::Nanoarchaeota,Archaea,1,0.0,0.0,True,141.0,False,False
warning_buffer_capacity,ARC_P::Nanoarchaeota,Archaea,1,0.0,0.0,True,134.5,False,False
warning_acid_accumulation,ARC_P::Nanoarchaeota,Archaea,1,,,True,,False,False
warning_ammonia_toxicity,ARC_P::Nanoarchaeota,Archaea,1,0.0,0.0,True,140.0,False,False
warning_biogas_quality,ARC_P::Nanoarchaeota,Archaea,1,0.0,0.0,True,138.0,False,False
warning_acid_base_balance,ARC_P::Thermoplasmatota,Archaea,1,0.0,0.0,True,141.0,False,False
warning_buffer_capacity,ARC_P::Thermoplasmatota,Archaea,1,0.0,0.0,True,134.5,False,False
warning_acid_accumulation,ARC_P::Thermoplasmatota,Archaea,1,,,True,,False,False
warning_ammonia_toxicity,ARC_P::Thermoplasmatota,Archaea,1,0.0,0.0,True,140.0,False,False
warning_biogas_quality,ARC_P::Thermoplasmatota,Archaea,1,0.0,0.0,True,138.0,False,False
warning_acid_base_balance,ARC_P::Vertebrata,Archaea,1,0.0,0.0,True,141.0,False,False
warning_buffer_capacity,ARC_P::Vertebrata,Archaea,1,0.0,0.0,True,134.5,False,False
warning_acid_accumulation,ARC_P::Vertebrata,Archaea,1,,,True,,False,False
warning_ammonia_toxicity,ARC_P::Vertebrata,Archaea,1,0.0,0.0,True,140.0,False,False
warning_biogas_quality,ARC_P::Vertebrata,Archaea,1,0.0,0.0,True,138.0,False,False
warning_acid_base_balance,ARC_P::unidentified,Archaea,1,-0.08450396825396829,0.10082057434177746,True,276.0,False,False
warning_buffer_capacity,ARC_P::unidentified,Archaea,1,0.0,0.0,True,134.5,False,False
warning_acid_accumulation,ARC_P::unidentified,Archaea,1,,,True,,False,False
warning_ammonia_toxicity,ARC_P::unidentified,Archaea,1,0.0,0.0,True,140.0,False,False
warning_biogas_quality,ARC_P::unidentified,Archaea,1,0.0,0.0,True,138.0,False,False
warning_acid_base_balance,ARC_G::Aenigmarchaeales,Archaea,1,0.0,0.0,True,141.0,False,False
warning_buffer_capacity,ARC_G::Aenigmarchaeales,Archaea,1,0.0,0.0,True,134.5,False,False
warning_acid_accumulation,ARC_G::Aenigmarchaeales,Archaea,1,,,True,,False,False
warning_ammonia_toxicity,ARC_G::Aenigmarchaeales,Archaea,1,0.0,0.0,True,140.0,False,False
warning_biogas_quality,ARC_G::Aenigmarchaeales,Archaea,1,0.0,0.0,True,138.0,False,False
warning_acid_base_balance,ARC_G::Bathyarchaeia,Archaea,1,0.0,0.0,True,141.0,False,False
warning_buffer_capacity,ARC_G::Bathyarchaeia,Archaea,1,0.0,0.0,True,134.5,False,False
warning_acid_accumulation,ARC_G::Bathyarchaeia,Archaea,1,,,True,,False,False
warning_ammonia_toxicity,ARC_G::Bathyarchaeia,Archaea,1,0.0,0.0,True,140.0,False,False
warning_biogas_quality,ARC_G::Bathyarchaeia,Archaea,1,0.0,0.0,True,138.0,False,False
warning_acid_base_balance,ARC_G::Candidatus_Iainarchaeum,Archaea,1,0.0,0.0,True,141.0,False,False
warning_buffer_capacity,ARC_G::Candidatus_Iainarchaeum,Archaea,1,0.0,0.0,True,134.5,False,False
warning_acid_accumulation,ARC_G::Candidatus_Iainarchaeum,Archaea,1,,,True,,False,False
warning_ammonia_toxicity,ARC_G::Candidatus_Iainarchaeum,Archaea,1,0.0,0.0,True,140.0,False,False
warning_biogas_quality,ARC_G::Candidatus_Iainarchaeum,Archaea,1,0.0,0.0,True,138.0,False,False
warning_acid_base_balance,ARC_G::Candidatus_Methanofastidiosum,Archaea,1,0.0,0.0,True,141.0,False,False
warning_buffer_capacity,ARC_G::Candidatus_Methanofastidiosum,Archaea,1,0.0,0.0,True,134.5,False,False
warning_acid_accumulation,ARC_G::Candidatus_Methanofastidiosum,Archaea,1,,,True,,False,False
warning_ammonia_toxicity,ARC_G::Candidatus_Methanofastidiosum,Archaea,1,0.0,0.0,True,140.0,False,False
warning_biogas_quality,ARC_G::Candidatus_Methanofastidiosum,Archaea,1,0.0,0.0,True,138.0,False,False
warning_acid_base_balance,ARC_G::Candidatus_Methanogranum,Archaea,1,0.0,0.0,True,141.0,False,False
warning_buffer_capacity,ARC_G::Candidatus_Methanogranum,Archaea,1,0.0,0.0,True,134.5,False,False
warning_acid_accumulation,ARC_G::Candidatus_Methanogranum,Archaea,1,,,True,,False,False
warning_ammonia_toxicity,ARC_G::Candidatus_Methanogranum,Archaea,1,0.0,0.0,True,140.0,False,False
warning_biogas_quality,ARC_G::Candidatus_Methanogranum,Archaea,1,0.0,0.0,True,138.0,False,False
warning_acid_base_balance,ARC_G::Candidatus_Methanomethylicus,Archaea,1,0.0,0.0,True,141.0,False,False
warning_buffer_capacity,ARC_G::Candidatus_Methanomethylicus,Archaea,1,0.0,0.0,True,134.5,False,False
warning_acid_accumulation,ARC_G::Candidatus_Methanomethylicus,Archaea,1,,,True,,False,False
warning_ammonia_toxicity,ARC_G::Candidatus_Methanomethylicus,Archaea,1,0.0,0.0,True,140.0,False,False
warning_biogas_quality,ARC_G::Candidatus_Methanomethylicus,Archaea,1,0.0,0.0,True,138.0,False,False
warning_acid_base_balance,ARC_G::Candidatus_Methanomethylophilus,Archaea,1,0.0,0.0,True,141.0,False,False
warning_buffer_capacity,ARC_G::Candidatus_Methanomethylophilus,Archaea,1,0.0,0.0,True,134.5,False,False
warning_acid_accumulation,ARC_G::Candidatus_Methanomethylophilus,Archaea,1,,,True,,False,False
warning_ammonia_toxicity,ARC_G::Candidatus_Methanomethylophilus,Archaea,1,0.0,0.0,True,140.0,False,False
warning_biogas_quality,ARC_G::Candidatus_Methanomethylophilus,Archaea,1,0.0,0.0,True,138.0,False,False
warning_acid_base_balance,ARC_G::Candidatus_Methanoplasma,Archaea,1,0.0,0.0,True,141.0,False,False
warning_buffer_capacity,ARC_G::Candidatus_Methanoplasma,Archaea,1,-0.0035389610389610373,0.007749775292371835,True,270.0,False,False
warning_acid_accumulation,ARC_G::Candidatus_Methanoplasma,Archaea,1,,,True,,False,False
warning_ammonia_toxicity,ARC_G::Candidatus_Methanoplasma,Archaea,1,0.0,0.0,True,140.0,False,False
warning_biogas_quality,ARC_G::Candidatus_Methanoplasma,Archaea,1,0.0,0.0,True,138.0,False,False
warning_acid_base_balance,ARC_G::Candidatus_Nitrocosmicus,Archaea,1,0.0,0.0,True,141.0,False,False
warning_buffer_capacity,ARC_G::Candidatus_Nitrocosmicus,Archaea,1,0.0,0.0,True,134.5,False,False
warning_acid_accumulation,ARC_G::Candidatus_Nitrocosmicus,Archaea,1,,,True,,False,False
warning_ammonia_toxicity,ARC_G::Candidatus_Nitrocosmicus,Archaea,1,0.0,0.0,True,140.0,False,False
warning_biogas_quality,ARC_G::Candidatus_Nitrocosmicus,Archaea,1,0.0,0.0,True,138.0,False,False
warning_acid_base_balance,ARC_G::Hadarchaeales,Archaea,1,0.0,0.0,True,141.0,False,False
warning_buffer_capacity,ARC_G::Hadarchaeales,Archaea,1,0.0,0.0,True,134.5,False,False
warning_acid_accumulation,ARC_G::Hadarchaeales,Archaea,1,,,True,,False,False
warning_ammonia_toxicity,ARC_G::Hadarchaeales,Archaea,1,0.0,0.0,True,140.0,False,False
warning_biogas_quality,ARC_G::Hadarchaeales,Archaea,1,0.0,0.0,True,138.0,False,False
warning_acid_base_balance,ARC_G::LKM11,Archaea,1,0.0,0.0,True,141.0,False,False
warning_buffer_capacity,ARC_G::LKM11,Archaea,1,0.0,0.0,True,134.5,False,False
warning_acid_accumulation,ARC_G::LKM11,Archaea,1,,,True,,False,False
warning_ammonia_toxicity,ARC_G::LKM11,Archaea,1,0.0,0.0,True,140.0,False,False
warning_biogas_quality,ARC_G::LKM11,Archaea,1,0.0,0.0,True,138.0,False,False
warning_acid_base_balance,ARC_G::Lokiarchaeia,Archaea,1,0.0,0.0,True,141.0,False,False
warning_buffer_capacity,ARC_G::Lokiarchaeia,Archaea,1,0.0,0.0,True,134.5,False,False
warning_acid_accumulation,ARC_G::Lokiarchaeia,Archaea,1,,,True,,False,False
warning_ammonia_toxicity,ARC_G::Lokiarchaeia,Archaea,1,0.0,0.0,True,140.0,False,False
warning_biogas_quality,ARC_G::Lokiarchaeia,Archaea,1,0.0,0.0,True,138.0,False,False
warning_acid_base_balance,ARC_G::Marine_Benthic_Group_D_and_DHVEG-1,Archaea,1,0.0,0.0,True,141.0,False,False
warning_buffer_capacity,ARC_G::Marine_Benthic_Group_D_and_DHVEG-1,Archaea,1,0.0,0.0,True,134.5,False,False
warning_acid_accumulation,ARC_G::Marine_Benthic_Group_D_and_DHVEG-1,Archaea,1,,,True,,False,False
warning_ammonia_toxicity,ARC_G::Marine_Benthic_Group_D_and_DHVEG-1,Archaea,1,0.0,0.0,True,140.0,False,False
warning_biogas_quality,ARC_G::Marine_Benthic_Group_D_and_DHVEG-1,Archaea,1,0.0,0.0,True,138.0,False,False
warning_acid_base_balance,ARC_G::Methanimicrococcus,Archaea,1,0.0,0.0,True,141.0,False,False
warning_buffer_capacity,ARC_G::Methanimicrococcus,Archaea,1,0.0,0.0,True,134.5,False,False
warning_acid_accumulation,ARC_G::Methanimicrococcus,Archaea,1,,,True,,False,False
warning_ammonia_toxicity,ARC_G::Methanimicrococcus,Archaea,1,0.0,0.0,True,140.0,False,False
warning_biogas_quality,ARC_G::Methanimicrococcus,Archaea,1,0.0,0.0,True,138.0,False,False
warning_acid_base_balance,ARC_G::Methanocorpusculum,Archaea,1,0.0,0.0,True,141.0,False,False
warning_buffer_capacity,ARC_G::Methanocorpusculum,Archaea,1,0.0,0.0,True,134.5,False,False
warning_acid_accumulation,ARC_G::Methanocorpusculum,Archaea,1,,,True,,False,False
warning_ammonia_toxicity,ARC_G::Methanocorpusculum,Archaea,1,0.0,0.0,True,140.0,False,False
warning_biogas_quality,ARC_G::Methanocorpusculum,Archaea,1,0.0,0.0,True,138.0,False,False
warning_acid_base_balance,ARC_G::Methanoculleus,Archaea,1,0.005357142857142843,0.014134362542380617,True,7.0,True,True
warning_buffer_capacity,ARC_G::Methanoculleus,Archaea,1,0.0,0.0,True,134.5,False,False
warning_acid_accumulation,ARC_G::Methanoculleus,Archaea,1,,,True,,False,False
warning_ammonia_toxicity,ARC_G::Methanoculleus,Archaea,1,0.0,0.0,True,140.0,False,False
warning_biogas_quality,ARC_G::Methanoculleus,Archaea,1,0.0,0.0,True,138.0,False,False
warning_acid_base_balance,ARC_G::Methanofollis,Archaea,1,0.0,0.0,True,141.0,False,False
warning_buffer_capacity,ARC_G::Methanofollis,Archaea,1,0.0,0.0,True,134.5,False,False
warning_acid_accumulation,ARC_G::Methanofollis,Archaea,1,,,True,,False,False
warning_ammonia_toxicity,ARC_G::Methanofollis,Archaea,1,0.0,0.0,True,140.0,False,False
warning_biogas_quality,ARC_G::Methanofollis,Archaea,1,0.0,0.0,True,138.0,False,False
warning_acid_base_balance,ARC_G::Methanogenium,Archaea,1,0.0,0.0,True,141.0,False,False
warning_buffer_capacity,ARC_G::Methanogenium,Archaea,1,0.0,0.0,True,134.5,False,False
warning_acid_accumulation,ARC_G::Methanogenium,Archaea,1,,,True,,False,False
warning_ammonia_toxicity,ARC_G::Methanogenium,Archaea,1,0.0,0.0,True,140.0,False,False
warning_biogas_quality,ARC_G::Methanogenium,Archaea,1,0.0,0.0,True,138.0,False,False
warning_acid_base_balance,ARC_G::Methanolacinia,Archaea,1,0.0,0.0,True,141.0,False,False
warning_buffer_capacity,ARC_G::Methanolacinia,Archaea,1,0.0,0.0,True,134.5,False,False
warning_acid_accumulation,ARC_G::Methanolacinia,Archaea,1,,,True,,False,False
warning_ammonia_toxicity,ARC_G::Methanolacinia,Archaea,1,0.0,0.0,True,140.0,False,False
warning_biogas_quality,ARC_G::Methanolacinia,Archaea,1,0.0,0.0,True,138.0,False,False
warning_acid_base_balance,ARC_G::Methanolinea,Archaea,1,0.0,0.0,True,141.0,False,False
warning_buffer_capacity,ARC_G::Methanolinea,Archaea,1,0.0,0.0,True,134.5,False,False
warning_acid_accumulation,ARC_G::Methanolinea,Archaea,1,,,True,,False,False
warning_ammonia_toxicity,ARC_G::Methanolinea,Archaea,1,0.0,0.0,True,140.0,False,False
warning_biogas_quality,ARC_G::Methanolinea,Archaea,1,0.0,0.0,True,138.0,False,False
warning_acid_base_balance,ARC_G::Methanolobus,Archaea,1,0.0,0.0,False,141.0,False,False
warning_buffer_capacity,ARC_G::Methanolobus,Archaea,1,0.0,0.0,False,134.5,False,False
warning_acid_accumulation,ARC_G::Methanolobus,Archaea,1,,,False,,False,False
warning_ammonia_toxicity,ARC_G::Methanolobus,Archaea,1,0.0,0.0,False,140.0,False,False
warning_biogas_quality,ARC_G::Methanolobus,Archaea,1,0.0,0.0,False,138.0,False,False
warning_acid_base_balance,ARC_G::Methanomassiliicoccus,Archaea,1,0.0,0.0,True,141.0,False,False
warning_buffer_capacity,ARC_G::Methanomassiliicoccus,Archaea,1,0.0,0.0,True,134.5,False,False
warning_acid_accumulation,ARC_G::Methanomassiliicoccus,Archaea,1,,,True,,False,False
warning_ammonia_toxicity,ARC_G::Methanomassiliicoccus,Archaea,1,0.0,0.0,True,140.0,False,False
warning_biogas_quality,ARC_G::Methanomassiliicoccus,Archaea,1,0.0,0.0,True,138.0,False,False
warning_acid_base_balance,ARC_G::Methanomethylovorans,Archaea,1,0.0,0.0,True,141.0,False,False
warning_buffer_capacity,ARC_G::Methanomethylovorans,Archaea,1,0.0,0.0,True,134.5,False,False
warning_acid_accumulation,ARC_G::Methanomethylovorans,Archaea,1,,,True,,False,False
warning_ammonia_toxicity,ARC_G::Methanomethylovorans,Archaea,1,0.0,0.0,True,140.0,False,False
warning_biogas_quality,ARC_G::Methanomethylovorans,Archaea,1,0.0,0.0,True,138.0,False,False
warning_acid_base_balance,ARC_G::Methanoregula,Archaea,1,0.0,0.0,True,141.0,False,False
warning_buffer_capacity,ARC_G::Methanoregula,Archaea,1,0.0,0.0,True,134.5,False,False
warning_acid_accumulation,ARC_G::Methanoregula,Archaea,1,,,True,,False,False
warning_ammonia_toxicity,ARC_G::Methanoregula,Archaea,1,0.0,0.0,True,140.0,False,False
warning_biogas_quality,ARC_G::Methanoregula,Archaea,1,0.0,0.0,True,138.0,False,False
warning_acid_base_balance,ARC_G::Methanosaeta,Archaea,1,0.035348124098124066,0.03362247811465972,True,2.0,True,True
warning_buffer_capacity,ARC_G::Methanosaeta,Archaea,1,0.0042596105080961785,0.015091533044670048,True,2.0,True,True
warning_acid_accumulation,ARC_G::Methanosaeta,Archaea,1,,,True,,False,False
warning_ammonia_toxicity,ARC_G::Methanosaeta,Archaea,1,0.0,0.0,True,140.0,False,False
warning_biogas_quality,ARC_G::Methanosaeta,Archaea,1,0.0,0.0,True,138.0,False,False
warning_acid_base_balance,ARC_G::Methanosarcina,Archaea,1,0.0,0.0,True,141.0,False,False
warning_buffer_capacity,ARC_G::Methanosarcina,Archaea,1,-0.008113275613275609,0.006655057106490588,True,272.0,False,False
warning_acid_accumulation,ARC_G::Methanosarcina,Archaea,1,,,True,,False,False
warning_ammonia_toxicity,ARC_G::Methanosarcina,Archaea,1,0.003422619047619041,0.024433303653532145,True,7.0,True,True
warning_biogas_quality,ARC_G::Methanosarcina,Archaea,1,0.0,0.0,True,138.0,False,False
warning_acid_base_balance,ARC_G::Methanosphaerula,Archaea,1,0.0,0.0,True,141.0,False,False
warning_buffer_capacity,ARC_G::Methanosphaerula,Archaea,1,0.0,0.0,True,134.5,False,False
warning_acid_accumulation,ARC_G::Methanosphaerula,Archaea,1,,,True,,False,False
warning_ammonia_toxicity,ARC_G::Methanosphaerula,Archaea,1,0.0,0.0,True,140.0,False,False
warning_biogas_quality,ARC_G::Methanosphaerula,Archaea,1,0.0,0.0,True,138.0,False,False
warning_acid_base_balance,ARC_G::Methanospirillum,Archaea,1,0.0,0.0,True,141.0,False,False
warning_buffer_capacity,ARC_G::Methanospirillum,Archaea,1,0.0,0.0,True,134.5,False,False
warning_acid_accumulation,ARC_G::Methanospirillum,Archaea,1,,,True,,False,False
warning_ammonia_toxicity,ARC_G::Methanospirillum,Archaea,1,0.0,0.0,True,140.0,False,False
warning_biogas_quality,ARC_G::Methanospirillum,Archaea,1,0.004858961128310976,0.0018158731927059367,True,2.0,True,True
warning_acid_base_balance,ARC_G::Micrarchaeales,Archaea,1,0.0,0.0,True,141.0,False,False
warning_buffer_capacity,ARC_G::Micrarchaeales,Archaea,1,0.0,0.0,True,134.5,False,False
warning_acid_accumulation,ARC_G::Micrarchaeales,Archaea,1,,,True,,False,False
warning_ammonia_toxicity,ARC_G::Micrarchaeales,Archaea,1,0.0,0.0,True,140.0,False,False
warning_biogas_quality,ARC_G::Micrarchaeales,Archaea,1,0.0,0.0,True,138.0,False,False
warning_acid_base_balance,ARC_G::Nitrososphaeraceae,Archaea,1,0.0,0.0,True,141.0,False,False
warning_buffer_capacity,ARC_G::Nitrososphaeraceae,Archaea,1,0.0,0.0,True,134.5,False,False
warning_acid_accumulation,ARC_G::Nitrososphaeraceae,Archaea,1,,,True,,False,False
warning_ammonia_toxicity,ARC_G::Nitrososphaeraceae,Archaea,1,0.0,0.0,True,140.0,False,False
warning_biogas_quality,ARC_G::Nitrososphaeraceae,Archaea,1,0.0,0.0,True,138.0,False,False
warning_acid_base_balance,ARC_G::Rhinosporideacae,Archaea,1,0.0,0.0,True,141.0,False,False
warning_buffer_capacity,ARC_G::Rhinosporideacae,Archaea,1,0.0,0.0,True,134.5,False,False
warning_acid_accumulation,ARC_G::Rhinosporideacae,Archaea,1,,,True,,False,False
warning_ammonia_toxicity,ARC_G::Rhinosporideacae,Archaea,1,0.0,0.0,True,140.0,False,False
warning_biogas_quality,ARC_G::Rhinosporideacae,Archaea,1,0.0,0.0,True,138.0,False,False
warning_acid_base_balance,ARC_G::RumEn_M2,Archaea,1,0.0,0.0,True,141.0,False,False
warning_buffer_capacity,ARC_G::RumEn_M2,Archaea,1,0.0,0.0,True,134.5,False,False
warning_acid_accumulation,ARC_G::RumEn_M2,Archaea,1,,,True,,False,False
warning_ammonia_toxicity,ARC_G::RumEn_M2,Archaea,1,0.0,0.0,True,140.0,False,False
warning_biogas_quality,ARC_G::RumEn_M2,Archaea,1,0.0,0.0,True,138.0,False,False
warning_acid_base_balance,ARC_G::SCGC_AAA011-D5,Archaea,1,0.0,0.0,True,141.0,False,False
warning_buffer_capacity,ARC_G::SCGC_AAA011-D5,Archaea,1,0.0,0.0,True,134.5,False,False
warning_acid_accumulation,ARC_G::SCGC_AAA011-D5,Archaea,1,,,True,,False,False
warning_ammonia_toxicity,ARC_G::SCGC_AAA011-D5,Archaea,1,0.0,0.0,True,140.0,False,False
warning_biogas_quality,ARC_G::SCGC_AAA011-D5,Archaea,1,0.0,0.0,True,138.0,False,False
warning_acid_base_balance,ARC_G::Teleostei,Archaea,1,0.0,0.0,True,141.0,False,False
warning_buffer_capacity,ARC_G::Teleostei,Archaea,1,0.0,0.0,True,134.5,False,False
warning_acid_accumulation,ARC_G::Teleostei,Archaea,1,,,True,,False,False
warning_ammonia_toxicity,ARC_G::Teleostei,Archaea,1,0.0,0.0,True,140.0,False,False
warning_biogas_quality,ARC_G::Teleostei,Archaea,1,0.0,0.0,True,138.0,False,False
warning_acid_base_balance,ARC_G::Veneroida,Archaea,1,0.0,0.0,True,141.0,False,False
warning_buffer_capacity,ARC_G::Veneroida,Archaea,1,0.0,0.0,True,134.5,False,False
warning_acid_accumulation,ARC_G::Veneroida,Archaea,1,,,True,,False,False
warning_ammonia_toxicity,ARC_G::Veneroida,Archaea,1,0.0,0.0,True,140.0,False,False
warning_biogas_quality,ARC_G::Veneroida,Archaea,1,0.0,0.0,True,138.0,False,False
warning_acid_base_balance,ARC_G::Woesearchaeales,Archaea,1,0.0,0.0,True,141.0,False,False
warning_buffer_capacity,ARC_G::Woesearchaeales,Archaea,1,0.0,0.0,True,134.5,False,False
warning_acid_accumulation,ARC_G::Woesearchaeales,Archaea,1,,,True,,False,False
warning_ammonia_toxicity,ARC_G::Woesearchaeales,Archaea,1,0.0,0.0,True,140.0,False,False
warning_biogas_quality,ARC_G::Woesearchaeales,Archaea,1,0.0,0.0,True,138.0,False,False
warning_acid_base_balance,ARC_G::unidentified,Archaea,1,0.0,0.0,True,141.0,False,False
warning_buffer_capacity,ARC_G::unidentified,Archaea,1,0.0,0.0,True,134.5,False,False
warning_acid_accumulation,ARC_G::unidentified,Archaea,1,,,True,,False,False
warning_ammonia_toxicity,ARC_G::unidentified,Archaea,1,0.0,0.0,True,140.0,False,False
warning_biogas_quality,ARC_G::unidentified,Archaea,1,0.0,0.0,True,138.0,False,False
warning_acid_base_balance,Season,Metadata: operation/context,2,0.0,0.0,True,138.5,False,False
warning_buffer_capacity,Season,Metadata: operation/context,2,0.0,0.0,True,136.0,False,False
warning_acid_accumulation,Season,Metadata: operation/context,2,0.0,0.0,True,138.5,False,False
warning_ammonia_toxicity,Season,Metadata: operation/context,2,0.0,0.0,True,141.5,False,False
warning_biogas_quality,Season,Metadata: operation/context,2,0.0,0.0,True,137.5,False,False
warning_acid_base_balance,substrate_type,Metadata: substrate,2,0.0,0.0,True,138.5,False,False
warning_buffer_capacity,substrate_type,Metadata: substrate,2,0.0,0.0,True,136.0,False,False
warning_acid_accumulation,substrate_type,Metadata: substrate,2,0.0,0.0,True,138.5,False,False
warning_ammonia_toxicity,substrate_type,Metadata: substrate,2,0.0,0.0,True,141.5,False,False
warning_biogas_quality,substrate_type,Metadata: substrate,2,0.0,0.0,True,137.5,False,False
warning_acid_base_balance,HRT_d,Metadata: operation/context,2,-0.017917117604617623,0.013468057667312204,True,274.0,False,False
warning_buffer_capacity,HRT_d,Metadata: operation/context,2,0.0,0.0,True,136.0,False,False
warning_acid_accumulation,HRT_d,Metadata: operation/context,2,0.0,0.0,True,138.5,False,False
warning_ammonia_toxicity,HRT_d,Metadata: operation/context,2,0.0,0.0,True,141.5,False,False
warning_biogas_quality,HRT_d,Metadata: operation/context,2,0.0,0.0,True,137.5,False,False
warning_acid_base_balance,T_C,Metadata: operation/context,2,0.0,0.0,True,138.5,False,False
warning_buffer_capacity,T_C,Metadata: operation/context,2,0.0,0.0,True,136.0,False,False
warning_acid_accumulation,T_C,Metadata: operation/context,2,0.0,0.0,True,138.5,False,False
warning_ammonia_toxicity,T_C,Metadata: operation/context,2,0.0,0.0,True,141.5,False,False
warning_biogas_quality,T_C,Metadata: operation/context,2,0.0,0.0,True,137.5,False,False
warning_acid_base_balance,Q_total_Tpy,Metadata: operation/context,2,0.0,0.0,True,138.5,False,False
warning_buffer_capacity,Q_total_Tpy,Metadata: operation/context,2,0.0,0.0,True,136.0,False,False
warning_acid_accumulation,Q_total_Tpy,Metadata: operation/context,2,0.0,0.0,True,138.5,False,False
warning_ammonia_toxicity,Q_total_Tpy,Metadata: operation/context,2,0.0,0.0,True,141.5,False,False
warning_biogas_quality,Q_total_Tpy,Metadata: operation/context,2,0.0,0.0,True,137.5,False,False
warning_acid_base_balance,substrate_avg_pH,Metadata: substrate,2,0.0,0.0,True,138.5,False,False
warning_buffer_capacity,substrate_avg_pH,Metadata: substrate,2,0.0,0.0,True,136.0,False,False
warning_acid_accumulation,substrate_avg_pH,Metadata: substrate,2,0.0,0.0,True,138.5,False,False
warning_ammonia_toxicity,substrate_avg_pH,Metadata: substrate,2,0.0,0.0,True,141.5,False,False
warning_biogas_quality,substrate_avg_pH,Metadata: substrate,2,0.0,0.0,True,137.5,False,False
warning_acid_base_balance,substrate_avg_ALK,Metadata: substrate,2,0.0,0.0,True,138.5,False,False
warning_buffer_capacity,substrate_avg_ALK,Metadata: substrate,2,0.00152777777777778,0.011425557855951196,True,6.0,True,True
warning_acid_accumulation,substrate_avg_ALK,Metadata: substrate,2,0.042499999999999996,0.018317377426626157,True,2.0,True,True
warning_ammonia_toxicity,substrate_avg_ALK,Metadata: substrate,2,0.0,0.0,True,141.5,False,False
warning_biogas_quality,substrate_avg_ALK,Metadata: substrate,2,0.0,0.0,True,137.5,False,False
warning_acid_base_balance,substrate_avg_VS,Metadata: substrate,2,0.0,0.0,True,138.5,False,False
warning_buffer_capacity,substrate_avg_VS,Metadata: substrate,2,-0.0013392857142857136,0.0032709602547546708,True,265.5,False,False
warning_acid_accumulation,substrate_avg_VS,Metadata: substrate,2,0.0,0.0,True,138.5,False,False
warning_ammonia_toxicity,substrate_avg_VS,Metadata: substrate,2,0.0,0.0,True,141.5,False,False
warning_biogas_quality,substrate_avg_VS,Metadata: substrate,2,0.0,0.0,True,137.5,False,False
warning_acid_base_balance,substrate_avg_COD,Metadata: substrate,2,0.0,0.0,True,138.5,False,False
warning_buffer_capacity,substrate_avg_COD,Metadata: substrate,2,0.0,0.0,True,136.0,False,False
warning_acid_accumulation,substrate_avg_COD,Metadata: substrate,2,0.0,0.0,True,138.5,False,False
warning_ammonia_toxicity,substrate_avg_COD,Metadata: substrate,2,0.0,0.0,True,141.5,False,False
warning_biogas_quality,substrate_avg_COD,Metadata: substrate,2,-0.022070707070707053,0.01368952168594381,True,273.0,False,False
warning_acid_base_balance,substrate_avg_sCOD,Metadata: substrate,2,0.0,0.0,True,138.5,False,False
warning_buffer_capacity,substrate_avg_sCOD,Metadata: substrate,2,0.0,0.0,True,136.0,False,False
warning_acid_accumulation,substrate_avg_sCOD,Metadata: substrate,2,0.0,0.0,True,138.5,False,False
warning_ammonia_toxicity,substrate_avg_sCOD,Metadata: substrate,2,0.046666666666666634,0.16317392865942784,True,5.0,True,True
warning_biogas_quality,substrate_avg_sCOD,Metadata: substrate,2,0.0,0.0,True,137.5,False,False
warning_acid_base_balance,substrate_avg_TC,Metadata: substrate,2,0.0,0.0,True,138.5,False,False
warning_buffer_capacity,substrate_avg_TC,Metadata: substrate,2,0.0,0.0,True,136.0,False,False
warning_acid_accumulation,substrate_avg_TC,Metadata: substrate,2,0.0,0.0,True,138.5,False,False
warning_ammonia_toxicity,substrate_avg_TC,Metadata: substrate,2,0.0,0.0,True,141.5,False,False
warning_biogas_quality,substrate_avg_TC,Metadata: substrate,2,0.0,0.0,True,137.5,False,False
warning_acid_base_balance,substrate_avg_Protein,Metadata: substrate,2,0.0,0.0,True,138.5,False,False
warning_buffer_capacity,substrate_avg_Protein,Metadata: substrate,2,0.0013888888888888896,0.0028499398669032073,True,7.0,True,True
warning_acid_accumulation,substrate_avg_Protein,Metadata: substrate,2,0.0,0.0,True,138.5,False,False
warning_ammonia_toxicity,substrate_avg_Protein,Metadata: substrate,2,0.0,0.0,True,141.5,False,False
warning_biogas_quality,substrate_avg_Protein,Metadata: substrate,2,0.0,0.0,True,137.5,False,False
warning_acid_base_balance,substrate_avg_Lipid,Metadata: substrate,2,0.0,0.0,True,138.5,False,False
warning_buffer_capacity,substrate_avg_Lipid,Metadata: substrate,2,-0.016128188117352206,0.023310914064048248,True,274.0,False,False
warning_acid_accumulation,substrate_avg_Lipid,Metadata: substrate,2,0.0,0.0,True,138.5,False,False
warning_ammonia_toxicity,substrate_avg_Lipid,Metadata: substrate,2,0.012499999999999978,0.15828715854864386,True,8.0,True,True
warning_biogas_quality,substrate_avg_Lipid,Metadata: substrate,2,0.0,0.0,True,137.5,False,False
warning_acid_base_balance,substrate_avg_TVFAs,Metadata: substrate,2,0.0,0.0,True,138.5,False,False
warning_buffer_capacity,substrate_avg_TVFAs,Metadata: substrate,2,0.0,0.0,True,136.0,False,False
warning_acid_accumulation,substrate_avg_TVFAs,Metadata: substrate,2,0.12092657342657342,0.07887603582819797,True,1.0,True,True
warning_ammonia_toxicity,substrate_avg_TVFAs,Metadata: substrate,2,0.0,0.0,True,141.5,False,False
warning_biogas_quality,substrate_avg_TVFAs,Metadata: substrate,2,0.0,0.0,True,137.5,False,False
warning_acid_base_balance,substrate_avg_HAc,Metadata: substrate,2,0.0,0.0,True,138.5,False,False
warning_buffer_capacity,substrate_avg_HAc,Metadata: substrate,2,0.0,0.0,True,136.0,False,False
warning_acid_accumulation,substrate_avg_HAc,Metadata: substrate,2,0.0,0.0,True,138.5,False,False
warning_ammonia_toxicity,substrate_avg_HAc,Metadata: substrate,2,0.0375,0.0915868871331308,True,7.0,True,True
warning_biogas_quality,substrate_avg_HAc,Metadata: substrate,2,0.0,0.0,True,137.5,False,False
warning_acid_base_balance,substrate_avg_HPro,Metadata: substrate,2,0.0,0.0,True,138.5,False,False
warning_buffer_capacity,substrate_avg_HPro,Metadata: substrate,2,0.0,0.0,True,136.0,False,False
warning_acid_accumulation,substrate_avg_HPro,Metadata: substrate,2,-0.07083333333333333,0.055901699437494734,True,276.0,False,False
warning_ammonia_toxicity,substrate_avg_HPro,Metadata: substrate,2,0.0,0.0,True,141.5,False,False
warning_biogas_quality,substrate_avg_HPro,Metadata: substrate,2,0.0,0.0,True,137.5,False,False
warning_acid_base_balance,BAC_P::Abditibacteriota,Bacteria,2,0.0,0.0,False,138.5,False,False
warning_buffer_capacity,BAC_P::Abditibacteriota,Bacteria,2,0.0,0.0,False,136.0,False,False
warning_acid_accumulation,BAC_P::Abditibacteriota,Bacteria,2,0.0,0.0,False,138.5,False,False
warning_ammonia_toxicity,BAC_P::Abditibacteriota,Bacteria,2,0.0,0.0,False,141.5,False,False
warning_biogas_quality,BAC_P::Abditibacteriota,Bacteria,2,0.0,0.0,False,137.5,False,False
warning_acid_base_balance,BAC_P::Acetothermia,Bacteria,2,0.0,0.0,True,138.5,False,False
warning_buffer_capacity,BAC_P::Acetothermia,Bacteria,2,0.0,0.0,True,136.0,False,False
warning_acid_accumulation,BAC_P::Acetothermia,Bacteria,2,0.0,0.0,True,138.5,False,False
warning_ammonia_toxicity,BAC_P::Acetothermia,Bacteria,2,0.0,0.0,True,141.5,False,False
warning_biogas_quality,BAC_P::Acetothermia,Bacteria,2,0.0,0.0,True,137.5,False,False
warning_acid_base_balance,BAC_P::Acidobacteriota,Bacteria,2,0.0,0.0,True,138.5,False,False
warning_buffer_capacity,BAC_P::Acidobacteriota,Bacteria,2,0.0,0.0,True,136.0,False,False
warning_acid_accumulation,BAC_P::Acidobacteriota,Bacteria,2,0.0,0.0,True,138.5,False,False
warning_ammonia_toxicity,BAC_P::Acidobacteriota,Bacteria,2,0.0,0.0,True,141.5,False,False
warning_biogas_quality,BAC_P::Acidobacteriota,Bacteria,2,0.0,0.0,True,137.5,False,False
warning_acid_base_balance,BAC_P::Actinobacteriota,Bacteria,2,0.0,0.0,True,138.5,False,False
warning_buffer_capacity,BAC_P::Actinobacteriota,Bacteria,2,-0.001785714285714285,0.00366420840030412,True,268.0,False,False
warning_acid_accumulation,BAC_P::Actinobacteriota,Bacteria,2,0.0,0.0,True,138.5,False,False
warning_ammonia_toxicity,BAC_P::Actinobacteriota,Bacteria,2,0.0,0.0,True,141.5,False,False
warning_biogas_quality,BAC_P::Actinobacteriota,Bacteria,2,0.005644910644910656,0.009312987630988418,True,2.0,True,True
warning_acid_base_balance,BAC_P::Armatimonadota,Bacteria,2,0.0,0.0,True,138.5,False,False
warning_buffer_capacity,BAC_P::Armatimonadota,Bacteria,2,0.0,0.0,True,136.0,False,False
warning_acid_accumulation,BAC_P::Armatimonadota,Bacteria,2,0.0,0.0,True,138.5,False,False
warning_ammonia_toxicity,BAC_P::Armatimonadota,Bacteria,2,0.0,0.0,True,141.5,False,False
warning_biogas_quality,BAC_P::Armatimonadota,Bacteria,2,0.0,0.0,True,137.5,False,False
warning_acid_base_balance,BAC_P::Bacteroidota,Bacteria,2,0.0,0.0,True,138.5,False,False
warning_buffer_capacity,BAC_P::Bacteroidota,Bacteria,2,0.010354864433811803,0.006907853426921129,True,2.0,True,True
warning_acid_accumulation,BAC_P::Bacteroidota,Bacteria,2,0.0,0.0,True,138.5,False,False
warning_ammonia_toxicity,BAC_P::Bacteroidota,Bacteria,2,0.0,0.0,True,141.5,False,False
warning_biogas_quality,BAC_P::Bacteroidota,Bacteria,2,-0.06382395382395378,0.04400653337380964,True,275.0,False,False
warning_acid_base_balance,BAC_P::Bdellovibrionota,Bacteria,2,0.0,0.0,True,138.5,False,False
warning_buffer_capacity,BAC_P::Bdellovibrionota,Bacteria,2,0.0,0.0,True,136.0,False,False
warning_acid_accumulation,BAC_P::Bdellovibrionota,Bacteria,2,0.0,0.0,True,138.5,False,False
warning_ammonia_toxicity,BAC_P::Bdellovibrionota,Bacteria,2,0.0,0.0,True,141.5,False,False
warning_biogas_quality,BAC_P::Bdellovibrionota,Bacteria,2,0.0,0.0,True,137.5,False,False
warning_acid_base_balance,BAC_P::Caldatribacteriota,Bacteria,2,-0.0013492063492063528,0.007144443040955917,True,273.0,False,False
warning_buffer_capacity,BAC_P::Caldatribacteriota,Bacteria,2,0.0,0.0,True,136.0,False,False
warning_acid_accumulation,BAC_P::Caldatribacteriota,Bacteria,2,0.0,0.0,True,138.5,False,False
warning_ammonia_toxicity,BAC_P::Caldatribacteriota,Bacteria,2,0.0,0.0,True,141.5,False,False
warning_biogas_quality,BAC_P::Caldatribacteriota,Bacteria,2,0.0,0.0,True,137.5,False,False
warning_acid_base_balance,BAC_P::Caldisericota,Bacteria,2,0.0,0.0,True,138.5,False,False
warning_buffer_capacity,BAC_P::Caldisericota,Bacteria,2,0.0,0.0,True,136.0,False,False
warning_acid_accumulation,BAC_P::Caldisericota,Bacteria,2,0.0,0.0,True,138.5,False,False
warning_ammonia_toxicity,BAC_P::Caldisericota,Bacteria,2,0.0,0.0,True,141.5,False,False
warning_biogas_quality,BAC_P::Caldisericota,Bacteria,2,0.0,0.0,True,137.5,False,False
warning_acid_base_balance,BAC_P::Campilobacterota,Bacteria,2,0.0,0.0,False,138.5,False,False
warning_buffer_capacity,BAC_P::Campilobacterota,Bacteria,2,0.0,0.0,False,136.0,False,False
warning_acid_accumulation,BAC_P::Campilobacterota,Bacteria,2,0.0,0.0,False,138.5,False,False
warning_ammonia_toxicity,BAC_P::Campilobacterota,Bacteria,2,0.0,0.0,False,141.5,False,False
warning_biogas_quality,BAC_P::Campilobacterota,Bacteria,2,0.0,0.0,False,137.5,False,False
warning_acid_base_balance,BAC_P::Chloroflexi,Bacteria,2,0.0,0.0,True,138.5,False,False
warning_buffer_capacity,BAC_P::Chloroflexi,Bacteria,2,0.0,0.0,True,136.0,False,False
warning_acid_accumulation,BAC_P::Chloroflexi,Bacteria,2,0.0,0.0,True,138.5,False,False
warning_ammonia_toxicity,BAC_P::Chloroflexi,Bacteria,2,0.0,0.0,True,141.5,False,False
warning_biogas_quality,BAC_P::Chloroflexi,Bacteria,2,0.0,0.0,True,137.5,False,False
warning_acid_base_balance,BAC_P::Cloacimonadota,Bacteria,2,0.0,0.0,True,138.5,False,False
warning_buffer_capacity,BAC_P::Cloacimonadota,Bacteria,2,0.0,0.0,True,136.0,False,False
warning_acid_accumulation,BAC_P::Cloacimonadota,Bacteria,2,0.0,0.0,True,138.5,False,False
warning_ammonia_toxicity,BAC_P::Cloacimonadota,Bacteria,2,0.0,0.0,True,141.5,False,False
warning_biogas_quality,BAC_P::Cloacimonadota,Bacteria,2,0.0037878787878787845,0.0038862816366861865,True,3.0,True,True
warning_acid_base_balance,BAC_P::Coprothermobacterota,Bacteria,2,0.0,0.0,True,138.5,False,False
warning_buffer_capacity,BAC_P::Coprothermobacterota,Bacteria,2,0.0,0.0,True,136.0,False,False
warning_acid_accumulation,BAC_P::Coprothermobacterota,Bacteria,2,0.0,0.0,True,138.5,False,False
warning_ammonia_toxicity,BAC_P::Coprothermobacterota,Bacteria,2,0.0,0.0,True,141.5,False,False
warning_biogas_quality,BAC_P::Coprothermobacterota,Bacteria,2,0.0,0.0,True,137.5,False,False
warning_acid_base_balance,BAC_P::Cyanobacteria,Bacteria,2,0.0,0.0,False,138.5,False,False
warning_buffer_capacity,BAC_P::Cyanobacteria,Bacteria,2,0.0,0.0,False,136.0,False,False
warning_acid_accumulation,BAC_P::Cyanobacteria,Bacteria,2,0.0,0.0,False,138.5,False,False
warning_ammonia_toxicity,BAC_P::Cyanobacteria,Bacteria,2,0.0,0.0,False,141.5,False,False
warning_biogas_quality,BAC_P::Cyanobacteria,Bacteria,2,0.0,0.0,False,137.5,False,False
warning_acid_base_balance,BAC_P::Deinococcota,Bacteria,2,0.0,0.0,False,138.5,False,False
warning_buffer_capacity,BAC_P::Deinococcota,Bacteria,2,0.0,0.0,False,136.0,False,False
warning_acid_accumulation,BAC_P::Deinococcota,Bacteria,2,0.0,0.0,False,138.5,False,False
warning_ammonia_toxicity,BAC_P::Deinococcota,Bacteria,2,0.0,0.0,False,141.5,False,False
warning_biogas_quality,BAC_P::Deinococcota,Bacteria,2,0.0,0.0,False,137.5,False,False
warning_acid_base_balance,BAC_P::Dependentiae,Bacteria,2,0.0,0.0,True,138.5,False,False
warning_buffer_capacity,BAC_P::Dependentiae,Bacteria,2,0.0,0.0,True,136.0,False,False
warning_acid_accumulation,BAC_P::Dependentiae,Bacteria,2,0.0,0.0,True,138.5,False,False
warning_ammonia_toxicity,BAC_P::Dependentiae,Bacteria,2,0.0,0.0,True,141.5,False,False
warning_biogas_quality,BAC_P::Dependentiae,Bacteria,2,0.0,0.0,True,137.5,False,False
warning_acid_base_balance,BAC_P::Desulfobacterota,Bacteria,2,0.0,0.0,True,138.5,False,False
warning_buffer_capacity,BAC_P::Desulfobacterota,Bacteria,2,0.0,0.0,True,136.0,False,False
warning_acid_accumulation,BAC_P::Desulfobacterota,Bacteria,2,0.0,0.0,True,138.5,False,False
warning_ammonia_toxicity,BAC_P::Desulfobacterota,Bacteria,2,0.0,0.0,True,141.5,False,False
warning_biogas_quality,BAC_P::Desulfobacterota,Bacteria,2,0.0,0.0,True,137.5,False,False
warning_acid_base_balance,BAC_P::Elusimicrobiota,Bacteria,2,0.0,0.0,True,138.5,False,False
warning_buffer_capacity,BAC_P::Elusimicrobiota,Bacteria,2,0.0,0.0,True,136.0,False,False
warning_acid_accumulation,BAC_P::Elusimicrobiota,Bacteria,2,0.0,0.0,True,138.5,False,False
warning_ammonia_toxicity,BAC_P::Elusimicrobiota,Bacteria,2,0.0,0.0,True,141.5,False,False
warning_biogas_quality,BAC_P::Elusimicrobiota,Bacteria,2,0.0,0.0,True,137.5,False,False
warning_acid_base_balance,BAC_P::Fermentibacterota,Bacteria,2,0.0,0.0,True,138.5,False,False
warning_buffer_capacity,BAC_P::Fermentibacterota,Bacteria,2,0.0,0.0,True,136.0,False,False
warning_acid_accumulation,BAC_P::Fermentibacterota,Bacteria,2,0.0,0.0,True,138.5,False,False
warning_ammonia_toxicity,BAC_P::Fermentibacterota,Bacteria,2,0.0,0.0,True,141.5,False,False
warning_biogas_quality,BAC_P::Fermentibacterota,Bacteria,2,0.0,0.0,True,137.5,False,False
warning_acid_base_balance,BAC_P::Fibrobacterota,Bacteria,2,0.0,0.0,True,138.5,False,False
warning_buffer_capacity,BAC_P::Fibrobacterota,Bacteria,2,0.0,0.0,True,136.0,False,False
warning_acid_accumulation,BAC_P::Fibrobacterota,Bacteria,2,0.0,0.0,True,138.5,False,False
warning_ammonia_toxicity,BAC_P::Fibrobacterota,Bacteria,2,0.0,0.0,True,141.5,False,False
warning_biogas_quality,BAC_P::Fibrobacterota,Bacteria,2,0.0,0.0,True,137.5,False,False
warning_acid_base_balance,BAC_P::Firmicutes,Bacteria,2,0.0,0.0,True,138.5,False,False
warning_buffer_capacity,BAC_P::Firmicutes,Bacteria,2,0.0,0.0,True,136.0,False,False
warning_acid_accumulation,BAC_P::Firmicutes,Bacteria,2,0.0,0.0,True,138.5,False,False
warning_ammonia_toxicity,BAC_P::Firmicutes,Bacteria,2,0.2749404761904761,0.2218628596809035,True,1.0,True,True
warning_biogas_quality,BAC_P::Firmicutes,Bacteria,2,0.0,0.0,True,137.5,False,False
warning_acid_base_balance,BAC_P::Fusobacteriota,Bacteria,2,0.0,0.0,False,138.5,False,False
warning_buffer_capacity,BAC_P::Fusobacteriota,Bacteria,2,0.0,0.0,False,136.0,False,False
warning_acid_accumulation,BAC_P::Fusobacteriota,Bacteria,2,0.0,0.0,False,138.5,False,False
warning_ammonia_toxicity,BAC_P::Fusobacteriota,Bacteria,2,0.0,0.0,False,141.5,False,False
warning_biogas_quality,BAC_P::Fusobacteriota,Bacteria,2,0.0,0.0,False,137.5,False,False
warning_acid_base_balance,BAC_P::Halanaerobiaeota,Bacteria,2,0.0,0.0,True,138.5,False,False
warning_buffer_capacity,BAC_P::Halanaerobiaeota,Bacteria,2,0.0,0.0,True,136.0,False,False
warning_acid_accumulation,BAC_P::Halanaerobiaeota,Bacteria,2,0.0,0.0,True,138.5,False,False
warning_ammonia_toxicity,BAC_P::Halanaerobiaeota,Bacteria,2,0.0,0.0,True,141.5,False,False
warning_biogas_quality,BAC_P::Halanaerobiaeota,Bacteria,2,0.0,0.0,True,137.5,False,False
warning_acid_base_balance,BAC_P::Marinimicrobia_(SAR406_clade),Bacteria,2,0.0,0.0,True,138.5,False,False
warning_buffer_capacity,BAC_P::Marinimicrobia_(SAR406_clade),Bacteria,2,0.0,0.0,True,136.0,False,False
warning_acid_accumulation,BAC_P::Marinimicrobia_(SAR406_clade),Bacteria,2,0.0,0.0,True,138.5,False,False
warning_ammonia_toxicity,BAC_P::Marinimicrobia_(SAR406_clade),Bacteria,2,0.0,0.0,True,141.5,False,False
warning_biogas_quality,BAC_P::Marinimicrobia_(SAR406_clade),Bacteria,2,0.0,0.0,True,137.5,False,False
warning_acid_base_balance,BAC_P::Patescibacteria,Bacteria,2,0.0,0.0,True,138.5,False,False
warning_buffer_capacity,BAC_P::Patescibacteria,Bacteria,2,0.0,0.0,True,136.0,False,False
warning_acid_accumulation,BAC_P::Patescibacteria,Bacteria,2,0.0,0.0,True,138.5,False,False
warning_ammonia_toxicity,BAC_P::Patescibacteria,Bacteria,2,0.0,0.0,True,141.5,False,False
warning_biogas_quality,BAC_P::Patescibacteria,Bacteria,2,0.0,0.0,True,137.5,False,False
warning_acid_base_balance,BAC_P::Planctomycetota,Bacteria,2,0.0,0.0,True,138.5,False,False
warning_buffer_capacity,BAC_P::Planctomycetota,Bacteria,2,0.0,0.0,True,136.0,False,False
warning_acid_accumulation,BAC_P::Planctomycetota,Bacteria,2,0.0,0.0,True,138.5,False,False
warning_ammonia_toxicity,BAC_P::Planctomycetota,Bacteria,2,0.0,0.0,True,141.5,False,False
warning_biogas_quality,BAC_P::Planctomycetota,Bacteria,2,0.0,0.0,True,137.5,False,False
warning_acid_base_balance,BAC_P::Proteobacteria,Bacteria,2,0.0,0.0,True,138.5,False,False
warning_buffer_capacity,BAC_P::Proteobacteria,Bacteria,2,-0.029504660823352773,0.032506713489462026,True,275.0,False,False
warning_acid_accumulation,BAC_P::Proteobacteria,Bacteria,2,0.0,0.0,True,138.5,False,False
warning_ammonia_toxicity,BAC_P::Proteobacteria,Bacteria,2,-0.10000000000000005,0.11342617456312011,True,276.0,False,False
warning_biogas_quality,BAC_P::Proteobacteria,Bacteria,2,0.0,0.0,True,137.5,False,False
warning_acid_base_balance,BAC_P::Spirochaetota,Bacteria,2,-0.05398772591787302,0.10132549265473582,True,276.0,False,False
warning_buffer_capacity,BAC_P::Spirochaetota,Bacteria,2,-0.12994895326551675,0.18351370306342726,True,276.0,False,False
warning_acid_accumulation,BAC_P::Spirochaetota,Bacteria,2,0.0,0.0,True,138.5,False,False
warning_ammonia_toxicity,BAC_P::Spirochaetota,Bacteria,2,0.0,0.0,True,141.5,False,False
warning_biogas_quality,BAC_P::Spirochaetota,Bacteria,2,0.0021435508935508953,0.02534527362824523,True,4.0,True,True
warning_acid_base_balance,BAC_P::Synergistota,Bacteria,2,0.0,0.0,True,138.5,False,False
warning_buffer_capacity,BAC_P::Synergistota,Bacteria,2,0.0,0.0,True,136.0,False,False
warning_acid_accumulation,BAC_P::Synergistota,Bacteria,2,0.0,0.0,True,138.5,False,False
warning_ammonia_toxicity,BAC_P::Synergistota,Bacteria,2,0.0,0.0,True,141.5,False,False
warning_biogas_quality,BAC_P::Synergistota,Bacteria,2,0.0,0.0,True,137.5,False,False
warning_acid_base_balance,BAC_P::Thermotogota,Bacteria,2,0.0011904761904761919,0.002442805600202751,True,3.0,True,True
warning_buffer_capacity,BAC_P::Thermotogota,Bacteria,2,0.0,0.0,True,136.0,False,False
warning_acid_accumulation,BAC_P::Thermotogota,Bacteria,2,0.0,0.0,True,138.5,False,False
warning_ammonia_toxicity,BAC_P::Thermotogota,Bacteria,2,0.0,0.0,True,141.5,False,False
warning_biogas_quality,BAC_P::Thermotogota,Bacteria,2,0.0,0.0,True,137.5,False,False
warning_acid_base_balance,BAC_P::Verrucomicrobiota,Bacteria,2,0.0,0.0,True,138.5,False,False
warning_buffer_capacity,BAC_P::Verrucomicrobiota,Bacteria,2,0.0,0.0,True,136.0,False,False
warning_acid_accumulation,BAC_P::Verrucomicrobiota,Bacteria,2,0.0,0.0,True,138.5,False,False
warning_ammonia_toxicity,BAC_P::Verrucomicrobiota,Bacteria,2,0.0,0.0,True,141.5,False,False
warning_biogas_quality,BAC_P::Verrucomicrobiota,Bacteria,2,0.0,0.0,True,137.5,False,False
warning_acid_base_balance,BAC_P::WS1,Bacteria,2,0.0,0.0,True,138.5,False,False
warning_buffer_capacity,BAC_P::WS1,Bacteria,2,0.0,0.0,True,136.0,False,False
warning_acid_accumulation,BAC_P::WS1,Bacteria,2,0.0,0.0,True,138.5,False,False
warning_ammonia_toxicity,BAC_P::WS1,Bacteria,2,0.0,0.0,True,141.5,False,False
warning_biogas_quality,BAC_P::WS1,Bacteria,2,0.0,0.0,True,137.5,False,False
warning_acid_base_balance,BAC_P::unidentified,Bacteria,2,0.0,0.0,True,138.5,False,False
warning_buffer_capacity,BAC_P::unidentified,Bacteria,2,0.0,0.0,True,136.0,False,False
warning_acid_accumulation,BAC_P::unidentified,Bacteria,2,0.0,0.0,True,138.5,False,False
warning_ammonia_toxicity,BAC_P::unidentified,Bacteria,2,0.0,0.0,True,141.5,False,False
warning_biogas_quality,BAC_P::unidentified,Bacteria,2,0.0,0.0,True,137.5,False,False
warning_acid_base_balance,BAC_G::009E01-B-SD-P15,Bacteria,2,0.0,0.0,True,138.5,False,False
warning_buffer_capacity,BAC_G::009E01-B-SD-P15,Bacteria,2,0.0,0.0,True,136.0,False,False
warning_acid_accumulation,BAC_G::009E01-B-SD-P15,Bacteria,2,0.0,0.0,True,138.5,False,False
warning_ammonia_toxicity,BAC_G::009E01-B-SD-P15,Bacteria,2,0.0,0.0,True,141.5,False,False
warning_biogas_quality,BAC_G::009E01-B-SD-P15,Bacteria,2,0.0,0.0,True,137.5,False,False
warning_acid_base_balance,BAC_G::113B434,Bacteria,2,0.0,0.0,False,138.5,False,False
warning_buffer_capacity,BAC_G::113B434,Bacteria,2,0.0,0.0,False,136.0,False,False
warning_acid_accumulation,BAC_G::113B434,Bacteria,2,0.0,0.0,False,138.5,False,False
warning_ammonia_toxicity,BAC_G::113B434,Bacteria,2,0.0,0.0,False,141.5,False,False
warning_biogas_quality,BAC_G::113B434,Bacteria,2,0.0,0.0,False,137.5,False,False
warning_acid_base_balance,BAC_G::AAP99,Bacteria,2,0.0,0.0,True,138.5,False,False
warning_buffer_capacity,BAC_G::AAP99,Bacteria,2,0.0,0.0,True,136.0,False,False
warning_acid_accumulation,BAC_G::AAP99,Bacteria,2,0.0,0.0,True,138.5,False,False
warning_ammonia_toxicity,BAC_G::AAP99,Bacteria,2,0.0,0.0,True,141.5,False,False
warning_biogas_quality,BAC_G::AAP99,Bacteria,2,0.0,0.0,True,137.5,False,False
warning_acid_base_balance,BAC_G::ADurb.Bin063-1,Bacteria,2,0.0,0.0,True,138.5,False,False
warning_buffer_capacity,BAC_G::ADurb.Bin063-1,Bacteria,2,0.0,0.0,True,136.0,False,False
warning_acid_accumulation,BAC_G::ADurb.Bin063-1,Bacteria,2,0.0,0.0,True,138.5,False,False
warning_ammonia_toxicity,BAC_G::ADurb.Bin063-1,Bacteria,2,0.0,0.0,True,141.5,False,False
warning_biogas_quality,BAC_G::ADurb.Bin063-1,Bacteria,2,0.0,0.0,True,137.5,False,False
warning_acid_base_balance,BAC_G::ADurb.Bin120,Bacteria,2,0.0,0.0,True,138.5,False,False
warning_buffer_capacity,BAC_G::ADurb.Bin120,Bacteria,2,0.0,0.0,True,136.0,False,False
warning_acid_accumulation,BAC_G::ADurb.Bin120,Bacteria,2,0.0,0.0,True,138.5,False,False
warning_ammonia_toxicity,BAC_G::ADurb.Bin120,Bacteria,2,0.0,0.0,True,141.5,False,False
warning_biogas_quality,BAC_G::ADurb.Bin120,Bacteria,2,0.0,0.0,True,137.5,False,False
warning_acid_base_balance,BAC_G::AKYH767,Bacteria,2,0.0,0.0,True,138.5,False,False
warning_buffer_capacity,BAC_G::AKYH767,Bacteria,2,0.0,0.0,True,136.0,False,False
warning_acid_accumulation,BAC_G::AKYH767,Bacteria,2,0.0,0.0,True,138.5,False,False
warning_ammonia_toxicity,BAC_G::AKYH767,Bacteria,2,0.0,0.0,True,141.5,False,False
warning_biogas_quality,BAC_G::AKYH767,Bacteria,2,0.0,0.0,True,137.5,False,False
warning_acid_base_balance,BAC_G::AUTHM297,Bacteria,2,0.0,0.0,True,138.5,False,False
warning_buffer_capacity,BAC_G::AUTHM297,Bacteria,2,0.0,0.0,True,136.0,False,False
warning_acid_accumulation,BAC_G::AUTHM297,Bacteria,2,0.0,0.0,True,138.5,False,False
warning_ammonia_toxicity,BAC_G::AUTHM297,Bacteria,2,0.0,0.0,True,141.5,False,False
warning_biogas_quality,BAC_G::AUTHM297,Bacteria,2,0.0,0.0,True,137.5,False,False
warning_acid_base_balance,BAC_G::Acetobacter,Bacteria,2,0.0,0.0,False,138.5,False,False
warning_buffer_capacity,BAC_G::Acetobacter,Bacteria,2,0.0,0.0,False,136.0,False,False
warning_acid_accumulation,BAC_G::Acetobacter,Bacteria,2,0.0,0.0,False,138.5,False,False
warning_ammonia_toxicity,BAC_G::Acetobacter,Bacteria,2,0.0,0.0,False,141.5,False,False
warning_biogas_quality,BAC_G::Acetobacter,Bacteria,2,0.0,0.0,False,137.5,False,False
warning_acid_base_balance,BAC_G::Acetomicrobium,Bacteria,2,0.0,0.0,True,138.5,False,False
warning_buffer_capacity,BAC_G::Acetomicrobium,Bacteria,2,0.0,0.0,True,136.0,False,False
warning_acid_accumulation,BAC_G::Acetomicrobium,Bacteria,2,0.0,0.0,True,138.5,False,False
warning_ammonia_toxicity,BAC_G::Acetomicrobium,Bacteria,2,0.0,0.0,True,141.5,False,False
warning_biogas_quality,BAC_G::Acetomicrobium,Bacteria,2,0.0,0.0,True,137.5,False,False
warning_acid_base_balance,BAC_G::Acetothermiia,Bacteria,2,0.0,0.0,True,138.5,False,False
warning_buffer_capacity,BAC_G::Acetothermiia,Bacteria,2,0.0,0.0,True,136.0,False,False
warning_acid_accumulation,BAC_G::Acetothermiia,Bacteria,2,0.0,0.0,True,138.5,False,False
warning_ammonia_toxicity,BAC_G::Acetothermiia,Bacteria,2,0.0,0.0,True,141.5,False,False
warning_biogas_quality,BAC_G::Acetothermiia,Bacteria,2,0.0,0.0,True,137.5,False,False
warning_acid_base_balance,BAC_G::Acholeplasma,Bacteria,2,0.0,0.0,True,138.5,False,False
warning_buffer_capacity,BAC_G::Acholeplasma,Bacteria,2,0.0,0.0,True,136.0,False,False
warning_acid_accumulation,BAC_G::Acholeplasma,Bacteria,2,0.0,0.0,True,138.5,False,False
warning_ammonia_toxicity,BAC_G::Acholeplasma,Bacteria,2,0.0,0.0,True,141.5,False,False
warning_biogas_quality,BAC_G::Acholeplasma,Bacteria,2,0.0,0.0,True,137.5,False,False
warning_acid_base_balance,BAC_G::Acidovorax,Bacteria,2,0.0,0.0,True,138.5,False,False
warning_buffer_capacity,BAC_G::Acidovorax,Bacteria,2,0.0,0.0,True,136.0,False,False
warning_acid_accumulation,BAC_G::Acidovorax,Bacteria,2,0.0,0.0,True,138.5,False,False
warning_ammonia_toxicity,BAC_G::Acidovorax,Bacteria,2,0.0,0.0,True,141.5,False,False
warning_biogas_quality,BAC_G::Acidovorax,Bacteria,2,0.0,0.0,True,137.5,False,False
warning_acid_base_balance,BAC_G::Acinetobacter,Bacteria,2,0.0,0.0,False,138.5,False,False
warning_buffer_capacity,BAC_G::Acinetobacter,Bacteria,2,0.0,0.0,False,136.0,False,False
warning_acid_accumulation,BAC_G::Acinetobacter,Bacteria,2,0.0,0.0,False,138.5,False,False
warning_ammonia_toxicity,BAC_G::Acinetobacter,Bacteria,2,0.0,0.0,False,141.5,False,False
warning_biogas_quality,BAC_G::Acinetobacter,Bacteria,2,0.0,0.0,False,137.5,False,False
warning_acid_base_balance,BAC_G::Actinomyces,Bacteria,2,0.0,0.0,False,138.5,False,False
warning_buffer_capacity,BAC_G::Actinomyces,Bacteria,2,0.0,0.0,False,136.0,False,False
warning_acid_accumulation,BAC_G::Actinomyces,Bacteria,2,0.0,0.0,False,138.5,False,False
warning_ammonia_toxicity,BAC_G::Actinomyces,Bacteria,2,0.0,0.0,False,141.5,False,False
warning_biogas_quality,BAC_G::Actinomyces,Bacteria,2,0.0,0.0,False,137.5,False,False
warning_acid_base_balance,BAC_G::Aeriscardovia,Bacteria,2,0.0,0.0,False,138.5,False,False
warning_buffer_capacity,BAC_G::Aeriscardovia,Bacteria,2,0.0,0.0,False,136.0,False,False
warning_acid_accumulation,BAC_G::Aeriscardovia,Bacteria,2,0.0,0.0,False,138.5,False,False
warning_ammonia_toxicity,BAC_G::Aeriscardovia,Bacteria,2,0.0,0.0,False,141.5,False,False
warning_biogas_quality,BAC_G::Aeriscardovia,Bacteria,2,0.0,0.0,False,137.5,False,False
warning_acid_base_balance,BAC_G::Alkaliphilus,Bacteria,2,0.0,0.0,True,138.5,False,False
warning_buffer_capacity,BAC_G::Alkaliphilus,Bacteria,2,0.0,0.0,True,136.0,False,False
warning_acid_accumulation,BAC_G::Alkaliphilus,Bacteria,2,-0.06666666666666665,0.034199278402838464,True,275.0,False,False
warning_ammonia_toxicity,BAC_G::Alkaliphilus,Bacteria,2,0.0,0.0,True,141.5,False,False
warning_biogas_quality,BAC_G::Alkaliphilus,Bacteria,2,-0.0018181818181818132,0.0065695404208117505,True,270.0,False,False
warning_acid_base_balance,BAC_G::Aminicenantales,Bacteria,2,0.0,0.0,True,138.5,False,False
warning_buffer_capacity,BAC_G::Aminicenantales,Bacteria,2,0.0,0.0,True,136.0,False,False
warning_acid_accumulation,BAC_G::Aminicenantales,Bacteria,2,0.0,0.0,True,138.5,False,False
warning_ammonia_toxicity,BAC_G::Aminicenantales,Bacteria,2,0.0,0.0,True,141.5,False,False
warning_biogas_quality,BAC_G::Aminicenantales,Bacteria,2,0.0,0.0,True,137.5,False,False
warning_acid_base_balance,BAC_G::Aminobacterium,Bacteria,2,0.0,0.0,True,138.5,False,False
warning_buffer_capacity,BAC_G::Aminobacterium,Bacteria,2,0.0,0.0,True,136.0,False,False
warning_acid_accumulation,BAC_G::Aminobacterium,Bacteria,2,0.0,0.0,True,138.5,False,False
warning_ammonia_toxicity,BAC_G::Aminobacterium,Bacteria,2,0.0,0.0,True,141.5,False,False
warning_biogas_quality,BAC_G::Aminobacterium,Bacteria,2,0.0,0.0,True,137.5,False,False
warning_acid_base_balance,BAC_G::Anaerococcus,Bacteria,2,0.0,0.0,False,138.5,False,False
warning_buffer_capacity,BAC_G::Anaerococcus,Bacteria,2,0.0,0.0,False,136.0,False,False
warning_acid_accumulation,BAC_G::Anaerococcus,Bacteria,2,0.0,0.0,False,138.5,False,False
warning_ammonia_toxicity,BAC_G::Anaerococcus,Bacteria,2,0.0,0.0,False,141.5,False,False
warning_biogas_quality,BAC_G::Anaerococcus,Bacteria,2,0.0,0.0,False,137.5,False,False
warning_acid_base_balance,BAC_G::Anaerofustis,Bacteria,2,0.0,0.0,True,138.5,False,False
warning_buffer_capacity,BAC_G::Anaerofustis,Bacteria,2,0.0,0.0,True,136.0,False,False
warning_acid_accumulation,BAC_G::Anaerofustis,Bacteria,2,0.0,0.0,True,138.5,False,False
warning_ammonia_toxicity,BAC_G::Anaerofustis,Bacteria,2,0.0,0.0,True,141.5,False,False
warning_biogas_quality,BAC_G::Anaerofustis,Bacteria,2,0.0,0.0,True,137.5,False,False
warning_acid_base_balance,BAC_G::Anaerostignum,Bacteria,2,0.0,0.0,False,138.5,False,False
warning_buffer_capacity,BAC_G::Anaerostignum,Bacteria,2,0.0,0.0,False,136.0,False,False
warning_acid_accumulation,BAC_G::Anaerostignum,Bacteria,2,0.0,0.0,False,138.5,False,False
warning_ammonia_toxicity,BAC_G::Anaerostignum,Bacteria,2,0.0,0.0,False,141.5,False,False
warning_biogas_quality,BAC_G::Anaerostignum,Bacteria,2,0.0,0.0,False,137.5,False,False
warning_acid_base_balance,BAC_G::Anaerovorax,Bacteria,2,0.0,0.0,True,138.5,False,False
warning_buffer_capacity,BAC_G::Anaerovorax,Bacteria,2,0.0,0.0,True,136.0,False,False
warning_acid_accumulation,BAC_G::Anaerovorax,Bacteria,2,0.0,0.0,True,138.5,False,False
warning_ammonia_toxicity,BAC_G::Anaerovorax,Bacteria,2,0.0,0.0,True,141.5,False,False
warning_biogas_quality,BAC_G::Anaerovorax,Bacteria,2,0.0,0.0,True,137.5,False,False
warning_acid_base_balance,BAC_G::Arenimonas,Bacteria,2,0.0,0.0,True,138.5,False,False
warning_buffer_capacity,BAC_G::Arenimonas,Bacteria,2,0.0,0.0,True,136.0,False,False
warning_acid_accumulation,BAC_G::Arenimonas,Bacteria,2,0.0,0.0,True,138.5,False,False
warning_ammonia_toxicity,BAC_G::Arenimonas,Bacteria,2,0.0,0.0,True,141.5,False,False
warning_biogas_quality,BAC_G::Arenimonas,Bacteria,2,0.0,0.0,True,137.5,False,False
warning_acid_base_balance,BAC_G::Atopobium,Bacteria,2,0.0,0.0,True,138.5,False,False
warning_buffer_capacity,BAC_G::Atopobium,Bacteria,2,0.0,0.0,True,136.0,False,False
warning_acid_accumulation,BAC_G::Atopobium,Bacteria,2,0.0,0.0,True,138.5,False,False
warning_ammonia_toxicity,BAC_G::Atopobium,Bacteria,2,0.0,0.0,True,141.5,False,False
warning_biogas_quality,BAC_G::Atopobium,Bacteria,2,0.07687923187923189,0.040240551214028364,True,1.0,True,True
warning_acid_base_balance,BAC_G::Azospira,Bacteria,2,0.0,0.0,True,138.5,False,False
warning_buffer_capacity,BAC_G::Azospira,Bacteria,2,0.0,0.0,True,136.0,False,False
warning_acid_accumulation,BAC_G::Azospira,Bacteria,2,0.0,0.0,True,138.5,False,False
warning_ammonia_toxicity,BAC_G::Azospira,Bacteria,2,0.0,0.0,True,141.5,False,False
warning_biogas_quality,BAC_G::Azospira,Bacteria,2,0.0,0.0,True,137.5,False,False
warning_acid_base_balance,BAC_G::BD1-7_clade,Bacteria,2,0.0,0.0,True,138.5,False,False
warning_buffer_capacity,BAC_G::BD1-7_clade,Bacteria,2,0.0,0.0,True,136.0,False,False
warning_acid_accumulation,BAC_G::BD1-7_clade,Bacteria,2,0.0,0.0,True,138.5,False,False
warning_ammonia_toxicity,BAC_G::BD1-7_clade,Bacteria,2,0.0,0.0,True,141.5,False,False
warning_biogas_quality,BAC_G::BD1-7_clade,Bacteria,2,0.0,0.0,True,137.5,False,False
warning_acid_base_balance,BAC_G::BRH-c20a,Bacteria,2,0.0,0.0,True,138.5,False,False
warning_buffer_capacity,BAC_G::BRH-c20a,Bacteria,2,0.0,0.0,True,136.0,False,False
warning_acid_accumulation,BAC_G::BRH-c20a,Bacteria,2,0.0,0.0,True,138.5,False,False
warning_ammonia_toxicity,BAC_G::BRH-c20a,Bacteria,2,0.0,0.0,True,141.5,False,False
warning_biogas_quality,BAC_G::BRH-c20a,Bacteria,2,0.0,0.0,True,137.5,False,False
warning_acid_base_balance,BAC_G::Babeliales,Bacteria,2,0.0,0.0,True,138.5,False,False
warning_buffer_capacity,BAC_G::Babeliales,Bacteria,2,0.0,0.0,True,136.0,False,False
warning_acid_accumulation,BAC_G::Babeliales,Bacteria,2,0.0,0.0,True,138.5,False,False
warning_ammonia_toxicity,BAC_G::Babeliales,Bacteria,2,0.0,0.0,True,141.5,False,False
warning_biogas_quality,BAC_G::Babeliales,Bacteria,2,0.0,0.0,True,137.5,False,False
warning_acid_base_balance,BAC_G::Bacillus,Bacteria,2,0.0,0.0,False,138.5,False,False
warning_buffer_capacity,BAC_G::Bacillus,Bacteria,2,0.0,0.0,False,136.0,False,False
warning_acid_accumulation,BAC_G::Bacillus,Bacteria,2,0.0,0.0,False,138.5,False,False
warning_ammonia_toxicity,BAC_G::Bacillus,Bacteria,2,0.0,0.0,False,141.5,False,False
warning_biogas_quality,BAC_G::Bacillus,Bacteria,2,0.0,0.0,False,137.5,False,False
warning_acid_base_balance,BAC_G::Bacteroidales_UCG-001,Bacteria,2,0.0,0.0,True,138.5,False,False
warning_buffer_capacity,BAC_G::Bacteroidales_UCG-001,Bacteria,2,0.0,0.0,True,136.0,False,False
warning_acid_accumulation,BAC_G::Bacteroidales_UCG-001,Bacteria,2,0.0,0.0,True,138.5,False,False
warning_ammonia_toxicity,BAC_G::Bacteroidales_UCG-001,Bacteria,2,0.0,0.0,True,141.5,False,False
warning_biogas_quality,BAC_G::Bacteroidales_UCG-001,Bacteria,2,0.0,0.0,True,137.5,False,False
warning_acid_base_balance,BAC_G::Bacteroides,Bacteria,2,0.0,0.0,True,138.5,False,False
warning_buffer_capacity,BAC_G::Bacteroides,Bacteria,2,0.0,0.0,True,136.0,False,False
warning_acid_accumulation,BAC_G::Bacteroides,Bacteria,2,0.0,0.0,True,138.5,False,False
warning_ammonia_toxicity,BAC_G::Bacteroides,Bacteria,2,0.0,0.0,True,141.5,False,False
warning_biogas_quality,BAC_G::Bacteroides,Bacteria,2,0.0,0.0,True,137.5,False,False
warning_acid_base_balance,BAC_G::Bacteroidetes_VC2.1_Bac22,Bacteria,2,0.0,0.0,True,138.5,False,False
warning_buffer_capacity,BAC_G::Bacteroidetes_VC2.1_Bac22,Bacteria,2,0.0,0.0,True,136.0,False,False
warning_acid_accumulation,BAC_G::Bacteroidetes_VC2.1_Bac22,Bacteria,2,0.0,0.0,True,138.5,False,False
warning_ammonia_toxicity,BAC_G::Bacteroidetes_VC2.1_Bac22,Bacteria,2,0.0,0.0,True,141.5,False,False
warning_biogas_quality,BAC_G::Bacteroidetes_VC2.1_Bac22,Bacteria,2,0.0,0.0,True,137.5,False,False
warning_acid_base_balance,BAC_G::Bacteroidetes_vadinHA17,Bacteria,2,0.0,0.0,True,138.5,False,False
warning_buffer_capacity,BAC_G::Bacteroidetes_vadinHA17,Bacteria,2,0.0,0.0,True,136.0,False,False
warning_acid_accumulation,BAC_G::Bacteroidetes_vadinHA17,Bacteria,2,0.0,0.0,True,138.5,False,False
warning_ammonia_toxicity,BAC_G::Bacteroidetes_vadinHA17,Bacteria,2,0.0,0.0,True,141.5,False,False
warning_biogas_quality,BAC_G::Bacteroidetes_vadinHA17,Bacteria,2,0.0,0.0,True,137.5,False,False
warning_acid_base_balance,BAC_G::Bdellovibrio,Bacteria,2,0.0,0.0,True,138.5,False,False
warning_buffer_capacity,BAC_G::Bdellovibrio,Bacteria,2,0.0,0.0,True,136.0,False,False
warning_acid_accumulation,BAC_G::Bdellovibrio,Bacteria,2,0.0,0.0,True,138.5,False,False
warning_ammonia_toxicity,BAC_G::Bdellovibrio,Bacteria,2,0.0,0.0,True,141.5,False,False
warning_biogas_quality,BAC_G::Bdellovibrio,Bacteria,2,0.0,0.0,True,137.5,False,False
warning_acid_base_balance,BAC_G::Bifidobacterium,Bacteria,2,0.0,0.0,False,138.5,False,False
warning_buffer_capacity,BAC_G::Bifidobacterium,Bacteria,2,0.0,0.0,False,136.0,False,False
warning_acid_accumulation,BAC_G::Bifidobacterium,Bacteria,2,0.0,0.0,False,138.5,False,False
warning_ammonia_toxicity,BAC_G::Bifidobacterium,Bacteria,2,0.0,0.0,False,141.5,False,False
warning_biogas_quality,BAC_G::Bifidobacterium,Bacteria,2,0.0,0.0,False,137.5,False,False
warning_acid_base_balance,BAC_G::Butyrivibrio,Bacteria,2,0.0,0.0,True,138.5,False,False
warning_buffer_capacity,BAC_G::Butyrivibrio,Bacteria,2,0.0,0.0,True,136.0,False,False
warning_acid_accumulation,BAC_G::Butyrivibrio,Bacteria,2,0.0,0.0,True,138.5,False,False
warning_ammonia_toxicity,BAC_G::Butyrivibrio,Bacteria,2,0.0,0.0,True,141.5,False,False
warning_biogas_quality,BAC_G::Butyrivibrio,Bacteria,2,0.0,0.0,True,137.5,False,False
warning_acid_base_balance,BAC_G::Caldicoprobacter,Bacteria,2,0.0,0.0,True,138.5,False,False
warning_buffer_capacity,BAC_G::Caldicoprobacter,Bacteria,2,0.0,0.0,True,136.0,False,False
warning_acid_accumulation,BAC_G::Caldicoprobacter,Bacteria,2,0.0,0.0,True,138.5,False,False
warning_ammonia_toxicity,BAC_G::Caldicoprobacter,Bacteria,2,0.0,0.0,True,141.5,False,False
warning_biogas_quality,BAC_G::Caldicoprobacter,Bacteria,2,0.0,0.0,True,137.5,False,False
warning_acid_base_balance,BAC_G::Caldisericum,Bacteria,2,0.0,0.0,False,138.5,False,False
warning_buffer_capacity,BAC_G::Caldisericum,Bacteria,2,0.0,0.0,False,136.0,False,False
warning_acid_accumulation,BAC_G::Caldisericum,Bacteria,2,0.0,0.0,False,138.5,False,False
warning_ammonia_toxicity,BAC_G::Caldisericum,Bacteria,2,0.0,0.0,False,141.5,False,False
warning_biogas_quality,BAC_G::Caldisericum,Bacteria,2,0.0,0.0,False,137.5,False,False
warning_acid_base_balance,BAC_G::Candidatus_Accumulibacter,Bacteria,2,0.0,0.0,True,138.5,False,False
warning_buffer_capacity,BAC_G::Candidatus_Accumulibacter,Bacteria,2,0.0,0.0,True,136.0,False,False
warning_acid_accumulation,BAC_G::Candidatus_Accumulibacter,Bacteria,2,0.0,0.0,True,138.5,False,False
warning_ammonia_toxicity,BAC_G::Candidatus_Accumulibacter,Bacteria,2,0.0,0.0,True,141.5,False,False
warning_biogas_quality,BAC_G::Candidatus_Accumulibacter,Bacteria,2,0.0,0.0,True,137.5,False,False
warning_acid_base_balance,BAC_G::Candidatus_Caldatribacterium,Bacteria,2,0.0,0.0,True,138.5,False,False
warning_buffer_capacity,BAC_G::Candidatus_Caldatribacterium,Bacteria,2,0.0,0.0,True,136.0,False,False
warning_acid_accumulation,BAC_G::Candidatus_Caldatribacterium,Bacteria,2,0.0,0.0,True,138.5,False,False
warning_ammonia_toxicity,BAC_G::Candidatus_Caldatribacterium,Bacteria,2,0.0,0.0,True,141.5,False,False
warning_biogas_quality,BAC_G::Candidatus_Caldatribacterium,Bacteria,2,0.0,0.0,True,137.5,False,False
warning_acid_base_balance,BAC_G::Candidatus_Cloacimonas,Bacteria,2,0.0,0.0,True,138.5,False,False
warning_buffer_capacity,BAC_G::Candidatus_Cloacimonas,Bacteria,2,0.0,0.0,True,136.0,False,False
warning_acid_accumulation,BAC_G::Candidatus_Cloacimonas,Bacteria,2,0.0,0.0,True,138.5,False,False
warning_ammonia_toxicity,BAC_G::Candidatus_Cloacimonas,Bacteria,2,0.0,0.0,True,141.5,False,False
warning_biogas_quality,BAC_G::Candidatus_Cloacimonas,Bacteria,2,0.0,0.0,True,137.5,False,False
warning_acid_base_balance,BAC_G::Candidatus_Competibacter,Bacteria,2,0.0,0.0,True,138.5,False,False
warning_buffer_capacity,BAC_G::Candidatus_Competibacter,Bacteria,2,0.0,0.0,True,136.0,False,False
warning_acid_accumulation,BAC_G::Candidatus_Competibacter,Bacteria,2,0.0,0.0,True,138.5,False,False
warning_ammonia_toxicity,BAC_G::Candidatus_Competibacter,Bacteria,2,0.0,0.0,True,141.5,False,False
warning_biogas_quality,BAC_G::Candidatus_Competibacter,Bacteria,2,0.0,0.0,True,137.5,False,False
warning_acid_base_balance,BAC_G::Candidatus_Omnitrophus,Bacteria,2,0.0,0.0,False,138.5,False,False
warning_buffer_capacity,BAC_G::Candidatus_Omnitrophus,Bacteria,2,0.0,0.0,False,136.0,False,False
warning_acid_accumulation,BAC_G::Candidatus_Omnitrophus,Bacteria,2,0.0,0.0,False,138.5,False,False
warning_ammonia_toxicity,BAC_G::Candidatus_Omnitrophus,Bacteria,2,0.0,0.0,False,141.5,False,False
warning_biogas_quality,BAC_G::Candidatus_Omnitrophus,Bacteria,2,0.0,0.0,False,137.5,False,False
warning_acid_base_balance,BAC_G::Candidatus_Soleaferrea,Bacteria,2,0.0,0.0,True,138.5,False,False
warning_buffer_capacity,BAC_G::Candidatus_Soleaferrea,Bacteria,2,0.0,0.0,True,136.0,False,False
warning_acid_accumulation,BAC_G::Candidatus_Soleaferrea,Bacteria,2,0.0,0.0,True,138.5,False,False
warning_ammonia_toxicity,BAC_G::Candidatus_Soleaferrea,Bacteria,2,0.0,0.0,True,141.5,False,False
warning_biogas_quality,BAC_G::Candidatus_Soleaferrea,Bacteria,2,0.0,0.0,True,137.5,False,False
warning_acid_base_balance,BAC_G::Caproiciproducens,Bacteria,2,0.0,0.0,False,138.5,False,False
warning_buffer_capacity,BAC_G::Caproiciproducens,Bacteria,2,0.0,0.0,False,136.0,False,False
warning_acid_accumulation,BAC_G::Caproiciproducens,Bacteria,2,0.0,0.0,False,138.5,False,False
warning_ammonia_toxicity,BAC_G::Caproiciproducens,Bacteria,2,0.0,0.0,False,141.5,False,False
warning_biogas_quality,BAC_G::Caproiciproducens,Bacteria,2,0.0,0.0,False,137.5,False,False
warning_acid_base_balance,BAC_G::Chthonomonadales,Bacteria,2,0.0,0.0,True,138.5,False,False
warning_buffer_capacity,BAC_G::Chthonomonadales,Bacteria,2,0.0,0.0,True,136.0,False,False
warning_acid_accumulation,BAC_G::Chthonomonadales,Bacteria,2,0.0,0.0,True,138.5,False,False
warning_ammonia_toxicity,BAC_G::Chthonomonadales,Bacteria,2,0.0,0.0,True,141.5,False,False
warning_biogas_quality,BAC_G::Chthonomonadales,Bacteria,2,0.0,0.0,True,137.5,False,False
warning_acid_base_balance,BAC_G::Cloacimonadaceae,Bacteria,2,0.0,0.0,False,138.5,False,False
warning_buffer_capacity,BAC_G::Cloacimonadaceae,Bacteria,2,0.0,0.0,False,136.0,False,False
warning_acid_accumulation,BAC_G::Cloacimonadaceae,Bacteria,2,0.0,0.0,False,138.5,False,False
warning_ammonia_toxicity,BAC_G::Cloacimonadaceae,Bacteria,2,0.0,0.0,False,141.5,False,False
warning_biogas_quality,BAC_G::Cloacimonadaceae,Bacteria,2,0.0,0.0,False,137.5,False,False
warning_acid_base_balance,BAC_G::Clostridia_UCG-014,Bacteria,2,0.0,0.0,True,138.5,False,False
warning_buffer_capacity,BAC_G::Clostridia_UCG-014,Bacteria,2,0.0,0.0,True,136.0,False,False
warning_acid_accumulation,BAC_G::Clostridia_UCG-014,Bacteria,2,0.0,0.0,True,138.5,False,False
warning_ammonia_toxicity,BAC_G::Clostridia_UCG-014,Bacteria,2,0.0,0.0,True,141.5,False,False
warning_biogas_quality,BAC_G::Clostridia_UCG-014,Bacteria,2,0.0,0.0,True,137.5,False,False
warning_acid_base_balance,BAC_G::Clostridium_sensu_stricto_1,Bacteria,2,0.0,0.0,True,138.5,False,False
warning_buffer_capacity,BAC_G::Clostridium_sensu_stricto_1,Bacteria,2,0.0,0.0,True,136.0,False,False
warning_acid_accumulation,BAC_G::Clostridium_sensu_stricto_1,Bacteria,2,0.0,0.0,True,138.5,False,False
warning_ammonia_toxicity,BAC_G::Clostridium_sensu_stricto_1,Bacteria,2,0.0,0.0,True,141.5,False,False
warning_biogas_quality,BAC_G::Clostridium_sensu_stricto_1,Bacteria,2,0.0,0.0,True,137.5,False,False
warning_acid_base_balance,BAC_G::Comamonas,Bacteria,2,0.0,0.0,True,138.5,False,False
warning_buffer_capacity,BAC_G::Comamonas,Bacteria,2,0.0,0.0,True,136.0,False,False
warning_acid_accumulation,BAC_G::Comamonas,Bacteria,2,0.0,0.0,True,138.5,False,False
warning_ammonia_toxicity,BAC_G::Comamonas,Bacteria,2,0.0,0.0,True,141.5,False,False
warning_biogas_quality,BAC_G::Comamonas,Bacteria,2,0.0,0.0,True,137.5,False,False
warning_acid_base_balance,BAC_G::Coprothermobacter,Bacteria,2,0.0,0.0,True,138.5,False,False
warning_buffer_capacity,BAC_G::Coprothermobacter,Bacteria,2,0.0,0.0,True,136.0,False,False
warning_acid_accumulation,BAC_G::Coprothermobacter,Bacteria,2,0.0,0.0,True,138.5,False,False
warning_ammonia_toxicity,BAC_G::Coprothermobacter,Bacteria,2,0.0,0.0,True,141.5,False,False
warning_biogas_quality,BAC_G::Coprothermobacter,Bacteria,2,0.0,0.0,True,137.5,False,False
warning_acid_base_balance,BAC_G::D8A-2,Bacteria,2,0.0,0.0,True,138.5,False,False
warning_buffer_capacity,BAC_G::D8A-2,Bacteria,2,0.0,0.0,True,136.0,False,False
warning_acid_accumulation,BAC_G::D8A-2,Bacteria,2,0.0,0.0,True,138.5,False,False
warning_ammonia_toxicity,BAC_G::D8A-2,Bacteria,2,0.0,0.0,True,141.5,False,False
warning_biogas_quality,BAC_G::D8A-2,Bacteria,2,0.0,0.0,True,137.5,False,False
warning_acid_base_balance,BAC_G::DEV114,Bacteria,2,0.0,0.0,True,138.5,False,False
warning_buffer_capacity,BAC_G::DEV114,Bacteria,2,0.0,0.0,True,136.0,False,False
warning_acid_accumulation,BAC_G::DEV114,Bacteria,2,0.0,0.0,True,138.5,False,False
warning_ammonia_toxicity,BAC_G::DEV114,Bacteria,2,0.0,0.0,True,141.5,False,False
warning_biogas_quality,BAC_G::DEV114,Bacteria,2,0.0,0.0,True,137.5,False,False
warning_acid_base_balance,BAC_G::DMER64,Bacteria,2,0.0,0.0,True,138.5,False,False
warning_buffer_capacity,BAC_G::DMER64,Bacteria,2,0.0,0.0,True,136.0,False,False
warning_acid_accumulation,BAC_G::DMER64,Bacteria,2,0.0,0.0,True,138.5,False,False
warning_ammonia_toxicity,BAC_G::DMER64,Bacteria,2,0.0,0.0,True,141.5,False,False
warning_biogas_quality,BAC_G::DMER64,Bacteria,2,0.0,0.0,True,137.5,False,False
warning_acid_base_balance,BAC_G::DTU014,Bacteria,2,0.0,0.0,True,138.5,False,False
warning_buffer_capacity,BAC_G::DTU014,Bacteria,2,0.0,0.0,True,136.0,False,False
warning_acid_accumulation,BAC_G::DTU014,Bacteria,2,0.0,0.0,True,138.5,False,False
warning_ammonia_toxicity,BAC_G::DTU014,Bacteria,2,0.0,0.0,True,141.5,False,False
warning_biogas_quality,BAC_G::DTU014,Bacteria,2,0.0,0.0,True,137.5,False,False
warning_acid_base_balance,BAC_G::Dechloromonas,Bacteria,2,0.0,0.0,True,138.5,False,False
warning_buffer_capacity,BAC_G::Dechloromonas,Bacteria,2,0.0,0.0,True,136.0,False,False
warning_acid_accumulation,BAC_G::Dechloromonas,Bacteria,2,0.0,0.0,True,138.5,False,False
warning_ammonia_toxicity,BAC_G::Dechloromonas,Bacteria,2,0.0,0.0,True,141.5,False,False
warning_biogas_quality,BAC_G::Dechloromonas,Bacteria,2,0.0,0.0,True,137.5,False,False
warning_acid_base_balance,BAC_G::Defluviitoga,Bacteria,2,0.0,0.0,True,138.5,False,False
warning_buffer_capacity,BAC_G::Defluviitoga,Bacteria,2,0.0,0.0,True,136.0,False,False
warning_acid_accumulation,BAC_G::Defluviitoga,Bacteria,2,0.0,0.0,True,138.5,False,False
warning_ammonia_toxicity,BAC_G::Defluviitoga,Bacteria,2,0.0,0.0,True,141.5,False,False
warning_biogas_quality,BAC_G::Defluviitoga,Bacteria,2,0.0,0.0,True,137.5,False,False
warning_acid_base_balance,BAC_G::Denitratisoma,Bacteria,2,0.0,0.0,False,138.5,False,False
warning_buffer_capacity,BAC_G::Denitratisoma,Bacteria,2,0.0,0.0,False,136.0,False,False
warning_acid_accumulation,BAC_G::Denitratisoma,Bacteria,2,0.0,0.0,False,138.5,False,False
warning_ammonia_toxicity,BAC_G::Denitratisoma,Bacteria,2,0.0,0.0,False,141.5,False,False
warning_biogas_quality,BAC_G::Denitratisoma,Bacteria,2,0.0,0.0,False,137.5,False,False
warning_acid_base_balance,BAC_G::Dialister,Bacteria,2,0.0,0.0,False,138.5,False,False
warning_buffer_capacity,BAC_G::Dialister,Bacteria,2,0.0,0.0,False,136.0,False,False
warning_acid_accumulation,BAC_G::Dialister,Bacteria,2,0.0,0.0,False,138.5,False,False
warning_ammonia_toxicity,BAC_G::Dialister,Bacteria,2,0.0,0.0,False,141.5,False,False
warning_biogas_quality,BAC_G::Dialister,Bacteria,2,0.0,0.0,False,137.5,False,False
warning_acid_base_balance,BAC_G::Dokdonella,Bacteria,2,0.0,0.0,True,138.5,False,False
warning_buffer_capacity,BAC_G::Dokdonella,Bacteria,2,0.0,0.0,True,136.0,False,False
warning_acid_accumulation,BAC_G::Dokdonella,Bacteria,2,0.0,0.0,True,138.5,False,False
warning_ammonia_toxicity,BAC_G::Dokdonella,Bacteria,2,0.0,0.0,True,141.5,False,False
warning_biogas_quality,BAC_G::Dokdonella,Bacteria,2,0.0,0.0,True,137.5,False,False
warning_acid_base_balance,BAC_G::Ellin6067,Bacteria,2,0.0,0.0,False,138.5,False,False
warning_buffer_capacity,BAC_G::Ellin6067,Bacteria,2,0.0,0.0,False,136.0,False,False
warning_acid_accumulation,BAC_G::Ellin6067,Bacteria,2,0.0,0.0,False,138.5,False,False
warning_ammonia_toxicity,BAC_G::Ellin6067,Bacteria,2,0.0,0.0,False,141.5,False,False
warning_biogas_quality,BAC_G::Ellin6067,Bacteria,2,0.0,0.0,False,137.5,False,False
warning_acid_base_balance,BAC_G::Endomicrobium,Bacteria,2,0.0,0.0,True,138.5,False,False
warning_buffer_capacity,BAC_G::Endomicrobium,Bacteria,2,0.0,0.0,True,136.0,False,False
warning_acid_accumulation,BAC_G::Endomicrobium,Bacteria,2,0.0,0.0,True,138.5,False,False
warning_ammonia_toxicity,BAC_G::Endomicrobium,Bacteria,2,0.0,0.0,True,141.5,False,False
warning_biogas_quality,BAC_G::Endomicrobium,Bacteria,2,0.0,0.0,True,137.5,False,False
warning_acid_base_balance,BAC_G::Ercella,Bacteria,2,0.0,0.0,False,138.5,False,False
warning_buffer_capacity,BAC_G::Ercella,Bacteria,2,0.0,0.0,False,136.0,False,False
warning_acid_accumulation,BAC_G::Ercella,Bacteria,2,0.0,0.0,False,138.5,False,False
warning_ammonia_toxicity,BAC_G::Ercella,Bacteria,2,0.0,0.0,False,141.5,False,False
warning_biogas_quality,BAC_G::Ercella,Bacteria,2,0.0,0.0,False,137.5,False,False
warning_acid_base_balance,BAC_G::Exilispira,Bacteria,2,0.0,0.0,True,138.5,False,False
warning_buffer_capacity,BAC_G::Exilispira,Bacteria,2,0.0,0.0,True,136.0,False,False
warning_acid_accumulation,BAC_G::Exilispira,Bacteria,2,0.0,0.0,True,138.5,False,False
warning_ammonia_toxicity,BAC_G::Exilispira,Bacteria,2,0.0,0.0,True,141.5,False,False
warning_biogas_quality,BAC_G::Exilispira,Bacteria,2,0.0,0.0,True,137.5,False,False
warning_acid_base_balance,BAC_G::Fastidiosipila,Bacteria,2,0.0,0.0,True,138.5,False,False
warning_buffer_capacity,BAC_G::Fastidiosipila,Bacteria,2,0.0,0.0,True,136.0,False,False
warning_acid_accumulation,BAC_G::Fastidiosipila,Bacteria,2,0.0,0.0,True,138.5,False,False
warning_ammonia_toxicity,BAC_G::Fastidiosipila,Bacteria,2,0.2375,0.05590169943749474,True,2.0,True,True
warning_biogas_quality,BAC_G::Fastidiosipila,Bacteria,2,0.0,0.0,True,137.5,False,False
warning_acid_base_balance,BAC_G::Fermentibacteraceae,Bacteria,2,0.0,0.0,True,138.5,False,False
warning_buffer_capacity,BAC_G::Fermentibacteraceae,Bacteria,2,0.0,0.0,True,136.0,False,False
warning_acid_accumulation,BAC_G::Fermentibacteraceae,Bacteria,2,0.0,0.0,True,138.5,False,False
warning_ammonia_toxicity,BAC_G::Fermentibacteraceae,Bacteria,2,0.0,0.0,True,141.5,False,False
warning_biogas_quality,BAC_G::Fermentibacteraceae,Bacteria,2,0.0,0.0,True,137.5,False,False
warning_acid_base_balance,BAC_G::Fermentimonas,Bacteria,2,0.0,0.0,True,138.5,False,False
warning_buffer_capacity,BAC_G::Fermentimonas,Bacteria,2,0.0,0.0,True,136.0,False,False
warning_acid_accumulation,BAC_G::Fermentimonas,Bacteria,2,0.0,0.0,True,138.5,False,False
warning_ammonia_toxicity,BAC_G::Fermentimonas,Bacteria,2,-0.025000000000000012,0.061057924755420566,True,275.0,False,False
warning_biogas_quality,BAC_G::Fermentimonas,Bacteria,2,0.0,0.0,True,137.5,False,False
warning_acid_base_balance,BAC_G::Ferruginibacter,Bacteria,2,0.0,0.0,True,138.5,False,False
warning_buffer_capacity,BAC_G::Ferruginibacter,Bacteria,2,0.0,0.0,True,136.0,False,False
warning_acid_accumulation,BAC_G::Ferruginibacter,Bacteria,2,0.0,0.0,True,138.5,False,False
warning_ammonia_toxicity,BAC_G::Ferruginibacter,Bacteria,2,0.0,0.0,True,141.5,False,False
warning_biogas_quality,BAC_G::Ferruginibacter,Bacteria,2,0.0,0.0,True,137.5,False,False
warning_acid_base_balance,BAC_G::Fervidobacterium,Bacteria,2,0.0,0.0,True,138.5,False,False
warning_buffer_capacity,BAC_G::Fervidobacterium,Bacteria,2,0.0,0.0,True,136.0,False,False
warning_acid_accumulation,BAC_G::Fervidobacterium,Bacteria,2,0.0,0.0,True,138.5,False,False
warning_ammonia_toxicity,BAC_G::Fervidobacterium,Bacteria,2,0.0,0.0,True,141.5,False,False
warning_biogas_quality,BAC_G::Fervidobacterium,Bacteria,2,0.0,0.0,True,137.5,False,False
warning_acid_base_balance,BAC_G::Fonticella,Bacteria,2,0.0,0.0,True,138.5,False,False
warning_buffer_capacity,BAC_G::Fonticella,Bacteria,2,0.0,0.0,True,136.0,False,False
warning_acid_accumulation,BAC_G::Fonticella,Bacteria,2,0.0,0.0,True,138.5,False,False
warning_ammonia_toxicity,BAC_G::Fonticella,Bacteria,2,0.0,0.0,True,141.5,False,False
warning_biogas_quality,BAC_G::Fonticella,Bacteria,2,0.0,0.0,True,137.5,False,False
warning_acid_base_balance,BAC_G::Frisingicoccus,Bacteria,2,0.0,0.0,False,138.5,False,False
warning_buffer_capacity,BAC_G::Frisingicoccus,Bacteria,2,0.0,0.0,False,136.0,False,False
warning_acid_accumulation,BAC_G::Frisingicoccus,Bacteria,2,0.0,0.0,False,138.5,False,False
warning_ammonia_toxicity,BAC_G::Frisingicoccus,Bacteria,2,0.0,0.0,False,141.5,False,False
warning_biogas_quality,BAC_G::Frisingicoccus,Bacteria,2,0.0,0.0,False,137.5,False,False
warning_acid_base_balance,BAC_G::Gelria,Bacteria,2,0.0,0.0,True,138.5,False,False
warning_buffer_capacity,BAC_G::Gelria,Bacteria,2,0.0,0.0,True,136.0,False,False
warning_acid_accumulation,BAC_G::Gelria,Bacteria,2,0.0,0.0,True,138.5,False,False
warning_ammonia_toxicity,BAC_G::Gelria,Bacteria,2,0.0,0.0,True,141.5,False,False
warning_biogas_quality,BAC_G::Gelria,Bacteria,2,0.0,0.0,True,137.5,False,False
warning_acid_base_balance,BAC_G::Gracilibacter,Bacteria,2,0.0,0.0,True,138.5,False,False
warning_buffer_capacity,BAC_G::Gracilibacter,Bacteria,2,0.0,0.0,True,136.0,False,False
warning_acid_accumulation,BAC_G::Gracilibacter,Bacteria,2,0.0,0.0,True,138.5,False,False
warning_ammonia_toxicity,BAC_G::Gracilibacter,Bacteria,2,0.0,0.0,True,141.5,False,False
warning_biogas_quality,BAC_G::Gracilibacter,Bacteria,2,0.0,0.0,True,137.5,False,False
warning_acid_base_balance,BAC_G::Guggenheimella,Bacteria,2,0.0,0.0,True,138.5,False,False
warning_buffer_capacity,BAC_G::Guggenheimella,Bacteria,2,0.0,0.0,True,136.0,False,False
warning_acid_accumulation,BAC_G::Guggenheimella,Bacteria,2,0.0,0.0,True,138.5,False,False
warning_ammonia_toxicity,BAC_G::Guggenheimella,Bacteria,2,0.0,0.0,True,141.5,False,False
warning_biogas_quality,BAC_G::Guggenheimella,Bacteria,2,0.0,0.0,True,137.5,False,False
warning_acid_base_balance,BAC_G::HN-HF0106,Bacteria,2,0.0,0.0,True,138.5,False,False
warning_buffer_capacity,BAC_G::HN-HF0106,Bacteria,2,0.0,0.0,True,136.0,False,False
warning_acid_accumulation,BAC_G::HN-HF0106,Bacteria,2,0.0,0.0,True,138.5,False,False
warning_ammonia_toxicity,BAC_G::HN-HF0106,Bacteria,2,0.0,0.0,True,141.5,False,False
warning_biogas_quality,BAC_G::HN-HF0106,Bacteria,2,0.0,0.0,True,137.5,False,False
warning_acid_base_balance,BAC_G::Hahella,Bacteria,2,0.0,0.0,True,138.5,False,False
warning_buffer_capacity,BAC_G::Hahella,Bacteria,2,0.0,0.0,True,136.0,False,False
warning_acid_accumulation,BAC_G::Hahella,Bacteria,2,0.0,0.0,True,138.5,False,False
warning_ammonia_toxicity,BAC_G::Hahella,Bacteria,2,0.0,0.0,True,141.5,False,False
warning_biogas_quality,BAC_G::Hahella,Bacteria,2,0.0,0.0,True,137.5,False,False
warning_acid_base_balance,BAC_G::Halocella,Bacteria,2,0.0,0.0,True,138.5,False,False
warning_buffer_capacity,BAC_G::Halocella,Bacteria,2,0.0,0.0,True,136.0,False,False
warning_acid_accumulation,BAC_G::Halocella,Bacteria,2,0.0,0.0,True,138.5,False,False
warning_ammonia_toxicity,BAC_G::Halocella,Bacteria,2,0.0,0.0,True,141.5,False,False
warning_biogas_quality,BAC_G::Halocella,Bacteria,2,0.0,0.0,True,137.5,False,False
warning_acid_base_balance,BAC_G::Halomonas,Bacteria,2,0.0,0.0,True,138.5,False,False
warning_buffer_capacity,BAC_G::Halomonas,Bacteria,2,0.0,0.0,True,136.0,False,False
warning_acid_accumulation,BAC_G::Halomonas,Bacteria,2,0.0,0.0,True,138.5,False,False
warning_ammonia_toxicity,BAC_G::Halomonas,Bacteria,2,0.0,0.0,True,141.5,False,False
warning_biogas_quality,BAC_G::Halomonas,Bacteria,2,0.0,0.0,True,137.5,False,False
warning_acid_base_balance,BAC_G::Hungateiclostridiaceae,Bacteria,2,0.0,0.0,False,138.5,False,False
warning_buffer_capacity,BAC_G::Hungateiclostridiaceae,Bacteria,2,0.0,0.0,False,136.0,False,False
warning_acid_accumulation,BAC_G::Hungateiclostridiaceae,Bacteria,2,0.0,0.0,False,138.5,False,False
warning_ammonia_toxicity,BAC_G::Hungateiclostridiaceae,Bacteria,2,0.0,0.0,False,141.5,False,False
warning_biogas_quality,BAC_G::Hungateiclostridiaceae,Bacteria,2,0.0,0.0,False,137.5,False,False
warning_acid_base_balance,BAC_G::Hydrogenedensaceae,Bacteria,2,0.0,0.0,True,138.5,False,False
warning_buffer_capacity,BAC_G::Hydrogenedensaceae,Bacteria,2,0.0,0.0,True,136.0,False,False
warning_acid_accumulation,BAC_G::Hydrogenedensaceae,Bacteria,2,0.0,0.0,True,138.5,False,False
warning_ammonia_toxicity,BAC_G::Hydrogenedensaceae,Bacteria,2,0.0,0.0,True,141.5,False,False
warning_biogas_quality,BAC_G::Hydrogenedensaceae,Bacteria,2,0.0,0.0,True,137.5,False,False
warning_acid_base_balance,BAC_G::Irregularibacter,Bacteria,2,0.0,0.0,True,138.5,False,False
warning_buffer_capacity,BAC_G::Irregularibacter,Bacteria,2,0.0,0.0,True,136.0,False,False
warning_acid_accumulation,BAC_G::Irregularibacter,Bacteria,2,0.0,0.0,True,138.5,False,False
warning_ammonia_toxicity,BAC_G::Irregularibacter,Bacteria,2,0.0,0.0,True,141.5,False,False
warning_biogas_quality,BAC_G::Irregularibacter,Bacteria,2,0.0,0.0,True,137.5,False,False
warning_acid_base_balance,BAC_G::Izemoplasmatales,Bacteria,2,0.0,0.0,True,138.5,False,False
warning_buffer_capacity,BAC_G::Izemoplasmatales,Bacteria,2,0.0,0.0,True,136.0,False,False
warning_acid_accumulation,BAC_G::Izemoplasmatales,Bacteria,2,0.0,0.0,True,138.5,False,False
warning_ammonia_toxicity,BAC_G::Izemoplasmatales,Bacteria,2,0.0,0.0,True,141.5,False,False
warning_biogas_quality,BAC_G::Izemoplasmatales,Bacteria,2,0.0,0.0,True,137.5,False,False
warning_acid_base_balance,BAC_G::JS1,Bacteria,2,0.0,0.0,True,138.5,False,False
warning_buffer_capacity,BAC_G::JS1,Bacteria,2,0.0,0.0,True,136.0,False,False
warning_acid_accumulation,BAC_G::JS1,Bacteria,2,0.0,0.0,True,138.5,False,False
warning_ammonia_toxicity,BAC_G::JS1,Bacteria,2,0.0,0.0,True,141.5,False,False
warning_biogas_quality,BAC_G::JS1,Bacteria,2,0.0,0.0,True,137.5,False,False
warning_acid_base_balance,BAC_G::Kapabacteriales,Bacteria,2,0.0,0.0,False,138.5,False,False
warning_buffer_capacity,BAC_G::Kapabacteriales,Bacteria,2,0.0,0.0,False,136.0,False,False
warning_acid_accumulation,BAC_G::Kapabacteriales,Bacteria,2,0.0,0.0,False,138.5,False,False
warning_ammonia_toxicity,BAC_G::Kapabacteriales,Bacteria,2,0.0,0.0,False,141.5,False,False
warning_biogas_quality,BAC_G::Kapabacteriales,Bacteria,2,0.0,0.0,False,137.5,False,False
warning_acid_base_balance,BAC_G::Keratinibaculum,Bacteria,2,0.0,0.0,True,138.5,False,False
warning_buffer_capacity,BAC_G::Keratinibaculum,Bacteria,2,0.0,0.0,True,136.0,False,False
warning_acid_accumulation,BAC_G::Keratinibaculum,Bacteria,2,0.0,0.0,True,138.5,False,False
warning_ammonia_toxicity,BAC_G::Keratinibaculum,Bacteria,2,0.0,0.0,True,141.5,False,False
warning_biogas_quality,BAC_G::Keratinibaculum,Bacteria,2,0.0,0.0,True,137.5,False,False
warning_acid_base_balance,BAC_G::LD1-PA32,Bacteria,2,0.0,0.0,True,138.5,False,False
warning_buffer_capacity,BAC_G::LD1-PA32,Bacteria,2,0.0,0.0,True,136.0,False,False
warning_acid_accumulation,BAC_G::LD1-PA32,Bacteria,2,0.0,0.0,True,138.5,False,False
warning_ammonia_toxicity,BAC_G::LD1-PA32,Bacteria,2,0.0,0.0,True,141.5,False,False
warning_biogas_quality,BAC_G::LD1-PA32,Bacteria,2,0.0,0.0,True,137.5,False,False
warning_acid_base_balance,BAC_G::LD1-PB3,Bacteria,2,0.0,0.0,True,138.5,False,False
warning_buffer_capacity,BAC_G::LD1-PB3,Bacteria,2,0.0,0.0,True,136.0,False,False
warning_acid_accumulation,BAC_G::LD1-PB3,Bacteria,2,0.0,0.0,True,138.5,False,False
warning_ammonia_toxicity,BAC_G::LD1-PB3,Bacteria,2,0.0,0.0,True,141.5,False,False
warning_biogas_quality,BAC_G::LD1-PB3,Bacteria,2,0.0,0.0,True,137.5,False,False
warning_acid_base_balance,BAC_G::LNR_A2-18,Bacteria,2,0.0,0.0,True,138.5,False,False
warning_buffer_capacity,BAC_G::LNR_A2-18,Bacteria,2,0.0,0.0,True,136.0,False,False
warning_acid_accumulation,BAC_G::LNR_A2-18,Bacteria,2,0.0,0.0,True,138.5,False,False
warning_ammonia_toxicity,BAC_G::LNR_A2-18,Bacteria,2,0.0,0.0,True,141.5,False,False
warning_biogas_quality,BAC_G::LNR_A2-18,Bacteria,2,0.0,0.0,True,137.5,False,False
warning_acid_base_balance,BAC_G::Lactobacillus,Bacteria,2,0.0,0.0,True,138.5,False,False
warning_buffer_capacity,BAC_G::Lactobacillus,Bacteria,2,0.0,0.0,True,136.0,False,False
warning_acid_accumulation,BAC_G::Lactobacillus,Bacteria,2,0.0,0.0,True,138.5,False,False
warning_ammonia_toxicity,BAC_G::Lactobacillus,Bacteria,2,0.0,0.0,True,141.5,False,False
warning_biogas_quality,BAC_G::Lactobacillus,Bacteria,2,0.0,0.0,True,137.5,False,False
warning_acid_base_balance,BAC_G::Lautropia,Bacteria,2,0.0,0.0,False,138.5,False,False
warning_buffer_capacity,BAC_G::Lautropia,Bacteria,2,0.0,0.0,False,136.0,False,False
warning_acid_accumulation,BAC_G::Lautropia,Bacteria,2,0.0,0.0,False,138.5,False,False
warning_ammonia_toxicity,BAC_G::Lautropia,Bacteria,2,0.0,0.0,False,141.5,False,False
warning_biogas_quality,BAC_G::Lautropia,Bacteria,2,0.0,0.0,False,137.5,False,False
warning_acid_base_balance,BAC_G::Lawsonella,Bacteria,2,0.0,0.0,False,138.5,False,False
warning_buffer_capacity,BAC_G::Lawsonella,Bacteria,2,0.0,0.0,False,136.0,False,False
warning_acid_accumulation,BAC_G::Lawsonella,Bacteria,2,0.0,0.0,False,138.5,False,False
warning_ammonia_toxicity,BAC_G::Lawsonella,Bacteria,2,0.0,0.0,False,141.5,False,False
warning_biogas_quality,BAC_G::Lawsonella,Bacteria,2,0.0,0.0,False,137.5,False,False
warning_acid_base_balance,BAC_G::Lentimicrobiaceae,Bacteria,2,0.0,0.0,True,138.5,False,False
warning_buffer_capacity,BAC_G::Lentimicrobiaceae,Bacteria,2,-0.0024305555555555526,0.008209051308879289,True,269.0,False,False
warning_acid_accumulation,BAC_G::Lentimicrobiaceae,Bacteria,2,0.0,0.0,True,138.5,False,False
warning_ammonia_toxicity,BAC_G::Lentimicrobiaceae,Bacteria,2,0.0,0.0,True,141.5,False,False
warning_biogas_quality,BAC_G::Lentimicrobiaceae,Bacteria,2,0.0,0.0,True,137.5,False,False
warning_acid_base_balance,BAC_G::Lentimicrobium,Bacteria,2,0.0,0.0,True,138.5,False,False
warning_buffer_capacity,BAC_G::Lentimicrobium,Bacteria,2,0.0,0.0,True,136.0,False,False
warning_acid_accumulation,BAC_G::Lentimicrobium,Bacteria,2,0.0,0.0,True,138.5,False,False
warning_ammonia_toxicity,BAC_G::Lentimicrobium,Bacteria,2,0.0,0.0,True,141.5,False,False
warning_biogas_quality,BAC_G::Lentimicrobium,Bacteria,2,0.0,0.0,True,137.5,False,False
warning_acid_base_balance,BAC_G::Leptotrichia,Bacteria,2,0.0,0.0,True,138.5,False,False
warning_buffer_capacity,BAC_G::Leptotrichia,Bacteria,2,0.0,0.0,True,136.0,False,False
warning_acid_accumulation,BAC_G::Leptotrichia,Bacteria,2,0.0,0.0,True,138.5,False,False
warning_ammonia_toxicity,BAC_G::Leptotrichia,Bacteria,2,0.0,0.0,True,141.5,False,False
warning_biogas_quality,BAC_G::Leptotrichia,Bacteria,2,0.0,0.0,True,137.5,False,False
warning_acid_base_balance,BAC_G::Leuconostoc,Bacteria,2,0.0,0.0,False,138.5,False,False
warning_buffer_capacity,BAC_G::Leuconostoc,Bacteria,2,0.0,0.0,False,136.0,False,False
warning_acid_accumulation,BAC_G::Leuconostoc,Bacteria,2,0.0,0.0,False,138.5,False,False
warning_ammonia_toxicity,BAC_G::Leuconostoc,Bacteria,2,0.0,0.0,False,141.5,False,False
warning_biogas_quality,BAC_G::Leuconostoc,Bacteria,2,0.0,0.0,False,137.5,False,False
warning_acid_base_balance,BAC_G::Longilinea,Bacteria,2,0.0,0.0,False,138.5,False,False
warning_buffer_capacity,BAC_G::Longilinea,Bacteria,2,0.0,0.0,False,136.0,False,False
warning_acid_accumulation,BAC_G::Longilinea,Bacteria,2,0.0,0.0,False,138.5,False,False
warning_ammonia_toxicity,BAC_G::Longilinea,Bacteria,2,0.0,0.0,False,141.5,False,False
warning_biogas_quality,BAC_G::Longilinea,Bacteria,2,0.0,0.0,False,137.5,False,False
warning_acid_base_balance,BAC_G::Luteimonas,Bacteria,2,0.0,0.0,False,138.5,False,False
warning_buffer_capacity,BAC_G::Luteimonas,Bacteria,2,0.0,0.0,False,136.0,False,False
warning_acid_accumulation,BAC_G::Luteimonas,Bacteria,2,0.0,0.0,False,138.5,False,False
warning_ammonia_toxicity,BAC_G::Luteimonas,Bacteria,2,0.0,0.0,False,141.5,False,False
warning_biogas_quality,BAC_G::Luteimonas,Bacteria,2,0.0,0.0,False,137.5,False,False
warning_acid_base_balance,BAC_G::Lutispora,Bacteria,2,0.0,0.0,True,138.5,False,False
warning_buffer_capacity,BAC_G::Lutispora,Bacteria,2,0.0,0.0,True,136.0,False,False
warning_acid_accumulation,BAC_G::Lutispora,Bacteria,2,0.0,0.0,True,138.5,False,False
warning_ammonia_toxicity,BAC_G::Lutispora,Bacteria,2,0.0,0.0,True,141.5,False,False
warning_biogas_quality,BAC_G::Lutispora,Bacteria,2,0.0,0.0,True,137.5,False,False
warning_acid_base_balance,BAC_G::MBA03,Bacteria,2,0.0,0.0,True,138.5,False,False
warning_buffer_capacity,BAC_G::MBA03,Bacteria,2,0.0,0.0,True,136.0,False,False
warning_acid_accumulation,BAC_G::MBA03,Bacteria,2,0.0,0.0,True,138.5,False,False
warning_ammonia_toxicity,BAC_G::MBA03,Bacteria,2,0.0,0.0,True,141.5,False,False
warning_biogas_quality,BAC_G::MBA03,Bacteria,2,0.0,0.0,True,137.5,False,False
warning_acid_base_balance,BAC_G::MVP-15,Bacteria,2,0.0,0.0,True,138.5,False,False
warning_buffer_capacity,BAC_G::MVP-15,Bacteria,2,0.0,0.0,True,136.0,False,False
warning_acid_accumulation,BAC_G::MVP-15,Bacteria,2,0.0,0.0,True,138.5,False,False
warning_ammonia_toxicity,BAC_G::MVP-15,Bacteria,2,0.0,0.0,True,141.5,False,False
warning_biogas_quality,BAC_G::MVP-15,Bacteria,2,0.0,0.0,True,137.5,False,False
warning_acid_base_balance,BAC_G::Macellibacteroides,Bacteria,2,0.0,0.0,True,138.5,False,False
warning_buffer_capacity,BAC_G::Macellibacteroides,Bacteria,2,0.0,0.0,True,136.0,False,False
warning_acid_accumulation,BAC_G::Macellibacteroides,Bacteria,2,0.0,0.0,True,138.5,False,False
warning_ammonia_toxicity,BAC_G::Macellibacteroides,Bacteria,2,0.0,0.0,True,141.5,False,False
warning_biogas_quality,BAC_G::Macellibacteroides,Bacteria,2,0.0,0.0,True,137.5,False,False
warning_acid_base_balance,BAC_G::Marinimicrobia_(SAR406_clade),Bacteria,2,0.0,0.0,True,138.5,False,False
warning_buffer_capacity,BAC_G::Marinimicrobia_(SAR406_clade),Bacteria,2,0.0,0.0,True,136.0,False,False
warning_acid_accumulation,BAC_G::Marinimicrobia_(SAR406_clade),Bacteria,2,0.0,0.0,True,138.5,False,False
warning_ammonia_toxicity,BAC_G::Marinimicrobia_(SAR406_clade),Bacteria,2,0.0,0.0,True,141.5,False,False
warning_biogas_quality,BAC_G::Marinimicrobia_(SAR406_clade),Bacteria,2,0.0,0.0,True,137.5,False,False
warning_acid_base_balance,BAC_G::Mariniphaga,Bacteria,2,0.0,0.0,True,138.5,False,False
warning_buffer_capacity,BAC_G::Mariniphaga,Bacteria,2,0.0,0.0,True,136.0,False,False
warning_acid_accumulation,BAC_G::Mariniphaga,Bacteria,2,0.0,0.0,True,138.5,False,False
warning_ammonia_toxicity,BAC_G::Mariniphaga,Bacteria,2,0.0,0.0,True,141.5,False,False
warning_biogas_quality,BAC_G::Mariniphaga,Bacteria,2,0.0,0.0,True,137.5,False,False
warning_acid_base_balance,BAC_G::Megasphaera,Bacteria,2,0.0,0.0,False,138.5,False,False
warning_buffer_capacity,BAC_G::Megasphaera,Bacteria,2,0.0,0.0,False,136.0,False,False
warning_acid_accumulation,BAC_G::Megasphaera,Bacteria,2,0.0,0.0,False,138.5,False,False
warning_ammonia_toxicity,BAC_G::Megasphaera,Bacteria,2,0.0,0.0,False,141.5,False,False
warning_biogas_quality,BAC_G::Megasphaera,Bacteria,2,0.0,0.0,False,137.5,False,False
warning_acid_base_balance,BAC_G::Mesotoga,Bacteria,2,0.0,0.0,True,138.5,False,False
warning_buffer_capacity,BAC_G::Mesotoga,Bacteria,2,0.0,0.0,True,136.0,False,False
warning_acid_accumulation,BAC_G::Mesotoga,Bacteria,2,0.0,0.0,True,138.5,False,False
warning_ammonia_toxicity,BAC_G::Mesotoga,Bacteria,2,0.0,0.0,True,141.5,False,False
warning_biogas_quality,BAC_G::Mesotoga,Bacteria,2,0.0,0.0,True,137.5,False,False
warning_acid_base_balance,BAC_G::Methylotenera,Bacteria,2,0.0,0.0,True,138.5,False,False
warning_buffer_capacity,BAC_G::Methylotenera,Bacteria,2,0.0,0.0,True,136.0,False,False
warning_acid_accumulation,BAC_G::Methylotenera,Bacteria,2,0.0,0.0,True,138.5,False,False
warning_ammonia_toxicity,BAC_G::Methylotenera,Bacteria,2,0.0,0.0,True,141.5,False,False
warning_biogas_quality,BAC_G::Methylotenera,Bacteria,2,0.0,0.0,True,137.5,False,False
warning_acid_base_balance,BAC_G::MgMjR-022,Bacteria,2,0.0,0.0,True,138.5,False,False
warning_buffer_capacity,BAC_G::MgMjR-022,Bacteria,2,0.0,0.0,True,136.0,False,False
warning_acid_accumulation,BAC_G::MgMjR-022,Bacteria,2,0.0,0.0,True,138.5,False,False
warning_ammonia_toxicity,BAC_G::MgMjR-022,Bacteria,2,0.0,0.0,True,141.5,False,False
warning_biogas_quality,BAC_G::MgMjR-022,Bacteria,2,0.0,0.0,True,137.5,False,False
warning_acid_base_balance,BAC_G::Myroides,Bacteria,2,0.0,0.0,False,138.5,False,False
warning_buffer_capacity,BAC_G::Myroides,Bacteria,2,0.0,0.0,False,136.0,False,False
warning_acid_accumulation,BAC_G::Myroides,Bacteria,2,0.0,0.0,False,138.5,False,False
warning_ammonia_toxicity,BAC_G::Myroides,Bacteria,2,0.0,0.0,False,141.5,False,False
warning_biogas_quality,BAC_G::Myroides,Bacteria,2,0.0,0.0,False,137.5,False,False
warning_acid_base_balance,BAC_G::Nitrosomonas,Bacteria,2,0.0,0.0,True,138.5,False,False
warning_buffer_capacity,BAC_G::Nitrosomonas,Bacteria,2,0.0,0.0,True,136.0,False,False
warning_acid_accumulation,BAC_G::Nitrosomonas,Bacteria,2,0.0,0.0,True,138.5,False,False
warning_ammonia_toxicity,BAC_G::Nitrosomonas,Bacteria,2,0.0,0.0,True,141.5,False,False
warning_biogas_quality,BAC_G::Nitrosomonas,Bacteria,2,0.0,0.0,True,137.5,False,False
warning_acid_base_balance,BAC_G::OLB12,Bacteria,2,0.0,0.0,True,138.5,False,False
warning_buffer_capacity,BAC_G::OLB12,Bacteria,2,0.0,0.0,True,136.0,False,False
warning_acid_accumulation,BAC_G::OLB12,Bacteria,2,0.0,0.0,True,138.5,False,False
warning_ammonia_toxicity,BAC_G::OLB12,Bacteria,2,0.0,0.0,True,141.5,False,False
warning_biogas_quality,BAC_G::OLB12,Bacteria,2,0.0,0.0,True,137.5,False,False
warning_acid_base_balance,BAC_G::OLB8,Bacteria,2,0.0,0.0,True,138.5,False,False
warning_buffer_capacity,BAC_G::OLB8,Bacteria,2,0.0,0.0,True,136.0,False,False
warning_acid_accumulation,BAC_G::OLB8,Bacteria,2,0.0,0.0,True,138.5,False,False
warning_ammonia_toxicity,BAC_G::OLB8,Bacteria,2,0.0,0.0,True,141.5,False,False
warning_biogas_quality,BAC_G::OLB8,Bacteria,2,0.0,0.0,True,137.5,False,False
warning_acid_base_balance,BAC_G::Olsenella,Bacteria,2,0.0,0.0,True,138.5,False,False
warning_buffer_capacity,BAC_G::Olsenella,Bacteria,2,0.0,0.0,True,136.0,False,False
warning_acid_accumulation,BAC_G::Olsenella,Bacteria,2,0.0,0.0,True,138.5,False,False
warning_ammonia_toxicity,BAC_G::Olsenella,Bacteria,2,0.0,0.0,True,141.5,False,False
warning_biogas_quality,BAC_G::Olsenella,Bacteria,2,0.0,0.0,True,137.5,False,False
warning_acid_base_balance,BAC_G::Oscillospira,Bacteria,2,0.0,0.0,False,138.5,False,False
warning_buffer_capacity,BAC_G::Oscillospira,Bacteria,2,0.0,0.0,False,136.0,False,False
warning_acid_accumulation,BAC_G::Oscillospira,Bacteria,2,0.0,0.0,False,138.5,False,False
warning_ammonia_toxicity,BAC_G::Oscillospira,Bacteria,2,0.0,0.0,False,141.5,False,False
warning_biogas_quality,BAC_G::Oscillospira,Bacteria,2,0.0,0.0,False,137.5,False,False
warning_acid_base_balance,BAC_G::PB19,Bacteria,2,0.0,0.0,True,138.5,False,False
warning_buffer_capacity,BAC_G::PB19,Bacteria,2,0.0,0.0,True,136.0,False,False
warning_acid_accumulation,BAC_G::PB19,Bacteria,2,0.0,0.0,True,138.5,False,False
warning_ammonia_toxicity,BAC_G::PB19,Bacteria,2,0.0,0.0,True,141.5,False,False
warning_biogas_quality,BAC_G::PB19,Bacteria,2,0.0,0.0,True,137.5,False,False
warning_acid_base_balance,BAC_G::Paludibacter,Bacteria,2,0.0,0.0,True,138.5,False,False
warning_buffer_capacity,BAC_G::Paludibacter,Bacteria,2,0.0,0.0,True,136.0,False,False
warning_acid_accumulation,BAC_G::Paludibacter,Bacteria,2,0.0,0.0,True,138.5,False,False
warning_ammonia_toxicity,BAC_G::Paludibacter,Bacteria,2,0.0,0.0,True,141.5,False,False
warning_biogas_quality,BAC_G::Paludibacter,Bacteria,2,0.0,0.0,True,137.5,False,False
warning_acid_base_balance,BAC_G::Pantoea,Bacteria,2,0.0,0.0,False,138.5,False,False
warning_buffer_capacity,BAC_G::Pantoea,Bacteria,2,0.0,0.0,False,136.0,False,False
warning_acid_accumulation,BAC_G::Pantoea,Bacteria,2,0.0,0.0,False,138.5,False,False
warning_ammonia_toxicity,BAC_G::Pantoea,Bacteria,2,0.0,0.0,False,141.5,False,False
warning_biogas_quality,BAC_G::Pantoea,Bacteria,2,0.0,0.0,False,137.5,False,False
warning_acid_base_balance,BAC_G::Paracoccus,Bacteria,2,0.0,0.0,True,138.5,False,False
warning_buffer_capacity,BAC_G::Paracoccus,Bacteria,2,0.0,0.0,True,136.0,False,False
warning_acid_accumulation,BAC_G::Paracoccus,Bacteria,2,0.0,0.0,True,138.5,False,False
warning_ammonia_toxicity,BAC_G::Paracoccus,Bacteria,2,0.0,0.0,True,141.5,False,False
warning_biogas_quality,BAC_G::Paracoccus,Bacteria,2,0.0,0.0,True,137.5,False,False
warning_acid_base_balance,BAC_G::Pedosphaeraceae,Bacteria,2,0.0,0.0,True,138.5,False,False
warning_buffer_capacity,BAC_G::Pedosphaeraceae,Bacteria,2,0.0,0.0,True,136.0,False,False
warning_acid_accumulation,BAC_G::Pedosphaeraceae,Bacteria,2,0.0,0.0,True,138.5,False,False
warning_ammonia_toxicity,BAC_G::Pedosphaeraceae,Bacteria,2,0.0,0.0,True,141.5,False,False
warning_biogas_quality,BAC_G::Pedosphaeraceae,Bacteria,2,0.0,0.0,True,137.5,False,False
warning_acid_base_balance,BAC_G::Pelotomaculum,Bacteria,2,0.0,0.0,True,138.5,False,False
warning_buffer_capacity,BAC_G::Pelotomaculum,Bacteria,2,0.0,0.0,True,136.0,False,False
warning_acid_accumulation,BAC_G::Pelotomaculum,Bacteria,2,0.0,0.0,True,138.5,False,False
warning_ammonia_toxicity,BAC_G::Pelotomaculum,Bacteria,2,0.0,0.0,True,141.5,False,False
warning_biogas_quality,BAC_G::Pelotomaculum,Bacteria,2,0.0,0.0,True,137.5,False,False
warning_acid_base_balance,BAC_G::Petrimonas,Bacteria,2,0.0,0.0,True,138.5,False,False
warning_buffer_capacity,BAC_G::Petrimonas,Bacteria,2,0.0,0.0,True,136.0,False,False
warning_acid_accumulation,BAC_G::Petrimonas,Bacteria,2,0.0,0.0,True,138.5,False,False
warning_ammonia_toxicity,BAC_G::Petrimonas,Bacteria,2,0.0,0.0,True,141.5,False,False
warning_biogas_quality,BAC_G::Petrimonas,Bacteria,2,0.0,0.0,True,137.5,False,False
warning_acid_base_balance,BAC_G::Prevotella,Bacteria,2,0.0,0.0,True,138.5,False,False
warning_buffer_capacity,BAC_G::Prevotella,Bacteria,2,0.0,0.0,True,136.0,False,False
warning_acid_accumulation,BAC_G::Prevotella,Bacteria,2,0.0,0.0,True,138.5,False,False
warning_ammonia_toxicity,BAC_G::Prevotella,Bacteria,2,0.0,0.0,True,141.5,False,False
warning_biogas_quality,BAC_G::Prevotella,Bacteria,2,0.0,0.0,True,137.5,False,False
warning_acid_base_balance,BAC_G::Proteiniphilum,Bacteria,2,-0.03624084249084252,0.07346294237237969,True,275.0,False,False
warning_buffer_capacity,BAC_G::Proteiniphilum,Bacteria,2,0.0,0.0,True,136.0,False,False
warning_acid_accumulation,BAC_G::Proteiniphilum,Bacteria,2,0.0,0.0,True,138.5,False,False
warning_ammonia_toxicity,BAC_G::Proteiniphilum,Bacteria,2,0.0,0.0,True,141.5,False,False
warning_biogas_quality,BAC_G::Proteiniphilum,Bacteria,2,0.0,0.0,True,137.5,False,False
warning_acid_base_balance,BAC_G::Proteocatella,Bacteria,2,0.0,0.0,True,138.5,False,False
warning_buffer_capacity,BAC_G::Proteocatella,Bacteria,2,0.0,0.0,True,136.0,False,False
warning_acid_accumulation,BAC_G::Proteocatella,Bacteria,2,0.0,0.0,True,138.5,False,False
warning_ammonia_toxicity,BAC_G::Proteocatella,Bacteria,2,0.0,0.0,True,141.5,False,False
warning_biogas_quality,BAC_G::Proteocatella,Bacteria,2,0.0,0.0,True,137.5,False,False
warning_acid_base_balance,BAC_G::Pseudomonas,Bacteria,2,0.0,0.0,True,138.5,False,False
warning_buffer_capacity,BAC_G::Pseudomonas,Bacteria,2,0.0,0.0,True,136.0,False,False
warning_acid_accumulation,BAC_G::Pseudomonas,Bacteria,2,0.0,0.0,True,138.5,False,False
warning_ammonia_toxicity,BAC_G::Pseudomonas,Bacteria,2,0.0,0.0,True,141.5,False,False
warning_biogas_quality,BAC_G::Pseudomonas,Bacteria,2,0.0,0.0,True,137.5,False,False
warning_acid_base_balance,BAC_G::Pseudoramibacter,Bacteria,2,0.0,0.0,False,138.5,False,False
warning_buffer_capacity,BAC_G::Pseudoramibacter,Bacteria,2,0.0,0.0,False,136.0,False,False
warning_acid_accumulation,BAC_G::Pseudoramibacter,Bacteria,2,0.0,0.0,False,138.5,False,False
warning_ammonia_toxicity,BAC_G::Pseudoramibacter,Bacteria,2,0.0,0.0,False,141.5,False,False
warning_biogas_quality,BAC_G::Pseudoramibacter,Bacteria,2,0.0,0.0,False,137.5,False,False
warning_acid_base_balance,BAC_G::RBG-16-49-21,Bacteria,2,0.0,0.0,True,138.5,False,False
warning_buffer_capacity,BAC_G::RBG-16-49-21,Bacteria,2,0.0,0.0,True,136.0,False,False
warning_acid_accumulation,BAC_G::RBG-16-49-21,Bacteria,2,0.0,0.0,True,138.5,False,False
warning_ammonia_toxicity,BAC_G::RBG-16-49-21,Bacteria,2,0.0,0.0,True,141.5,False,False
warning_biogas_quality,BAC_G::RBG-16-49-21,Bacteria,2,0.0,0.0,True,137.5,False,False
warning_acid_base_balance,BAC_G::Raoultibacter,Bacteria,2,0.0,0.0,False,138.5,False,False
warning_buffer_capacity,BAC_G::Raoultibacter,Bacteria,2,0.0,0.0,False,136.0,False,False
warning_acid_accumulation,BAC_G::Raoultibacter,Bacteria,2,0.0,0.0,False,138.5,False,False
warning_ammonia_toxicity,BAC_G::Raoultibacter,Bacteria,2,0.0,0.0,False,141.5,False,False
warning_biogas_quality,BAC_G::Raoultibacter,Bacteria,2,0.0,0.0,False,137.5,False,False
warning_acid_base_balance,BAC_G::Rhodobacter,Bacteria,2,0.0,0.0,True,138.5,False,False
warning_buffer_capacity,BAC_G::Rhodobacter,Bacteria,2,0.0,0.0,True,136.0,False,False
warning_acid_accumulation,BAC_G::Rhodobacter,Bacteria,2,0.0,0.0,True,138.5,False,False
warning_ammonia_toxicity,BAC_G::Rhodobacter,Bacteria,2,0.0,0.0,True,141.5,False,False
warning_biogas_quality,BAC_G::Rhodobacter,Bacteria,2,0.0,0.0,True,137.5,False,False
warning_acid_base_balance,BAC_G::Ruminiclostridium,Bacteria,2,0.0,0.0,True,138.5,False,False
warning_buffer_capacity,BAC_G::Ruminiclostridium,Bacteria,2,0.0,0.0,True,136.0,False,False
warning_acid_accumulation,BAC_G::Ruminiclostridium,Bacteria,2,0.0,0.0,True,138.5,False,False
warning_ammonia_toxicity,BAC_G::Ruminiclostridium,Bacteria,2,0.0,0.0,True,141.5,False,False
warning_biogas_quality,BAC_G::Ruminiclostridium,Bacteria,2,0.0,0.0,True,137.5,False,False
warning_acid_base_balance,BAC_G::Ruminococcus,Bacteria,2,0.0,0.0,True,138.5,False,False
warning_buffer_capacity,BAC_G::Ruminococcus,Bacteria,2,0.0,0.0,True,136.0,False,False
warning_acid_accumulation,BAC_G::Ruminococcus,Bacteria,2,0.0,0.0,True,138.5,False,False
warning_ammonia_toxicity,BAC_G::Ruminococcus,Bacteria,2,0.0,0.0,True,141.5,False,False
warning_biogas_quality,BAC_G::Ruminococcus,Bacteria,2,0.0,0.0,True,137.5,False,False
warning_acid_base_balance,BAC_G::SBR1031,Bacteria,2,0.0,0.0,True,138.5,False,False
warning_buffer_capacity,BAC_G::SBR1031,Bacteria,2,0.0,0.0,True,136.0,False,False
warning_acid_accumulation,BAC_G::SBR1031,Bacteria,2,0.0,0.0,True,138.5,False,False
warning_ammonia_toxicity,BAC_G::SBR1031,Bacteria,2,0.0,0.0,True,141.5,False,False
warning_biogas_quality,BAC_G::SBR1031,Bacteria,2,0.0,0.0,True,137.5,False,False
warning_acid_base_balance,BAC_G::SC-I-84,Bacteria,2,0.0,0.0,True,138.5,False,False
warning_buffer_capacity,BAC_G::SC-I-84,Bacteria,2,0.0,0.0,True,136.0,False,False
warning_acid_accumulation,BAC_G::SC-I-84,Bacteria,2,0.0,0.0,True,138.5,False,False
warning_ammonia_toxicity,BAC_G::SC-I-84,Bacteria,2,0.0,0.0,True,141.5,False,False
warning_biogas_quality,BAC_G::SC-I-84,Bacteria,2,0.0,0.0,True,137.5,False,False
warning_acid_base_balance,BAC_G::SC103,Bacteria,2,0.0,0.0,True,138.5,False,False
warning_buffer_capacity,BAC_G::SC103,Bacteria,2,0.0,0.0,True,136.0,False,False
warning_acid_accumulation,BAC_G::SC103,Bacteria,2,0.0,0.0,True,138.5,False,False
warning_ammonia_toxicity,BAC_G::SC103,Bacteria,2,0.0,0.0,True,141.5,False,False
warning_biogas_quality,BAC_G::SC103,Bacteria,2,0.0,0.0,True,137.5,False,False
warning_acid_base_balance,BAC_G::SJA-15,Bacteria,2,0.0,0.0,True,138.5,False,False
warning_buffer_capacity,BAC_G::SJA-15,Bacteria,2,0.0,0.0,True,136.0,False,False
warning_acid_accumulation,BAC_G::SJA-15,Bacteria,2,0.0,0.0,True,138.5,False,False
warning_ammonia_toxicity,BAC_G::SJA-15,Bacteria,2,0.0,0.0,True,141.5,False,False
warning_biogas_quality,BAC_G::SJA-15,Bacteria,2,0.0,0.0,True,137.5,False,False
warning_acid_base_balance,BAC_G::SJA-28,Bacteria,2,0.0,0.0,True,138.5,False,False
warning_buffer_capacity,BAC_G::SJA-28,Bacteria,2,0.0,0.0,True,136.0,False,False
warning_acid_accumulation,BAC_G::SJA-28,Bacteria,2,0.0,0.0,True,138.5,False,False
warning_ammonia_toxicity,BAC_G::SJA-28,Bacteria,2,0.0,0.0,True,141.5,False,False
warning_biogas_quality,BAC_G::SJA-28,Bacteria,2,0.0,0.0,True,137.5,False,False
warning_acid_base_balance,BAC_G::ST-12K33,Bacteria,2,0.0,0.0,True,138.5,False,False
warning_buffer_capacity,BAC_G::ST-12K33,Bacteria,2,0.0,0.0,True,136.0,False,False
warning_acid_accumulation,BAC_G::ST-12K33,Bacteria,2,0.0,0.0,True,138.5,False,False
warning_ammonia_toxicity,BAC_G::ST-12K33,Bacteria,2,0.0,0.0,True,141.5,False,False
warning_biogas_quality,BAC_G::ST-12K33,Bacteria,2,0.0,0.0,True,137.5,False,False
warning_acid_base_balance,BAC_G::Saccharofermentans,Bacteria,2,0.0,0.0,True,138.5,False,False
warning_buffer_capacity,BAC_G::Saccharofermentans,Bacteria,2,0.0,0.0,True,136.0,False,False
warning_acid_accumulation,BAC_G::Saccharofermentans,Bacteria,2,0.0,0.0,True,138.5,False,False
warning_ammonia_toxicity,BAC_G::Saccharofermentans,Bacteria,2,0.0,0.0,True,141.5,False,False
warning_biogas_quality,BAC_G::Saccharofermentans,Bacteria,2,0.0,0.0,True,137.5,False,False
warning_acid_base_balance,BAC_G::Sedimentibacter,Bacteria,2,0.0,0.0,True,138.5,False,False
warning_buffer_capacity,BAC_G::Sedimentibacter,Bacteria,2,-0.007631056808688382,0.009341779549771018,True,272.0,False,False
warning_acid_accumulation,BAC_G::Sedimentibacter,Bacteria,2,0.0,0.0,True,138.5,False,False
warning_ammonia_toxicity,BAC_G::Sedimentibacter,Bacteria,2,0.0,0.0,True,141.5,False,False
warning_biogas_quality,BAC_G::Sedimentibacter,Bacteria,2,0.0,0.0,True,137.5,False,False
warning_acid_base_balance,BAC_G::Shuttleworthia,Bacteria,2,0.0,0.0,True,138.5,False,False
warning_buffer_capacity,BAC_G::Shuttleworthia,Bacteria,2,0.0,0.0,True,136.0,False,False
warning_acid_accumulation,BAC_G::Shuttleworthia,Bacteria,2,0.0,0.0,True,138.5,False,False
warning_ammonia_toxicity,BAC_G::Shuttleworthia,Bacteria,2,0.0,0.0,True,141.5,False,False
warning_biogas_quality,BAC_G::Shuttleworthia,Bacteria,2,0.0,0.0,True,137.5,False,False
warning_acid_base_balance,BAC_G::Simplicispira,Bacteria,2,0.0,0.0,True,138.5,False,False
warning_buffer_capacity,BAC_G::Simplicispira,Bacteria,2,0.0,0.0,True,136.0,False,False
warning_acid_accumulation,BAC_G::Simplicispira,Bacteria,2,0.0,0.0,True,138.5,False,False
warning_ammonia_toxicity,BAC_G::Simplicispira,Bacteria,2,0.0,0.0,True,141.5,False,False
warning_biogas_quality,BAC_G::Simplicispira,Bacteria,2,0.0,0.0,True,137.5,False,False
warning_acid_base_balance,BAC_G::Smithella,Bacteria,2,0.0,0.0,True,138.5,False,False
warning_buffer_capacity,BAC_G::Smithella,Bacteria,2,0.0,0.0,True,136.0,False,False
warning_acid_accumulation,BAC_G::Smithella,Bacteria,2,0.0,0.0,True,138.5,False,False
warning_ammonia_toxicity,BAC_G::Smithella,Bacteria,2,0.0,0.0,True,141.5,False,False
warning_biogas_quality,BAC_G::Smithella,Bacteria,2,0.0,0.0,True,137.5,False,False
warning_acid_base_balance,BAC_G::Sphaerochaeta,Bacteria,2,0.0,0.0,True,138.5,False,False
warning_buffer_capacity,BAC_G::Sphaerochaeta,Bacteria,2,0.0,0.0,True,136.0,False,False
warning_acid_accumulation,BAC_G::Sphaerochaeta,Bacteria,2,0.0008333333333333332,0.025058411294577056,True,3.0,True,True
warning_ammonia_toxicity,BAC_G::Sphaerochaeta,Bacteria,2,0.0,0.0,True,141.5,False,False
warning_biogas_quality,BAC_G::Sphaerochaeta,Bacteria,2,0.0,0.0,True,137.5,False,False
warning_acid_base_balance,BAC_G::Stenotrophomonas,Bacteria,2,0.0,0.0,False,138.5,False,False
warning_buffer_capacity,BAC_G::Stenotrophomonas,Bacteria,2,0.0,0.0,False,136.0,False,False
warning_acid_accumulation,BAC_G::Stenotrophomonas,Bacteria,2,0.0,0.0,False,138.5,False,False
warning_ammonia_toxicity,BAC_G::Stenotrophomonas,Bacteria,2,0.0,0.0,False,141.5,False,False
warning_biogas_quality,BAC_G::Stenotrophomonas,Bacteria,2,0.0,0.0,False,137.5,False,False
warning_acid_base_balance,BAC_G::Sterolibacterium,Bacteria,2,0.0,0.0,True,138.5,False,False
warning_buffer_capacity,BAC_G::Sterolibacterium,Bacteria,2,0.0,0.0,True,136.0,False,False
warning_acid_accumulation,BAC_G::Sterolibacterium,Bacteria,2,0.0,0.0,True,138.5,False,False
warning_ammonia_toxicity,BAC_G::Sterolibacterium,Bacteria,2,0.0,0.0,True,141.5,False,False
warning_biogas_quality,BAC_G::Sterolibacterium,Bacteria,2,0.0,0.0,True,137.5,False,False
warning_acid_base_balance,BAC_G::Streptococcus,Bacteria,2,0.0,0.0,True,138.5,False,False
warning_buffer_capacity,BAC_G::Streptococcus,Bacteria,2,0.0,0.0,True,136.0,False,False
warning_acid_accumulation,BAC_G::Streptococcus,Bacteria,2,0.0,0.0,True,138.5,False,False
warning_ammonia_toxicity,BAC_G::Streptococcus,Bacteria,2,0.0,0.0,True,141.5,False,False
warning_biogas_quality,BAC_G::Streptococcus,Bacteria,2,0.0,0.0,True,137.5,False,False
warning_acid_base_balance,BAC_G::Sutterella,Bacteria,2,0.0,0.0,False,138.5,False,False
warning_buffer_capacity,BAC_G::Sutterella,Bacteria,2,0.0,0.0,False,136.0,False,False
warning_acid_accumulation,BAC_G::Sutterella,Bacteria,2,0.0,0.0,False,138.5,False,False
warning_ammonia_toxicity,BAC_G::Sutterella,Bacteria,2,0.0,0.0,False,141.5,False,False
warning_biogas_quality,BAC_G::Sutterella,Bacteria,2,0.0,0.0,False,137.5,False,False
warning_acid_base_balance,BAC_G::Syner-01,Bacteria,2,0.0,0.0,True,138.5,False,False
warning_buffer_capacity,BAC_G::Syner-01,Bacteria,2,0.0,0.0,True,136.0,False,False
warning_acid_accumulation,BAC_G::Syner-01,Bacteria,2,0.0,0.0,True,138.5,False,False
warning_ammonia_toxicity,BAC_G::Syner-01,Bacteria,2,0.0,0.0,True,141.5,False,False
warning_biogas_quality,BAC_G::Syner-01,Bacteria,2,0.0,0.0,True,137.5,False,False
warning_acid_base_balance,BAC_G::Syntrophaceticus,Bacteria,2,0.0,0.0,True,138.5,False,False
warning_buffer_capacity,BAC_G::Syntrophaceticus,Bacteria,2,0.0,0.0,True,136.0,False,False
warning_acid_accumulation,BAC_G::Syntrophaceticus,Bacteria,2,0.0,0.0,True,138.5,False,False
warning_ammonia_toxicity,BAC_G::Syntrophaceticus,Bacteria,2,0.0,0.0,True,141.5,False,False
warning_biogas_quality,BAC_G::Syntrophaceticus,Bacteria,2,0.0,0.0,True,137.5,False,False
warning_acid_base_balance,BAC_G::Syntrophobacter,Bacteria,2,0.0,0.0,True,138.5,False,False
warning_buffer_capacity,BAC_G::Syntrophobacter,Bacteria,2,0.0,0.0,True,136.0,False,False
warning_acid_accumulation,BAC_G::Syntrophobacter,Bacteria,2,0.0,0.0,True,138.5,False,False
warning_ammonia_toxicity,BAC_G::Syntrophobacter,Bacteria,2,0.0,0.0,True,141.5,False,False
warning_biogas_quality,BAC_G::Syntrophobacter,Bacteria,2,0.0,0.0,True,137.5,False,False
warning_acid_base_balance,BAC_G::Syntrophococcus,Bacteria,2,0.0,0.0,True,138.5,False,False
warning_buffer_capacity,BAC_G::Syntrophococcus,Bacteria,2,0.0,0.0,True,136.0,False,False
warning_acid_accumulation,BAC_G::Syntrophococcus,Bacteria,2,0.0,0.0,True,138.5,False,False
warning_ammonia_toxicity,BAC_G::Syntrophococcus,Bacteria,2,0.0,0.0,True,141.5,False,False
warning_biogas_quality,BAC_G::Syntrophococcus,Bacteria,2,0.0,0.0,True,137.5,False,False
warning_acid_base_balance,BAC_G::Syntrophomonas,Bacteria,2,0.0,0.0,True,138.5,False,False
warning_buffer_capacity,BAC_G::Syntrophomonas,Bacteria,2,0.005652056277056277,0.00754677718766262,True,5.0,True,True
warning_acid_accumulation,BAC_G::Syntrophomonas,Bacteria,2,0.0,0.0,True,138.5,False,False
warning_ammonia_toxicity,BAC_G::Syntrophomonas,Bacteria,2,0.0,0.0,True,141.5,False,False
warning_biogas_quality,BAC_G::Syntrophomonas,Bacteria,2,0.0,0.0,True,137.5,False,False
warning_acid_base_balance,BAC_G::Syntrophorhabdus,Bacteria,2,0.0,0.0,True,138.5,False,False
warning_buffer_capacity,BAC_G::Syntrophorhabdus,Bacteria,2,0.0,0.0,True,136.0,False,False
warning_acid_accumulation,BAC_G::Syntrophorhabdus,Bacteria,2,0.0,0.0,True,138.5,False,False
warning_ammonia_toxicity,BAC_G::Syntrophorhabdus,Bacteria,2,0.0,0.0,True,141.5,False,False
warning_biogas_quality,BAC_G::Syntrophorhabdus,Bacteria,2,0.0,0.0,True,137.5,False,False
warning_acid_base_balance,BAC_G::Syntrophus,Bacteria,2,0.0,0.0,True,138.5,False,False
warning_buffer_capacity,BAC_G::Syntrophus,Bacteria,2,0.0,0.0,True,136.0,False,False
warning_acid_accumulation,BAC_G::Syntrophus,Bacteria,2,0.0,0.0,True,138.5,False,False
warning_ammonia_toxicity,BAC_G::Syntrophus,Bacteria,2,0.0,0.0,True,141.5,False,False
warning_biogas_quality,BAC_G::Syntrophus,Bacteria,2,0.0,0.0,True,137.5,False,False
warning_acid_base_balance,BAC_G::TTA-B1,Bacteria,2,0.0,0.0,True,138.5,False,False
warning_buffer_capacity,BAC_G::TTA-B1,Bacteria,2,0.0,0.0,True,136.0,False,False
warning_acid_accumulation,BAC_G::TTA-B1,Bacteria,2,0.0,0.0,True,138.5,False,False
warning_ammonia_toxicity,BAC_G::TTA-B1,Bacteria,2,0.0,0.0,True,141.5,False,False
warning_biogas_quality,BAC_G::TTA-B1,Bacteria,2,0.0,0.0,True,137.5,False,False
warning_acid_base_balance,BAC_G::Tepidimicrobium,Bacteria,2,0.0,0.0,True,138.5,False,False
warning_buffer_capacity,BAC_G::Tepidimicrobium,Bacteria,2,0.0,0.0,True,136.0,False,False
warning_acid_accumulation,BAC_G::Tepidimicrobium,Bacteria,2,0.0,0.0,True,138.5,False,False
warning_ammonia_toxicity,BAC_G::Tepidimicrobium,Bacteria,2,0.0,0.0,True,141.5,False,False
warning_biogas_quality,BAC_G::Tepidimicrobium,Bacteria,2,0.0,0.0,True,137.5,False,False
warning_acid_base_balance,BAC_G::Terrimonas,Bacteria,2,0.0,0.0,True,138.5,False,False
warning_buffer_capacity,BAC_G::Terrimonas,Bacteria,2,0.0,0.0,True,136.0,False,False
warning_acid_accumulation,BAC_G::Terrimonas,Bacteria,2,0.0,0.0,True,138.5,False,False
warning_ammonia_toxicity,BAC_G::Terrimonas,Bacteria,2,0.0,0.0,True,141.5,False,False
warning_biogas_quality,BAC_G::Terrimonas,Bacteria,2,0.0,0.0,True,137.5,False,False
warning_acid_base_balance,BAC_G::Tetrasphaera,Bacteria,2,0.0,0.0,True,138.5,False,False
warning_buffer_capacity,BAC_G::Tetrasphaera,Bacteria,2,0.0,0.0,True,136.0,False,False
warning_acid_accumulation,BAC_G::Tetrasphaera,Bacteria,2,0.0,0.0,True,138.5,False,False
warning_ammonia_toxicity,BAC_G::Tetrasphaera,Bacteria,2,0.0,0.0,True,141.5,False,False
warning_biogas_quality,BAC_G::Tetrasphaera,Bacteria,2,0.0,0.0,True,137.5,False,False
warning_acid_base_balance,BAC_G::Thauera,Bacteria,2,0.0,0.0,True,138.5,False,False
warning_buffer_capacity,BAC_G::Thauera,Bacteria,2,0.0,0.0,True,136.0,False,False
warning_acid_accumulation,BAC_G::Thauera,Bacteria,2,0.0,0.0,True,138.5,False,False
warning_ammonia_toxicity,BAC_G::Thauera,Bacteria,2,0.0,0.0,True,141.5,False,False
warning_biogas_quality,BAC_G::Thauera,Bacteria,2,0.0,0.0,True,137.5,False,False
warning_acid_base_balance,BAC_G::Thermoanaerobaculum,Bacteria,2,0.0,0.0,True,138.5,False,False
warning_buffer_capacity,BAC_G::Thermoanaerobaculum,Bacteria,2,0.0,0.0,True,136.0,False,False
warning_acid_accumulation,BAC_G::Thermoanaerobaculum,Bacteria,2,0.0,0.0,True,138.5,False,False
warning_ammonia_toxicity,BAC_G::Thermoanaerobaculum,Bacteria,2,0.0,0.0,True,141.5,False,False
warning_biogas_quality,BAC_G::Thermoanaerobaculum,Bacteria,2,0.0,0.0,True,137.5,False,False
warning_acid_base_balance,BAC_G::Thermomonas,Bacteria,2,0.0,0.0,True,138.5,False,False
warning_buffer_capacity,BAC_G::Thermomonas,Bacteria,2,0.0,0.0,True,136.0,False,False
warning_acid_accumulation,BAC_G::Thermomonas,Bacteria,2,0.0,0.0,True,138.5,False,False
warning_ammonia_toxicity,BAC_G::Thermomonas,Bacteria,2,0.0,0.0,True,141.5,False,False
warning_biogas_quality,BAC_G::Thermomonas,Bacteria,2,0.0,0.0,True,137.5,False,False
warning_acid_base_balance,BAC_G::Thermovirga,Bacteria,2,0.0,0.0,True,138.5,False,False
warning_buffer_capacity,BAC_G::Thermovirga,Bacteria,2,0.0,0.0,True,136.0,False,False
warning_acid_accumulation,BAC_G::Thermovirga,Bacteria,2,0.0,0.0,True,138.5,False,False
warning_ammonia_toxicity,BAC_G::Thermovirga,Bacteria,2,0.0,0.0,True,141.5,False,False
warning_biogas_quality,BAC_G::Thermovirga,Bacteria,2,0.0,0.0,True,137.5,False,False
warning_acid_base_balance,BAC_G::Thermus,Bacteria,2,0.0,0.0,False,138.5,False,False
warning_buffer_capacity,BAC_G::Thermus,Bacteria,2,0.0,0.0,False,136.0,False,False
warning_acid_accumulation,BAC_G::Thermus,Bacteria,2,0.0,0.0,False,138.5,False,False
warning_ammonia_toxicity,BAC_G::Thermus,Bacteria,2,0.0,0.0,False,141.5,False,False
warning_biogas_quality,BAC_G::Thermus,Bacteria,2,0.0,0.0,False,137.5,False,False
warning_acid_base_balance,BAC_G::Tissierella,Bacteria,2,0.0,0.0,True,138.5,False,False
warning_buffer_capacity,BAC_G::Tissierella,Bacteria,2,0.0,0.0,True,136.0,False,False
warning_acid_accumulation,BAC_G::Tissierella,Bacteria,2,0.0,0.0,True,138.5,False,False
warning_ammonia_toxicity,BAC_G::Tissierella,Bacteria,2,0.0,0.0,True,141.5,False,False
warning_biogas_quality,BAC_G::Tissierella,Bacteria,2,0.0,0.0,True,137.5,False,False
warning_acid_base_balance,BAC_G::Treponema,Bacteria,2,0.0,0.0,False,138.5,False,False
warning_buffer_capacity,BAC_G::Treponema,Bacteria,2,0.0,0.0,False,136.0,False,False
warning_acid_accumulation,BAC_G::Treponema,Bacteria,2,0.0,0.0,False,138.5,False,False
warning_ammonia_toxicity,BAC_G::Treponema,Bacteria,2,0.0,0.0,False,141.5,False,False
warning_biogas_quality,BAC_G::Treponema,Bacteria,2,0.0,0.0,False,137.5,False,False
warning_acid_base_balance,BAC_G::Truepera,Bacteria,2,0.0,0.0,False,138.5,False,False
warning_buffer_capacity,BAC_G::Truepera,Bacteria,2,0.0,0.0,False,136.0,False,False
warning_acid_accumulation,BAC_G::Truepera,Bacteria,2,0.0,0.0,False,138.5,False,False
warning_ammonia_toxicity,BAC_G::Truepera,Bacteria,2,0.0,0.0,False,141.5,False,False
warning_biogas_quality,BAC_G::Truepera,Bacteria,2,0.0,0.0,False,137.5,False,False
warning_acid_base_balance,BAC_G::UCG-010,Bacteria,2,0.0,0.0,True,138.5,False,False
warning_buffer_capacity,BAC_G::UCG-010,Bacteria,2,0.0,0.0,True,136.0,False,False
warning_acid_accumulation,BAC_G::UCG-010,Bacteria,2,0.0,0.0,True,138.5,False,False
warning_ammonia_toxicity,BAC_G::UCG-010,Bacteria,2,0.0,0.0,True,141.5,False,False
warning_biogas_quality,BAC_G::UCG-010,Bacteria,2,0.0,0.0,True,137.5,False,False
warning_acid_base_balance,BAC_G::W27,Bacteria,2,0.0,0.0,True,138.5,False,False
warning_buffer_capacity,BAC_G::W27,Bacteria,2,0.0,0.0,True,136.0,False,False
warning_acid_accumulation,BAC_G::W27,Bacteria,2,0.0,0.0,True,138.5,False,False
warning_ammonia_toxicity,BAC_G::W27,Bacteria,2,0.0,0.0,True,141.5,False,False
warning_biogas_quality,BAC_G::W27,Bacteria,2,0.0,0.0,True,137.5,False,False
warning_acid_base_balance,BAC_G::W5,Bacteria,2,0.0,0.0,True,138.5,False,False
warning_buffer_capacity,BAC_G::W5,Bacteria,2,0.0,0.0,True,136.0,False,False
warning_acid_accumulation,BAC_G::W5,Bacteria,2,0.0,0.0,True,138.5,False,False
warning_ammonia_toxicity,BAC_G::W5,Bacteria,2,0.0,0.0,True,141.5,False,False
warning_biogas_quality,BAC_G::W5,Bacteria,2,0.0,0.0,True,137.5,False,False
warning_acid_base_balance,BAC_G::W5053,Bacteria,2,0.0,0.0,True,138.5,False,False
warning_buffer_capacity,BAC_G::W5053,Bacteria,2,0.0,0.0,True,136.0,False,False
warning_acid_accumulation,BAC_G::W5053,Bacteria,2,0.0,0.0,True,138.5,False,False
warning_ammonia_toxicity,BAC_G::W5053,Bacteria,2,0.0,0.0,True,141.5,False,False
warning_biogas_quality,BAC_G::W5053,Bacteria,2,0.0,0.0,True,137.5,False,False
warning_acid_base_balance,BAC_G::WCHB1-02,Bacteria,2,0.0,0.0,True,138.5,False,False
warning_buffer_capacity,BAC_G::WCHB1-02,Bacteria,2,0.0,0.0,True,136.0,False,False
warning_acid_accumulation,BAC_G::WCHB1-02,Bacteria,2,0.0,0.0,True,138.5,False,False
warning_ammonia_toxicity,BAC_G::WCHB1-02,Bacteria,2,0.0,0.0,True,141.5,False,False
warning_biogas_quality,BAC_G::WCHB1-02,Bacteria,2,0.0,0.0,True,137.5,False,False
warning_acid_base_balance,BAC_G::WCHB1-41,Bacteria,2,0.0,0.0,True,138.5,False,False
warning_buffer_capacity,BAC_G::WCHB1-41,Bacteria,2,0.0,0.0,True,136.0,False,False
warning_acid_accumulation,BAC_G::WCHB1-41,Bacteria,2,0.0,0.0,True,138.5,False,False
warning_ammonia_toxicity,BAC_G::WCHB1-41,Bacteria,2,0.0,0.0,True,141.5,False,False
warning_biogas_quality,BAC_G::WCHB1-41,Bacteria,2,0.0,0.0,True,137.5,False,False
warning_acid_base_balance,BAC_G::WCHB1-81,Bacteria,2,0.0,0.0,True,138.5,False,False
warning_buffer_capacity,BAC_G::WCHB1-81,Bacteria,2,0.0,0.0,True,136.0,False,False
warning_acid_accumulation,BAC_G::WCHB1-81,Bacteria,2,0.0,0.0,True,138.5,False,False
warning_ammonia_toxicity,BAC_G::WCHB1-81,Bacteria,2,0.0,0.0,True,141.5,False,False
warning_biogas_quality,BAC_G::WCHB1-81,Bacteria,2,0.0,0.0,True,137.5,False,False
warning_acid_base_balance,BAC_G::Zoogloea,Bacteria,2,0.0,0.0,True,138.5,False,False
warning_buffer_capacity,BAC_G::Zoogloea,Bacteria,2,0.0,0.0,True,136.0,False,False
warning_acid_accumulation,BAC_G::Zoogloea,Bacteria,2,0.0,0.0,True,138.5,False,False
warning_ammonia_toxicity,BAC_G::Zoogloea,Bacteria,2,0.0,0.0,True,141.5,False,False
warning_biogas_quality,BAC_G::Zoogloea,Bacteria,2,0.0,0.0,True,137.5,False,False
warning_acid_base_balance,BAC_G::p-251-o5,Bacteria,2,0.0,0.0,True,138.5,False,False
warning_buffer_capacity,BAC_G::p-251-o5,Bacteria,2,0.0,0.0,True,136.0,False,False
warning_acid_accumulation,BAC_G::p-251-o5,Bacteria,2,0.0,0.0,True,138.5,False,False
warning_ammonia_toxicity,BAC_G::p-251-o5,Bacteria,2,0.0,0.0,True,141.5,False,False
warning_biogas_quality,BAC_G::p-251-o5,Bacteria,2,0.0,0.0,True,137.5,False,False
warning_acid_base_balance,BAC_G::unidentified,Bacteria,2,0.0,0.0,True,138.5,False,False
warning_buffer_capacity,BAC_G::unidentified,Bacteria,2,-0.009992167919799497,0.02134176576470639,True,273.0,False,False
warning_acid_accumulation,BAC_G::unidentified,Bacteria,2,0.0,0.0,True,138.5,False,False
warning_ammonia_toxicity,BAC_G::unidentified,Bacteria,2,0.0,0.0,True,141.5,False,False
warning_biogas_quality,BAC_G::unidentified,Bacteria,2,0.0,0.0,True,137.5,False,False
warning_acid_base_balance,ARC_P::Aenigmarchaeota,Archaea,2,0.0,0.0,True,138.5,False,False
warning_buffer_capacity,ARC_P::Aenigmarchaeota,Archaea,2,0.0,0.0,True,136.0,False,False
warning_acid_accumulation,ARC_P::Aenigmarchaeota,Archaea,2,0.0,0.0,True,138.5,False,False
warning_ammonia_toxicity,ARC_P::Aenigmarchaeota,Archaea,2,0.0,0.0,True,141.5,False,False
warning_biogas_quality,ARC_P::Aenigmarchaeota,Archaea,2,0.0,0.0,True,137.5,False,False
warning_acid_base_balance,ARC_P::Asgardarchaeota,Archaea,2,0.0,0.0,True,138.5,False,False
warning_buffer_capacity,ARC_P::Asgardarchaeota,Archaea,2,0.0,0.0,True,136.0,False,False
warning_acid_accumulation,ARC_P::Asgardarchaeota,Archaea,2,0.0,0.0,True,138.5,False,False
warning_ammonia_toxicity,ARC_P::Asgardarchaeota,Archaea,2,0.0,0.0,True,141.5,False,False
warning_biogas_quality,ARC_P::Asgardarchaeota,Archaea,2,0.0,0.0,True,137.5,False,False
warning_acid_base_balance,ARC_P::Crenarchaeota,Archaea,2,0.0,0.0,True,138.5,False,False
warning_buffer_capacity,ARC_P::Crenarchaeota,Archaea,2,0.0,0.0,True,136.0,False,False
warning_acid_accumulation,ARC_P::Crenarchaeota,Archaea,2,0.0,0.0,True,138.5,False,False
warning_ammonia_toxicity,ARC_P::Crenarchaeota,Archaea,2,0.0,0.0,True,141.5,False,False
warning_biogas_quality,ARC_P::Crenarchaeota,Archaea,2,0.0,0.0,True,137.5,False,False
warning_acid_base_balance,ARC_P::Cryptomycota,Archaea,2,0.0,0.0,True,138.5,False,False
warning_buffer_capacity,ARC_P::Cryptomycota,Archaea,2,0.0,0.0,True,136.0,False,False
warning_acid_accumulation,ARC_P::Cryptomycota,Archaea,2,0.0,0.0,True,138.5,False,False
warning_ammonia_toxicity,ARC_P::Cryptomycota,Archaea,2,0.0,0.0,True,141.5,False,False
warning_biogas_quality,ARC_P::Cryptomycota,Archaea,2,0.0,0.0,True,137.5,False,False
warning_acid_base_balance,ARC_P::Euryarchaeota,Archaea,2,0.0,0.0,True,138.5,False,False
warning_buffer_capacity,ARC_P::Euryarchaeota,Archaea,2,0.0,0.0,True,136.0,False,False
warning_acid_accumulation,ARC_P::Euryarchaeota,Archaea,2,0.0,0.0,True,138.5,False,False
warning_ammonia_toxicity,ARC_P::Euryarchaeota,Archaea,2,0.05,0.10259783520851541,True,4.0,True,True
warning_biogas_quality,ARC_P::Euryarchaeota,Archaea,2,0.0,0.0,True,137.5,False,False
warning_acid_base_balance,ARC_P::Hadarchaeota,Archaea,2,0.0,0.0,True,138.5,False,False
warning_buffer_capacity,ARC_P::Hadarchaeota,Archaea,2,0.0,0.0,True,136.0,False,False
warning_acid_accumulation,ARC_P::Hadarchaeota,Archaea,2,0.0,0.0,True,138.5,False,False
warning_ammonia_toxicity,ARC_P::Hadarchaeota,Archaea,2,0.0,0.0,True,141.5,False,False
warning_biogas_quality,ARC_P::Hadarchaeota,Archaea,2,0.0,0.0,True,137.5,False,False
warning_acid_base_balance,ARC_P::Halobacterota,Archaea,2,0.0,0.0,True,138.5,False,False
warning_buffer_capacity,ARC_P::Halobacterota,Archaea,2,0.0,0.0,True,136.0,False,False
warning_acid_accumulation,ARC_P::Halobacterota,Archaea,2,0.0,0.0,True,138.5,False,False
warning_ammonia_toxicity,ARC_P::Halobacterota,Archaea,2,0.04166666666666665,0.15413406483162792,True,6.0,True,True
warning_biogas_quality,ARC_P::Halobacterota,Archaea,2,0.0,0.0,True,137.5,False,False
warning_acid_base_balance,ARC_P::Holozoa,Archaea,2,0.0,0.0,True,138.5,False,False
warning_buffer_capacity,ARC_P::Holozoa,Archaea,2,0.0,0.0,True,136.0,False,False
warning_acid_accumulation,ARC_P::Holozoa,Archaea,2,0.0,0.0,True,138.5,False,False
warning_ammonia_toxicity,ARC_P::Holozoa,Archaea,2,0.0,0.0,True,141.5,False,False
warning_biogas_quality,ARC_P::Holozoa,Archaea,2,0.0,0.0,True,137.5,False,False
warning_acid_base_balance,ARC_P::Iainarchaeota,Archaea,2,0.0,0.0,True,138.5,False,False
warning_buffer_capacity,ARC_P::Iainarchaeota,Archaea,2,0.0,0.0,True,136.0,False,False
warning_acid_accumulation,ARC_P::Iainarchaeota,Archaea,2,0.0,0.0,True,138.5,False,False
warning_ammonia_toxicity,ARC_P::Iainarchaeota,Archaea,2,0.0,0.0,True,141.5,False,False
warning_biogas_quality,ARC_P::Iainarchaeota,Archaea,2,0.0,0.0,True,137.5,False,False
warning_acid_base_balance,ARC_P::Micrarchaeota,Archaea,2,0.0,0.0,True,138.5,False,False
warning_buffer_capacity,ARC_P::Micrarchaeota,Archaea,2,0.0,0.0,True,136.0,False,False
warning_acid_accumulation,ARC_P::Micrarchaeota,Archaea,2,0.0,0.0,True,138.5,False,False
warning_ammonia_toxicity,ARC_P::Micrarchaeota,Archaea,2,0.0,0.0,True,141.5,False,False
warning_biogas_quality,ARC_P::Micrarchaeota,Archaea,2,0.0,0.0,True,137.5,False,False
warning_acid_base_balance,ARC_P::Mollusca,Archaea,2,0.0,0.0,False,138.5,False,False
warning_buffer_capacity,ARC_P::Mollusca,Archaea,2,0.0,0.0,False,136.0,False,False
warning_acid_accumulation,ARC_P::Mollusca,Archaea,2,0.0,0.0,False,138.5,False,False
warning_ammonia_toxicity,ARC_P::Mollusca,Archaea,2,0.0,0.0,False,141.5,False,False
warning_biogas_quality,ARC_P::Mollusca,Archaea,2,0.0,0.0,False,137.5,False,False
warning_acid_base_balance,ARC_P::Nanoarchaeota,Archaea,2,0.01593541874791872,0.011332995799364061,True,1.0,True,True
warning_buffer_capacity,ARC_P::Nanoarchaeota,Archaea,2,0.0,0.0,True,136.0,False,False
warning_acid_accumulation,ARC_P::Nanoarchaeota,Archaea,2,0.0,0.0,True,138.5,False,False
warning_ammonia_toxicity,ARC_P::Nanoarchaeota,Archaea,2,0.0,0.0,True,141.5,False,False
warning_biogas_quality,ARC_P::Nanoarchaeota,Archaea,2,0.0,0.0,True,137.5,False,False
warning_acid_base_balance,ARC_P::Thermoplasmatota,Archaea,2,0.0,0.0,True,138.5,False,False
warning_buffer_capacity,ARC_P::Thermoplasmatota,Archaea,2,-0.0014583333333333288,0.010610764744354614,True,267.0,False,False
warning_acid_accumulation,ARC_P::Thermoplasmatota,Archaea,2,0.0,0.0,True,138.5,False,False
warning_ammonia_toxicity,ARC_P::Thermoplasmatota,Archaea,2,0.0,0.0,True,141.5,False,False
warning_biogas_quality,ARC_P::Thermoplasmatota,Archaea,2,0.0,0.0,True,137.5,False,False
warning_acid_base_balance,ARC_P::Vertebrata,Archaea,2,0.0,0.0,False,138.5,False,False
warning_buffer_capacity,ARC_P::Vertebrata,Archaea,2,0.0,0.0,False,136.0,False,False
warning_acid_accumulation,ARC_P::Vertebrata,Archaea,2,0.0,0.0,False,138.5,False,False
warning_ammonia_toxicity,ARC_P::Vertebrata,Archaea,2,0.0,0.0,False,141.5,False,False
warning_biogas_quality,ARC_P::Vertebrata,Archaea,2,0.0,0.0,False,137.5,False,False
warning_acid_base_balance,ARC_P::unidentified,Archaea,2,0.0,0.0,True,138.5,False,False
warning_buffer_capacity,ARC_P::unidentified,Archaea,2,-0.006398809523809519,0.008321857027847336,True,271.0,False,False
warning_acid_accumulation,ARC_P::unidentified,Archaea,2,0.0,0.0,True,138.5,False,False
warning_ammonia_toxicity,ARC_P::unidentified,Archaea,2,0.0,0.0,True,141.5,False,False
warning_biogas_quality,ARC_P::unidentified,Archaea,2,-0.009213564213564198,0.016249038831543584,True,271.0,False,False
warning_acid_base_balance,ARC_G::Aenigmarchaeales,Archaea,2,0.0,0.0,True,138.5,False,False
warning_buffer_capacity,ARC_G::Aenigmarchaeales,Archaea,2,0.0,0.0,True,136.0,False,False
warning_acid_accumulation,ARC_G::Aenigmarchaeales,Archaea,2,0.0,0.0,True,138.5,False,False
warning_ammonia_toxicity,ARC_G::Aenigmarchaeales,Archaea,2,0.0,0.0,True,141.5,False,False
warning_biogas_quality,ARC_G::Aenigmarchaeales,Archaea,2,0.0,0.0,True,137.5,False,False
warning_acid_base_balance,ARC_G::Bathyarchaeia,Archaea,2,0.0,0.0,True,138.5,False,False
warning_buffer_capacity,ARC_G::Bathyarchaeia,Archaea,2,0.0,0.0,True,136.0,False,False
warning_acid_accumulation,ARC_G::Bathyarchaeia,Archaea,2,0.0,0.0,True,138.5,False,False
warning_ammonia_toxicity,ARC_G::Bathyarchaeia,Archaea,2,0.0,0.0,True,141.5,False,False
warning_biogas_quality,ARC_G::Bathyarchaeia,Archaea,2,0.0,0.0,True,137.5,False,False
warning_acid_base_balance,ARC_G::Candidatus_Iainarchaeum,Archaea,2,0.0,0.0,True,138.5,False,False
warning_buffer_capacity,ARC_G::Candidatus_Iainarchaeum,Archaea,2,0.0,0.0,True,136.0,False,False
warning_acid_accumulation,ARC_G::Candidatus_Iainarchaeum,Archaea,2,0.0,0.0,True,138.5,False,False
warning_ammonia_toxicity,ARC_G::Candidatus_Iainarchaeum,Archaea,2,0.0,0.0,True,141.5,False,False
warning_biogas_quality,ARC_G::Candidatus_Iainarchaeum,Archaea,2,0.0,0.0,True,137.5,False,False
warning_acid_base_balance,ARC_G::Candidatus_Methanofastidiosum,Archaea,2,0.0,0.0,True,138.5,False,False
warning_buffer_capacity,ARC_G::Candidatus_Methanofastidiosum,Archaea,2,0.0,0.0,True,136.0,False,False
warning_acid_accumulation,ARC_G::Candidatus_Methanofastidiosum,Archaea,2,0.0,0.0,True,138.5,False,False
warning_ammonia_toxicity,ARC_G::Candidatus_Methanofastidiosum,Archaea,2,0.0,0.0,True,141.5,False,False
warning_biogas_quality,ARC_G::Candidatus_Methanofastidiosum,Archaea,2,0.0,0.0,True,137.5,False,False
warning_acid_base_balance,ARC_G::Candidatus_Methanogranum,Archaea,2,0.0,0.0,True,138.5,False,False
warning_buffer_capacity,ARC_G::Candidatus_Methanogranum,Archaea,2,0.0,0.0,True,136.0,False,False
warning_acid_accumulation,ARC_G::Candidatus_Methanogranum,Archaea,2,0.0,0.0,True,138.5,False,False
warning_ammonia_toxicity,ARC_G::Candidatus_Methanogranum,Archaea,2,0.0,0.0,True,141.5,False,False
warning_biogas_quality,ARC_G::Candidatus_Methanogranum,Archaea,2,0.0,0.0,True,137.5,False,False
warning_acid_base_balance,ARC_G::Candidatus_Methanomethylicus,Archaea,2,0.0,0.0,True,138.5,False,False
warning_buffer_capacity,ARC_G::Candidatus_Methanomethylicus,Archaea,2,0.0,0.0,True,136.0,False,False
warning_acid_accumulation,ARC_G::Candidatus_Methanomethylicus,Archaea,2,0.0,0.0,True,138.5,False,False
warning_ammonia_toxicity,ARC_G::Candidatus_Methanomethylicus,Archaea,2,0.0,0.0,True,141.5,False,False
warning_biogas_quality,ARC_G::Candidatus_Methanomethylicus,Archaea,2,0.0,0.0,True,137.5,False,False
warning_acid_base_balance,ARC_G::Candidatus_Methanomethylophilus,Archaea,2,0.0,0.0,True,138.5,False,False
warning_buffer_capacity,ARC_G::Candidatus_Methanomethylophilus,Archaea,2,0.0,0.0,True,136.0,False,False
warning_acid_accumulation,ARC_G::Candidatus_Methanomethylophilus,Archaea,2,0.0,0.0,True,138.5,False,False
warning_ammonia_toxicity,ARC_G::Candidatus_Methanomethylophilus,Archaea,2,0.0,0.0,True,141.5,False,False
warning_biogas_quality,ARC_G::Candidatus_Methanomethylophilus,Archaea,2,0.0,0.0,True,137.5,False,False
warning_acid_base_balance,ARC_G::Candidatus_Methanoplasma,Archaea,2,0.0,0.0,True,138.5,False,False
warning_buffer_capacity,ARC_G::Candidatus_Methanoplasma,Archaea,2,0.0,0.0,True,136.0,False,False
warning_acid_accumulation,ARC_G::Candidatus_Methanoplasma,Archaea,2,0.0,0.0,True,138.5,False,False
warning_ammonia_toxicity,ARC_G::Candidatus_Methanoplasma,Archaea,2,0.0,0.0,True,141.5,False,False
warning_biogas_quality,ARC_G::Candidatus_Methanoplasma,Archaea,2,0.0,0.0,True,137.5,False,False
warning_acid_base_balance,ARC_G::Candidatus_Nitrocosmicus,Archaea,2,0.0,0.0,True,138.5,False,False
warning_buffer_capacity,ARC_G::Candidatus_Nitrocosmicus,Archaea,2,0.0,0.0,True,136.0,False,False
warning_acid_accumulation,ARC_G::Candidatus_Nitrocosmicus,Archaea,2,0.0,0.0,True,138.5,False,False
warning_ammonia_toxicity,ARC_G::Candidatus_Nitrocosmicus,Archaea,2,0.0,0.0,True,141.5,False,False
warning_biogas_quality,ARC_G::Candidatus_Nitrocosmicus,Archaea,2,0.0,0.0,True,137.5,False,False
warning_acid_base_balance,ARC_G::Hadarchaeales,Archaea,2,0.0,0.0,True,138.5,False,False
warning_buffer_capacity,ARC_G::Hadarchaeales,Archaea,2,0.0,0.0,True,136.0,False,False
warning_acid_accumulation,ARC_G::Hadarchaeales,Archaea,2,0.0,0.0,True,138.5,False,False
warning_ammonia_toxicity,ARC_G::Hadarchaeales,Archaea,2,0.0,0.0,True,141.5,False,False
warning_biogas_quality,ARC_G::Hadarchaeales,Archaea,2,0.0,0.0,True,137.5,False,False
warning_acid_base_balance,ARC_G::LKM11,Archaea,2,0.0,0.0,True,138.5,False,False
warning_buffer_capacity,ARC_G::LKM11,Archaea,2,0.0,0.0,True,136.0,False,False
warning_acid_accumulation,ARC_G::LKM11,Archaea,2,0.0,0.0,True,138.5,False,False
warning_ammonia_toxicity,ARC_G::LKM11,Archaea,2,0.0,0.0,True,141.5,False,False
warning_biogas_quality,ARC_G::LKM11,Archaea,2,0.0,0.0,True,137.5,False,False
warning_acid_base_balance,ARC_G::Lokiarchaeia,Archaea,2,0.0,0.0,True,138.5,False,False
warning_buffer_capacity,ARC_G::Lokiarchaeia,Archaea,2,0.0,0.0,True,136.0,False,False
warning_acid_accumulation,ARC_G::Lokiarchaeia,Archaea,2,0.0,0.0,True,138.5,False,False
warning_ammonia_toxicity,ARC_G::Lokiarchaeia,Archaea,2,0.0,0.0,True,141.5,False,False
warning_biogas_quality,ARC_G::Lokiarchaeia,Archaea,2,0.0,0.0,True,137.5,False,False
warning_acid_base_balance,ARC_G::Marine_Benthic_Group_D_and_DHVEG-1,Archaea,2,0.0,0.0,True,138.5,False,False
warning_buffer_capacity,ARC_G::Marine_Benthic_Group_D_and_DHVEG-1,Archaea,2,0.0,0.0,True,136.0,False,False
warning_acid_accumulation,ARC_G::Marine_Benthic_Group_D_and_DHVEG-1,Archaea,2,0.0,0.0,True,138.5,False,False
warning_ammonia_toxicity,ARC_G::Marine_Benthic_Group_D_and_DHVEG-1,Archaea,2,0.0,0.0,True,141.5,False,False
warning_biogas_quality,ARC_G::Marine_Benthic_Group_D_and_DHVEG-1,Archaea,2,0.0,0.0,True,137.5,False,False
warning_acid_base_balance,ARC_G::Methanimicrococcus,Archaea,2,0.0,0.0,True,138.5,False,False
warning_buffer_capacity,ARC_G::Methanimicrococcus,Archaea,2,0.0,0.0,True,136.0,False,False
warning_acid_accumulation,ARC_G::Methanimicrococcus,Archaea,2,0.0,0.0,True,138.5,False,False
warning_ammonia_toxicity,ARC_G::Methanimicrococcus,Archaea,2,0.0,0.0,True,141.5,False,False
warning_biogas_quality,ARC_G::Methanimicrococcus,Archaea,2,0.0,0.0,True,137.5,False,False
warning_acid_base_balance,ARC_G::Methanocorpusculum,Archaea,2,0.0,0.0,True,138.5,False,False
warning_buffer_capacity,ARC_G::Methanocorpusculum,Archaea,2,0.0,0.0,True,136.0,False,False
warning_acid_accumulation,ARC_G::Methanocorpusculum,Archaea,2,0.0,0.0,True,138.5,False,False
warning_ammonia_toxicity,ARC_G::Methanocorpusculum,Archaea,2,0.0,0.0,True,141.5,False,False
warning_biogas_quality,ARC_G::Methanocorpusculum,Archaea,2,0.0,0.0,True,137.5,False,False
warning_acid_base_balance,ARC_G::Methanoculleus,Archaea,2,0.0005952380952380959,0.001832104200152063,True,4.0,True,True
warning_buffer_capacity,ARC_G::Methanoculleus,Archaea,2,0.0,0.0,True,136.0,False,False
warning_acid_accumulation,ARC_G::Methanoculleus,Archaea,2,0.0,0.0,True,138.5,False,False
warning_ammonia_toxicity,ARC_G::Methanoculleus,Archaea,2,0.0,0.0,True,141.5,False,False
warning_biogas_quality,ARC_G::Methanoculleus,Archaea,2,0.0,0.0,True,137.5,False,False
warning_acid_base_balance,ARC_G::Methanofollis,Archaea,2,0.0,0.0,True,138.5,False,False
warning_buffer_capacity,ARC_G::Methanofollis,Archaea,2,0.0,0.0,True,136.0,False,False
warning_acid_accumulation,ARC_G::Methanofollis,Archaea,2,0.0,0.0,True,138.5,False,False
warning_ammonia_toxicity,ARC_G::Methanofollis,Archaea,2,0.0,0.0,True,141.5,False,False
warning_biogas_quality,ARC_G::Methanofollis,Archaea,2,0.0,0.0,True,137.5,False,False
warning_acid_base_balance,ARC_G::Methanogenium,Archaea,2,0.0,0.0,True,138.5,False,False
warning_buffer_capacity,ARC_G::Methanogenium,Archaea,2,0.0,0.0,True,136.0,False,False
warning_acid_accumulation,ARC_G::Methanogenium,Archaea,2,0.0,0.0,True,138.5,False,False
warning_ammonia_toxicity,ARC_G::Methanogenium,Archaea,2,0.0,0.0,True,141.5,False,False
warning_biogas_quality,ARC_G::Methanogenium,Archaea,2,0.0,0.0,True,137.5,False,False
warning_acid_base_balance,ARC_G::Methanolacinia,Archaea,2,0.0,0.0,True,138.5,False,False
warning_buffer_capacity,ARC_G::Methanolacinia,Archaea,2,0.0,0.0,True,136.0,False,False
warning_acid_accumulation,ARC_G::Methanolacinia,Archaea,2,0.0,0.0,True,138.5,False,False
warning_ammonia_toxicity,ARC_G::Methanolacinia,Archaea,2,0.0,0.0,True,141.5,False,False
warning_biogas_quality,ARC_G::Methanolacinia,Archaea,2,0.0,0.0,True,137.5,False,False
warning_acid_base_balance,ARC_G::Methanolinea,Archaea,2,0.0,0.0,True,138.5,False,False
warning_buffer_capacity,ARC_G::Methanolinea,Archaea,2,0.0,0.0,True,136.0,False,False
warning_acid_accumulation,ARC_G::Methanolinea,Archaea,2,0.0,0.0,True,138.5,False,False
warning_ammonia_toxicity,ARC_G::Methanolinea,Archaea,2,0.0,0.0,True,141.5,False,False
warning_biogas_quality,ARC_G::Methanolinea,Archaea,2,0.0,0.0,True,137.5,False,False
warning_acid_base_balance,ARC_G::Methanolobus,Archaea,2,0.0,0.0,True,138.5,False,False
warning_buffer_capacity,ARC_G::Methanolobus,Archaea,2,0.0,0.0,True,136.0,False,False
warning_acid_accumulation,ARC_G::Methanolobus,Archaea,2,0.0,0.0,True,138.5,False,False
warning_ammonia_toxicity,ARC_G::Methanolobus,Archaea,2,0.0,0.0,True,141.5,False,False
warning_biogas_quality,ARC_G::Methanolobus,Archaea,2,0.0,0.0,True,137.5,False,False
warning_acid_base_balance,ARC_G::Methanomassiliicoccus,Archaea,2,0.0,0.0,True,138.5,False,False
warning_buffer_capacity,ARC_G::Methanomassiliicoccus,Archaea,2,-0.006396198830409349,0.011176085417705149,True,270.0,False,False
warning_acid_accumulation,ARC_G::Methanomassiliicoccus,Archaea,2,0.0,0.0,True,138.5,False,False
warning_ammonia_toxicity,ARC_G::Methanomassiliicoccus,Archaea,2,0.0,0.0,True,141.5,False,False
warning_biogas_quality,ARC_G::Methanomassiliicoccus,Archaea,2,0.0,0.0,True,137.5,False,False
warning_acid_base_balance,ARC_G::Methanomethylovorans,Archaea,2,0.0,0.0,True,138.5,False,False
warning_buffer_capacity,ARC_G::Methanomethylovorans,Archaea,2,0.0,0.0,True,136.0,False,False
warning_acid_accumulation,ARC_G::Methanomethylovorans,Archaea,2,0.0,0.0,True,138.5,False,False
warning_ammonia_toxicity,ARC_G::Methanomethylovorans,Archaea,2,0.0,0.0,True,141.5,False,False
warning_biogas_quality,ARC_G::Methanomethylovorans,Archaea,2,-0.01713231213231211,0.02251702075529271,True,272.0,False,False
warning_acid_base_balance,ARC_G::Methanoregula,Archaea,2,0.0,0.0,True,138.5,False,False
warning_buffer_capacity,ARC_G::Methanoregula,Archaea,2,-0.0013392857142857136,0.0032709602547546708,True,265.5,False,False
warning_acid_accumulation,ARC_G::Methanoregula,Archaea,2,0.0,0.0,True,138.5,False,False
warning_ammonia_toxicity,ARC_G::Methanoregula,Archaea,2,0.0,0.0,True,141.5,False,False
warning_biogas_quality,ARC_G::Methanoregula,Archaea,2,0.0,0.0,True,137.5,False,False
warning_acid_base_balance,ARC_G::Methanosaeta,Archaea,2,0.0020833333333333355,0.002912860029342818,True,2.0,True,True
warning_buffer_capacity,ARC_G::Methanosaeta,Archaea,2,0.009379199017356914,0.010595859677313564,True,3.0,True,True
warning_acid_accumulation,ARC_G::Methanosaeta,Archaea,2,0.0,0.0,True,138.5,False,False
warning_ammonia_toxicity,ARC_G::Methanosaeta,Archaea,2,0.0,0.0,True,141.5,False,False
warning_biogas_quality,ARC_G::Methanosaeta,Archaea,2,-0.14647519147519145,0.14456073755284787,True,276.0,False,False
warning_acid_base_balance,ARC_G::Methanosarcina,Archaea,2,0.0,0.0,True,138.5,False,False
warning_buffer_capacity,ARC_G::Methanosarcina,Archaea,2,0.006329646230962023,0.01581927371821478,True,4.0,True,True
warning_acid_accumulation,ARC_G::Methanosarcina,Archaea,2,-0.05,0.1675415633166782,True,274.0,False,False
warning_ammonia_toxicity,ARC_G::Methanosarcina,Archaea,2,0.2,0.10259783520851541,True,3.0,True,True
warning_biogas_quality,ARC_G::Methanosarcina,Archaea,2,0.0,0.0,True,137.5,False,False
warning_acid_base_balance,ARC_G::Methanosphaerula,Archaea,2,0.0,0.0,True,138.5,False,False
warning_buffer_capacity,ARC_G::Methanosphaerula,Archaea,2,0.0,0.0,True,136.0,False,False
warning_acid_accumulation,ARC_G::Methanosphaerula,Archaea,2,0.0,0.0,True,138.5,False,False
warning_ammonia_toxicity,ARC_G::Methanosphaerula,Archaea,2,0.0,0.0,True,141.5,False,False
warning_biogas_quality,ARC_G::Methanosphaerula,Archaea,2,0.0,0.0,True,137.5,False,False
warning_acid_base_balance,ARC_G::Methanospirillum,Archaea,2,0.0,0.0,True,138.5,False,False
warning_buffer_capacity,ARC_G::Methanospirillum,Archaea,2,0.0,0.0,True,136.0,False,False
warning_acid_accumulation,ARC_G::Methanospirillum,Archaea,2,0.0,0.0,True,138.5,False,False
warning_ammonia_toxicity,ARC_G::Methanospirillum,Archaea,2,0.0,0.0,True,141.5,False,False
warning_biogas_quality,ARC_G::Methanospirillum,Archaea,2,0.0009848484848484884,0.004773012067146626,True,5.0,True,True
warning_acid_base_balance,ARC_G::Micrarchaeales,Archaea,2,0.0,0.0,True,138.5,False,False
warning_buffer_capacity,ARC_G::Micrarchaeales,Archaea,2,0.0,0.0,True,136.0,False,False
warning_acid_accumulation,ARC_G::Micrarchaeales,Archaea,2,0.0,0.0,True,138.5,False,False
warning_ammonia_toxicity,ARC_G::Micrarchaeales,Archaea,2,0.0,0.0,True,141.5,False,False
warning_biogas_quality,ARC_G::Micrarchaeales,Archaea,2,0.0,0.0,True,137.5,False,False
warning_acid_base_balance,ARC_G::Nitrososphaeraceae,Archaea,2,0.0,0.0,False,138.5,False,False
warning_buffer_capacity,ARC_G::Nitrososphaeraceae,Archaea,2,0.0,0.0,False,136.0,False,False
warning_acid_accumulation,ARC_G::Nitrososphaeraceae,Archaea,2,0.0,0.0,False,138.5,False,False
warning_ammonia_toxicity,ARC_G::Nitrososphaeraceae,Archaea,2,0.0,0.0,False,141.5,False,False
warning_biogas_quality,ARC_G::Nitrososphaeraceae,Archaea,2,0.0,0.0,False,137.5,False,False
warning_acid_base_balance,ARC_G::Rhinosporideacae,Archaea,2,0.0,0.0,True,138.5,False,False
warning_buffer_capacity,ARC_G::Rhinosporideacae,Archaea,2,0.0,0.0,True,136.0,False,False
warning_acid_accumulation,ARC_G::Rhinosporideacae,Archaea,2,0.0,0.0,True,138.5,False,False
warning_ammonia_toxicity,ARC_G::Rhinosporideacae,Archaea,2,0.0,0.0,True,141.5,False,False
warning_biogas_quality,ARC_G::Rhinosporideacae,Archaea,2,0.0,0.0,True,137.5,False,False
warning_acid_base_balance,ARC_G::RumEn_M2,Archaea,2,0.0,0.0,True,138.5,False,False
warning_buffer_capacity,ARC_G::RumEn_M2,Archaea,2,0.0,0.0,True,136.0,False,False
warning_acid_accumulation,ARC_G::RumEn_M2,Archaea,2,0.0,0.0,True,138.5,False,False
warning_ammonia_toxicity,ARC_G::RumEn_M2,Archaea,2,0.0,0.0,True,141.5,False,False
warning_biogas_quality,ARC_G::RumEn_M2,Archaea,2,0.0,0.0,True,137.5,False,False
warning_acid_base_balance,ARC_G::SCGC_AAA011-D5,Archaea,2,0.0,0.0,True,138.5,False,False
warning_buffer_capacity,ARC_G::SCGC_AAA011-D5,Archaea,2,0.0,0.0,True,136.0,False,False
warning_acid_accumulation,ARC_G::SCGC_AAA011-D5,Archaea,2,0.0,0.0,True,138.5,False,False
warning_ammonia_toxicity,ARC_G::SCGC_AAA011-D5,Archaea,2,0.0,0.0,True,141.5,False,False
warning_biogas_quality,ARC_G::SCGC_AAA011-D5,Archaea,2,0.0,0.0,True,137.5,False,False
warning_acid_base_balance,ARC_G::Teleostei,Archaea,2,0.0,0.0,False,138.5,False,False
warning_buffer_capacity,ARC_G::Teleostei,Archaea,2,0.0,0.0,False,136.0,False,False
warning_acid_accumulation,ARC_G::Teleostei,Archaea,2,0.0,0.0,False,138.5,False,False
warning_ammonia_toxicity,ARC_G::Teleostei,Archaea,2,0.0,0.0,False,141.5,False,False
warning_biogas_quality,ARC_G::Teleostei,Archaea,2,0.0,0.0,False,137.5,False,False
warning_acid_base_balance,ARC_G::Veneroida,Archaea,2,0.0,0.0,False,138.5,False,False
warning_buffer_capacity,ARC_G::Veneroida,Archaea,2,0.0,0.0,False,136.0,False,False
warning_acid_accumulation,ARC_G::Veneroida,Archaea,2,0.0,0.0,False,138.5,False,False
warning_ammonia_toxicity,ARC_G::Veneroida,Archaea,2,0.0,0.0,False,141.5,False,False
warning_biogas_quality,ARC_G::Veneroida,Archaea,2,0.0,0.0,False,137.5,False,False
warning_acid_base_balance,ARC_G::Woesearchaeales,Archaea,2,0.0,0.0,True,138.5,False,False
warning_buffer_capacity,ARC_G::Woesearchaeales,Archaea,2,0.0,0.0,True,136.0,False,False
warning_acid_accumulation,ARC_G::Woesearchaeales,Archaea,2,0.0,0.0,True,138.5,False,False
warning_ammonia_toxicity,ARC_G::Woesearchaeales,Archaea,2,0.0,0.0,True,141.5,False,False
warning_biogas_quality,ARC_G::Woesearchaeales,Archaea,2,0.0,0.0,True,137.5,False,False
warning_acid_base_balance,ARC_G::unidentified,Archaea,2,0.0,0.0,True,138.5,False,False
warning_buffer_capacity,ARC_G::unidentified,Archaea,2,0.015966450989670804,0.009496062012809656,True,1.0,True,True
warning_acid_accumulation,ARC_G::unidentified,Archaea,2,0.0,0.0,True,138.5,False,False
warning_ammonia_toxicity,ARC_G::unidentified,Archaea,2,0.0,0.0,True,141.5,False,False
warning_biogas_quality,ARC_G::unidentified,Archaea,2,-0.05623917748917747,0.02567592109625274,True,274.0,False,False
warning_acid_base_balance,Season,Metadata: operation/context,3,0.0,0.0,True,132.5,False,False
warning_buffer_capacity,Season,Metadata: operation/context,3,0.0,0.0,True,135.5,False,False
warning_acid_accumulation,Season,Metadata: operation/context,3,,,True,,False,False
warning_ammonia_toxicity,Season,Metadata: operation/context,3,0.0,0.0,True,135.5,False,False
warning_biogas_quality,Season,Metadata: operation/context,3,,,True,,False,False
warning_acid_base_balance,substrate_type,Metadata: substrate,3,0.0,0.0,True,132.5,False,False
warning_buffer_capacity,substrate_type,Metadata: substrate,3,0.0,0.0,True,135.5,False,False
warning_acid_accumulation,substrate_type,Metadata: substrate,3,,,True,,False,False
warning_ammonia_toxicity,substrate_type,Metadata: substrate,3,0.0,0.0,True,135.5,False,False
warning_biogas_quality,substrate_type,Metadata: substrate,3,,,True,,False,False
warning_acid_base_balance,HRT_d,Metadata: operation/context,3,0.0,0.0,True,132.5,False,False
warning_buffer_capacity,HRT_d,Metadata: operation/context,3,-0.0004761904761904773,0.0009771222400811015,True,267.5,False,False
warning_acid_accumulation,HRT_d,Metadata: operation/context,3,,,True,,False,False
warning_ammonia_toxicity,HRT_d,Metadata: operation/context,3,0.0,0.0,True,135.5,False,False
warning_biogas_quality,HRT_d,Metadata: operation/context,3,,,True,,False,False
warning_acid_base_balance,T_C,Metadata: operation/context,3,0.0,0.0,True,132.5,False,False
warning_buffer_capacity,T_C,Metadata: operation/context,3,0.0,0.0,True,135.5,False,False
warning_acid_accumulation,T_C,Metadata: operation/context,3,,,True,,False,False
warning_ammonia_toxicity,T_C,Metadata: operation/context,3,-0.010000000000000031,0.015672078199387627,True,274.0,False,False
warning_biogas_quality,T_C,Metadata: operation/context,3,,,True,,False,False
warning_acid_base_balance,Q_total_Tpy,Metadata: operation/context,3,0.0,0.0,True,132.5,False,False
warning_buffer_capacity,Q_total_Tpy,Metadata: operation/context,3,0.0,0.0,True,135.5,False,False
warning_acid_accumulation,Q_total_Tpy,Metadata: operation/context,3,,,True,,False,False
warning_ammonia_toxicity,Q_total_Tpy,Metadata: operation/context,3,0.0,0.0,True,135.5,False,False
warning_biogas_quality,Q_total_Tpy,Metadata: operation/context,3,,,True,,False,False
warning_acid_base_balance,substrate_avg_pH,Metadata: substrate,3,0.0,0.0,True,132.5,False,False
warning_buffer_capacity,substrate_avg_pH,Metadata: substrate,3,0.0,0.0,True,135.5,False,False
warning_acid_accumulation,substrate_avg_pH,Metadata: substrate,3,,,True,,False,False
warning_ammonia_toxicity,substrate_avg_pH,Metadata: substrate,3,0.0,0.0,True,135.5,False,False
warning_biogas_quality,substrate_avg_pH,Metadata: substrate,3,,,True,,False,False
warning_acid_base_balance,substrate_avg_ALK,Metadata: substrate,3,0.0,0.0,True,132.5,False,False
warning_buffer_capacity,substrate_avg_ALK,Metadata: substrate,3,-0.0002506265664160401,0.001120836078947263,True,265.0,False,False
warning_acid_accumulation,substrate_avg_ALK,Metadata: substrate,3,,,True,,False,False
warning_ammonia_toxicity,substrate_avg_ALK,Metadata: substrate,3,0.0,0.0,True,135.5,False,False
warning_biogas_quality,substrate_avg_ALK,Metadata: substrate,3,,,True,,False,False
warning_acid_base_balance,substrate_avg_VS,Metadata: substrate,3,0.0,0.0,True,132.5,False,False
warning_buffer_capacity,substrate_avg_VS,Metadata: substrate,3,0.0,0.0,True,135.5,False,False
warning_acid_accumulation,substrate_avg_VS,Metadata: substrate,3,,,True,,False,False
warning_ammonia_toxicity,substrate_avg_VS,Metadata: substrate,3,0.0,0.0,True,135.5,False,False
warning_biogas_quality,substrate_avg_VS,Metadata: substrate,3,,,True,,False,False
warning_acid_base_balance,substrate_avg_COD,Metadata: substrate,3,0.0,0.0,True,132.5,False,False
warning_buffer_capacity,substrate_avg_COD,Metadata: substrate,3,0.0,0.0,True,135.5,False,False
warning_acid_accumulation,substrate_avg_COD,Metadata: substrate,3,,,True,,False,False
warning_ammonia_toxicity,substrate_avg_COD,Metadata: substrate,3,0.0,0.0,True,135.5,False,False
warning_biogas_quality,substrate_avg_COD,Metadata: substrate,3,,,True,,False,False
warning_acid_base_balance,substrate_avg_sCOD,Metadata: substrate,3,0.0,0.0,True,132.5,False,False
warning_buffer_capacity,substrate_avg_sCOD,Metadata: substrate,3,0.0,0.0,True,135.5,False,False
warning_acid_accumulation,substrate_avg_sCOD,Metadata: substrate,3,,,True,,False,False
warning_ammonia_toxicity,substrate_avg_sCOD,Metadata: substrate,3,0.0974432511932511,0.08204510364206154,True,2.0,True,True
warning_biogas_quality,substrate_avg_sCOD,Metadata: substrate,3,,,True,,False,False
warning_acid_base_balance,substrate_avg_TC,Metadata: substrate,3,0.0,0.0,True,132.5,False,False
warning_buffer_capacity,substrate_avg_TC,Metadata: substrate,3,-0.0063136863136863145,0.013726040592596737,True,273.0,False,False
warning_acid_accumulation,substrate_avg_TC,Metadata: substrate,3,,,True,,False,False
warning_ammonia_toxicity,substrate_avg_TC,Metadata: substrate,3,0.0,0.0,True,135.5,False,False
warning_biogas_quality,substrate_avg_TC,Metadata: substrate,3,,,True,,False,False
warning_acid_base_balance,substrate_avg_Protein,Metadata: substrate,3,0.0,0.0,True,132.5,False,False
warning_buffer_capacity,substrate_avg_Protein,Metadata: substrate,3,0.0018398268398268365,0.0007929600617587069,True,3.0,True,True
warning_acid_accumulation,substrate_avg_Protein,Metadata: substrate,3,,,True,,False,False
warning_ammonia_toxicity,substrate_avg_Protein,Metadata: substrate,3,-0.031666666666666766,0.007453559924999322,True,276.0,False,False
warning_biogas_quality,substrate_avg_Protein,Metadata: substrate,3,,,True,,False,False
warning_acid_base_balance,substrate_avg_Lipid,Metadata: substrate,3,0.0,0.0,True,132.5,False,False
warning_buffer_capacity,substrate_avg_Lipid,Metadata: substrate,3,-0.015719696969696974,0.0289539035703118,True,275.0,False,False
warning_acid_accumulation,substrate_avg_Lipid,Metadata: substrate,3,,,True,,False,False
warning_ammonia_toxicity,substrate_avg_Lipid,Metadata: substrate,3,-0.006666666666666687,0.01367971136113543,True,271.5,False,False
warning_biogas_quality,substrate_avg_Lipid,Metadata: substrate,3,,,True,,False,False
warning_acid_base_balance,substrate_avg_TVFAs,Metadata: substrate,3,-0.03249999999999998,0.024912126265891458,True,268.0,False,False
warning_buffer_capacity,substrate_avg_TVFAs,Metadata: substrate,3,-2.1645021645022577e-05,0.00104374421099572,True,262.0,False,False
warning_acid_accumulation,substrate_avg_TVFAs,Metadata: substrate,3,,,True,,False,False
warning_ammonia_toxicity,substrate_avg_TVFAs,Metadata: substrate,3,0.0,0.0,True,135.5,False,False
warning_biogas_quality,substrate_avg_TVFAs,Metadata: substrate,3,,,True,,False,False
warning_acid_base_balance,substrate_avg_HAc,Metadata: substrate,3,0.0,0.0,True,132.5,False,False
warning_buffer_capacity,substrate_avg_HAc,Metadata: substrate,3,0.0,0.0,True,135.5,False,False
warning_acid_accumulation,substrate_avg_HAc,Metadata: substrate,3,,,True,,False,False
warning_ammonia_toxicity,substrate_avg_HAc,Metadata: substrate,3,-0.011666666666666704,0.016312016164319813,True,275.0,False,False
warning_biogas_quality,substrate_avg_HAc,Metadata: substrate,3,,,True,,False,False
warning_acid_base_balance,substrate_avg_HPro,Metadata: substrate,3,-0.05634199134199132,0.047809309417742335,True,272.0,False,False
warning_buffer_capacity,substrate_avg_HPro,Metadata: substrate,3,0.00010822510822510804,0.0004839973977272263,True,9.0,True,True
warning_acid_accumulation,substrate_avg_HPro,Metadata: substrate,3,,,True,,False,False
warning_ammonia_toxicity,substrate_avg_HPro,Metadata: substrate,3,0.0,0.0,True,135.5,False,False
warning_biogas_quality,substrate_avg_HPro,Metadata: substrate,3,,,True,,False,False
warning_acid_base_balance,BAC_P::Abditibacteriota,Bacteria,3,0.0,0.0,True,132.5,False,False
warning_buffer_capacity,BAC_P::Abditibacteriota,Bacteria,3,0.0,0.0,True,135.5,False,False
warning_acid_accumulation,BAC_P::Abditibacteriota,Bacteria,3,,,True,,False,False
warning_ammonia_toxicity,BAC_P::Abditibacteriota,Bacteria,3,0.0,0.0,True,135.5,False,False
warning_biogas_quality,BAC_P::Abditibacteriota,Bacteria,3,,,True,,False,False
warning_acid_base_balance,BAC_P::Acetothermia,Bacteria,3,0.0,0.0,True,132.5,False,False
warning_buffer_capacity,BAC_P::Acetothermia,Bacteria,3,0.0,0.0,True,135.5,False,False
warning_acid_accumulation,BAC_P::Acetothermia,Bacteria,3,,,True,,False,False
warning_ammonia_toxicity,BAC_P::Acetothermia,Bacteria,3,0.0,0.0,True,135.5,False,False
warning_biogas_quality,BAC_P::Acetothermia,Bacteria,3,,,True,,False,False
warning_acid_base_balance,BAC_P::Acidobacteriota,Bacteria,3,0.0,0.0,True,132.5,False,False
warning_buffer_capacity,BAC_P::Acidobacteriota,Bacteria,3,0.0,0.0,True,135.5,False,False
warning_acid_accumulation,BAC_P::Acidobacteriota,Bacteria,3,,,True,,False,False
warning_ammonia_toxicity,BAC_P::Acidobacteriota,Bacteria,3,0.0,0.0,True,135.5,False,False
warning_biogas_quality,BAC_P::Acidobacteriota,Bacteria,3,,,True,,False,False
warning_acid_base_balance,BAC_P::Actinobacteriota,Bacteria,3,0.0,0.0,True,132.5,False,False
warning_buffer_capacity,BAC_P::Actinobacteriota,Bacteria,3,0.0,0.0,True,135.5,False,False
warning_acid_accumulation,BAC_P::Actinobacteriota,Bacteria,3,,,True,,False,False
warning_ammonia_toxicity,BAC_P::Actinobacteriota,Bacteria,3,0.0,0.0,True,135.5,False,False
warning_biogas_quality,BAC_P::Actinobacteriota,Bacteria,3,,,True,,False,False
warning_acid_base_balance,BAC_P::Armatimonadota,Bacteria,3,0.0,0.0,True,132.5,False,False
warning_buffer_capacity,BAC_P::Armatimonadota,Bacteria,3,0.0,0.0,True,135.5,False,False
warning_acid_accumulation,BAC_P::Armatimonadota,Bacteria,3,,,True,,False,False
warning_ammonia_toxicity,BAC_P::Armatimonadota,Bacteria,3,0.0,0.0,True,135.5,False,False
warning_biogas_quality,BAC_P::Armatimonadota,Bacteria,3,,,True,,False,False
warning_acid_base_balance,BAC_P::Bacteroidota,Bacteria,3,0.0,0.0,True,132.5,False,False
warning_buffer_capacity,BAC_P::Bacteroidota,Bacteria,3,0.0007575757575757562,0.0010592218288519308,True,6.0,True,True
warning_acid_accumulation,BAC_P::Bacteroidota,Bacteria,3,,,True,,False,False
warning_ammonia_toxicity,BAC_P::Bacteroidota,Bacteria,3,0.0,0.0,True,135.5,False,False
warning_biogas_quality,BAC_P::Bacteroidota,Bacteria,3,,,True,,False,False
warning_acid_base_balance,BAC_P::Bdellovibrionota,Bacteria,3,0.0,0.0,True,132.5,False,False
warning_buffer_capacity,BAC_P::Bdellovibrionota,Bacteria,3,0.0,0.0,True,135.5,False,False
warning_acid_accumulation,BAC_P::Bdellovibrionota,Bacteria,3,,,True,,False,False
warning_ammonia_toxicity,BAC_P::Bdellovibrionota,Bacteria,3,0.0,0.0,True,135.5,False,False
warning_biogas_quality,BAC_P::Bdellovibrionota,Bacteria,3,,,True,,False,False
warning_acid_base_balance,BAC_P::Caldatribacteriota,Bacteria,3,0.0,0.0,True,132.5,False,False
warning_buffer_capacity,BAC_P::Caldatribacteriota,Bacteria,3,0.0003246753246753241,0.0007929600617587069,True,8.0,True,True
warning_acid_accumulation,BAC_P::Caldatribacteriota,Bacteria,3,,,True,,False,False
warning_ammonia_toxicity,BAC_P::Caldatribacteriota,Bacteria,3,0.0,0.0,True,135.5,False,False
warning_biogas_quality,BAC_P::Caldatribacteriota,Bacteria,3,,,True,,False,False
warning_acid_base_balance,BAC_P::Caldisericota,Bacteria,3,0.0,0.0,True,132.5,False,False
warning_buffer_capacity,BAC_P::Caldisericota,Bacteria,3,0.0,0.0,True,135.5,False,False
warning_acid_accumulation,BAC_P::Caldisericota,Bacteria,3,,,True,,False,False
warning_ammonia_toxicity,BAC_P::Caldisericota,Bacteria,3,0.0,0.0,True,135.5,False,False
warning_biogas_quality,BAC_P::Caldisericota,Bacteria,3,,,True,,False,False
warning_acid_base_balance,BAC_P::Campilobacterota,Bacteria,3,0.0,0.0,True,132.5,False,False
warning_buffer_capacity,BAC_P::Campilobacterota,Bacteria,3,0.0,0.0,True,135.5,False,False
warning_acid_accumulation,BAC_P::Campilobacterota,Bacteria,3,,,True,,False,False
warning_ammonia_toxicity,BAC_P::Campilobacterota,Bacteria,3,0.0,0.0,True,135.5,False,False
warning_biogas_quality,BAC_P::Campilobacterota,Bacteria,3,,,True,,False,False
warning_acid_base_balance,BAC_P::Chloroflexi,Bacteria,3,0.0,0.0,True,132.5,False,False
warning_buffer_capacity,BAC_P::Chloroflexi,Bacteria,3,0.0,0.0,True,135.5,False,False
warning_acid_accumulation,BAC_P::Chloroflexi,Bacteria,3,,,True,,False,False
warning_ammonia_toxicity,BAC_P::Chloroflexi,Bacteria,3,0.0,0.0,True,135.5,False,False
warning_biogas_quality,BAC_P::Chloroflexi,Bacteria,3,,,True,,False,False
warning_acid_base_balance,BAC_P::Cloacimonadota,Bacteria,3,0.0006887009189641025,0.037389161374175424,True,2.0,True,True
warning_buffer_capacity,BAC_P::Cloacimonadota,Bacteria,3,0.0,0.0,True,135.5,False,False
warning_acid_accumulation,BAC_P::Cloacimonadota,Bacteria,3,,,True,,False,False
warning_ammonia_toxicity,BAC_P::Cloacimonadota,Bacteria,3,0.0,0.0,True,135.5,False,False
warning_biogas_quality,BAC_P::Cloacimonadota,Bacteria,3,,,True,,False,False
warning_acid_base_balance,BAC_P::Coprothermobacterota,Bacteria,3,0.0,0.0,True,132.5,False,False
warning_buffer_capacity,BAC_P::Coprothermobacterota,Bacteria,3,0.0,0.0,True,135.5,False,False
warning_acid_accumulation,BAC_P::Coprothermobacterota,Bacteria,3,,,True,,False,False
warning_ammonia_toxicity,BAC_P::Coprothermobacterota,Bacteria,3,0.0,0.0,True,135.5,False,False
warning_biogas_quality,BAC_P::Coprothermobacterota,Bacteria,3,,,True,,False,False
warning_acid_base_balance,BAC_P::Cyanobacteria,Bacteria,3,0.0,0.0,True,132.5,False,False
warning_buffer_capacity,BAC_P::Cyanobacteria,Bacteria,3,0.0,0.0,True,135.5,False,False
warning_acid_accumulation,BAC_P::Cyanobacteria,Bacteria,3,,,True,,False,False
warning_ammonia_toxicity,BAC_P::Cyanobacteria,Bacteria,3,0.0,0.0,True,135.5,False,False
warning_biogas_quality,BAC_P::Cyanobacteria,Bacteria,3,,,True,,False,False
warning_acid_base_balance,BAC_P::Deinococcota,Bacteria,3,0.0,0.0,True,132.5,False,False
warning_buffer_capacity,BAC_P::Deinococcota,Bacteria,3,0.0,0.0,True,135.5,False,False
warning_acid_accumulation,BAC_P::Deinococcota,Bacteria,3,,,True,,False,False
warning_ammonia_toxicity,BAC_P::Deinococcota,Bacteria,3,0.0,0.0,True,135.5,False,False
warning_biogas_quality,BAC_P::Deinococcota,Bacteria,3,,,True,,False,False
warning_acid_base_balance,BAC_P::Dependentiae,Bacteria,3,0.0,0.0,True,132.5,False,False
warning_buffer_capacity,BAC_P::Dependentiae,Bacteria,3,0.0,0.0,True,135.5,False,False
warning_acid_accumulation,BAC_P::Dependentiae,Bacteria,3,,,True,,False,False
warning_ammonia_toxicity,BAC_P::Dependentiae,Bacteria,3,0.0,0.0,True,135.5,False,False
warning_biogas_quality,BAC_P::Dependentiae,Bacteria,3,,,True,,False,False
warning_acid_base_balance,BAC_P::Desulfobacterota,Bacteria,3,0.0,0.0,True,132.5,False,False
warning_buffer_capacity,BAC_P::Desulfobacterota,Bacteria,3,0.0,0.0,True,135.5,False,False
warning_acid_accumulation,BAC_P::Desulfobacterota,Bacteria,3,,,True,,False,False
warning_ammonia_toxicity,BAC_P::Desulfobacterota,Bacteria,3,0.0,0.0,True,135.5,False,False
warning_biogas_quality,BAC_P::Desulfobacterota,Bacteria,3,,,True,,False,False
warning_acid_base_balance,BAC_P::Elusimicrobiota,Bacteria,3,0.0,0.0,True,132.5,False,False
warning_buffer_capacity,BAC_P::Elusimicrobiota,Bacteria,3,0.0,0.0,True,135.5,False,False
warning_acid_accumulation,BAC_P::Elusimicrobiota,Bacteria,3,,,True,,False,False
warning_ammonia_toxicity,BAC_P::Elusimicrobiota,Bacteria,3,0.0,0.0,True,135.5,False,False
warning_biogas_quality,BAC_P::Elusimicrobiota,Bacteria,3,,,True,,False,False
warning_acid_base_balance,BAC_P::Fermentibacterota,Bacteria,3,0.0,0.0,True,132.5,False,False
warning_buffer_capacity,BAC_P::Fermentibacterota,Bacteria,3,0.0,0.0,True,135.5,False,False
warning_acid_accumulation,BAC_P::Fermentibacterota,Bacteria,3,,,True,,False,False
warning_ammonia_toxicity,BAC_P::Fermentibacterota,Bacteria,3,0.0,0.0,True,135.5,False,False
warning_biogas_quality,BAC_P::Fermentibacterota,Bacteria,3,,,True,,False,False
warning_acid_base_balance,BAC_P::Fibrobacterota,Bacteria,3,0.0,0.0,True,132.5,False,False
warning_buffer_capacity,BAC_P::Fibrobacterota,Bacteria,3,0.0,0.0,True,135.5,False,False
warning_acid_accumulation,BAC_P::Fibrobacterota,Bacteria,3,,,True,,False,False
warning_ammonia_toxicity,BAC_P::Fibrobacterota,Bacteria,3,0.0,0.0,True,135.5,False,False
warning_biogas_quality,BAC_P::Fibrobacterota,Bacteria,3,,,True,,False,False
warning_acid_base_balance,BAC_P::Firmicutes,Bacteria,3,-0.10927585787105909,0.14006356090775407,True,276.0,False,False
warning_buffer_capacity,BAC_P::Firmicutes,Bacteria,3,0.0,0.0,True,135.5,False,False
warning_acid_accumulation,BAC_P::Firmicutes,Bacteria,3,,,True,,False,False
warning_ammonia_toxicity,BAC_P::Firmicutes,Bacteria,3,0.19731746031746025,0.12037372682226893,True,1.0,True,True
warning_biogas_quality,BAC_P::Firmicutes,Bacteria,3,,,True,,False,False
warning_acid_base_balance,BAC_P::Fusobacteriota,Bacteria,3,0.0,0.0,True,132.5,False,False
warning_buffer_capacity,BAC_P::Fusobacteriota,Bacteria,3,0.0,0.0,True,135.5,False,False
warning_acid_accumulation,BAC_P::Fusobacteriota,Bacteria,3,,,True,,False,False
warning_ammonia_toxicity,BAC_P::Fusobacteriota,Bacteria,3,0.0,0.0,True,135.5,False,False
warning_biogas_quality,BAC_P::Fusobacteriota,Bacteria,3,,,True,,False,False
warning_acid_base_balance,BAC_P::Halanaerobiaeota,Bacteria,3,0.0,0.0,True,132.5,False,False
warning_buffer_capacity,BAC_P::Halanaerobiaeota,Bacteria,3,0.0,0.0,True,135.5,False,False
warning_acid_accumulation,BAC_P::Halanaerobiaeota,Bacteria,3,,,True,,False,False
warning_ammonia_toxicity,BAC_P::Halanaerobiaeota,Bacteria,3,0.0,0.0,True,135.5,False,False
warning_biogas_quality,BAC_P::Halanaerobiaeota,Bacteria,3,,,True,,False,False
warning_acid_base_balance,BAC_P::Marinimicrobia_(SAR406_clade),Bacteria,3,0.0,0.0,False,132.5,False,False
warning_buffer_capacity,BAC_P::Marinimicrobia_(SAR406_clade),Bacteria,3,0.0,0.0,False,135.5,False,False
warning_acid_accumulation,BAC_P::Marinimicrobia_(SAR406_clade),Bacteria,3,,,False,,False,False
warning_ammonia_toxicity,BAC_P::Marinimicrobia_(SAR406_clade),Bacteria,3,0.0,0.0,False,135.5,False,False
warning_biogas_quality,BAC_P::Marinimicrobia_(SAR406_clade),Bacteria,3,,,False,,False,False
warning_acid_base_balance,BAC_P::Patescibacteria,Bacteria,3,0.0,0.0,True,132.5,False,False
warning_buffer_capacity,BAC_P::Patescibacteria,Bacteria,3,0.0,0.0,True,135.5,False,False
warning_acid_accumulation,BAC_P::Patescibacteria,Bacteria,3,,,True,,False,False
warning_ammonia_toxicity,BAC_P::Patescibacteria,Bacteria,3,0.0,0.0,True,135.5,False,False
warning_biogas_quality,BAC_P::Patescibacteria,Bacteria,3,,,True,,False,False
warning_acid_base_balance,BAC_P::Planctomycetota,Bacteria,3,0.0,0.0,True,132.5,False,False
warning_buffer_capacity,BAC_P::Planctomycetota,Bacteria,3,0.0,0.0,True,135.5,False,False
warning_acid_accumulation,BAC_P::Planctomycetota,Bacteria,3,,,True,,False,False
warning_ammonia_toxicity,BAC_P::Planctomycetota,Bacteria,3,0.0,0.0,True,135.5,False,False
warning_biogas_quality,BAC_P::Planctomycetota,Bacteria,3,,,True,,False,False
warning_acid_base_balance,BAC_P::Proteobacteria,Bacteria,3,0.0,0.0,True,132.5,False,False
warning_buffer_capacity,BAC_P::Proteobacteria,Bacteria,3,0.001071428571428569,0.0013425332768270879,True,4.0,True,True
warning_acid_accumulation,BAC_P::Proteobacteria,Bacteria,3,,,True,,False,False
warning_ammonia_toxicity,BAC_P::Proteobacteria,Bacteria,3,0.0,0.0,True,135.5,False,False
warning_biogas_quality,BAC_P::Proteobacteria,Bacteria,3,,,True,,False,False
warning_acid_base_balance,BAC_P::Spirochaetota,Bacteria,3,0.029948377967921335,0.03796905539128238,True,1.0,True,True
warning_buffer_capacity,BAC_P::Spirochaetota,Bacteria,3,0.0023338979860718966,0.0013180890030097699,True,1.0,True,True
warning_acid_accumulation,BAC_P::Spirochaetota,Bacteria,3,,,True,,False,False
warning_ammonia_toxicity,BAC_P::Spirochaetota,Bacteria,3,0.0,0.0,True,135.5,False,False
warning_biogas_quality,BAC_P::Spirochaetota,Bacteria,3,,,True,,False,False
warning_acid_base_balance,BAC_P::Synergistota,Bacteria,3,-0.09985119047619045,0.11165951152322602,True,275.0,False,False
warning_buffer_capacity,BAC_P::Synergistota,Bacteria,3,0.0,0.0,True,135.5,False,False
warning_acid_accumulation,BAC_P::Synergistota,Bacteria,3,,,True,,False,False
warning_ammonia_toxicity,BAC_P::Synergistota,Bacteria,3,0.0,0.0,True,135.5,False,False
warning_biogas_quality,BAC_P::Synergistota,Bacteria,3,,,True,,False,False
warning_acid_base_balance,BAC_P::Thermotogota,Bacteria,3,0.0,0.0,True,132.5,False,False
warning_buffer_capacity,BAC_P::Thermotogota,Bacteria,3,0.0,0.0,True,135.5,False,False
warning_acid_accumulation,BAC_P::Thermotogota,Bacteria,3,,,True,,False,False
warning_ammonia_toxicity,BAC_P::Thermotogota,Bacteria,3,0.0,0.0,True,135.5,False,False
warning_biogas_quality,BAC_P::Thermotogota,Bacteria,3,,,True,,False,False
warning_acid_base_balance,BAC_P::Verrucomicrobiota,Bacteria,3,0.0,0.0,True,132.5,False,False
warning_buffer_capacity,BAC_P::Verrucomicrobiota,Bacteria,3,-0.0024561403508771952,0.001992773620691373,True,269.5,False,False
warning_acid_accumulation,BAC_P::Verrucomicrobiota,Bacteria,3,,,True,,False,False
warning_ammonia_toxicity,BAC_P::Verrucomicrobiota,Bacteria,3,0.0,0.0,True,135.5,False,False
warning_biogas_quality,BAC_P::Verrucomicrobiota,Bacteria,3,,,True,,False,False
warning_acid_base_balance,BAC_P::WS1,Bacteria,3,0.0,0.0,True,132.5,False,False
warning_buffer_capacity,BAC_P::WS1,Bacteria,3,0.0,0.0,True,135.5,False,False
warning_acid_accumulation,BAC_P::WS1,Bacteria,3,,,True,,False,False
warning_ammonia_toxicity,BAC_P::WS1,Bacteria,3,0.0,0.0,True,135.5,False,False
warning_biogas_quality,BAC_P::WS1,Bacteria,3,,,True,,False,False
warning_acid_base_balance,BAC_P::unidentified,Bacteria,3,0.0,0.0,True,132.5,False,False
warning_buffer_capacity,BAC_P::unidentified,Bacteria,3,0.0,0.0,True,135.5,False,False
warning_acid_accumulation,BAC_P::unidentified,Bacteria,3,,,True,,False,False
warning_ammonia_toxicity,BAC_P::unidentified,Bacteria,3,0.0,0.0,True,135.5,False,False
warning_biogas_quality,BAC_P::unidentified,Bacteria,3,,,True,,False,False
warning_acid_base_balance,BAC_G::009E01-B-SD-P15,Bacteria,3,0.0,0.0,True,132.5,False,False
warning_buffer_capacity,BAC_G::009E01-B-SD-P15,Bacteria,3,0.0,0.0,True,135.5,False,False
warning_acid_accumulation,BAC_G::009E01-B-SD-P15,Bacteria,3,,,True,,False,False
warning_ammonia_toxicity,BAC_G::009E01-B-SD-P15,Bacteria,3,0.0,0.0,True,135.5,False,False
warning_biogas_quality,BAC_G::009E01-B-SD-P15,Bacteria,3,,,True,,False,False
warning_acid_base_balance,BAC_G::113B434,Bacteria,3,0.0,0.0,True,132.5,False,False
warning_buffer_capacity,BAC_G::113B434,Bacteria,3,0.0,0.0,True,135.5,False,False
warning_acid_accumulation,BAC_G::113B434,Bacteria,3,,,True,,False,False
warning_ammonia_toxicity,BAC_G::113B434,Bacteria,3,0.0,0.0,True,135.5,False,False
warning_biogas_quality,BAC_G::113B434,Bacteria,3,,,True,,False,False
warning_acid_base_balance,BAC_G::AAP99,Bacteria,3,0.0,0.0,True,132.5,False,False
warning_buffer_capacity,BAC_G::AAP99,Bacteria,3,0.0,0.0,True,135.5,False,False
warning_acid_accumulation,BAC_G::AAP99,Bacteria,3,,,True,,False,False
warning_ammonia_toxicity,BAC_G::AAP99,Bacteria,3,0.0,0.0,True,135.5,False,False
warning_biogas_quality,BAC_G::AAP99,Bacteria,3,,,True,,False,False
warning_acid_base_balance,BAC_G::ADurb.Bin063-1,Bacteria,3,0.0,0.0,True,132.5,False,False
warning_buffer_capacity,BAC_G::ADurb.Bin063-1,Bacteria,3,0.0,0.0,True,135.5,False,False
warning_acid_accumulation,BAC_G::ADurb.Bin063-1,Bacteria,3,,,True,,False,False
warning_ammonia_toxicity,BAC_G::ADurb.Bin063-1,Bacteria,3,0.0,0.0,True,135.5,False,False
warning_biogas_quality,BAC_G::ADurb.Bin063-1,Bacteria,3,,,True,,False,False
warning_acid_base_balance,BAC_G::ADurb.Bin120,Bacteria,3,0.0,0.0,False,132.5,False,False
warning_buffer_capacity,BAC_G::ADurb.Bin120,Bacteria,3,0.0,0.0,False,135.5,False,False
warning_acid_accumulation,BAC_G::ADurb.Bin120,Bacteria,3,,,False,,False,False
warning_ammonia_toxicity,BAC_G::ADurb.Bin120,Bacteria,3,0.0,0.0,False,135.5,False,False
warning_biogas_quality,BAC_G::ADurb.Bin120,Bacteria,3,,,False,,False,False
warning_acid_base_balance,BAC_G::AKYH767,Bacteria,3,0.0,0.0,True,132.5,False,False
warning_buffer_capacity,BAC_G::AKYH767,Bacteria,3,0.0,0.0,True,135.5,False,False
warning_acid_accumulation,BAC_G::AKYH767,Bacteria,3,,,True,,False,False
warning_ammonia_toxicity,BAC_G::AKYH767,Bacteria,3,0.0,0.0,True,135.5,False,False
warning_biogas_quality,BAC_G::AKYH767,Bacteria,3,,,True,,False,False
warning_acid_base_balance,BAC_G::AUTHM297,Bacteria,3,0.0,0.0,True,132.5,False,False
warning_buffer_capacity,BAC_G::AUTHM297,Bacteria,3,0.0,0.0,True,135.5,False,False
warning_acid_accumulation,BAC_G::AUTHM297,Bacteria,3,,,True,,False,False
warning_ammonia_toxicity,BAC_G::AUTHM297,Bacteria,3,0.0,0.0,True,135.5,False,False
warning_biogas_quality,BAC_G::AUTHM297,Bacteria,3,,,True,,False,False
warning_acid_base_balance,BAC_G::Acetobacter,Bacteria,3,0.0,0.0,True,132.5,False,False
warning_buffer_capacity,BAC_G::Acetobacter,Bacteria,3,0.0,0.0,True,135.5,False,False
warning_acid_accumulation,BAC_G::Acetobacter,Bacteria,3,,,True,,False,False
warning_ammonia_toxicity,BAC_G::Acetobacter,Bacteria,3,0.0,0.0,True,135.5,False,False
warning_biogas_quality,BAC_G::Acetobacter,Bacteria,3,,,True,,False,False
warning_acid_base_balance,BAC_G::Acetomicrobium,Bacteria,3,0.0,0.0,True,132.5,False,False
warning_buffer_capacity,BAC_G::Acetomicrobium,Bacteria,3,0.0,0.0,True,135.5,False,False
warning_acid_accumulation,BAC_G::Acetomicrobium,Bacteria,3,,,True,,False,False
warning_ammonia_toxicity,BAC_G::Acetomicrobium,Bacteria,3,0.0,0.0,True,135.5,False,False
warning_biogas_quality,BAC_G::Acetomicrobium,Bacteria,3,,,True,,False,False
warning_acid_base_balance,BAC_G::Acetothermiia,Bacteria,3,0.0,0.0,True,132.5,False,False
warning_buffer_capacity,BAC_G::Acetothermiia,Bacteria,3,0.0,0.0,True,135.5,False,False
warning_acid_accumulation,BAC_G::Acetothermiia,Bacteria,3,,,True,,False,False
warning_ammonia_toxicity,BAC_G::Acetothermiia,Bacteria,3,0.0,0.0,True,135.5,False,False
warning_biogas_quality,BAC_G::Acetothermiia,Bacteria,3,,,True,,False,False
warning_acid_base_balance,BAC_G::Acholeplasma,Bacteria,3,0.0,0.0,True,132.5,False,False
warning_buffer_capacity,BAC_G::Acholeplasma,Bacteria,3,0.0,0.0,True,135.5,False,False
warning_acid_accumulation,BAC_G::Acholeplasma,Bacteria,3,,,True,,False,False
warning_ammonia_toxicity,BAC_G::Acholeplasma,Bacteria,3,0.0,0.0,True,135.5,False,False
warning_biogas_quality,BAC_G::Acholeplasma,Bacteria,3,,,True,,False,False
warning_acid_base_balance,BAC_G::Acidovorax,Bacteria,3,0.0,0.0,True,132.5,False,False
warning_buffer_capacity,BAC_G::Acidovorax,Bacteria,3,0.0,0.0,True,135.5,False,False
warning_acid_accumulation,BAC_G::Acidovorax,Bacteria,3,,,True,,False,False
warning_ammonia_toxicity,BAC_G::Acidovorax,Bacteria,3,0.0,0.0,True,135.5,False,False
warning_biogas_quality,BAC_G::Acidovorax,Bacteria,3,,,True,,False,False
warning_acid_base_balance,BAC_G::Acinetobacter,Bacteria,3,0.0,0.0,True,132.5,False,False
warning_buffer_capacity,BAC_G::Acinetobacter,Bacteria,3,0.0,0.0,True,135.5,False,False
warning_acid_accumulation,BAC_G::Acinetobacter,Bacteria,3,,,True,,False,False
warning_ammonia_toxicity,BAC_G::Acinetobacter,Bacteria,3,0.0,0.0,True,135.5,False,False
warning_biogas_quality,BAC_G::Acinetobacter,Bacteria,3,,,True,,False,False
warning_acid_base_balance,BAC_G::Actinomyces,Bacteria,3,0.0,0.0,True,132.5,False,False
warning_buffer_capacity,BAC_G::Actinomyces,Bacteria,3,0.0,0.0,True,135.5,False,False
warning_acid_accumulation,BAC_G::Actinomyces,Bacteria,3,,,True,,False,False
warning_ammonia_toxicity,BAC_G::Actinomyces,Bacteria,3,0.0,0.0,True,135.5,False,False
warning_biogas_quality,BAC_G::Actinomyces,Bacteria,3,,,True,,False,False
warning_acid_base_balance,BAC_G::Aeriscardovia,Bacteria,3,0.0,0.0,True,132.5,False,False
warning_buffer_capacity,BAC_G::Aeriscardovia,Bacteria,3,0.0,0.0,True,135.5,False,False
warning_acid_accumulation,BAC_G::Aeriscardovia,Bacteria,3,,,True,,False,False
warning_ammonia_toxicity,BAC_G::Aeriscardovia,Bacteria,3,0.0,0.0,True,135.5,False,False
warning_biogas_quality,BAC_G::Aeriscardovia,Bacteria,3,,,True,,False,False
warning_acid_base_balance,BAC_G::Alkaliphilus,Bacteria,3,0.0,0.0,True,132.5,False,False
warning_buffer_capacity,BAC_G::Alkaliphilus,Bacteria,3,0.0,0.0,True,135.5,False,False
warning_acid_accumulation,BAC_G::Alkaliphilus,Bacteria,3,,,True,,False,False
warning_ammonia_toxicity,BAC_G::Alkaliphilus,Bacteria,3,0.0,0.0,True,135.5,False,False
warning_biogas_quality,BAC_G::Alkaliphilus,Bacteria,3,,,True,,False,False
warning_acid_base_balance,BAC_G::Aminicenantales,Bacteria,3,0.0,0.0,True,132.5,False,False
warning_buffer_capacity,BAC_G::Aminicenantales,Bacteria,3,0.0,0.0,True,135.5,False,False
warning_acid_accumulation,BAC_G::Aminicenantales,Bacteria,3,,,True,,False,False
warning_ammonia_toxicity,BAC_G::Aminicenantales,Bacteria,3,0.0,0.0,True,135.5,False,False
warning_biogas_quality,BAC_G::Aminicenantales,Bacteria,3,,,True,,False,False
warning_acid_base_balance,BAC_G::Aminobacterium,Bacteria,3,0.0,0.0,True,132.5,False,False
warning_buffer_capacity,BAC_G::Aminobacterium,Bacteria,3,0.0,0.0,True,135.5,False,False
warning_acid_accumulation,BAC_G::Aminobacterium,Bacteria,3,,,True,,False,False
warning_ammonia_toxicity,BAC_G::Aminobacterium,Bacteria,3,0.0,0.0,True,135.5,False,False
warning_biogas_quality,BAC_G::Aminobacterium,Bacteria,3,,,True,,False,False
warning_acid_base_balance,BAC_G::Anaerococcus,Bacteria,3,0.0,0.0,True,132.5,False,False
warning_buffer_capacity,BAC_G::Anaerococcus,Bacteria,3,0.0,0.0,True,135.5,False,False
warning_acid_accumulation,BAC_G::Anaerococcus,Bacteria,3,,,True,,False,False
warning_ammonia_toxicity,BAC_G::Anaerococcus,Bacteria,3,0.0,0.0,True,135.5,False,False
warning_biogas_quality,BAC_G::Anaerococcus,Bacteria,3,,,True,,False,False
warning_acid_base_balance,BAC_G::Anaerofustis,Bacteria,3,0.0,0.0,True,132.5,False,False
warning_buffer_capacity,BAC_G::Anaerofustis,Bacteria,3,0.0,0.0,True,135.5,False,False
warning_acid_accumulation,BAC_G::Anaerofustis,Bacteria,3,,,True,,False,False
warning_ammonia_toxicity,BAC_G::Anaerofustis,Bacteria,3,0.0,0.0,True,135.5,False,False
warning_biogas_quality,BAC_G::Anaerofustis,Bacteria,3,,,True,,False,False
warning_acid_base_balance,BAC_G::Anaerostignum,Bacteria,3,0.0,0.0,True,132.5,False,False
warning_buffer_capacity,BAC_G::Anaerostignum,Bacteria,3,0.0,0.0,True,135.5,False,False
warning_acid_accumulation,BAC_G::Anaerostignum,Bacteria,3,,,True,,False,False
warning_ammonia_toxicity,BAC_G::Anaerostignum,Bacteria,3,0.0,0.0,True,135.5,False,False
warning_biogas_quality,BAC_G::Anaerostignum,Bacteria,3,,,True,,False,False
warning_acid_base_balance,BAC_G::Anaerovorax,Bacteria,3,0.0,0.0,True,132.5,False,False
warning_buffer_capacity,BAC_G::Anaerovorax,Bacteria,3,0.0,0.0,True,135.5,False,False
warning_acid_accumulation,BAC_G::Anaerovorax,Bacteria,3,,,True,,False,False
warning_ammonia_toxicity,BAC_G::Anaerovorax,Bacteria,3,0.0,0.0,True,135.5,False,False
warning_biogas_quality,BAC_G::Anaerovorax,Bacteria,3,,,True,,False,False
warning_acid_base_balance,BAC_G::Arenimonas,Bacteria,3,0.0,0.0,True,132.5,False,False
warning_buffer_capacity,BAC_G::Arenimonas,Bacteria,3,0.0,0.0,True,135.5,False,False
warning_acid_accumulation,BAC_G::Arenimonas,Bacteria,3,,,True,,False,False
warning_ammonia_toxicity,BAC_G::Arenimonas,Bacteria,3,0.0,0.0,True,135.5,False,False
warning_biogas_quality,BAC_G::Arenimonas,Bacteria,3,,,True,,False,False
warning_acid_base_balance,BAC_G::Atopobium,Bacteria,3,0.0,0.0,True,132.5,False,False
warning_buffer_capacity,BAC_G::Atopobium,Bacteria,3,0.0,0.0,True,135.5,False,False
warning_acid_accumulation,BAC_G::Atopobium,Bacteria,3,,,True,,False,False
warning_ammonia_toxicity,BAC_G::Atopobium,Bacteria,3,0.0,0.0,True,135.5,False,False
warning_biogas_quality,BAC_G::Atopobium,Bacteria,3,,,True,,False,False
warning_acid_base_balance,BAC_G::Azospira,Bacteria,3,0.0,0.0,True,132.5,False,False
warning_buffer_capacity,BAC_G::Azospira,Bacteria,3,0.0,0.0,True,135.5,False,False
warning_acid_accumulation,BAC_G::Azospira,Bacteria,3,,,True,,False,False
warning_ammonia_toxicity,BAC_G::Azospira,Bacteria,3,0.0,0.0,True,135.5,False,False
warning_biogas_quality,BAC_G::Azospira,Bacteria,3,,,True,,False,False
warning_acid_base_balance,BAC_G::BD1-7_clade,Bacteria,3,0.0,0.0,True,132.5,False,False
warning_buffer_capacity,BAC_G::BD1-7_clade,Bacteria,3,0.0,0.0,True,135.5,False,False
warning_acid_accumulation,BAC_G::BD1-7_clade,Bacteria,3,,,True,,False,False
warning_ammonia_toxicity,BAC_G::BD1-7_clade,Bacteria,3,0.0,0.0,True,135.5,False,False
warning_biogas_quality,BAC_G::BD1-7_clade,Bacteria,3,,,True,,False,False
warning_acid_base_balance,BAC_G::BRH-c20a,Bacteria,3,0.0,0.0,False,132.5,False,False
warning_buffer_capacity,BAC_G::BRH-c20a,Bacteria,3,0.0,0.0,False,135.5,False,False
warning_acid_accumulation,BAC_G::BRH-c20a,Bacteria,3,,,False,,False,False
warning_ammonia_toxicity,BAC_G::BRH-c20a,Bacteria,3,0.0,0.0,False,135.5,False,False
warning_biogas_quality,BAC_G::BRH-c20a,Bacteria,3,,,False,,False,False
warning_acid_base_balance,BAC_G::Babeliales,Bacteria,3,0.0,0.0,True,132.5,False,False
warning_buffer_capacity,BAC_G::Babeliales,Bacteria,3,0.0,0.0,True,135.5,False,False
warning_acid_accumulation,BAC_G::Babeliales,Bacteria,3,,,True,,False,False
warning_ammonia_toxicity,BAC_G::Babeliales,Bacteria,3,0.0,0.0,True,135.5,False,False
warning_biogas_quality,BAC_G::Babeliales,Bacteria,3,,,True,,False,False
warning_acid_base_balance,BAC_G::Bacillus,Bacteria,3,0.0,0.0,True,132.5,False,False
warning_buffer_capacity,BAC_G::Bacillus,Bacteria,3,0.0,0.0,True,135.5,False,False
warning_acid_accumulation,BAC_G::Bacillus,Bacteria,3,,,True,,False,False
warning_ammonia_toxicity,BAC_G::Bacillus,Bacteria,3,0.0,0.0,True,135.5,False,False
warning_biogas_quality,BAC_G::Bacillus,Bacteria,3,,,True,,False,False
warning_acid_base_balance,BAC_G::Bacteroidales_UCG-001,Bacteria,3,0.0,0.0,True,132.5,False,False
warning_buffer_capacity,BAC_G::Bacteroidales_UCG-001,Bacteria,3,0.0,0.0,True,135.5,False,False
warning_acid_accumulation,BAC_G::Bacteroidales_UCG-001,Bacteria,3,,,True,,False,False
warning_ammonia_toxicity,BAC_G::Bacteroidales_UCG-001,Bacteria,3,0.0,0.0,True,135.5,False,False
warning_biogas_quality,BAC_G::Bacteroidales_UCG-001,Bacteria,3,,,True,,False,False
warning_acid_base_balance,BAC_G::Bacteroides,Bacteria,3,0.0,0.0,True,132.5,False,False
warning_buffer_capacity,BAC_G::Bacteroides,Bacteria,3,0.0,0.0,True,135.5,False,False
warning_acid_accumulation,BAC_G::Bacteroides,Bacteria,3,,,True,,False,False
warning_ammonia_toxicity,BAC_G::Bacteroides,Bacteria,3,0.0,0.0,True,135.5,False,False
warning_biogas_quality,BAC_G::Bacteroides,Bacteria,3,,,True,,False,False
warning_acid_base_balance,BAC_G::Bacteroidetes_VC2.1_Bac22,Bacteria,3,0.0,0.0,True,132.5,False,False
warning_buffer_capacity,BAC_G::Bacteroidetes_VC2.1_Bac22,Bacteria,3,0.0,0.0,True,135.5,False,False
warning_acid_accumulation,BAC_G::Bacteroidetes_VC2.1_Bac22,Bacteria,3,,,True,,False,False
warning_ammonia_toxicity,BAC_G::Bacteroidetes_VC2.1_Bac22,Bacteria,3,0.0,0.0,True,135.5,False,False
warning_biogas_quality,BAC_G::Bacteroidetes_VC2.1_Bac22,Bacteria,3,,,True,,False,False
warning_acid_base_balance,BAC_G::Bacteroidetes_vadinHA17,Bacteria,3,-0.07789247517188691,0.05323816056513809,True,273.0,False,False
warning_buffer_capacity,BAC_G::Bacteroidetes_vadinHA17,Bacteria,3,0.0,0.0,True,135.5,False,False
warning_acid_accumulation,BAC_G::Bacteroidetes_vadinHA17,Bacteria,3,,,True,,False,False
warning_ammonia_toxicity,BAC_G::Bacteroidetes_vadinHA17,Bacteria,3,0.0,0.0,True,135.5,False,False
warning_biogas_quality,BAC_G::Bacteroidetes_vadinHA17,Bacteria,3,,,True,,False,False
warning_acid_base_balance,BAC_G::Bdellovibrio,Bacteria,3,0.0,0.0,True,132.5,False,False
warning_buffer_capacity,BAC_G::Bdellovibrio,Bacteria,3,0.0,0.0,True,135.5,False,False
warning_acid_accumulation,BAC_G::Bdellovibrio,Bacteria,3,,,True,,False,False
warning_ammonia_toxicity,BAC_G::Bdellovibrio,Bacteria,3,0.0,0.0,True,135.5,False,False
warning_biogas_quality,BAC_G::Bdellovibrio,Bacteria,3,,,True,,False,False
warning_acid_base_balance,BAC_G::Bifidobacterium,Bacteria,3,0.0,0.0,True,132.5,False,False
warning_buffer_capacity,BAC_G::Bifidobacterium,Bacteria,3,0.0,0.0,True,135.5,False,False
warning_acid_accumulation,BAC_G::Bifidobacterium,Bacteria,3,,,True,,False,False
warning_ammonia_toxicity,BAC_G::Bifidobacterium,Bacteria,3,0.0,0.0,True,135.5,False,False
warning_biogas_quality,BAC_G::Bifidobacterium,Bacteria,3,,,True,,False,False
warning_acid_base_balance,BAC_G::Butyrivibrio,Bacteria,3,0.0,0.0,True,132.5,False,False
warning_buffer_capacity,BAC_G::Butyrivibrio,Bacteria,3,0.0,0.0,True,135.5,False,False
warning_acid_accumulation,BAC_G::Butyrivibrio,Bacteria,3,,,True,,False,False
warning_ammonia_toxicity,BAC_G::Butyrivibrio,Bacteria,3,0.0,0.0,True,135.5,False,False
warning_biogas_quality,BAC_G::Butyrivibrio,Bacteria,3,,,True,,False,False
warning_acid_base_balance,BAC_G::Caldicoprobacter,Bacteria,3,0.0,0.0,True,132.5,False,False
warning_buffer_capacity,BAC_G::Caldicoprobacter,Bacteria,3,0.0,0.0,True,135.5,False,False
warning_acid_accumulation,BAC_G::Caldicoprobacter,Bacteria,3,,,True,,False,False
warning_ammonia_toxicity,BAC_G::Caldicoprobacter,Bacteria,3,-0.006666666666666687,0.01367971136113543,True,271.5,False,False
warning_biogas_quality,BAC_G::Caldicoprobacter,Bacteria,3,,,True,,False,False
warning_acid_base_balance,BAC_G::Caldisericum,Bacteria,3,0.0,0.0,True,132.5,False,False
warning_buffer_capacity,BAC_G::Caldisericum,Bacteria,3,0.0,0.0,True,135.5,False,False
warning_acid_accumulation,BAC_G::Caldisericum,Bacteria,3,,,True,,False,False
warning_ammonia_toxicity,BAC_G::Caldisericum,Bacteria,3,0.0,0.0,True,135.5,False,False
warning_biogas_quality,BAC_G::Caldisericum,Bacteria,3,,,True,,False,False
warning_acid_base_balance,BAC_G::Candidatus_Accumulibacter,Bacteria,3,0.0,0.0,True,132.5,False,False
warning_buffer_capacity,BAC_G::Candidatus_Accumulibacter,Bacteria,3,0.0,0.0,True,135.5,False,False
warning_acid_accumulation,BAC_G::Candidatus_Accumulibacter,Bacteria,3,,,True,,False,False
warning_ammonia_toxicity,BAC_G::Candidatus_Accumulibacter,Bacteria,3,0.0,0.0,True,135.5,False,False
warning_biogas_quality,BAC_G::Candidatus_Accumulibacter,Bacteria,3,,,True,,False,False
warning_acid_base_balance,BAC_G::Candidatus_Caldatribacterium,Bacteria,3,0.0,0.0,True,132.5,False,False
warning_buffer_capacity,BAC_G::Candidatus_Caldatribacterium,Bacteria,3,0.0,0.0,True,135.5,False,False
warning_acid_accumulation,BAC_G::Candidatus_Caldatribacterium,Bacteria,3,,,True,,False,False
warning_ammonia_toxicity,BAC_G::Candidatus_Caldatribacterium,Bacteria,3,0.0,0.0,True,135.5,False,False
warning_biogas_quality,BAC_G::Candidatus_Caldatribacterium,Bacteria,3,,,True,,False,False
warning_acid_base_balance,BAC_G::Candidatus_Cloacimonas,Bacteria,3,0.0,0.0,True,132.5,False,False
warning_buffer_capacity,BAC_G::Candidatus_Cloacimonas,Bacteria,3,0.0,0.0,True,135.5,False,False
warning_acid_accumulation,BAC_G::Candidatus_Cloacimonas,Bacteria,3,,,True,,False,False
warning_ammonia_toxicity,BAC_G::Candidatus_Cloacimonas,Bacteria,3,0.0,0.0,True,135.5,False,False
warning_biogas_quality,BAC_G::Candidatus_Cloacimonas,Bacteria,3,,,True,,False,False
warning_acid_base_balance,BAC_G::Candidatus_Competibacter,Bacteria,3,0.0,0.0,True,132.5,False,False
warning_buffer_capacity,BAC_G::Candidatus_Competibacter,Bacteria,3,0.0,0.0,True,135.5,False,False
warning_acid_accumulation,BAC_G::Candidatus_Competibacter,Bacteria,3,,,True,,False,False
warning_ammonia_toxicity,BAC_G::Candidatus_Competibacter,Bacteria,3,0.0,0.0,True,135.5,False,False
warning_biogas_quality,BAC_G::Candidatus_Competibacter,Bacteria,3,,,True,,False,False
warning_acid_base_balance,BAC_G::Candidatus_Omnitrophus,Bacteria,3,0.0,0.0,True,132.5,False,False
warning_buffer_capacity,BAC_G::Candidatus_Omnitrophus,Bacteria,3,0.0,0.0,True,135.5,False,False
warning_acid_accumulation,BAC_G::Candidatus_Omnitrophus,Bacteria,3,,,True,,False,False
warning_ammonia_toxicity,BAC_G::Candidatus_Omnitrophus,Bacteria,3,0.0,0.0,True,135.5,False,False
warning_biogas_quality,BAC_G::Candidatus_Omnitrophus,Bacteria,3,,,True,,False,False
warning_acid_base_balance,BAC_G::Candidatus_Soleaferrea,Bacteria,3,0.0,0.0,True,132.5,False,False
warning_buffer_capacity,BAC_G::Candidatus_Soleaferrea,Bacteria,3,0.0,0.0,True,135.5,False,False
warning_acid_accumulation,BAC_G::Candidatus_Soleaferrea,Bacteria,3,,,True,,False,False
warning_ammonia_toxicity,BAC_G::Candidatus_Soleaferrea,Bacteria,3,0.0,0.0,True,135.5,False,False
warning_biogas_quality,BAC_G::Candidatus_Soleaferrea,Bacteria,3,,,True,,False,False
warning_acid_base_balance,BAC_G::Caproiciproducens,Bacteria,3,0.0,0.0,True,132.5,False,False
warning_buffer_capacity,BAC_G::Caproiciproducens,Bacteria,3,0.0,0.0,True,135.5,False,False
warning_acid_accumulation,BAC_G::Caproiciproducens,Bacteria,3,,,True,,False,False
warning_ammonia_toxicity,BAC_G::Caproiciproducens,Bacteria,3,0.0,0.0,True,135.5,False,False
warning_biogas_quality,BAC_G::Caproiciproducens,Bacteria,3,,,True,,False,False
warning_acid_base_balance,BAC_G::Chthonomonadales,Bacteria,3,0.0,0.0,True,132.5,False,False
warning_buffer_capacity,BAC_G::Chthonomonadales,Bacteria,3,0.0,0.0,True,135.5,False,False
warning_acid_accumulation,BAC_G::Chthonomonadales,Bacteria,3,,,True,,False,False
warning_ammonia_toxicity,BAC_G::Chthonomonadales,Bacteria,3,0.0,0.0,True,135.5,False,False
warning_biogas_quality,BAC_G::Chthonomonadales,Bacteria,3,,,True,,False,False
warning_acid_base_balance,BAC_G::Cloacimonadaceae,Bacteria,3,0.0,0.0,True,132.5,False,False
warning_buffer_capacity,BAC_G::Cloacimonadaceae,Bacteria,3,0.0,0.0,True,135.5,False,False
warning_acid_accumulation,BAC_G::Cloacimonadaceae,Bacteria,3,,,True,,False,False
warning_ammonia_toxicity,BAC_G::Cloacimonadaceae,Bacteria,3,0.0,0.0,True,135.5,False,False
warning_biogas_quality,BAC_G::Cloacimonadaceae,Bacteria,3,,,True,,False,False
warning_acid_base_balance,BAC_G::Clostridia_UCG-014,Bacteria,3,0.0,0.0,False,132.5,False,False
warning_buffer_capacity,BAC_G::Clostridia_UCG-014,Bacteria,3,0.0,0.0,False,135.5,False,False
warning_acid_accumulation,BAC_G::Clostridia_UCG-014,Bacteria,3,,,False,,False,False
warning_ammonia_toxicity,BAC_G::Clostridia_UCG-014,Bacteria,3,0.0,0.0,False,135.5,False,False
warning_biogas_quality,BAC_G::Clostridia_UCG-014,Bacteria,3,,,False,,False,False
warning_acid_base_balance,BAC_G::Clostridium_sensu_stricto_1,Bacteria,3,0.0,0.0,True,132.5,False,False
warning_buffer_capacity,BAC_G::Clostridium_sensu_stricto_1,Bacteria,3,0.0,0.0,True,135.5,False,False
warning_acid_accumulation,BAC_G::Clostridium_sensu_stricto_1,Bacteria,3,,,True,,False,False
warning_ammonia_toxicity,BAC_G::Clostridium_sensu_stricto_1,Bacteria,3,0.0,0.0,True,135.5,False,False
warning_biogas_quality,BAC_G::Clostridium_sensu_stricto_1,Bacteria,3,,,True,,False,False
warning_acid_base_balance,BAC_G::Comamonas,Bacteria,3,0.0,0.0,True,132.5,False,False
warning_buffer_capacity,BAC_G::Comamonas,Bacteria,3,0.0,0.0,True,135.5,False,False
warning_acid_accumulation,BAC_G::Comamonas,Bacteria,3,,,True,,False,False
warning_ammonia_toxicity,BAC_G::Comamonas,Bacteria,3,0.0,0.0,True,135.5,False,False
warning_biogas_quality,BAC_G::Comamonas,Bacteria,3,,,True,,False,False
warning_acid_base_balance,BAC_G::Coprothermobacter,Bacteria,3,0.0,0.0,True,132.5,False,False
warning_buffer_capacity,BAC_G::Coprothermobacter,Bacteria,3,0.0,0.0,True,135.5,False,False
warning_acid_accumulation,BAC_G::Coprothermobacter,Bacteria,3,,,True,,False,False
warning_ammonia_toxicity,BAC_G::Coprothermobacter,Bacteria,3,0.0,0.0,True,135.5,False,False
warning_biogas_quality,BAC_G::Coprothermobacter,Bacteria,3,,,True,,False,False
warning_acid_base_balance,BAC_G::D8A-2,Bacteria,3,0.0,0.0,True,132.5,False,False
warning_buffer_capacity,BAC_G::D8A-2,Bacteria,3,0.0,0.0,True,135.5,False,False
warning_acid_accumulation,BAC_G::D8A-2,Bacteria,3,,,True,,False,False
warning_ammonia_toxicity,BAC_G::D8A-2,Bacteria,3,0.0,0.0,True,135.5,False,False
warning_biogas_quality,BAC_G::D8A-2,Bacteria,3,,,True,,False,False
warning_acid_base_balance,BAC_G::DEV114,Bacteria,3,0.0,0.0,True,132.5,False,False
warning_buffer_capacity,BAC_G::DEV114,Bacteria,3,0.0,0.0,True,135.5,False,False
warning_acid_accumulation,BAC_G::DEV114,Bacteria,3,,,True,,False,False
warning_ammonia_toxicity,BAC_G::DEV114,Bacteria,3,0.0,0.0,True,135.5,False,False
warning_biogas_quality,BAC_G::DEV114,Bacteria,3,,,True,,False,False
warning_acid_base_balance,BAC_G::DMER64,Bacteria,3,0.0,0.0,True,132.5,False,False
warning_buffer_capacity,BAC_G::DMER64,Bacteria,3,0.0,0.0,True,135.5,False,False
warning_acid_accumulation,BAC_G::DMER64,Bacteria,3,,,True,,False,False
warning_ammonia_toxicity,BAC_G::DMER64,Bacteria,3,0.0,0.0,True,135.5,False,False
warning_biogas_quality,BAC_G::DMER64,Bacteria,3,,,True,,False,False
warning_acid_base_balance,BAC_G::DTU014,Bacteria,3,0.0,0.0,True,132.5,False,False
warning_buffer_capacity,BAC_G::DTU014,Bacteria,3,-0.004260651629072682,0.001836328564072798,True,272.0,False,False
warning_acid_accumulation,BAC_G::DTU014,Bacteria,3,,,True,,False,False
warning_ammonia_toxicity,BAC_G::DTU014,Bacteria,3,0.0,0.0,True,135.5,False,False
warning_biogas_quality,BAC_G::DTU014,Bacteria,3,,,True,,False,False
warning_acid_base_balance,BAC_G::Dechloromonas,Bacteria,3,0.0,0.0,True,132.5,False,False
warning_buffer_capacity,BAC_G::Dechloromonas,Bacteria,3,0.0,0.0,True,135.5,False,False
warning_acid_accumulation,BAC_G::Dechloromonas,Bacteria,3,,,True,,False,False
warning_ammonia_toxicity,BAC_G::Dechloromonas,Bacteria,3,0.0,0.0,True,135.5,False,False
warning_biogas_quality,BAC_G::Dechloromonas,Bacteria,3,,,True,,False,False
warning_acid_base_balance,BAC_G::Defluviitoga,Bacteria,3,0.0,0.0,True,132.5,False,False
warning_buffer_capacity,BAC_G::Defluviitoga,Bacteria,3,0.0,0.0,True,135.5,False,False
warning_acid_accumulation,BAC_G::Defluviitoga,Bacteria,3,,,True,,False,False
warning_ammonia_toxicity,BAC_G::Defluviitoga,Bacteria,3,0.0,0.0,True,135.5,False,False
warning_biogas_quality,BAC_G::Defluviitoga,Bacteria,3,,,True,,False,False
warning_acid_base_balance,BAC_G::Denitratisoma,Bacteria,3,0.0,0.0,True,132.5,False,False
warning_buffer_capacity,BAC_G::Denitratisoma,Bacteria,3,0.0,0.0,True,135.5,False,False
warning_acid_accumulation,BAC_G::Denitratisoma,Bacteria,3,,,True,,False,False
warning_ammonia_toxicity,BAC_G::Denitratisoma,Bacteria,3,0.0,0.0,True,135.5,False,False
warning_biogas_quality,BAC_G::Denitratisoma,Bacteria,3,,,True,,False,False
warning_acid_base_balance,BAC_G::Dialister,Bacteria,3,0.0,0.0,True,132.5,False,False
warning_buffer_capacity,BAC_G::Dialister,Bacteria,3,0.0,0.0,True,135.5,False,False
warning_acid_accumulation,BAC_G::Dialister,Bacteria,3,,,True,,False,False
warning_ammonia_toxicity,BAC_G::Dialister,Bacteria,3,0.0,0.0,True,135.5,False,False
warning_biogas_quality,BAC_G::Dialister,Bacteria,3,,,True,,False,False
warning_acid_base_balance,BAC_G::Dokdonella,Bacteria,3,0.0,0.0,True,132.5,False,False
warning_buffer_capacity,BAC_G::Dokdonella,Bacteria,3,0.0,0.0,True,135.5,False,False
warning_acid_accumulation,BAC_G::Dokdonella,Bacteria,3,,,True,,False,False
warning_ammonia_toxicity,BAC_G::Dokdonella,Bacteria,3,0.0,0.0,True,135.5,False,False
warning_biogas_quality,BAC_G::Dokdonella,Bacteria,3,,,True,,False,False
warning_acid_base_balance,BAC_G::Ellin6067,Bacteria,3,0.0,0.0,True,132.5,False,False
warning_buffer_capacity,BAC_G::Ellin6067,Bacteria,3,0.0,0.0,True,135.5,False,False
warning_acid_accumulation,BAC_G::Ellin6067,Bacteria,3,,,True,,False,False
warning_ammonia_toxicity,BAC_G::Ellin6067,Bacteria,3,0.0,0.0,True,135.5,False,False
warning_biogas_quality,BAC_G::Ellin6067,Bacteria,3,,,True,,False,False
warning_acid_base_balance,BAC_G::Endomicrobium,Bacteria,3,0.0,0.0,True,132.5,False,False
warning_buffer_capacity,BAC_G::Endomicrobium,Bacteria,3,0.0,0.0,True,135.5,False,False
warning_acid_accumulation,BAC_G::Endomicrobium,Bacteria,3,,,True,,False,False
warning_ammonia_toxicity,BAC_G::Endomicrobium,Bacteria,3,0.0,0.0,True,135.5,False,False
warning_biogas_quality,BAC_G::Endomicrobium,Bacteria,3,,,True,,False,False
warning_acid_base_balance,BAC_G::Ercella,Bacteria,3,0.0,0.0,True,132.5,False,False
warning_buffer_capacity,BAC_G::Ercella,Bacteria,3,0.0,0.0,True,135.5,False,False
warning_acid_accumulation,BAC_G::Ercella,Bacteria,3,,,True,,False,False
warning_ammonia_toxicity,BAC_G::Ercella,Bacteria,3,0.0,0.0,True,135.5,False,False
warning_biogas_quality,BAC_G::Ercella,Bacteria,3,,,True,,False,False
warning_acid_base_balance,BAC_G::Exilispira,Bacteria,3,0.0,0.0,True,132.5,False,False
warning_buffer_capacity,BAC_G::Exilispira,Bacteria,3,0.0,0.0,True,135.5,False,False
warning_acid_accumulation,BAC_G::Exilispira,Bacteria,3,,,True,,False,False
warning_ammonia_toxicity,BAC_G::Exilispira,Bacteria,3,0.0,0.0,True,135.5,False,False
warning_biogas_quality,BAC_G::Exilispira,Bacteria,3,,,True,,False,False
warning_acid_base_balance,BAC_G::Fastidiosipila,Bacteria,3,-0.052456140350877166,0.02472672235587047,True,271.0,False,False
warning_buffer_capacity,BAC_G::Fastidiosipila,Bacteria,3,0.0,0.0,True,135.5,False,False
warning_acid_accumulation,BAC_G::Fastidiosipila,Bacteria,3,,,True,,False,False
warning_ammonia_toxicity,BAC_G::Fastidiosipila,Bacteria,3,-0.0016666666666667273,0.023596794027741057,True,268.0,False,False
warning_biogas_quality,BAC_G::Fastidiosipila,Bacteria,3,,,True,,False,False
warning_acid_base_balance,BAC_G::Fermentibacteraceae,Bacteria,3,0.0,0.0,True,132.5,False,False
warning_buffer_capacity,BAC_G::Fermentibacteraceae,Bacteria,3,0.0,0.0,True,135.5,False,False
warning_acid_accumulation,BAC_G::Fermentibacteraceae,Bacteria,3,,,True,,False,False
warning_ammonia_toxicity,BAC_G::Fermentibacteraceae,Bacteria,3,0.0,0.0,True,135.5,False,False
warning_biogas_quality,BAC_G::Fermentibacteraceae,Bacteria,3,,,True,,False,False
warning_acid_base_balance,BAC_G::Fermentimonas,Bacteria,3,0.0,0.0,True,132.5,False,False
warning_buffer_capacity,BAC_G::Fermentimonas,Bacteria,3,0.0,0.0,True,135.5,False,False
warning_acid_accumulation,BAC_G::Fermentimonas,Bacteria,3,,,True,,False,False
warning_ammonia_toxicity,BAC_G::Fermentimonas,Bacteria,3,-0.0033333333333333435,0.010259783520851572,True,269.5,False,False
warning_biogas_quality,BAC_G::Fermentimonas,Bacteria,3,,,True,,False,False
warning_acid_base_balance,BAC_G::Ferruginibacter,Bacteria,3,0.0,0.0,True,132.5,False,False
warning_buffer_capacity,BAC_G::Ferruginibacter,Bacteria,3,0.0,0.0,True,135.5,False,False
warning_acid_accumulation,BAC_G::Ferruginibacter,Bacteria,3,,,True,,False,False
warning_ammonia_toxicity,BAC_G::Ferruginibacter,Bacteria,3,0.0,0.0,True,135.5,False,False
warning_biogas_quality,BAC_G::Ferruginibacter,Bacteria,3,,,True,,False,False
warning_acid_base_balance,BAC_G::Fervidobacterium,Bacteria,3,0.0,0.0,True,132.5,False,False
warning_buffer_capacity,BAC_G::Fervidobacterium,Bacteria,3,0.0,0.0,True,135.5,False,False
warning_acid_accumulation,BAC_G::Fervidobacterium,Bacteria,3,,,True,,False,False
warning_ammonia_toxicity,BAC_G::Fervidobacterium,Bacteria,3,0.0,0.0,True,135.5,False,False
warning_biogas_quality,BAC_G::Fervidobacterium,Bacteria,3,,,True,,False,False
warning_acid_base_balance,BAC_G::Fonticella,Bacteria,3,0.0,0.0,True,132.5,False,False
warning_buffer_capacity,BAC_G::Fonticella,Bacteria,3,0.0,0.0,True,135.5,False,False
warning_acid_accumulation,BAC_G::Fonticella,Bacteria,3,,,True,,False,False
warning_ammonia_toxicity,BAC_G::Fonticella,Bacteria,3,0.0,0.0,True,135.5,False,False
warning_biogas_quality,BAC_G::Fonticella,Bacteria,3,,,True,,False,False
warning_acid_base_balance,BAC_G::Frisingicoccus,Bacteria,3,0.0,0.0,True,132.5,False,False
warning_buffer_capacity,BAC_G::Frisingicoccus,Bacteria,3,0.0,0.0,True,135.5,False,False
warning_acid_accumulation,BAC_G::Frisingicoccus,Bacteria,3,,,True,,False,False
warning_ammonia_toxicity,BAC_G::Frisingicoccus,Bacteria,3,0.0,0.0,True,135.5,False,False
warning_biogas_quality,BAC_G::Frisingicoccus,Bacteria,3,,,True,,False,False
warning_acid_base_balance,BAC_G::Gelria,Bacteria,3,0.0,0.0,True,132.5,False,False
warning_buffer_capacity,BAC_G::Gelria,Bacteria,3,0.0,0.0,True,135.5,False,False
warning_acid_accumulation,BAC_G::Gelria,Bacteria,3,,,True,,False,False
warning_ammonia_toxicity,BAC_G::Gelria,Bacteria,3,0.0,0.0,True,135.5,False,False
warning_biogas_quality,BAC_G::Gelria,Bacteria,3,,,True,,False,False
warning_acid_base_balance,BAC_G::Gracilibacter,Bacteria,3,0.0,0.0,True,132.5,False,False
warning_buffer_capacity,BAC_G::Gracilibacter,Bacteria,3,0.0,0.0,True,135.5,False,False
warning_acid_accumulation,BAC_G::Gracilibacter,Bacteria,3,,,True,,False,False
warning_ammonia_toxicity,BAC_G::Gracilibacter,Bacteria,3,0.0,0.0,True,135.5,False,False
warning_biogas_quality,BAC_G::Gracilibacter,Bacteria,3,,,True,,False,False
warning_acid_base_balance,BAC_G::Guggenheimella,Bacteria,3,-0.010989974937343352,0.0365271641081824,True,265.0,False,False
warning_buffer_capacity,BAC_G::Guggenheimella,Bacteria,3,0.0,0.0,True,135.5,False,False
warning_acid_accumulation,BAC_G::Guggenheimella,Bacteria,3,,,True,,False,False
warning_ammonia_toxicity,BAC_G::Guggenheimella,Bacteria,3,0.0,0.0,True,135.5,False,False
warning_biogas_quality,BAC_G::Guggenheimella,Bacteria,3,,,True,,False,False
warning_acid_base_balance,BAC_G::HN-HF0106,Bacteria,3,0.0,0.0,True,132.5,False,False
warning_buffer_capacity,BAC_G::HN-HF0106,Bacteria,3,0.0,0.0,True,135.5,False,False
warning_acid_accumulation,BAC_G::HN-HF0106,Bacteria,3,,,True,,False,False
warning_ammonia_toxicity,BAC_G::HN-HF0106,Bacteria,3,0.0,0.0,True,135.5,False,False
warning_biogas_quality,BAC_G::HN-HF0106,Bacteria,3,,,True,,False,False
warning_acid_base_balance,BAC_G::Hahella,Bacteria,3,0.0,0.0,True,132.5,False,False
warning_buffer_capacity,BAC_G::Hahella,Bacteria,3,0.0,0.0,True,135.5,False,False
warning_acid_accumulation,BAC_G::Hahella,Bacteria,3,,,True,,False,False
warning_ammonia_toxicity,BAC_G::Hahella,Bacteria,3,0.0,0.0,True,135.5,False,False
warning_biogas_quality,BAC_G::Hahella,Bacteria,3,,,True,,False,False
warning_acid_base_balance,BAC_G::Halocella,Bacteria,3,0.0,0.0,True,132.5,False,False
warning_buffer_capacity,BAC_G::Halocella,Bacteria,3,0.0,0.0,True,135.5,False,False
warning_acid_accumulation,BAC_G::Halocella,Bacteria,3,,,True,,False,False
warning_ammonia_toxicity,BAC_G::Halocella,Bacteria,3,0.0,0.0,True,135.5,False,False
warning_biogas_quality,BAC_G::Halocella,Bacteria,3,,,True,,False,False
warning_acid_base_balance,BAC_G::Halomonas,Bacteria,3,0.0,0.0,True,132.5,False,False
warning_buffer_capacity,BAC_G::Halomonas,Bacteria,3,0.0,0.0,True,135.5,False,False
warning_acid_accumulation,BAC_G::Halomonas,Bacteria,3,,,True,,False,False
warning_ammonia_toxicity,BAC_G::Halomonas,Bacteria,3,0.0,0.0,True,135.5,False,False
warning_biogas_quality,BAC_G::Halomonas,Bacteria,3,,,True,,False,False
warning_acid_base_balance,BAC_G::Hungateiclostridiaceae,Bacteria,3,0.0,0.0,True,132.5,False,False
warning_buffer_capacity,BAC_G::Hungateiclostridiaceae,Bacteria,3,0.0,0.0,True,135.5,False,False
warning_acid_accumulation,BAC_G::Hungateiclostridiaceae,Bacteria,3,,,True,,False,False
warning_ammonia_toxicity,BAC_G::Hungateiclostridiaceae,Bacteria,3,0.0,0.0,True,135.5,False,False
warning_biogas_quality,BAC_G::Hungateiclostridiaceae,Bacteria,3,,,True,,False,False
warning_acid_base_balance,BAC_G::Hydrogenedensaceae,Bacteria,3,0.0,0.0,True,132.5,False,False
warning_buffer_capacity,BAC_G::Hydrogenedensaceae,Bacteria,3,0.0,0.0,True,135.5,False,False
warning_acid_accumulation,BAC_G::Hydrogenedensaceae,Bacteria,3,,,True,,False,False
warning_ammonia_toxicity,BAC_G::Hydrogenedensaceae,Bacteria,3,0.0,0.0,True,135.5,False,False
warning_biogas_quality,BAC_G::Hydrogenedensaceae,Bacteria,3,,,True,,False,False
warning_acid_base_balance,BAC_G::Irregularibacter,Bacteria,3,0.0,0.0,True,132.5,False,False
warning_buffer_capacity,BAC_G::Irregularibacter,Bacteria,3,0.0,0.0,True,135.5,False,False
warning_acid_accumulation,BAC_G::Irregularibacter,Bacteria,3,,,True,,False,False
warning_ammonia_toxicity,BAC_G::Irregularibacter,Bacteria,3,0.0,0.0,True,135.5,False,False
warning_biogas_quality,BAC_G::Irregularibacter,Bacteria,3,,,True,,False,False
warning_acid_base_balance,BAC_G::Izemoplasmatales,Bacteria,3,0.0,0.0,True,132.5,False,False
warning_buffer_capacity,BAC_G::Izemoplasmatales,Bacteria,3,0.0,0.0,True,135.5,False,False
warning_acid_accumulation,BAC_G::Izemoplasmatales,Bacteria,3,,,True,,False,False
warning_ammonia_toxicity,BAC_G::Izemoplasmatales,Bacteria,3,0.0,0.0,True,135.5,False,False
warning_biogas_quality,BAC_G::Izemoplasmatales,Bacteria,3,,,True,,False,False
warning_acid_base_balance,BAC_G::JS1,Bacteria,3,0.0,0.0,True,132.5,False,False
warning_buffer_capacity,BAC_G::JS1,Bacteria,3,0.0,0.0,True,135.5,False,False
warning_acid_accumulation,BAC_G::JS1,Bacteria,3,,,True,,False,False
warning_ammonia_toxicity,BAC_G::JS1,Bacteria,3,0.0,0.0,True,135.5,False,False
warning_biogas_quality,BAC_G::JS1,Bacteria,3,,,True,,False,False
warning_acid_base_balance,BAC_G::Kapabacteriales,Bacteria,3,0.0,0.0,True,132.5,False,False
warning_buffer_capacity,BAC_G::Kapabacteriales,Bacteria,3,0.0,0.0,True,135.5,False,False
warning_acid_accumulation,BAC_G::Kapabacteriales,Bacteria,3,,,True,,False,False
warning_ammonia_toxicity,BAC_G::Kapabacteriales,Bacteria,3,0.0,0.0,True,135.5,False,False
warning_biogas_quality,BAC_G::Kapabacteriales,Bacteria,3,,,True,,False,False
warning_acid_base_balance,BAC_G::Keratinibaculum,Bacteria,3,0.0,0.0,True,132.5,False,False
warning_buffer_capacity,BAC_G::Keratinibaculum,Bacteria,3,0.0,0.0,True,135.5,False,False
warning_acid_accumulation,BAC_G::Keratinibaculum,Bacteria,3,,,True,,False,False
warning_ammonia_toxicity,BAC_G::Keratinibaculum,Bacteria,3,0.0,0.0,True,135.5,False,False
warning_biogas_quality,BAC_G::Keratinibaculum,Bacteria,3,,,True,,False,False
warning_acid_base_balance,BAC_G::LD1-PA32,Bacteria,3,0.0,0.0,True,132.5,False,False
warning_buffer_capacity,BAC_G::LD1-PA32,Bacteria,3,0.0,0.0,True,135.5,False,False
warning_acid_accumulation,BAC_G::LD1-PA32,Bacteria,3,,,True,,False,False
warning_ammonia_toxicity,BAC_G::LD1-PA32,Bacteria,3,0.0,0.0,True,135.5,False,False
warning_biogas_quality,BAC_G::LD1-PA32,Bacteria,3,,,True,,False,False
warning_acid_base_balance,BAC_G::LD1-PB3,Bacteria,3,0.0,0.0,True,132.5,False,False
warning_buffer_capacity,BAC_G::LD1-PB3,Bacteria,3,0.0,0.0,True,135.5,False,False
warning_acid_accumulation,BAC_G::LD1-PB3,Bacteria,3,,,True,,False,False
warning_ammonia_toxicity,BAC_G::LD1-PB3,Bacteria,3,0.0,0.0,True,135.5,False,False
warning_biogas_quality,BAC_G::LD1-PB3,Bacteria,3,,,True,,False,False
warning_acid_base_balance,BAC_G::LNR_A2-18,Bacteria,3,0.0,0.0,True,132.5,False,False
warning_buffer_capacity,BAC_G::LNR_A2-18,Bacteria,3,0.0,0.0,True,135.5,False,False
warning_acid_accumulation,BAC_G::LNR_A2-18,Bacteria,3,,,True,,False,False
warning_ammonia_toxicity,BAC_G::LNR_A2-18,Bacteria,3,0.0,0.0,True,135.5,False,False
warning_biogas_quality,BAC_G::LNR_A2-18,Bacteria,3,,,True,,False,False
warning_acid_base_balance,BAC_G::Lactobacillus,Bacteria,3,0.0,0.0,True,132.5,False,False
warning_buffer_capacity,BAC_G::Lactobacillus,Bacteria,3,0.0,0.0,True,135.5,False,False
warning_acid_accumulation,BAC_G::Lactobacillus,Bacteria,3,,,True,,False,False
warning_ammonia_toxicity,BAC_G::Lactobacillus,Bacteria,3,0.0,0.0,True,135.5,False,False
warning_biogas_quality,BAC_G::Lactobacillus,Bacteria,3,,,True,,False,False
warning_acid_base_balance,BAC_G::Lautropia,Bacteria,3,0.0,0.0,True,132.5,False,False
warning_buffer_capacity,BAC_G::Lautropia,Bacteria,3,0.0,0.0,True,135.5,False,False
warning_acid_accumulation,BAC_G::Lautropia,Bacteria,3,,,True,,False,False
warning_ammonia_toxicity,BAC_G::Lautropia,Bacteria,3,0.0,0.0,True,135.5,False,False
warning_biogas_quality,BAC_G::Lautropia,Bacteria,3,,,True,,False,False
warning_acid_base_balance,BAC_G::Lawsonella,Bacteria,3,0.0,0.0,True,132.5,False,False
warning_buffer_capacity,BAC_G::Lawsonella,Bacteria,3,0.0,0.0,True,135.5,False,False
warning_acid_accumulation,BAC_G::Lawsonella,Bacteria,3,,,True,,False,False
warning_ammonia_toxicity,BAC_G::Lawsonella,Bacteria,3,0.0,0.0,True,135.5,False,False
warning_biogas_quality,BAC_G::Lawsonella,Bacteria,3,,,True,,False,False
warning_acid_base_balance,BAC_G::Lentimicrobiaceae,Bacteria,3,0.0,0.0,True,132.5,False,False
warning_buffer_capacity,BAC_G::Lentimicrobiaceae,Bacteria,3,0.0,0.0,True,135.5,False,False
warning_acid_accumulation,BAC_G::Lentimicrobiaceae,Bacteria,3,,,True,,False,False
warning_ammonia_toxicity,BAC_G::Lentimicrobiaceae,Bacteria,3,0.0,0.0,True,135.5,False,False
warning_biogas_quality,BAC_G::Lentimicrobiaceae,Bacteria,3,,,True,,False,False
warning_acid_base_balance,BAC_G::Lentimicrobium,Bacteria,3,0.0,0.0,True,132.5,False,False
warning_buffer_capacity,BAC_G::Lentimicrobium,Bacteria,3,0.0,0.0,True,135.5,False,False
warning_acid_accumulation,BAC_G::Lentimicrobium,Bacteria,3,,,True,,False,False
warning_ammonia_toxicity,BAC_G::Lentimicrobium,Bacteria,3,0.0,0.0,True,135.5,False,False
warning_biogas_quality,BAC_G::Lentimicrobium,Bacteria,3,,,True,,False,False
warning_acid_base_balance,BAC_G::Leptotrichia,Bacteria,3,0.0,0.0,True,132.5,False,False
warning_buffer_capacity,BAC_G::Leptotrichia,Bacteria,3,0.0,0.0,True,135.5,False,False
warning_acid_accumulation,BAC_G::Leptotrichia,Bacteria,3,,,True,,False,False
warning_ammonia_toxicity,BAC_G::Leptotrichia,Bacteria,3,0.0,0.0,True,135.5,False,False
warning_biogas_quality,BAC_G::Leptotrichia,Bacteria,3,,,True,,False,False
warning_acid_base_balance,BAC_G::Leuconostoc,Bacteria,3,0.0,0.0,True,132.5,False,False
warning_buffer_capacity,BAC_G::Leuconostoc,Bacteria,3,0.0,0.0,True,135.5,False,False
warning_acid_accumulation,BAC_G::Leuconostoc,Bacteria,3,,,True,,False,False
warning_ammonia_toxicity,BAC_G::Leuconostoc,Bacteria,3,0.0,0.0,True,135.5,False,False
warning_biogas_quality,BAC_G::Leuconostoc,Bacteria,3,,,True,,False,False
warning_acid_base_balance,BAC_G::Longilinea,Bacteria,3,0.0,0.0,True,132.5,False,False
warning_buffer_capacity,BAC_G::Longilinea,Bacteria,3,0.0,0.0,True,135.5,False,False
warning_acid_accumulation,BAC_G::Longilinea,Bacteria,3,,,True,,False,False
warning_ammonia_toxicity,BAC_G::Longilinea,Bacteria,3,0.0,0.0,True,135.5,False,False
warning_biogas_quality,BAC_G::Longilinea,Bacteria,3,,,True,,False,False
warning_acid_base_balance,BAC_G::Luteimonas,Bacteria,3,0.0,0.0,True,132.5,False,False
warning_buffer_capacity,BAC_G::Luteimonas,Bacteria,3,0.0,0.0,True,135.5,False,False
warning_acid_accumulation,BAC_G::Luteimonas,Bacteria,3,,,True,,False,False
warning_ammonia_toxicity,BAC_G::Luteimonas,Bacteria,3,0.0,0.0,True,135.5,False,False
warning_biogas_quality,BAC_G::Luteimonas,Bacteria,3,,,True,,False,False
warning_acid_base_balance,BAC_G::Lutispora,Bacteria,3,0.0,0.0,False,132.5,False,False
warning_buffer_capacity,BAC_G::Lutispora,Bacteria,3,0.0,0.0,False,135.5,False,False
warning_acid_accumulation,BAC_G::Lutispora,Bacteria,3,,,False,,False,False
warning_ammonia_toxicity,BAC_G::Lutispora,Bacteria,3,0.0,0.0,False,135.5,False,False
warning_biogas_quality,BAC_G::Lutispora,Bacteria,3,,,False,,False,False
warning_acid_base_balance,BAC_G::MBA03,Bacteria,3,0.0,0.0,True,132.5,False,False
warning_buffer_capacity,BAC_G::MBA03,Bacteria,3,0.0,0.0,True,135.5,False,False
warning_acid_accumulation,BAC_G::MBA03,Bacteria,3,,,True,,False,False
warning_ammonia_toxicity,BAC_G::MBA03,Bacteria,3,0.0,0.0,True,135.5,False,False
warning_biogas_quality,BAC_G::MBA03,Bacteria,3,,,True,,False,False
warning_acid_base_balance,BAC_G::MVP-15,Bacteria,3,0.0,0.0,True,132.5,False,False
warning_buffer_capacity,BAC_G::MVP-15,Bacteria,3,0.0,0.0,True,135.5,False,False
warning_acid_accumulation,BAC_G::MVP-15,Bacteria,3,,,True,,False,False
warning_ammonia_toxicity,BAC_G::MVP-15,Bacteria,3,0.0,0.0,True,135.5,False,False
warning_biogas_quality,BAC_G::MVP-15,Bacteria,3,,,True,,False,False
warning_acid_base_balance,BAC_G::Macellibacteroides,Bacteria,3,0.0,0.0,True,132.5,False,False
warning_buffer_capacity,BAC_G::Macellibacteroides,Bacteria,3,0.0,0.0,True,135.5,False,False
warning_acid_accumulation,BAC_G::Macellibacteroides,Bacteria,3,,,True,,False,False
warning_ammonia_toxicity,BAC_G::Macellibacteroides,Bacteria,3,0.0,0.0,True,135.5,False,False
warning_biogas_quality,BAC_G::Macellibacteroides,Bacteria,3,,,True,,False,False
warning_acid_base_balance,BAC_G::Marinimicrobia_(SAR406_clade),Bacteria,3,0.0,0.0,True,132.5,False,False
warning_buffer_capacity,BAC_G::Marinimicrobia_(SAR406_clade),Bacteria,3,0.0,0.0,True,135.5,False,False
warning_acid_accumulation,BAC_G::Marinimicrobia_(SAR406_clade),Bacteria,3,,,True,,False,False
warning_ammonia_toxicity,BAC_G::Marinimicrobia_(SAR406_clade),Bacteria,3,0.0,0.0,True,135.5,False,False
warning_biogas_quality,BAC_G::Marinimicrobia_(SAR406_clade),Bacteria,3,,,True,,False,False
warning_acid_base_balance,BAC_G::Mariniphaga,Bacteria,3,0.0,0.0,False,132.5,False,False
warning_buffer_capacity,BAC_G::Mariniphaga,Bacteria,3,0.0,0.0,False,135.5,False,False
warning_acid_accumulation,BAC_G::Mariniphaga,Bacteria,3,,,False,,False,False
warning_ammonia_toxicity,BAC_G::Mariniphaga,Bacteria,3,0.0,0.0,False,135.5,False,False
warning_biogas_quality,BAC_G::Mariniphaga,Bacteria,3,,,False,,False,False
warning_acid_base_balance,BAC_G::Megasphaera,Bacteria,3,0.0,0.0,True,132.5,False,False
warning_buffer_capacity,BAC_G::Megasphaera,Bacteria,3,0.0,0.0,True,135.5,False,False
warning_acid_accumulation,BAC_G::Megasphaera,Bacteria,3,,,True,,False,False
warning_ammonia_toxicity,BAC_G::Megasphaera,Bacteria,3,0.0,0.0,True,135.5,False,False
warning_biogas_quality,BAC_G::Megasphaera,Bacteria,3,,,True,,False,False
warning_acid_base_balance,BAC_G::Mesotoga,Bacteria,3,0.0,0.0,True,132.5,False,False
warning_buffer_capacity,BAC_G::Mesotoga,Bacteria,3,0.0,0.0,True,135.5,False,False
warning_acid_accumulation,BAC_G::Mesotoga,Bacteria,3,,,True,,False,False
warning_ammonia_toxicity,BAC_G::Mesotoga,Bacteria,3,0.0,0.0,True,135.5,False,False
warning_biogas_quality,BAC_G::Mesotoga,Bacteria,3,,,True,,False,False
warning_acid_base_balance,BAC_G::Methylotenera,Bacteria,3,0.0,0.0,True,132.5,False,False
warning_buffer_capacity,BAC_G::Methylotenera,Bacteria,3,0.0,0.0,True,135.5,False,False
warning_acid_accumulation,BAC_G::Methylotenera,Bacteria,3,,,True,,False,False
warning_ammonia_toxicity,BAC_G::Methylotenera,Bacteria,3,0.0,0.0,True,135.5,False,False
warning_biogas_quality,BAC_G::Methylotenera,Bacteria,3,,,True,,False,False
warning_acid_base_balance,BAC_G::MgMjR-022,Bacteria,3,0.0,0.0,True,132.5,False,False
warning_buffer_capacity,BAC_G::MgMjR-022,Bacteria,3,0.0,0.0,True,135.5,False,False
warning_acid_accumulation,BAC_G::MgMjR-022,Bacteria,3,,,True,,False,False
warning_ammonia_toxicity,BAC_G::MgMjR-022,Bacteria,3,0.0,0.0,True,135.5,False,False
warning_biogas_quality,BAC_G::MgMjR-022,Bacteria,3,,,True,,False,False
warning_acid_base_balance,BAC_G::Myroides,Bacteria,3,0.0,0.0,True,132.5,False,False
warning_buffer_capacity,BAC_G::Myroides,Bacteria,3,0.0,0.0,True,135.5,False,False
warning_acid_accumulation,BAC_G::Myroides,Bacteria,3,,,True,,False,False
warning_ammonia_toxicity,BAC_G::Myroides,Bacteria,3,0.0,0.0,True,135.5,False,False
warning_biogas_quality,BAC_G::Myroides,Bacteria,3,,,True,,False,False
warning_acid_base_balance,BAC_G::Nitrosomonas,Bacteria,3,0.0,0.0,True,132.5,False,False
warning_buffer_capacity,BAC_G::Nitrosomonas,Bacteria,3,0.0,0.0,True,135.5,False,False
warning_acid_accumulation,BAC_G::Nitrosomonas,Bacteria,3,,,True,,False,False
warning_ammonia_toxicity,BAC_G::Nitrosomonas,Bacteria,3,0.0,0.0,True,135.5,False,False
warning_biogas_quality,BAC_G::Nitrosomonas,Bacteria,3,,,True,,False,False
warning_acid_base_balance,BAC_G::OLB12,Bacteria,3,0.0,0.0,True,132.5,False,False
warning_buffer_capacity,BAC_G::OLB12,Bacteria,3,0.0,0.0,True,135.5,False,False
warning_acid_accumulation,BAC_G::OLB12,Bacteria,3,,,True,,False,False
warning_ammonia_toxicity,BAC_G::OLB12,Bacteria,3,0.0,0.0,True,135.5,False,False
warning_biogas_quality,BAC_G::OLB12,Bacteria,3,,,True,,False,False
warning_acid_base_balance,BAC_G::OLB8,Bacteria,3,0.0,0.0,True,132.5,False,False
warning_buffer_capacity,BAC_G::OLB8,Bacteria,3,0.0,0.0,True,135.5,False,False
warning_acid_accumulation,BAC_G::OLB8,Bacteria,3,,,True,,False,False
warning_ammonia_toxicity,BAC_G::OLB8,Bacteria,3,0.0,0.0,True,135.5,False,False
warning_biogas_quality,BAC_G::OLB8,Bacteria,3,,,True,,False,False
warning_acid_base_balance,BAC_G::Olsenella,Bacteria,3,0.0,0.0,True,132.5,False,False
warning_buffer_capacity,BAC_G::Olsenella,Bacteria,3,0.0,0.0,True,135.5,False,False
warning_acid_accumulation,BAC_G::Olsenella,Bacteria,3,,,True,,False,False
warning_ammonia_toxicity,BAC_G::Olsenella,Bacteria,3,0.0,0.0,True,135.5,False,False
warning_biogas_quality,BAC_G::Olsenella,Bacteria,3,,,True,,False,False
warning_acid_base_balance,BAC_G::Oscillospira,Bacteria,3,0.0,0.0,True,132.5,False,False
warning_buffer_capacity,BAC_G::Oscillospira,Bacteria,3,0.0,0.0,True,135.5,False,False
warning_acid_accumulation,BAC_G::Oscillospira,Bacteria,3,,,True,,False,False
warning_ammonia_toxicity,BAC_G::Oscillospira,Bacteria,3,0.0,0.0,True,135.5,False,False
warning_biogas_quality,BAC_G::Oscillospira,Bacteria,3,,,True,,False,False
warning_acid_base_balance,BAC_G::PB19,Bacteria,3,0.0,0.0,True,132.5,False,False
warning_buffer_capacity,BAC_G::PB19,Bacteria,3,0.0,0.0,True,135.5,False,False
warning_acid_accumulation,BAC_G::PB19,Bacteria,3,,,True,,False,False
warning_ammonia_toxicity,BAC_G::PB19,Bacteria,3,0.0,0.0,True,135.5,False,False
warning_biogas_quality,BAC_G::PB19,Bacteria,3,,,True,,False,False
warning_acid_base_balance,BAC_G::Paludibacter,Bacteria,3,0.0,0.0,True,132.5,False,False
warning_buffer_capacity,BAC_G::Paludibacter,Bacteria,3,0.0,0.0,True,135.5,False,False
warning_acid_accumulation,BAC_G::Paludibacter,Bacteria,3,,,True,,False,False
warning_ammonia_toxicity,BAC_G::Paludibacter,Bacteria,3,0.0,0.0,True,135.5,False,False
warning_biogas_quality,BAC_G::Paludibacter,Bacteria,3,,,True,,False,False
warning_acid_base_balance,BAC_G::Pantoea,Bacteria,3,0.0,0.0,True,132.5,False,False
warning_buffer_capacity,BAC_G::Pantoea,Bacteria,3,0.0,0.0,True,135.5,False,False
warning_acid_accumulation,BAC_G::Pantoea,Bacteria,3,,,True,,False,False
warning_ammonia_toxicity,BAC_G::Pantoea,Bacteria,3,0.0,0.0,True,135.5,False,False
warning_biogas_quality,BAC_G::Pantoea,Bacteria,3,,,True,,False,False
warning_acid_base_balance,BAC_G::Paracoccus,Bacteria,3,0.0,0.0,True,132.5,False,False
warning_buffer_capacity,BAC_G::Paracoccus,Bacteria,3,0.0,0.0,True,135.5,False,False
warning_acid_accumulation,BAC_G::Paracoccus,Bacteria,3,,,True,,False,False
warning_ammonia_toxicity,BAC_G::Paracoccus,Bacteria,3,0.0,0.0,True,135.5,False,False
warning_biogas_quality,BAC_G::Paracoccus,Bacteria,3,,,True,,False,False
warning_acid_base_balance,BAC_G::Pedosphaeraceae,Bacteria,3,0.0,0.0,True,132.5,False,False
warning_buffer_capacity,BAC_G::Pedosphaeraceae,Bacteria,3,0.0,0.0,True,135.5,False,False
warning_acid_accumulation,BAC_G::Pedosphaeraceae,Bacteria,3,,,True,,False,False
warning_ammonia_toxicity,BAC_G::Pedosphaeraceae,Bacteria,3,0.0,0.0,True,135.5,False,False
warning_biogas_quality,BAC_G::Pedosphaeraceae,Bacteria,3,,,True,,False,False
warning_acid_base_balance,BAC_G::Pelotomaculum,Bacteria,3,0.0,0.0,True,132.5,False,False
warning_buffer_capacity,BAC_G::Pelotomaculum,Bacteria,3,0.0,0.0,True,135.5,False,False
warning_acid_accumulation,BAC_G::Pelotomaculum,Bacteria,3,,,True,,False,False
warning_ammonia_toxicity,BAC_G::Pelotomaculum,Bacteria,3,0.0,0.0,True,135.5,False,False
warning_biogas_quality,BAC_G::Pelotomaculum,Bacteria,3,,,True,,False,False
warning_acid_base_balance,BAC_G::Petrimonas,Bacteria,3,0.0,0.0,True,132.5,False,False
warning_buffer_capacity,BAC_G::Petrimonas,Bacteria,3,0.0,0.0,True,135.5,False,False
warning_acid_accumulation,BAC_G::Petrimonas,Bacteria,3,,,True,,False,False
warning_ammonia_toxicity,BAC_G::Petrimonas,Bacteria,3,0.0,0.0,True,135.5,False,False
warning_biogas_quality,BAC_G::Petrimonas,Bacteria,3,,,True,,False,False
warning_acid_base_balance,BAC_G::Prevotella,Bacteria,3,0.0,0.0,True,132.5,False,False
warning_buffer_capacity,BAC_G::Prevotella,Bacteria,3,0.0,0.0,True,135.5,False,False
warning_acid_accumulation,BAC_G::Prevotella,Bacteria,3,,,True,,False,False
warning_ammonia_toxicity,BAC_G::Prevotella,Bacteria,3,0.0,0.0,True,135.5,False,False
warning_biogas_quality,BAC_G::Prevotella,Bacteria,3,,,True,,False,False
warning_acid_base_balance,BAC_G::Proteiniphilum,Bacteria,3,0.0,0.0,True,132.5,False,False
warning_buffer_capacity,BAC_G::Proteiniphilum,Bacteria,3,-0.016703296703296705,0.010236009344912866,True,276.0,False,False
warning_acid_accumulation,BAC_G::Proteiniphilum,Bacteria,3,,,True,,False,False
warning_ammonia_toxicity,BAC_G::Proteiniphilum,Bacteria,3,0.0,0.0,True,135.5,False,False
warning_biogas_quality,BAC_G::Proteiniphilum,Bacteria,3,,,True,,False,False
warning_acid_base_balance,BAC_G::Proteocatella,Bacteria,3,0.0,0.0,True,132.5,False,False
warning_buffer_capacity,BAC_G::Proteocatella,Bacteria,3,0.0,0.0,True,135.5,False,False
warning_acid_accumulation,BAC_G::Proteocatella,Bacteria,3,,,True,,False,False
warning_ammonia_toxicity,BAC_G::Proteocatella,Bacteria,3,0.0,0.0,True,135.5,False,False
warning_biogas_quality,BAC_G::Proteocatella,Bacteria,3,,,True,,False,False
warning_acid_base_balance,BAC_G::Pseudomonas,Bacteria,3,0.0,0.0,True,132.5,False,False
warning_buffer_capacity,BAC_G::Pseudomonas,Bacteria,3,0.0,0.0,True,135.5,False,False
warning_acid_accumulation,BAC_G::Pseudomonas,Bacteria,3,,,True,,False,False
warning_ammonia_toxicity,BAC_G::Pseudomonas,Bacteria,3,0.0,0.0,True,135.5,False,False
warning_biogas_quality,BAC_G::Pseudomonas,Bacteria,3,,,True,,False,False
warning_acid_base_balance,BAC_G::Pseudoramibacter,Bacteria,3,0.0,0.0,True,132.5,False,False
warning_buffer_capacity,BAC_G::Pseudoramibacter,Bacteria,3,0.0,0.0,True,135.5,False,False
warning_acid_accumulation,BAC_G::Pseudoramibacter,Bacteria,3,,,True,,False,False
warning_ammonia_toxicity,BAC_G::Pseudoramibacter,Bacteria,3,0.0,0.0,True,135.5,False,False
warning_biogas_quality,BAC_G::Pseudoramibacter,Bacteria,3,,,True,,False,False
warning_acid_base_balance,BAC_G::RBG-16-49-21,Bacteria,3,0.0,0.0,True,132.5,False,False
warning_buffer_capacity,BAC_G::RBG-16-49-21,Bacteria,3,0.0,0.0,True,135.5,False,False
warning_acid_accumulation,BAC_G::RBG-16-49-21,Bacteria,3,,,True,,False,False
warning_ammonia_toxicity,BAC_G::RBG-16-49-21,Bacteria,3,0.0,0.0,True,135.5,False,False
warning_biogas_quality,BAC_G::RBG-16-49-21,Bacteria,3,,,True,,False,False
warning_acid_base_balance,BAC_G::Raoultibacter,Bacteria,3,0.0,0.0,True,132.5,False,False
warning_buffer_capacity,BAC_G::Raoultibacter,Bacteria,3,0.0,0.0,True,135.5,False,False
warning_acid_accumulation,BAC_G::Raoultibacter,Bacteria,3,,,True,,False,False
warning_ammonia_toxicity,BAC_G::Raoultibacter,Bacteria,3,0.0,0.0,True,135.5,False,False
warning_biogas_quality,BAC_G::Raoultibacter,Bacteria,3,,,True,,False,False
warning_acid_base_balance,BAC_G::Rhodobacter,Bacteria,3,0.0,0.0,True,132.5,False,False
warning_buffer_capacity,BAC_G::Rhodobacter,Bacteria,3,0.0,0.0,True,135.5,False,False
warning_acid_accumulation,BAC_G::Rhodobacter,Bacteria,3,,,True,,False,False
warning_ammonia_toxicity,BAC_G::Rhodobacter,Bacteria,3,0.0,0.0,True,135.5,False,False
warning_biogas_quality,BAC_G::Rhodobacter,Bacteria,3,,,True,,False,False
warning_acid_base_balance,BAC_G::Ruminiclostridium,Bacteria,3,0.0,0.0,True,132.5,False,False
warning_buffer_capacity,BAC_G::Ruminiclostridium,Bacteria,3,0.0,0.0,True,135.5,False,False
warning_acid_accumulation,BAC_G::Ruminiclostridium,Bacteria,3,,,True,,False,False
warning_ammonia_toxicity,BAC_G::Ruminiclostridium,Bacteria,3,0.0,0.0,True,135.5,False,False
warning_biogas_quality,BAC_G::Ruminiclostridium,Bacteria,3,,,True,,False,False
warning_acid_base_balance,BAC_G::Ruminococcus,Bacteria,3,0.0,0.0,True,132.5,False,False
warning_buffer_capacity,BAC_G::Ruminococcus,Bacteria,3,0.0,0.0,True,135.5,False,False
warning_acid_accumulation,BAC_G::Ruminococcus,Bacteria,3,,,True,,False,False
warning_ammonia_toxicity,BAC_G::Ruminococcus,Bacteria,3,0.0,0.0,True,135.5,False,False
warning_biogas_quality,BAC_G::Ruminococcus,Bacteria,3,,,True,,False,False
warning_acid_base_balance,BAC_G::SBR1031,Bacteria,3,0.0,0.0,True,132.5,False,False
warning_buffer_capacity,BAC_G::SBR1031,Bacteria,3,0.0,0.0,True,135.5,False,False
warning_acid_accumulation,BAC_G::SBR1031,Bacteria,3,,,True,,False,False
warning_ammonia_toxicity,BAC_G::SBR1031,Bacteria,3,0.0,0.0,True,135.5,False,False
warning_biogas_quality,BAC_G::SBR1031,Bacteria,3,,,True,,False,False
warning_acid_base_balance,BAC_G::SC-I-84,Bacteria,3,0.0,0.0,True,132.5,False,False
warning_buffer_capacity,BAC_G::SC-I-84,Bacteria,3,0.0,0.0,True,135.5,False,False
warning_acid_accumulation,BAC_G::SC-I-84,Bacteria,3,,,True,,False,False
warning_ammonia_toxicity,BAC_G::SC-I-84,Bacteria,3,0.0,0.0,True,135.5,False,False
warning_biogas_quality,BAC_G::SC-I-84,Bacteria,3,,,True,,False,False
warning_acid_base_balance,BAC_G::SC103,Bacteria,3,0.0,0.0,True,132.5,False,False
warning_buffer_capacity,BAC_G::SC103,Bacteria,3,0.0,0.0,True,135.5,False,False
warning_acid_accumulation,BAC_G::SC103,Bacteria,3,,,True,,False,False
warning_ammonia_toxicity,BAC_G::SC103,Bacteria,3,0.0,0.0,True,135.5,False,False
warning_biogas_quality,BAC_G::SC103,Bacteria,3,,,True,,False,False
warning_acid_base_balance,BAC_G::SJA-15,Bacteria,3,0.0,0.0,True,132.5,False,False
warning_buffer_capacity,BAC_G::SJA-15,Bacteria,3,0.0,0.0,True,135.5,False,False
warning_acid_accumulation,BAC_G::SJA-15,Bacteria,3,,,True,,False,False
warning_ammonia_toxicity,BAC_G::SJA-15,Bacteria,3,0.0,0.0,True,135.5,False,False
warning_biogas_quality,BAC_G::SJA-15,Bacteria,3,,,True,,False,False
warning_acid_base_balance,BAC_G::SJA-28,Bacteria,3,0.0,0.0,True,132.5,False,False
warning_buffer_capacity,BAC_G::SJA-28,Bacteria,3,0.0,0.0,True,135.5,False,False
warning_acid_accumulation,BAC_G::SJA-28,Bacteria,3,,,True,,False,False
warning_ammonia_toxicity,BAC_G::SJA-28,Bacteria,3,0.0,0.0,True,135.5,False,False
warning_biogas_quality,BAC_G::SJA-28,Bacteria,3,,,True,,False,False
warning_acid_base_balance,BAC_G::ST-12K33,Bacteria,3,0.0,0.0,True,132.5,False,False
warning_buffer_capacity,BAC_G::ST-12K33,Bacteria,3,0.0,0.0,True,135.5,False,False
warning_acid_accumulation,BAC_G::ST-12K33,Bacteria,3,,,True,,False,False
warning_ammonia_toxicity,BAC_G::ST-12K33,Bacteria,3,0.0,0.0,True,135.5,False,False
warning_biogas_quality,BAC_G::ST-12K33,Bacteria,3,,,True,,False,False
warning_acid_base_balance,BAC_G::Saccharofermentans,Bacteria,3,0.0,0.0,True,132.5,False,False
warning_buffer_capacity,BAC_G::Saccharofermentans,Bacteria,3,0.0,0.0,True,135.5,False,False
warning_acid_accumulation,BAC_G::Saccharofermentans,Bacteria,3,,,True,,False,False
warning_ammonia_toxicity,BAC_G::Saccharofermentans,Bacteria,3,0.0,0.0,True,135.5,False,False
warning_biogas_quality,BAC_G::Saccharofermentans,Bacteria,3,,,True,,False,False
warning_acid_base_balance,BAC_G::Sedimentibacter,Bacteria,3,-0.006249999999999992,0.011106541457982967,True,264.0,False,False
warning_buffer_capacity,BAC_G::Sedimentibacter,Bacteria,3,-0.0024561403508771952,0.001992773620691373,True,269.5,False,False
warning_acid_accumulation,BAC_G::Sedimentibacter,Bacteria,3,,,True,,False,False
warning_ammonia_toxicity,BAC_G::Sedimentibacter,Bacteria,3,0.0,0.0,True,135.5,False,False
warning_biogas_quality,BAC_G::Sedimentibacter,Bacteria,3,,,True,,False,False
warning_acid_base_balance,BAC_G::Shuttleworthia,Bacteria,3,0.0,0.0,True,132.5,False,False
warning_buffer_capacity,BAC_G::Shuttleworthia,Bacteria,3,0.0,0.0,True,135.5,False,False
warning_acid_accumulation,BAC_G::Shuttleworthia,Bacteria,3,,,True,,False,False
warning_ammonia_toxicity,BAC_G::Shuttleworthia,Bacteria,3,0.0,0.0,True,135.5,False,False
warning_biogas_quality,BAC_G::Shuttleworthia,Bacteria,3,,,True,,False,False
warning_acid_base_balance,BAC_G::Simplicispira,Bacteria,3,0.0,0.0,True,132.5,False,False
warning_buffer_capacity,BAC_G::Simplicispira,Bacteria,3,0.0,0.0,True,135.5,False,False
warning_acid_accumulation,BAC_G::Simplicispira,Bacteria,3,,,True,,False,False
warning_ammonia_toxicity,BAC_G::Simplicispira,Bacteria,3,0.0,0.0,True,135.5,False,False
warning_biogas_quality,BAC_G::Simplicispira,Bacteria,3,,,True,,False,False
warning_acid_base_balance,BAC_G::Smithella,Bacteria,3,0.0,0.0,True,132.5,False,False
warning_buffer_capacity,BAC_G::Smithella,Bacteria,3,0.0,0.0,True,135.5,False,False
warning_acid_accumulation,BAC_G::Smithella,Bacteria,3,,,True,,False,False
warning_ammonia_toxicity,BAC_G::Smithella,Bacteria,3,0.0,0.0,True,135.5,False,False
warning_biogas_quality,BAC_G::Smithella,Bacteria,3,,,True,,False,False
warning_acid_base_balance,BAC_G::Sphaerochaeta,Bacteria,3,0.0,0.0,True,132.5,False,False
warning_buffer_capacity,BAC_G::Sphaerochaeta,Bacteria,3,-0.00024891774891774995,0.001037524163997549,True,264.0,False,False
warning_acid_accumulation,BAC_G::Sphaerochaeta,Bacteria,3,,,True,,False,False
warning_ammonia_toxicity,BAC_G::Sphaerochaeta,Bacteria,3,0.0,0.0,True,135.5,False,False
warning_biogas_quality,BAC_G::Sphaerochaeta,Bacteria,3,,,True,,False,False
warning_acid_base_balance,BAC_G::Stenotrophomonas,Bacteria,3,0.0,0.0,True,132.5,False,False
warning_buffer_capacity,BAC_G::Stenotrophomonas,Bacteria,3,0.0,0.0,True,135.5,False,False
warning_acid_accumulation,BAC_G::Stenotrophomonas,Bacteria,3,,,True,,False,False
warning_ammonia_toxicity,BAC_G::Stenotrophomonas,Bacteria,3,0.0,0.0,True,135.5,False,False
warning_biogas_quality,BAC_G::Stenotrophomonas,Bacteria,3,,,True,,False,False
warning_acid_base_balance,BAC_G::Sterolibacterium,Bacteria,3,0.0,0.0,True,132.5,False,False
warning_buffer_capacity,BAC_G::Sterolibacterium,Bacteria,3,0.0,0.0,True,135.5,False,False
warning_acid_accumulation,BAC_G::Sterolibacterium,Bacteria,3,,,True,,False,False
warning_ammonia_toxicity,BAC_G::Sterolibacterium,Bacteria,3,0.0,0.0,True,135.5,False,False
warning_biogas_quality,BAC_G::Sterolibacterium,Bacteria,3,,,True,,False,False
warning_acid_base_balance,BAC_G::Streptococcus,Bacteria,3,0.0,0.0,True,132.5,False,False
warning_buffer_capacity,BAC_G::Streptococcus,Bacteria,3,0.0,0.0,True,135.5,False,False
warning_acid_accumulation,BAC_G::Streptococcus,Bacteria,3,,,True,,False,False
warning_ammonia_toxicity,BAC_G::Streptococcus,Bacteria,3,0.0,0.0,True,135.5,False,False
warning_biogas_quality,BAC_G::Streptococcus,Bacteria,3,,,True,,False,False
warning_acid_base_balance,BAC_G::Sutterella,Bacteria,3,0.0,0.0,True,132.5,False,False
warning_buffer_capacity,BAC_G::Sutterella,Bacteria,3,0.0,0.0,True,135.5,False,False
warning_acid_accumulation,BAC_G::Sutterella,Bacteria,3,,,True,,False,False
warning_ammonia_toxicity,BAC_G::Sutterella,Bacteria,3,0.0,0.0,True,135.5,False,False
warning_biogas_quality,BAC_G::Sutterella,Bacteria,3,,,True,,False,False
warning_acid_base_balance,BAC_G::Syner-01,Bacteria,3,0.0,0.0,True,132.5,False,False
warning_buffer_capacity,BAC_G::Syner-01,Bacteria,3,0.0,0.0,True,135.5,False,False
warning_acid_accumulation,BAC_G::Syner-01,Bacteria,3,,,True,,False,False
warning_ammonia_toxicity,BAC_G::Syner-01,Bacteria,3,0.0,0.0,True,135.5,False,False
warning_biogas_quality,BAC_G::Syner-01,Bacteria,3,,,True,,False,False
warning_acid_base_balance,BAC_G::Syntrophaceticus,Bacteria,3,0.0,0.0,True,132.5,False,False
warning_buffer_capacity,BAC_G::Syntrophaceticus,Bacteria,3,0.0,0.0,True,135.5,False,False
warning_acid_accumulation,BAC_G::Syntrophaceticus,Bacteria,3,,,True,,False,False
warning_ammonia_toxicity,BAC_G::Syntrophaceticus,Bacteria,3,0.0,0.0,True,135.5,False,False
warning_biogas_quality,BAC_G::Syntrophaceticus,Bacteria,3,,,True,,False,False
warning_acid_base_balance,BAC_G::Syntrophobacter,Bacteria,3,0.0,0.0,False,132.5,False,False
warning_buffer_capacity,BAC_G::Syntrophobacter,Bacteria,3,0.0,0.0,False,135.5,False,False
warning_acid_accumulation,BAC_G::Syntrophobacter,Bacteria,3,,,False,,False,False
warning_ammonia_toxicity,BAC_G::Syntrophobacter,Bacteria,3,0.0,0.0,False,135.5,False,False
warning_biogas_quality,BAC_G::Syntrophobacter,Bacteria,3,,,False,,False,False
warning_acid_base_balance,BAC_G::Syntrophococcus,Bacteria,3,0.0,0.0,True,132.5,False,False
warning_buffer_capacity,BAC_G::Syntrophococcus,Bacteria,3,0.0,0.0,True,135.5,False,False
warning_acid_accumulation,BAC_G::Syntrophococcus,Bacteria,3,,,True,,False,False
warning_ammonia_toxicity,BAC_G::Syntrophococcus,Bacteria,3,0.0,0.0,True,135.5,False,False
warning_biogas_quality,BAC_G::Syntrophococcus,Bacteria,3,,,True,,False,False
warning_acid_base_balance,BAC_G::Syntrophomonas,Bacteria,3,0.0,0.0,True,132.5,False,False
warning_buffer_capacity,BAC_G::Syntrophomonas,Bacteria,3,0.0006784005468215969,0.002327593791181825,True,7.0,True,True
warning_acid_accumulation,BAC_G::Syntrophomonas,Bacteria,3,,,True,,False,False
warning_ammonia_toxicity,BAC_G::Syntrophomonas,Bacteria,3,0.0,0.0,True,135.5,False,False
warning_biogas_quality,BAC_G::Syntrophomonas,Bacteria,3,,,True,,False,False
warning_acid_base_balance,BAC_G::Syntrophorhabdus,Bacteria,3,0.0,0.0,True,132.5,False,False
warning_buffer_capacity,BAC_G::Syntrophorhabdus,Bacteria,3,0.0,0.0,True,135.5,False,False
warning_acid_accumulation,BAC_G::Syntrophorhabdus,Bacteria,3,,,True,,False,False
warning_ammonia_toxicity,BAC_G::Syntrophorhabdus,Bacteria,3,0.0,0.0,True,135.5,False,False
warning_biogas_quality,BAC_G::Syntrophorhabdus,Bacteria,3,,,True,,False,False
warning_acid_base_balance,BAC_G::Syntrophus,Bacteria,3,0.0,0.0,True,132.5,False,False
warning_buffer_capacity,BAC_G::Syntrophus,Bacteria,3,0.0,0.0,True,135.5,False,False
warning_acid_accumulation,BAC_G::Syntrophus,Bacteria,3,,,True,,False,False
warning_ammonia_toxicity,BAC_G::Syntrophus,Bacteria,3,0.0,0.0,True,135.5,False,False
warning_biogas_quality,BAC_G::Syntrophus,Bacteria,3,,,True,,False,False
warning_acid_base_balance,BAC_G::TTA-B1,Bacteria,3,0.0,0.0,True,132.5,False,False
warning_buffer_capacity,BAC_G::TTA-B1,Bacteria,3,0.0,0.0,True,135.5,False,False
warning_acid_accumulation,BAC_G::TTA-B1,Bacteria,3,,,True,,False,False
warning_ammonia_toxicity,BAC_G::TTA-B1,Bacteria,3,0.0,0.0,True,135.5,False,False
warning_biogas_quality,BAC_G::TTA-B1,Bacteria,3,,,True,,False,False
warning_acid_base_balance,BAC_G::Tepidimicrobium,Bacteria,3,0.0,0.0,True,132.5,False,False
warning_buffer_capacity,BAC_G::Tepidimicrobium,Bacteria,3,0.0,0.0,True,135.5,False,False
warning_acid_accumulation,BAC_G::Tepidimicrobium,Bacteria,3,,,True,,False,False
warning_ammonia_toxicity,BAC_G::Tepidimicrobium,Bacteria,3,0.0,0.0,True,135.5,False,False
warning_biogas_quality,BAC_G::Tepidimicrobium,Bacteria,3,,,True,,False,False
warning_acid_base_balance,BAC_G::Terrimonas,Bacteria,3,0.0,0.0,True,132.5,False,False
warning_buffer_capacity,BAC_G::Terrimonas,Bacteria,3,0.0,0.0,True,135.5,False,False
warning_acid_accumulation,BAC_G::Terrimonas,Bacteria,3,,,True,,False,False
warning_ammonia_toxicity,BAC_G::Terrimonas,Bacteria,3,0.0,0.0,True,135.5,False,False
warning_biogas_quality,BAC_G::Terrimonas,Bacteria,3,,,True,,False,False
warning_acid_base_balance,BAC_G::Tetrasphaera,Bacteria,3,0.0,0.0,True,132.5,False,False
warning_buffer_capacity,BAC_G::Tetrasphaera,Bacteria,3,0.0,0.0,True,135.5,False,False
warning_acid_accumulation,BAC_G::Tetrasphaera,Bacteria,3,,,True,,False,False
warning_ammonia_toxicity,BAC_G::Tetrasphaera,Bacteria,3,0.0,0.0,True,135.5,False,False
warning_biogas_quality,BAC_G::Tetrasphaera,Bacteria,3,,,True,,False,False
warning_acid_base_balance,BAC_G::Thauera,Bacteria,3,0.0,0.0,True,132.5,False,False
warning_buffer_capacity,BAC_G::Thauera,Bacteria,3,0.0,0.0,True,135.5,False,False
warning_acid_accumulation,BAC_G::Thauera,Bacteria,3,,,True,,False,False
warning_ammonia_toxicity,BAC_G::Thauera,Bacteria,3,0.0,0.0,True,135.5,False,False
warning_biogas_quality,BAC_G::Thauera,Bacteria,3,,,True,,False,False
warning_acid_base_balance,BAC_G::Thermoanaerobaculum,Bacteria,3,0.0,0.0,True,132.5,False,False
warning_buffer_capacity,BAC_G::Thermoanaerobaculum,Bacteria,3,0.0,0.0,True,135.5,False,False
warning_acid_accumulation,BAC_G::Thermoanaerobaculum,Bacteria,3,,,True,,False,False
warning_ammonia_toxicity,BAC_G::Thermoanaerobaculum,Bacteria,3,0.0,0.0,True,135.5,False,False
warning_biogas_quality,BAC_G::Thermoanaerobaculum,Bacteria,3,,,True,,False,False
warning_acid_base_balance,BAC_G::Thermomonas,Bacteria,3,0.0,0.0,True,132.5,False,False
warning_buffer_capacity,BAC_G::Thermomonas,Bacteria,3,0.0,0.0,True,135.5,False,False
warning_acid_accumulation,BAC_G::Thermomonas,Bacteria,3,,,True,,False,False
warning_ammonia_toxicity,BAC_G::Thermomonas,Bacteria,3,0.0,0.0,True,135.5,False,False
warning_biogas_quality,BAC_G::Thermomonas,Bacteria,3,,,True,,False,False
warning_acid_base_balance,BAC_G::Thermovirga,Bacteria,3,0.0,0.0,True,132.5,False,False
warning_buffer_capacity,BAC_G::Thermovirga,Bacteria,3,0.0,0.0,True,135.5,False,False
warning_acid_accumulation,BAC_G::Thermovirga,Bacteria,3,,,True,,False,False
warning_ammonia_toxicity,BAC_G::Thermovirga,Bacteria,3,0.0,0.0,True,135.5,False,False
warning_biogas_quality,BAC_G::Thermovirga,Bacteria,3,,,True,,False,False
warning_acid_base_balance,BAC_G::Thermus,Bacteria,3,0.0,0.0,True,132.5,False,False
warning_buffer_capacity,BAC_G::Thermus,Bacteria,3,0.0,0.0,True,135.5,False,False
warning_acid_accumulation,BAC_G::Thermus,Bacteria,3,,,True,,False,False
warning_ammonia_toxicity,BAC_G::Thermus,Bacteria,3,0.0,0.0,True,135.5,False,False
warning_biogas_quality,BAC_G::Thermus,Bacteria,3,,,True,,False,False
warning_acid_base_balance,BAC_G::Tissierella,Bacteria,3,0.0,0.0,True,132.5,False,False
warning_buffer_capacity,BAC_G::Tissierella,Bacteria,3,0.0,0.0,True,135.5,False,False
warning_acid_accumulation,BAC_G::Tissierella,Bacteria,3,,,True,,False,False
warning_ammonia_toxicity,BAC_G::Tissierella,Bacteria,3,0.0,0.0,True,135.5,False,False
warning_biogas_quality,BAC_G::Tissierella,Bacteria,3,,,True,,False,False
warning_acid_base_balance,BAC_G::Treponema,Bacteria,3,0.0,0.0,True,132.5,False,False
warning_buffer_capacity,BAC_G::Treponema,Bacteria,3,0.0,0.0,True,135.5,False,False
warning_acid_accumulation,BAC_G::Treponema,Bacteria,3,,,True,,False,False
warning_ammonia_toxicity,BAC_G::Treponema,Bacteria,3,0.0,0.0,True,135.5,False,False
warning_biogas_quality,BAC_G::Treponema,Bacteria,3,,,True,,False,False
warning_acid_base_balance,BAC_G::Truepera,Bacteria,3,0.0,0.0,True,132.5,False,False
warning_buffer_capacity,BAC_G::Truepera,Bacteria,3,0.0,0.0,True,135.5,False,False
warning_acid_accumulation,BAC_G::Truepera,Bacteria,3,,,True,,False,False
warning_ammonia_toxicity,BAC_G::Truepera,Bacteria,3,0.0,0.0,True,135.5,False,False
warning_biogas_quality,BAC_G::Truepera,Bacteria,3,,,True,,False,False
warning_acid_base_balance,BAC_G::UCG-010,Bacteria,3,0.0,0.0,True,132.5,False,False
warning_buffer_capacity,BAC_G::UCG-010,Bacteria,3,0.0,0.0,True,135.5,False,False
warning_acid_accumulation,BAC_G::UCG-010,Bacteria,3,,,True,,False,False
warning_ammonia_toxicity,BAC_G::UCG-010,Bacteria,3,0.0,0.0,True,135.5,False,False
warning_biogas_quality,BAC_G::UCG-010,Bacteria,3,,,True,,False,False
warning_acid_base_balance,BAC_G::W27,Bacteria,3,0.0,0.0,True,132.5,False,False
warning_buffer_capacity,BAC_G::W27,Bacteria,3,0.0,0.0,True,135.5,False,False
warning_acid_accumulation,BAC_G::W27,Bacteria,3,,,True,,False,False
warning_ammonia_toxicity,BAC_G::W27,Bacteria,3,0.0,0.0,True,135.5,False,False
warning_biogas_quality,BAC_G::W27,Bacteria,3,,,True,,False,False
warning_acid_base_balance,BAC_G::W5,Bacteria,3,0.0,0.0,True,132.5,False,False
warning_buffer_capacity,BAC_G::W5,Bacteria,3,0.0,0.0,True,135.5,False,False
warning_acid_accumulation,BAC_G::W5,Bacteria,3,,,True,,False,False
warning_ammonia_toxicity,BAC_G::W5,Bacteria,3,0.0,0.0,True,135.5,False,False
warning_biogas_quality,BAC_G::W5,Bacteria,3,,,True,,False,False
warning_acid_base_balance,BAC_G::W5053,Bacteria,3,0.0,0.0,True,132.5,False,False
warning_buffer_capacity,BAC_G::W5053,Bacteria,3,0.0,0.0,True,135.5,False,False
warning_acid_accumulation,BAC_G::W5053,Bacteria,3,,,True,,False,False
warning_ammonia_toxicity,BAC_G::W5053,Bacteria,3,0.0,0.0,True,135.5,False,False
warning_biogas_quality,BAC_G::W5053,Bacteria,3,,,True,,False,False
warning_acid_base_balance,BAC_G::WCHB1-02,Bacteria,3,0.0,0.0,True,132.5,False,False
warning_buffer_capacity,BAC_G::WCHB1-02,Bacteria,3,0.0,0.0,True,135.5,False,False
warning_acid_accumulation,BAC_G::WCHB1-02,Bacteria,3,,,True,,False,False
warning_ammonia_toxicity,BAC_G::WCHB1-02,Bacteria,3,0.0,0.0,True,135.5,False,False
warning_biogas_quality,BAC_G::WCHB1-02,Bacteria,3,,,True,,False,False
warning_acid_base_balance,BAC_G::WCHB1-41,Bacteria,3,0.0,0.0,True,132.5,False,False
warning_buffer_capacity,BAC_G::WCHB1-41,Bacteria,3,0.0,0.0,True,135.5,False,False
warning_acid_accumulation,BAC_G::WCHB1-41,Bacteria,3,,,True,,False,False
warning_ammonia_toxicity,BAC_G::WCHB1-41,Bacteria,3,0.0,0.0,True,135.5,False,False
warning_biogas_quality,BAC_G::WCHB1-41,Bacteria,3,,,True,,False,False
warning_acid_base_balance,BAC_G::WCHB1-81,Bacteria,3,0.0,0.0,True,132.5,False,False
warning_buffer_capacity,BAC_G::WCHB1-81,Bacteria,3,0.0,0.0,True,135.5,False,False
warning_acid_accumulation,BAC_G::WCHB1-81,Bacteria,3,,,True,,False,False
warning_ammonia_toxicity,BAC_G::WCHB1-81,Bacteria,3,0.0,0.0,True,135.5,False,False
warning_biogas_quality,BAC_G::WCHB1-81,Bacteria,3,,,True,,False,False
warning_acid_base_balance,BAC_G::Zoogloea,Bacteria,3,0.0,0.0,True,132.5,False,False
warning_buffer_capacity,BAC_G::Zoogloea,Bacteria,3,0.0,0.0,True,135.5,False,False
warning_acid_accumulation,BAC_G::Zoogloea,Bacteria,3,,,True,,False,False
warning_ammonia_toxicity,BAC_G::Zoogloea,Bacteria,3,0.0,0.0,True,135.5,False,False
warning_biogas_quality,BAC_G::Zoogloea,Bacteria,3,,,True,,False,False
warning_acid_base_balance,BAC_G::p-251-o5,Bacteria,3,0.0,0.0,True,132.5,False,False
warning_buffer_capacity,BAC_G::p-251-o5,Bacteria,3,0.0,0.0,True,135.5,False,False
warning_acid_accumulation,BAC_G::p-251-o5,Bacteria,3,,,True,,False,False
warning_ammonia_toxicity,BAC_G::p-251-o5,Bacteria,3,0.0,0.0,True,135.5,False,False
warning_biogas_quality,BAC_G::p-251-o5,Bacteria,3,,,True,,False,False
warning_acid_base_balance,BAC_G::unidentified,Bacteria,3,0.0,0.0,True,132.5,False,False
warning_buffer_capacity,BAC_G::unidentified,Bacteria,3,0.0,0.0,True,135.5,False,False
warning_acid_accumulation,BAC_G::unidentified,Bacteria,3,,,True,,False,False
warning_ammonia_toxicity,BAC_G::unidentified,Bacteria,3,0.0,0.0,True,135.5,False,False
warning_biogas_quality,BAC_G::unidentified,Bacteria,3,,,True,,False,False
warning_acid_base_balance,ARC_P::Aenigmarchaeota,Archaea,3,0.0,0.0,True,132.5,False,False
warning_buffer_capacity,ARC_P::Aenigmarchaeota,Archaea,3,0.0,0.0,True,135.5,False,False
warning_acid_accumulation,ARC_P::Aenigmarchaeota,Archaea,3,,,True,,False,False
warning_ammonia_toxicity,ARC_P::Aenigmarchaeota,Archaea,3,0.0,0.0,True,135.5,False,False
warning_biogas_quality,ARC_P::Aenigmarchaeota,Archaea,3,,,True,,False,False
warning_acid_base_balance,ARC_P::Asgardarchaeota,Archaea,3,0.0,0.0,True,132.5,False,False
warning_buffer_capacity,ARC_P::Asgardarchaeota,Archaea,3,0.0,0.0,True,135.5,False,False
warning_acid_accumulation,ARC_P::Asgardarchaeota,Archaea,3,,,True,,False,False
warning_ammonia_toxicity,ARC_P::Asgardarchaeota,Archaea,3,0.0,0.0,True,135.5,False,False
warning_biogas_quality,ARC_P::Asgardarchaeota,Archaea,3,,,True,,False,False
warning_acid_base_balance,ARC_P::Crenarchaeota,Archaea,3,0.0,0.0,True,132.5,False,False
warning_buffer_capacity,ARC_P::Crenarchaeota,Archaea,3,0.0,0.0,True,135.5,False,False
warning_acid_accumulation,ARC_P::Crenarchaeota,Archaea,3,,,True,,False,False
warning_ammonia_toxicity,ARC_P::Crenarchaeota,Archaea,3,0.0,0.0,True,135.5,False,False
warning_biogas_quality,ARC_P::Crenarchaeota,Archaea,3,,,True,,False,False
warning_acid_base_balance,ARC_P::Cryptomycota,Archaea,3,0.0,0.0,True,132.5,False,False
warning_buffer_capacity,ARC_P::Cryptomycota,Archaea,3,0.0,0.0,True,135.5,False,False
warning_acid_accumulation,ARC_P::Cryptomycota,Archaea,3,,,True,,False,False
warning_ammonia_toxicity,ARC_P::Cryptomycota,Archaea,3,0.0,0.0,True,135.5,False,False
warning_biogas_quality,ARC_P::Cryptomycota,Archaea,3,,,True,,False,False
warning_acid_base_balance,ARC_P::Euryarchaeota,Archaea,3,-0.026249999999999975,0.020101169556616835,True,267.0,False,False
warning_buffer_capacity,ARC_P::Euryarchaeota,Archaea,3,0.0,0.0,True,135.5,False,False
warning_acid_accumulation,ARC_P::Euryarchaeota,Archaea,3,,,True,,False,False
warning_ammonia_toxicity,ARC_P::Euryarchaeota,Archaea,3,0.0,0.0,True,135.5,False,False
warning_biogas_quality,ARC_P::Euryarchaeota,Archaea,3,,,True,,False,False
warning_acid_base_balance,ARC_P::Hadarchaeota,Archaea,3,0.0,0.0,True,132.5,False,False
warning_buffer_capacity,ARC_P::Hadarchaeota,Archaea,3,0.0,0.0,True,135.5,False,False
warning_acid_accumulation,ARC_P::Hadarchaeota,Archaea,3,,,True,,False,False
warning_ammonia_toxicity,ARC_P::Hadarchaeota,Archaea,3,0.0,0.0,True,135.5,False,False
warning_biogas_quality,ARC_P::Hadarchaeota,Archaea,3,,,True,,False,False
warning_acid_base_balance,ARC_P::Halobacterota,Archaea,3,0.0,0.0,True,132.5,False,False
warning_buffer_capacity,ARC_P::Halobacterota,Archaea,3,0.0,0.0,True,135.5,False,False
warning_acid_accumulation,ARC_P::Halobacterota,Archaea,3,,,True,,False,False
warning_ammonia_toxicity,ARC_P::Halobacterota,Archaea,3,0.006571428571428534,0.035704292670451644,True,3.0,True,True
warning_biogas_quality,ARC_P::Halobacterota,Archaea,3,,,True,,False,False
warning_acid_base_balance,ARC_P::Holozoa,Archaea,3,0.0,0.0,True,132.5,False,False
warning_buffer_capacity,ARC_P::Holozoa,Archaea,3,0.0,0.0,True,135.5,False,False
warning_acid_accumulation,ARC_P::Holozoa,Archaea,3,,,True,,False,False
warning_ammonia_toxicity,ARC_P::Holozoa,Archaea,3,0.0,0.0,True,135.5,False,False
warning_biogas_quality,ARC_P::Holozoa,Archaea,3,,,True,,False,False
warning_acid_base_balance,ARC_P::Iainarchaeota,Archaea,3,0.0,0.0,True,132.5,False,False
warning_buffer_capacity,ARC_P::Iainarchaeota,Archaea,3,0.0,0.0,True,135.5,False,False
warning_acid_accumulation,ARC_P::Iainarchaeota,Archaea,3,,,True,,False,False
warning_ammonia_toxicity,ARC_P::Iainarchaeota,Archaea,3,0.0,0.0,True,135.5,False,False
warning_biogas_quality,ARC_P::Iainarchaeota,Archaea,3,,,True,,False,False
warning_acid_base_balance,ARC_P::Micrarchaeota,Archaea,3,0.0,0.0,True,132.5,False,False
warning_buffer_capacity,ARC_P::Micrarchaeota,Archaea,3,0.0,0.0,True,135.5,False,False
warning_acid_accumulation,ARC_P::Micrarchaeota,Archaea,3,,,True,,False,False
warning_ammonia_toxicity,ARC_P::Micrarchaeota,Archaea,3,0.0,0.0,True,135.5,False,False
warning_biogas_quality,ARC_P::Micrarchaeota,Archaea,3,,,True,,False,False
warning_acid_base_balance,ARC_P::Mollusca,Archaea,3,0.0,0.0,True,132.5,False,False
warning_buffer_capacity,ARC_P::Mollusca,Archaea,3,0.0,0.0,True,135.5,False,False
warning_acid_accumulation,ARC_P::Mollusca,Archaea,3,,,True,,False,False
warning_ammonia_toxicity,ARC_P::Mollusca,Archaea,3,0.0,0.0,True,135.5,False,False
warning_biogas_quality,ARC_P::Mollusca,Archaea,3,,,True,,False,False
warning_acid_base_balance,ARC_P::Nanoarchaeota,Archaea,3,-0.019199134199134178,0.025968362525268195,True,266.0,False,False
warning_buffer_capacity,ARC_P::Nanoarchaeota,Archaea,3,0.0,0.0,True,135.5,False,False
warning_acid_accumulation,ARC_P::Nanoarchaeota,Archaea,3,,,True,,False,False
warning_ammonia_toxicity,ARC_P::Nanoarchaeota,Archaea,3,0.0,0.0,True,135.5,False,False
warning_biogas_quality,ARC_P::Nanoarchaeota,Archaea,3,,,True,,False,False
warning_acid_base_balance,ARC_P::Thermoplasmatota,Archaea,3,0.0,0.0,True,132.5,False,False
warning_buffer_capacity,ARC_P::Thermoplasmatota,Archaea,3,-0.0003569529885319368,0.002656829711886385,True,266.0,False,False
warning_acid_accumulation,ARC_P::Thermoplasmatota,Archaea,3,,,True,,False,False
warning_ammonia_toxicity,ARC_P::Thermoplasmatota,Archaea,3,0.0,0.0,True,135.5,False,False
warning_biogas_quality,ARC_P::Thermoplasmatota,Archaea,3,,,True,,False,False
warning_acid_base_balance,ARC_P::Vertebrata,Archaea,3,0.0,0.0,True,132.5,False,False
warning_buffer_capacity,ARC_P::Vertebrata,Archaea,3,0.0,0.0,True,135.5,False,False
warning_acid_accumulation,ARC_P::Vertebrata,Archaea,3,,,True,,False,False
warning_ammonia_toxicity,ARC_P::Vertebrata,Archaea,3,0.0,0.0,True,135.5,False,False
warning_biogas_quality,ARC_P::Vertebrata,Archaea,3,,,True,,False,False
warning_acid_base_balance,ARC_P::unidentified,Archaea,3,-0.03477132802361633,0.022981465592635412,True,269.0,False,False
warning_buffer_capacity,ARC_P::unidentified,Archaea,3,0.0,0.0,True,135.5,False,False
warning_acid_accumulation,ARC_P::unidentified,Archaea,3,,,True,,False,False
warning_ammonia_toxicity,ARC_P::unidentified,Archaea,3,0.0,0.0,True,135.5,False,False
warning_biogas_quality,ARC_P::unidentified,Archaea,3,,,True,,False,False
warning_acid_base_balance,ARC_G::Aenigmarchaeales,Archaea,3,0.0,0.0,True,132.5,False,False
warning_buffer_capacity,ARC_G::Aenigmarchaeales,Archaea,3,0.0,0.0,True,135.5,False,False
warning_acid_accumulation,ARC_G::Aenigmarchaeales,Archaea,3,,,True,,False,False
warning_ammonia_toxicity,ARC_G::Aenigmarchaeales,Archaea,3,0.0,0.0,True,135.5,False,False
warning_biogas_quality,ARC_G::Aenigmarchaeales,Archaea,3,,,True,,False,False
warning_acid_base_balance,ARC_G::Bathyarchaeia,Archaea,3,0.0,0.0,True,132.5,False,False
warning_buffer_capacity,ARC_G::Bathyarchaeia,Archaea,3,0.0,0.0,True,135.5,False,False
warning_acid_accumulation,ARC_G::Bathyarchaeia,Archaea,3,,,True,,False,False
warning_ammonia_toxicity,ARC_G::Bathyarchaeia,Archaea,3,0.0,0.0,True,135.5,False,False
warning_biogas_quality,ARC_G::Bathyarchaeia,Archaea,3,,,True,,False,False
warning_acid_base_balance,ARC_G::Candidatus_Iainarchaeum,Archaea,3,0.0,0.0,True,132.5,False,False
warning_buffer_capacity,ARC_G::Candidatus_Iainarchaeum,Archaea,3,0.0,0.0,True,135.5,False,False
warning_acid_accumulation,ARC_G::Candidatus_Iainarchaeum,Archaea,3,,,True,,False,False
warning_ammonia_toxicity,ARC_G::Candidatus_Iainarchaeum,Archaea,3,0.0,0.0,True,135.5,False,False
warning_biogas_quality,ARC_G::Candidatus_Iainarchaeum,Archaea,3,,,True,,False,False
warning_acid_base_balance,ARC_G::Candidatus_Methanofastidiosum,Archaea,3,0.0,0.0,True,132.5,False,False
warning_buffer_capacity,ARC_G::Candidatus_Methanofastidiosum,Archaea,3,0.0,0.0,True,135.5,False,False
warning_acid_accumulation,ARC_G::Candidatus_Methanofastidiosum,Archaea,3,,,True,,False,False
warning_ammonia_toxicity,ARC_G::Candidatus_Methanofastidiosum,Archaea,3,0.0,0.0,True,135.5,False,False
warning_biogas_quality,ARC_G::Candidatus_Methanofastidiosum,Archaea,3,,,True,,False,False
warning_acid_base_balance,ARC_G::Candidatus_Methanogranum,Archaea,3,0.0,0.0,True,132.5,False,False
warning_buffer_capacity,ARC_G::Candidatus_Methanogranum,Archaea,3,0.0,0.0,True,135.5,False,False
warning_acid_accumulation,ARC_G::Candidatus_Methanogranum,Archaea,3,,,True,,False,False
warning_ammonia_toxicity,ARC_G::Candidatus_Methanogranum,Archaea,3,0.0,0.0,True,135.5,False,False
warning_biogas_quality,ARC_G::Candidatus_Methanogranum,Archaea,3,,,True,,False,False
warning_acid_base_balance,ARC_G::Candidatus_Methanomethylicus,Archaea,3,0.0,0.0,True,132.5,False,False
warning_buffer_capacity,ARC_G::Candidatus_Methanomethylicus,Archaea,3,0.0,0.0,True,135.5,False,False
warning_acid_accumulation,ARC_G::Candidatus_Methanomethylicus,Archaea,3,,,True,,False,False
warning_ammonia_toxicity,ARC_G::Candidatus_Methanomethylicus,Archaea,3,0.0,0.0,True,135.5,False,False
warning_biogas_quality,ARC_G::Candidatus_Methanomethylicus,Archaea,3,,,True,,False,False
warning_acid_base_balance,ARC_G::Candidatus_Methanomethylophilus,Archaea,3,0.0,0.0,True,132.5,False,False
warning_buffer_capacity,ARC_G::Candidatus_Methanomethylophilus,Archaea,3,0.0,0.0,True,135.5,False,False
warning_acid_accumulation,ARC_G::Candidatus_Methanomethylophilus,Archaea,3,,,True,,False,False
warning_ammonia_toxicity,ARC_G::Candidatus_Methanomethylophilus,Archaea,3,0.0,0.0,True,135.5,False,False
warning_biogas_quality,ARC_G::Candidatus_Methanomethylophilus,Archaea,3,,,True,,False,False
warning_acid_base_balance,ARC_G::Candidatus_Methanoplasma,Archaea,3,-0.05083333333333331,0.02276565074407428,True,270.0,False,False
warning_buffer_capacity,ARC_G::Candidatus_Methanoplasma,Archaea,3,0.0,0.0,True,135.5,False,False
warning_acid_accumulation,ARC_G::Candidatus_Methanoplasma,Archaea,3,,,True,,False,False
warning_ammonia_toxicity,ARC_G::Candidatus_Methanoplasma,Archaea,3,-0.00833333333333336,0.014808721943977353,True,273.0,False,False
warning_biogas_quality,ARC_G::Candidatus_Methanoplasma,Archaea,3,,,True,,False,False
warning_acid_base_balance,ARC_G::Candidatus_Nitrocosmicus,Archaea,3,0.0,0.0,True,132.5,False,False
warning_buffer_capacity,ARC_G::Candidatus_Nitrocosmicus,Archaea,3,0.0,0.0,True,135.5,False,False
warning_acid_accumulation,ARC_G::Candidatus_Nitrocosmicus,Archaea,3,,,True,,False,False
warning_ammonia_toxicity,ARC_G::Candidatus_Nitrocosmicus,Archaea,3,0.0,0.0,True,135.5,False,False
warning_biogas_quality,ARC_G::Candidatus_Nitrocosmicus,Archaea,3,,,True,,False,False
warning_acid_base_balance,ARC_G::Hadarchaeales,Archaea,3,0.0,0.0,True,132.5,False,False
warning_buffer_capacity,ARC_G::Hadarchaeales,Archaea,3,0.0,0.0,True,135.5,False,False
warning_acid_accumulation,ARC_G::Hadarchaeales,Archaea,3,,,True,,False,False
warning_ammonia_toxicity,ARC_G::Hadarchaeales,Archaea,3,0.0,0.0,True,135.5,False,False
warning_biogas_quality,ARC_G::Hadarchaeales,Archaea,3,,,True,,False,False
warning_acid_base_balance,ARC_G::LKM11,Archaea,3,0.0,0.0,True,132.5,False,False
warning_buffer_capacity,ARC_G::LKM11,Archaea,3,0.0,0.0,True,135.5,False,False
warning_acid_accumulation,ARC_G::LKM11,Archaea,3,,,True,,False,False
warning_ammonia_toxicity,ARC_G::LKM11,Archaea,3,0.0,0.0,True,135.5,False,False
warning_biogas_quality,ARC_G::LKM11,Archaea,3,,,True,,False,False
warning_acid_base_balance,ARC_G::Lokiarchaeia,Archaea,3,0.0,0.0,True,132.5,False,False
warning_buffer_capacity,ARC_G::Lokiarchaeia,Archaea,3,0.0,0.0,True,135.5,False,False
warning_acid_accumulation,ARC_G::Lokiarchaeia,Archaea,3,,,True,,False,False
warning_ammonia_toxicity,ARC_G::Lokiarchaeia,Archaea,3,0.0,0.0,True,135.5,False,False
warning_biogas_quality,ARC_G::Lokiarchaeia,Archaea,3,,,True,,False,False
warning_acid_base_balance,ARC_G::Marine_Benthic_Group_D_and_DHVEG-1,Archaea,3,0.0,0.0,True,132.5,False,False
warning_buffer_capacity,ARC_G::Marine_Benthic_Group_D_and_DHVEG-1,Archaea,3,0.0,0.0,True,135.5,False,False
warning_acid_accumulation,ARC_G::Marine_Benthic_Group_D_and_DHVEG-1,Archaea,3,,,True,,False,False
warning_ammonia_toxicity,ARC_G::Marine_Benthic_Group_D_and_DHVEG-1,Archaea,3,0.0,0.0,True,135.5,False,False
warning_biogas_quality,ARC_G::Marine_Benthic_Group_D_and_DHVEG-1,Archaea,3,,,True,,False,False
warning_acid_base_balance,ARC_G::Methanimicrococcus,Archaea,3,0.0,0.0,True,132.5,False,False
warning_buffer_capacity,ARC_G::Methanimicrococcus,Archaea,3,0.0,0.0,True,135.5,False,False
warning_acid_accumulation,ARC_G::Methanimicrococcus,Archaea,3,,,True,,False,False
warning_ammonia_toxicity,ARC_G::Methanimicrococcus,Archaea,3,0.0,0.0,True,135.5,False,False
warning_biogas_quality,ARC_G::Methanimicrococcus,Archaea,3,,,True,,False,False
warning_acid_base_balance,ARC_G::Methanocorpusculum,Archaea,3,0.0,0.0,True,132.5,False,False
warning_buffer_capacity,ARC_G::Methanocorpusculum,Archaea,3,-0.0004761904761904773,0.0009771222400811015,True,267.5,False,False
warning_acid_accumulation,ARC_G::Methanocorpusculum,Archaea,3,,,True,,False,False
warning_ammonia_toxicity,ARC_G::Methanocorpusculum,Archaea,3,0.0,0.0,True,135.5,False,False
warning_biogas_quality,ARC_G::Methanocorpusculum,Archaea,3,,,True,,False,False
warning_acid_base_balance,ARC_G::Methanoculleus,Archaea,3,0.0,0.0,True,132.5,False,False
warning_buffer_capacity,ARC_G::Methanoculleus,Archaea,3,0.0,0.0,True,135.5,False,False
warning_acid_accumulation,ARC_G::Methanoculleus,Archaea,3,,,True,,False,False
warning_ammonia_toxicity,ARC_G::Methanoculleus,Archaea,3,0.0,0.0,True,135.5,False,False
warning_biogas_quality,ARC_G::Methanoculleus,Archaea,3,,,True,,False,False
warning_acid_base_balance,ARC_G::Methanofollis,Archaea,3,0.0,0.0,True,132.5,False,False
warning_buffer_capacity,ARC_G::Methanofollis,Archaea,3,0.0,0.0,True,135.5,False,False
warning_acid_accumulation,ARC_G::Methanofollis,Archaea,3,,,True,,False,False
warning_ammonia_toxicity,ARC_G::Methanofollis,Archaea,3,0.0,0.0,True,135.5,False,False
warning_biogas_quality,ARC_G::Methanofollis,Archaea,3,,,True,,False,False
warning_acid_base_balance,ARC_G::Methanogenium,Archaea,3,0.0,0.0,True,132.5,False,False
warning_buffer_capacity,ARC_G::Methanogenium,Archaea,3,0.0,0.0,True,135.5,False,False
warning_acid_accumulation,ARC_G::Methanogenium,Archaea,3,,,True,,False,False
warning_ammonia_toxicity,ARC_G::Methanogenium,Archaea,3,0.0,0.0,True,135.5,False,False
warning_biogas_quality,ARC_G::Methanogenium,Archaea,3,,,True,,False,False
warning_acid_base_balance,ARC_G::Methanolacinia,Archaea,3,0.0,0.0,False,132.5,False,False
warning_buffer_capacity,ARC_G::Methanolacinia,Archaea,3,0.0,0.0,False,135.5,False,False
warning_acid_accumulation,ARC_G::Methanolacinia,Archaea,3,,,False,,False,False
warning_ammonia_toxicity,ARC_G::Methanolacinia,Archaea,3,0.0,0.0,False,135.5,False,False
warning_biogas_quality,ARC_G::Methanolacinia,Archaea,3,,,False,,False,False
warning_acid_base_balance,ARC_G::Methanolinea,Archaea,3,-0.09968602153780169,0.1464406450804042,True,274.0,False,False
warning_buffer_capacity,ARC_G::Methanolinea,Archaea,3,0.0,0.0,True,135.5,False,False
warning_acid_accumulation,ARC_G::Methanolinea,Archaea,3,,,True,,False,False
warning_ammonia_toxicity,ARC_G::Methanolinea,Archaea,3,0.0,0.0,True,135.5,False,False
warning_biogas_quality,ARC_G::Methanolinea,Archaea,3,,,True,,False,False
warning_acid_base_balance,ARC_G::Methanolobus,Archaea,3,0.0,0.0,True,132.5,False,False
warning_buffer_capacity,ARC_G::Methanolobus,Archaea,3,0.0,0.0,True,135.5,False,False
warning_acid_accumulation,ARC_G::Methanolobus,Archaea,3,,,True,,False,False
warning_ammonia_toxicity,ARC_G::Methanolobus,Archaea,3,0.0,0.0,True,135.5,False,False
warning_biogas_quality,ARC_G::Methanolobus,Archaea,3,,,True,,False,False
warning_acid_base_balance,ARC_G::Methanomassiliicoccus,Archaea,3,0.0,0.0,True,132.5,False,False
warning_buffer_capacity,ARC_G::Methanomassiliicoccus,Archaea,3,-3.417634996582403e-05,0.0013469702669270855,True,263.0,False,False
warning_acid_accumulation,ARC_G::Methanomassiliicoccus,Archaea,3,,,True,,False,False
warning_ammonia_toxicity,ARC_G::Methanomassiliicoccus,Archaea,3,0.0,0.0,True,135.5,False,False
warning_biogas_quality,ARC_G::Methanomassiliicoccus,Archaea,3,,,True,,False,False
warning_acid_base_balance,ARC_G::Methanomethylovorans,Archaea,3,0.0,0.0,True,132.5,False,False
warning_buffer_capacity,ARC_G::Methanomethylovorans,Archaea,3,0.0,0.0,True,135.5,False,False
warning_acid_accumulation,ARC_G::Methanomethylovorans,Archaea,3,,,True,,False,False
warning_ammonia_toxicity,ARC_G::Methanomethylovorans,Archaea,3,0.0,0.0,True,135.5,False,False
warning_biogas_quality,ARC_G::Methanomethylovorans,Archaea,3,,,True,,False,False
warning_acid_base_balance,ARC_G::Methanoregula,Archaea,3,0.0,0.0,True,132.5,False,False
warning_buffer_capacity,ARC_G::Methanoregula,Archaea,3,0.0,0.0,True,135.5,False,False
warning_acid_accumulation,ARC_G::Methanoregula,Archaea,3,,,True,,False,False
warning_ammonia_toxicity,ARC_G::Methanoregula,Archaea,3,0.0,0.0,True,135.5,False,False
warning_biogas_quality,ARC_G::Methanoregula,Archaea,3,,,True,,False,False
warning_acid_base_balance,ARC_G::Methanosaeta,Archaea,3,0.0,0.0,True,132.5,False,False
warning_buffer_capacity,ARC_G::Methanosaeta,Archaea,3,0.0008658008658008643,0.0010879322293290774,True,5.0,True,True
warning_acid_accumulation,ARC_G::Methanosaeta,Archaea,3,,,True,,False,False
warning_ammonia_toxicity,ARC_G::Methanosaeta,Archaea,3,0.0,0.0,True,135.5,False,False
warning_biogas_quality,ARC_G::Methanosaeta,Archaea,3,,,True,,False,False
warning_acid_base_balance,ARC_G::Methanosarcina,Archaea,3,0.0,0.0,True,132.5,False,False
warning_buffer_capacity,ARC_G::Methanosarcina,Archaea,3,-0.004245448179271713,0.00534536673775461,True,271.0,False,False
warning_acid_accumulation,ARC_G::Methanosarcina,Archaea,3,,,True,,False,False
warning_ammonia_toxicity,ARC_G::Methanosarcina,Archaea,3,0.0,0.0,True,135.5,False,False
warning_biogas_quality,ARC_G::Methanosarcina,Archaea,3,,,True,,False,False
warning_acid_base_balance,ARC_G::Methanosphaerula,Archaea,3,-0.003749999999999995,0.009158688713313068,True,263.0,False,False
warning_buffer_capacity,ARC_G::Methanosphaerula,Archaea,3,0.0,0.0,True,135.5,False,False
warning_acid_accumulation,ARC_G::Methanosphaerula,Archaea,3,,,True,,False,False
warning_ammonia_toxicity,ARC_G::Methanosphaerula,Archaea,3,0.0,0.0,True,135.5,False,False
warning_biogas_quality,ARC_G::Methanosphaerula,Archaea,3,,,True,,False,False
warning_acid_base_balance,ARC_G::Methanospirillum,Archaea,3,0.0,0.0,True,132.5,False,False
warning_buffer_capacity,ARC_G::Methanospirillum,Archaea,3,-0.007346206425153798,0.014004590735674357,True,274.0,False,False
warning_acid_accumulation,ARC_G::Methanospirillum,Archaea,3,,,True,,False,False
warning_ammonia_toxicity,ARC_G::Methanospirillum,Archaea,3,-0.0033333333333333435,0.010259783520851572,True,269.5,False,False
warning_biogas_quality,ARC_G::Methanospirillum,Archaea,3,,,True,,False,False
warning_acid_base_balance,ARC_G::Micrarchaeales,Archaea,3,0.0,0.0,True,132.5,False,False
warning_buffer_capacity,ARC_G::Micrarchaeales,Archaea,3,0.0,0.0,True,135.5,False,False
warning_acid_accumulation,ARC_G::Micrarchaeales,Archaea,3,,,True,,False,False
warning_ammonia_toxicity,ARC_G::Micrarchaeales,Archaea,3,0.0,0.0,True,135.5,False,False
warning_biogas_quality,ARC_G::Micrarchaeales,Archaea,3,,,True,,False,False
warning_acid_base_balance,ARC_G::Nitrososphaeraceae,Archaea,3,0.0,0.0,True,132.5,False,False
warning_buffer_capacity,ARC_G::Nitrososphaeraceae,Archaea,3,0.0,0.0,True,135.5,False,False
warning_acid_accumulation,ARC_G::Nitrososphaeraceae,Archaea,3,,,True,,False,False
warning_ammonia_toxicity,ARC_G::Nitrososphaeraceae,Archaea,3,0.0,0.0,True,135.5,False,False
warning_biogas_quality,ARC_G::Nitrososphaeraceae,Archaea,3,,,True,,False,False
warning_acid_base_balance,ARC_G::Rhinosporideacae,Archaea,3,0.0,0.0,True,132.5,False,False
warning_buffer_capacity,ARC_G::Rhinosporideacae,Archaea,3,0.0,0.0,True,135.5,False,False
warning_acid_accumulation,ARC_G::Rhinosporideacae,Archaea,3,,,True,,False,False
warning_ammonia_toxicity,ARC_G::Rhinosporideacae,Archaea,3,0.0,0.0,True,135.5,False,False
warning_biogas_quality,ARC_G::Rhinosporideacae,Archaea,3,,,True,,False,False
warning_acid_base_balance,ARC_G::RumEn_M2,Archaea,3,0.0,0.0,True,132.5,False,False
warning_buffer_capacity,ARC_G::RumEn_M2,Archaea,3,0.0,0.0,True,135.5,False,False
warning_acid_accumulation,ARC_G::RumEn_M2,Archaea,3,,,True,,False,False
warning_ammonia_toxicity,ARC_G::RumEn_M2,Archaea,3,0.0,0.0,True,135.5,False,False
warning_biogas_quality,ARC_G::RumEn_M2,Archaea,3,,,True,,False,False
warning_acid_base_balance,ARC_G::SCGC_AAA011-D5,Archaea,3,0.0,0.0,True,132.5,False,False
warning_buffer_capacity,ARC_G::SCGC_AAA011-D5,Archaea,3,0.0,0.0,True,135.5,False,False
warning_acid_accumulation,ARC_G::SCGC_AAA011-D5,Archaea,3,,,True,,False,False
warning_ammonia_toxicity,ARC_G::SCGC_AAA011-D5,Archaea,3,0.0,0.0,True,135.5,False,False
warning_biogas_quality,ARC_G::SCGC_AAA011-D5,Archaea,3,,,True,,False,False
warning_acid_base_balance,ARC_G::Teleostei,Archaea,3,0.0,0.0,True,132.5,False,False
warning_buffer_capacity,ARC_G::Teleostei,Archaea,3,0.0,0.0,True,135.5,False,False
warning_acid_accumulation,ARC_G::Teleostei,Archaea,3,,,True,,False,False
warning_ammonia_toxicity,ARC_G::Teleostei,Archaea,3,0.0,0.0,True,135.5,False,False
warning_biogas_quality,ARC_G::Teleostei,Archaea,3,,,True,,False,False
warning_acid_base_balance,ARC_G::Veneroida,Archaea,3,0.0,0.0,True,132.5,False,False
warning_buffer_capacity,ARC_G::Veneroida,Archaea,3,0.0,0.0,True,135.5,False,False
warning_acid_accumulation,ARC_G::Veneroida,Archaea,3,,,True,,False,False
warning_ammonia_toxicity,ARC_G::Veneroida,Archaea,3,0.0,0.0,True,135.5,False,False
warning_biogas_quality,ARC_G::Veneroida,Archaea,3,,,True,,False,False
warning_acid_base_balance,ARC_G::Woesearchaeales,Archaea,3,0.0,0.0,True,132.5,False,False
warning_buffer_capacity,ARC_G::Woesearchaeales,Archaea,3,0.0,0.0,True,135.5,False,False
warning_acid_accumulation,ARC_G::Woesearchaeales,Archaea,3,,,True,,False,False
warning_ammonia_toxicity,ARC_G::Woesearchaeales,Archaea,3,0.0,0.0,True,135.5,False,False
warning_biogas_quality,ARC_G::Woesearchaeales,Archaea,3,,,True,,False,False
warning_acid_base_balance,ARC_G::unidentified,Archaea,3,0.0,0.0,True,132.5,False,False
warning_buffer_capacity,ARC_G::unidentified,Archaea,3,0.0019480519480519446,0.0006662197091462028,True,2.0,True,True
warning_acid_accumulation,ARC_G::unidentified,Archaea,3,,,True,,False,False
warning_ammonia_toxicity,ARC_G::unidentified,Archaea,3,0.0,0.0,True,135.5,False,False
warning_biogas_quality,ARC_G::unidentified,Archaea,3,,,True,,False,False
warning_acid_base_balance,Season,Metadata: operation/context,4,0.008333333333333342,0.011651440117371271,True,9.0,True,True
warning_buffer_capacity,Season,Metadata: operation/context,4,0.0,0.0,True,139.0,False,False
warning_acid_accumulation,Season,Metadata: operation/context,4,0.0,0.0,True,138.5,False,False
warning_ammonia_toxicity,Season,Metadata: operation/context,4,0.0,0.0,True,141.0,False,False
warning_biogas_quality,Season,Metadata: operation/context,4,,,True,,False,False
warning_acid_base_balance,substrate_type,Metadata: substrate,4,0.0,0.0,True,143.0,False,False
warning_buffer_capacity,substrate_type,Metadata: substrate,4,0.0,0.0,True,139.0,False,False
warning_acid_accumulation,substrate_type,Metadata: substrate,4,0.0,0.0,True,138.5,False,False
warning_ammonia_toxicity,substrate_type,Metadata: substrate,4,0.0,0.0,True,141.0,False,False
warning_biogas_quality,substrate_type,Metadata: substrate,4,,,True,,False,False
warning_acid_base_balance,HRT_d,Metadata: operation/context,4,0.03293650793650794,0.04029395311256073,True,3.0,True,True
warning_buffer_capacity,HRT_d,Metadata: operation/context,4,-0.005251312155336917,0.015016791232176056,True,273.0,False,False
warning_acid_accumulation,HRT_d,Metadata: operation/context,4,0.0,0.0,True,138.5,False,False
warning_ammonia_toxicity,HRT_d,Metadata: operation/context,4,0.0,0.0,True,141.0,False,False
warning_biogas_quality,HRT_d,Metadata: operation/context,4,,,True,,False,False
warning_acid_base_balance,T_C,Metadata: operation/context,4,0.0,0.0,True,143.0,False,False
warning_buffer_capacity,T_C,Metadata: operation/context,4,-0.0006331699346405151,0.0026088471045143625,True,270.0,False,False
warning_acid_accumulation,T_C,Metadata: operation/context,4,0.0,0.0,True,138.5,False,False
warning_ammonia_toxicity,T_C,Metadata: operation/context,4,0.0,0.0,True,141.0,False,False
warning_biogas_quality,T_C,Metadata: operation/context,4,,,True,,False,False
warning_acid_base_balance,Q_total_Tpy,Metadata: operation/context,4,0.010714285714285727,0.012152804417477167,True,7.0,True,True
warning_buffer_capacity,Q_total_Tpy,Metadata: operation/context,4,0.0,0.0,True,139.0,False,False
warning_acid_accumulation,Q_total_Tpy,Metadata: operation/context,4,0.0,0.0,True,138.5,False,False
warning_ammonia_toxicity,Q_total_Tpy,Metadata: operation/context,4,0.0,0.0,True,141.0,False,False
warning_biogas_quality,Q_total_Tpy,Metadata: operation/context,4,,,True,,False,False
warning_acid_base_balance,substrate_avg_pH,Metadata: substrate,4,0.0,0.0,True,143.0,False,False
warning_buffer_capacity,substrate_avg_pH,Metadata: substrate,4,0.0,0.0,True,139.0,False,False
warning_acid_accumulation,substrate_avg_pH,Metadata: substrate,4,0.0,0.0,True,138.5,False,False
warning_ammonia_toxicity,substrate_avg_pH,Metadata: substrate,4,0.0,0.0,True,141.0,False,False
warning_biogas_quality,substrate_avg_pH,Metadata: substrate,4,,,True,,False,False
warning_acid_base_balance,substrate_avg_ALK,Metadata: substrate,4,0.0,0.0,True,143.0,False,False
warning_buffer_capacity,substrate_avg_ALK,Metadata: substrate,4,0.00294117647058825,0.001005861129495254,True,2.0,True,True
warning_acid_accumulation,substrate_avg_ALK,Metadata: substrate,4,0.0,0.0,True,138.5,False,False
warning_ammonia_toxicity,substrate_avg_ALK,Metadata: substrate,4,0.0,0.0,True,141.0,False,False
warning_biogas_quality,substrate_avg_ALK,Metadata: substrate,4,,,True,,False,False
warning_acid_base_balance,substrate_avg_VS,Metadata: substrate,4,0.0,0.0,True,143.0,False,False
warning_buffer_capacity,substrate_avg_VS,Metadata: substrate,4,0.0,0.0,True,139.0,False,False
warning_acid_accumulation,substrate_avg_VS,Metadata: substrate,4,0.0,0.0,True,138.5,False,False
warning_ammonia_toxicity,substrate_avg_VS,Metadata: substrate,4,0.0,0.0,True,141.0,False,False
warning_biogas_quality,substrate_avg_VS,Metadata: substrate,4,,,True,,False,False
warning_acid_base_balance,substrate_avg_COD,Metadata: substrate,4,0.0,0.0,True,143.0,False,False
warning_buffer_capacity,substrate_avg_COD,Metadata: substrate,4,0.0,0.0,True,139.0,False,False
warning_acid_accumulation,substrate_avg_COD,Metadata: substrate,4,0.0,0.0,True,138.5,False,False
warning_ammonia_toxicity,substrate_avg_COD,Metadata: substrate,4,0.0,0.0,True,141.0,False,False
warning_biogas_quality,substrate_avg_COD,Metadata: substrate,4,,,True,,False,False
warning_acid_base_balance,substrate_avg_sCOD,Metadata: substrate,4,0.0,0.0,True,143.0,False,False
warning_buffer_capacity,substrate_avg_sCOD,Metadata: substrate,4,0.0,0.0,True,139.0,False,False
warning_acid_accumulation,substrate_avg_sCOD,Metadata: substrate,4,0.0,0.0,True,138.5,False,False
warning_ammonia_toxicity,substrate_avg_sCOD,Metadata: substrate,4,0.011924603174603154,0.07818308150488751,True,5.0,True,True
warning_biogas_quality,substrate_avg_sCOD,Metadata: substrate,4,,,True,,False,False
warning_acid_base_balance,substrate_avg_TC,Metadata: substrate,4,0.0,0.0,True,143.0,False,False
warning_buffer_capacity,substrate_avg_TC,Metadata: substrate,4,0.0008704122674710942,0.004968145427072145,True,7.0,True,True
warning_acid_accumulation,substrate_avg_TC,Metadata: substrate,4,0.0,0.0,True,138.5,False,False
warning_ammonia_toxicity,substrate_avg_TC,Metadata: substrate,4,0.0,0.0,True,141.0,False,False
warning_biogas_quality,substrate_avg_TC,Metadata: substrate,4,,,True,,False,False
warning_acid_base_balance,substrate_avg_Protein,Metadata: substrate,4,0.0,0.0,True,143.0,False,False
warning_buffer_capacity,substrate_avg_Protein,Metadata: substrate,4,-0.0356992292837881,0.05308653618708036,True,276.0,False,False
warning_acid_accumulation,substrate_avg_Protein,Metadata: substrate,4,0.0,0.0,True,138.5,False,False
warning_ammonia_toxicity,substrate_avg_Protein,Metadata: substrate,4,0.0020833333333333316,0.009316949906249115,True,7.0,True,True
warning_biogas_quality,substrate_avg_Protein,Metadata: substrate,4,,,True,,False,False
warning_acid_base_balance,substrate_avg_Lipid,Metadata: substrate,4,0.0,0.0,True,143.0,False,False
warning_buffer_capacity,substrate_avg_Lipid,Metadata: substrate,4,0.00751793463674269,0.005461447130034527,True,1.0,True,True
warning_acid_accumulation,substrate_avg_Lipid,Metadata: substrate,4,0.0,0.0,True,138.5,False,False
warning_ammonia_toxicity,substrate_avg_Lipid,Metadata: substrate,4,0.05694444444444443,0.05768928783686022,True,3.0,True,True
warning_biogas_quality,substrate_avg_Lipid,Metadata: substrate,4,,,True,,False,False
warning_acid_base_balance,substrate_avg_TVFAs,Metadata: substrate,4,0.030396825396825384,0.05060605237679594,True,4.0,True,True
warning_buffer_capacity,substrate_avg_TVFAs,Metadata: substrate,4,0.0004901960784313749,0.001197214210890605,True,8.0,True,True
warning_acid_accumulation,substrate_avg_TVFAs,Metadata: substrate,4,0.0,0.0,True,138.5,False,False
warning_ammonia_toxicity,substrate_avg_TVFAs,Metadata: substrate,4,0.0,0.0,True,141.0,False,False
warning_biogas_quality,substrate_avg_TVFAs,Metadata: substrate,4,,,True,,False,False
warning_acid_base_balance,substrate_avg_HAc,Metadata: substrate,4,0.0,0.0,True,143.0,False,False
warning_buffer_capacity,substrate_avg_HAc,Metadata: substrate,4,0.0,0.0,True,139.0,False,False
warning_acid_accumulation,substrate_avg_HAc,Metadata: substrate,4,0.0,0.0,True,138.5,False,False
warning_ammonia_toxicity,substrate_avg_HAc,Metadata: substrate,4,0.09652777777777781,0.05743795562116503,True,1.0,True,True
warning_biogas_quality,substrate_avg_HAc,Metadata: substrate,4,,,True,,False,False
warning_acid_base_balance,substrate_avg_HPro,Metadata: substrate,4,-0.01325396825396825,0.06596371748750157,True,276.0,False,False
warning_buffer_capacity,substrate_avg_HPro,Metadata: substrate,4,0.0024743230625583618,0.005407665044735993,True,3.0,True,True
warning_acid_accumulation,substrate_avg_HPro,Metadata: substrate,4,0.0,0.0,True,138.5,False,False
warning_ammonia_toxicity,substrate_avg_HPro,Metadata: substrate,4,0.0,0.0,True,141.0,False,False
warning_biogas_quality,substrate_avg_HPro,Metadata: substrate,4,,,True,,False,False
warning_acid_base_balance,BAC_P::Abditibacteriota,Bacteria,4,0.0,0.0,True,143.0,False,False
warning_buffer_capacity,BAC_P::Abditibacteriota,Bacteria,4,0.0,0.0,True,139.0,False,False
warning_acid_accumulation,BAC_P::Abditibacteriota,Bacteria,4,0.0,0.0,True,138.5,False,False
warning_ammonia_toxicity,BAC_P::Abditibacteriota,Bacteria,4,0.0,0.0,True,141.0,False,False
warning_biogas_quality,BAC_P::Abditibacteriota,Bacteria,4,,,True,,False,False
warning_acid_base_balance,BAC_P::Acetothermia,Bacteria,4,0.0,0.0,True,143.0,False,False
warning_buffer_capacity,BAC_P::Acetothermia,Bacteria,4,0.0,0.0,True,139.0,False,False
warning_acid_accumulation,BAC_P::Acetothermia,Bacteria,4,0.0,0.0,True,138.5,False,False
warning_ammonia_toxicity,BAC_P::Acetothermia,Bacteria,4,0.0,0.0,True,141.0,False,False
warning_biogas_quality,BAC_P::Acetothermia,Bacteria,4,,,True,,False,False
warning_acid_base_balance,BAC_P::Acidobacteriota,Bacteria,4,0.0,0.0,True,143.0,False,False
warning_buffer_capacity,BAC_P::Acidobacteriota,Bacteria,4,0.0,0.0,True,139.0,False,False
warning_acid_accumulation,BAC_P::Acidobacteriota,Bacteria,4,0.0,0.0,True,138.5,False,False
warning_ammonia_toxicity,BAC_P::Acidobacteriota,Bacteria,4,0.0,0.0,True,141.0,False,False
warning_biogas_quality,BAC_P::Acidobacteriota,Bacteria,4,,,True,,False,False
warning_acid_base_balance,BAC_P::Actinobacteriota,Bacteria,4,0.0,0.0,True,143.0,False,False
warning_buffer_capacity,BAC_P::Actinobacteriota,Bacteria,4,0.0,0.0,True,139.0,False,False
warning_acid_accumulation,BAC_P::Actinobacteriota,Bacteria,4,0.0,0.0,True,138.5,False,False
warning_ammonia_toxicity,BAC_P::Actinobacteriota,Bacteria,4,0.0,0.0,True,141.0,False,False
warning_biogas_quality,BAC_P::Actinobacteriota,Bacteria,4,,,True,,False,False
warning_acid_base_balance,BAC_P::Armatimonadota,Bacteria,4,0.0,0.0,True,143.0,False,False
warning_buffer_capacity,BAC_P::Armatimonadota,Bacteria,4,0.0,0.0,True,139.0,False,False
warning_acid_accumulation,BAC_P::Armatimonadota,Bacteria,4,0.0,0.0,True,138.5,False,False
warning_ammonia_toxicity,BAC_P::Armatimonadota,Bacteria,4,0.0,0.0,True,141.0,False,False
warning_biogas_quality,BAC_P::Armatimonadota,Bacteria,4,,,True,,False,False
warning_acid_base_balance,BAC_P::Bacteroidota,Bacteria,4,0.0,0.0,True,143.0,False,False
warning_buffer_capacity,BAC_P::Bacteroidota,Bacteria,4,0.0015175778169199308,0.012997187941070923,True,4.0,True,True
warning_acid_accumulation,BAC_P::Bacteroidota,Bacteria,4,0.0,0.0,True,138.5,False,False
warning_ammonia_toxicity,BAC_P::Bacteroidota,Bacteria,4,0.0,0.0,True,141.0,False,False
warning_biogas_quality,BAC_P::Bacteroidota,Bacteria,4,,,True,,False,False
warning_acid_base_balance,BAC_P::Bdellovibrionota,Bacteria,4,0.0,0.0,True,143.0,False,False
warning_buffer_capacity,BAC_P::Bdellovibrionota,Bacteria,4,0.0,0.0,True,139.0,False,False
warning_acid_accumulation,BAC_P::Bdellovibrionota,Bacteria,4,0.0,0.0,True,138.5,False,False
warning_ammonia_toxicity,BAC_P::Bdellovibrionota,Bacteria,4,0.0,0.0,True,141.0,False,False
warning_biogas_quality,BAC_P::Bdellovibrionota,Bacteria,4,,,True,,False,False
warning_acid_base_balance,BAC_P::Caldatribacteriota,Bacteria,4,0.0,0.0,True,143.0,False,False
warning_buffer_capacity,BAC_P::Caldatribacteriota,Bacteria,4,0.0,0.0,True,139.0,False,False
warning_acid_accumulation,BAC_P::Caldatribacteriota,Bacteria,4,0.0,0.0,True,138.5,False,False
warning_ammonia_toxicity,BAC_P::Caldatribacteriota,Bacteria,4,-0.02583333333333343,0.02308451292191599,True,275.0,False,False
warning_biogas_quality,BAC_P::Caldatribacteriota,Bacteria,4,,,True,,False,False
warning_acid_base_balance,BAC_P::Caldisericota,Bacteria,4,0.0,0.0,True,143.0,False,False
warning_buffer_capacity,BAC_P::Caldisericota,Bacteria,4,0.0,0.0,True,139.0,False,False
warning_acid_accumulation,BAC_P::Caldisericota,Bacteria,4,0.0,0.0,True,138.5,False,False
warning_ammonia_toxicity,BAC_P::Caldisericota,Bacteria,4,0.0,0.0,True,141.0,False,False
warning_biogas_quality,BAC_P::Caldisericota,Bacteria,4,,,True,,False,False
warning_acid_base_balance,BAC_P::Campilobacterota,Bacteria,4,0.0,0.0,True,143.0,False,False
warning_buffer_capacity,BAC_P::Campilobacterota,Bacteria,4,0.0,0.0,True,139.0,False,False
warning_acid_accumulation,BAC_P::Campilobacterota,Bacteria,4,0.0,0.0,True,138.5,False,False
warning_ammonia_toxicity,BAC_P::Campilobacterota,Bacteria,4,0.0,0.0,True,141.0,False,False
warning_biogas_quality,BAC_P::Campilobacterota,Bacteria,4,,,True,,False,False
warning_acid_base_balance,BAC_P::Chloroflexi,Bacteria,4,0.0,0.0,True,143.0,False,False
warning_buffer_capacity,BAC_P::Chloroflexi,Bacteria,4,0.0,0.0,True,139.0,False,False
warning_acid_accumulation,BAC_P::Chloroflexi,Bacteria,4,0.0,0.0,True,138.5,False,False
warning_ammonia_toxicity,BAC_P::Chloroflexi,Bacteria,4,0.0,0.0,True,141.0,False,False
warning_biogas_quality,BAC_P::Chloroflexi,Bacteria,4,,,True,,False,False
warning_acid_base_balance,BAC_P::Cloacimonadota,Bacteria,4,-0.0049206349206349365,0.06951373795510203,True,275.0,False,False
warning_buffer_capacity,BAC_P::Cloacimonadota,Bacteria,4,0.0,0.0,True,139.0,False,False
warning_acid_accumulation,BAC_P::Cloacimonadota,Bacteria,4,0.0,0.0,True,138.5,False,False
warning_ammonia_toxicity,BAC_P::Cloacimonadota,Bacteria,4,0.0,0.0,True,141.0,False,False
warning_biogas_quality,BAC_P::Cloacimonadota,Bacteria,4,,,True,,False,False
warning_acid_base_balance,BAC_P::Coprothermobacterota,Bacteria,4,0.0,0.0,True,143.0,False,False
warning_buffer_capacity,BAC_P::Coprothermobacterota,Bacteria,4,0.0,0.0,True,139.0,False,False
warning_acid_accumulation,BAC_P::Coprothermobacterota,Bacteria,4,0.0,0.0,True,138.5,False,False
warning_ammonia_toxicity,BAC_P::Coprothermobacterota,Bacteria,4,0.0,0.0,True,141.0,False,False
warning_biogas_quality,BAC_P::Coprothermobacterota,Bacteria,4,,,True,,False,False
warning_acid_base_balance,BAC_P::Cyanobacteria,Bacteria,4,0.0,0.0,True,143.0,False,False
warning_buffer_capacity,BAC_P::Cyanobacteria,Bacteria,4,0.0,0.0,True,139.0,False,False
warning_acid_accumulation,BAC_P::Cyanobacteria,Bacteria,4,0.0,0.0,True,138.5,False,False
warning_ammonia_toxicity,BAC_P::Cyanobacteria,Bacteria,4,0.0,0.0,True,141.0,False,False
warning_biogas_quality,BAC_P::Cyanobacteria,Bacteria,4,,,True,,False,False
warning_acid_base_balance,BAC_P::Deinococcota,Bacteria,4,0.0,0.0,True,143.0,False,False
warning_buffer_capacity,BAC_P::Deinococcota,Bacteria,4,0.0,0.0,True,139.0,False,False
warning_acid_accumulation,BAC_P::Deinococcota,Bacteria,4,0.0,0.0,True,138.5,False,False
warning_ammonia_toxicity,BAC_P::Deinococcota,Bacteria,4,0.0,0.0,True,141.0,False,False
warning_biogas_quality,BAC_P::Deinococcota,Bacteria,4,,,True,,False,False
warning_acid_base_balance,BAC_P::Dependentiae,Bacteria,4,0.0,0.0,True,143.0,False,False
warning_buffer_capacity,BAC_P::Dependentiae,Bacteria,4,0.0,0.0,True,139.0,False,False
warning_acid_accumulation,BAC_P::Dependentiae,Bacteria,4,0.0,0.0,True,138.5,False,False
warning_ammonia_toxicity,BAC_P::Dependentiae,Bacteria,4,0.0,0.0,True,141.0,False,False
warning_biogas_quality,BAC_P::Dependentiae,Bacteria,4,,,True,,False,False
warning_acid_base_balance,BAC_P::Desulfobacterota,Bacteria,4,0.0,0.0,True,143.0,False,False
warning_buffer_capacity,BAC_P::Desulfobacterota,Bacteria,4,0.0,0.0,True,139.0,False,False
warning_acid_accumulation,BAC_P::Desulfobacterota,Bacteria,4,0.0,0.0,True,138.5,False,False
warning_ammonia_toxicity,BAC_P::Desulfobacterota,Bacteria,4,0.0,0.0,True,141.0,False,False
warning_biogas_quality,BAC_P::Desulfobacterota,Bacteria,4,,,True,,False,False
warning_acid_base_balance,BAC_P::Elusimicrobiota,Bacteria,4,0.0,0.0,True,143.0,False,False
warning_buffer_capacity,BAC_P::Elusimicrobiota,Bacteria,4,0.0,0.0,True,139.0,False,False
warning_acid_accumulation,BAC_P::Elusimicrobiota,Bacteria,4,0.0,0.0,True,138.5,False,False
warning_ammonia_toxicity,BAC_P::Elusimicrobiota,Bacteria,4,0.0,0.0,True,141.0,False,False
warning_biogas_quality,BAC_P::Elusimicrobiota,Bacteria,4,,,True,,False,False
warning_acid_base_balance,BAC_P::Fermentibacterota,Bacteria,4,0.0,0.0,True,143.0,False,False
warning_buffer_capacity,BAC_P::Fermentibacterota,Bacteria,4,0.0,0.0,True,139.0,False,False
warning_acid_accumulation,BAC_P::Fermentibacterota,Bacteria,4,0.0,0.0,True,138.5,False,False
warning_ammonia_toxicity,BAC_P::Fermentibacterota,Bacteria,4,0.0,0.0,True,141.0,False,False
warning_biogas_quality,BAC_P::Fermentibacterota,Bacteria,4,,,True,,False,False
warning_acid_base_balance,BAC_P::Fibrobacterota,Bacteria,4,0.0,0.0,False,143.0,False,False
warning_buffer_capacity,BAC_P::Fibrobacterota,Bacteria,4,0.0,0.0,False,139.0,False,False
warning_acid_accumulation,BAC_P::Fibrobacterota,Bacteria,4,0.0,0.0,False,138.5,False,False
warning_ammonia_toxicity,BAC_P::Fibrobacterota,Bacteria,4,0.0,0.0,False,141.0,False,False
warning_biogas_quality,BAC_P::Fibrobacterota,Bacteria,4,,,False,,False,False
warning_acid_base_balance,BAC_P::Firmicutes,Bacteria,4,0.0,0.0,True,143.0,False,False
warning_buffer_capacity,BAC_P::Firmicutes,Bacteria,4,0.0,0.0,True,139.0,False,False
warning_acid_accumulation,BAC_P::Firmicutes,Bacteria,4,0.0,0.0,True,138.5,False,False
warning_ammonia_toxicity,BAC_P::Firmicutes,Bacteria,4,0.016091269841269816,0.08490018365298152,True,4.0,True,True
warning_biogas_quality,BAC_P::Firmicutes,Bacteria,4,,,True,,False,False
warning_acid_base_balance,BAC_P::Fusobacteriota,Bacteria,4,0.0,0.0,True,143.0,False,False
warning_buffer_capacity,BAC_P::Fusobacteriota,Bacteria,4,0.0,0.0,True,139.0,False,False
warning_acid_accumulation,BAC_P::Fusobacteriota,Bacteria,4,0.0,0.0,True,138.5,False,False
warning_ammonia_toxicity,BAC_P::Fusobacteriota,Bacteria,4,0.0,0.0,True,141.0,False,False
warning_biogas_quality,BAC_P::Fusobacteriota,Bacteria,4,,,True,,False,False
warning_acid_base_balance,BAC_P::Halanaerobiaeota,Bacteria,4,0.0,0.0,True,143.0,False,False
warning_buffer_capacity,BAC_P::Halanaerobiaeota,Bacteria,4,0.0,0.0,True,139.0,False,False
warning_acid_accumulation,BAC_P::Halanaerobiaeota,Bacteria,4,0.0,0.0,True,138.5,False,False
warning_ammonia_toxicity,BAC_P::Halanaerobiaeota,Bacteria,4,0.0,0.0,True,141.0,False,False
warning_biogas_quality,BAC_P::Halanaerobiaeota,Bacteria,4,,,True,,False,False
warning_acid_base_balance,BAC_P::Marinimicrobia_(SAR406_clade),Bacteria,4,0.0,0.0,True,143.0,False,False
warning_buffer_capacity,BAC_P::Marinimicrobia_(SAR406_clade),Bacteria,4,0.0,0.0,True,139.0,False,False
warning_acid_accumulation,BAC_P::Marinimicrobia_(SAR406_clade),Bacteria,4,0.0,0.0,True,138.5,False,False
warning_ammonia_toxicity,BAC_P::Marinimicrobia_(SAR406_clade),Bacteria,4,0.0,0.0,True,141.0,False,False
warning_biogas_quality,BAC_P::Marinimicrobia_(SAR406_clade),Bacteria,4,,,True,,False,False
warning_acid_base_balance,BAC_P::Patescibacteria,Bacteria,4,0.0,0.0,True,143.0,False,False
warning_buffer_capacity,BAC_P::Patescibacteria,Bacteria,4,0.0,0.0,True,139.0,False,False
warning_acid_accumulation,BAC_P::Patescibacteria,Bacteria,4,0.0,0.0,True,138.5,False,False
warning_ammonia_toxicity,BAC_P::Patescibacteria,Bacteria,4,0.0,0.0,True,141.0,False,False
warning_biogas_quality,BAC_P::Patescibacteria,Bacteria,4,,,True,,False,False
warning_acid_base_balance,BAC_P::Planctomycetota,Bacteria,4,0.0,0.0,True,143.0,False,False
warning_buffer_capacity,BAC_P::Planctomycetota,Bacteria,4,0.0,0.0,True,139.0,False,False
warning_acid_accumulation,BAC_P::Planctomycetota,Bacteria,4,0.0,0.0,True,138.5,False,False
warning_ammonia_toxicity,BAC_P::Planctomycetota,Bacteria,4,0.0,0.0,True,141.0,False,False
warning_biogas_quality,BAC_P::Planctomycetota,Bacteria,4,,,True,,False,False
warning_acid_base_balance,BAC_P::Proteobacteria,Bacteria,4,0.0,0.0,True,143.0,False,False
warning_buffer_capacity,BAC_P::Proteobacteria,Bacteria,4,0.0,0.0,True,139.0,False,False
warning_acid_accumulation,BAC_P::Proteobacteria,Bacteria,4,0.0,0.0,True,138.5,False,False
warning_ammonia_toxicity,BAC_P::Proteobacteria,Bacteria,4,0.0,0.0,True,141.0,False,False
warning_biogas_quality,BAC_P::Proteobacteria,Bacteria,4,,,True,,False,False
warning_acid_base_balance,BAC_P::Spirochaetota,Bacteria,4,0.2482486957486957,0.06215335908393753,True,1.0,True,True
warning_buffer_capacity,BAC_P::Spirochaetota,Bacteria,4,0.0011648890325360948,0.00497919574027478,True,5.0,True,True
warning_acid_accumulation,BAC_P::Spirochaetota,Bacteria,4,0.0,0.0,True,138.5,False,False
warning_ammonia_toxicity,BAC_P::Spirochaetota,Bacteria,4,0.0,0.0,True,141.0,False,False
warning_biogas_quality,BAC_P::Spirochaetota,Bacteria,4,,,True,,False,False
warning_acid_base_balance,BAC_P::Synergistota,Bacteria,4,0.0,0.0,True,143.0,False,False
warning_buffer_capacity,BAC_P::Synergistota,Bacteria,4,0.0,0.0,True,139.0,False,False
warning_acid_accumulation,BAC_P::Synergistota,Bacteria,4,0.0,0.0,True,138.5,False,False
warning_ammonia_toxicity,BAC_P::Synergistota,Bacteria,4,0.0,0.0,True,141.0,False,False
warning_biogas_quality,BAC_P::Synergistota,Bacteria,4,,,True,,False,False
warning_acid_base_balance,BAC_P::Thermotogota,Bacteria,4,0.009523809523809535,0.011967254522619885,True,8.0,True,True
warning_buffer_capacity,BAC_P::Thermotogota,Bacteria,4,0.0,0.0,True,139.0,False,False
warning_acid_accumulation,BAC_P::Thermotogota,Bacteria,4,0.0,0.0,True,138.5,False,False
warning_ammonia_toxicity,BAC_P::Thermotogota,Bacteria,4,0.0,0.0,True,141.0,False,False
warning_biogas_quality,BAC_P::Thermotogota,Bacteria,4,,,True,,False,False
warning_acid_base_balance,BAC_P::Verrucomicrobiota,Bacteria,4,0.0,0.0,True,143.0,False,False
warning_buffer_capacity,BAC_P::Verrucomicrobiota,Bacteria,4,0.0,0.0,True,139.0,False,False
warning_acid_accumulation,BAC_P::Verrucomicrobiota,Bacteria,4,0.0,0.0,True,138.5,False,False
warning_ammonia_toxicity,BAC_P::Verrucomicrobiota,Bacteria,4,0.0,0.0,True,141.0,False,False
warning_biogas_quality,BAC_P::Verrucomicrobiota,Bacteria,4,,,True,,False,False
warning_acid_base_balance,BAC_P::WS1,Bacteria,4,0.0,0.0,True,143.0,False,False
warning_buffer_capacity,BAC_P::WS1,Bacteria,4,0.0,0.0,True,139.0,False,False
warning_acid_accumulation,BAC_P::WS1,Bacteria,4,0.0,0.0,True,138.5,False,False
warning_ammonia_toxicity,BAC_P::WS1,Bacteria,4,0.0,0.0,True,141.0,False,False
warning_biogas_quality,BAC_P::WS1,Bacteria,4,,,True,,False,False
warning_acid_base_balance,BAC_P::unidentified,Bacteria,4,0.0,0.0,True,143.0,False,False
warning_buffer_capacity,BAC_P::unidentified,Bacteria,4,0.0,0.0,True,139.0,False,False
warning_acid_accumulation,BAC_P::unidentified,Bacteria,4,0.0,0.0,True,138.5,False,False
warning_ammonia_toxicity,BAC_P::unidentified,Bacteria,4,0.0,0.0,True,141.0,False,False
warning_biogas_quality,BAC_P::unidentified,Bacteria,4,,,True,,False,False
warning_acid_base_balance,BAC_G::009E01-B-SD-P15,Bacteria,4,0.0,0.0,True,143.0,False,False
warning_buffer_capacity,BAC_G::009E01-B-SD-P15,Bacteria,4,0.0,0.0,True,139.0,False,False
warning_acid_accumulation,BAC_G::009E01-B-SD-P15,Bacteria,4,0.0,0.0,True,138.5,False,False
warning_ammonia_toxicity,BAC_G::009E01-B-SD-P15,Bacteria,4,0.0,0.0,True,141.0,False,False
warning_biogas_quality,BAC_G::009E01-B-SD-P15,Bacteria,4,,,True,,False,False
warning_acid_base_balance,BAC_G::113B434,Bacteria,4,0.0,0.0,True,143.0,False,False
warning_buffer_capacity,BAC_G::113B434,Bacteria,4,0.0,0.0,True,139.0,False,False
warning_acid_accumulation,BAC_G::113B434,Bacteria,4,0.0,0.0,True,138.5,False,False
warning_ammonia_toxicity,BAC_G::113B434,Bacteria,4,0.0,0.0,True,141.0,False,False
warning_biogas_quality,BAC_G::113B434,Bacteria,4,,,True,,False,False
warning_acid_base_balance,BAC_G::AAP99,Bacteria,4,0.0,0.0,True,143.0,False,False
warning_buffer_capacity,BAC_G::AAP99,Bacteria,4,0.0,0.0,True,139.0,False,False
warning_acid_accumulation,BAC_G::AAP99,Bacteria,4,0.0,0.0,True,138.5,False,False
warning_ammonia_toxicity,BAC_G::AAP99,Bacteria,4,0.0,0.0,True,141.0,False,False
warning_biogas_quality,BAC_G::AAP99,Bacteria,4,,,True,,False,False
warning_acid_base_balance,BAC_G::ADurb.Bin063-1,Bacteria,4,0.0,0.0,True,143.0,False,False
warning_buffer_capacity,BAC_G::ADurb.Bin063-1,Bacteria,4,0.0,0.0,True,139.0,False,False
warning_acid_accumulation,BAC_G::ADurb.Bin063-1,Bacteria,4,0.0,0.0,True,138.5,False,False
warning_ammonia_toxicity,BAC_G::ADurb.Bin063-1,Bacteria,4,0.0,0.0,True,141.0,False,False
warning_biogas_quality,BAC_G::ADurb.Bin063-1,Bacteria,4,,,True,,False,False
warning_acid_base_balance,BAC_G::ADurb.Bin120,Bacteria,4,0.0,0.0,True,143.0,False,False
warning_buffer_capacity,BAC_G::ADurb.Bin120,Bacteria,4,0.0,0.0,True,139.0,False,False
warning_acid_accumulation,BAC_G::ADurb.Bin120,Bacteria,4,0.0,0.0,True,138.5,False,False
warning_ammonia_toxicity,BAC_G::ADurb.Bin120,Bacteria,4,0.0,0.0,True,141.0,False,False
warning_biogas_quality,BAC_G::ADurb.Bin120,Bacteria,4,,,True,,False,False
warning_acid_base_balance,BAC_G::AKYH767,Bacteria,4,0.0,0.0,True,143.0,False,False
warning_buffer_capacity,BAC_G::AKYH767,Bacteria,4,0.0,0.0,True,139.0,False,False
warning_acid_accumulation,BAC_G::AKYH767,Bacteria,4,0.0,0.0,True,138.5,False,False
warning_ammonia_toxicity,BAC_G::AKYH767,Bacteria,4,0.0,0.0,True,141.0,False,False
warning_biogas_quality,BAC_G::AKYH767,Bacteria,4,,,True,,False,False
warning_acid_base_balance,BAC_G::AUTHM297,Bacteria,4,0.0,0.0,True,143.0,False,False
warning_buffer_capacity,BAC_G::AUTHM297,Bacteria,4,0.0,0.0,True,139.0,False,False
warning_acid_accumulation,BAC_G::AUTHM297,Bacteria,4,0.0,0.0,True,138.5,False,False
warning_ammonia_toxicity,BAC_G::AUTHM297,Bacteria,4,0.0,0.0,True,141.0,False,False
warning_biogas_quality,BAC_G::AUTHM297,Bacteria,4,,,True,,False,False
warning_acid_base_balance,BAC_G::Acetobacter,Bacteria,4,0.0,0.0,True,143.0,False,False
warning_buffer_capacity,BAC_G::Acetobacter,Bacteria,4,0.0,0.0,True,139.0,False,False
warning_acid_accumulation,BAC_G::Acetobacter,Bacteria,4,0.0,0.0,True,138.5,False,False
warning_ammonia_toxicity,BAC_G::Acetobacter,Bacteria,4,0.0,0.0,True,141.0,False,False
warning_biogas_quality,BAC_G::Acetobacter,Bacteria,4,,,True,,False,False
warning_acid_base_balance,BAC_G::Acetomicrobium,Bacteria,4,0.0,0.0,True,143.0,False,False
warning_buffer_capacity,BAC_G::Acetomicrobium,Bacteria,4,0.0,0.0,True,139.0,False,False
warning_acid_accumulation,BAC_G::Acetomicrobium,Bacteria,4,0.0,0.0,True,138.5,False,False
warning_ammonia_toxicity,BAC_G::Acetomicrobium,Bacteria,4,0.0,0.0,True,141.0,False,False
warning_biogas_quality,BAC_G::Acetomicrobium,Bacteria,4,,,True,,False,False
warning_acid_base_balance,BAC_G::Acetothermiia,Bacteria,4,0.0,0.0,True,143.0,False,False
warning_buffer_capacity,BAC_G::Acetothermiia,Bacteria,4,0.0,0.0,True,139.0,False,False
warning_acid_accumulation,BAC_G::Acetothermiia,Bacteria,4,0.0,0.0,True,138.5,False,False
warning_ammonia_toxicity,BAC_G::Acetothermiia,Bacteria,4,0.0,0.0,True,141.0,False,False
warning_biogas_quality,BAC_G::Acetothermiia,Bacteria,4,,,True,,False,False
warning_acid_base_balance,BAC_G::Acholeplasma,Bacteria,4,0.0,0.0,True,143.0,False,False
warning_buffer_capacity,BAC_G::Acholeplasma,Bacteria,4,0.0,0.0,True,139.0,False,False
warning_acid_accumulation,BAC_G::Acholeplasma,Bacteria,4,0.0,0.0,True,138.5,False,False
warning_ammonia_toxicity,BAC_G::Acholeplasma,Bacteria,4,0.0,0.0,True,141.0,False,False
warning_biogas_quality,BAC_G::Acholeplasma,Bacteria,4,,,True,,False,False
warning_acid_base_balance,BAC_G::Acidovorax,Bacteria,4,0.0,0.0,True,143.0,False,False
warning_buffer_capacity,BAC_G::Acidovorax,Bacteria,4,0.0,0.0,True,139.0,False,False
warning_acid_accumulation,BAC_G::Acidovorax,Bacteria,4,0.0,0.0,True,138.5,False,False
warning_ammonia_toxicity,BAC_G::Acidovorax,Bacteria,4,0.0,0.0,True,141.0,False,False
warning_biogas_quality,BAC_G::Acidovorax,Bacteria,4,,,True,,False,False
warning_acid_base_balance,BAC_G::Acinetobacter,Bacteria,4,0.0,0.0,True,143.0,False,False
warning_buffer_capacity,BAC_G::Acinetobacter,Bacteria,4,0.0,0.0,True,139.0,False,False
warning_acid_accumulation,BAC_G::Acinetobacter,Bacteria,4,0.0,0.0,True,138.5,False,False
warning_ammonia_toxicity,BAC_G::Acinetobacter,Bacteria,4,0.0,0.0,True,141.0,False,False
warning_biogas_quality,BAC_G::Acinetobacter,Bacteria,4,,,True,,False,False
warning_acid_base_balance,BAC_G::Actinomyces,Bacteria,4,0.0,0.0,True,143.0,False,False
warning_buffer_capacity,BAC_G::Actinomyces,Bacteria,4,0.0,0.0,True,139.0,False,False
warning_acid_accumulation,BAC_G::Actinomyces,Bacteria,4,0.0,0.0,True,138.5,False,False
warning_ammonia_toxicity,BAC_G::Actinomyces,Bacteria,4,0.0,0.0,True,141.0,False,False
warning_biogas_quality,BAC_G::Actinomyces,Bacteria,4,,,True,,False,False
warning_acid_base_balance,BAC_G::Aeriscardovia,Bacteria,4,0.0,0.0,True,143.0,False,False
warning_buffer_capacity,BAC_G::Aeriscardovia,Bacteria,4,0.0,0.0,True,139.0,False,False
warning_acid_accumulation,BAC_G::Aeriscardovia,Bacteria,4,0.0,0.0,True,138.5,False,False
warning_ammonia_toxicity,BAC_G::Aeriscardovia,Bacteria,4,0.0,0.0,True,141.0,False,False
warning_biogas_quality,BAC_G::Aeriscardovia,Bacteria,4,,,True,,False,False
warning_acid_base_balance,BAC_G::Alkaliphilus,Bacteria,4,0.0,0.0,True,143.0,False,False
warning_buffer_capacity,BAC_G::Alkaliphilus,Bacteria,4,0.0,0.0,True,139.0,False,False
warning_acid_accumulation,BAC_G::Alkaliphilus,Bacteria,4,0.0,0.0,True,138.5,False,False
warning_ammonia_toxicity,BAC_G::Alkaliphilus,Bacteria,4,0.0,0.0,True,141.0,False,False
warning_biogas_quality,BAC_G::Alkaliphilus,Bacteria,4,,,True,,False,False
warning_acid_base_balance,BAC_G::Aminicenantales,Bacteria,4,0.0,0.0,True,143.0,False,False
warning_buffer_capacity,BAC_G::Aminicenantales,Bacteria,4,0.0,0.0,True,139.0,False,False
warning_acid_accumulation,BAC_G::Aminicenantales,Bacteria,4,0.0,0.0,True,138.5,False,False
warning_ammonia_toxicity,BAC_G::Aminicenantales,Bacteria,4,0.0,0.0,True,141.0,False,False
warning_biogas_quality,BAC_G::Aminicenantales,Bacteria,4,,,True,,False,False
warning_acid_base_balance,BAC_G::Aminobacterium,Bacteria,4,0.0,0.0,True,143.0,False,False
warning_buffer_capacity,BAC_G::Aminobacterium,Bacteria,4,0.0,0.0,True,139.0,False,False
warning_acid_accumulation,BAC_G::Aminobacterium,Bacteria,4,0.0,0.0,True,138.5,False,False
warning_ammonia_toxicity,BAC_G::Aminobacterium,Bacteria,4,0.0,0.0,True,141.0,False,False
warning_biogas_quality,BAC_G::Aminobacterium,Bacteria,4,,,True,,False,False
warning_acid_base_balance,BAC_G::Anaerococcus,Bacteria,4,0.0,0.0,True,143.0,False,False
warning_buffer_capacity,BAC_G::Anaerococcus,Bacteria,4,0.0,0.0,True,139.0,False,False
warning_acid_accumulation,BAC_G::Anaerococcus,Bacteria,4,0.0,0.0,True,138.5,False,False
warning_ammonia_toxicity,BAC_G::Anaerococcus,Bacteria,4,0.0,0.0,True,141.0,False,False
warning_biogas_quality,BAC_G::Anaerococcus,Bacteria,4,,,True,,False,False
warning_acid_base_balance,BAC_G::Anaerofustis,Bacteria,4,0.0,0.0,True,143.0,False,False
warning_buffer_capacity,BAC_G::Anaerofustis,Bacteria,4,0.0,0.0,True,139.0,False,False
warning_acid_accumulation,BAC_G::Anaerofustis,Bacteria,4,0.0,0.0,True,138.5,False,False
warning_ammonia_toxicity,BAC_G::Anaerofustis,Bacteria,4,0.0,0.0,True,141.0,False,False
warning_biogas_quality,BAC_G::Anaerofustis,Bacteria,4,,,True,,False,False
warning_acid_base_balance,BAC_G::Anaerostignum,Bacteria,4,0.0,0.0,True,143.0,False,False
warning_buffer_capacity,BAC_G::Anaerostignum,Bacteria,4,0.0,0.0,True,139.0,False,False
warning_acid_accumulation,BAC_G::Anaerostignum,Bacteria,4,0.0,0.0,True,138.5,False,False
warning_ammonia_toxicity,BAC_G::Anaerostignum,Bacteria,4,0.0,0.0,True,141.0,False,False
warning_biogas_quality,BAC_G::Anaerostignum,Bacteria,4,,,True,,False,False
warning_acid_base_balance,BAC_G::Anaerovorax,Bacteria,4,0.0,0.0,True,143.0,False,False
warning_buffer_capacity,BAC_G::Anaerovorax,Bacteria,4,0.0,0.0,True,139.0,False,False
warning_acid_accumulation,BAC_G::Anaerovorax,Bacteria,4,0.0,0.0,True,138.5,False,False
warning_ammonia_toxicity,BAC_G::Anaerovorax,Bacteria,4,0.0,0.0,True,141.0,False,False
warning_biogas_quality,BAC_G::Anaerovorax,Bacteria,4,,,True,,False,False
warning_acid_base_balance,BAC_G::Arenimonas,Bacteria,4,0.0,0.0,True,143.0,False,False
warning_buffer_capacity,BAC_G::Arenimonas,Bacteria,4,0.0,0.0,True,139.0,False,False
warning_acid_accumulation,BAC_G::Arenimonas,Bacteria,4,0.0,0.0,True,138.5,False,False
warning_ammonia_toxicity,BAC_G::Arenimonas,Bacteria,4,0.0,0.0,True,141.0,False,False
warning_biogas_quality,BAC_G::Arenimonas,Bacteria,4,,,True,,False,False
warning_acid_base_balance,BAC_G::Atopobium,Bacteria,4,0.0,0.0,True,143.0,False,False
warning_buffer_capacity,BAC_G::Atopobium,Bacteria,4,0.0,0.0,True,139.0,False,False
warning_acid_accumulation,BAC_G::Atopobium,Bacteria,4,0.0,0.0,True,138.5,False,False
warning_ammonia_toxicity,BAC_G::Atopobium,Bacteria,4,0.0,0.0,True,141.0,False,False
warning_biogas_quality,BAC_G::Atopobium,Bacteria,4,,,True,,False,False
warning_acid_base_balance,BAC_G::Azospira,Bacteria,4,0.0,0.0,True,143.0,False,False
warning_buffer_capacity,BAC_G::Azospira,Bacteria,4,0.0,0.0,True,139.0,False,False
warning_acid_accumulation,BAC_G::Azospira,Bacteria,4,0.0,0.0,True,138.5,False,False
warning_ammonia_toxicity,BAC_G::Azospira,Bacteria,4,0.0,0.0,True,141.0,False,False
warning_biogas_quality,BAC_G::Azospira,Bacteria,4,,,True,,False,False
warning_acid_base_balance,BAC_G::BD1-7_clade,Bacteria,4,0.0,0.0,True,143.0,False,False
warning_buffer_capacity,BAC_G::BD1-7_clade,Bacteria,4,0.0,0.0,True,139.0,False,False
warning_acid_accumulation,BAC_G::BD1-7_clade,Bacteria,4,0.0,0.0,True,138.5,False,False
warning_ammonia_toxicity,BAC_G::BD1-7_clade,Bacteria,4,0.0,0.0,True,141.0,False,False
warning_biogas_quality,BAC_G::BD1-7_clade,Bacteria,4,,,True,,False,False
warning_acid_base_balance,BAC_G::BRH-c20a,Bacteria,4,0.0,0.0,True,143.0,False,False
warning_buffer_capacity,BAC_G::BRH-c20a,Bacteria,4,0.0,0.0,True,139.0,False,False
warning_acid_accumulation,BAC_G::BRH-c20a,Bacteria,4,0.0,0.0,True,138.5,False,False
warning_ammonia_toxicity,BAC_G::BRH-c20a,Bacteria,4,0.0,0.0,True,141.0,False,False
warning_biogas_quality,BAC_G::BRH-c20a,Bacteria,4,,,True,,False,False
warning_acid_base_balance,BAC_G::Babeliales,Bacteria,4,0.0,0.0,True,143.0,False,False
warning_buffer_capacity,BAC_G::Babeliales,Bacteria,4,0.0,0.0,True,139.0,False,False
warning_acid_accumulation,BAC_G::Babeliales,Bacteria,4,0.0,0.0,True,138.5,False,False
warning_ammonia_toxicity,BAC_G::Babeliales,Bacteria,4,0.0,0.0,True,141.0,False,False
warning_biogas_quality,BAC_G::Babeliales,Bacteria,4,,,True,,False,False
warning_acid_base_balance,BAC_G::Bacillus,Bacteria,4,0.0,0.0,True,143.0,False,False
warning_buffer_capacity,BAC_G::Bacillus,Bacteria,4,0.0,0.0,True,139.0,False,False
warning_acid_accumulation,BAC_G::Bacillus,Bacteria,4,0.0,0.0,True,138.5,False,False
warning_ammonia_toxicity,BAC_G::Bacillus,Bacteria,4,0.0,0.0,True,141.0,False,False
warning_biogas_quality,BAC_G::Bacillus,Bacteria,4,,,True,,False,False
warning_acid_base_balance,BAC_G::Bacteroidales_UCG-001,Bacteria,4,0.0,0.0,True,143.0,False,False
warning_buffer_capacity,BAC_G::Bacteroidales_UCG-001,Bacteria,4,0.0,0.0,True,139.0,False,False
warning_acid_accumulation,BAC_G::Bacteroidales_UCG-001,Bacteria,4,0.0,0.0,True,138.5,False,False
warning_ammonia_toxicity,BAC_G::Bacteroidales_UCG-001,Bacteria,4,0.0,0.0,True,141.0,False,False
warning_biogas_quality,BAC_G::Bacteroidales_UCG-001,Bacteria,4,,,True,,False,False
warning_acid_base_balance,BAC_G::Bacteroides,Bacteria,4,0.0,0.0,True,143.0,False,False
warning_buffer_capacity,BAC_G::Bacteroides,Bacteria,4,0.0,0.0,True,139.0,False,False
warning_acid_accumulation,BAC_G::Bacteroides,Bacteria,4,0.0,0.0,True,138.5,False,False
warning_ammonia_toxicity,BAC_G::Bacteroides,Bacteria,4,0.0,0.0,True,141.0,False,False
warning_biogas_quality,BAC_G::Bacteroides,Bacteria,4,,,True,,False,False
warning_acid_base_balance,BAC_G::Bacteroidetes_VC2.1_Bac22,Bacteria,4,0.0,0.0,True,143.0,False,False
warning_buffer_capacity,BAC_G::Bacteroidetes_VC2.1_Bac22,Bacteria,4,0.0,0.0,True,139.0,False,False
warning_acid_accumulation,BAC_G::Bacteroidetes_VC2.1_Bac22,Bacteria,4,0.0,0.0,True,138.5,False,False
warning_ammonia_toxicity,BAC_G::Bacteroidetes_VC2.1_Bac22,Bacteria,4,0.0,0.0,True,141.0,False,False
warning_biogas_quality,BAC_G::Bacteroidetes_VC2.1_Bac22,Bacteria,4,,,True,,False,False
warning_acid_base_balance,BAC_G::Bacteroidetes_vadinHA17,Bacteria,4,0.0,0.0,True,143.0,False,False
warning_buffer_capacity,BAC_G::Bacteroidetes_vadinHA17,Bacteria,4,0.0,0.0,True,139.0,False,False
warning_acid_accumulation,BAC_G::Bacteroidetes_vadinHA17,Bacteria,4,0.0,0.0,True,138.5,False,False
warning_ammonia_toxicity,BAC_G::Bacteroidetes_vadinHA17,Bacteria,4,0.0,0.0,True,141.0,False,False
warning_biogas_quality,BAC_G::Bacteroidetes_vadinHA17,Bacteria,4,,,True,,False,False
warning_acid_base_balance,BAC_G::Bdellovibrio,Bacteria,4,0.0,0.0,True,143.0,False,False
warning_buffer_capacity,BAC_G::Bdellovibrio,Bacteria,4,0.0,0.0,True,139.0,False,False
warning_acid_accumulation,BAC_G::Bdellovibrio,Bacteria,4,0.0,0.0,True,138.5,False,False
warning_ammonia_toxicity,BAC_G::Bdellovibrio,Bacteria,4,0.0,0.0,True,141.0,False,False
warning_biogas_quality,BAC_G::Bdellovibrio,Bacteria,4,,,True,,False,False
warning_acid_base_balance,BAC_G::Bifidobacterium,Bacteria,4,0.0,0.0,True,143.0,False,False
warning_buffer_capacity,BAC_G::Bifidobacterium,Bacteria,4,0.0,0.0,True,139.0,False,False
warning_acid_accumulation,BAC_G::Bifidobacterium,Bacteria,4,0.0,0.0,True,138.5,False,False
warning_ammonia_toxicity,BAC_G::Bifidobacterium,Bacteria,4,0.0,0.0,True,141.0,False,False
warning_biogas_quality,BAC_G::Bifidobacterium,Bacteria,4,,,True,,False,False
warning_acid_base_balance,BAC_G::Butyrivibrio,Bacteria,4,0.0,0.0,True,143.0,False,False
warning_buffer_capacity,BAC_G::Butyrivibrio,Bacteria,4,0.0,0.0,True,139.0,False,False
warning_acid_accumulation,BAC_G::Butyrivibrio,Bacteria,4,0.0,0.0,True,138.5,False,False
warning_ammonia_toxicity,BAC_G::Butyrivibrio,Bacteria,4,0.0,0.0,True,141.0,False,False
warning_biogas_quality,BAC_G::Butyrivibrio,Bacteria,4,,,True,,False,False
warning_acid_base_balance,BAC_G::Caldicoprobacter,Bacteria,4,0.0,0.0,True,143.0,False,False
warning_buffer_capacity,BAC_G::Caldicoprobacter,Bacteria,4,0.0,0.0,True,139.0,False,False
warning_acid_accumulation,BAC_G::Caldicoprobacter,Bacteria,4,0.0,0.0,True,138.5,False,False
warning_ammonia_toxicity,BAC_G::Caldicoprobacter,Bacteria,4,0.0,0.0,True,141.0,False,False
warning_biogas_quality,BAC_G::Caldicoprobacter,Bacteria,4,,,True,,False,False
warning_acid_base_balance,BAC_G::Caldisericum,Bacteria,4,0.0,0.0,True,143.0,False,False
warning_buffer_capacity,BAC_G::Caldisericum,Bacteria,4,0.0,0.0,True,139.0,False,False
warning_acid_accumulation,BAC_G::Caldisericum,Bacteria,4,0.0,0.0,True,138.5,False,False
warning_ammonia_toxicity,BAC_G::Caldisericum,Bacteria,4,0.0,0.0,True,141.0,False,False
warning_biogas_quality,BAC_G::Caldisericum,Bacteria,4,,,True,,False,False
warning_acid_base_balance,BAC_G::Candidatus_Accumulibacter,Bacteria,4,0.0,0.0,True,143.0,False,False
warning_buffer_capacity,BAC_G::Candidatus_Accumulibacter,Bacteria,4,0.0,0.0,True,139.0,False,False
warning_acid_accumulation,BAC_G::Candidatus_Accumulibacter,Bacteria,4,0.0,0.0,True,138.5,False,False
warning_ammonia_toxicity,BAC_G::Candidatus_Accumulibacter,Bacteria,4,0.0,0.0,True,141.0,False,False
warning_biogas_quality,BAC_G::Candidatus_Accumulibacter,Bacteria,4,,,True,,False,False
warning_acid_base_balance,BAC_G::Candidatus_Caldatribacterium,Bacteria,4,0.0,0.0,True,143.0,False,False
warning_buffer_capacity,BAC_G::Candidatus_Caldatribacterium,Bacteria,4,0.0,0.0,True,139.0,False,False
warning_acid_accumulation,BAC_G::Candidatus_Caldatribacterium,Bacteria,4,0.0,0.0,True,138.5,False,False
warning_ammonia_toxicity,BAC_G::Candidatus_Caldatribacterium,Bacteria,4,0.0,0.0,True,141.0,False,False
warning_biogas_quality,BAC_G::Candidatus_Caldatribacterium,Bacteria,4,,,True,,False,False
warning_acid_base_balance,BAC_G::Candidatus_Cloacimonas,Bacteria,4,0.0,0.0,True,143.0,False,False
warning_buffer_capacity,BAC_G::Candidatus_Cloacimonas,Bacteria,4,0.0,0.0,True,139.0,False,False
warning_acid_accumulation,BAC_G::Candidatus_Cloacimonas,Bacteria,4,0.0,0.0,True,138.5,False,False
warning_ammonia_toxicity,BAC_G::Candidatus_Cloacimonas,Bacteria,4,0.0,0.0,True,141.0,False,False
warning_biogas_quality,BAC_G::Candidatus_Cloacimonas,Bacteria,4,,,True,,False,False
warning_acid_base_balance,BAC_G::Candidatus_Competibacter,Bacteria,4,0.0,0.0,True,143.0,False,False
warning_buffer_capacity,BAC_G::Candidatus_Competibacter,Bacteria,4,0.0,0.0,True,139.0,False,False
warning_acid_accumulation,BAC_G::Candidatus_Competibacter,Bacteria,4,0.0,0.0,True,138.5,False,False
warning_ammonia_toxicity,BAC_G::Candidatus_Competibacter,Bacteria,4,0.0,0.0,True,141.0,False,False
warning_biogas_quality,BAC_G::Candidatus_Competibacter,Bacteria,4,,,True,,False,False
warning_acid_base_balance,BAC_G::Candidatus_Omnitrophus,Bacteria,4,0.0,0.0,True,143.0,False,False
warning_buffer_capacity,BAC_G::Candidatus_Omnitrophus,Bacteria,4,0.0,0.0,True,139.0,False,False
warning_acid_accumulation,BAC_G::Candidatus_Omnitrophus,Bacteria,4,0.0,0.0,True,138.5,False,False
warning_ammonia_toxicity,BAC_G::Candidatus_Omnitrophus,Bacteria,4,0.0,0.0,True,141.0,False,False
warning_biogas_quality,BAC_G::Candidatus_Omnitrophus,Bacteria,4,,,True,,False,False
warning_acid_base_balance,BAC_G::Candidatus_Soleaferrea,Bacteria,4,0.0,0.0,True,143.0,False,False
warning_buffer_capacity,BAC_G::Candidatus_Soleaferrea,Bacteria,4,0.0,0.0,True,139.0,False,False
warning_acid_accumulation,BAC_G::Candidatus_Soleaferrea,Bacteria,4,0.0,0.0,True,138.5,False,False
warning_ammonia_toxicity,BAC_G::Candidatus_Soleaferrea,Bacteria,4,0.0,0.0,True,141.0,False,False
warning_biogas_quality,BAC_G::Candidatus_Soleaferrea,Bacteria,4,,,True,,False,False
warning_acid_base_balance,BAC_G::Caproiciproducens,Bacteria,4,0.0,0.0,True,143.0,False,False
warning_buffer_capacity,BAC_G::Caproiciproducens,Bacteria,4,0.0,0.0,True,139.0,False,False
warning_acid_accumulation,BAC_G::Caproiciproducens,Bacteria,4,0.0,0.0,True,138.5,False,False
warning_ammonia_toxicity,BAC_G::Caproiciproducens,Bacteria,4,0.0,0.0,True,141.0,False,False
warning_biogas_quality,BAC_G::Caproiciproducens,Bacteria,4,,,True,,False,False
warning_acid_base_balance,BAC_G::Chthonomonadales,Bacteria,4,0.0,0.0,True,143.0,False,False
warning_buffer_capacity,BAC_G::Chthonomonadales,Bacteria,4,0.0,0.0,True,139.0,False,False
warning_acid_accumulation,BAC_G::Chthonomonadales,Bacteria,4,0.0,0.0,True,138.5,False,False
warning_ammonia_toxicity,BAC_G::Chthonomonadales,Bacteria,4,0.0,0.0,True,141.0,False,False
warning_biogas_quality,BAC_G::Chthonomonadales,Bacteria,4,,,True,,False,False
warning_acid_base_balance,BAC_G::Cloacimonadaceae,Bacteria,4,0.0,0.0,True,143.0,False,False
warning_buffer_capacity,BAC_G::Cloacimonadaceae,Bacteria,4,0.0,0.0,True,139.0,False,False
warning_acid_accumulation,BAC_G::Cloacimonadaceae,Bacteria,4,0.0,0.0,True,138.5,False,False
warning_ammonia_toxicity,BAC_G::Cloacimonadaceae,Bacteria,4,0.0,0.0,True,141.0,False,False
warning_biogas_quality,BAC_G::Cloacimonadaceae,Bacteria,4,,,True,,False,False
warning_acid_base_balance,BAC_G::Clostridia_UCG-014,Bacteria,4,0.0,0.0,True,143.0,False,False
warning_buffer_capacity,BAC_G::Clostridia_UCG-014,Bacteria,4,0.0,0.0,True,139.0,False,False
warning_acid_accumulation,BAC_G::Clostridia_UCG-014,Bacteria,4,0.0,0.0,True,138.5,False,False
warning_ammonia_toxicity,BAC_G::Clostridia_UCG-014,Bacteria,4,0.0,0.0,True,141.0,False,False
warning_biogas_quality,BAC_G::Clostridia_UCG-014,Bacteria,4,,,True,,False,False
warning_acid_base_balance,BAC_G::Clostridium_sensu_stricto_1,Bacteria,4,0.0,0.0,True,143.0,False,False
warning_buffer_capacity,BAC_G::Clostridium_sensu_stricto_1,Bacteria,4,0.0,0.0,True,139.0,False,False
warning_acid_accumulation,BAC_G::Clostridium_sensu_stricto_1,Bacteria,4,0.0,0.0,True,138.5,False,False
warning_ammonia_toxicity,BAC_G::Clostridium_sensu_stricto_1,Bacteria,4,0.0,0.0,True,141.0,False,False
warning_biogas_quality,BAC_G::Clostridium_sensu_stricto_1,Bacteria,4,,,True,,False,False
warning_acid_base_balance,BAC_G::Comamonas,Bacteria,4,0.0,0.0,True,143.0,False,False
warning_buffer_capacity,BAC_G::Comamonas,Bacteria,4,0.0,0.0,True,139.0,False,False
warning_acid_accumulation,BAC_G::Comamonas,Bacteria,4,0.0,0.0,True,138.5,False,False
warning_ammonia_toxicity,BAC_G::Comamonas,Bacteria,4,0.0,0.0,True,141.0,False,False
warning_biogas_quality,BAC_G::Comamonas,Bacteria,4,,,True,,False,False
warning_acid_base_balance,BAC_G::Coprothermobacter,Bacteria,4,0.0,0.0,True,143.0,False,False
warning_buffer_capacity,BAC_G::Coprothermobacter,Bacteria,4,0.0,0.0,True,139.0,False,False
warning_acid_accumulation,BAC_G::Coprothermobacter,Bacteria,4,0.0,0.0,True,138.5,False,False
warning_ammonia_toxicity,BAC_G::Coprothermobacter,Bacteria,4,0.0,0.0,True,141.0,False,False
warning_biogas_quality,BAC_G::Coprothermobacter,Bacteria,4,,,True,,False,False
warning_acid_base_balance,BAC_G::D8A-2,Bacteria,4,0.0,0.0,True,143.0,False,False
warning_buffer_capacity,BAC_G::D8A-2,Bacteria,4,0.0,0.0,True,139.0,False,False
warning_acid_accumulation,BAC_G::D8A-2,Bacteria,4,0.0,0.0,True,138.5,False,False
warning_ammonia_toxicity,BAC_G::D8A-2,Bacteria,4,0.0,0.0,True,141.0,False,False
warning_biogas_quality,BAC_G::D8A-2,Bacteria,4,,,True,,False,False
warning_acid_base_balance,BAC_G::DEV114,Bacteria,4,0.0,0.0,False,143.0,False,False
warning_buffer_capacity,BAC_G::DEV114,Bacteria,4,0.0,0.0,False,139.0,False,False
warning_acid_accumulation,BAC_G::DEV114,Bacteria,4,0.0,0.0,False,138.5,False,False
warning_ammonia_toxicity,BAC_G::DEV114,Bacteria,4,0.0,0.0,False,141.0,False,False
warning_biogas_quality,BAC_G::DEV114,Bacteria,4,,,False,,False,False
warning_acid_base_balance,BAC_G::DMER64,Bacteria,4,0.0,0.0,True,143.0,False,False
warning_buffer_capacity,BAC_G::DMER64,Bacteria,4,0.0,0.0,True,139.0,False,False
warning_acid_accumulation,BAC_G::DMER64,Bacteria,4,0.0,0.0,True,138.5,False,False
warning_ammonia_toxicity,BAC_G::DMER64,Bacteria,4,0.0,0.0,True,141.0,False,False
warning_biogas_quality,BAC_G::DMER64,Bacteria,4,,,True,,False,False
warning_acid_base_balance,BAC_G::DTU014,Bacteria,4,0.0,0.0,True,143.0,False,False
warning_buffer_capacity,BAC_G::DTU014,Bacteria,4,0.0,0.0,True,139.0,False,False
warning_acid_accumulation,BAC_G::DTU014,Bacteria,4,0.0,0.0,True,138.5,False,False
warning_ammonia_toxicity,BAC_G::DTU014,Bacteria,4,0.0,0.0,True,141.0,False,False
warning_biogas_quality,BAC_G::DTU014,Bacteria,4,,,True,,False,False
warning_acid_base_balance,BAC_G::Dechloromonas,Bacteria,4,0.0,0.0,True,143.0,False,False
warning_buffer_capacity,BAC_G::Dechloromonas,Bacteria,4,0.0,0.0,True,139.0,False,False
warning_acid_accumulation,BAC_G::Dechloromonas,Bacteria,4,0.0,0.0,True,138.5,False,False
warning_ammonia_toxicity,BAC_G::Dechloromonas,Bacteria,4,0.0,0.0,True,141.0,False,False
warning_biogas_quality,BAC_G::Dechloromonas,Bacteria,4,,,True,,False,False
warning_acid_base_balance,BAC_G::Defluviitoga,Bacteria,4,0.0,0.0,True,143.0,False,False
warning_buffer_capacity,BAC_G::Defluviitoga,Bacteria,4,0.0,0.0,True,139.0,False,False
warning_acid_accumulation,BAC_G::Defluviitoga,Bacteria,4,0.0,0.0,True,138.5,False,False
warning_ammonia_toxicity,BAC_G::Defluviitoga,Bacteria,4,0.0,0.0,True,141.0,False,False
warning_biogas_quality,BAC_G::Defluviitoga,Bacteria,4,,,True,,False,False
warning_acid_base_balance,BAC_G::Denitratisoma,Bacteria,4,0.0,0.0,True,143.0,False,False
warning_buffer_capacity,BAC_G::Denitratisoma,Bacteria,4,0.0,0.0,True,139.0,False,False
warning_acid_accumulation,BAC_G::Denitratisoma,Bacteria,4,0.0,0.0,True,138.5,False,False
warning_ammonia_toxicity,BAC_G::Denitratisoma,Bacteria,4,0.0,0.0,True,141.0,False,False
warning_biogas_quality,BAC_G::Denitratisoma,Bacteria,4,,,True,,False,False
warning_acid_base_balance,BAC_G::Dialister,Bacteria,4,0.0,0.0,True,143.0,False,False
warning_buffer_capacity,BAC_G::Dialister,Bacteria,4,0.0,0.0,True,139.0,False,False
warning_acid_accumulation,BAC_G::Dialister,Bacteria,4,0.0,0.0,True,138.5,False,False
warning_ammonia_toxicity,BAC_G::Dialister,Bacteria,4,0.0,0.0,True,141.0,False,False
warning_biogas_quality,BAC_G::Dialister,Bacteria,4,,,True,,False,False
warning_acid_base_balance,BAC_G::Dokdonella,Bacteria,4,0.0,0.0,True,143.0,False,False
warning_buffer_capacity,BAC_G::Dokdonella,Bacteria,4,0.0,0.0,True,139.0,False,False
warning_acid_accumulation,BAC_G::Dokdonella,Bacteria,4,0.0,0.0,True,138.5,False,False
warning_ammonia_toxicity,BAC_G::Dokdonella,Bacteria,4,0.0,0.0,True,141.0,False,False
warning_biogas_quality,BAC_G::Dokdonella,Bacteria,4,,,True,,False,False
warning_acid_base_balance,BAC_G::Ellin6067,Bacteria,4,0.0,0.0,True,143.0,False,False
warning_buffer_capacity,BAC_G::Ellin6067,Bacteria,4,0.0,0.0,True,139.0,False,False
warning_acid_accumulation,BAC_G::Ellin6067,Bacteria,4,0.0,0.0,True,138.5,False,False
warning_ammonia_toxicity,BAC_G::Ellin6067,Bacteria,4,0.0,0.0,True,141.0,False,False
warning_biogas_quality,BAC_G::Ellin6067,Bacteria,4,,,True,,False,False
warning_acid_base_balance,BAC_G::Endomicrobium,Bacteria,4,0.0,0.0,True,143.0,False,False
warning_buffer_capacity,BAC_G::Endomicrobium,Bacteria,4,0.0,0.0,True,139.0,False,False
warning_acid_accumulation,BAC_G::Endomicrobium,Bacteria,4,0.0,0.0,True,138.5,False,False
warning_ammonia_toxicity,BAC_G::Endomicrobium,Bacteria,4,0.0,0.0,True,141.0,False,False
warning_biogas_quality,BAC_G::Endomicrobium,Bacteria,4,,,True,,False,False
warning_acid_base_balance,BAC_G::Ercella,Bacteria,4,0.0,0.0,True,143.0,False,False
warning_buffer_capacity,BAC_G::Ercella,Bacteria,4,0.0,0.0,True,139.0,False,False
warning_acid_accumulation,BAC_G::Ercella,Bacteria,4,0.0,0.0,True,138.5,False,False
warning_ammonia_toxicity,BAC_G::Ercella,Bacteria,4,0.0,0.0,True,141.0,False,False
warning_biogas_quality,BAC_G::Ercella,Bacteria,4,,,True,,False,False
warning_acid_base_balance,BAC_G::Exilispira,Bacteria,4,0.0,0.0,True,143.0,False,False
warning_buffer_capacity,BAC_G::Exilispira,Bacteria,4,0.0,0.0,True,139.0,False,False
warning_acid_accumulation,BAC_G::Exilispira,Bacteria,4,0.0,0.0,True,138.5,False,False
warning_ammonia_toxicity,BAC_G::Exilispira,Bacteria,4,0.0,0.0,True,141.0,False,False
warning_biogas_quality,BAC_G::Exilispira,Bacteria,4,,,True,,False,False
warning_acid_base_balance,BAC_G::Fastidiosipila,Bacteria,4,0.0,0.0,True,143.0,False,False
warning_buffer_capacity,BAC_G::Fastidiosipila,Bacteria,4,0.0,0.0,True,139.0,False,False
warning_acid_accumulation,BAC_G::Fastidiosipila,Bacteria,4,0.0,0.0,True,138.5,False,False
warning_ammonia_toxicity,BAC_G::Fastidiosipila,Bacteria,4,-0.04015873015873019,0.07130356647263444,True,276.0,False,False
warning_biogas_quality,BAC_G::Fastidiosipila,Bacteria,4,,,True,,False,False
warning_acid_base_balance,BAC_G::Fermentibacteraceae,Bacteria,4,0.0,0.0,True,143.0,False,False
warning_buffer_capacity,BAC_G::Fermentibacteraceae,Bacteria,4,0.0,0.0,True,139.0,False,False
warning_acid_accumulation,BAC_G::Fermentibacteraceae,Bacteria,4,0.0,0.0,True,138.5,False,False
warning_ammonia_toxicity,BAC_G::Fermentibacteraceae,Bacteria,4,0.0,0.0,True,141.0,False,False
warning_biogas_quality,BAC_G::Fermentibacteraceae,Bacteria,4,,,True,,False,False
warning_acid_base_balance,BAC_G::Fermentimonas,Bacteria,4,0.0,0.0,True,143.0,False,False
warning_buffer_capacity,BAC_G::Fermentimonas,Bacteria,4,0.0,0.0,True,139.0,False,False
warning_acid_accumulation,BAC_G::Fermentimonas,Bacteria,4,0.0,0.0,True,138.5,False,False
warning_ammonia_toxicity,BAC_G::Fermentimonas,Bacteria,4,0.0,0.0,True,141.0,False,False
warning_biogas_quality,BAC_G::Fermentimonas,Bacteria,4,,,True,,False,False
warning_acid_base_balance,BAC_G::Ferruginibacter,Bacteria,4,0.0,0.0,True,143.0,False,False
warning_buffer_capacity,BAC_G::Ferruginibacter,Bacteria,4,0.0,0.0,True,139.0,False,False
warning_acid_accumulation,BAC_G::Ferruginibacter,Bacteria,4,0.0,0.0,True,138.5,False,False
warning_ammonia_toxicity,BAC_G::Ferruginibacter,Bacteria,4,0.0,0.0,True,141.0,False,False
warning_biogas_quality,BAC_G::Ferruginibacter,Bacteria,4,,,True,,False,False
warning_acid_base_balance,BAC_G::Fervidobacterium,Bacteria,4,0.0,0.0,True,143.0,False,False
warning_buffer_capacity,BAC_G::Fervidobacterium,Bacteria,4,0.0,0.0,True,139.0,False,False
warning_acid_accumulation,BAC_G::Fervidobacterium,Bacteria,4,0.0,0.0,True,138.5,False,False
warning_ammonia_toxicity,BAC_G::Fervidobacterium,Bacteria,4,0.0,0.0,True,141.0,False,False
warning_biogas_quality,BAC_G::Fervidobacterium,Bacteria,4,,,True,,False,False
warning_acid_base_balance,BAC_G::Fonticella,Bacteria,4,0.0,0.0,True,143.0,False,False
warning_buffer_capacity,BAC_G::Fonticella,Bacteria,4,0.0,0.0,True,139.0,False,False
warning_acid_accumulation,BAC_G::Fonticella,Bacteria,4,0.0,0.0,True,138.5,False,False
warning_ammonia_toxicity,BAC_G::Fonticella,Bacteria,4,0.0,0.0,True,141.0,False,False
warning_biogas_quality,BAC_G::Fonticella,Bacteria,4,,,True,,False,False
warning_acid_base_balance,BAC_G::Frisingicoccus,Bacteria,4,0.0,0.0,True,143.0,False,False
warning_buffer_capacity,BAC_G::Frisingicoccus,Bacteria,4,0.0,0.0,True,139.0,False,False
warning_acid_accumulation,BAC_G::Frisingicoccus,Bacteria,4,0.0,0.0,True,138.5,False,False
warning_ammonia_toxicity,BAC_G::Frisingicoccus,Bacteria,4,0.0,0.0,True,141.0,False,False
warning_biogas_quality,BAC_G::Frisingicoccus,Bacteria,4,,,True,,False,False
warning_acid_base_balance,BAC_G::Gelria,Bacteria,4,0.0,0.0,True,143.0,False,False
warning_buffer_capacity,BAC_G::Gelria,Bacteria,4,0.0,0.0,True,139.0,False,False
warning_acid_accumulation,BAC_G::Gelria,Bacteria,4,0.0,0.0,True,138.5,False,False
warning_ammonia_toxicity,BAC_G::Gelria,Bacteria,4,0.0,0.0,True,141.0,False,False
warning_biogas_quality,BAC_G::Gelria,Bacteria,4,,,True,,False,False
warning_acid_base_balance,BAC_G::Gracilibacter,Bacteria,4,0.0,0.0,True,143.0,False,False
warning_buffer_capacity,BAC_G::Gracilibacter,Bacteria,4,0.0,0.0,True,139.0,False,False
warning_acid_accumulation,BAC_G::Gracilibacter,Bacteria,4,0.0,0.0,True,138.5,False,False
warning_ammonia_toxicity,BAC_G::Gracilibacter,Bacteria,4,0.0,0.0,True,141.0,False,False
warning_biogas_quality,BAC_G::Gracilibacter,Bacteria,4,,,True,,False,False
warning_acid_base_balance,BAC_G::Guggenheimella,Bacteria,4,0.0,0.0,True,143.0,False,False
warning_buffer_capacity,BAC_G::Guggenheimella,Bacteria,4,0.0,0.0,True,139.0,False,False
warning_acid_accumulation,BAC_G::Guggenheimella,Bacteria,4,0.0,0.0,True,138.5,False,False
warning_ammonia_toxicity,BAC_G::Guggenheimella,Bacteria,4,0.0,0.0,True,141.0,False,False
warning_biogas_quality,BAC_G::Guggenheimella,Bacteria,4,,,True,,False,False
warning_acid_base_balance,BAC_G::HN-HF0106,Bacteria,4,0.0,0.0,True,143.0,False,False
warning_buffer_capacity,BAC_G::HN-HF0106,Bacteria,4,0.0,0.0,True,139.0,False,False
warning_acid_accumulation,BAC_G::HN-HF0106,Bacteria,4,0.0,0.0,True,138.5,False,False
warning_ammonia_toxicity,BAC_G::HN-HF0106,Bacteria,4,0.004166666666666663,0.012824729401064414,True,6.0,True,True
warning_biogas_quality,BAC_G::HN-HF0106,Bacteria,4,,,True,,False,False
warning_acid_base_balance,BAC_G::Hahella,Bacteria,4,0.0,0.0,True,143.0,False,False
warning_buffer_capacity,BAC_G::Hahella,Bacteria,4,0.0,0.0,True,139.0,False,False
warning_acid_accumulation,BAC_G::Hahella,Bacteria,4,0.0,0.0,True,138.5,False,False
warning_ammonia_toxicity,BAC_G::Hahella,Bacteria,4,0.0,0.0,True,141.0,False,False
warning_biogas_quality,BAC_G::Hahella,Bacteria,4,,,True,,False,False
warning_acid_base_balance,BAC_G::Halocella,Bacteria,4,0.0,0.0,True,143.0,False,False
warning_buffer_capacity,BAC_G::Halocella,Bacteria,4,0.0,0.0,True,139.0,False,False
warning_acid_accumulation,BAC_G::Halocella,Bacteria,4,0.0,0.0,True,138.5,False,False
warning_ammonia_toxicity,BAC_G::Halocella,Bacteria,4,0.0,0.0,True,141.0,False,False
warning_biogas_quality,BAC_G::Halocella,Bacteria,4,,,True,,False,False
warning_acid_base_balance,BAC_G::Halomonas,Bacteria,4,0.0,0.0,True,143.0,False,False
warning_buffer_capacity,BAC_G::Halomonas,Bacteria,4,0.0,0.0,True,139.0,False,False
warning_acid_accumulation,BAC_G::Halomonas,Bacteria,4,0.0,0.0,True,138.5,False,False
warning_ammonia_toxicity,BAC_G::Halomonas,Bacteria,4,0.0,0.0,True,141.0,False,False
warning_biogas_quality,BAC_G::Halomonas,Bacteria,4,,,True,,False,False
warning_acid_base_balance,BAC_G::Hungateiclostridiaceae,Bacteria,4,0.0,0.0,True,143.0,False,False
warning_buffer_capacity,BAC_G::Hungateiclostridiaceae,Bacteria,4,0.0,0.0,True,139.0,False,False
warning_acid_accumulation,BAC_G::Hungateiclostridiaceae,Bacteria,4,0.0,0.0,True,138.5,False,False
warning_ammonia_toxicity,BAC_G::Hungateiclostridiaceae,Bacteria,4,0.0,0.0,True,141.0,False,False
warning_biogas_quality,BAC_G::Hungateiclostridiaceae,Bacteria,4,,,True,,False,False
warning_acid_base_balance,BAC_G::Hydrogenedensaceae,Bacteria,4,0.0,0.0,True,143.0,False,False
warning_buffer_capacity,BAC_G::Hydrogenedensaceae,Bacteria,4,0.0,0.0,True,139.0,False,False
warning_acid_accumulation,BAC_G::Hydrogenedensaceae,Bacteria,4,0.0,0.0,True,138.5,False,False
warning_ammonia_toxicity,BAC_G::Hydrogenedensaceae,Bacteria,4,0.0,0.0,True,141.0,False,False
warning_biogas_quality,BAC_G::Hydrogenedensaceae,Bacteria,4,,,True,,False,False
warning_acid_base_balance,BAC_G::Irregularibacter,Bacteria,4,0.0,0.0,False,143.0,False,False
warning_buffer_capacity,BAC_G::Irregularibacter,Bacteria,4,0.0,0.0,False,139.0,False,False
warning_acid_accumulation,BAC_G::Irregularibacter,Bacteria,4,0.0,0.0,False,138.5,False,False
warning_ammonia_toxicity,BAC_G::Irregularibacter,Bacteria,4,0.0,0.0,False,141.0,False,False
warning_biogas_quality,BAC_G::Irregularibacter,Bacteria,4,,,False,,False,False
warning_acid_base_balance,BAC_G::Izemoplasmatales,Bacteria,4,0.0,0.0,True,143.0,False,False
warning_buffer_capacity,BAC_G::Izemoplasmatales,Bacteria,4,0.0,0.0,True,139.0,False,False
warning_acid_accumulation,BAC_G::Izemoplasmatales,Bacteria,4,0.0,0.0,True,138.5,False,False
warning_ammonia_toxicity,BAC_G::Izemoplasmatales,Bacteria,4,0.0,0.0,True,141.0,False,False
warning_biogas_quality,BAC_G::Izemoplasmatales,Bacteria,4,,,True,,False,False
warning_acid_base_balance,BAC_G::JS1,Bacteria,4,0.0,0.0,True,143.0,False,False
warning_buffer_capacity,BAC_G::JS1,Bacteria,4,0.0,0.0,True,139.0,False,False
warning_acid_accumulation,BAC_G::JS1,Bacteria,4,0.0,0.0,True,138.5,False,False
warning_ammonia_toxicity,BAC_G::JS1,Bacteria,4,0.0,0.0,True,141.0,False,False
warning_biogas_quality,BAC_G::JS1,Bacteria,4,,,True,,False,False
warning_acid_base_balance,BAC_G::Kapabacteriales,Bacteria,4,0.0,0.0,True,143.0,False,False
warning_buffer_capacity,BAC_G::Kapabacteriales,Bacteria,4,0.0,0.0,True,139.0,False,False
warning_acid_accumulation,BAC_G::Kapabacteriales,Bacteria,4,0.0,0.0,True,138.5,False,False
warning_ammonia_toxicity,BAC_G::Kapabacteriales,Bacteria,4,0.0,0.0,True,141.0,False,False
warning_biogas_quality,BAC_G::Kapabacteriales,Bacteria,4,,,True,,False,False
warning_acid_base_balance,BAC_G::Keratinibaculum,Bacteria,4,0.0,0.0,True,143.0,False,False
warning_buffer_capacity,BAC_G::Keratinibaculum,Bacteria,4,0.0,0.0,True,139.0,False,False
warning_acid_accumulation,BAC_G::Keratinibaculum,Bacteria,4,0.0,0.0,True,138.5,False,False
warning_ammonia_toxicity,BAC_G::Keratinibaculum,Bacteria,4,0.0,0.0,True,141.0,False,False
warning_biogas_quality,BAC_G::Keratinibaculum,Bacteria,4,,,True,,False,False
warning_acid_base_balance,BAC_G::LD1-PA32,Bacteria,4,0.0,0.0,True,143.0,False,False
warning_buffer_capacity,BAC_G::LD1-PA32,Bacteria,4,0.0,0.0,True,139.0,False,False
warning_acid_accumulation,BAC_G::LD1-PA32,Bacteria,4,0.0,0.0,True,138.5,False,False
warning_ammonia_toxicity,BAC_G::LD1-PA32,Bacteria,4,0.0,0.0,True,141.0,False,False
warning_biogas_quality,BAC_G::LD1-PA32,Bacteria,4,,,True,,False,False
warning_acid_base_balance,BAC_G::LD1-PB3,Bacteria,4,0.0,0.0,True,143.0,False,False
warning_buffer_capacity,BAC_G::LD1-PB3,Bacteria,4,0.0,0.0,True,139.0,False,False
warning_acid_accumulation,BAC_G::LD1-PB3,Bacteria,4,0.0,0.0,True,138.5,False,False
warning_ammonia_toxicity,BAC_G::LD1-PB3,Bacteria,4,0.0,0.0,True,141.0,False,False
warning_biogas_quality,BAC_G::LD1-PB3,Bacteria,4,,,True,,False,False
warning_acid_base_balance,BAC_G::LNR_A2-18,Bacteria,4,0.0,0.0,True,143.0,False,False
warning_buffer_capacity,BAC_G::LNR_A2-18,Bacteria,4,0.0,0.0,True,139.0,False,False
warning_acid_accumulation,BAC_G::LNR_A2-18,Bacteria,4,0.0,0.0,True,138.5,False,False
warning_ammonia_toxicity,BAC_G::LNR_A2-18,Bacteria,4,0.0,0.0,True,141.0,False,False
warning_biogas_quality,BAC_G::LNR_A2-18,Bacteria,4,,,True,,False,False
warning_acid_base_balance,BAC_G::Lactobacillus,Bacteria,4,0.0,0.0,True,143.0,False,False
warning_buffer_capacity,BAC_G::Lactobacillus,Bacteria,4,0.0,0.0,True,139.0,False,False
warning_acid_accumulation,BAC_G::Lactobacillus,Bacteria,4,0.0,0.0,True,138.5,False,False
warning_ammonia_toxicity,BAC_G::Lactobacillus,Bacteria,4,0.0,0.0,True,141.0,False,False
warning_biogas_quality,BAC_G::Lactobacillus,Bacteria,4,,,True,,False,False
warning_acid_base_balance,BAC_G::Lautropia,Bacteria,4,0.0,0.0,True,143.0,False,False
warning_buffer_capacity,BAC_G::Lautropia,Bacteria,4,0.0,0.0,True,139.0,False,False
warning_acid_accumulation,BAC_G::Lautropia,Bacteria,4,0.0,0.0,True,138.5,False,False
warning_ammonia_toxicity,BAC_G::Lautropia,Bacteria,4,0.0,0.0,True,141.0,False,False
warning_biogas_quality,BAC_G::Lautropia,Bacteria,4,,,True,,False,False
warning_acid_base_balance,BAC_G::Lawsonella,Bacteria,4,0.0,0.0,True,143.0,False,False
warning_buffer_capacity,BAC_G::Lawsonella,Bacteria,4,0.0,0.0,True,139.0,False,False
warning_acid_accumulation,BAC_G::Lawsonella,Bacteria,4,0.0,0.0,True,138.5,False,False
warning_ammonia_toxicity,BAC_G::Lawsonella,Bacteria,4,0.0,0.0,True,141.0,False,False
warning_biogas_quality,BAC_G::Lawsonella,Bacteria,4,,,True,,False,False
warning_acid_base_balance,BAC_G::Lentimicrobiaceae,Bacteria,4,0.0,0.0,True,143.0,False,False
warning_buffer_capacity,BAC_G::Lentimicrobiaceae,Bacteria,4,0.0,0.0,True,139.0,False,False
warning_acid_accumulation,BAC_G::Lentimicrobiaceae,Bacteria,4,0.0,0.0,True,138.5,False,False
warning_ammonia_toxicity,BAC_G::Lentimicrobiaceae,Bacteria,4,0.0,0.0,True,141.0,False,False
warning_biogas_quality,BAC_G::Lentimicrobiaceae,Bacteria,4,,,True,,False,False
warning_acid_base_balance,BAC_G::Lentimicrobium,Bacteria,4,0.0,0.0,True,143.0,False,False
warning_buffer_capacity,BAC_G::Lentimicrobium,Bacteria,4,0.0,0.0,True,139.0,False,False
warning_acid_accumulation,BAC_G::Lentimicrobium,Bacteria,4,0.0,0.0,True,138.5,False,False
warning_ammonia_toxicity,BAC_G::Lentimicrobium,Bacteria,4,0.0,0.0,True,141.0,False,False
warning_biogas_quality,BAC_G::Lentimicrobium,Bacteria,4,,,True,,False,False
warning_acid_base_balance,BAC_G::Leptotrichia,Bacteria,4,0.0,0.0,True,143.0,False,False
warning_buffer_capacity,BAC_G::Leptotrichia,Bacteria,4,0.0,0.0,True,139.0,False,False
warning_acid_accumulation,BAC_G::Leptotrichia,Bacteria,4,0.0,0.0,True,138.5,False,False
warning_ammonia_toxicity,BAC_G::Leptotrichia,Bacteria,4,0.0,0.0,True,141.0,False,False
warning_biogas_quality,BAC_G::Leptotrichia,Bacteria,4,,,True,,False,False
warning_acid_base_balance,BAC_G::Leuconostoc,Bacteria,4,0.0,0.0,True,143.0,False,False
warning_buffer_capacity,BAC_G::Leuconostoc,Bacteria,4,0.0,0.0,True,139.0,False,False
warning_acid_accumulation,BAC_G::Leuconostoc,Bacteria,4,0.0,0.0,True,138.5,False,False
warning_ammonia_toxicity,BAC_G::Leuconostoc,Bacteria,4,0.0,0.0,True,141.0,False,False
warning_biogas_quality,BAC_G::Leuconostoc,Bacteria,4,,,True,,False,False
warning_acid_base_balance,BAC_G::Longilinea,Bacteria,4,0.0,0.0,True,143.0,False,False
warning_buffer_capacity,BAC_G::Longilinea,Bacteria,4,0.0,0.0,True,139.0,False,False
warning_acid_accumulation,BAC_G::Longilinea,Bacteria,4,0.0,0.0,True,138.5,False,False
warning_ammonia_toxicity,BAC_G::Longilinea,Bacteria,4,0.0,0.0,True,141.0,False,False
warning_biogas_quality,BAC_G::Longilinea,Bacteria,4,,,True,,False,False
warning_acid_base_balance,BAC_G::Luteimonas,Bacteria,4,0.0,0.0,True,143.0,False,False
warning_buffer_capacity,BAC_G::Luteimonas,Bacteria,4,0.0,0.0,True,139.0,False,False
warning_acid_accumulation,BAC_G::Luteimonas,Bacteria,4,0.0,0.0,True,138.5,False,False
warning_ammonia_toxicity,BAC_G::Luteimonas,Bacteria,4,0.0,0.0,True,141.0,False,False
warning_biogas_quality,BAC_G::Luteimonas,Bacteria,4,,,True,,False,False
warning_acid_base_balance,BAC_G::Lutispora,Bacteria,4,0.0,0.0,True,143.0,False,False
warning_buffer_capacity,BAC_G::Lutispora,Bacteria,4,0.0,0.0,True,139.0,False,False
warning_acid_accumulation,BAC_G::Lutispora,Bacteria,4,0.0,0.0,True,138.5,False,False
warning_ammonia_toxicity,BAC_G::Lutispora,Bacteria,4,0.0,0.0,True,141.0,False,False
warning_biogas_quality,BAC_G::Lutispora,Bacteria,4,,,True,,False,False
warning_acid_base_balance,BAC_G::MBA03,Bacteria,4,0.0,0.0,True,143.0,False,False
warning_buffer_capacity,BAC_G::MBA03,Bacteria,4,0.0,0.0,True,139.0,False,False
warning_acid_accumulation,BAC_G::MBA03,Bacteria,4,0.0,0.0,True,138.5,False,False
warning_ammonia_toxicity,BAC_G::MBA03,Bacteria,4,0.0,0.0,True,141.0,False,False
warning_biogas_quality,BAC_G::MBA03,Bacteria,4,,,True,,False,False
warning_acid_base_balance,BAC_G::MVP-15,Bacteria,4,0.0,0.0,True,143.0,False,False
warning_buffer_capacity,BAC_G::MVP-15,Bacteria,4,0.0,0.0,True,139.0,False,False
warning_acid_accumulation,BAC_G::MVP-15,Bacteria,4,0.0,0.0,True,138.5,False,False
warning_ammonia_toxicity,BAC_G::MVP-15,Bacteria,4,0.0,0.0,True,141.0,False,False
warning_biogas_quality,BAC_G::MVP-15,Bacteria,4,,,True,,False,False
warning_acid_base_balance,BAC_G::Macellibacteroides,Bacteria,4,0.0,0.0,True,143.0,False,False
warning_buffer_capacity,BAC_G::Macellibacteroides,Bacteria,4,0.0,0.0,True,139.0,False,False
warning_acid_accumulation,BAC_G::Macellibacteroides,Bacteria,4,0.0,0.0,True,138.5,False,False
warning_ammonia_toxicity,BAC_G::Macellibacteroides,Bacteria,4,0.0,0.0,True,141.0,False,False
warning_biogas_quality,BAC_G::Macellibacteroides,Bacteria,4,,,True,,False,False
warning_acid_base_balance,BAC_G::Marinimicrobia_(SAR406_clade),Bacteria,4,0.0,0.0,True,143.0,False,False
warning_buffer_capacity,BAC_G::Marinimicrobia_(SAR406_clade),Bacteria,4,0.0,0.0,True,139.0,False,False
warning_acid_accumulation,BAC_G::Marinimicrobia_(SAR406_clade),Bacteria,4,0.0,0.0,True,138.5,False,False
warning_ammonia_toxicity,BAC_G::Marinimicrobia_(SAR406_clade),Bacteria,4,0.0,0.0,True,141.0,False,False
warning_biogas_quality,BAC_G::Marinimicrobia_(SAR406_clade),Bacteria,4,,,True,,False,False
warning_acid_base_balance,BAC_G::Mariniphaga,Bacteria,4,0.0,0.0,True,143.0,False,False
warning_buffer_capacity,BAC_G::Mariniphaga,Bacteria,4,0.0,0.0,True,139.0,False,False
warning_acid_accumulation,BAC_G::Mariniphaga,Bacteria,4,0.0,0.0,True,138.5,False,False
warning_ammonia_toxicity,BAC_G::Mariniphaga,Bacteria,4,0.0,0.0,True,141.0,False,False
warning_biogas_quality,BAC_G::Mariniphaga,Bacteria,4,,,True,,False,False
warning_acid_base_balance,BAC_G::Megasphaera,Bacteria,4,0.0,0.0,True,143.0,False,False
warning_buffer_capacity,BAC_G::Megasphaera,Bacteria,4,0.0,0.0,True,139.0,False,False
warning_acid_accumulation,BAC_G::Megasphaera,Bacteria,4,0.0,0.0,True,138.5,False,False
warning_ammonia_toxicity,BAC_G::Megasphaera,Bacteria,4,0.0,0.0,True,141.0,False,False
warning_biogas_quality,BAC_G::Megasphaera,Bacteria,4,,,True,,False,False
warning_acid_base_balance,BAC_G::Mesotoga,Bacteria,4,0.0,0.0,True,143.0,False,False
warning_buffer_capacity,BAC_G::Mesotoga,Bacteria,4,0.0,0.0,True,139.0,False,False
warning_acid_accumulation,BAC_G::Mesotoga,Bacteria,4,0.0,0.0,True,138.5,False,False
warning_ammonia_toxicity,BAC_G::Mesotoga,Bacteria,4,0.0,0.0,True,141.0,False,False
warning_biogas_quality,BAC_G::Mesotoga,Bacteria,4,,,True,,False,False
warning_acid_base_balance,BAC_G::Methylotenera,Bacteria,4,0.0,0.0,True,143.0,False,False
warning_buffer_capacity,BAC_G::Methylotenera,Bacteria,4,0.0,0.0,True,139.0,False,False
warning_acid_accumulation,BAC_G::Methylotenera,Bacteria,4,0.0,0.0,True,138.5,False,False
warning_ammonia_toxicity,BAC_G::Methylotenera,Bacteria,4,0.0,0.0,True,141.0,False,False
warning_biogas_quality,BAC_G::Methylotenera,Bacteria,4,,,True,,False,False
warning_acid_base_balance,BAC_G::MgMjR-022,Bacteria,4,0.0,0.0,False,143.0,False,False
warning_buffer_capacity,BAC_G::MgMjR-022,Bacteria,4,0.0,0.0,False,139.0,False,False
warning_acid_accumulation,BAC_G::MgMjR-022,Bacteria,4,0.0,0.0,False,138.5,False,False
warning_ammonia_toxicity,BAC_G::MgMjR-022,Bacteria,4,0.0,0.0,False,141.0,False,False
warning_biogas_quality,BAC_G::MgMjR-022,Bacteria,4,,,False,,False,False
warning_acid_base_balance,BAC_G::Myroides,Bacteria,4,0.0,0.0,True,143.0,False,False
warning_buffer_capacity,BAC_G::Myroides,Bacteria,4,0.0,0.0,True,139.0,False,False
warning_acid_accumulation,BAC_G::Myroides,Bacteria,4,0.0,0.0,True,138.5,False,False
warning_ammonia_toxicity,BAC_G::Myroides,Bacteria,4,0.0,0.0,True,141.0,False,False
warning_biogas_quality,BAC_G::Myroides,Bacteria,4,,,True,,False,False
warning_acid_base_balance,BAC_G::Nitrosomonas,Bacteria,4,0.0,0.0,True,143.0,False,False
warning_buffer_capacity,BAC_G::Nitrosomonas,Bacteria,4,0.0,0.0,True,139.0,False,False
warning_acid_accumulation,BAC_G::Nitrosomonas,Bacteria,4,0.0,0.0,True,138.5,False,False
warning_ammonia_toxicity,BAC_G::Nitrosomonas,Bacteria,4,0.0,0.0,True,141.0,False,False
warning_biogas_quality,BAC_G::Nitrosomonas,Bacteria,4,,,True,,False,False
warning_acid_base_balance,BAC_G::OLB12,Bacteria,4,0.0,0.0,True,143.0,False,False
warning_buffer_capacity,BAC_G::OLB12,Bacteria,4,0.0,0.0,True,139.0,False,False
warning_acid_accumulation,BAC_G::OLB12,Bacteria,4,0.0,0.0,True,138.5,False,False
warning_ammonia_toxicity,BAC_G::OLB12,Bacteria,4,0.0,0.0,True,141.0,False,False
warning_biogas_quality,BAC_G::OLB12,Bacteria,4,,,True,,False,False
warning_acid_base_balance,BAC_G::OLB8,Bacteria,4,0.0,0.0,True,143.0,False,False
warning_buffer_capacity,BAC_G::OLB8,Bacteria,4,0.0,0.0,True,139.0,False,False
warning_acid_accumulation,BAC_G::OLB8,Bacteria,4,0.0,0.0,True,138.5,False,False
warning_ammonia_toxicity,BAC_G::OLB8,Bacteria,4,0.0,0.0,True,141.0,False,False
warning_biogas_quality,BAC_G::OLB8,Bacteria,4,,,True,,False,False
warning_acid_base_balance,BAC_G::Olsenella,Bacteria,4,0.0,0.0,True,143.0,False,False
warning_buffer_capacity,BAC_G::Olsenella,Bacteria,4,0.0,0.0,True,139.0,False,False
warning_acid_accumulation,BAC_G::Olsenella,Bacteria,4,0.0,0.0,True,138.5,False,False
warning_ammonia_toxicity,BAC_G::Olsenella,Bacteria,4,0.0,0.0,True,141.0,False,False
warning_biogas_quality,BAC_G::Olsenella,Bacteria,4,,,True,,False,False
warning_acid_base_balance,BAC_G::Oscillospira,Bacteria,4,0.0,0.0,True,143.0,False,False
warning_buffer_capacity,BAC_G::Oscillospira,Bacteria,4,0.0,0.0,True,139.0,False,False
warning_acid_accumulation,BAC_G::Oscillospira,Bacteria,4,0.0,0.0,True,138.5,False,False
warning_ammonia_toxicity,BAC_G::Oscillospira,Bacteria,4,0.0,0.0,True,141.0,False,False
warning_biogas_quality,BAC_G::Oscillospira,Bacteria,4,,,True,,False,False
warning_acid_base_balance,BAC_G::PB19,Bacteria,4,0.0,0.0,True,143.0,False,False
warning_buffer_capacity,BAC_G::PB19,Bacteria,4,0.0,0.0,True,139.0,False,False
warning_acid_accumulation,BAC_G::PB19,Bacteria,4,0.0,0.0,True,138.5,False,False
warning_ammonia_toxicity,BAC_G::PB19,Bacteria,4,0.0,0.0,True,141.0,False,False
warning_biogas_quality,BAC_G::PB19,Bacteria,4,,,True,,False,False
warning_acid_base_balance,BAC_G::Paludibacter,Bacteria,4,0.0,0.0,True,143.0,False,False
warning_buffer_capacity,BAC_G::Paludibacter,Bacteria,4,0.0,0.0,True,139.0,False,False
warning_acid_accumulation,BAC_G::Paludibacter,Bacteria,4,0.0,0.0,True,138.5,False,False
warning_ammonia_toxicity,BAC_G::Paludibacter,Bacteria,4,0.0,0.0,True,141.0,False,False
warning_biogas_quality,BAC_G::Paludibacter,Bacteria,4,,,True,,False,False
warning_acid_base_balance,BAC_G::Pantoea,Bacteria,4,0.0,0.0,True,143.0,False,False
warning_buffer_capacity,BAC_G::Pantoea,Bacteria,4,0.0,0.0,True,139.0,False,False
warning_acid_accumulation,BAC_G::Pantoea,Bacteria,4,0.0,0.0,True,138.5,False,False
warning_ammonia_toxicity,BAC_G::Pantoea,Bacteria,4,0.0,0.0,True,141.0,False,False
warning_biogas_quality,BAC_G::Pantoea,Bacteria,4,,,True,,False,False
warning_acid_base_balance,BAC_G::Paracoccus,Bacteria,4,0.0,0.0,True,143.0,False,False
warning_buffer_capacity,BAC_G::Paracoccus,Bacteria,4,0.0,0.0,True,139.0,False,False
warning_acid_accumulation,BAC_G::Paracoccus,Bacteria,4,0.0,0.0,True,138.5,False,False
warning_ammonia_toxicity,BAC_G::Paracoccus,Bacteria,4,0.0,0.0,True,141.0,False,False
warning_biogas_quality,BAC_G::Paracoccus,Bacteria,4,,,True,,False,False
warning_acid_base_balance,BAC_G::Pedosphaeraceae,Bacteria,4,0.0,0.0,False,143.0,False,False
warning_buffer_capacity,BAC_G::Pedosphaeraceae,Bacteria,4,0.0,0.0,False,139.0,False,False
warning_acid_accumulation,BAC_G::Pedosphaeraceae,Bacteria,4,0.0,0.0,False,138.5,False,False
warning_ammonia_toxicity,BAC_G::Pedosphaeraceae,Bacteria,4,0.0,0.0,False,141.0,False,False
warning_biogas_quality,BAC_G::Pedosphaeraceae,Bacteria,4,,,False,,False,False
warning_acid_base_balance,BAC_G::Pelotomaculum,Bacteria,4,0.0,0.0,True,143.0,False,False
warning_buffer_capacity,BAC_G::Pelotomaculum,Bacteria,4,0.0,0.0,True,139.0,False,False
warning_acid_accumulation,BAC_G::Pelotomaculum,Bacteria,4,0.0,0.0,True,138.5,False,False
warning_ammonia_toxicity,BAC_G::Pelotomaculum,Bacteria,4,0.0,0.0,True,141.0,False,False
warning_biogas_quality,BAC_G::Pelotomaculum,Bacteria,4,,,True,,False,False
warning_acid_base_balance,BAC_G::Petrimonas,Bacteria,4,0.0,0.0,True,143.0,False,False
warning_buffer_capacity,BAC_G::Petrimonas,Bacteria,4,0.0,0.0,True,139.0,False,False
warning_acid_accumulation,BAC_G::Petrimonas,Bacteria,4,0.0,0.0,True,138.5,False,False
warning_ammonia_toxicity,BAC_G::Petrimonas,Bacteria,4,0.0,0.0,True,141.0,False,False
warning_biogas_quality,BAC_G::Petrimonas,Bacteria,4,,,True,,False,False
warning_acid_base_balance,BAC_G::Prevotella,Bacteria,4,0.0,0.0,True,143.0,False,False
warning_buffer_capacity,BAC_G::Prevotella,Bacteria,4,0.0,0.0,True,139.0,False,False
warning_acid_accumulation,BAC_G::Prevotella,Bacteria,4,0.0,0.0,True,138.5,False,False
warning_ammonia_toxicity,BAC_G::Prevotella,Bacteria,4,0.0,0.0,True,141.0,False,False
warning_biogas_quality,BAC_G::Prevotella,Bacteria,4,,,True,,False,False
warning_acid_base_balance,BAC_G::Proteiniphilum,Bacteria,4,0.0035714285714285752,0.0087225606793458,True,10.0,True,True
warning_buffer_capacity,BAC_G::Proteiniphilum,Bacteria,4,0.0,0.0,True,139.0,False,False
warning_acid_accumulation,BAC_G::Proteiniphilum,Bacteria,4,0.0,0.0,True,138.5,False,False
warning_ammonia_toxicity,BAC_G::Proteiniphilum,Bacteria,4,0.0,0.0,True,141.0,False,False
warning_biogas_quality,BAC_G::Proteiniphilum,Bacteria,4,,,True,,False,False
warning_acid_base_balance,BAC_G::Proteocatella,Bacteria,4,0.0,0.0,True,143.0,False,False
warning_buffer_capacity,BAC_G::Proteocatella,Bacteria,4,0.0,0.0,True,139.0,False,False
warning_acid_accumulation,BAC_G::Proteocatella,Bacteria,4,0.0,0.0,True,138.5,False,False
warning_ammonia_toxicity,BAC_G::Proteocatella,Bacteria,4,0.0,0.0,True,141.0,False,False
warning_biogas_quality,BAC_G::Proteocatella,Bacteria,4,,,True,,False,False
warning_acid_base_balance,BAC_G::Pseudomonas,Bacteria,4,0.0,0.0,True,143.0,False,False
warning_buffer_capacity,BAC_G::Pseudomonas,Bacteria,4,0.0,0.0,True,139.0,False,False
warning_acid_accumulation,BAC_G::Pseudomonas,Bacteria,4,0.0,0.0,True,138.5,False,False
warning_ammonia_toxicity,BAC_G::Pseudomonas,Bacteria,4,0.0,0.0,True,141.0,False,False
warning_biogas_quality,BAC_G::Pseudomonas,Bacteria,4,,,True,,False,False
warning_acid_base_balance,BAC_G::Pseudoramibacter,Bacteria,4,0.0,0.0,True,143.0,False,False
warning_buffer_capacity,BAC_G::Pseudoramibacter,Bacteria,4,0.0,0.0,True,139.0,False,False
warning_acid_accumulation,BAC_G::Pseudoramibacter,Bacteria,4,0.0,0.0,True,138.5,False,False
warning_ammonia_toxicity,BAC_G::Pseudoramibacter,Bacteria,4,0.0,0.0,True,141.0,False,False
warning_biogas_quality,BAC_G::Pseudoramibacter,Bacteria,4,,,True,,False,False
warning_acid_base_balance,BAC_G::RBG-16-49-21,Bacteria,4,0.0,0.0,True,143.0,False,False
warning_buffer_capacity,BAC_G::RBG-16-49-21,Bacteria,4,0.0,0.0,True,139.0,False,False
warning_acid_accumulation,BAC_G::RBG-16-49-21,Bacteria,4,0.0,0.0,True,138.5,False,False
warning_ammonia_toxicity,BAC_G::RBG-16-49-21,Bacteria,4,0.0,0.0,True,141.0,False,False
warning_biogas_quality,BAC_G::RBG-16-49-21,Bacteria,4,,,True,,False,False
warning_acid_base_balance,BAC_G::Raoultibacter,Bacteria,4,0.0,0.0,True,143.0,False,False
warning_buffer_capacity,BAC_G::Raoultibacter,Bacteria,4,0.0,0.0,True,139.0,False,False
warning_acid_accumulation,BAC_G::Raoultibacter,Bacteria,4,0.0,0.0,True,138.5,False,False
warning_ammonia_toxicity,BAC_G::Raoultibacter,Bacteria,4,0.0,0.0,True,141.0,False,False
warning_biogas_quality,BAC_G::Raoultibacter,Bacteria,4,,,True,,False,False
warning_acid_base_balance,BAC_G::Rhodobacter,Bacteria,4,0.0,0.0,True,143.0,False,False
warning_buffer_capacity,BAC_G::Rhodobacter,Bacteria,4,0.0,0.0,True,139.0,False,False
warning_acid_accumulation,BAC_G::Rhodobacter,Bacteria,4,0.0,0.0,True,138.5,False,False
warning_ammonia_toxicity,BAC_G::Rhodobacter,Bacteria,4,0.0,0.0,True,141.0,False,False
warning_biogas_quality,BAC_G::Rhodobacter,Bacteria,4,,,True,,False,False
warning_acid_base_balance,BAC_G::Ruminiclostridium,Bacteria,4,0.0,0.0,True,143.0,False,False
warning_buffer_capacity,BAC_G::Ruminiclostridium,Bacteria,4,0.0,0.0,True,139.0,False,False
warning_acid_accumulation,BAC_G::Ruminiclostridium,Bacteria,4,0.0,0.0,True,138.5,False,False
warning_ammonia_toxicity,BAC_G::Ruminiclostridium,Bacteria,4,0.0,0.0,True,141.0,False,False
warning_biogas_quality,BAC_G::Ruminiclostridium,Bacteria,4,,,True,,False,False
warning_acid_base_balance,BAC_G::Ruminococcus,Bacteria,4,0.0,0.0,True,143.0,False,False
warning_buffer_capacity,BAC_G::Ruminococcus,Bacteria,4,0.0,0.0,True,139.0,False,False
warning_acid_accumulation,BAC_G::Ruminococcus,Bacteria,4,0.0,0.0,True,138.5,False,False
warning_ammonia_toxicity,BAC_G::Ruminococcus,Bacteria,4,0.0,0.0,True,141.0,False,False
warning_biogas_quality,BAC_G::Ruminococcus,Bacteria,4,,,True,,False,False
warning_acid_base_balance,BAC_G::SBR1031,Bacteria,4,0.0,0.0,True,143.0,False,False
warning_buffer_capacity,BAC_G::SBR1031,Bacteria,4,0.0,0.0,True,139.0,False,False
warning_acid_accumulation,BAC_G::SBR1031,Bacteria,4,0.0,0.0,True,138.5,False,False
warning_ammonia_toxicity,BAC_G::SBR1031,Bacteria,4,0.0,0.0,True,141.0,False,False
warning_biogas_quality,BAC_G::SBR1031,Bacteria,4,,,True,,False,False
warning_acid_base_balance,BAC_G::SC-I-84,Bacteria,4,0.0,0.0,True,143.0,False,False
warning_buffer_capacity,BAC_G::SC-I-84,Bacteria,4,0.0,0.0,True,139.0,False,False
warning_acid_accumulation,BAC_G::SC-I-84,Bacteria,4,0.0,0.0,True,138.5,False,False
warning_ammonia_toxicity,BAC_G::SC-I-84,Bacteria,4,0.0,0.0,True,141.0,False,False
warning_biogas_quality,BAC_G::SC-I-84,Bacteria,4,,,True,,False,False
warning_acid_base_balance,BAC_G::SC103,Bacteria,4,0.0,0.0,True,143.0,False,False
warning_buffer_capacity,BAC_G::SC103,Bacteria,4,0.0,0.0,True,139.0,False,False
warning_acid_accumulation,BAC_G::SC103,Bacteria,4,0.0,0.0,True,138.5,False,False
warning_ammonia_toxicity,BAC_G::SC103,Bacteria,4,0.0,0.0,True,141.0,False,False
warning_biogas_quality,BAC_G::SC103,Bacteria,4,,,True,,False,False
warning_acid_base_balance,BAC_G::SJA-15,Bacteria,4,0.0,0.0,True,143.0,False,False
warning_buffer_capacity,BAC_G::SJA-15,Bacteria,4,0.0,0.0,True,139.0,False,False
warning_acid_accumulation,BAC_G::SJA-15,Bacteria,4,0.0,0.0,True,138.5,False,False
warning_ammonia_toxicity,BAC_G::SJA-15,Bacteria,4,0.0,0.0,True,141.0,False,False
warning_biogas_quality,BAC_G::SJA-15,Bacteria,4,,,True,,False,False
warning_acid_base_balance,BAC_G::SJA-28,Bacteria,4,0.0,0.0,True,143.0,False,False
warning_buffer_capacity,BAC_G::SJA-28,Bacteria,4,0.0,0.0,True,139.0,False,False
warning_acid_accumulation,BAC_G::SJA-28,Bacteria,4,0.0,0.0,True,138.5,False,False
warning_ammonia_toxicity,BAC_G::SJA-28,Bacteria,4,0.0,0.0,True,141.0,False,False
warning_biogas_quality,BAC_G::SJA-28,Bacteria,4,,,True,,False,False
warning_acid_base_balance,BAC_G::ST-12K33,Bacteria,4,0.0,0.0,True,143.0,False,False
warning_buffer_capacity,BAC_G::ST-12K33,Bacteria,4,0.0,0.0,True,139.0,False,False
warning_acid_accumulation,BAC_G::ST-12K33,Bacteria,4,0.0,0.0,True,138.5,False,False
warning_ammonia_toxicity,BAC_G::ST-12K33,Bacteria,4,0.0,0.0,True,141.0,False,False
warning_biogas_quality,BAC_G::ST-12K33,Bacteria,4,,,True,,False,False
warning_acid_base_balance,BAC_G::Saccharofermentans,Bacteria,4,0.0,0.0,True,143.0,False,False
warning_buffer_capacity,BAC_G::Saccharofermentans,Bacteria,4,0.0,0.0,True,139.0,False,False
warning_acid_accumulation,BAC_G::Saccharofermentans,Bacteria,4,0.0,0.0,True,138.5,False,False
warning_ammonia_toxicity,BAC_G::Saccharofermentans,Bacteria,4,0.0,0.0,True,141.0,False,False
warning_biogas_quality,BAC_G::Saccharofermentans,Bacteria,4,,,True,,False,False
warning_acid_base_balance,BAC_G::Sedimentibacter,Bacteria,4,0.017857142857142877,0.010577658531412374,True,6.0,True,True
warning_buffer_capacity,BAC_G::Sedimentibacter,Bacteria,4,0.0009803921568627499,0.0015364782548419268,True,6.0,True,True
warning_acid_accumulation,BAC_G::Sedimentibacter,Bacteria,4,0.0,0.0,True,138.5,False,False
warning_ammonia_toxicity,BAC_G::Sedimentibacter,Bacteria,4,0.0,0.0,True,141.0,False,False
warning_biogas_quality,BAC_G::Sedimentibacter,Bacteria,4,,,True,,False,False
warning_acid_base_balance,BAC_G::Shuttleworthia,Bacteria,4,0.0,0.0,True,143.0,False,False
warning_buffer_capacity,BAC_G::Shuttleworthia,Bacteria,4,0.0,0.0,True,139.0,False,False
warning_acid_accumulation,BAC_G::Shuttleworthia,Bacteria,4,0.0,0.0,True,138.5,False,False
warning_ammonia_toxicity,BAC_G::Shuttleworthia,Bacteria,4,0.0,0.0,True,141.0,False,False
warning_biogas_quality,BAC_G::Shuttleworthia,Bacteria,4,,,True,,False,False
warning_acid_base_balance,BAC_G::Simplicispira,Bacteria,4,0.0,0.0,False,143.0,False,False
warning_buffer_capacity,BAC_G::Simplicispira,Bacteria,4,0.0,0.0,False,139.0,False,False
warning_acid_accumulation,BAC_G::Simplicispira,Bacteria,4,0.0,0.0,False,138.5,False,False
warning_ammonia_toxicity,BAC_G::Simplicispira,Bacteria,4,0.0,0.0,False,141.0,False,False
warning_biogas_quality,BAC_G::Simplicispira,Bacteria,4,,,False,,False,False
warning_acid_base_balance,BAC_G::Smithella,Bacteria,4,0.0,0.0,True,143.0,False,False
warning_buffer_capacity,BAC_G::Smithella,Bacteria,4,0.0,0.0,True,139.0,False,False
warning_acid_accumulation,BAC_G::Smithella,Bacteria,4,0.0,0.0,True,138.5,False,False
warning_ammonia_toxicity,BAC_G::Smithella,Bacteria,4,0.0,0.0,True,141.0,False,False
warning_biogas_quality,BAC_G::Smithella,Bacteria,4,,,True,,False,False
warning_acid_base_balance,BAC_G::Sphaerochaeta,Bacteria,4,0.0,0.0,True,143.0,False,False
warning_buffer_capacity,BAC_G::Sphaerochaeta,Bacteria,4,0.0,0.0,True,139.0,False,False
warning_acid_accumulation,BAC_G::Sphaerochaeta,Bacteria,4,0.0,0.0,True,138.5,False,False
warning_ammonia_toxicity,BAC_G::Sphaerochaeta,Bacteria,4,0.0,0.0,True,141.0,False,False
warning_biogas_quality,BAC_G::Sphaerochaeta,Bacteria,4,,,True,,False,False
warning_acid_base_balance,BAC_G::Stenotrophomonas,Bacteria,4,0.0,0.0,True,143.0,False,False
warning_buffer_capacity,BAC_G::Stenotrophomonas,Bacteria,4,0.0,0.0,True,139.0,False,False
warning_acid_accumulation,BAC_G::Stenotrophomonas,Bacteria,4,0.0,0.0,True,138.5,False,False
warning_ammonia_toxicity,BAC_G::Stenotrophomonas,Bacteria,4,0.0,0.0,True,141.0,False,False
warning_biogas_quality,BAC_G::Stenotrophomonas,Bacteria,4,,,True,,False,False
warning_acid_base_balance,BAC_G::Sterolibacterium,Bacteria,4,0.0,0.0,True,143.0,False,False
warning_buffer_capacity,BAC_G::Sterolibacterium,Bacteria,4,0.0,0.0,True,139.0,False,False
warning_acid_accumulation,BAC_G::Sterolibacterium,Bacteria,4,0.0,0.0,True,138.5,False,False
warning_ammonia_toxicity,BAC_G::Sterolibacterium,Bacteria,4,0.0,0.0,True,141.0,False,False
warning_biogas_quality,BAC_G::Sterolibacterium,Bacteria,4,,,True,,False,False
warning_acid_base_balance,BAC_G::Streptococcus,Bacteria,4,0.0,0.0,True,143.0,False,False
warning_buffer_capacity,BAC_G::Streptococcus,Bacteria,4,0.0,0.0,True,139.0,False,False
warning_acid_accumulation,BAC_G::Streptococcus,Bacteria,4,0.0,0.0,True,138.5,False,False
warning_ammonia_toxicity,BAC_G::Streptococcus,Bacteria,4,0.0,0.0,True,141.0,False,False
warning_biogas_quality,BAC_G::Streptococcus,Bacteria,4,,,True,,False,False
warning_acid_base_balance,BAC_G::Sutterella,Bacteria,4,0.0,0.0,True,143.0,False,False
warning_buffer_capacity,BAC_G::Sutterella,Bacteria,4,0.0,0.0,True,139.0,False,False
warning_acid_accumulation,BAC_G::Sutterella,Bacteria,4,0.0,0.0,True,138.5,False,False
warning_ammonia_toxicity,BAC_G::Sutterella,Bacteria,4,0.0,0.0,True,141.0,False,False
warning_biogas_quality,BAC_G::Sutterella,Bacteria,4,,,True,,False,False
warning_acid_base_balance,BAC_G::Syner-01,Bacteria,4,0.0,0.0,True,143.0,False,False
warning_buffer_capacity,BAC_G::Syner-01,Bacteria,4,0.0,0.0,True,139.0,False,False
warning_acid_accumulation,BAC_G::Syner-01,Bacteria,4,0.0,0.0,True,138.5,False,False
warning_ammonia_toxicity,BAC_G::Syner-01,Bacteria,4,0.0,0.0,True,141.0,False,False
warning_biogas_quality,BAC_G::Syner-01,Bacteria,4,,,True,,False,False
warning_acid_base_balance,BAC_G::Syntrophaceticus,Bacteria,4,0.0,0.0,True,143.0,False,False
warning_buffer_capacity,BAC_G::Syntrophaceticus,Bacteria,4,0.0,0.0,True,139.0,False,False
warning_acid_accumulation,BAC_G::Syntrophaceticus,Bacteria,4,0.0,0.0,True,138.5,False,False
warning_ammonia_toxicity,BAC_G::Syntrophaceticus,Bacteria,4,0.0,0.0,True,141.0,False,False
warning_biogas_quality,BAC_G::Syntrophaceticus,Bacteria,4,,,True,,False,False
warning_acid_base_balance,BAC_G::Syntrophobacter,Bacteria,4,0.0,0.0,True,143.0,False,False
warning_buffer_capacity,BAC_G::Syntrophobacter,Bacteria,4,0.0,0.0,True,139.0,False,False
warning_acid_accumulation,BAC_G::Syntrophobacter,Bacteria,4,0.0,0.0,True,138.5,False,False
warning_ammonia_toxicity,BAC_G::Syntrophobacter,Bacteria,4,0.0,0.0,True,141.0,False,False
warning_biogas_quality,BAC_G::Syntrophobacter,Bacteria,4,,,True,,False,False
warning_acid_base_balance,BAC_G::Syntrophococcus,Bacteria,4,0.0,0.0,True,143.0,False,False
warning_buffer_capacity,BAC_G::Syntrophococcus,Bacteria,4,0.0,0.0,True,139.0,False,False
warning_acid_accumulation,BAC_G::Syntrophococcus,Bacteria,4,0.0,0.0,True,138.5,False,False
warning_ammonia_toxicity,BAC_G::Syntrophococcus,Bacteria,4,0.0,0.0,True,141.0,False,False
warning_biogas_quality,BAC_G::Syntrophococcus,Bacteria,4,,,True,,False,False
warning_acid_base_balance,BAC_G::Syntrophomonas,Bacteria,4,0.0,0.0,True,143.0,False,False
warning_buffer_capacity,BAC_G::Syntrophomonas,Bacteria,4,-0.005854700854700851,0.007713834850983313,True,274.0,False,False
warning_acid_accumulation,BAC_G::Syntrophomonas,Bacteria,4,0.0,0.0,True,138.5,False,False
warning_ammonia_toxicity,BAC_G::Syntrophomonas,Bacteria,4,0.0,0.0,True,141.0,False,False
warning_biogas_quality,BAC_G::Syntrophomonas,Bacteria,4,,,True,,False,False
warning_acid_base_balance,BAC_G::Syntrophorhabdus,Bacteria,4,0.0,0.0,True,143.0,False,False
warning_buffer_capacity,BAC_G::Syntrophorhabdus,Bacteria,4,0.0,0.0,True,139.0,False,False
warning_acid_accumulation,BAC_G::Syntrophorhabdus,Bacteria,4,0.0,0.0,True,138.5,False,False
warning_ammonia_toxicity,BAC_G::Syntrophorhabdus,Bacteria,4,0.0,0.0,True,141.0,False,False
warning_biogas_quality,BAC_G::Syntrophorhabdus,Bacteria,4,,,True,,False,False
warning_acid_base_balance,BAC_G::Syntrophus,Bacteria,4,0.0,0.0,True,143.0,False,False
warning_buffer_capacity,BAC_G::Syntrophus,Bacteria,4,0.0,0.0,True,139.0,False,False
warning_acid_accumulation,BAC_G::Syntrophus,Bacteria,4,0.0,0.0,True,138.5,False,False
warning_ammonia_toxicity,BAC_G::Syntrophus,Bacteria,4,0.0,0.0,True,141.0,False,False
warning_biogas_quality,BAC_G::Syntrophus,Bacteria,4,,,True,,False,False
warning_acid_base_balance,BAC_G::TTA-B1,Bacteria,4,0.0,0.0,True,143.0,False,False
warning_buffer_capacity,BAC_G::TTA-B1,Bacteria,4,0.0,0.0,True,139.0,False,False
warning_acid_accumulation,BAC_G::TTA-B1,Bacteria,4,0.0,0.0,True,138.5,False,False
warning_ammonia_toxicity,BAC_G::TTA-B1,Bacteria,4,0.0,0.0,True,141.0,False,False
warning_biogas_quality,BAC_G::TTA-B1,Bacteria,4,,,True,,False,False
warning_acid_base_balance,BAC_G::Tepidimicrobium,Bacteria,4,0.0,0.0,True,143.0,False,False
warning_buffer_capacity,BAC_G::Tepidimicrobium,Bacteria,4,0.0,0.0,True,139.0,False,False
warning_acid_accumulation,BAC_G::Tepidimicrobium,Bacteria,4,0.0,0.0,True,138.5,False,False
warning_ammonia_toxicity,BAC_G::Tepidimicrobium,Bacteria,4,0.0,0.0,True,141.0,False,False
warning_biogas_quality,BAC_G::Tepidimicrobium,Bacteria,4,,,True,,False,False
warning_acid_base_balance,BAC_G::Terrimonas,Bacteria,4,0.0,0.0,True,143.0,False,False
warning_buffer_capacity,BAC_G::Terrimonas,Bacteria,4,0.0,0.0,True,139.0,False,False
warning_acid_accumulation,BAC_G::Terrimonas,Bacteria,4,0.0,0.0,True,138.5,False,False
warning_ammonia_toxicity,BAC_G::Terrimonas,Bacteria,4,0.0,0.0,True,141.0,False,False
warning_biogas_quality,BAC_G::Terrimonas,Bacteria,4,,,True,,False,False
warning_acid_base_balance,BAC_G::Tetrasphaera,Bacteria,4,0.0,0.0,True,143.0,False,False
warning_buffer_capacity,BAC_G::Tetrasphaera,Bacteria,4,0.0,0.0,True,139.0,False,False
warning_acid_accumulation,BAC_G::Tetrasphaera,Bacteria,4,0.0,0.0,True,138.5,False,False
warning_ammonia_toxicity,BAC_G::Tetrasphaera,Bacteria,4,0.0,0.0,True,141.0,False,False
warning_biogas_quality,BAC_G::Tetrasphaera,Bacteria,4,,,True,,False,False
warning_acid_base_balance,BAC_G::Thauera,Bacteria,4,0.0,0.0,True,143.0,False,False
warning_buffer_capacity,BAC_G::Thauera,Bacteria,4,0.0,0.0,True,139.0,False,False
warning_acid_accumulation,BAC_G::Thauera,Bacteria,4,0.0,0.0,True,138.5,False,False
warning_ammonia_toxicity,BAC_G::Thauera,Bacteria,4,0.0,0.0,True,141.0,False,False
warning_biogas_quality,BAC_G::Thauera,Bacteria,4,,,True,,False,False
warning_acid_base_balance,BAC_G::Thermoanaerobaculum,Bacteria,4,0.0,0.0,False,143.0,False,False
warning_buffer_capacity,BAC_G::Thermoanaerobaculum,Bacteria,4,0.0,0.0,False,139.0,False,False
warning_acid_accumulation,BAC_G::Thermoanaerobaculum,Bacteria,4,0.0,0.0,False,138.5,False,False
warning_ammonia_toxicity,BAC_G::Thermoanaerobaculum,Bacteria,4,0.0,0.0,False,141.0,False,False
warning_biogas_quality,BAC_G::Thermoanaerobaculum,Bacteria,4,,,False,,False,False
warning_acid_base_balance,BAC_G::Thermomonas,Bacteria,4,0.0,0.0,True,143.0,False,False
warning_buffer_capacity,BAC_G::Thermomonas,Bacteria,4,0.0,0.0,True,139.0,False,False
warning_acid_accumulation,BAC_G::Thermomonas,Bacteria,4,0.0,0.0,True,138.5,False,False
warning_ammonia_toxicity,BAC_G::Thermomonas,Bacteria,4,0.0,0.0,True,141.0,False,False
warning_biogas_quality,BAC_G::Thermomonas,Bacteria,4,,,True,,False,False
warning_acid_base_balance,BAC_G::Thermovirga,Bacteria,4,0.0,0.0,True,143.0,False,False
warning_buffer_capacity,BAC_G::Thermovirga,Bacteria,4,0.0,0.0,True,139.0,False,False
warning_acid_accumulation,BAC_G::Thermovirga,Bacteria,4,0.0,0.0,True,138.5,False,False
warning_ammonia_toxicity,BAC_G::Thermovirga,Bacteria,4,0.0,0.0,True,141.0,False,False
warning_biogas_quality,BAC_G::Thermovirga,Bacteria,4,,,True,,False,False
warning_acid_base_balance,BAC_G::Thermus,Bacteria,4,0.0,0.0,True,143.0,False,False
warning_buffer_capacity,BAC_G::Thermus,Bacteria,4,0.0,0.0,True,139.0,False,False
warning_acid_accumulation,BAC_G::Thermus,Bacteria,4,0.0,0.0,True,138.5,False,False
warning_ammonia_toxicity,BAC_G::Thermus,Bacteria,4,0.0,0.0,True,141.0,False,False
warning_biogas_quality,BAC_G::Thermus,Bacteria,4,,,True,,False,False
warning_acid_base_balance,BAC_G::Tissierella,Bacteria,4,0.0,0.0,True,143.0,False,False
warning_buffer_capacity,BAC_G::Tissierella,Bacteria,4,0.0,0.0,True,139.0,False,False
warning_acid_accumulation,BAC_G::Tissierella,Bacteria,4,0.0,0.0,True,138.5,False,False
warning_ammonia_toxicity,BAC_G::Tissierella,Bacteria,4,0.0,0.0,True,141.0,False,False
warning_biogas_quality,BAC_G::Tissierella,Bacteria,4,,,True,,False,False
warning_acid_base_balance,BAC_G::Treponema,Bacteria,4,0.0,0.0,True,143.0,False,False
warning_buffer_capacity,BAC_G::Treponema,Bacteria,4,0.0,0.0,True,139.0,False,False
warning_acid_accumulation,BAC_G::Treponema,Bacteria,4,0.0,0.0,True,138.5,False,False
warning_ammonia_toxicity,BAC_G::Treponema,Bacteria,4,0.0,0.0,True,141.0,False,False
warning_biogas_quality,BAC_G::Treponema,Bacteria,4,,,True,,False,False
warning_acid_base_balance,BAC_G::Truepera,Bacteria,4,0.0,0.0,True,143.0,False,False
warning_buffer_capacity,BAC_G::Truepera,Bacteria,4,0.0,0.0,True,139.0,False,False
warning_acid_accumulation,BAC_G::Truepera,Bacteria,4,0.0,0.0,True,138.5,False,False
warning_ammonia_toxicity,BAC_G::Truepera,Bacteria,4,0.0,0.0,True,141.0,False,False
warning_biogas_quality,BAC_G::Truepera,Bacteria,4,,,True,,False,False
warning_acid_base_balance,BAC_G::UCG-010,Bacteria,4,0.0,0.0,True,143.0,False,False
warning_buffer_capacity,BAC_G::UCG-010,Bacteria,4,0.0,0.0,True,139.0,False,False
warning_acid_accumulation,BAC_G::UCG-010,Bacteria,4,0.0,0.0,True,138.5,False,False
warning_ammonia_toxicity,BAC_G::UCG-010,Bacteria,4,0.0,0.0,True,141.0,False,False
warning_biogas_quality,BAC_G::UCG-010,Bacteria,4,,,True,,False,False
warning_acid_base_balance,BAC_G::W27,Bacteria,4,0.0,0.0,True,143.0,False,False
warning_buffer_capacity,BAC_G::W27,Bacteria,4,0.0,0.0,True,139.0,False,False
warning_acid_accumulation,BAC_G::W27,Bacteria,4,0.0,0.0,True,138.5,False,False
warning_ammonia_toxicity,BAC_G::W27,Bacteria,4,0.0,0.0,True,141.0,False,False
warning_biogas_quality,BAC_G::W27,Bacteria,4,,,True,,False,False
warning_acid_base_balance,BAC_G::W5,Bacteria,4,0.0,0.0,True,143.0,False,False
warning_buffer_capacity,BAC_G::W5,Bacteria,4,0.0,0.0,True,139.0,False,False
warning_acid_accumulation,BAC_G::W5,Bacteria,4,0.0,0.0,True,138.5,False,False
warning_ammonia_toxicity,BAC_G::W5,Bacteria,4,0.0,0.0,True,141.0,False,False
warning_biogas_quality,BAC_G::W5,Bacteria,4,,,True,,False,False
warning_acid_base_balance,BAC_G::W5053,Bacteria,4,0.0,0.0,True,143.0,False,False
warning_buffer_capacity,BAC_G::W5053,Bacteria,4,0.0,0.0,True,139.0,False,False
warning_acid_accumulation,BAC_G::W5053,Bacteria,4,0.0,0.0,True,138.5,False,False
warning_ammonia_toxicity,BAC_G::W5053,Bacteria,4,0.0,0.0,True,141.0,False,False
warning_biogas_quality,BAC_G::W5053,Bacteria,4,,,True,,False,False
warning_acid_base_balance,BAC_G::WCHB1-02,Bacteria,4,0.0,0.0,True,143.0,False,False
warning_buffer_capacity,BAC_G::WCHB1-02,Bacteria,4,0.0,0.0,True,139.0,False,False
warning_acid_accumulation,BAC_G::WCHB1-02,Bacteria,4,0.0,0.0,True,138.5,False,False
warning_ammonia_toxicity,BAC_G::WCHB1-02,Bacteria,4,0.0,0.0,True,141.0,False,False
warning_biogas_quality,BAC_G::WCHB1-02,Bacteria,4,,,True,,False,False
warning_acid_base_balance,BAC_G::WCHB1-41,Bacteria,4,0.0,0.0,True,143.0,False,False
warning_buffer_capacity,BAC_G::WCHB1-41,Bacteria,4,0.0,0.0,True,139.0,False,False
warning_acid_accumulation,BAC_G::WCHB1-41,Bacteria,4,0.0,0.0,True,138.5,False,False
warning_ammonia_toxicity,BAC_G::WCHB1-41,Bacteria,4,0.0,0.0,True,141.0,False,False
warning_biogas_quality,BAC_G::WCHB1-41,Bacteria,4,,,True,,False,False
warning_acid_base_balance,BAC_G::WCHB1-81,Bacteria,4,0.0,0.0,True,143.0,False,False
warning_buffer_capacity,BAC_G::WCHB1-81,Bacteria,4,0.0,0.0,True,139.0,False,False
warning_acid_accumulation,BAC_G::WCHB1-81,Bacteria,4,0.0,0.0,True,138.5,False,False
warning_ammonia_toxicity,BAC_G::WCHB1-81,Bacteria,4,0.0,0.0,True,141.0,False,False
warning_biogas_quality,BAC_G::WCHB1-81,Bacteria,4,,,True,,False,False
warning_acid_base_balance,BAC_G::Zoogloea,Bacteria,4,0.0,0.0,True,143.0,False,False
warning_buffer_capacity,BAC_G::Zoogloea,Bacteria,4,0.0,0.0,True,139.0,False,False
warning_acid_accumulation,BAC_G::Zoogloea,Bacteria,4,0.0,0.0,True,138.5,False,False
warning_ammonia_toxicity,BAC_G::Zoogloea,Bacteria,4,0.0,0.0,True,141.0,False,False
warning_biogas_quality,BAC_G::Zoogloea,Bacteria,4,,,True,,False,False
warning_acid_base_balance,BAC_G::p-251-o5,Bacteria,4,0.0,0.0,True,143.0,False,False
warning_buffer_capacity,BAC_G::p-251-o5,Bacteria,4,0.0,0.0,True,139.0,False,False
warning_acid_accumulation,BAC_G::p-251-o5,Bacteria,4,0.0,0.0,True,138.5,False,False
warning_ammonia_toxicity,BAC_G::p-251-o5,Bacteria,4,0.0,0.0,True,141.0,False,False
warning_biogas_quality,BAC_G::p-251-o5,Bacteria,4,,,True,,False,False
warning_acid_base_balance,BAC_G::unidentified,Bacteria,4,0.0,0.0,True,143.0,False,False
warning_buffer_capacity,BAC_G::unidentified,Bacteria,4,0.0,0.0,True,139.0,False,False
warning_acid_accumulation,BAC_G::unidentified,Bacteria,4,0.0,0.0,True,138.5,False,False
warning_ammonia_toxicity,BAC_G::unidentified,Bacteria,4,0.0,0.0,True,141.0,False,False
warning_biogas_quality,BAC_G::unidentified,Bacteria,4,,,True,,False,False
warning_acid_base_balance,ARC_P::Aenigmarchaeota,Archaea,4,0.0,0.0,True,143.0,False,False
warning_buffer_capacity,ARC_P::Aenigmarchaeota,Archaea,4,0.0,0.0,True,139.0,False,False
warning_acid_accumulation,ARC_P::Aenigmarchaeota,Archaea,4,0.0,0.0,True,138.5,False,False
warning_ammonia_toxicity,ARC_P::Aenigmarchaeota,Archaea,4,0.0,0.0,True,141.0,False,False
warning_biogas_quality,ARC_P::Aenigmarchaeota,Archaea,4,,,True,,False,False
warning_acid_base_balance,ARC_P::Asgardarchaeota,Archaea,4,0.0,0.0,True,143.0,False,False
warning_buffer_capacity,ARC_P::Asgardarchaeota,Archaea,4,0.0,0.0,True,139.0,False,False
warning_acid_accumulation,ARC_P::Asgardarchaeota,Archaea,4,0.0,0.0,True,138.5,False,False
warning_ammonia_toxicity,ARC_P::Asgardarchaeota,Archaea,4,0.0,0.0,True,141.0,False,False
warning_biogas_quality,ARC_P::Asgardarchaeota,Archaea,4,,,True,,False,False
warning_acid_base_balance,ARC_P::Crenarchaeota,Archaea,4,0.0,0.0,True,143.0,False,False
warning_buffer_capacity,ARC_P::Crenarchaeota,Archaea,4,0.0,0.0,True,139.0,False,False
warning_acid_accumulation,ARC_P::Crenarchaeota,Archaea,4,0.0,0.0,True,138.5,False,False
warning_ammonia_toxicity,ARC_P::Crenarchaeota,Archaea,4,0.0,0.0,True,141.0,False,False
warning_biogas_quality,ARC_P::Crenarchaeota,Archaea,4,,,True,,False,False
warning_acid_base_balance,ARC_P::Cryptomycota,Archaea,4,0.0,0.0,True,143.0,False,False
warning_buffer_capacity,ARC_P::Cryptomycota,Archaea,4,0.0,0.0,True,139.0,False,False
warning_acid_accumulation,ARC_P::Cryptomycota,Archaea,4,0.0,0.0,True,138.5,False,False
warning_ammonia_toxicity,ARC_P::Cryptomycota,Archaea,4,0.0,0.0,True,141.0,False,False
warning_biogas_quality,ARC_P::Cryptomycota,Archaea,4,,,True,,False,False
warning_acid_base_balance,ARC_P::Euryarchaeota,Archaea,4,0.0,0.0,True,143.0,False,False
warning_buffer_capacity,ARC_P::Euryarchaeota,Archaea,4,0.0,0.0,True,139.0,False,False
warning_acid_accumulation,ARC_P::Euryarchaeota,Archaea,4,0.0,0.0,True,138.5,False,False
warning_ammonia_toxicity,ARC_P::Euryarchaeota,Archaea,4,0.0,0.0,True,141.0,False,False
warning_biogas_quality,ARC_P::Euryarchaeota,Archaea,4,,,True,,False,False
warning_acid_base_balance,ARC_P::Hadarchaeota,Archaea,4,0.0,0.0,True,143.0,False,False
warning_buffer_capacity,ARC_P::Hadarchaeota,Archaea,4,0.0,0.0,True,139.0,False,False
warning_acid_accumulation,ARC_P::Hadarchaeota,Archaea,4,0.0,0.0,True,138.5,False,False
warning_ammonia_toxicity,ARC_P::Hadarchaeota,Archaea,4,0.0,0.0,True,141.0,False,False
warning_biogas_quality,ARC_P::Hadarchaeota,Archaea,4,,,True,,False,False
warning_acid_base_balance,ARC_P::Halobacterota,Archaea,4,0.0,0.0,True,143.0,False,False
warning_buffer_capacity,ARC_P::Halobacterota,Archaea,4,0.0,0.0,True,139.0,False,False
warning_acid_accumulation,ARC_P::Halobacterota,Archaea,4,0.0,0.0,True,138.5,False,False
warning_ammonia_toxicity,ARC_P::Halobacterota,Archaea,4,0.07291666666666671,0.03182344232608228,True,2.0,True,True
warning_biogas_quality,ARC_P::Halobacterota,Archaea,4,,,True,,False,False
warning_acid_base_balance,ARC_P::Holozoa,Archaea,4,0.0,0.0,True,143.0,False,False
warning_buffer_capacity,ARC_P::Holozoa,Archaea,4,0.0,0.0,True,139.0,False,False
warning_acid_accumulation,ARC_P::Holozoa,Archaea,4,0.0,0.0,True,138.5,False,False
warning_ammonia_toxicity,ARC_P::Holozoa,Archaea,4,0.0,0.0,True,141.0,False,False
warning_biogas_quality,ARC_P::Holozoa,Archaea,4,,,True,,False,False
warning_acid_base_balance,ARC_P::Iainarchaeota,Archaea,4,0.0,0.0,True,143.0,False,False
warning_buffer_capacity,ARC_P::Iainarchaeota,Archaea,4,0.0,0.0,True,139.0,False,False
warning_acid_accumulation,ARC_P::Iainarchaeota,Archaea,4,0.0,0.0,True,138.5,False,False
warning_ammonia_toxicity,ARC_P::Iainarchaeota,Archaea,4,0.0,0.0,True,141.0,False,False
warning_biogas_quality,ARC_P::Iainarchaeota,Archaea,4,,,True,,False,False
warning_acid_base_balance,ARC_P::Micrarchaeota,Archaea,4,0.0,0.0,True,143.0,False,False
warning_buffer_capacity,ARC_P::Micrarchaeota,Archaea,4,0.0,0.0,True,139.0,False,False
warning_acid_accumulation,ARC_P::Micrarchaeota,Archaea,4,0.0,0.0,True,138.5,False,False
warning_ammonia_toxicity,ARC_P::Micrarchaeota,Archaea,4,0.0,0.0,True,141.0,False,False
warning_biogas_quality,ARC_P::Micrarchaeota,Archaea,4,,,True,,False,False
warning_acid_base_balance,ARC_P::Mollusca,Archaea,4,0.0,0.0,True,143.0,False,False
warning_buffer_capacity,ARC_P::Mollusca,Archaea,4,0.0,0.0,True,139.0,False,False
warning_acid_accumulation,ARC_P::Mollusca,Archaea,4,0.0,0.0,True,138.5,False,False
warning_ammonia_toxicity,ARC_P::Mollusca,Archaea,4,0.0,0.0,True,141.0,False,False
warning_biogas_quality,ARC_P::Mollusca,Archaea,4,,,True,,False,False
warning_acid_base_balance,ARC_P::Nanoarchaeota,Archaea,4,0.06494047619047617,0.0723285540883446,True,2.0,True,True
warning_buffer_capacity,ARC_P::Nanoarchaeota,Archaea,4,0.0,0.0,True,139.0,False,False
warning_acid_accumulation,ARC_P::Nanoarchaeota,Archaea,4,0.0,0.0,True,138.5,False,False
warning_ammonia_toxicity,ARC_P::Nanoarchaeota,Archaea,4,0.0,0.0,True,141.0,False,False
warning_biogas_quality,ARC_P::Nanoarchaeota,Archaea,4,,,True,,False,False
warning_acid_base_balance,ARC_P::Thermoplasmatota,Archaea,4,0.0,0.0,True,143.0,False,False
warning_buffer_capacity,ARC_P::Thermoplasmatota,Archaea,4,0.0,0.0,True,139.0,False,False
warning_acid_accumulation,ARC_P::Thermoplasmatota,Archaea,4,0.0,0.0,True,138.5,False,False
warning_ammonia_toxicity,ARC_P::Thermoplasmatota,Archaea,4,0.0,0.0,True,141.0,False,False
warning_biogas_quality,ARC_P::Thermoplasmatota,Archaea,4,,,True,,False,False
warning_acid_base_balance,ARC_P::Vertebrata,Archaea,4,0.0,0.0,True,143.0,False,False
warning_buffer_capacity,ARC_P::Vertebrata,Archaea,4,0.0,0.0,True,139.0,False,False
warning_acid_accumulation,ARC_P::Vertebrata,Archaea,4,0.0,0.0,True,138.5,False,False
warning_ammonia_toxicity,ARC_P::Vertebrata,Archaea,4,0.0,0.0,True,141.0,False,False
warning_biogas_quality,ARC_P::Vertebrata,Archaea,4,,,True,,False,False
warning_acid_base_balance,ARC_P::unidentified,Archaea,4,0.0023809523809523838,0.007328416800608252,True,11.0,False,True
warning_buffer_capacity,ARC_P::unidentified,Archaea,4,0.0,0.0,True,139.0,False,False
warning_acid_accumulation,ARC_P::unidentified,Archaea,4,0.0,0.0,True,138.5,False,False
warning_ammonia_toxicity,ARC_P::unidentified,Archaea,4,0.0,0.0,True,141.0,False,False
warning_biogas_quality,ARC_P::unidentified,Archaea,4,,,True,,False,False
warning_acid_base_balance,ARC_G::Aenigmarchaeales,Archaea,4,0.0,0.0,True,143.0,False,False
warning_buffer_capacity,ARC_G::Aenigmarchaeales,Archaea,4,0.0,0.0,True,139.0,False,False
warning_acid_accumulation,ARC_G::Aenigmarchaeales,Archaea,4,0.0,0.0,True,138.5,False,False
warning_ammonia_toxicity,ARC_G::Aenigmarchaeales,Archaea,4,0.0,0.0,True,141.0,False,False
warning_biogas_quality,ARC_G::Aenigmarchaeales,Archaea,4,,,True,,False,False
warning_acid_base_balance,ARC_G::Bathyarchaeia,Archaea,4,0.0,0.0,True,143.0,False,False
warning_buffer_capacity,ARC_G::Bathyarchaeia,Archaea,4,0.0,0.0,True,139.0,False,False
warning_acid_accumulation,ARC_G::Bathyarchaeia,Archaea,4,0.0,0.0,True,138.5,False,False
warning_ammonia_toxicity,ARC_G::Bathyarchaeia,Archaea,4,0.0,0.0,True,141.0,False,False
warning_biogas_quality,ARC_G::Bathyarchaeia,Archaea,4,,,True,,False,False
warning_acid_base_balance,ARC_G::Candidatus_Iainarchaeum,Archaea,4,0.0,0.0,True,143.0,False,False
warning_buffer_capacity,ARC_G::Candidatus_Iainarchaeum,Archaea,4,0.0,0.0,True,139.0,False,False
warning_acid_accumulation,ARC_G::Candidatus_Iainarchaeum,Archaea,4,0.0,0.0,True,138.5,False,False
warning_ammonia_toxicity,ARC_G::Candidatus_Iainarchaeum,Archaea,4,0.0,0.0,True,141.0,False,False
warning_biogas_quality,ARC_G::Candidatus_Iainarchaeum,Archaea,4,,,True,,False,False
warning_acid_base_balance,ARC_G::Candidatus_Methanofastidiosum,Archaea,4,0.0,0.0,True,143.0,False,False
warning_buffer_capacity,ARC_G::Candidatus_Methanofastidiosum,Archaea,4,0.0,0.0,True,139.0,False,False
warning_acid_accumulation,ARC_G::Candidatus_Methanofastidiosum,Archaea,4,0.0,0.0,True,138.5,False,False
warning_ammonia_toxicity,ARC_G::Candidatus_Methanofastidiosum,Archaea,4,0.0,0.0,True,141.0,False,False
warning_biogas_quality,ARC_G::Candidatus_Methanofastidiosum,Archaea,4,,,True,,False,False
warning_acid_base_balance,ARC_G::Candidatus_Methanogranum,Archaea,4,0.0,0.0,True,143.0,False,False
warning_buffer_capacity,ARC_G::Candidatus_Methanogranum,Archaea,4,0.0,0.0,True,139.0,False,False
warning_acid_accumulation,ARC_G::Candidatus_Methanogranum,Archaea,4,0.0,0.0,True,138.5,False,False
warning_ammonia_toxicity,ARC_G::Candidatus_Methanogranum,Archaea,4,0.0,0.0,True,141.0,False,False
warning_biogas_quality,ARC_G::Candidatus_Methanogranum,Archaea,4,,,True,,False,False
warning_acid_base_balance,ARC_G::Candidatus_Methanomethylicus,Archaea,4,0.0,0.0,True,143.0,False,False
warning_buffer_capacity,ARC_G::Candidatus_Methanomethylicus,Archaea,4,0.0,0.0,True,139.0,False,False
warning_acid_accumulation,ARC_G::Candidatus_Methanomethylicus,Archaea,4,0.0,0.0,True,138.5,False,False
warning_ammonia_toxicity,ARC_G::Candidatus_Methanomethylicus,Archaea,4,0.0,0.0,True,141.0,False,False
warning_biogas_quality,ARC_G::Candidatus_Methanomethylicus,Archaea,4,,,True,,False,False
warning_acid_base_balance,ARC_G::Candidatus_Methanomethylophilus,Archaea,4,0.0,0.0,True,143.0,False,False
warning_buffer_capacity,ARC_G::Candidatus_Methanomethylophilus,Archaea,4,0.0,0.0,True,139.0,False,False
warning_acid_accumulation,ARC_G::Candidatus_Methanomethylophilus,Archaea,4,0.0,0.0,True,138.5,False,False
warning_ammonia_toxicity,ARC_G::Candidatus_Methanomethylophilus,Archaea,4,0.0,0.0,True,141.0,False,False
warning_biogas_quality,ARC_G::Candidatus_Methanomethylophilus,Archaea,4,,,True,,False,False
warning_acid_base_balance,ARC_G::Candidatus_Methanoplasma,Archaea,4,0.0,0.0,True,143.0,False,False
warning_buffer_capacity,ARC_G::Candidatus_Methanoplasma,Archaea,4,0.0,0.0,True,139.0,False,False
warning_acid_accumulation,ARC_G::Candidatus_Methanoplasma,Archaea,4,0.0,0.0,True,138.5,False,False
warning_ammonia_toxicity,ARC_G::Candidatus_Methanoplasma,Archaea,4,0.0,0.0,True,141.0,False,False
warning_biogas_quality,ARC_G::Candidatus_Methanoplasma,Archaea,4,,,True,,False,False
warning_acid_base_balance,ARC_G::Candidatus_Nitrocosmicus,Archaea,4,0.0,0.0,True,143.0,False,False
warning_buffer_capacity,ARC_G::Candidatus_Nitrocosmicus,Archaea,4,0.0,0.0,True,139.0,False,False
warning_acid_accumulation,ARC_G::Candidatus_Nitrocosmicus,Archaea,4,0.0,0.0,True,138.5,False,False
warning_ammonia_toxicity,ARC_G::Candidatus_Nitrocosmicus,Archaea,4,0.0,0.0,True,141.0,False,False
warning_biogas_quality,ARC_G::Candidatus_Nitrocosmicus,Archaea,4,,,True,,False,False
warning_acid_base_balance,ARC_G::Hadarchaeales,Archaea,4,0.0,0.0,True,143.0,False,False
warning_buffer_capacity,ARC_G::Hadarchaeales,Archaea,4,0.0,0.0,True,139.0,False,False
warning_acid_accumulation,ARC_G::Hadarchaeales,Archaea,4,0.0,0.0,True,138.5,False,False
warning_ammonia_toxicity,ARC_G::Hadarchaeales,Archaea,4,0.0,0.0,True,141.0,False,False
warning_biogas_quality,ARC_G::Hadarchaeales,Archaea,4,,,True,,False,False
warning_acid_base_balance,ARC_G::LKM11,Archaea,4,0.0,0.0,True,143.0,False,False
warning_buffer_capacity,ARC_G::LKM11,Archaea,4,0.0,0.0,True,139.0,False,False
warning_acid_accumulation,ARC_G::LKM11,Archaea,4,0.0,0.0,True,138.5,False,False
warning_ammonia_toxicity,ARC_G::LKM11,Archaea,4,0.0,0.0,True,141.0,False,False
warning_biogas_quality,ARC_G::LKM11,Archaea,4,,,True,,False,False
warning_acid_base_balance,ARC_G::Lokiarchaeia,Archaea,4,0.0,0.0,True,143.0,False,False
warning_buffer_capacity,ARC_G::Lokiarchaeia,Archaea,4,0.0,0.0,True,139.0,False,False
warning_acid_accumulation,ARC_G::Lokiarchaeia,Archaea,4,0.0,0.0,True,138.5,False,False
warning_ammonia_toxicity,ARC_G::Lokiarchaeia,Archaea,4,0.0,0.0,True,141.0,False,False
warning_biogas_quality,ARC_G::Lokiarchaeia,Archaea,4,,,True,,False,False
warning_acid_base_balance,ARC_G::Marine_Benthic_Group_D_and_DHVEG-1,Archaea,4,0.0,0.0,True,143.0,False,False
warning_buffer_capacity,ARC_G::Marine_Benthic_Group_D_and_DHVEG-1,Archaea,4,0.0,0.0,True,139.0,False,False
warning_acid_accumulation,ARC_G::Marine_Benthic_Group_D_and_DHVEG-1,Archaea,4,0.0,0.0,True,138.5,False,False
warning_ammonia_toxicity,ARC_G::Marine_Benthic_Group_D_and_DHVEG-1,Archaea,4,0.0,0.0,True,141.0,False,False
warning_biogas_quality,ARC_G::Marine_Benthic_Group_D_and_DHVEG-1,Archaea,4,,,True,,False,False
warning_acid_base_balance,ARC_G::Methanimicrococcus,Archaea,4,0.0,0.0,True,143.0,False,False
warning_buffer_capacity,ARC_G::Methanimicrococcus,Archaea,4,0.0,0.0,True,139.0,False,False
warning_acid_accumulation,ARC_G::Methanimicrococcus,Archaea,4,0.0,0.0,True,138.5,False,False
warning_ammonia_toxicity,ARC_G::Methanimicrococcus,Archaea,4,0.0,0.0,True,141.0,False,False
warning_biogas_quality,ARC_G::Methanimicrococcus,Archaea,4,,,True,,False,False
warning_acid_base_balance,ARC_G::Methanocorpusculum,Archaea,4,0.0,0.0,True,143.0,False,False
warning_buffer_capacity,ARC_G::Methanocorpusculum,Archaea,4,0.0,0.0,True,139.0,False,False
warning_acid_accumulation,ARC_G::Methanocorpusculum,Archaea,4,0.0,0.0,True,138.5,False,False
warning_ammonia_toxicity,ARC_G::Methanocorpusculum,Archaea,4,0.0,0.0,True,141.0,False,False
warning_biogas_quality,ARC_G::Methanocorpusculum,Archaea,4,,,True,,False,False
warning_acid_base_balance,ARC_G::Methanoculleus,Archaea,4,0.0,0.0,True,143.0,False,False
warning_buffer_capacity,ARC_G::Methanoculleus,Archaea,4,-0.011612215398980096,0.00725751369270093,True,275.0,False,False
warning_acid_accumulation,ARC_G::Methanoculleus,Archaea,4,0.0,0.0,True,138.5,False,False
warning_ammonia_toxicity,ARC_G::Methanoculleus,Archaea,4,0.0,0.0,True,141.0,False,False
warning_biogas_quality,ARC_G::Methanoculleus,Archaea,4,,,True,,False,False
warning_acid_base_balance,ARC_G::Methanofollis,Archaea,4,0.0,0.0,True,143.0,False,False
warning_buffer_capacity,ARC_G::Methanofollis,Archaea,4,0.0,0.0,True,139.0,False,False
warning_acid_accumulation,ARC_G::Methanofollis,Archaea,4,0.0,0.0,True,138.5,False,False
warning_ammonia_toxicity,ARC_G::Methanofollis,Archaea,4,0.0,0.0,True,141.0,False,False
warning_biogas_quality,ARC_G::Methanofollis,Archaea,4,,,True,,False,False
warning_acid_base_balance,ARC_G::Methanogenium,Archaea,4,0.0,0.0,True,143.0,False,False
warning_buffer_capacity,ARC_G::Methanogenium,Archaea,4,0.0,0.0,True,139.0,False,False
warning_acid_accumulation,ARC_G::Methanogenium,Archaea,4,0.0,0.0,True,138.5,False,False
warning_ammonia_toxicity,ARC_G::Methanogenium,Archaea,4,0.0,0.0,True,141.0,False,False
warning_biogas_quality,ARC_G::Methanogenium,Archaea,4,,,True,,False,False
warning_acid_base_balance,ARC_G::Methanolacinia,Archaea,4,0.0,0.0,True,143.0,False,False
warning_buffer_capacity,ARC_G::Methanolacinia,Archaea,4,0.0,0.0,True,139.0,False,False
warning_acid_accumulation,ARC_G::Methanolacinia,Archaea,4,0.0,0.0,True,138.5,False,False
warning_ammonia_toxicity,ARC_G::Methanolacinia,Archaea,4,0.0,0.0,True,141.0,False,False
warning_biogas_quality,ARC_G::Methanolacinia,Archaea,4,,,True,,False,False
warning_acid_base_balance,ARC_G::Methanolinea,Archaea,4,0.0,0.0,True,143.0,False,False
warning_buffer_capacity,ARC_G::Methanolinea,Archaea,4,0.0,0.0,True,139.0,False,False
warning_acid_accumulation,ARC_G::Methanolinea,Archaea,4,0.0,0.0,True,138.5,False,False
warning_ammonia_toxicity,ARC_G::Methanolinea,Archaea,4,0.0,0.0,True,141.0,False,False
warning_biogas_quality,ARC_G::Methanolinea,Archaea,4,,,True,,False,False
warning_acid_base_balance,ARC_G::Methanolobus,Archaea,4,0.0,0.0,True,143.0,False,False
warning_buffer_capacity,ARC_G::Methanolobus,Archaea,4,0.0,0.0,True,139.0,False,False
warning_acid_accumulation,ARC_G::Methanolobus,Archaea,4,0.0,0.0,True,138.5,False,False
warning_ammonia_toxicity,ARC_G::Methanolobus,Archaea,4,0.0,0.0,True,141.0,False,False
warning_biogas_quality,ARC_G::Methanolobus,Archaea,4,,,True,,False,False
warning_acid_base_balance,ARC_G::Methanomassiliicoccus,Archaea,4,0.0,0.0,True,143.0,False,False
warning_buffer_capacity,ARC_G::Methanomassiliicoccus,Archaea,4,0.0,0.0,True,139.0,False,False
warning_acid_accumulation,ARC_G::Methanomassiliicoccus,Archaea,4,0.0,0.0,True,138.5,False,False
warning_ammonia_toxicity,ARC_G::Methanomassiliicoccus,Archaea,4,0.0,0.0,True,141.0,False,False
warning_biogas_quality,ARC_G::Methanomassiliicoccus,Archaea,4,,,True,,False,False
warning_acid_base_balance,ARC_G::Methanomethylovorans,Archaea,4,0.0,0.0,True,143.0,False,False
warning_buffer_capacity,ARC_G::Methanomethylovorans,Archaea,4,0.0,0.0,True,139.0,False,False
warning_acid_accumulation,ARC_G::Methanomethylovorans,Archaea,4,0.0,0.0,True,138.5,False,False
warning_ammonia_toxicity,ARC_G::Methanomethylovorans,Archaea,4,0.0,0.0,True,141.0,False,False
warning_biogas_quality,ARC_G::Methanomethylovorans,Archaea,4,,,True,,False,False
warning_acid_base_balance,ARC_G::Methanoregula,Archaea,4,0.0,0.0,True,143.0,False,False
warning_buffer_capacity,ARC_G::Methanoregula,Archaea,4,0.0,0.0,True,139.0,False,False
warning_acid_accumulation,ARC_G::Methanoregula,Archaea,4,0.0,0.0,True,138.5,False,False
warning_ammonia_toxicity,ARC_G::Methanoregula,Archaea,4,0.0,0.0,True,141.0,False,False
warning_biogas_quality,ARC_G::Methanoregula,Archaea,4,,,True,,False,False
warning_acid_base_balance,ARC_G::Methanosaeta,Archaea,4,0.02405663780663778,0.13967112614881597,True,5.0,True,True
warning_buffer_capacity,ARC_G::Methanosaeta,Archaea,4,0.0,0.0,True,139.0,False,False
warning_acid_accumulation,ARC_G::Methanosaeta,Archaea,4,0.0,0.0,True,138.5,False,False
warning_ammonia_toxicity,ARC_G::Methanosaeta,Archaea,4,0.0,0.0,True,141.0,False,False
warning_biogas_quality,ARC_G::Methanosaeta,Archaea,4,,,True,,False,False
warning_acid_base_balance,ARC_G::Methanosarcina,Archaea,4,0.0,0.0,True,143.0,False,False
warning_buffer_capacity,ARC_G::Methanosarcina,Archaea,4,0.0,0.0,True,139.0,False,False
warning_acid_accumulation,ARC_G::Methanosarcina,Archaea,4,0.0,0.0,True,138.5,False,False
warning_ammonia_toxicity,ARC_G::Methanosarcina,Archaea,4,0.0,0.0,True,141.0,False,False
warning_biogas_quality,ARC_G::Methanosarcina,Archaea,4,,,True,,False,False
warning_acid_base_balance,ARC_G::Methanosphaerula,Archaea,4,0.0,0.0,True,143.0,False,False
warning_buffer_capacity,ARC_G::Methanosphaerula,Archaea,4,0.0,0.0,True,139.0,False,False
warning_acid_accumulation,ARC_G::Methanosphaerula,Archaea,4,0.0,0.0,True,138.5,False,False
warning_ammonia_toxicity,ARC_G::Methanosphaerula,Archaea,4,0.0,0.0,True,141.0,False,False
warning_biogas_quality,ARC_G::Methanosphaerula,Archaea,4,,,True,,False,False
warning_acid_base_balance,ARC_G::Methanospirillum,Archaea,4,0.0,0.0,True,143.0,False,False
warning_buffer_capacity,ARC_G::Methanospirillum,Archaea,4,-0.004057135674782727,0.005754520683511907,True,272.0,False,False
warning_acid_accumulation,ARC_G::Methanospirillum,Archaea,4,0.0,0.0,True,138.5,False,False
warning_ammonia_toxicity,ARC_G::Methanospirillum,Archaea,4,0.0,0.0,True,141.0,False,False
warning_biogas_quality,ARC_G::Methanospirillum,Archaea,4,,,True,,False,False
warning_acid_base_balance,ARC_G::Micrarchaeales,Archaea,4,0.0,0.0,True,143.0,False,False
warning_buffer_capacity,ARC_G::Micrarchaeales,Archaea,4,0.0,0.0,True,139.0,False,False
warning_acid_accumulation,ARC_G::Micrarchaeales,Archaea,4,0.0,0.0,True,138.5,False,False
warning_ammonia_toxicity,ARC_G::Micrarchaeales,Archaea,4,0.0,0.0,True,141.0,False,False
warning_biogas_quality,ARC_G::Micrarchaeales,Archaea,4,,,True,,False,False
warning_acid_base_balance,ARC_G::Nitrososphaeraceae,Archaea,4,0.0,0.0,True,143.0,False,False
warning_buffer_capacity,ARC_G::Nitrososphaeraceae,Archaea,4,0.0,0.0,True,139.0,False,False
warning_acid_accumulation,ARC_G::Nitrososphaeraceae,Archaea,4,0.0,0.0,True,138.5,False,False
warning_ammonia_toxicity,ARC_G::Nitrososphaeraceae,Archaea,4,0.0,0.0,True,141.0,False,False
warning_biogas_quality,ARC_G::Nitrososphaeraceae,Archaea,4,,,True,,False,False
warning_acid_base_balance,ARC_G::Rhinosporideacae,Archaea,4,0.0,0.0,True,143.0,False,False
warning_buffer_capacity,ARC_G::Rhinosporideacae,Archaea,4,0.0,0.0,True,139.0,False,False
warning_acid_accumulation,ARC_G::Rhinosporideacae,Archaea,4,0.0,0.0,True,138.5,False,False
warning_ammonia_toxicity,ARC_G::Rhinosporideacae,Archaea,4,0.0,0.0,True,141.0,False,False
warning_biogas_quality,ARC_G::Rhinosporideacae,Archaea,4,,,True,,False,False
warning_acid_base_balance,ARC_G::RumEn_M2,Archaea,4,0.0,0.0,True,143.0,False,False
warning_buffer_capacity,ARC_G::RumEn_M2,Archaea,4,0.0,0.0,True,139.0,False,False
warning_acid_accumulation,ARC_G::RumEn_M2,Archaea,4,0.0,0.0,True,138.5,False,False
warning_ammonia_toxicity,ARC_G::RumEn_M2,Archaea,4,0.0,0.0,True,141.0,False,False
warning_biogas_quality,ARC_G::RumEn_M2,Archaea,4,,,True,,False,False
warning_acid_base_balance,ARC_G::SCGC_AAA011-D5,Archaea,4,0.0,0.0,True,143.0,False,False
warning_buffer_capacity,ARC_G::SCGC_AAA011-D5,Archaea,4,0.0,0.0,True,139.0,False,False
warning_acid_accumulation,ARC_G::SCGC_AAA011-D5,Archaea,4,0.0,0.0,True,138.5,False,False
warning_ammonia_toxicity,ARC_G::SCGC_AAA011-D5,Archaea,4,0.0,0.0,True,141.0,False,False
warning_biogas_quality,ARC_G::SCGC_AAA011-D5,Archaea,4,,,True,,False,False
warning_acid_base_balance,ARC_G::Teleostei,Archaea,4,0.0,0.0,True,143.0,False,False
warning_buffer_capacity,ARC_G::Teleostei,Archaea,4,0.0,0.0,True,139.0,False,False
warning_acid_accumulation,ARC_G::Teleostei,Archaea,4,0.0,0.0,True,138.5,False,False
warning_ammonia_toxicity,ARC_G::Teleostei,Archaea,4,0.0,0.0,True,141.0,False,False
warning_biogas_quality,ARC_G::Teleostei,Archaea,4,,,True,,False,False
warning_acid_base_balance,ARC_G::Veneroida,Archaea,4,0.0,0.0,True,143.0,False,False
warning_buffer_capacity,ARC_G::Veneroida,Archaea,4,0.0,0.0,True,139.0,False,False
warning_acid_accumulation,ARC_G::Veneroida,Archaea,4,0.0,0.0,True,138.5,False,False
warning_ammonia_toxicity,ARC_G::Veneroida,Archaea,4,0.0,0.0,True,141.0,False,False
warning_biogas_quality,ARC_G::Veneroida,Archaea,4,,,True,,False,False
warning_acid_base_balance,ARC_G::Woesearchaeales,Archaea,4,0.0,0.0,True,143.0,False,False
warning_buffer_capacity,ARC_G::Woesearchaeales,Archaea,4,0.0,0.0,True,139.0,False,False
warning_acid_accumulation,ARC_G::Woesearchaeales,Archaea,4,0.0,0.0,True,138.5,False,False
warning_ammonia_toxicity,ARC_G::Woesearchaeales,Archaea,4,0.0,0.0,True,141.0,False,False
warning_biogas_quality,ARC_G::Woesearchaeales,Archaea,4,,,True,,False,False
warning_acid_base_balance,ARC_G::unidentified,Archaea,4,0.0,0.0,True,143.0,False,False
warning_buffer_capacity,ARC_G::unidentified,Archaea,4,-0.0026070588338390098,0.013203166795239727,True,271.0,False,False
warning_acid_accumulation,ARC_G::unidentified,Archaea,4,0.0,0.0,True,138.5,False,False
warning_ammonia_toxicity,ARC_G::unidentified,Archaea,4,0.0,0.0,True,141.0,False,False
warning_biogas_quality,ARC_G::unidentified,Archaea,4,,,True,,False,False
warning_acid_base_balance,Season,Metadata: operation/context,5,0.0,0.0,True,139.5,False,False
warning_buffer_capacity,Season,Metadata: operation/context,5,0.0,0.0,True,134.0,False,False
warning_acid_accumulation,Season,Metadata: operation/context,5,,,True,,False,False
warning_ammonia_toxicity,Season,Metadata: operation/context,5,0.0,0.0,True,133.5,False,False
warning_biogas_quality,Season,Metadata: operation/context,5,0.0,0.0,True,133.0,False,False
warning_acid_base_balance,substrate_type,Metadata: substrate,5,0.0,0.0,True,139.5,False,False
warning_buffer_capacity,substrate_type,Metadata: substrate,5,0.0,0.0,True,134.0,False,False
warning_acid_accumulation,substrate_type,Metadata: substrate,5,,,True,,False,False
warning_ammonia_toxicity,substrate_type,Metadata: substrate,5,0.0,0.0,True,133.5,False,False
warning_biogas_quality,substrate_type,Metadata: substrate,5,0.0,0.0,True,133.0,False,False
warning_acid_base_balance,HRT_d,Metadata: operation/context,5,0.06676587301587303,0.08133080206263256,True,4.0,True,True
warning_buffer_capacity,HRT_d,Metadata: operation/context,5,0.0,0.0,True,134.0,False,False
warning_acid_accumulation,HRT_d,Metadata: operation/context,5,,,True,,False,False
warning_ammonia_toxicity,HRT_d,Metadata: operation/context,5,0.0,0.0,True,133.5,False,False
warning_biogas_quality,HRT_d,Metadata: operation/context,5,0.0,0.0,True,133.0,False,False
warning_acid_base_balance,T_C,Metadata: operation/context,5,0.0,0.0,True,139.5,False,False
warning_buffer_capacity,T_C,Metadata: operation/context,5,0.0,0.0,True,134.0,False,False
warning_acid_accumulation,T_C,Metadata: operation/context,5,,,True,,False,False
warning_ammonia_toxicity,T_C,Metadata: operation/context,5,0.0,0.0,True,133.5,False,False
warning_biogas_quality,T_C,Metadata: operation/context,5,-0.016304347826086956,0.03345581582886372,True,276.0,False,False
warning_acid_base_balance,Q_total_Tpy,Metadata: operation/context,5,0.0,0.0,True,139.5,False,False
warning_buffer_capacity,Q_total_Tpy,Metadata: operation/context,5,0.0,0.0,True,134.0,False,False
warning_acid_accumulation,Q_total_Tpy,Metadata: operation/context,5,,,True,,False,False
warning_ammonia_toxicity,Q_total_Tpy,Metadata: operation/context,5,0.0,0.0,True,133.5,False,False
warning_biogas_quality,Q_total_Tpy,Metadata: operation/context,5,-0.003481635407786303,0.007392853356511572,True,273.0,False,False
warning_acid_base_balance,substrate_avg_pH,Metadata: substrate,5,0.0,0.0,True,139.5,False,False
warning_buffer_capacity,substrate_avg_pH,Metadata: substrate,5,0.0,0.0,True,134.0,False,False
warning_acid_accumulation,substrate_avg_pH,Metadata: substrate,5,,,True,,False,False
warning_ammonia_toxicity,substrate_avg_pH,Metadata: substrate,5,0.0,0.0,True,133.5,False,False
warning_biogas_quality,substrate_avg_pH,Metadata: substrate,5,0.0,0.0,True,133.0,False,False
warning_acid_base_balance,substrate_avg_ALK,Metadata: substrate,5,0.0,0.0,True,139.5,False,False
warning_buffer_capacity,substrate_avg_ALK,Metadata: substrate,5,-0.0007575757575757549,0.011953080344339487,True,264.0,False,False
warning_acid_accumulation,substrate_avg_ALK,Metadata: substrate,5,,,True,,False,False
warning_ammonia_toxicity,substrate_avg_ALK,Metadata: substrate,5,0.0,0.0,True,133.5,False,False
warning_biogas_quality,substrate_avg_ALK,Metadata: substrate,5,0.0,0.0,True,133.0,False,False
warning_acid_base_balance,substrate_avg_VS,Metadata: substrate,5,0.0,0.0,True,139.5,False,False
warning_buffer_capacity,substrate_avg_VS,Metadata: substrate,5,0.0,0.0,True,134.0,False,False
warning_acid_accumulation,substrate_avg_VS,Metadata: substrate,5,,,True,,False,False
warning_ammonia_toxicity,substrate_avg_VS,Metadata: substrate,5,0.0,0.0,True,133.5,False,False
warning_biogas_quality,substrate_avg_VS,Metadata: substrate,5,0.0,0.0,True,133.0,False,False
warning_acid_base_balance,substrate_avg_COD,Metadata: substrate,5,0.0,0.0,True,139.5,False,False
warning_buffer_capacity,substrate_avg_COD,Metadata: substrate,5,0.0,0.0,True,134.0,False,False
warning_acid_accumulation,substrate_avg_COD,Metadata: substrate,5,,,True,,False,False
warning_ammonia_toxicity,substrate_avg_COD,Metadata: substrate,5,0.0,0.0,True,133.5,False,False
warning_biogas_quality,substrate_avg_COD,Metadata: substrate,5,0.0,0.0,True,133.0,False,False
warning_acid_base_balance,substrate_avg_sCOD,Metadata: substrate,5,-5.551115123125783e-18,0.03141404312187715,True,270.0,False,False
warning_buffer_capacity,substrate_avg_sCOD,Metadata: substrate,5,0.0,0.0,True,134.0,False,False
warning_acid_accumulation,substrate_avg_sCOD,Metadata: substrate,5,,,True,,False,False
warning_ammonia_toxicity,substrate_avg_sCOD,Metadata: substrate,5,-0.08531277056277053,0.12171787487671526,True,274.0,False,False
warning_biogas_quality,substrate_avg_sCOD,Metadata: substrate,5,0.0,0.0,True,133.0,False,False
warning_acid_base_balance,substrate_avg_TC,Metadata: substrate,5,0.0,0.0,True,139.5,False,False
warning_buffer_capacity,substrate_avg_TC,Metadata: substrate,5,0.0011363636363636374,0.0027753602161554817,True,4.0,True,True
warning_acid_accumulation,substrate_avg_TC,Metadata: substrate,5,,,True,,False,False
warning_ammonia_toxicity,substrate_avg_TC,Metadata: substrate,5,0.0,0.0,True,133.5,False,False
warning_biogas_quality,substrate_avg_TC,Metadata: substrate,5,-0.0003952569169960479,0.0008110500806997276,True,267.0,False,False
warning_acid_base_balance,substrate_avg_Protein,Metadata: substrate,5,0.0,0.0,True,139.5,False,False
warning_buffer_capacity,substrate_avg_Protein,Metadata: substrate,5,0.015085123210123213,0.0127531416974235,True,1.0,True,True
warning_acid_accumulation,substrate_avg_Protein,Metadata: substrate,5,,,True,,False,False
warning_ammonia_toxicity,substrate_avg_Protein,Metadata: substrate,5,0.0,0.0,True,133.5,False,False
warning_biogas_quality,substrate_avg_Protein,Metadata: substrate,5,-0.0008592132505175987,0.002145341701139045,True,268.0,False,False
warning_acid_base_balance,substrate_avg_Lipid,Metadata: substrate,5,-0.0125,0.025649458802128853,True,273.5,False,False
warning_buffer_capacity,substrate_avg_Lipid,Metadata: substrate,5,-0.07449134199134198,0.11085664724172109,True,276.0,False,False
warning_acid_accumulation,substrate_avg_Lipid,Metadata: substrate,5,,,True,,False,False
warning_ammonia_toxicity,substrate_avg_Lipid,Metadata: substrate,5,-0.0007575757575757625,0.007486556185098629,True,267.0,False,False
warning_biogas_quality,substrate_avg_Lipid,Metadata: substrate,5,0.0,0.0,True,133.0,False,False
warning_acid_base_balance,substrate_avg_TVFAs,Metadata: substrate,5,0.0,0.0,True,139.5,False,False
warning_buffer_capacity,substrate_avg_TVFAs,Metadata: substrate,5,-0.030135281385281383,0.038501139058180964,True,273.0,False,False
warning_acid_accumulation,substrate_avg_TVFAs,Metadata: substrate,5,,,True,,False,False
warning_ammonia_toxicity,substrate_avg_TVFAs,Metadata: substrate,5,0.0,0.0,True,133.5,False,False
warning_biogas_quality,substrate_avg_TVFAs,Metadata: substrate,5,0.0,0.0,True,133.0,False,False
warning_acid_base_balance,substrate_avg_HAc,Metadata: substrate,5,0.0,0.0,True,139.5,False,False
warning_buffer_capacity,substrate_avg_HAc,Metadata: substrate,5,-0.005909090909090911,0.004448731681178119,True,269.0,False,False
warning_acid_accumulation,substrate_avg_HAc,Metadata: substrate,5,,,True,,False,False
warning_ammonia_toxicity,substrate_avg_HAc,Metadata: substrate,5,0.0,0.0,True,133.5,False,False
warning_biogas_quality,substrate_avg_HAc,Metadata: substrate,5,0.0,0.0,True,133.0,False,False
warning_acid_base_balance,substrate_avg_HPro,Metadata: substrate,5,0.0655555555555555,0.037837178102808185,True,5.0,True,True
warning_buffer_capacity,substrate_avg_HPro,Metadata: substrate,5,-0.0032575757575757586,0.005162175853532735,True,267.0,False,False
warning_acid_accumulation,substrate_avg_HPro,Metadata: substrate,5,,,True,,False,False
warning_ammonia_toxicity,substrate_avg_HPro,Metadata: substrate,5,0.0,0.0,True,133.5,False,False
warning_biogas_quality,substrate_avg_HPro,Metadata: substrate,5,0.0,0.0,True,133.0,False,False
warning_acid_base_balance,BAC_P::Abditibacteriota,Bacteria,5,0.0,0.0,True,139.5,False,False
warning_buffer_capacity,BAC_P::Abditibacteriota,Bacteria,5,0.0,0.0,True,134.0,False,False
warning_acid_accumulation,BAC_P::Abditibacteriota,Bacteria,5,,,True,,False,False
warning_ammonia_toxicity,BAC_P::Abditibacteriota,Bacteria,5,0.0,0.0,True,133.5,False,False
warning_biogas_quality,BAC_P::Abditibacteriota,Bacteria,5,0.0,0.0,True,133.0,False,False
warning_acid_base_balance,BAC_P::Acetothermia,Bacteria,5,0.0,0.0,False,139.5,False,False
warning_buffer_capacity,BAC_P::Acetothermia,Bacteria,5,0.0,0.0,False,134.0,False,False
warning_acid_accumulation,BAC_P::Acetothermia,Bacteria,5,,,False,,False,False
warning_ammonia_toxicity,BAC_P::Acetothermia,Bacteria,5,0.0,0.0,False,133.5,False,False
warning_biogas_quality,BAC_P::Acetothermia,Bacteria,5,0.0,0.0,False,133.0,False,False
warning_acid_base_balance,BAC_P::Acidobacteriota,Bacteria,5,0.0,0.0,True,139.5,False,False
warning_buffer_capacity,BAC_P::Acidobacteriota,Bacteria,5,0.0,0.0,True,134.0,False,False
warning_acid_accumulation,BAC_P::Acidobacteriota,Bacteria,5,,,True,,False,False
warning_ammonia_toxicity,BAC_P::Acidobacteriota,Bacteria,5,0.0,0.0,True,133.5,False,False
warning_biogas_quality,BAC_P::Acidobacteriota,Bacteria,5,0.0,0.0,True,133.0,False,False
warning_acid_base_balance,BAC_P::Actinobacteriota,Bacteria,5,0.0,0.0,True,139.5,False,False
warning_buffer_capacity,BAC_P::Actinobacteriota,Bacteria,5,0.0,0.0,True,134.0,False,False
warning_acid_accumulation,BAC_P::Actinobacteriota,Bacteria,5,,,True,,False,False
warning_ammonia_toxicity,BAC_P::Actinobacteriota,Bacteria,5,0.0,0.0,True,133.5,False,False
warning_biogas_quality,BAC_P::Actinobacteriota,Bacteria,5,0.0,0.0,True,133.0,False,False
warning_acid_base_balance,BAC_P::Armatimonadota,Bacteria,5,0.0,0.0,True,139.5,False,False
warning_buffer_capacity,BAC_P::Armatimonadota,Bacteria,5,0.0,0.0,True,134.0,False,False
warning_acid_accumulation,BAC_P::Armatimonadota,Bacteria,5,,,True,,False,False
warning_ammonia_toxicity,BAC_P::Armatimonadota,Bacteria,5,0.0,0.0,True,133.5,False,False
warning_biogas_quality,BAC_P::Armatimonadota,Bacteria,5,0.0,0.0,True,133.0,False,False
warning_acid_base_balance,BAC_P::Bacteroidota,Bacteria,5,-0.005783730158730166,0.044464825324212164,True,272.0,False,False
warning_buffer_capacity,BAC_P::Bacteroidota,Bacteria,5,0.0,0.0,True,134.0,False,False
warning_acid_accumulation,BAC_P::Bacteroidota,Bacteria,5,,,True,,False,False
warning_ammonia_toxicity,BAC_P::Bacteroidota,Bacteria,5,0.0,0.0,True,133.5,False,False
warning_biogas_quality,BAC_P::Bacteroidota,Bacteria,5,0.0,0.0,True,133.0,False,False
warning_acid_base_balance,BAC_P::Bdellovibrionota,Bacteria,5,0.0,0.0,True,139.5,False,False
warning_buffer_capacity,BAC_P::Bdellovibrionota,Bacteria,5,0.0,0.0,True,134.0,False,False
warning_acid_accumulation,BAC_P::Bdellovibrionota,Bacteria,5,,,True,,False,False
warning_ammonia_toxicity,BAC_P::Bdellovibrionota,Bacteria,5,0.0,0.0,True,133.5,False,False
warning_biogas_quality,BAC_P::Bdellovibrionota,Bacteria,5,0.0,0.0,True,133.0,False,False
warning_acid_base_balance,BAC_P::Caldatribacteriota,Bacteria,5,0.0,0.0,True,139.5,False,False
warning_buffer_capacity,BAC_P::Caldatribacteriota,Bacteria,5,0.011705110764708291,0.020793568333573452,True,2.0,True,True
warning_acid_accumulation,BAC_P::Caldatribacteriota,Bacteria,5,,,True,,False,False
warning_ammonia_toxicity,BAC_P::Caldatribacteriota,Bacteria,5,0.0,0.0,True,133.5,False,False
warning_biogas_quality,BAC_P::Caldatribacteriota,Bacteria,5,0.0,0.0,True,133.0,False,False
warning_acid_base_balance,BAC_P::Caldisericota,Bacteria,5,0.0,0.0,True,139.5,False,False
warning_buffer_capacity,BAC_P::Caldisericota,Bacteria,5,0.0,0.0,True,134.0,False,False
warning_acid_accumulation,BAC_P::Caldisericota,Bacteria,5,,,True,,False,False
warning_ammonia_toxicity,BAC_P::Caldisericota,Bacteria,5,0.0,0.0,True,133.5,False,False
warning_biogas_quality,BAC_P::Caldisericota,Bacteria,5,0.0,0.0,True,133.0,False,False
warning_acid_base_balance,BAC_P::Campilobacterota,Bacteria,5,0.0,0.0,True,139.5,False,False
warning_buffer_capacity,BAC_P::Campilobacterota,Bacteria,5,0.0,0.0,True,134.0,False,False
warning_acid_accumulation,BAC_P::Campilobacterota,Bacteria,5,,,True,,False,False
warning_ammonia_toxicity,BAC_P::Campilobacterota,Bacteria,5,0.0,0.0,True,133.5,False,False
warning_biogas_quality,BAC_P::Campilobacterota,Bacteria,5,0.0,0.0,True,133.0,False,False
warning_acid_base_balance,BAC_P::Chloroflexi,Bacteria,5,0.0,0.0,True,139.5,False,False
warning_buffer_capacity,BAC_P::Chloroflexi,Bacteria,5,0.0,0.0,True,134.0,False,False
warning_acid_accumulation,BAC_P::Chloroflexi,Bacteria,5,,,True,,False,False
warning_ammonia_toxicity,BAC_P::Chloroflexi,Bacteria,5,0.0,0.0,True,133.5,False,False
warning_biogas_quality,BAC_P::Chloroflexi,Bacteria,5,0.0,0.0,True,133.0,False,False
warning_acid_base_balance,BAC_P::Cloacimonadota,Bacteria,5,0.02678841991341992,0.07424180455477525,True,8.0,True,True
warning_buffer_capacity,BAC_P::Cloacimonadota,Bacteria,5,0.0,0.0,True,134.0,False,False
warning_acid_accumulation,BAC_P::Cloacimonadota,Bacteria,5,,,True,,False,False
warning_ammonia_toxicity,BAC_P::Cloacimonadota,Bacteria,5,-0.004000000000000009,0.006268831279755044,True,268.0,False,False
warning_biogas_quality,BAC_P::Cloacimonadota,Bacteria,5,-0.00436429512516469,0.013489116471671083,True,274.0,False,False
warning_acid_base_balance,BAC_P::Coprothermobacterota,Bacteria,5,0.0,0.0,True,139.5,False,False
warning_buffer_capacity,BAC_P::Coprothermobacterota,Bacteria,5,0.0,0.0,True,134.0,False,False
warning_acid_accumulation,BAC_P::Coprothermobacterota,Bacteria,5,,,True,,False,False
warning_ammonia_toxicity,BAC_P::Coprothermobacterota,Bacteria,5,0.0,0.0,True,133.5,False,False
warning_biogas_quality,BAC_P::Coprothermobacterota,Bacteria,5,0.0,0.0,True,133.0,False,False
warning_acid_base_balance,BAC_P::Cyanobacteria,Bacteria,5,0.0,0.0,True,139.5,False,False
warning_buffer_capacity,BAC_P::Cyanobacteria,Bacteria,5,0.0,0.0,True,134.0,False,False
warning_acid_accumulation,BAC_P::Cyanobacteria,Bacteria,5,,,True,,False,False
warning_ammonia_toxicity,BAC_P::Cyanobacteria,Bacteria,5,0.0,0.0,True,133.5,False,False
warning_biogas_quality,BAC_P::Cyanobacteria,Bacteria,5,0.0,0.0,True,133.0,False,False
warning_acid_base_balance,BAC_P::Deinococcota,Bacteria,5,0.0,0.0,True,139.5,False,False
warning_buffer_capacity,BAC_P::Deinococcota,Bacteria,5,0.0,0.0,True,134.0,False,False
warning_acid_accumulation,BAC_P::Deinococcota,Bacteria,5,,,True,,False,False
warning_ammonia_toxicity,BAC_P::Deinococcota,Bacteria,5,0.0,0.0,True,133.5,False,False
warning_biogas_quality,BAC_P::Deinococcota,Bacteria,5,0.0,0.0,True,133.0,False,False
warning_acid_base_balance,BAC_P::Dependentiae,Bacteria,5,0.0,0.0,True,139.5,False,False
warning_buffer_capacity,BAC_P::Dependentiae,Bacteria,5,0.0,0.0,True,134.0,False,False
warning_acid_accumulation,BAC_P::Dependentiae,Bacteria,5,,,True,,False,False
warning_ammonia_toxicity,BAC_P::Dependentiae,Bacteria,5,0.0,0.0,True,133.5,False,False
warning_biogas_quality,BAC_P::Dependentiae,Bacteria,5,0.0,0.0,True,133.0,False,False
warning_acid_base_balance,BAC_P::Desulfobacterota,Bacteria,5,0.0,0.0,True,139.5,False,False
warning_buffer_capacity,BAC_P::Desulfobacterota,Bacteria,5,0.0,0.0,True,134.0,False,False
warning_acid_accumulation,BAC_P::Desulfobacterota,Bacteria,5,,,True,,False,False
warning_ammonia_toxicity,BAC_P::Desulfobacterota,Bacteria,5,0.0,0.0,True,133.5,False,False
warning_biogas_quality,BAC_P::Desulfobacterota,Bacteria,5,0.0,0.0,True,133.0,False,False
warning_acid_base_balance,BAC_P::Elusimicrobiota,Bacteria,5,0.0,0.0,True,139.5,False,False
warning_buffer_capacity,BAC_P::Elusimicrobiota,Bacteria,5,0.0,0.0,True,134.0,False,False
warning_acid_accumulation,BAC_P::Elusimicrobiota,Bacteria,5,,,True,,False,False
warning_ammonia_toxicity,BAC_P::Elusimicrobiota,Bacteria,5,0.0,0.0,True,133.5,False,False
warning_biogas_quality,BAC_P::Elusimicrobiota,Bacteria,5,0.0,0.0,True,133.0,False,False
warning_acid_base_balance,BAC_P::Fermentibacterota,Bacteria,5,0.0,0.0,True,139.5,False,False
warning_buffer_capacity,BAC_P::Fermentibacterota,Bacteria,5,0.0,0.0,True,134.0,False,False
warning_acid_accumulation,BAC_P::Fermentibacterota,Bacteria,5,,,True,,False,False
warning_ammonia_toxicity,BAC_P::Fermentibacterota,Bacteria,5,0.0,0.0,True,133.5,False,False
warning_biogas_quality,BAC_P::Fermentibacterota,Bacteria,5,0.0,0.0,True,133.0,False,False
warning_acid_base_balance,BAC_P::Fibrobacterota,Bacteria,5,0.0,0.0,True,139.5,False,False
warning_buffer_capacity,BAC_P::Fibrobacterota,Bacteria,5,0.0,0.0,True,134.0,False,False
warning_acid_accumulation,BAC_P::Fibrobacterota,Bacteria,5,,,True,,False,False
warning_ammonia_toxicity,BAC_P::Fibrobacterota,Bacteria,5,0.0,0.0,True,133.5,False,False
warning_biogas_quality,BAC_P::Fibrobacterota,Bacteria,5,0.0,0.0,True,133.0,False,False
warning_acid_base_balance,BAC_P::Firmicutes,Bacteria,5,0.0,0.0,True,139.5,False,False
warning_buffer_capacity,BAC_P::Firmicutes,Bacteria,5,0.0,0.0,True,134.0,False,False
warning_acid_accumulation,BAC_P::Firmicutes,Bacteria,5,,,True,,False,False
warning_ammonia_toxicity,BAC_P::Firmicutes,Bacteria,5,-0.05716179709523361,0.10847985964862084,True,273.0,False,False
warning_biogas_quality,BAC_P::Firmicutes,Bacteria,5,0.0,0.0,True,133.0,False,False
warning_acid_base_balance,BAC_P::Fusobacteriota,Bacteria,5,0.0,0.0,True,139.5,False,False
warning_buffer_capacity,BAC_P::Fusobacteriota,Bacteria,5,0.0,0.0,True,134.0,False,False
warning_acid_accumulation,BAC_P::Fusobacteriota,Bacteria,5,,,True,,False,False
warning_ammonia_toxicity,BAC_P::Fusobacteriota,Bacteria,5,0.0,0.0,True,133.5,False,False
warning_biogas_quality,BAC_P::Fusobacteriota,Bacteria,5,0.0,0.0,True,133.0,False,False
warning_acid_base_balance,BAC_P::Halanaerobiaeota,Bacteria,5,0.0,0.0,False,139.5,False,False
warning_buffer_capacity,BAC_P::Halanaerobiaeota,Bacteria,5,0.0,0.0,False,134.0,False,False
warning_acid_accumulation,BAC_P::Halanaerobiaeota,Bacteria,5,,,False,,False,False
warning_ammonia_toxicity,BAC_P::Halanaerobiaeota,Bacteria,5,0.0,0.0,False,133.5,False,False
warning_biogas_quality,BAC_P::Halanaerobiaeota,Bacteria,5,0.0,0.0,False,133.0,False,False
warning_acid_base_balance,BAC_P::Marinimicrobia_(SAR406_clade),Bacteria,5,0.0,0.0,True,139.5,False,False
warning_buffer_capacity,BAC_P::Marinimicrobia_(SAR406_clade),Bacteria,5,0.0,0.0,True,134.0,False,False
warning_acid_accumulation,BAC_P::Marinimicrobia_(SAR406_clade),Bacteria,5,,,True,,False,False
warning_ammonia_toxicity,BAC_P::Marinimicrobia_(SAR406_clade),Bacteria,5,0.0,0.0,True,133.5,False,False
warning_biogas_quality,BAC_P::Marinimicrobia_(SAR406_clade),Bacteria,5,0.0,0.0,True,133.0,False,False
warning_acid_base_balance,BAC_P::Patescibacteria,Bacteria,5,0.0,0.0,True,139.5,False,False
warning_buffer_capacity,BAC_P::Patescibacteria,Bacteria,5,0.0,0.0,True,134.0,False,False
warning_acid_accumulation,BAC_P::Patescibacteria,Bacteria,5,,,True,,False,False
warning_ammonia_toxicity,BAC_P::Patescibacteria,Bacteria,5,0.0,0.0,True,133.5,False,False
warning_biogas_quality,BAC_P::Patescibacteria,Bacteria,5,0.0,0.0,True,133.0,False,False
warning_acid_base_balance,BAC_P::Planctomycetota,Bacteria,5,0.0,0.0,True,139.5,False,False
warning_buffer_capacity,BAC_P::Planctomycetota,Bacteria,5,0.0,0.0,True,134.0,False,False
warning_acid_accumulation,BAC_P::Planctomycetota,Bacteria,5,,,True,,False,False
warning_ammonia_toxicity,BAC_P::Planctomycetota,Bacteria,5,0.0,0.0,True,133.5,False,False
warning_biogas_quality,BAC_P::Planctomycetota,Bacteria,5,0.0,0.0,True,133.0,False,False
warning_acid_base_balance,BAC_P::Proteobacteria,Bacteria,5,0.0,0.0,True,139.5,False,False
warning_buffer_capacity,BAC_P::Proteobacteria,Bacteria,5,-0.037071262071262066,0.040095449201947915,True,274.0,False,False
warning_acid_accumulation,BAC_P::Proteobacteria,Bacteria,5,,,True,,False,False
warning_ammonia_toxicity,BAC_P::Proteobacteria,Bacteria,5,0.0,0.0,True,133.5,False,False
warning_biogas_quality,BAC_P::Proteobacteria,Bacteria,5,0.0,0.0,True,133.0,False,False
warning_acid_base_balance,BAC_P::Spirochaetota,Bacteria,5,0.28782099844599845,0.15457837186015425,True,1.0,True,True
warning_buffer_capacity,BAC_P::Spirochaetota,Bacteria,5,0.010721778221778224,0.010161437129352755,True,3.0,True,True
warning_acid_accumulation,BAC_P::Spirochaetota,Bacteria,5,,,True,,False,False
warning_ammonia_toxicity,BAC_P::Spirochaetota,Bacteria,5,0.0,0.0,True,133.5,False,False
warning_biogas_quality,BAC_P::Spirochaetota,Bacteria,5,-0.0028830227743271222,0.007931345869382378,True,271.0,False,False
warning_acid_base_balance,BAC_P::Synergistota,Bacteria,5,0.012658730158730147,0.04770024058316055,True,9.0,True,True
warning_buffer_capacity,BAC_P::Synergistota,Bacteria,5,0.0,0.0,True,134.0,False,False
warning_acid_accumulation,BAC_P::Synergistota,Bacteria,5,,,True,,False,False
warning_ammonia_toxicity,BAC_P::Synergistota,Bacteria,5,0.0,0.0,True,133.5,False,False
warning_biogas_quality,BAC_P::Synergistota,Bacteria,5,-0.003069756330625896,0.009490459205266633,True,272.0,False,False
warning_acid_base_balance,BAC_P::Thermotogota,Bacteria,5,0.11022817460317462,0.10161949113011276,True,3.0,True,True
warning_buffer_capacity,BAC_P::Thermotogota,Bacteria,5,0.0,0.0,True,134.0,False,False
warning_acid_accumulation,BAC_P::Thermotogota,Bacteria,5,,,True,,False,False
warning_ammonia_toxicity,BAC_P::Thermotogota,Bacteria,5,0.0,0.0,True,133.5,False,False
warning_biogas_quality,BAC_P::Thermotogota,Bacteria,5,0.0,0.0,True,133.0,False,False
warning_acid_base_balance,BAC_P::Verrucomicrobiota,Bacteria,5,0.0,0.0,True,139.5,False,False
warning_buffer_capacity,BAC_P::Verrucomicrobiota,Bacteria,5,0.0,0.0,True,134.0,False,False
warning_acid_accumulation,BAC_P::Verrucomicrobiota,Bacteria,5,,,True,,False,False
warning_ammonia_toxicity,BAC_P::Verrucomicrobiota,Bacteria,5,0.0,0.0,True,133.5,False,False
warning_biogas_quality,BAC_P::Verrucomicrobiota,Bacteria,5,0.0,0.0,True,133.0,False,False
warning_acid_base_balance,BAC_P::WS1,Bacteria,5,0.0,0.0,True,139.5,False,False
warning_buffer_capacity,BAC_P::WS1,Bacteria,5,0.0,0.0,True,134.0,False,False
warning_acid_accumulation,BAC_P::WS1,Bacteria,5,,,True,,False,False
warning_ammonia_toxicity,BAC_P::WS1,Bacteria,5,0.0,0.0,True,133.5,False,False
warning_biogas_quality,BAC_P::WS1,Bacteria,5,0.0,0.0,True,133.0,False,False
warning_acid_base_balance,BAC_P::unidentified,Bacteria,5,0.0,0.0,True,139.5,False,False
warning_buffer_capacity,BAC_P::unidentified,Bacteria,5,0.0,0.0,True,134.0,False,False
warning_acid_accumulation,BAC_P::unidentified,Bacteria,5,,,True,,False,False
warning_ammonia_toxicity,BAC_P::unidentified,Bacteria,5,0.0,0.0,True,133.5,False,False
warning_biogas_quality,BAC_P::unidentified,Bacteria,5,0.0,0.0,True,133.0,False,False
warning_acid_base_balance,BAC_G::009E01-B-SD-P15,Bacteria,5,0.0,0.0,True,139.5,False,False
warning_buffer_capacity,BAC_G::009E01-B-SD-P15,Bacteria,5,0.0,0.0,True,134.0,False,False
warning_acid_accumulation,BAC_G::009E01-B-SD-P15,Bacteria,5,,,True,,False,False
warning_ammonia_toxicity,BAC_G::009E01-B-SD-P15,Bacteria,5,0.0,0.0,True,133.5,False,False
warning_biogas_quality,BAC_G::009E01-B-SD-P15,Bacteria,5,0.0,0.0,True,133.0,False,False
warning_acid_base_balance,BAC_G::113B434,Bacteria,5,0.0,0.0,True,139.5,False,False
warning_buffer_capacity,BAC_G::113B434,Bacteria,5,0.0,0.0,True,134.0,False,False
warning_acid_accumulation,BAC_G::113B434,Bacteria,5,,,True,,False,False
warning_ammonia_toxicity,BAC_G::113B434,Bacteria,5,0.0,0.0,True,133.5,False,False
warning_biogas_quality,BAC_G::113B434,Bacteria,5,0.0,0.0,True,133.0,False,False
warning_acid_base_balance,BAC_G::AAP99,Bacteria,5,0.0,0.0,True,139.5,False,False
warning_buffer_capacity,BAC_G::AAP99,Bacteria,5,0.0,0.0,True,134.0,False,False
warning_acid_accumulation,BAC_G::AAP99,Bacteria,5,,,True,,False,False
warning_ammonia_toxicity,BAC_G::AAP99,Bacteria,5,0.0,0.0,True,133.5,False,False
warning_biogas_quality,BAC_G::AAP99,Bacteria,5,0.0,0.0,True,133.0,False,False
warning_acid_base_balance,BAC_G::ADurb.Bin063-1,Bacteria,5,0.0,0.0,True,139.5,False,False
warning_buffer_capacity,BAC_G::ADurb.Bin063-1,Bacteria,5,0.0,0.0,True,134.0,False,False
warning_acid_accumulation,BAC_G::ADurb.Bin063-1,Bacteria,5,,,True,,False,False
warning_ammonia_toxicity,BAC_G::ADurb.Bin063-1,Bacteria,5,0.0,0.0,True,133.5,False,False
warning_biogas_quality,BAC_G::ADurb.Bin063-1,Bacteria,5,0.0,0.0,True,133.0,False,False
warning_acid_base_balance,BAC_G::ADurb.Bin120,Bacteria,5,0.0,0.0,True,139.5,False,False
warning_buffer_capacity,BAC_G::ADurb.Bin120,Bacteria,5,0.0,0.0,True,134.0,False,False
warning_acid_accumulation,BAC_G::ADurb.Bin120,Bacteria,5,,,True,,False,False
warning_ammonia_toxicity,BAC_G::ADurb.Bin120,Bacteria,5,0.0,0.0,True,133.5,False,False
warning_biogas_quality,BAC_G::ADurb.Bin120,Bacteria,5,0.0,0.0,True,133.0,False,False
warning_acid_base_balance,BAC_G::AKYH767,Bacteria,5,0.0,0.0,True,139.5,False,False
warning_buffer_capacity,BAC_G::AKYH767,Bacteria,5,0.0,0.0,True,134.0,False,False
warning_acid_accumulation,BAC_G::AKYH767,Bacteria,5,,,True,,False,False
warning_ammonia_toxicity,BAC_G::AKYH767,Bacteria,5,0.0,0.0,True,133.5,False,False
warning_biogas_quality,BAC_G::AKYH767,Bacteria,5,0.0,0.0,True,133.0,False,False
warning_acid_base_balance,BAC_G::AUTHM297,Bacteria,5,0.0,0.0,True,139.5,False,False
warning_buffer_capacity,BAC_G::AUTHM297,Bacteria,5,0.0,0.0,True,134.0,False,False
warning_acid_accumulation,BAC_G::AUTHM297,Bacteria,5,,,True,,False,False
warning_ammonia_toxicity,BAC_G::AUTHM297,Bacteria,5,0.0,0.0,True,133.5,False,False
warning_biogas_quality,BAC_G::AUTHM297,Bacteria,5,0.0,0.0,True,133.0,False,False
warning_acid_base_balance,BAC_G::Acetobacter,Bacteria,5,0.0,0.0,True,139.5,False,False
warning_buffer_capacity,BAC_G::Acetobacter,Bacteria,5,0.0,0.0,True,134.0,False,False
warning_acid_accumulation,BAC_G::Acetobacter,Bacteria,5,,,True,,False,False
warning_ammonia_toxicity,BAC_G::Acetobacter,Bacteria,5,0.0,0.0,True,133.5,False,False
warning_biogas_quality,BAC_G::Acetobacter,Bacteria,5,0.0,0.0,True,133.0,False,False
warning_acid_base_balance,BAC_G::Acetomicrobium,Bacteria,5,0.0,0.0,True,139.5,False,False
warning_buffer_capacity,BAC_G::Acetomicrobium,Bacteria,5,0.0,0.0,True,134.0,False,False
warning_acid_accumulation,BAC_G::Acetomicrobium,Bacteria,5,,,True,,False,False
warning_ammonia_toxicity,BAC_G::Acetomicrobium,Bacteria,5,0.0,0.0,True,133.5,False,False
warning_biogas_quality,BAC_G::Acetomicrobium,Bacteria,5,0.0,0.0,True,133.0,False,False
warning_acid_base_balance,BAC_G::Acetothermiia,Bacteria,5,0.0,0.0,False,139.5,False,False
warning_buffer_capacity,BAC_G::Acetothermiia,Bacteria,5,0.0,0.0,False,134.0,False,False
warning_acid_accumulation,BAC_G::Acetothermiia,Bacteria,5,,,False,,False,False
warning_ammonia_toxicity,BAC_G::Acetothermiia,Bacteria,5,0.0,0.0,False,133.5,False,False
warning_biogas_quality,BAC_G::Acetothermiia,Bacteria,5,0.0,0.0,False,133.0,False,False
warning_acid_base_balance,BAC_G::Acholeplasma,Bacteria,5,0.0,0.0,True,139.5,False,False
warning_buffer_capacity,BAC_G::Acholeplasma,Bacteria,5,0.0,0.0,True,134.0,False,False
warning_acid_accumulation,BAC_G::Acholeplasma,Bacteria,5,,,True,,False,False
warning_ammonia_toxicity,BAC_G::Acholeplasma,Bacteria,5,-0.0125,0.022422706745122856,True,270.0,False,False
warning_biogas_quality,BAC_G::Acholeplasma,Bacteria,5,0.0,0.0,True,133.0,False,False
warning_acid_base_balance,BAC_G::Acidovorax,Bacteria,5,0.0,0.0,True,139.5,False,False
warning_buffer_capacity,BAC_G::Acidovorax,Bacteria,5,0.0,0.0,True,134.0,False,False
warning_acid_accumulation,BAC_G::Acidovorax,Bacteria,5,,,True,,False,False
warning_ammonia_toxicity,BAC_G::Acidovorax,Bacteria,5,0.0,0.0,True,133.5,False,False
warning_biogas_quality,BAC_G::Acidovorax,Bacteria,5,0.0,0.0,True,133.0,False,False
warning_acid_base_balance,BAC_G::Acinetobacter,Bacteria,5,0.0,0.0,True,139.5,False,False
warning_buffer_capacity,BAC_G::Acinetobacter,Bacteria,5,0.0,0.0,True,134.0,False,False
warning_acid_accumulation,BAC_G::Acinetobacter,Bacteria,5,,,True,,False,False
warning_ammonia_toxicity,BAC_G::Acinetobacter,Bacteria,5,0.0,0.0,True,133.5,False,False
warning_biogas_quality,BAC_G::Acinetobacter,Bacteria,5,0.0,0.0,True,133.0,False,False
warning_acid_base_balance,BAC_G::Actinomyces,Bacteria,5,0.0,0.0,True,139.5,False,False
warning_buffer_capacity,BAC_G::Actinomyces,Bacteria,5,0.0,0.0,True,134.0,False,False
warning_acid_accumulation,BAC_G::Actinomyces,Bacteria,5,,,True,,False,False
warning_ammonia_toxicity,BAC_G::Actinomyces,Bacteria,5,0.0,0.0,True,133.5,False,False
warning_biogas_quality,BAC_G::Actinomyces,Bacteria,5,0.0,0.0,True,133.0,False,False
warning_acid_base_balance,BAC_G::Aeriscardovia,Bacteria,5,0.0,0.0,True,139.5,False,False
warning_buffer_capacity,BAC_G::Aeriscardovia,Bacteria,5,0.0,0.0,True,134.0,False,False
warning_acid_accumulation,BAC_G::Aeriscardovia,Bacteria,5,,,True,,False,False
warning_ammonia_toxicity,BAC_G::Aeriscardovia,Bacteria,5,0.0,0.0,True,133.5,False,False
warning_biogas_quality,BAC_G::Aeriscardovia,Bacteria,5,0.0,0.0,True,133.0,False,False
warning_acid_base_balance,BAC_G::Alkaliphilus,Bacteria,5,0.0,0.0,True,139.5,False,False
warning_buffer_capacity,BAC_G::Alkaliphilus,Bacteria,5,0.0,0.0,True,134.0,False,False
warning_acid_accumulation,BAC_G::Alkaliphilus,Bacteria,5,,,True,,False,False
warning_ammonia_toxicity,BAC_G::Alkaliphilus,Bacteria,5,0.0,0.0,True,133.5,False,False
warning_biogas_quality,BAC_G::Alkaliphilus,Bacteria,5,0.0,0.0,True,133.0,False,False
warning_acid_base_balance,BAC_G::Aminicenantales,Bacteria,5,0.0,0.0,True,139.5,False,False
warning_buffer_capacity,BAC_G::Aminicenantales,Bacteria,5,0.0,0.0,True,134.0,False,False
warning_acid_accumulation,BAC_G::Aminicenantales,Bacteria,5,,,True,,False,False
warning_ammonia_toxicity,BAC_G::Aminicenantales,Bacteria,5,0.0,0.0,True,133.5,False,False
warning_biogas_quality,BAC_G::Aminicenantales,Bacteria,5,0.0,0.0,True,133.0,False,False
warning_acid_base_balance,BAC_G::Aminobacterium,Bacteria,5,0.0,0.0,True,139.5,False,False
warning_buffer_capacity,BAC_G::Aminobacterium,Bacteria,5,0.0,0.0,True,134.0,False,False
warning_acid_accumulation,BAC_G::Aminobacterium,Bacteria,5,,,True,,False,False
warning_ammonia_toxicity,BAC_G::Aminobacterium,Bacteria,5,0.0,0.0,True,133.5,False,False
warning_biogas_quality,BAC_G::Aminobacterium,Bacteria,5,0.0,0.0,True,133.0,False,False
warning_acid_base_balance,BAC_G::Anaerococcus,Bacteria,5,0.0,0.0,True,139.5,False,False
warning_buffer_capacity,BAC_G::Anaerococcus,Bacteria,5,0.0,0.0,True,134.0,False,False
warning_acid_accumulation,BAC_G::Anaerococcus,Bacteria,5,,,True,,False,False
warning_ammonia_toxicity,BAC_G::Anaerococcus,Bacteria,5,0.0,0.0,True,133.5,False,False
warning_biogas_quality,BAC_G::Anaerococcus,Bacteria,5,0.0,0.0,True,133.0,False,False
warning_acid_base_balance,BAC_G::Anaerofustis,Bacteria,5,0.0,0.0,True,139.5,False,False
warning_buffer_capacity,BAC_G::Anaerofustis,Bacteria,5,0.0,0.0,True,134.0,False,False
warning_acid_accumulation,BAC_G::Anaerofustis,Bacteria,5,,,True,,False,False
warning_ammonia_toxicity,BAC_G::Anaerofustis,Bacteria,5,0.0,0.0,True,133.5,False,False
warning_biogas_quality,BAC_G::Anaerofustis,Bacteria,5,0.0,0.0,True,133.0,False,False
warning_acid_base_balance,BAC_G::Anaerostignum,Bacteria,5,0.0,0.0,True,139.5,False,False
warning_buffer_capacity,BAC_G::Anaerostignum,Bacteria,5,0.0,0.0,True,134.0,False,False
warning_acid_accumulation,BAC_G::Anaerostignum,Bacteria,5,,,True,,False,False
warning_ammonia_toxicity,BAC_G::Anaerostignum,Bacteria,5,0.0,0.0,True,133.5,False,False
warning_biogas_quality,BAC_G::Anaerostignum,Bacteria,5,0.0,0.0,True,133.0,False,False
warning_acid_base_balance,BAC_G::Anaerovorax,Bacteria,5,0.0,0.0,True,139.5,False,False
warning_buffer_capacity,BAC_G::Anaerovorax,Bacteria,5,0.0,0.0,True,134.0,False,False
warning_acid_accumulation,BAC_G::Anaerovorax,Bacteria,5,,,True,,False,False
warning_ammonia_toxicity,BAC_G::Anaerovorax,Bacteria,5,0.0,0.0,True,133.5,False,False
warning_biogas_quality,BAC_G::Anaerovorax,Bacteria,5,0.0,0.0,True,133.0,False,False
warning_acid_base_balance,BAC_G::Arenimonas,Bacteria,5,0.0,0.0,True,139.5,False,False
warning_buffer_capacity,BAC_G::Arenimonas,Bacteria,5,0.0,0.0,True,134.0,False,False
warning_acid_accumulation,BAC_G::Arenimonas,Bacteria,5,,,True,,False,False
warning_ammonia_toxicity,BAC_G::Arenimonas,Bacteria,5,0.0,0.0,True,133.5,False,False
warning_biogas_quality,BAC_G::Arenimonas,Bacteria,5,0.0,0.0,True,133.0,False,False
warning_acid_base_balance,BAC_G::Atopobium,Bacteria,5,0.0,0.0,True,139.5,False,False
warning_buffer_capacity,BAC_G::Atopobium,Bacteria,5,0.0,0.0,True,134.0,False,False
warning_acid_accumulation,BAC_G::Atopobium,Bacteria,5,,,True,,False,False
warning_ammonia_toxicity,BAC_G::Atopobium,Bacteria,5,0.0,0.0,True,133.5,False,False
warning_biogas_quality,BAC_G::Atopobium,Bacteria,5,0.0,0.0,True,133.0,False,False
warning_acid_base_balance,BAC_G::Azospira,Bacteria,5,0.0,0.0,True,139.5,False,False
warning_buffer_capacity,BAC_G::Azospira,Bacteria,5,0.0,0.0,True,134.0,False,False
warning_acid_accumulation,BAC_G::Azospira,Bacteria,5,,,True,,False,False
warning_ammonia_toxicity,BAC_G::Azospira,Bacteria,5,0.0,0.0,True,133.5,False,False
warning_biogas_quality,BAC_G::Azospira,Bacteria,5,0.0,0.0,True,133.0,False,False
warning_acid_base_balance,BAC_G::BD1-7_clade,Bacteria,5,0.0,0.0,True,139.5,False,False
warning_buffer_capacity,BAC_G::BD1-7_clade,Bacteria,5,0.0,0.0,True,134.0,False,False
warning_acid_accumulation,BAC_G::BD1-7_clade,Bacteria,5,,,True,,False,False
warning_ammonia_toxicity,BAC_G::BD1-7_clade,Bacteria,5,0.0,0.0,True,133.5,False,False
warning_biogas_quality,BAC_G::BD1-7_clade,Bacteria,5,0.0,0.0,True,133.0,False,False
warning_acid_base_balance,BAC_G::BRH-c20a,Bacteria,5,0.0,0.0,True,139.5,False,False
warning_buffer_capacity,BAC_G::BRH-c20a,Bacteria,5,0.0,0.0,True,134.0,False,False
warning_acid_accumulation,BAC_G::BRH-c20a,Bacteria,5,,,True,,False,False
warning_ammonia_toxicity,BAC_G::BRH-c20a,Bacteria,5,0.0,0.0,True,133.5,False,False
warning_biogas_quality,BAC_G::BRH-c20a,Bacteria,5,0.0,0.0,True,133.0,False,False
warning_acid_base_balance,BAC_G::Babeliales,Bacteria,5,0.0,0.0,True,139.5,False,False
warning_buffer_capacity,BAC_G::Babeliales,Bacteria,5,0.0,0.0,True,134.0,False,False
warning_acid_accumulation,BAC_G::Babeliales,Bacteria,5,,,True,,False,False
warning_ammonia_toxicity,BAC_G::Babeliales,Bacteria,5,0.0,0.0,True,133.5,False,False
warning_biogas_quality,BAC_G::Babeliales,Bacteria,5,0.0,0.0,True,133.0,False,False
warning_acid_base_balance,BAC_G::Bacillus,Bacteria,5,0.0,0.0,True,139.5,False,False
warning_buffer_capacity,BAC_G::Bacillus,Bacteria,5,0.0,0.0,True,134.0,False,False
warning_acid_accumulation,BAC_G::Bacillus,Bacteria,5,,,True,,False,False
warning_ammonia_toxicity,BAC_G::Bacillus,Bacteria,5,0.0,0.0,True,133.5,False,False
warning_biogas_quality,BAC_G::Bacillus,Bacteria,5,0.0,0.0,True,133.0,False,False
warning_acid_base_balance,BAC_G::Bacteroidales_UCG-001,Bacteria,5,0.0,0.0,True,139.5,False,False
warning_buffer_capacity,BAC_G::Bacteroidales_UCG-001,Bacteria,5,0.0,0.0,True,134.0,False,False
warning_acid_accumulation,BAC_G::Bacteroidales_UCG-001,Bacteria,5,,,True,,False,False
warning_ammonia_toxicity,BAC_G::Bacteroidales_UCG-001,Bacteria,5,0.0,0.0,True,133.5,False,False
warning_biogas_quality,BAC_G::Bacteroidales_UCG-001,Bacteria,5,0.0,0.0,True,133.0,False,False
warning_acid_base_balance,BAC_G::Bacteroides,Bacteria,5,0.0,0.0,True,139.5,False,False
warning_buffer_capacity,BAC_G::Bacteroides,Bacteria,5,0.0,0.0,True,134.0,False,False
warning_acid_accumulation,BAC_G::Bacteroides,Bacteria,5,,,True,,False,False
warning_ammonia_toxicity,BAC_G::Bacteroides,Bacteria,5,0.0,0.0,True,133.5,False,False
warning_biogas_quality,BAC_G::Bacteroides,Bacteria,5,0.0,0.0,True,133.0,False,False
warning_acid_base_balance,BAC_G::Bacteroidetes_VC2.1_Bac22,Bacteria,5,0.0,0.0,True,139.5,False,False
warning_buffer_capacity,BAC_G::Bacteroidetes_VC2.1_Bac22,Bacteria,5,0.0,0.0,True,134.0,False,False
warning_acid_accumulation,BAC_G::Bacteroidetes_VC2.1_Bac22,Bacteria,5,,,True,,False,False
warning_ammonia_toxicity,BAC_G::Bacteroidetes_VC2.1_Bac22,Bacteria,5,0.0,0.0,True,133.5,False,False
warning_biogas_quality,BAC_G::Bacteroidetes_VC2.1_Bac22,Bacteria,5,0.0,0.0,True,133.0,False,False
warning_acid_base_balance,BAC_G::Bacteroidetes_vadinHA17,Bacteria,5,-0.001388888888888895,0.04835458630672058,True,271.0,False,False
warning_buffer_capacity,BAC_G::Bacteroidetes_vadinHA17,Bacteria,5,-0.014040404040404037,0.008968398927107993,True,270.0,False,False
warning_acid_accumulation,BAC_G::Bacteroidetes_vadinHA17,Bacteria,5,,,True,,False,False
warning_ammonia_toxicity,BAC_G::Bacteroidetes_vadinHA17,Bacteria,5,0.0,0.0,True,133.5,False,False
warning_biogas_quality,BAC_G::Bacteroidetes_vadinHA17,Bacteria,5,0.0,0.0,True,133.0,False,False
warning_acid_base_balance,BAC_G::Bdellovibrio,Bacteria,5,0.0,0.0,True,139.5,False,False
warning_buffer_capacity,BAC_G::Bdellovibrio,Bacteria,5,0.0,0.0,True,134.0,False,False
warning_acid_accumulation,BAC_G::Bdellovibrio,Bacteria,5,,,True,,False,False
warning_ammonia_toxicity,BAC_G::Bdellovibrio,Bacteria,5,0.0,0.0,True,133.5,False,False
warning_biogas_quality,BAC_G::Bdellovibrio,Bacteria,5,0.0,0.0,True,133.0,False,False
warning_acid_base_balance,BAC_G::Bifidobacterium,Bacteria,5,0.0,0.0,True,139.5,False,False
warning_buffer_capacity,BAC_G::Bifidobacterium,Bacteria,5,0.0,0.0,True,134.0,False,False
warning_acid_accumulation,BAC_G::Bifidobacterium,Bacteria,5,,,True,,False,False
warning_ammonia_toxicity,BAC_G::Bifidobacterium,Bacteria,5,0.0,0.0,True,133.5,False,False
warning_biogas_quality,BAC_G::Bifidobacterium,Bacteria,5,0.0,0.0,True,133.0,False,False
warning_acid_base_balance,BAC_G::Butyrivibrio,Bacteria,5,0.0,0.0,True,139.5,False,False
warning_buffer_capacity,BAC_G::Butyrivibrio,Bacteria,5,0.0,0.0,True,134.0,False,False
warning_acid_accumulation,BAC_G::Butyrivibrio,Bacteria,5,,,True,,False,False
warning_ammonia_toxicity,BAC_G::Butyrivibrio,Bacteria,5,0.0,0.0,True,133.5,False,False
warning_biogas_quality,BAC_G::Butyrivibrio,Bacteria,5,0.0,0.0,True,133.0,False,False
warning_acid_base_balance,BAC_G::Caldicoprobacter,Bacteria,5,0.0,0.0,True,139.5,False,False
warning_buffer_capacity,BAC_G::Caldicoprobacter,Bacteria,5,0.0,0.0,True,134.0,False,False
warning_acid_accumulation,BAC_G::Caldicoprobacter,Bacteria,5,,,True,,False,False
warning_ammonia_toxicity,BAC_G::Caldicoprobacter,Bacteria,5,0.0,0.0,True,133.5,False,False
warning_biogas_quality,BAC_G::Caldicoprobacter,Bacteria,5,0.0,0.0,True,133.0,False,False
warning_acid_base_balance,BAC_G::Caldisericum,Bacteria,5,0.0,0.0,True,139.5,False,False
warning_buffer_capacity,BAC_G::Caldisericum,Bacteria,5,0.0,0.0,True,134.0,False,False
warning_acid_accumulation,BAC_G::Caldisericum,Bacteria,5,,,True,,False,False
warning_ammonia_toxicity,BAC_G::Caldisericum,Bacteria,5,0.0,0.0,True,133.5,False,False
warning_biogas_quality,BAC_G::Caldisericum,Bacteria,5,0.0,0.0,True,133.0,False,False
warning_acid_base_balance,BAC_G::Candidatus_Accumulibacter,Bacteria,5,0.0,0.0,True,139.5,False,False
warning_buffer_capacity,BAC_G::Candidatus_Accumulibacter,Bacteria,5,0.0,0.0,True,134.0,False,False
warning_acid_accumulation,BAC_G::Candidatus_Accumulibacter,Bacteria,5,,,True,,False,False
warning_ammonia_toxicity,BAC_G::Candidatus_Accumulibacter,Bacteria,5,0.0,0.0,True,133.5,False,False
warning_biogas_quality,BAC_G::Candidatus_Accumulibacter,Bacteria,5,0.0,0.0,True,133.0,False,False
warning_acid_base_balance,BAC_G::Candidatus_Caldatribacterium,Bacteria,5,0.0,0.0,True,139.5,False,False
warning_buffer_capacity,BAC_G::Candidatus_Caldatribacterium,Bacteria,5,0.0,0.0,True,134.0,False,False
warning_acid_accumulation,BAC_G::Candidatus_Caldatribacterium,Bacteria,5,,,True,,False,False
warning_ammonia_toxicity,BAC_G::Candidatus_Caldatribacterium,Bacteria,5,0.0,0.0,True,133.5,False,False
warning_biogas_quality,BAC_G::Candidatus_Caldatribacterium,Bacteria,5,0.0,0.0,True,133.0,False,False
warning_acid_base_balance,BAC_G::Candidatus_Cloacimonas,Bacteria,5,0.0,0.0,True,139.5,False,False
warning_buffer_capacity,BAC_G::Candidatus_Cloacimonas,Bacteria,5,0.0,0.0,True,134.0,False,False
warning_acid_accumulation,BAC_G::Candidatus_Cloacimonas,Bacteria,5,,,True,,False,False
warning_ammonia_toxicity,BAC_G::Candidatus_Cloacimonas,Bacteria,5,0.0,0.0,True,133.5,False,False
warning_biogas_quality,BAC_G::Candidatus_Cloacimonas,Bacteria,5,0.0,0.0,True,133.0,False,False
warning_acid_base_balance,BAC_G::Candidatus_Competibacter,Bacteria,5,0.0,0.0,True,139.5,False,False
warning_buffer_capacity,BAC_G::Candidatus_Competibacter,Bacteria,5,0.0,0.0,True,134.0,False,False
warning_acid_accumulation,BAC_G::Candidatus_Competibacter,Bacteria,5,,,True,,False,False
warning_ammonia_toxicity,BAC_G::Candidatus_Competibacter,Bacteria,5,0.0,0.0,True,133.5,False,False
warning_biogas_quality,BAC_G::Candidatus_Competibacter,Bacteria,5,0.0,0.0,True,133.0,False,False
warning_acid_base_balance,BAC_G::Candidatus_Omnitrophus,Bacteria,5,0.0,0.0,True,139.5,False,False
warning_buffer_capacity,BAC_G::Candidatus_Omnitrophus,Bacteria,5,0.0,0.0,True,134.0,False,False
warning_acid_accumulation,BAC_G::Candidatus_Omnitrophus,Bacteria,5,,,True,,False,False
warning_ammonia_toxicity,BAC_G::Candidatus_Omnitrophus,Bacteria,5,0.0,0.0,True,133.5,False,False
warning_biogas_quality,BAC_G::Candidatus_Omnitrophus,Bacteria,5,0.0,0.0,True,133.0,False,False
warning_acid_base_balance,BAC_G::Candidatus_Soleaferrea,Bacteria,5,0.0,0.0,True,139.5,False,False
warning_buffer_capacity,BAC_G::Candidatus_Soleaferrea,Bacteria,5,0.0,0.0,True,134.0,False,False
warning_acid_accumulation,BAC_G::Candidatus_Soleaferrea,Bacteria,5,,,True,,False,False
warning_ammonia_toxicity,BAC_G::Candidatus_Soleaferrea,Bacteria,5,0.0,0.0,True,133.5,False,False
warning_biogas_quality,BAC_G::Candidatus_Soleaferrea,Bacteria,5,0.0,0.0,True,133.0,False,False
warning_acid_base_balance,BAC_G::Caproiciproducens,Bacteria,5,0.0,0.0,True,139.5,False,False
warning_buffer_capacity,BAC_G::Caproiciproducens,Bacteria,5,0.0,0.0,True,134.0,False,False
warning_acid_accumulation,BAC_G::Caproiciproducens,Bacteria,5,,,True,,False,False
warning_ammonia_toxicity,BAC_G::Caproiciproducens,Bacteria,5,0.0,0.0,True,133.5,False,False
warning_biogas_quality,BAC_G::Caproiciproducens,Bacteria,5,0.0,0.0,True,133.0,False,False
warning_acid_base_balance,BAC_G::Chthonomonadales,Bacteria,5,0.0,0.0,False,139.5,False,False
warning_buffer_capacity,BAC_G::Chthonomonadales,Bacteria,5,0.0,0.0,False,134.0,False,False
warning_acid_accumulation,BAC_G::Chthonomonadales,Bacteria,5,,,False,,False,False
warning_ammonia_toxicity,BAC_G::Chthonomonadales,Bacteria,5,0.0,0.0,False,133.5,False,False
warning_biogas_quality,BAC_G::Chthonomonadales,Bacteria,5,0.0,0.0,False,133.0,False,False
warning_acid_base_balance,BAC_G::Cloacimonadaceae,Bacteria,5,0.0,0.0,True,139.5,False,False
warning_buffer_capacity,BAC_G::Cloacimonadaceae,Bacteria,5,0.0,0.0,True,134.0,False,False
warning_acid_accumulation,BAC_G::Cloacimonadaceae,Bacteria,5,,,True,,False,False
warning_ammonia_toxicity,BAC_G::Cloacimonadaceae,Bacteria,5,0.0,0.0,True,133.5,False,False
warning_biogas_quality,BAC_G::Cloacimonadaceae,Bacteria,5,0.0,0.0,True,133.0,False,False
warning_acid_base_balance,BAC_G::Clostridia_UCG-014,Bacteria,5,0.0,0.0,True,139.5,False,False
warning_buffer_capacity,BAC_G::Clostridia_UCG-014,Bacteria,5,0.0,0.0,True,134.0,False,False
warning_acid_accumulation,BAC_G::Clostridia_UCG-014,Bacteria,5,,,True,,False,False
warning_ammonia_toxicity,BAC_G::Clostridia_UCG-014,Bacteria,5,0.0,0.0,True,133.5,False,False
warning_biogas_quality,BAC_G::Clostridia_UCG-014,Bacteria,5,0.0,0.0,True,133.0,False,False
warning_acid_base_balance,BAC_G::Clostridium_sensu_stricto_1,Bacteria,5,0.0,0.0,True,139.5,False,False
warning_buffer_capacity,BAC_G::Clostridium_sensu_stricto_1,Bacteria,5,0.0,0.0,True,134.0,False,False
warning_acid_accumulation,BAC_G::Clostridium_sensu_stricto_1,Bacteria,5,,,True,,False,False
warning_ammonia_toxicity,BAC_G::Clostridium_sensu_stricto_1,Bacteria,5,0.0,0.0,True,133.5,False,False
warning_biogas_quality,BAC_G::Clostridium_sensu_stricto_1,Bacteria,5,0.0,0.0,True,133.0,False,False
warning_acid_base_balance,BAC_G::Comamonas,Bacteria,5,0.0,0.0,True,139.5,False,False
warning_buffer_capacity,BAC_G::Comamonas,Bacteria,5,0.0,0.0,True,134.0,False,False
warning_acid_accumulation,BAC_G::Comamonas,Bacteria,5,,,True,,False,False
warning_ammonia_toxicity,BAC_G::Comamonas,Bacteria,5,0.0,0.0,True,133.5,False,False
warning_biogas_quality,BAC_G::Comamonas,Bacteria,5,0.0,0.0,True,133.0,False,False
warning_acid_base_balance,BAC_G::Coprothermobacter,Bacteria,5,0.0,0.0,True,139.5,False,False
warning_buffer_capacity,BAC_G::Coprothermobacter,Bacteria,5,0.0,0.0,True,134.0,False,False
warning_acid_accumulation,BAC_G::Coprothermobacter,Bacteria,5,,,True,,False,False
warning_ammonia_toxicity,BAC_G::Coprothermobacter,Bacteria,5,0.0,0.0,True,133.5,False,False
warning_biogas_quality,BAC_G::Coprothermobacter,Bacteria,5,0.0,0.0,True,133.0,False,False
warning_acid_base_balance,BAC_G::D8A-2,Bacteria,5,0.0,0.0,True,139.5,False,False
warning_buffer_capacity,BAC_G::D8A-2,Bacteria,5,0.0,0.0,True,134.0,False,False
warning_acid_accumulation,BAC_G::D8A-2,Bacteria,5,,,True,,False,False
warning_ammonia_toxicity,BAC_G::D8A-2,Bacteria,5,0.0,0.0,True,133.5,False,False
warning_biogas_quality,BAC_G::D8A-2,Bacteria,5,0.0,0.0,True,133.0,False,False
warning_acid_base_balance,BAC_G::DEV114,Bacteria,5,0.0,0.0,True,139.5,False,False
warning_buffer_capacity,BAC_G::DEV114,Bacteria,5,0.0,0.0,True,134.0,False,False
warning_acid_accumulation,BAC_G::DEV114,Bacteria,5,,,True,,False,False
warning_ammonia_toxicity,BAC_G::DEV114,Bacteria,5,0.0,0.0,True,133.5,False,False
warning_biogas_quality,BAC_G::DEV114,Bacteria,5,0.0,0.0,True,133.0,False,False
warning_acid_base_balance,BAC_G::DMER64,Bacteria,5,0.0,0.0,True,139.5,False,False
warning_buffer_capacity,BAC_G::DMER64,Bacteria,5,0.0,0.0,True,134.0,False,False
warning_acid_accumulation,BAC_G::DMER64,Bacteria,5,,,True,,False,False
warning_ammonia_toxicity,BAC_G::DMER64,Bacteria,5,0.0,0.0,True,133.5,False,False
warning_biogas_quality,BAC_G::DMER64,Bacteria,5,0.0,0.0,True,133.0,False,False
warning_acid_base_balance,BAC_G::DTU014,Bacteria,5,0.0,0.0,True,139.5,False,False
warning_buffer_capacity,BAC_G::DTU014,Bacteria,5,0.0,0.0,True,134.0,False,False
warning_acid_accumulation,BAC_G::DTU014,Bacteria,5,,,True,,False,False
warning_ammonia_toxicity,BAC_G::DTU014,Bacteria,5,0.0,0.0,True,133.5,False,False
warning_biogas_quality,BAC_G::DTU014,Bacteria,5,0.0,0.0,True,133.0,False,False
warning_acid_base_balance,BAC_G::Dechloromonas,Bacteria,5,0.0,0.0,True,139.5,False,False
warning_buffer_capacity,BAC_G::Dechloromonas,Bacteria,5,0.0,0.0,True,134.0,False,False
warning_acid_accumulation,BAC_G::Dechloromonas,Bacteria,5,,,True,,False,False
warning_ammonia_toxicity,BAC_G::Dechloromonas,Bacteria,5,0.0,0.0,True,133.5,False,False
warning_biogas_quality,BAC_G::Dechloromonas,Bacteria,5,0.0,0.0,True,133.0,False,False
warning_acid_base_balance,BAC_G::Defluviitoga,Bacteria,5,0.0,0.0,True,139.5,False,False
warning_buffer_capacity,BAC_G::Defluviitoga,Bacteria,5,0.0,0.0,True,134.0,False,False
warning_acid_accumulation,BAC_G::Defluviitoga,Bacteria,5,,,True,,False,False
warning_ammonia_toxicity,BAC_G::Defluviitoga,Bacteria,5,0.0,0.0,True,133.5,False,False
warning_biogas_quality,BAC_G::Defluviitoga,Bacteria,5,0.0,0.0,True,133.0,False,False
warning_acid_base_balance,BAC_G::Denitratisoma,Bacteria,5,0.0,0.0,True,139.5,False,False
warning_buffer_capacity,BAC_G::Denitratisoma,Bacteria,5,0.0,0.0,True,134.0,False,False
warning_acid_accumulation,BAC_G::Denitratisoma,Bacteria,5,,,True,,False,False
warning_ammonia_toxicity,BAC_G::Denitratisoma,Bacteria,5,0.0,0.0,True,133.5,False,False
warning_biogas_quality,BAC_G::Denitratisoma,Bacteria,5,0.0,0.0,True,133.0,False,False
warning_acid_base_balance,BAC_G::Dialister,Bacteria,5,0.0,0.0,True,139.5,False,False
warning_buffer_capacity,BAC_G::Dialister,Bacteria,5,0.0,0.0,True,134.0,False,False
warning_acid_accumulation,BAC_G::Dialister,Bacteria,5,,,True,,False,False
warning_ammonia_toxicity,BAC_G::Dialister,Bacteria,5,0.0,0.0,True,133.5,False,False
warning_biogas_quality,BAC_G::Dialister,Bacteria,5,0.0,0.0,True,133.0,False,False
warning_acid_base_balance,BAC_G::Dokdonella,Bacteria,5,0.0,0.0,True,139.5,False,False
warning_buffer_capacity,BAC_G::Dokdonella,Bacteria,5,0.0,0.0,True,134.0,False,False
warning_acid_accumulation,BAC_G::Dokdonella,Bacteria,5,,,True,,False,False
warning_ammonia_toxicity,BAC_G::Dokdonella,Bacteria,5,0.0,0.0,True,133.5,False,False
warning_biogas_quality,BAC_G::Dokdonella,Bacteria,5,0.0,0.0,True,133.0,False,False
warning_acid_base_balance,BAC_G::Ellin6067,Bacteria,5,0.0,0.0,True,139.5,False,False
warning_buffer_capacity,BAC_G::Ellin6067,Bacteria,5,0.0,0.0,True,134.0,False,False
warning_acid_accumulation,BAC_G::Ellin6067,Bacteria,5,,,True,,False,False
warning_ammonia_toxicity,BAC_G::Ellin6067,Bacteria,5,0.0,0.0,True,133.5,False,False
warning_biogas_quality,BAC_G::Ellin6067,Bacteria,5,0.0,0.0,True,133.0,False,False
warning_acid_base_balance,BAC_G::Endomicrobium,Bacteria,5,0.0,0.0,True,139.5,False,False
warning_buffer_capacity,BAC_G::Endomicrobium,Bacteria,5,0.0,0.0,True,134.0,False,False
warning_acid_accumulation,BAC_G::Endomicrobium,Bacteria,5,,,True,,False,False
warning_ammonia_toxicity,BAC_G::Endomicrobium,Bacteria,5,0.0,0.0,True,133.5,False,False
warning_biogas_quality,BAC_G::Endomicrobium,Bacteria,5,0.0,0.0,True,133.0,False,False
warning_acid_base_balance,BAC_G::Ercella,Bacteria,5,0.0,0.0,True,139.5,False,False
warning_buffer_capacity,BAC_G::Ercella,Bacteria,5,0.0,0.0,True,134.0,False,False
warning_acid_accumulation,BAC_G::Ercella,Bacteria,5,,,True,,False,False
warning_ammonia_toxicity,BAC_G::Ercella,Bacteria,5,0.0,0.0,True,133.5,False,False
warning_biogas_quality,BAC_G::Ercella,Bacteria,5,0.0,0.0,True,133.0,False,False
warning_acid_base_balance,BAC_G::Exilispira,Bacteria,5,0.0,0.0,True,139.5,False,False
warning_buffer_capacity,BAC_G::Exilispira,Bacteria,5,0.0,0.0,True,134.0,False,False
warning_acid_accumulation,BAC_G::Exilispira,Bacteria,5,,,True,,False,False
warning_ammonia_toxicity,BAC_G::Exilispira,Bacteria,5,0.0,0.0,True,133.5,False,False
warning_biogas_quality,BAC_G::Exilispira,Bacteria,5,0.0,0.0,True,133.0,False,False
warning_acid_base_balance,BAC_G::Fastidiosipila,Bacteria,5,0.0,0.0,True,139.5,False,False
warning_buffer_capacity,BAC_G::Fastidiosipila,Bacteria,5,0.0,0.0,True,134.0,False,False
warning_acid_accumulation,BAC_G::Fastidiosipila,Bacteria,5,,,True,,False,False
warning_ammonia_toxicity,BAC_G::Fastidiosipila,Bacteria,5,-0.11395598845598842,0.11474285451268898,True,275.0,False,False
warning_biogas_quality,BAC_G::Fastidiosipila,Bacteria,5,0.0,0.0,True,133.0,False,False
warning_acid_base_balance,BAC_G::Fermentibacteraceae,Bacteria,5,0.0,0.0,True,139.5,False,False
warning_buffer_capacity,BAC_G::Fermentibacteraceae,Bacteria,5,0.0,0.0,True,134.0,False,False
warning_acid_accumulation,BAC_G::Fermentibacteraceae,Bacteria,5,,,True,,False,False
warning_ammonia_toxicity,BAC_G::Fermentibacteraceae,Bacteria,5,0.0,0.0,True,133.5,False,False
warning_biogas_quality,BAC_G::Fermentibacteraceae,Bacteria,5,0.0,0.0,True,133.0,False,False
warning_acid_base_balance,BAC_G::Fermentimonas,Bacteria,5,0.0,0.0,True,139.5,False,False
warning_buffer_capacity,BAC_G::Fermentimonas,Bacteria,5,0.0,0.0,True,134.0,False,False
warning_acid_accumulation,BAC_G::Fermentimonas,Bacteria,5,,,True,,False,False
warning_ammonia_toxicity,BAC_G::Fermentimonas,Bacteria,5,0.0,0.0,True,133.5,False,False
warning_biogas_quality,BAC_G::Fermentimonas,Bacteria,5,0.0,0.0,True,133.0,False,False
warning_acid_base_balance,BAC_G::Ferruginibacter,Bacteria,5,0.0,0.0,False,139.5,False,False
warning_buffer_capacity,BAC_G::Ferruginibacter,Bacteria,5,0.0,0.0,False,134.0,False,False
warning_acid_accumulation,BAC_G::Ferruginibacter,Bacteria,5,,,False,,False,False
warning_ammonia_toxicity,BAC_G::Ferruginibacter,Bacteria,5,0.0,0.0,False,133.5,False,False
warning_biogas_quality,BAC_G::Ferruginibacter,Bacteria,5,0.0,0.0,False,133.0,False,False
warning_acid_base_balance,BAC_G::Fervidobacterium,Bacteria,5,0.0,0.0,False,139.5,False,False
warning_buffer_capacity,BAC_G::Fervidobacterium,Bacteria,5,0.0,0.0,False,134.0,False,False
warning_acid_accumulation,BAC_G::Fervidobacterium,Bacteria,5,,,False,,False,False
warning_ammonia_toxicity,BAC_G::Fervidobacterium,Bacteria,5,0.0,0.0,False,133.5,False,False
warning_biogas_quality,BAC_G::Fervidobacterium,Bacteria,5,0.0,0.0,False,133.0,False,False
warning_acid_base_balance,BAC_G::Fonticella,Bacteria,5,0.0,0.0,False,139.5,False,False
warning_buffer_capacity,BAC_G::Fonticella,Bacteria,5,0.0,0.0,False,134.0,False,False
warning_acid_accumulation,BAC_G::Fonticella,Bacteria,5,,,False,,False,False
warning_ammonia_toxicity,BAC_G::Fonticella,Bacteria,5,0.0,0.0,False,133.5,False,False
warning_biogas_quality,BAC_G::Fonticella,Bacteria,5,0.0,0.0,False,133.0,False,False
warning_acid_base_balance,BAC_G::Frisingicoccus,Bacteria,5,0.0,0.0,True,139.5,False,False
warning_buffer_capacity,BAC_G::Frisingicoccus,Bacteria,5,0.0,0.0,True,134.0,False,False
warning_acid_accumulation,BAC_G::Frisingicoccus,Bacteria,5,,,True,,False,False
warning_ammonia_toxicity,BAC_G::Frisingicoccus,Bacteria,5,0.0,0.0,True,133.5,False,False
warning_biogas_quality,BAC_G::Frisingicoccus,Bacteria,5,0.0,0.0,True,133.0,False,False
warning_acid_base_balance,BAC_G::Gelria,Bacteria,5,0.0,0.0,True,139.5,False,False
warning_buffer_capacity,BAC_G::Gelria,Bacteria,5,0.0,0.0,True,134.0,False,False
warning_acid_accumulation,BAC_G::Gelria,Bacteria,5,,,True,,False,False
warning_ammonia_toxicity,BAC_G::Gelria,Bacteria,5,0.0,0.0,True,133.5,False,False
warning_biogas_quality,BAC_G::Gelria,Bacteria,5,0.0,0.0,True,133.0,False,False
warning_acid_base_balance,BAC_G::Gracilibacter,Bacteria,5,0.0,0.0,True,139.5,False,False
warning_buffer_capacity,BAC_G::Gracilibacter,Bacteria,5,0.0,0.0,True,134.0,False,False
warning_acid_accumulation,BAC_G::Gracilibacter,Bacteria,5,,,True,,False,False
warning_ammonia_toxicity,BAC_G::Gracilibacter,Bacteria,5,0.0,0.0,True,133.5,False,False
warning_biogas_quality,BAC_G::Gracilibacter,Bacteria,5,0.0,0.0,True,133.0,False,False
warning_acid_base_balance,BAC_G::Guggenheimella,Bacteria,5,0.0,0.0,True,139.5,False,False
warning_buffer_capacity,BAC_G::Guggenheimella,Bacteria,5,0.0,0.0,True,134.0,False,False
warning_acid_accumulation,BAC_G::Guggenheimella,Bacteria,5,,,True,,False,False
warning_ammonia_toxicity,BAC_G::Guggenheimella,Bacteria,5,0.0,0.0,True,133.5,False,False
warning_biogas_quality,BAC_G::Guggenheimella,Bacteria,5,0.0,0.0,True,133.0,False,False
warning_acid_base_balance,BAC_G::HN-HF0106,Bacteria,5,0.0,0.0,True,139.5,False,False
warning_buffer_capacity,BAC_G::HN-HF0106,Bacteria,5,0.0,0.0,True,134.0,False,False
warning_acid_accumulation,BAC_G::HN-HF0106,Bacteria,5,,,True,,False,False
warning_ammonia_toxicity,BAC_G::HN-HF0106,Bacteria,5,0.0,0.0,True,133.5,False,False
warning_biogas_quality,BAC_G::HN-HF0106,Bacteria,5,0.0,0.0,True,133.0,False,False
warning_acid_base_balance,BAC_G::Hahella,Bacteria,5,0.0,0.0,True,139.5,False,False
warning_buffer_capacity,BAC_G::Hahella,Bacteria,5,0.0,0.0,True,134.0,False,False
warning_acid_accumulation,BAC_G::Hahella,Bacteria,5,,,True,,False,False
warning_ammonia_toxicity,BAC_G::Hahella,Bacteria,5,0.0,0.0,True,133.5,False,False
warning_biogas_quality,BAC_G::Hahella,Bacteria,5,0.0,0.0,True,133.0,False,False
warning_acid_base_balance,BAC_G::Halocella,Bacteria,5,0.0,0.0,False,139.5,False,False
warning_buffer_capacity,BAC_G::Halocella,Bacteria,5,0.0,0.0,False,134.0,False,False
warning_acid_accumulation,BAC_G::Halocella,Bacteria,5,,,False,,False,False
warning_ammonia_toxicity,BAC_G::Halocella,Bacteria,5,0.0,0.0,False,133.5,False,False
warning_biogas_quality,BAC_G::Halocella,Bacteria,5,0.0,0.0,False,133.0,False,False
warning_acid_base_balance,BAC_G::Halomonas,Bacteria,5,0.0,0.0,True,139.5,False,False
warning_buffer_capacity,BAC_G::Halomonas,Bacteria,5,0.0,0.0,True,134.0,False,False
warning_acid_accumulation,BAC_G::Halomonas,Bacteria,5,,,True,,False,False
warning_ammonia_toxicity,BAC_G::Halomonas,Bacteria,5,0.0,0.0,True,133.5,False,False
warning_biogas_quality,BAC_G::Halomonas,Bacteria,5,0.0,0.0,True,133.0,False,False
warning_acid_base_balance,BAC_G::Hungateiclostridiaceae,Bacteria,5,0.0,0.0,True,139.5,False,False
warning_buffer_capacity,BAC_G::Hungateiclostridiaceae,Bacteria,5,0.0,0.0,True,134.0,False,False
warning_acid_accumulation,BAC_G::Hungateiclostridiaceae,Bacteria,5,,,True,,False,False
warning_ammonia_toxicity,BAC_G::Hungateiclostridiaceae,Bacteria,5,0.0,0.0,True,133.5,False,False
warning_biogas_quality,BAC_G::Hungateiclostridiaceae,Bacteria,5,0.0,0.0,True,133.0,False,False
warning_acid_base_balance,BAC_G::Hydrogenedensaceae,Bacteria,5,0.0,0.0,False,139.5,False,False
warning_buffer_capacity,BAC_G::Hydrogenedensaceae,Bacteria,5,0.0,0.0,False,134.0,False,False
warning_acid_accumulation,BAC_G::Hydrogenedensaceae,Bacteria,5,,,False,,False,False
warning_ammonia_toxicity,BAC_G::Hydrogenedensaceae,Bacteria,5,0.0,0.0,False,133.5,False,False
warning_biogas_quality,BAC_G::Hydrogenedensaceae,Bacteria,5,0.0,0.0,False,133.0,False,False
warning_acid_base_balance,BAC_G::Irregularibacter,Bacteria,5,0.0,0.0,True,139.5,False,False
warning_buffer_capacity,BAC_G::Irregularibacter,Bacteria,5,0.0,0.0,True,134.0,False,False
warning_acid_accumulation,BAC_G::Irregularibacter,Bacteria,5,,,True,,False,False
warning_ammonia_toxicity,BAC_G::Irregularibacter,Bacteria,5,0.0,0.0,True,133.5,False,False
warning_biogas_quality,BAC_G::Irregularibacter,Bacteria,5,0.0,0.0,True,133.0,False,False
warning_acid_base_balance,BAC_G::Izemoplasmatales,Bacteria,5,0.0,0.0,True,139.5,False,False
warning_buffer_capacity,BAC_G::Izemoplasmatales,Bacteria,5,0.0,0.0,True,134.0,False,False
warning_acid_accumulation,BAC_G::Izemoplasmatales,Bacteria,5,,,True,,False,False
warning_ammonia_toxicity,BAC_G::Izemoplasmatales,Bacteria,5,0.0,0.0,True,133.5,False,False
warning_biogas_quality,BAC_G::Izemoplasmatales,Bacteria,5,0.0,0.0,True,133.0,False,False
warning_acid_base_balance,BAC_G::JS1,Bacteria,5,0.0,0.0,True,139.5,False,False
warning_buffer_capacity,BAC_G::JS1,Bacteria,5,0.0,0.0,True,134.0,False,False
warning_acid_accumulation,BAC_G::JS1,Bacteria,5,,,True,,False,False
warning_ammonia_toxicity,BAC_G::JS1,Bacteria,5,0.0,0.0,True,133.5,False,False
warning_biogas_quality,BAC_G::JS1,Bacteria,5,0.0,0.0,True,133.0,False,False
warning_acid_base_balance,BAC_G::Kapabacteriales,Bacteria,5,0.0,0.0,True,139.5,False,False
warning_buffer_capacity,BAC_G::Kapabacteriales,Bacteria,5,0.0,0.0,True,134.0,False,False
warning_acid_accumulation,BAC_G::Kapabacteriales,Bacteria,5,,,True,,False,False
warning_ammonia_toxicity,BAC_G::Kapabacteriales,Bacteria,5,0.0,0.0,True,133.5,False,False
warning_biogas_quality,BAC_G::Kapabacteriales,Bacteria,5,0.0,0.0,True,133.0,False,False
warning_acid_base_balance,BAC_G::Keratinibaculum,Bacteria,5,0.0,0.0,True,139.5,False,False
warning_buffer_capacity,BAC_G::Keratinibaculum,Bacteria,5,0.0,0.0,True,134.0,False,False
warning_acid_accumulation,BAC_G::Keratinibaculum,Bacteria,5,,,True,,False,False
warning_ammonia_toxicity,BAC_G::Keratinibaculum,Bacteria,5,0.0,0.0,True,133.5,False,False
warning_biogas_quality,BAC_G::Keratinibaculum,Bacteria,5,0.0,0.0,True,133.0,False,False
warning_acid_base_balance,BAC_G::LD1-PA32,Bacteria,5,0.0,0.0,True,139.5,False,False
warning_buffer_capacity,BAC_G::LD1-PA32,Bacteria,5,0.0,0.0,True,134.0,False,False
warning_acid_accumulation,BAC_G::LD1-PA32,Bacteria,5,,,True,,False,False
warning_ammonia_toxicity,BAC_G::LD1-PA32,Bacteria,5,0.0,0.0,True,133.5,False,False
warning_biogas_quality,BAC_G::LD1-PA32,Bacteria,5,0.0,0.0,True,133.0,False,False
warning_acid_base_balance,BAC_G::LD1-PB3,Bacteria,5,0.0,0.0,True,139.5,False,False
warning_buffer_capacity,BAC_G::LD1-PB3,Bacteria,5,0.0,0.0,True,134.0,False,False
warning_acid_accumulation,BAC_G::LD1-PB3,Bacteria,5,,,True,,False,False
warning_ammonia_toxicity,BAC_G::LD1-PB3,Bacteria,5,0.0,0.0,True,133.5,False,False
warning_biogas_quality,BAC_G::LD1-PB3,Bacteria,5,0.0,0.0,True,133.0,False,False
warning_acid_base_balance,BAC_G::LNR_A2-18,Bacteria,5,0.0,0.0,True,139.5,False,False
warning_buffer_capacity,BAC_G::LNR_A2-18,Bacteria,5,0.0,0.0,True,134.0,False,False
warning_acid_accumulation,BAC_G::LNR_A2-18,Bacteria,5,,,True,,False,False
warning_ammonia_toxicity,BAC_G::LNR_A2-18,Bacteria,5,0.0,0.0,True,133.5,False,False
warning_biogas_quality,BAC_G::LNR_A2-18,Bacteria,5,0.0,0.0,True,133.0,False,False
warning_acid_base_balance,BAC_G::Lactobacillus,Bacteria,5,0.0,0.0,True,139.5,False,False
warning_buffer_capacity,BAC_G::Lactobacillus,Bacteria,5,0.0,0.0,True,134.0,False,False
warning_acid_accumulation,BAC_G::Lactobacillus,Bacteria,5,,,True,,False,False
warning_ammonia_toxicity,BAC_G::Lactobacillus,Bacteria,5,0.0,0.0,True,133.5,False,False
warning_biogas_quality,BAC_G::Lactobacillus,Bacteria,5,0.0,0.0,True,133.0,False,False
warning_acid_base_balance,BAC_G::Lautropia,Bacteria,5,0.0,0.0,True,139.5,False,False
warning_buffer_capacity,BAC_G::Lautropia,Bacteria,5,0.0,0.0,True,134.0,False,False
warning_acid_accumulation,BAC_G::Lautropia,Bacteria,5,,,True,,False,False
warning_ammonia_toxicity,BAC_G::Lautropia,Bacteria,5,0.0,0.0,True,133.5,False,False
warning_biogas_quality,BAC_G::Lautropia,Bacteria,5,0.0,0.0,True,133.0,False,False
warning_acid_base_balance,BAC_G::Lawsonella,Bacteria,5,0.0,0.0,True,139.5,False,False
warning_buffer_capacity,BAC_G::Lawsonella,Bacteria,5,0.0,0.0,True,134.0,False,False
warning_acid_accumulation,BAC_G::Lawsonella,Bacteria,5,,,True,,False,False
warning_ammonia_toxicity,BAC_G::Lawsonella,Bacteria,5,0.0,0.0,True,133.5,False,False
warning_biogas_quality,BAC_G::Lawsonella,Bacteria,5,0.0,0.0,True,133.0,False,False
warning_acid_base_balance,BAC_G::Lentimicrobiaceae,Bacteria,5,0.0,0.0,True,139.5,False,False
warning_buffer_capacity,BAC_G::Lentimicrobiaceae,Bacteria,5,0.0,0.0,True,134.0,False,False
warning_acid_accumulation,BAC_G::Lentimicrobiaceae,Bacteria,5,,,True,,False,False
warning_ammonia_toxicity,BAC_G::Lentimicrobiaceae,Bacteria,5,0.0,0.0,True,133.5,False,False
warning_biogas_quality,BAC_G::Lentimicrobiaceae,Bacteria,5,0.0,0.0,True,133.0,False,False
warning_acid_base_balance,BAC_G::Lentimicrobium,Bacteria,5,0.0,0.0,True,139.5,False,False
warning_buffer_capacity,BAC_G::Lentimicrobium,Bacteria,5,0.0,0.0,True,134.0,False,False
warning_acid_accumulation,BAC_G::Lentimicrobium,Bacteria,5,,,True,,False,False
warning_ammonia_toxicity,BAC_G::Lentimicrobium,Bacteria,5,0.0,0.0,True,133.5,False,False
warning_biogas_quality,BAC_G::Lentimicrobium,Bacteria,5,0.0,0.0,True,133.0,False,False
warning_acid_base_balance,BAC_G::Leptotrichia,Bacteria,5,0.0,0.0,True,139.5,False,False
warning_buffer_capacity,BAC_G::Leptotrichia,Bacteria,5,0.0,0.0,True,134.0,False,False
warning_acid_accumulation,BAC_G::Leptotrichia,Bacteria,5,,,True,,False,False
warning_ammonia_toxicity,BAC_G::Leptotrichia,Bacteria,5,0.0,0.0,True,133.5,False,False
warning_biogas_quality,BAC_G::Leptotrichia,Bacteria,5,0.0,0.0,True,133.0,False,False
warning_acid_base_balance,BAC_G::Leuconostoc,Bacteria,5,0.0,0.0,True,139.5,False,False
warning_buffer_capacity,BAC_G::Leuconostoc,Bacteria,5,0.0,0.0,True,134.0,False,False
warning_acid_accumulation,BAC_G::Leuconostoc,Bacteria,5,,,True,,False,False
warning_ammonia_toxicity,BAC_G::Leuconostoc,Bacteria,5,0.0,0.0,True,133.5,False,False
warning_biogas_quality,BAC_G::Leuconostoc,Bacteria,5,0.0,0.0,True,133.0,False,False
warning_acid_base_balance,BAC_G::Longilinea,Bacteria,5,0.0,0.0,True,139.5,False,False
warning_buffer_capacity,BAC_G::Longilinea,Bacteria,5,0.0,0.0,True,134.0,False,False
warning_acid_accumulation,BAC_G::Longilinea,Bacteria,5,,,True,,False,False
warning_ammonia_toxicity,BAC_G::Longilinea,Bacteria,5,0.0,0.0,True,133.5,False,False
warning_biogas_quality,BAC_G::Longilinea,Bacteria,5,0.0,0.0,True,133.0,False,False
warning_acid_base_balance,BAC_G::Luteimonas,Bacteria,5,0.0,0.0,True,139.5,False,False
warning_buffer_capacity,BAC_G::Luteimonas,Bacteria,5,0.0,0.0,True,134.0,False,False
warning_acid_accumulation,BAC_G::Luteimonas,Bacteria,5,,,True,,False,False
warning_ammonia_toxicity,BAC_G::Luteimonas,Bacteria,5,0.0,0.0,True,133.5,False,False
warning_biogas_quality,BAC_G::Luteimonas,Bacteria,5,0.0,0.0,True,133.0,False,False
warning_acid_base_balance,BAC_G::Lutispora,Bacteria,5,0.0,0.0,True,139.5,False,False
warning_buffer_capacity,BAC_G::Lutispora,Bacteria,5,0.0,0.0,True,134.0,False,False
warning_acid_accumulation,BAC_G::Lutispora,Bacteria,5,,,True,,False,False
warning_ammonia_toxicity,BAC_G::Lutispora,Bacteria,5,0.0,0.0,True,133.5,False,False
warning_biogas_quality,BAC_G::Lutispora,Bacteria,5,0.0,0.0,True,133.0,False,False
warning_acid_base_balance,BAC_G::MBA03,Bacteria,5,0.0,0.0,True,139.5,False,False
warning_buffer_capacity,BAC_G::MBA03,Bacteria,5,0.0,0.0,True,134.0,False,False
warning_acid_accumulation,BAC_G::MBA03,Bacteria,5,,,True,,False,False
warning_ammonia_toxicity,BAC_G::MBA03,Bacteria,5,0.0,0.0,True,133.5,False,False
warning_biogas_quality,BAC_G::MBA03,Bacteria,5,0.0,0.0,True,133.0,False,False
warning_acid_base_balance,BAC_G::MVP-15,Bacteria,5,0.0,0.0,True,139.5,False,False
warning_buffer_capacity,BAC_G::MVP-15,Bacteria,5,0.0,0.0,True,134.0,False,False
warning_acid_accumulation,BAC_G::MVP-15,Bacteria,5,,,True,,False,False
warning_ammonia_toxicity,BAC_G::MVP-15,Bacteria,5,0.0,0.0,True,133.5,False,False
warning_biogas_quality,BAC_G::MVP-15,Bacteria,5,0.0,0.0,True,133.0,False,False
warning_acid_base_balance,BAC_G::Macellibacteroides,Bacteria,5,0.0,0.0,True,139.5,False,False
warning_buffer_capacity,BAC_G::Macellibacteroides,Bacteria,5,0.0,0.0,True,134.0,False,False
warning_acid_accumulation,BAC_G::Macellibacteroides,Bacteria,5,,,True,,False,False
warning_ammonia_toxicity,BAC_G::Macellibacteroides,Bacteria,5,0.0,0.0,True,133.5,False,False
warning_biogas_quality,BAC_G::Macellibacteroides,Bacteria,5,0.0,0.0,True,133.0,False,False
warning_acid_base_balance,BAC_G::Marinimicrobia_(SAR406_clade),Bacteria,5,0.0,0.0,True,139.5,False,False
warning_buffer_capacity,BAC_G::Marinimicrobia_(SAR406_clade),Bacteria,5,0.0,0.0,True,134.0,False,False
warning_acid_accumulation,BAC_G::Marinimicrobia_(SAR406_clade),Bacteria,5,,,True,,False,False
warning_ammonia_toxicity,BAC_G::Marinimicrobia_(SAR406_clade),Bacteria,5,0.0,0.0,True,133.5,False,False
warning_biogas_quality,BAC_G::Marinimicrobia_(SAR406_clade),Bacteria,5,0.0,0.0,True,133.0,False,False
warning_acid_base_balance,BAC_G::Mariniphaga,Bacteria,5,0.0,0.0,True,139.5,False,False
warning_buffer_capacity,BAC_G::Mariniphaga,Bacteria,5,0.0,0.0,True,134.0,False,False
warning_acid_accumulation,BAC_G::Mariniphaga,Bacteria,5,,,True,,False,False
warning_ammonia_toxicity,BAC_G::Mariniphaga,Bacteria,5,0.0,0.0,True,133.5,False,False
warning_biogas_quality,BAC_G::Mariniphaga,Bacteria,5,0.0,0.0,True,133.0,False,False
warning_acid_base_balance,BAC_G::Megasphaera,Bacteria,5,0.0,0.0,True,139.5,False,False
warning_buffer_capacity,BAC_G::Megasphaera,Bacteria,5,0.0,0.0,True,134.0,False,False
warning_acid_accumulation,BAC_G::Megasphaera,Bacteria,5,,,True,,False,False
warning_ammonia_toxicity,BAC_G::Megasphaera,Bacteria,5,0.0,0.0,True,133.5,False,False
warning_biogas_quality,BAC_G::Megasphaera,Bacteria,5,0.0,0.0,True,133.0,False,False
warning_acid_base_balance,BAC_G::Mesotoga,Bacteria,5,0.0,0.0,True,139.5,False,False
warning_buffer_capacity,BAC_G::Mesotoga,Bacteria,5,0.0,0.0,True,134.0,False,False
warning_acid_accumulation,BAC_G::Mesotoga,Bacteria,5,,,True,,False,False
warning_ammonia_toxicity,BAC_G::Mesotoga,Bacteria,5,0.0,0.0,True,133.5,False,False
warning_biogas_quality,BAC_G::Mesotoga,Bacteria,5,0.0,0.0,True,133.0,False,False
warning_acid_base_balance,BAC_G::Methylotenera,Bacteria,5,0.0,0.0,True,139.5,False,False
warning_buffer_capacity,BAC_G::Methylotenera,Bacteria,5,0.0,0.0,True,134.0,False,False
warning_acid_accumulation,BAC_G::Methylotenera,Bacteria,5,,,True,,False,False
warning_ammonia_toxicity,BAC_G::Methylotenera,Bacteria,5,0.0,0.0,True,133.5,False,False
warning_biogas_quality,BAC_G::Methylotenera,Bacteria,5,0.0,0.0,True,133.0,False,False
warning_acid_base_balance,BAC_G::MgMjR-022,Bacteria,5,0.0,0.0,True,139.5,False,False
warning_buffer_capacity,BAC_G::MgMjR-022,Bacteria,5,0.0,0.0,True,134.0,False,False
warning_acid_accumulation,BAC_G::MgMjR-022,Bacteria,5,,,True,,False,False
warning_ammonia_toxicity,BAC_G::MgMjR-022,Bacteria,5,0.0,0.0,True,133.5,False,False
warning_biogas_quality,BAC_G::MgMjR-022,Bacteria,5,0.0,0.0,True,133.0,False,False
warning_acid_base_balance,BAC_G::Myroides,Bacteria,5,0.0,0.0,True,139.5,False,False
warning_buffer_capacity,BAC_G::Myroides,Bacteria,5,0.0,0.0,True,134.0,False,False
warning_acid_accumulation,BAC_G::Myroides,Bacteria,5,,,True,,False,False
warning_ammonia_toxicity,BAC_G::Myroides,Bacteria,5,0.0,0.0,True,133.5,False,False
warning_biogas_quality,BAC_G::Myroides,Bacteria,5,0.0,0.0,True,133.0,False,False
warning_acid_base_balance,BAC_G::Nitrosomonas,Bacteria,5,0.0,0.0,True,139.5,False,False
warning_buffer_capacity,BAC_G::Nitrosomonas,Bacteria,5,0.0,0.0,True,134.0,False,False
warning_acid_accumulation,BAC_G::Nitrosomonas,Bacteria,5,,,True,,False,False
warning_ammonia_toxicity,BAC_G::Nitrosomonas,Bacteria,5,0.0,0.0,True,133.5,False,False
warning_biogas_quality,BAC_G::Nitrosomonas,Bacteria,5,0.0,0.0,True,133.0,False,False
warning_acid_base_balance,BAC_G::OLB12,Bacteria,5,0.0,0.0,True,139.5,False,False
warning_buffer_capacity,BAC_G::OLB12,Bacteria,5,0.0,0.0,True,134.0,False,False
warning_acid_accumulation,BAC_G::OLB12,Bacteria,5,,,True,,False,False
warning_ammonia_toxicity,BAC_G::OLB12,Bacteria,5,0.0,0.0,True,133.5,False,False
warning_biogas_quality,BAC_G::OLB12,Bacteria,5,0.0,0.0,True,133.0,False,False
warning_acid_base_balance,BAC_G::OLB8,Bacteria,5,0.0,0.0,True,139.5,False,False
warning_buffer_capacity,BAC_G::OLB8,Bacteria,5,0.0,0.0,True,134.0,False,False
warning_acid_accumulation,BAC_G::OLB8,Bacteria,5,,,True,,False,False
warning_ammonia_toxicity,BAC_G::OLB8,Bacteria,5,0.0,0.0,True,133.5,False,False
warning_biogas_quality,BAC_G::OLB8,Bacteria,5,0.0,0.0,True,133.0,False,False
warning_acid_base_balance,BAC_G::Olsenella,Bacteria,5,0.0,0.0,True,139.5,False,False
warning_buffer_capacity,BAC_G::Olsenella,Bacteria,5,0.0,0.0,True,134.0,False,False
warning_acid_accumulation,BAC_G::Olsenella,Bacteria,5,,,True,,False,False
warning_ammonia_toxicity,BAC_G::Olsenella,Bacteria,5,0.0,0.0,True,133.5,False,False
warning_biogas_quality,BAC_G::Olsenella,Bacteria,5,0.0,0.0,True,133.0,False,False
warning_acid_base_balance,BAC_G::Oscillospira,Bacteria,5,0.0,0.0,True,139.5,False,False
warning_buffer_capacity,BAC_G::Oscillospira,Bacteria,5,0.0,0.0,True,134.0,False,False
warning_acid_accumulation,BAC_G::Oscillospira,Bacteria,5,,,True,,False,False
warning_ammonia_toxicity,BAC_G::Oscillospira,Bacteria,5,0.0,0.0,True,133.5,False,False
warning_biogas_quality,BAC_G::Oscillospira,Bacteria,5,0.0,0.0,True,133.0,False,False
warning_acid_base_balance,BAC_G::PB19,Bacteria,5,0.0,0.0,True,139.5,False,False
warning_buffer_capacity,BAC_G::PB19,Bacteria,5,0.0,0.0,True,134.0,False,False
warning_acid_accumulation,BAC_G::PB19,Bacteria,5,,,True,,False,False
warning_ammonia_toxicity,BAC_G::PB19,Bacteria,5,0.0,0.0,True,133.5,False,False
warning_biogas_quality,BAC_G::PB19,Bacteria,5,0.0,0.0,True,133.0,False,False
warning_acid_base_balance,BAC_G::Paludibacter,Bacteria,5,0.0,0.0,True,139.5,False,False
warning_buffer_capacity,BAC_G::Paludibacter,Bacteria,5,0.0,0.0,True,134.0,False,False
warning_acid_accumulation,BAC_G::Paludibacter,Bacteria,5,,,True,,False,False
warning_ammonia_toxicity,BAC_G::Paludibacter,Bacteria,5,0.0,0.0,True,133.5,False,False
warning_biogas_quality,BAC_G::Paludibacter,Bacteria,5,0.0,0.0,True,133.0,False,False
warning_acid_base_balance,BAC_G::Pantoea,Bacteria,5,0.0,0.0,True,139.5,False,False
warning_buffer_capacity,BAC_G::Pantoea,Bacteria,5,0.0,0.0,True,134.0,False,False
warning_acid_accumulation,BAC_G::Pantoea,Bacteria,5,,,True,,False,False
warning_ammonia_toxicity,BAC_G::Pantoea,Bacteria,5,0.0,0.0,True,133.5,False,False
warning_biogas_quality,BAC_G::Pantoea,Bacteria,5,0.0,0.0,True,133.0,False,False
warning_acid_base_balance,BAC_G::Paracoccus,Bacteria,5,0.0,0.0,False,139.5,False,False
warning_buffer_capacity,BAC_G::Paracoccus,Bacteria,5,0.0,0.0,False,134.0,False,False
warning_acid_accumulation,BAC_G::Paracoccus,Bacteria,5,,,False,,False,False
warning_ammonia_toxicity,BAC_G::Paracoccus,Bacteria,5,0.0,0.0,False,133.5,False,False
warning_biogas_quality,BAC_G::Paracoccus,Bacteria,5,0.0,0.0,False,133.0,False,False
warning_acid_base_balance,BAC_G::Pedosphaeraceae,Bacteria,5,0.0,0.0,True,139.5,False,False
warning_buffer_capacity,BAC_G::Pedosphaeraceae,Bacteria,5,0.0,0.0,True,134.0,False,False
warning_acid_accumulation,BAC_G::Pedosphaeraceae,Bacteria,5,,,True,,False,False
warning_ammonia_toxicity,BAC_G::Pedosphaeraceae,Bacteria,5,0.0,0.0,True,133.5,False,False
warning_biogas_quality,BAC_G::Pedosphaeraceae,Bacteria,5,0.0,0.0,True,133.0,False,False
warning_acid_base_balance,BAC_G::Pelotomaculum,Bacteria,5,0.0,0.0,True,139.5,False,False
warning_buffer_capacity,BAC_G::Pelotomaculum,Bacteria,5,0.0,0.0,True,134.0,False,False
warning_acid_accumulation,BAC_G::Pelotomaculum,Bacteria,5,,,True,,False,False
warning_ammonia_toxicity,BAC_G::Pelotomaculum,Bacteria,5,0.0,0.0,True,133.5,False,False
warning_biogas_quality,BAC_G::Pelotomaculum,Bacteria,5,0.0,0.0,True,133.0,False,False
warning_acid_base_balance,BAC_G::Petrimonas,Bacteria,5,0.0,0.0,True,139.5,False,False
warning_buffer_capacity,BAC_G::Petrimonas,Bacteria,5,0.0,0.0,True,134.0,False,False
warning_acid_accumulation,BAC_G::Petrimonas,Bacteria,5,,,True,,False,False
warning_ammonia_toxicity,BAC_G::Petrimonas,Bacteria,5,0.0,0.0,True,133.5,False,False
warning_biogas_quality,BAC_G::Petrimonas,Bacteria,5,0.0,0.0,True,133.0,False,False
warning_acid_base_balance,BAC_G::Prevotella,Bacteria,5,0.0,0.0,True,139.5,False,False
warning_buffer_capacity,BAC_G::Prevotella,Bacteria,5,0.0,0.0,True,134.0,False,False
warning_acid_accumulation,BAC_G::Prevotella,Bacteria,5,,,True,,False,False
warning_ammonia_toxicity,BAC_G::Prevotella,Bacteria,5,0.0,0.0,True,133.5,False,False
warning_biogas_quality,BAC_G::Prevotella,Bacteria,5,0.0,0.0,True,133.0,False,False
warning_acid_base_balance,BAC_G::Proteiniphilum,Bacteria,5,0.030416666666666665,0.06904255051543515,True,6.0,True,True
warning_buffer_capacity,BAC_G::Proteiniphilum,Bacteria,5,0.0,0.0,True,134.0,False,False
warning_acid_accumulation,BAC_G::Proteiniphilum,Bacteria,5,,,True,,False,False
warning_ammonia_toxicity,BAC_G::Proteiniphilum,Bacteria,5,0.0,0.0,True,133.5,False,False
warning_biogas_quality,BAC_G::Proteiniphilum,Bacteria,5,0.0,0.0,True,133.0,False,False
warning_acid_base_balance,BAC_G::Proteocatella,Bacteria,5,0.0,0.0,True,139.5,False,False
warning_buffer_capacity,BAC_G::Proteocatella,Bacteria,5,0.0,0.0,True,134.0,False,False
warning_acid_accumulation,BAC_G::Proteocatella,Bacteria,5,,,True,,False,False
warning_ammonia_toxicity,BAC_G::Proteocatella,Bacteria,5,0.0,0.0,True,133.5,False,False
warning_biogas_quality,BAC_G::Proteocatella,Bacteria,5,0.0,0.0,True,133.0,False,False
warning_acid_base_balance,BAC_G::Pseudomonas,Bacteria,5,0.0,0.0,True,139.5,False,False
warning_buffer_capacity,BAC_G::Pseudomonas,Bacteria,5,0.0,0.0,True,134.0,False,False
warning_acid_accumulation,BAC_G::Pseudomonas,Bacteria,5,,,True,,False,False
warning_ammonia_toxicity,BAC_G::Pseudomonas,Bacteria,5,0.0,0.0,True,133.5,False,False
warning_biogas_quality,BAC_G::Pseudomonas,Bacteria,5,0.0,0.0,True,133.0,False,False
warning_acid_base_balance,BAC_G::Pseudoramibacter,Bacteria,5,0.0,0.0,True,139.5,False,False
warning_buffer_capacity,BAC_G::Pseudoramibacter,Bacteria,5,0.0,0.0,True,134.0,False,False
warning_acid_accumulation,BAC_G::Pseudoramibacter,Bacteria,5,,,True,,False,False
warning_ammonia_toxicity,BAC_G::Pseudoramibacter,Bacteria,5,0.0,0.0,True,133.5,False,False
warning_biogas_quality,BAC_G::Pseudoramibacter,Bacteria,5,0.0,0.0,True,133.0,False,False
warning_acid_base_balance,BAC_G::RBG-16-49-21,Bacteria,5,0.0,0.0,True,139.5,False,False
warning_buffer_capacity,BAC_G::RBG-16-49-21,Bacteria,5,0.0,0.0,True,134.0,False,False
warning_acid_accumulation,BAC_G::RBG-16-49-21,Bacteria,5,,,True,,False,False
warning_ammonia_toxicity,BAC_G::RBG-16-49-21,Bacteria,5,0.0,0.0,True,133.5,False,False
warning_biogas_quality,BAC_G::RBG-16-49-21,Bacteria,5,0.0,0.0,True,133.0,False,False
warning_acid_base_balance,BAC_G::Raoultibacter,Bacteria,5,0.0,0.0,True,139.5,False,False
warning_buffer_capacity,BAC_G::Raoultibacter,Bacteria,5,0.0,0.0,True,134.0,False,False
warning_acid_accumulation,BAC_G::Raoultibacter,Bacteria,5,,,True,,False,False
warning_ammonia_toxicity,BAC_G::Raoultibacter,Bacteria,5,0.0,0.0,True,133.5,False,False
warning_biogas_quality,BAC_G::Raoultibacter,Bacteria,5,0.0,0.0,True,133.0,False,False
warning_acid_base_balance,BAC_G::Rhodobacter,Bacteria,5,0.0,0.0,True,139.5,False,False
warning_buffer_capacity,BAC_G::Rhodobacter,Bacteria,5,0.0,0.0,True,134.0,False,False
warning_acid_accumulation,BAC_G::Rhodobacter,Bacteria,5,,,True,,False,False
warning_ammonia_toxicity,BAC_G::Rhodobacter,Bacteria,5,0.0,0.0,True,133.5,False,False
warning_biogas_quality,BAC_G::Rhodobacter,Bacteria,5,0.0,0.0,True,133.0,False,False
warning_acid_base_balance,BAC_G::Ruminiclostridium,Bacteria,5,0.0,0.0,True,139.5,False,False
warning_buffer_capacity,BAC_G::Ruminiclostridium,Bacteria,5,0.0,0.0,True,134.0,False,False
warning_acid_accumulation,BAC_G::Ruminiclostridium,Bacteria,5,,,True,,False,False
warning_ammonia_toxicity,BAC_G::Ruminiclostridium,Bacteria,5,0.0,0.0,True,133.5,False,False
warning_biogas_quality,BAC_G::Ruminiclostridium,Bacteria,5,0.0,0.0,True,133.0,False,False
warning_acid_base_balance,BAC_G::Ruminococcus,Bacteria,5,0.0,0.0,True,139.5,False,False
warning_buffer_capacity,BAC_G::Ruminococcus,Bacteria,5,0.0,0.0,True,134.0,False,False
warning_acid_accumulation,BAC_G::Ruminococcus,Bacteria,5,,,True,,False,False
warning_ammonia_toxicity,BAC_G::Ruminococcus,Bacteria,5,0.0,0.0,True,133.5,False,False
warning_biogas_quality,BAC_G::Ruminococcus,Bacteria,5,0.0,0.0,True,133.0,False,False
warning_acid_base_balance,BAC_G::SBR1031,Bacteria,5,0.0,0.0,True,139.5,False,False
warning_buffer_capacity,BAC_G::SBR1031,Bacteria,5,0.0,0.0,True,134.0,False,False
warning_acid_accumulation,BAC_G::SBR1031,Bacteria,5,,,True,,False,False
warning_ammonia_toxicity,BAC_G::SBR1031,Bacteria,5,0.0,0.0,True,133.5,False,False
warning_biogas_quality,BAC_G::SBR1031,Bacteria,5,0.0,0.0,True,133.0,False,False
warning_acid_base_balance,BAC_G::SC-I-84,Bacteria,5,0.0,0.0,True,139.5,False,False
warning_buffer_capacity,BAC_G::SC-I-84,Bacteria,5,0.0,0.0,True,134.0,False,False
warning_acid_accumulation,BAC_G::SC-I-84,Bacteria,5,,,True,,False,False
warning_ammonia_toxicity,BAC_G::SC-I-84,Bacteria,5,0.0,0.0,True,133.5,False,False
warning_biogas_quality,BAC_G::SC-I-84,Bacteria,5,0.0,0.0,True,133.0,False,False
warning_acid_base_balance,BAC_G::SC103,Bacteria,5,0.0,0.0,True,139.5,False,False
warning_buffer_capacity,BAC_G::SC103,Bacteria,5,0.0,0.0,True,134.0,False,False
warning_acid_accumulation,BAC_G::SC103,Bacteria,5,,,True,,False,False
warning_ammonia_toxicity,BAC_G::SC103,Bacteria,5,0.0,0.0,True,133.5,False,False
warning_biogas_quality,BAC_G::SC103,Bacteria,5,0.0,0.0,True,133.0,False,False
warning_acid_base_balance,BAC_G::SJA-15,Bacteria,5,0.0,0.0,True,139.5,False,False
warning_buffer_capacity,BAC_G::SJA-15,Bacteria,5,0.0,0.0,True,134.0,False,False
warning_acid_accumulation,BAC_G::SJA-15,Bacteria,5,,,True,,False,False
warning_ammonia_toxicity,BAC_G::SJA-15,Bacteria,5,0.0,0.0,True,133.5,False,False
warning_biogas_quality,BAC_G::SJA-15,Bacteria,5,0.0,0.0,True,133.0,False,False
warning_acid_base_balance,BAC_G::SJA-28,Bacteria,5,0.0,0.0,True,139.5,False,False
warning_buffer_capacity,BAC_G::SJA-28,Bacteria,5,0.0,0.0,True,134.0,False,False
warning_acid_accumulation,BAC_G::SJA-28,Bacteria,5,,,True,,False,False
warning_ammonia_toxicity,BAC_G::SJA-28,Bacteria,5,0.0,0.0,True,133.5,False,False
warning_biogas_quality,BAC_G::SJA-28,Bacteria,5,0.0,0.0,True,133.0,False,False
warning_acid_base_balance,BAC_G::ST-12K33,Bacteria,5,0.0,0.0,True,139.5,False,False
warning_buffer_capacity,BAC_G::ST-12K33,Bacteria,5,0.0,0.0,True,134.0,False,False
warning_acid_accumulation,BAC_G::ST-12K33,Bacteria,5,,,True,,False,False
warning_ammonia_toxicity,BAC_G::ST-12K33,Bacteria,5,0.0,0.0,True,133.5,False,False
warning_biogas_quality,BAC_G::ST-12K33,Bacteria,5,0.0,0.0,True,133.0,False,False
warning_acid_base_balance,BAC_G::Saccharofermentans,Bacteria,5,0.0,0.0,True,139.5,False,False
warning_buffer_capacity,BAC_G::Saccharofermentans,Bacteria,5,0.0,0.0,True,134.0,False,False
warning_acid_accumulation,BAC_G::Saccharofermentans,Bacteria,5,,,True,,False,False
warning_ammonia_toxicity,BAC_G::Saccharofermentans,Bacteria,5,0.0,0.0,True,133.5,False,False
warning_biogas_quality,BAC_G::Saccharofermentans,Bacteria,5,0.0,0.0,True,133.0,False,False
warning_acid_base_balance,BAC_G::Sedimentibacter,Bacteria,5,0.0,0.0,True,139.5,False,False
warning_buffer_capacity,BAC_G::Sedimentibacter,Bacteria,5,0.0,0.0,True,134.0,False,False
warning_acid_accumulation,BAC_G::Sedimentibacter,Bacteria,5,,,True,,False,False
warning_ammonia_toxicity,BAC_G::Sedimentibacter,Bacteria,5,0.0,0.0,True,133.5,False,False
warning_biogas_quality,BAC_G::Sedimentibacter,Bacteria,5,0.0,0.0,True,133.0,False,False
warning_acid_base_balance,BAC_G::Shuttleworthia,Bacteria,5,0.0,0.0,False,139.5,False,False
warning_buffer_capacity,BAC_G::Shuttleworthia,Bacteria,5,0.0,0.0,False,134.0,False,False
warning_acid_accumulation,BAC_G::Shuttleworthia,Bacteria,5,,,False,,False,False
warning_ammonia_toxicity,BAC_G::Shuttleworthia,Bacteria,5,0.0,0.0,False,133.5,False,False
warning_biogas_quality,BAC_G::Shuttleworthia,Bacteria,5,0.0,0.0,False,133.0,False,False
warning_acid_base_balance,BAC_G::Simplicispira,Bacteria,5,0.0,0.0,True,139.5,False,False
warning_buffer_capacity,BAC_G::Simplicispira,Bacteria,5,0.0,0.0,True,134.0,False,False
warning_acid_accumulation,BAC_G::Simplicispira,Bacteria,5,,,True,,False,False
warning_ammonia_toxicity,BAC_G::Simplicispira,Bacteria,5,0.0,0.0,True,133.5,False,False
warning_biogas_quality,BAC_G::Simplicispira,Bacteria,5,0.0,0.0,True,133.0,False,False
warning_acid_base_balance,BAC_G::Smithella,Bacteria,5,0.0,0.0,True,139.5,False,False
warning_buffer_capacity,BAC_G::Smithella,Bacteria,5,0.0,0.0,True,134.0,False,False
warning_acid_accumulation,BAC_G::Smithella,Bacteria,5,,,True,,False,False
warning_ammonia_toxicity,BAC_G::Smithella,Bacteria,5,0.0,0.0,True,133.5,False,False
warning_biogas_quality,BAC_G::Smithella,Bacteria,5,0.0,0.0,True,133.0,False,False
warning_acid_base_balance,BAC_G::Sphaerochaeta,Bacteria,5,0.0,0.0,True,139.5,False,False
warning_buffer_capacity,BAC_G::Sphaerochaeta,Bacteria,5,0.0,0.0,True,134.0,False,False
warning_acid_accumulation,BAC_G::Sphaerochaeta,Bacteria,5,,,True,,False,False
warning_ammonia_toxicity,BAC_G::Sphaerochaeta,Bacteria,5,0.0,0.0,True,133.5,False,False
warning_biogas_quality,BAC_G::Sphaerochaeta,Bacteria,5,0.0,0.0,True,133.0,False,False
warning_acid_base_balance,BAC_G::Stenotrophomonas,Bacteria,5,0.0,0.0,True,139.5,False,False
warning_buffer_capacity,BAC_G::Stenotrophomonas,Bacteria,5,0.0,0.0,True,134.0,False,False
warning_acid_accumulation,BAC_G::Stenotrophomonas,Bacteria,5,,,True,,False,False
warning_ammonia_toxicity,BAC_G::Stenotrophomonas,Bacteria,5,0.0,0.0,True,133.5,False,False
warning_biogas_quality,BAC_G::Stenotrophomonas,Bacteria,5,0.0,0.0,True,133.0,False,False
warning_acid_base_balance,BAC_G::Sterolibacterium,Bacteria,5,0.0,0.0,True,139.5,False,False
warning_buffer_capacity,BAC_G::Sterolibacterium,Bacteria,5,0.0,0.0,True,134.0,False,False
warning_acid_accumulation,BAC_G::Sterolibacterium,Bacteria,5,,,True,,False,False
warning_ammonia_toxicity,BAC_G::Sterolibacterium,Bacteria,5,0.0,0.0,True,133.5,False,False
warning_biogas_quality,BAC_G::Sterolibacterium,Bacteria,5,0.0,0.0,True,133.0,False,False
warning_acid_base_balance,BAC_G::Streptococcus,Bacteria,5,0.0,0.0,True,139.5,False,False
warning_buffer_capacity,BAC_G::Streptococcus,Bacteria,5,0.0,0.0,True,134.0,False,False
warning_acid_accumulation,BAC_G::Streptococcus,Bacteria,5,,,True,,False,False
warning_ammonia_toxicity,BAC_G::Streptococcus,Bacteria,5,0.0,0.0,True,133.5,False,False
warning_biogas_quality,BAC_G::Streptococcus,Bacteria,5,0.0,0.0,True,133.0,False,False
warning_acid_base_balance,BAC_G::Sutterella,Bacteria,5,0.0,0.0,True,139.5,False,False
warning_buffer_capacity,BAC_G::Sutterella,Bacteria,5,0.0,0.0,True,134.0,False,False
warning_acid_accumulation,BAC_G::Sutterella,Bacteria,5,,,True,,False,False
warning_ammonia_toxicity,BAC_G::Sutterella,Bacteria,5,0.0,0.0,True,133.5,False,False
warning_biogas_quality,BAC_G::Sutterella,Bacteria,5,0.0,0.0,True,133.0,False,False
warning_acid_base_balance,BAC_G::Syner-01,Bacteria,5,0.0,0.0,True,139.5,False,False
warning_buffer_capacity,BAC_G::Syner-01,Bacteria,5,0.0,0.0,True,134.0,False,False
warning_acid_accumulation,BAC_G::Syner-01,Bacteria,5,,,True,,False,False
warning_ammonia_toxicity,BAC_G::Syner-01,Bacteria,5,0.0,0.0,True,133.5,False,False
warning_biogas_quality,BAC_G::Syner-01,Bacteria,5,0.0,0.0,True,133.0,False,False
warning_acid_base_balance,BAC_G::Syntrophaceticus,Bacteria,5,0.0,0.0,True,139.5,False,False
warning_buffer_capacity,BAC_G::Syntrophaceticus,Bacteria,5,0.0,0.0,True,134.0,False,False
warning_acid_accumulation,BAC_G::Syntrophaceticus,Bacteria,5,,,True,,False,False
warning_ammonia_toxicity,BAC_G::Syntrophaceticus,Bacteria,5,0.0,0.0,True,133.5,False,False
warning_biogas_quality,BAC_G::Syntrophaceticus,Bacteria,5,0.0,0.0,True,133.0,False,False
warning_acid_base_balance,BAC_G::Syntrophobacter,Bacteria,5,0.0,0.0,True,139.5,False,False
warning_buffer_capacity,BAC_G::Syntrophobacter,Bacteria,5,0.0,0.0,True,134.0,False,False
warning_acid_accumulation,BAC_G::Syntrophobacter,Bacteria,5,,,True,,False,False
warning_ammonia_toxicity,BAC_G::Syntrophobacter,Bacteria,5,0.0,0.0,True,133.5,False,False
warning_biogas_quality,BAC_G::Syntrophobacter,Bacteria,5,0.0,0.0,True,133.0,False,False
warning_acid_base_balance,BAC_G::Syntrophococcus,Bacteria,5,0.0,0.0,True,139.5,False,False
warning_buffer_capacity,BAC_G::Syntrophococcus,Bacteria,5,0.0,0.0,True,134.0,False,False
warning_acid_accumulation,BAC_G::Syntrophococcus,Bacteria,5,,,True,,False,False
warning_ammonia_toxicity,BAC_G::Syntrophococcus,Bacteria,5,0.0,0.0,True,133.5,False,False
warning_biogas_quality,BAC_G::Syntrophococcus,Bacteria,5,0.0,0.0,True,133.0,False,False
warning_acid_base_balance,BAC_G::Syntrophomonas,Bacteria,5,0.0,0.0,True,139.5,False,False
warning_buffer_capacity,BAC_G::Syntrophomonas,Bacteria,5,-0.0027272727272727284,0.0042742031452875215,True,266.0,False,False
warning_acid_accumulation,BAC_G::Syntrophomonas,Bacteria,5,,,True,,False,False
warning_ammonia_toxicity,BAC_G::Syntrophomonas,Bacteria,5,-0.20367316017316014,0.08475771700830026,True,276.0,False,False
warning_biogas_quality,BAC_G::Syntrophomonas,Bacteria,5,0.0,0.0,True,133.0,False,False
warning_acid_base_balance,BAC_G::Syntrophorhabdus,Bacteria,5,0.0,0.0,True,139.5,False,False
warning_buffer_capacity,BAC_G::Syntrophorhabdus,Bacteria,5,0.0,0.0,True,134.0,False,False
warning_acid_accumulation,BAC_G::Syntrophorhabdus,Bacteria,5,,,True,,False,False
warning_ammonia_toxicity,BAC_G::Syntrophorhabdus,Bacteria,5,0.0,0.0,True,133.5,False,False
warning_biogas_quality,BAC_G::Syntrophorhabdus,Bacteria,5,0.0,0.0,True,133.0,False,False
warning_acid_base_balance,BAC_G::Syntrophus,Bacteria,5,0.0,0.0,True,139.5,False,False
warning_buffer_capacity,BAC_G::Syntrophus,Bacteria,5,0.0,0.0,True,134.0,False,False
warning_acid_accumulation,BAC_G::Syntrophus,Bacteria,5,,,True,,False,False
warning_ammonia_toxicity,BAC_G::Syntrophus,Bacteria,5,0.0,0.0,True,133.5,False,False
warning_biogas_quality,BAC_G::Syntrophus,Bacteria,5,0.0,0.0,True,133.0,False,False
warning_acid_base_balance,BAC_G::TTA-B1,Bacteria,5,0.0,0.0,True,139.5,False,False
warning_buffer_capacity,BAC_G::TTA-B1,Bacteria,5,0.0,0.0,True,134.0,False,False
warning_acid_accumulation,BAC_G::TTA-B1,Bacteria,5,,,True,,False,False
warning_ammonia_toxicity,BAC_G::TTA-B1,Bacteria,5,0.0,0.0,True,133.5,False,False
warning_biogas_quality,BAC_G::TTA-B1,Bacteria,5,0.0,0.0,True,133.0,False,False
warning_acid_base_balance,BAC_G::Tepidimicrobium,Bacteria,5,0.0,0.0,True,139.5,False,False
warning_buffer_capacity,BAC_G::Tepidimicrobium,Bacteria,5,0.0,0.0,True,134.0,False,False
warning_acid_accumulation,BAC_G::Tepidimicrobium,Bacteria,5,,,True,,False,False
warning_ammonia_toxicity,BAC_G::Tepidimicrobium,Bacteria,5,0.0,0.0,True,133.5,False,False
warning_biogas_quality,BAC_G::Tepidimicrobium,Bacteria,5,0.0,0.0,True,133.0,False,False
warning_acid_base_balance,BAC_G::Terrimonas,Bacteria,5,0.0,0.0,True,139.5,False,False
warning_buffer_capacity,BAC_G::Terrimonas,Bacteria,5,0.0,0.0,True,134.0,False,False
warning_acid_accumulation,BAC_G::Terrimonas,Bacteria,5,,,True,,False,False
warning_ammonia_toxicity,BAC_G::Terrimonas,Bacteria,5,0.0,0.0,True,133.5,False,False
warning_biogas_quality,BAC_G::Terrimonas,Bacteria,5,0.0,0.0,True,133.0,False,False
warning_acid_base_balance,BAC_G::Tetrasphaera,Bacteria,5,0.0,0.0,True,139.5,False,False
warning_buffer_capacity,BAC_G::Tetrasphaera,Bacteria,5,0.0,0.0,True,134.0,False,False
warning_acid_accumulation,BAC_G::Tetrasphaera,Bacteria,5,,,True,,False,False
warning_ammonia_toxicity,BAC_G::Tetrasphaera,Bacteria,5,0.0,0.0,True,133.5,False,False
warning_biogas_quality,BAC_G::Tetrasphaera,Bacteria,5,0.0,0.0,True,133.0,False,False
warning_acid_base_balance,BAC_G::Thauera,Bacteria,5,0.0,0.0,True,139.5,False,False
warning_buffer_capacity,BAC_G::Thauera,Bacteria,5,0.0,0.0,True,134.0,False,False
warning_acid_accumulation,BAC_G::Thauera,Bacteria,5,,,True,,False,False
warning_ammonia_toxicity,BAC_G::Thauera,Bacteria,5,0.0,0.0,True,133.5,False,False
warning_biogas_quality,BAC_G::Thauera,Bacteria,5,0.0,0.0,True,133.0,False,False
warning_acid_base_balance,BAC_G::Thermoanaerobaculum,Bacteria,5,0.0,0.0,True,139.5,False,False
warning_buffer_capacity,BAC_G::Thermoanaerobaculum,Bacteria,5,0.0,0.0,True,134.0,False,False
warning_acid_accumulation,BAC_G::Thermoanaerobaculum,Bacteria,5,,,True,,False,False
warning_ammonia_toxicity,BAC_G::Thermoanaerobaculum,Bacteria,5,0.0,0.0,True,133.5,False,False
warning_biogas_quality,BAC_G::Thermoanaerobaculum,Bacteria,5,0.0,0.0,True,133.0,False,False
warning_acid_base_balance,BAC_G::Thermomonas,Bacteria,5,0.0,0.0,True,139.5,False,False
warning_buffer_capacity,BAC_G::Thermomonas,Bacteria,5,0.0,0.0,True,134.0,False,False
warning_acid_accumulation,BAC_G::Thermomonas,Bacteria,5,,,True,,False,False
warning_ammonia_toxicity,BAC_G::Thermomonas,Bacteria,5,0.0,0.0,True,133.5,False,False
warning_biogas_quality,BAC_G::Thermomonas,Bacteria,5,0.0,0.0,True,133.0,False,False
warning_acid_base_balance,BAC_G::Thermovirga,Bacteria,5,0.0,0.0,True,139.5,False,False
warning_buffer_capacity,BAC_G::Thermovirga,Bacteria,5,0.0,0.0,True,134.0,False,False
warning_acid_accumulation,BAC_G::Thermovirga,Bacteria,5,,,True,,False,False
warning_ammonia_toxicity,BAC_G::Thermovirga,Bacteria,5,0.0,0.0,True,133.5,False,False
warning_biogas_quality,BAC_G::Thermovirga,Bacteria,5,0.0,0.0,True,133.0,False,False
warning_acid_base_balance,BAC_G::Thermus,Bacteria,5,0.0,0.0,True,139.5,False,False
warning_buffer_capacity,BAC_G::Thermus,Bacteria,5,0.0,0.0,True,134.0,False,False
warning_acid_accumulation,BAC_G::Thermus,Bacteria,5,,,True,,False,False
warning_ammonia_toxicity,BAC_G::Thermus,Bacteria,5,0.0,0.0,True,133.5,False,False
warning_biogas_quality,BAC_G::Thermus,Bacteria,5,0.0,0.0,True,133.0,False,False
warning_acid_base_balance,BAC_G::Tissierella,Bacteria,5,0.0,0.0,True,139.5,False,False
warning_buffer_capacity,BAC_G::Tissierella,Bacteria,5,0.0,0.0,True,134.0,False,False
warning_acid_accumulation,BAC_G::Tissierella,Bacteria,5,,,True,,False,False
warning_ammonia_toxicity,BAC_G::Tissierella,Bacteria,5,0.0,0.0,True,133.5,False,False
warning_biogas_quality,BAC_G::Tissierella,Bacteria,5,0.0,0.0,True,133.0,False,False
warning_acid_base_balance,BAC_G::Treponema,Bacteria,5,0.0,0.0,True,139.5,False,False
warning_buffer_capacity,BAC_G::Treponema,Bacteria,5,0.0,0.0,True,134.0,False,False
warning_acid_accumulation,BAC_G::Treponema,Bacteria,5,,,True,,False,False
warning_ammonia_toxicity,BAC_G::Treponema,Bacteria,5,0.0,0.0,True,133.5,False,False
warning_biogas_quality,BAC_G::Treponema,Bacteria,5,0.0,0.0,True,133.0,False,False
warning_acid_base_balance,BAC_G::Truepera,Bacteria,5,0.0,0.0,True,139.5,False,False
warning_buffer_capacity,BAC_G::Truepera,Bacteria,5,0.0,0.0,True,134.0,False,False
warning_acid_accumulation,BAC_G::Truepera,Bacteria,5,,,True,,False,False
warning_ammonia_toxicity,BAC_G::Truepera,Bacteria,5,0.0,0.0,True,133.5,False,False
warning_biogas_quality,BAC_G::Truepera,Bacteria,5,0.0,0.0,True,133.0,False,False
warning_acid_base_balance,BAC_G::UCG-010,Bacteria,5,0.0,0.0,True,139.5,False,False
warning_buffer_capacity,BAC_G::UCG-010,Bacteria,5,0.0,0.0,True,134.0,False,False
warning_acid_accumulation,BAC_G::UCG-010,Bacteria,5,,,True,,False,False
warning_ammonia_toxicity,BAC_G::UCG-010,Bacteria,5,0.0,0.0,True,133.5,False,False
warning_biogas_quality,BAC_G::UCG-010,Bacteria,5,0.0,0.0,True,133.0,False,False
warning_acid_base_balance,BAC_G::W27,Bacteria,5,0.0,0.0,True,139.5,False,False
warning_buffer_capacity,BAC_G::W27,Bacteria,5,0.0,0.0,True,134.0,False,False
warning_acid_accumulation,BAC_G::W27,Bacteria,5,,,True,,False,False
warning_ammonia_toxicity,BAC_G::W27,Bacteria,5,0.0,0.0,True,133.5,False,False
warning_biogas_quality,BAC_G::W27,Bacteria,5,0.0,0.0,True,133.0,False,False
warning_acid_base_balance,BAC_G::W5,Bacteria,5,0.0,0.0,True,139.5,False,False
warning_buffer_capacity,BAC_G::W5,Bacteria,5,0.0,0.0,True,134.0,False,False
warning_acid_accumulation,BAC_G::W5,Bacteria,5,,,True,,False,False
warning_ammonia_toxicity,BAC_G::W5,Bacteria,5,0.0,0.0,True,133.5,False,False
warning_biogas_quality,BAC_G::W5,Bacteria,5,0.0,0.0,True,133.0,False,False
warning_acid_base_balance,BAC_G::W5053,Bacteria,5,0.0,0.0,True,139.5,False,False
warning_buffer_capacity,BAC_G::W5053,Bacteria,5,0.0,0.0,True,134.0,False,False
warning_acid_accumulation,BAC_G::W5053,Bacteria,5,,,True,,False,False
warning_ammonia_toxicity,BAC_G::W5053,Bacteria,5,0.0,0.0,True,133.5,False,False
warning_biogas_quality,BAC_G::W5053,Bacteria,5,0.0,0.0,True,133.0,False,False
warning_acid_base_balance,BAC_G::WCHB1-02,Bacteria,5,0.0,0.0,True,139.5,False,False
warning_buffer_capacity,BAC_G::WCHB1-02,Bacteria,5,0.0,0.0,True,134.0,False,False
warning_acid_accumulation,BAC_G::WCHB1-02,Bacteria,5,,,True,,False,False
warning_ammonia_toxicity,BAC_G::WCHB1-02,Bacteria,5,0.0,0.0,True,133.5,False,False
warning_biogas_quality,BAC_G::WCHB1-02,Bacteria,5,0.0,0.0,True,133.0,False,False
warning_acid_base_balance,BAC_G::WCHB1-41,Bacteria,5,0.0,0.0,True,139.5,False,False
warning_buffer_capacity,BAC_G::WCHB1-41,Bacteria,5,0.0,0.0,True,134.0,False,False
warning_acid_accumulation,BAC_G::WCHB1-41,Bacteria,5,,,True,,False,False
warning_ammonia_toxicity,BAC_G::WCHB1-41,Bacteria,5,0.0,0.0,True,133.5,False,False
warning_biogas_quality,BAC_G::WCHB1-41,Bacteria,5,0.0,0.0,True,133.0,False,False
warning_acid_base_balance,BAC_G::WCHB1-81,Bacteria,5,0.0,0.0,False,139.5,False,False
warning_buffer_capacity,BAC_G::WCHB1-81,Bacteria,5,0.0,0.0,False,134.0,False,False
warning_acid_accumulation,BAC_G::WCHB1-81,Bacteria,5,,,False,,False,False
warning_ammonia_toxicity,BAC_G::WCHB1-81,Bacteria,5,0.0,0.0,False,133.5,False,False
warning_biogas_quality,BAC_G::WCHB1-81,Bacteria,5,0.0,0.0,False,133.0,False,False
warning_acid_base_balance,BAC_G::Zoogloea,Bacteria,5,0.0,0.0,True,139.5,False,False
warning_buffer_capacity,BAC_G::Zoogloea,Bacteria,5,0.0,0.0,True,134.0,False,False
warning_acid_accumulation,BAC_G::Zoogloea,Bacteria,5,,,True,,False,False
warning_ammonia_toxicity,BAC_G::Zoogloea,Bacteria,5,0.0,0.0,True,133.5,False,False
warning_biogas_quality,BAC_G::Zoogloea,Bacteria,5,0.0,0.0,True,133.0,False,False
warning_acid_base_balance,BAC_G::p-251-o5,Bacteria,5,0.0,0.0,True,139.5,False,False
warning_buffer_capacity,BAC_G::p-251-o5,Bacteria,5,0.0,0.0,True,134.0,False,False
warning_acid_accumulation,BAC_G::p-251-o5,Bacteria,5,,,True,,False,False
warning_ammonia_toxicity,BAC_G::p-251-o5,Bacteria,5,0.0,0.0,True,133.5,False,False
warning_biogas_quality,BAC_G::p-251-o5,Bacteria,5,0.0,0.0,True,133.0,False,False
warning_acid_base_balance,BAC_G::unidentified,Bacteria,5,0.0,0.0,True,139.5,False,False
warning_buffer_capacity,BAC_G::unidentified,Bacteria,5,-0.005303030303030301,0.015071559368328484,True,268.0,False,False
warning_acid_accumulation,BAC_G::unidentified,Bacteria,5,,,True,,False,False
warning_ammonia_toxicity,BAC_G::unidentified,Bacteria,5,0.0,0.0,True,133.5,False,False
warning_biogas_quality,BAC_G::unidentified,Bacteria,5,-0.001567505720823799,0.003272622821799212,True,270.0,False,False
warning_acid_base_balance,ARC_P::Aenigmarchaeota,Archaea,5,0.0,0.0,True,139.5,False,False
warning_buffer_capacity,ARC_P::Aenigmarchaeota,Archaea,5,0.0,0.0,True,134.0,False,False
warning_acid_accumulation,ARC_P::Aenigmarchaeota,Archaea,5,,,True,,False,False
warning_ammonia_toxicity,ARC_P::Aenigmarchaeota,Archaea,5,0.0,0.0,True,133.5,False,False
warning_biogas_quality,ARC_P::Aenigmarchaeota,Archaea,5,0.0,0.0,True,133.0,False,False
warning_acid_base_balance,ARC_P::Asgardarchaeota,Archaea,5,0.0,0.0,True,139.5,False,False
warning_buffer_capacity,ARC_P::Asgardarchaeota,Archaea,5,0.0,0.0,True,134.0,False,False
warning_acid_accumulation,ARC_P::Asgardarchaeota,Archaea,5,,,True,,False,False
warning_ammonia_toxicity,ARC_P::Asgardarchaeota,Archaea,5,0.0,0.0,True,133.5,False,False
warning_biogas_quality,ARC_P::Asgardarchaeota,Archaea,5,0.0,0.0,True,133.0,False,False
warning_acid_base_balance,ARC_P::Crenarchaeota,Archaea,5,-0.015625,0.027766353644957456,True,275.0,False,False
warning_buffer_capacity,ARC_P::Crenarchaeota,Archaea,5,0.0,0.0,True,134.0,False,False
warning_acid_accumulation,ARC_P::Crenarchaeota,Archaea,5,,,True,,False,False
warning_ammonia_toxicity,ARC_P::Crenarchaeota,Archaea,5,0.0,0.0,True,133.5,False,False
warning_biogas_quality,ARC_P::Crenarchaeota,Archaea,5,0.0,0.0,True,133.0,False,False
warning_acid_base_balance,ARC_P::Cryptomycota,Archaea,5,0.0,0.0,True,139.5,False,False
warning_buffer_capacity,ARC_P::Cryptomycota,Archaea,5,0.0,0.0,True,134.0,False,False
warning_acid_accumulation,ARC_P::Cryptomycota,Archaea,5,,,True,,False,False
warning_ammonia_toxicity,ARC_P::Cryptomycota,Archaea,5,0.0,0.0,True,133.5,False,False
warning_biogas_quality,ARC_P::Cryptomycota,Archaea,5,0.0,0.0,True,133.0,False,False
warning_acid_base_balance,ARC_P::Euryarchaeota,Archaea,5,0.0,0.0,True,139.5,False,False
warning_buffer_capacity,ARC_P::Euryarchaeota,Archaea,5,0.0,0.0,True,134.0,False,False
warning_acid_accumulation,ARC_P::Euryarchaeota,Archaea,5,,,True,,False,False
warning_ammonia_toxicity,ARC_P::Euryarchaeota,Archaea,5,-0.012562770562770567,0.014500111055281255,True,271.0,False,False
warning_biogas_quality,ARC_P::Euryarchaeota,Archaea,5,0.0,0.0,True,133.0,False,False
warning_acid_base_balance,ARC_P::Hadarchaeota,Archaea,5,0.0,0.0,True,139.5,False,False
warning_buffer_capacity,ARC_P::Hadarchaeota,Archaea,5,0.0,0.0,True,134.0,False,False
warning_acid_accumulation,ARC_P::Hadarchaeota,Archaea,5,,,True,,False,False
warning_ammonia_toxicity,ARC_P::Hadarchaeota,Archaea,5,0.0,0.0,True,133.5,False,False
warning_biogas_quality,ARC_P::Hadarchaeota,Archaea,5,0.0,0.0,True,133.0,False,False
warning_acid_base_balance,ARC_P::Halobacterota,Archaea,5,0.0,0.0,True,139.5,False,False
warning_buffer_capacity,ARC_P::Halobacterota,Archaea,5,0.0,0.0,True,134.0,False,False
warning_acid_accumulation,ARC_P::Halobacterota,Archaea,5,,,True,,False,False
warning_ammonia_toxicity,ARC_P::Halobacterota,Archaea,5,-0.016214285714285712,0.014800640422498602,True,272.0,False,False
warning_biogas_quality,ARC_P::Halobacterota,Archaea,5,0.0,0.0,True,133.0,False,False
warning_acid_base_balance,ARC_P::Holozoa,Archaea,5,0.0,0.0,True,139.5,False,False
warning_buffer_capacity,ARC_P::Holozoa,Archaea,5,0.0,0.0,True,134.0,False,False
warning_acid_accumulation,ARC_P::Holozoa,Archaea,5,,,True,,False,False
warning_ammonia_toxicity,ARC_P::Holozoa,Archaea,5,0.0,0.0,True,133.5,False,False
warning_biogas_quality,ARC_P::Holozoa,Archaea,5,0.0,0.0,True,133.0,False,False
warning_acid_base_balance,ARC_P::Iainarchaeota,Archaea,5,0.0,0.0,True,139.5,False,False
warning_buffer_capacity,ARC_P::Iainarchaeota,Archaea,5,0.0,0.0,True,134.0,False,False
warning_acid_accumulation,ARC_P::Iainarchaeota,Archaea,5,,,True,,False,False
warning_ammonia_toxicity,ARC_P::Iainarchaeota,Archaea,5,0.0,0.0,True,133.5,False,False
warning_biogas_quality,ARC_P::Iainarchaeota,Archaea,5,0.0,0.0,True,133.0,False,False
warning_acid_base_balance,ARC_P::Micrarchaeota,Archaea,5,0.0,0.0,True,139.5,False,False
warning_buffer_capacity,ARC_P::Micrarchaeota,Archaea,5,0.0,0.0,True,134.0,False,False
warning_acid_accumulation,ARC_P::Micrarchaeota,Archaea,5,,,True,,False,False
warning_ammonia_toxicity,ARC_P::Micrarchaeota,Archaea,5,0.0,0.0,True,133.5,False,False
warning_biogas_quality,ARC_P::Micrarchaeota,Archaea,5,0.0,0.0,True,133.0,False,False
warning_acid_base_balance,ARC_P::Mollusca,Archaea,5,0.0,0.0,True,139.5,False,False
warning_buffer_capacity,ARC_P::Mollusca,Archaea,5,0.0,0.0,True,134.0,False,False
warning_acid_accumulation,ARC_P::Mollusca,Archaea,5,,,True,,False,False
warning_ammonia_toxicity,ARC_P::Mollusca,Archaea,5,0.0,0.0,True,133.5,False,False
warning_biogas_quality,ARC_P::Mollusca,Archaea,5,0.0,0.0,True,133.0,False,False
warning_acid_base_balance,ARC_P::Nanoarchaeota,Archaea,5,0.11073863636363637,0.10544576124677268,True,2.0,True,True
warning_buffer_capacity,ARC_P::Nanoarchaeota,Archaea,5,0.0,0.0,True,134.0,False,False
warning_acid_accumulation,ARC_P::Nanoarchaeota,Archaea,5,,,True,,False,False
warning_ammonia_toxicity,ARC_P::Nanoarchaeota,Archaea,5,0.0,0.0,True,133.5,False,False
warning_biogas_quality,ARC_P::Nanoarchaeota,Archaea,5,0.0,0.0,True,133.0,False,False
warning_acid_base_balance,ARC_P::Thermoplasmatota,Archaea,5,0.0,0.0,True,139.5,False,False
warning_buffer_capacity,ARC_P::Thermoplasmatota,Archaea,5,-0.040050505050505045,0.07727074665712831,True,275.0,False,False
warning_acid_accumulation,ARC_P::Thermoplasmatota,Archaea,5,,,True,,False,False
warning_ammonia_toxicity,ARC_P::Thermoplasmatota,Archaea,5,0.0,0.0,True,133.5,False,False
warning_biogas_quality,ARC_P::Thermoplasmatota,Archaea,5,0.0,0.0,True,133.0,False,False
warning_acid_base_balance,ARC_P::Vertebrata,Archaea,5,0.0,0.0,True,139.5,False,False
warning_buffer_capacity,ARC_P::Vertebrata,Archaea,5,0.0,0.0,True,134.0,False,False
warning_acid_accumulation,ARC_P::Vertebrata,Archaea,5,,,True,,False,False
warning_ammonia_toxicity,ARC_P::Vertebrata,Archaea,5,0.0,0.0,True,133.5,False,False
warning_biogas_quality,ARC_P::Vertebrata,Archaea,5,0.0,0.0,True,133.0,False,False
warning_acid_base_balance,ARC_P::unidentified,Archaea,5,-0.047946428571428557,0.10660692945351563,True,276.0,False,False
warning_buffer_capacity,ARC_P::unidentified,Archaea,5,0.0,0.0,True,134.0,False,False
warning_acid_accumulation,ARC_P::unidentified,Archaea,5,,,True,,False,False
warning_ammonia_toxicity,ARC_P::unidentified,Archaea,5,0.0,0.0,True,133.5,False,False
warning_biogas_quality,ARC_P::unidentified,Archaea,5,0.0,0.0,True,133.0,False,False
warning_acid_base_balance,ARC_G::Aenigmarchaeales,Archaea,5,0.0,0.0,True,139.5,False,False
warning_buffer_capacity,ARC_G::Aenigmarchaeales,Archaea,5,0.0,0.0,True,134.0,False,False
warning_acid_accumulation,ARC_G::Aenigmarchaeales,Archaea,5,,,True,,False,False
warning_ammonia_toxicity,ARC_G::Aenigmarchaeales,Archaea,5,0.0,0.0,True,133.5,False,False
warning_biogas_quality,ARC_G::Aenigmarchaeales,Archaea,5,0.0,0.0,True,133.0,False,False
warning_acid_base_balance,ARC_G::Bathyarchaeia,Archaea,5,0.0,0.0,True,139.5,False,False
warning_buffer_capacity,ARC_G::Bathyarchaeia,Archaea,5,0.0,0.0,True,134.0,False,False
warning_acid_accumulation,ARC_G::Bathyarchaeia,Archaea,5,,,True,,False,False
warning_ammonia_toxicity,ARC_G::Bathyarchaeia,Archaea,5,0.0,0.0,True,133.5,False,False
warning_biogas_quality,ARC_G::Bathyarchaeia,Archaea,5,0.0,0.0,True,133.0,False,False
warning_acid_base_balance,ARC_G::Candidatus_Iainarchaeum,Archaea,5,0.0,0.0,True,139.5,False,False
warning_buffer_capacity,ARC_G::Candidatus_Iainarchaeum,Archaea,5,0.0,0.0,True,134.0,False,False
warning_acid_accumulation,ARC_G::Candidatus_Iainarchaeum,Archaea,5,,,True,,False,False
warning_ammonia_toxicity,ARC_G::Candidatus_Iainarchaeum,Archaea,5,0.0,0.0,True,133.5,False,False
warning_biogas_quality,ARC_G::Candidatus_Iainarchaeum,Archaea,5,0.0,0.0,True,133.0,False,False
warning_acid_base_balance,ARC_G::Candidatus_Methanofastidiosum,Archaea,5,0.0,0.0,True,139.5,False,False
warning_buffer_capacity,ARC_G::Candidatus_Methanofastidiosum,Archaea,5,0.0,0.0,True,134.0,False,False
warning_acid_accumulation,ARC_G::Candidatus_Methanofastidiosum,Archaea,5,,,True,,False,False
warning_ammonia_toxicity,ARC_G::Candidatus_Methanofastidiosum,Archaea,5,0.0,0.0,True,133.5,False,False
warning_biogas_quality,ARC_G::Candidatus_Methanofastidiosum,Archaea,5,0.0,0.0,True,133.0,False,False
warning_acid_base_balance,ARC_G::Candidatus_Methanogranum,Archaea,5,0.0,0.0,True,139.5,False,False
warning_buffer_capacity,ARC_G::Candidatus_Methanogranum,Archaea,5,0.0,0.0,True,134.0,False,False
warning_acid_accumulation,ARC_G::Candidatus_Methanogranum,Archaea,5,,,True,,False,False
warning_ammonia_toxicity,ARC_G::Candidatus_Methanogranum,Archaea,5,0.0,0.0,True,133.5,False,False
warning_biogas_quality,ARC_G::Candidatus_Methanogranum,Archaea,5,0.0,0.0,True,133.0,False,False
warning_acid_base_balance,ARC_G::Candidatus_Methanomethylicus,Archaea,5,0.0,0.0,True,139.5,False,False
warning_buffer_capacity,ARC_G::Candidatus_Methanomethylicus,Archaea,5,0.0,0.0,True,134.0,False,False
warning_acid_accumulation,ARC_G::Candidatus_Methanomethylicus,Archaea,5,,,True,,False,False
warning_ammonia_toxicity,ARC_G::Candidatus_Methanomethylicus,Archaea,5,0.0,0.0,True,133.5,False,False
warning_biogas_quality,ARC_G::Candidatus_Methanomethylicus,Archaea,5,0.0,0.0,True,133.0,False,False
warning_acid_base_balance,ARC_G::Candidatus_Methanomethylophilus,Archaea,5,0.0,0.0,True,139.5,False,False
warning_buffer_capacity,ARC_G::Candidatus_Methanomethylophilus,Archaea,5,0.0,0.0,True,134.0,False,False
warning_acid_accumulation,ARC_G::Candidatus_Methanomethylophilus,Archaea,5,,,True,,False,False
warning_ammonia_toxicity,ARC_G::Candidatus_Methanomethylophilus,Archaea,5,0.0,0.0,True,133.5,False,False
warning_biogas_quality,ARC_G::Candidatus_Methanomethylophilus,Archaea,5,0.0,0.0,True,133.0,False,False
warning_acid_base_balance,ARC_G::Candidatus_Methanoplasma,Archaea,5,-0.0125,0.02564945880212885,True,273.5,False,False
warning_buffer_capacity,ARC_G::Candidatus_Methanoplasma,Archaea,5,0.0,0.0,True,134.0,False,False
warning_acid_accumulation,ARC_G::Candidatus_Methanoplasma,Archaea,5,,,True,,False,False
warning_ammonia_toxicity,ARC_G::Candidatus_Methanoplasma,Archaea,5,-0.00953679653679652,0.010294795010829411,True,269.0,False,False
warning_biogas_quality,ARC_G::Candidatus_Methanoplasma,Archaea,5,0.0,0.0,True,133.0,False,False
warning_acid_base_balance,ARC_G::Candidatus_Nitrocosmicus,Archaea,5,0.0,0.0,True,139.5,False,False
warning_buffer_capacity,ARC_G::Candidatus_Nitrocosmicus,Archaea,5,0.0,0.0,True,134.0,False,False
warning_acid_accumulation,ARC_G::Candidatus_Nitrocosmicus,Archaea,5,,,True,,False,False
warning_ammonia_toxicity,ARC_G::Candidatus_Nitrocosmicus,Archaea,5,0.0,0.0,True,133.5,False,False
warning_biogas_quality,ARC_G::Candidatus_Nitrocosmicus,Archaea,5,0.0,0.0,True,133.0,False,False
warning_acid_base_balance,ARC_G::Hadarchaeales,Archaea,5,0.0,0.0,True,139.5,False,False
warning_buffer_capacity,ARC_G::Hadarchaeales,Archaea,5,0.0,0.0,True,134.0,False,False
warning_acid_accumulation,ARC_G::Hadarchaeales,Archaea,5,,,True,,False,False
warning_ammonia_toxicity,ARC_G::Hadarchaeales,Archaea,5,0.0,0.0,True,133.5,False,False
warning_biogas_quality,ARC_G::Hadarchaeales,Archaea,5,0.0,0.0,True,133.0,False,False
warning_acid_base_balance,ARC_G::LKM11,Archaea,5,0.0,0.0,True,139.5,False,False
warning_buffer_capacity,ARC_G::LKM11,Archaea,5,0.0,0.0,True,134.0,False,False
warning_acid_accumulation,ARC_G::LKM11,Archaea,5,,,True,,False,False
warning_ammonia_toxicity,ARC_G::LKM11,Archaea,5,0.0,0.0,True,133.5,False,False
warning_biogas_quality,ARC_G::LKM11,Archaea,5,0.0,0.0,True,133.0,False,False
warning_acid_base_balance,ARC_G::Lokiarchaeia,Archaea,5,0.0,0.0,True,139.5,False,False
warning_buffer_capacity,ARC_G::Lokiarchaeia,Archaea,5,0.0,0.0,True,134.0,False,False
warning_acid_accumulation,ARC_G::Lokiarchaeia,Archaea,5,,,True,,False,False
warning_ammonia_toxicity,ARC_G::Lokiarchaeia,Archaea,5,0.0,0.0,True,133.5,False,False
warning_biogas_quality,ARC_G::Lokiarchaeia,Archaea,5,0.0,0.0,True,133.0,False,False
warning_acid_base_balance,ARC_G::Marine_Benthic_Group_D_and_DHVEG-1,Archaea,5,0.0,0.0,True,139.5,False,False
warning_buffer_capacity,ARC_G::Marine_Benthic_Group_D_and_DHVEG-1,Archaea,5,0.0,0.0,True,134.0,False,False
warning_acid_accumulation,ARC_G::Marine_Benthic_Group_D_and_DHVEG-1,Archaea,5,,,True,,False,False
warning_ammonia_toxicity,ARC_G::Marine_Benthic_Group_D_and_DHVEG-1,Archaea,5,0.0,0.0,True,133.5,False,False
warning_biogas_quality,ARC_G::Marine_Benthic_Group_D_and_DHVEG-1,Archaea,5,0.0,0.0,True,133.0,False,False
warning_acid_base_balance,ARC_G::Methanimicrococcus,Archaea,5,0.0,0.0,True,139.5,False,False
warning_buffer_capacity,ARC_G::Methanimicrococcus,Archaea,5,0.0,0.0,True,134.0,False,False
warning_acid_accumulation,ARC_G::Methanimicrococcus,Archaea,5,,,True,,False,False
warning_ammonia_toxicity,ARC_G::Methanimicrococcus,Archaea,5,0.0,0.0,True,133.5,False,False
warning_biogas_quality,ARC_G::Methanimicrococcus,Archaea,5,0.0,0.0,True,133.0,False,False
warning_acid_base_balance,ARC_G::Methanocorpusculum,Archaea,5,0.0,0.0,True,139.5,False,False
warning_buffer_capacity,ARC_G::Methanocorpusculum,Archaea,5,0.0,0.0,True,134.0,False,False
warning_acid_accumulation,ARC_G::Methanocorpusculum,Archaea,5,,,True,,False,False
warning_ammonia_toxicity,ARC_G::Methanocorpusculum,Archaea,5,0.0,0.0,True,133.5,False,False
warning_biogas_quality,ARC_G::Methanocorpusculum,Archaea,5,0.0,0.0,True,133.0,False,False
warning_acid_base_balance,ARC_G::Methanoculleus,Archaea,5,0.0,0.0,True,139.5,False,False
warning_buffer_capacity,ARC_G::Methanoculleus,Archaea,5,0.0,0.0,True,134.0,False,False
warning_acid_accumulation,ARC_G::Methanoculleus,Archaea,5,,,True,,False,False
warning_ammonia_toxicity,ARC_G::Methanoculleus,Archaea,5,0.0,0.0,True,133.5,False,False
warning_biogas_quality,ARC_G::Methanoculleus,Archaea,5,0.0,0.0,True,133.0,False,False
warning_acid_base_balance,ARC_G::Methanofollis,Archaea,5,0.0,0.0,True,139.5,False,False
warning_buffer_capacity,ARC_G::Methanofollis,Archaea,5,0.0,0.0,True,134.0,False,False
warning_acid_accumulation,ARC_G::Methanofollis,Archaea,5,,,True,,False,False
warning_ammonia_toxicity,ARC_G::Methanofollis,Archaea,5,0.0,0.0,True,133.5,False,False
warning_biogas_quality,ARC_G::Methanofollis,Archaea,5,0.0,0.0,True,133.0,False,False
warning_acid_base_balance,ARC_G::Methanogenium,Archaea,5,0.0,0.0,True,139.5,False,False
warning_buffer_capacity,ARC_G::Methanogenium,Archaea,5,0.0,0.0,True,134.0,False,False
warning_acid_accumulation,ARC_G::Methanogenium,Archaea,5,,,True,,False,False
warning_ammonia_toxicity,ARC_G::Methanogenium,Archaea,5,0.0,0.0,True,133.5,False,False
warning_biogas_quality,ARC_G::Methanogenium,Archaea,5,0.0,0.0,True,133.0,False,False
warning_acid_base_balance,ARC_G::Methanolacinia,Archaea,5,0.0,0.0,True,139.5,False,False
warning_buffer_capacity,ARC_G::Methanolacinia,Archaea,5,0.0,0.0,True,134.0,False,False
warning_acid_accumulation,ARC_G::Methanolacinia,Archaea,5,,,True,,False,False
warning_ammonia_toxicity,ARC_G::Methanolacinia,Archaea,5,0.0,0.0,True,133.5,False,False
warning_biogas_quality,ARC_G::Methanolacinia,Archaea,5,0.0,0.0,True,133.0,False,False
warning_acid_base_balance,ARC_G::Methanolinea,Archaea,5,0.0,0.0,True,139.5,False,False
warning_buffer_capacity,ARC_G::Methanolinea,Archaea,5,0.0,0.0,True,134.0,False,False
warning_acid_accumulation,ARC_G::Methanolinea,Archaea,5,,,True,,False,False
warning_ammonia_toxicity,ARC_G::Methanolinea,Archaea,5,0.0,0.0,True,133.5,False,False
warning_biogas_quality,ARC_G::Methanolinea,Archaea,5,0.0,0.0,True,133.0,False,False
warning_acid_base_balance,ARC_G::Methanolobus,Archaea,5,0.0,0.0,True,139.5,False,False
warning_buffer_capacity,ARC_G::Methanolobus,Archaea,5,0.0,0.0,True,134.0,False,False
warning_acid_accumulation,ARC_G::Methanolobus,Archaea,5,,,True,,False,False
warning_ammonia_toxicity,ARC_G::Methanolobus,Archaea,5,0.0,0.0,True,133.5,False,False
warning_biogas_quality,ARC_G::Methanolobus,Archaea,5,0.0,0.0,True,133.0,False,False
warning_acid_base_balance,ARC_G::Methanomassiliicoccus,Archaea,5,0.0,0.0,True,139.5,False,False
warning_buffer_capacity,ARC_G::Methanomassiliicoccus,Archaea,5,0.0,0.0,True,134.0,False,False
warning_acid_accumulation,ARC_G::Methanomassiliicoccus,Archaea,5,,,True,,False,False
warning_ammonia_toxicity,ARC_G::Methanomassiliicoccus,Archaea,5,0.0,0.0,True,133.5,False,False
warning_biogas_quality,ARC_G::Methanomassiliicoccus,Archaea,5,0.0,0.0,True,133.0,False,False
warning_acid_base_balance,ARC_G::Methanomethylovorans,Archaea,5,0.0,0.0,True,139.5,False,False
warning_buffer_capacity,ARC_G::Methanomethylovorans,Archaea,5,0.0,0.0,True,134.0,False,False
warning_acid_accumulation,ARC_G::Methanomethylovorans,Archaea,5,,,True,,False,False
warning_ammonia_toxicity,ARC_G::Methanomethylovorans,Archaea,5,0.0,0.0,True,133.5,False,False
warning_biogas_quality,ARC_G::Methanomethylovorans,Archaea,5,0.0,0.0,True,133.0,False,False
warning_acid_base_balance,ARC_G::Methanoregula,Archaea,5,0.0,0.0,True,139.5,False,False
warning_buffer_capacity,ARC_G::Methanoregula,Archaea,5,0.0,0.0,True,134.0,False,False
warning_acid_accumulation,ARC_G::Methanoregula,Archaea,5,,,True,,False,False
warning_ammonia_toxicity,ARC_G::Methanoregula,Archaea,5,0.0,0.0,True,133.5,False,False
warning_biogas_quality,ARC_G::Methanoregula,Archaea,5,0.0,0.0,True,133.0,False,False
warning_acid_base_balance,ARC_G::Methanosaeta,Archaea,5,0.028619227994228003,0.06700351422279528,True,7.0,True,True
warning_buffer_capacity,ARC_G::Methanosaeta,Archaea,5,-0.0022041847041847007,0.030686616481818956,True,265.0,False,False
warning_acid_accumulation,ARC_G::Methanosaeta,Archaea,5,,,True,,False,False
warning_ammonia_toxicity,ARC_G::Methanosaeta,Archaea,5,0.0,0.0,True,133.5,False,False
warning_biogas_quality,ARC_G::Methanosaeta,Archaea,5,0.0,0.0,True,133.0,False,False
warning_acid_base_balance,ARC_G::Methanosarcina,Archaea,5,0.0,0.0,True,139.5,False,False
warning_buffer_capacity,ARC_G::Methanosarcina,Archaea,5,0.0,0.0,True,134.0,False,False
warning_acid_accumulation,ARC_G::Methanosarcina,Archaea,5,,,True,,False,False
warning_ammonia_toxicity,ARC_G::Methanosarcina,Archaea,5,0.0,0.0,True,133.5,False,False
warning_biogas_quality,ARC_G::Methanosarcina,Archaea,5,-9.881422924901198e-05,0.0004419106674900776,True,266.0,False,False
warning_acid_base_balance,ARC_G::Methanosphaerula,Archaea,5,0.0,0.0,True,139.5,False,False
warning_buffer_capacity,ARC_G::Methanosphaerula,Archaea,5,0.0,0.0,True,134.0,False,False
warning_acid_accumulation,ARC_G::Methanosphaerula,Archaea,5,,,True,,False,False
warning_ammonia_toxicity,ARC_G::Methanosphaerula,Archaea,5,0.0,0.0,True,133.5,False,False
warning_biogas_quality,ARC_G::Methanosphaerula,Archaea,5,0.0,0.0,True,133.0,False,False
warning_acid_base_balance,ARC_G::Methanospirillum,Archaea,5,0.0,0.0,True,139.5,False,False
warning_buffer_capacity,ARC_G::Methanospirillum,Archaea,5,-0.01803030303030303,0.052985627114175225,True,271.0,False,False
warning_acid_accumulation,ARC_G::Methanospirillum,Archaea,5,,,True,,False,False
warning_ammonia_toxicity,ARC_G::Methanospirillum,Archaea,5,0.0,0.0,True,133.5,False,False
warning_biogas_quality,ARC_G::Methanospirillum,Archaea,5,-0.0013043478260869573,0.002676465266309099,True,269.0,False,False
warning_acid_base_balance,ARC_G::Micrarchaeales,Archaea,5,0.0,0.0,True,139.5,False,False
warning_buffer_capacity,ARC_G::Micrarchaeales,Archaea,5,0.0,0.0,True,134.0,False,False
warning_acid_accumulation,ARC_G::Micrarchaeales,Archaea,5,,,True,,False,False
warning_ammonia_toxicity,ARC_G::Micrarchaeales,Archaea,5,0.0,0.0,True,133.5,False,False
warning_biogas_quality,ARC_G::Micrarchaeales,Archaea,5,0.0,0.0,True,133.0,False,False
warning_acid_base_balance,ARC_G::Nitrososphaeraceae,Archaea,5,0.0,0.0,True,139.5,False,False
warning_buffer_capacity,ARC_G::Nitrososphaeraceae,Archaea,5,0.0,0.0,True,134.0,False,False
warning_acid_accumulation,ARC_G::Nitrososphaeraceae,Archaea,5,,,True,,False,False
warning_ammonia_toxicity,ARC_G::Nitrososphaeraceae,Archaea,5,0.0,0.0,True,133.5,False,False
warning_biogas_quality,ARC_G::Nitrososphaeraceae,Archaea,5,0.0,0.0,True,133.0,False,False
warning_acid_base_balance,ARC_G::Rhinosporideacae,Archaea,5,0.0,0.0,True,139.5,False,False
warning_buffer_capacity,ARC_G::Rhinosporideacae,Archaea,5,0.0,0.0,True,134.0,False,False
warning_acid_accumulation,ARC_G::Rhinosporideacae,Archaea,5,,,True,,False,False
warning_ammonia_toxicity,ARC_G::Rhinosporideacae,Archaea,5,0.0,0.0,True,133.5,False,False
warning_biogas_quality,ARC_G::Rhinosporideacae,Archaea,5,0.0,0.0,True,133.0,False,False
warning_acid_base_balance,ARC_G::RumEn_M2,Archaea,5,0.0,0.0,True,139.5,False,False
warning_buffer_capacity,ARC_G::RumEn_M2,Archaea,5,0.0,0.0,True,134.0,False,False
warning_acid_accumulation,ARC_G::RumEn_M2,Archaea,5,,,True,,False,False
warning_ammonia_toxicity,ARC_G::RumEn_M2,Archaea,5,0.0,0.0,True,133.5,False,False
warning_biogas_quality,ARC_G::RumEn_M2,Archaea,5,-0.013109903381642512,0.02731109186449214,True,275.0,False,False
warning_acid_base_balance,ARC_G::SCGC_AAA011-D5,Archaea,5,0.0,0.0,True,139.5,False,False
warning_buffer_capacity,ARC_G::SCGC_AAA011-D5,Archaea,5,0.0,0.0,True,134.0,False,False
warning_acid_accumulation,ARC_G::SCGC_AAA011-D5,Archaea,5,,,True,,False,False
warning_ammonia_toxicity,ARC_G::SCGC_AAA011-D5,Archaea,5,0.0,0.0,True,133.5,False,False
warning_biogas_quality,ARC_G::SCGC_AAA011-D5,Archaea,5,0.0,0.0,True,133.0,False,False
warning_acid_base_balance,ARC_G::Teleostei,Archaea,5,0.0,0.0,True,139.5,False,False
warning_buffer_capacity,ARC_G::Teleostei,Archaea,5,0.0,0.0,True,134.0,False,False
warning_acid_accumulation,ARC_G::Teleostei,Archaea,5,,,True,,False,False
warning_ammonia_toxicity,ARC_G::Teleostei,Archaea,5,0.0,0.0,True,133.5,False,False
warning_biogas_quality,ARC_G::Teleostei,Archaea,5,0.0,0.0,True,133.0,False,False
warning_acid_base_balance,ARC_G::Veneroida,Archaea,5,0.0,0.0,True,139.5,False,False
warning_buffer_capacity,ARC_G::Veneroida,Archaea,5,0.0,0.0,True,134.0,False,False
warning_acid_accumulation,ARC_G::Veneroida,Archaea,5,,,True,,False,False
warning_ammonia_toxicity,ARC_G::Veneroida,Archaea,5,0.0,0.0,True,133.5,False,False
warning_biogas_quality,ARC_G::Veneroida,Archaea,5,0.0,0.0,True,133.0,False,False
warning_acid_base_balance,ARC_G::Woesearchaeales,Archaea,5,0.0,0.0,True,139.5,False,False
warning_buffer_capacity,ARC_G::Woesearchaeales,Archaea,5,0.0,0.0,True,134.0,False,False
warning_acid_accumulation,ARC_G::Woesearchaeales,Archaea,5,,,True,,False,False
warning_ammonia_toxicity,ARC_G::Woesearchaeales,Archaea,5,0.0,0.0,True,133.5,False,False
warning_biogas_quality,ARC_G::Woesearchaeales,Archaea,5,0.0,0.0,True,133.0,False,False
warning_acid_base_balance,ARC_G::unidentified,Archaea,5,0.0,0.0,True,139.5,False,False
warning_buffer_capacity,ARC_G::unidentified,Archaea,5,-0.02441378066378066,0.036275551335070655,True,272.0,False,False
warning_acid_accumulation,ARC_G::unidentified,Archaea,5,,,True,,False,False
warning_ammonia_toxicity,ARC_G::unidentified,Archaea,5,0.0,0.0,True,133.5,False,False
warning_biogas_quality,ARC_G::unidentified,Archaea,5,0.0,0.0,True,133.0,False,False
