Feature ID	Taxon	Confidence
#q2:types	categorical	categorical
a875c453fc275b8f21ef13228c53d599	d__Archaea; p__Halobacterota; c__Methanosarcinia; o__Methanosarciniales; f__Methanosaetaceae; g__Methanosaeta	0.9984033873889767
abb98aa85e9528ef54e3078ff40ac726	d__Archaea; p__Euryarchaeota; c__Thermococci; o__Methanofastidiosales; f__Methanofastidiosaceae; g__Candidatus_Methanofastidiosum; s__uncultured_archaeon	0.7574938372089264
87078040a976e7ceb82734c0713fd4e2	d__Archaea; p__Halobacterota; c__Methanomicrobia; o__Methanomicrobiales; f__Methanospirillaceae; g__Methanospirillum	0.9999781636447571
a6cdde7256831dcfab80f676aa3f4af1	d__Archaea; p__Halobacterota; c__Methanosarcinia; o__Methanosarciniales; f__Methanosaetaceae; g__Methanosaeta; s__uncultured_Methanosarcina	0.8871712506823828
8995879a30350364c8d6147a828733ee	d__Archaea; p__Halobacterota; c__Methanomicrobia; o__Methanomicrobiales; f__Methanomicrobiaceae; g__Methanoculleus; s__Methanoculleus_bourgensis	0.7334438471457754
42a47c900cdc49f94a53eed8c41f0e26	d__Archaea; p__Halobacterota; c__Methanomicrobia; o__Methanomicrobiales; f__Methanoregulaceae; g__Methanolinea; s__uncultured_archaeon	0.8661531141634148
c83d66ff9b2828b3f564019f4b9c54a4	d__Archaea; p__Halobacterota; c__Methanomicrobia; o__Methanomicrobiales; f__Methanoregulaceae; g__Methanolinea	0.9966356425633184
50a53e82bd7a1073e097d99b1c09ea4d	d__Archaea; p__Halobacterota; c__Methanomicrobia; o__Methanomicrobiales; f__Methanomicrobiaceae; g__Methanoculleus	0.997257576368645
7029dd7b1fe970d81fbff18315097ae2	d__Archaea; p__Halobacterota; c__Methanomicrobia; o__Methanomicrobiales; f__Methanoregulaceae; g__Methanolinea; s__uncultured_Methanomicrobiales	0.860467125738996
02bc9f1c8263ce565cfa8174b56af2de	d__Archaea; p__Halobacterota; c__Methanosarcinia; o__Methanosarciniales; f__Methanosaetaceae; g__Methanosaeta	0.9999999704232646
5a72697a45f01e085759fa49e855d45e	d__Archaea; p__Halobacterota; c__Methanomicrobia; o__Methanomicrobiales; f__Methanomicrobiaceae; g__Methanoculleus	0.9994983385098677
327914bbcbfe425fb2d5caaf9d8688a1	d__Archaea; p__Halobacterota; c__Methanomicrobia; o__Methanomicrobiales; f__Methanospirillaceae; g__Methanospirillum	0.9999976356178091
a2ff073fb23039e822fba8a653a34527	d__Archaea; p__Halobacterota; c__Methanosarcinia; o__Methanosarciniales; f__Methanosaetaceae; g__Methanosaeta	0.9995271231823561
29605d99f5fbd1bb2e4a490a00b4d349	d__Archaea; p__Halobacterota; c__Methanosarcinia; o__Methanosarciniales; f__Methanosarcinaceae; g__Methanosarcina	0.9999999649792116
9a4d00f3f8a14dc8f2ff7fabf04f6ebb	d__Archaea; p__Halobacterota; c__Methanosarcinia; o__Methanosarciniales; f__Methanosarcinaceae; g__Methanosarcina	0.9999999400800176
12041ed58f0b14a5efb2687b72fc5883	d__Archaea; p__Halobacterota; c__Methanomicrobia; o__Methanomicrobiales; f__Methanospirillaceae; g__Methanospirillum	0.9999990710886375
b980bbc29499a5ae07b6c0afaccc728a	d__Archaea; p__Halobacterota; c__Methanomicrobia; o__Methanomicrobiales; f__Methanoregulaceae; g__Methanolinea; s__uncultured_archaeon	0.7276572806039548
3b768ad6b26d688837b3511e5d2316d2	d__Archaea; p__Thermoplasmatota; c__Thermoplasmata; o__Methanomassiliicoccales; f__Methanomassiliicoccaceae; g__Methanomassiliicoccus; s__uncultured_archaeon	0.9599278777225073
85451496f4d241ad5df270200f1f0c8f	d__Archaea; p__Euryarchaeota; c__Methanobacteria; o__Methanobacteriales; f__Methanobacteriaceae; g__Methanobrevibacter; s__Methanobrevibacter_boviskoreani	0.9285178514064221
783749c187ad3cb6e60ccecdd73fd8ef	Unassigned	0.3926098385316513
5e62768fada882fd1b4d391c95197e2c	d__Archaea; p__Euryarchaeota; c__Methanobacteria; o__Methanobacteriales; f__Methanobacteriaceae; g__Methanobacterium	0.9999947368804384
fe290f48286b86b1ae833009c9bf64a2	d__Archaea; p__Halobacterota; c__Methanomicrobia; o__Methanomicrobiales; f__Methanospirillaceae; g__Methanospirillum	0.9999980451550609
f6d82c61c1e29f691666a80b5b711211	d__Archaea; p__Halobacterota; c__Methanosarcinia; o__Methanosarciniales; f__Methanosaetaceae; g__Methanosaeta	0.9999999565013208
1050f5391c721945e2d13b52590863c8	d__Archaea; p__Euryarchaeota; c__Thermococci; o__Methanofastidiosales; f__Methanofastidiosaceae; g__Candidatus_Methanofastidiosum; s__uncultured_bacterium	0.7189899160536501
cddcd864ca7fa0bf18abd16375b4978a	d__Archaea; p__Euryarchaeota; c__Methanobacteria; o__Methanobacteriales; f__Methanobacteriaceae; g__Methanobacterium	0.9999576509781348
023699ea1718b4d160d27803ec78b3b8	d__Archaea; p__Halobacterota; c__Methanomicrobia; o__Methanomicrobiales; f__Methanoregulaceae; g__Methanolinea; s__uncultured_archaeon	0.7448457363108111
afa18ee5613defe7f71d194d185f12b0	d__Archaea; p__Halobacterota; c__Methanosarcinia; o__Methanosarciniales; f__Methanosaetaceae; g__Methanosaeta; s__Methanothrix_thermoacetophila	0.9782119224456732
c0ae40a2b35c2deb05c5fdafc48da2df	d__Archaea; p__Halobacterota; c__Methanosarcinia; o__Methanosarciniales; f__Methanosaetaceae; g__Methanosaeta	0.9989132419379991
eb0898e38a817c5648a19a5e3db2c1be	Unassigned	0.387439771123944
564114af4dbd7b1bc2e3eeb3e216b653	d__Archaea; p__Euryarchaeota; c__Methanobacteria; o__Methanobacteriales; f__Methanobacteriaceae; g__Methanobacterium	0.9999754547806685
e0c76bd6e65b79536018a52a5666a71f	d__Bacteria; p__Bacteroidota; c__Bacteroidia; o__Sphingobacteriales; f__ST-12K33; g__ST-12K33; s__metagenome	0.9912883475349598
c17275cccc27dc9a4ab351a310c063c8	d__Eukaryota	0.7000027196955562
48ab8a982c854897d8bb269e0e9c8f71	d__Archaea; p__Euryarchaeota; c__Thermococci; o__Methanofastidiosales; f__Methanofastidiosaceae; g__Candidatus_Methanofastidiosum	0.9999999201849281
6d3c2957b0dcd14a12b651151369ee48	d__Bacteria; p__Acidobacteriota; c__Aminicenantia; o__Aminicenantales; f__Aminicenantales; g__Aminicenantales; s__uncultured_bacterium	0.8741834728158614
7d08e012440864f4bdcbe45b245d6018	d__Archaea; p__Halobacterota; c__Methanomicrobia; o__Methanomicrobiales; f__Methanomicrobiaceae; g__Methanoculleus	0.9597680605664466
a4b21ca3dc01eada0962e57c2fded727	d__Archaea; p__Thermoplasmatota; c__Thermoplasmata; o__Methanomassiliicoccales; f__Methanomethylophilaceae; g__Candidatus_Methanoplasma	0.9999917406740394
d924cc93c889c58b739de4cb55adc5fe	d__Archaea; p__Euryarchaeota; c__Thermococci; o__Methanofastidiosales; f__Methanofastidiosaceae; g__Candidatus_Methanofastidiosum	0.99999992714547
c4a2579e95fee657cb355e865aa027af	Unassigned	0.3657068913901921
aa2edf44a5b107222a97023841eea577	d__Archaea; p__Halobacterota; c__Methanomicrobia; o__Methanomicrobiales; f__Methanospirillaceae; g__Methanospirillum	0.9999952003283654
17f5ad00f1550adc7f09ec9878c74854	d__Archaea; p__Halobacterota; c__Methanosarcinia; o__Methanosarciniales; f__Methanosaetaceae; g__Methanosaeta	0.9965955791912487
88fa6e2c26361b8b7ca8a72ae1ed781f	Unassigned	0.3857317955813233
f24c1fc7b70097c082794ae96212635e	d__Archaea; p__Euryarchaeota; c__Methanobacteria; o__Methanobacteriales; f__Methanobacteriaceae; g__Methanobacterium	0.9999404808012149
58de505db56b2250b12c7cd7ec5bfa50	Unassigned	0.4361982768912248
632f8d81d529f701f53503c07bcedfea	d__Archaea; p__Nanoarchaeota; c__Nanoarchaeia; o__Woesearchaeales; f__Woesearchaeales; g__Woesearchaeales; s__uncultured_archaeon	0.9995744738340555
6d34ed1cd41fa02613b0316716db2dfd	d__Archaea; p__Halobacterota; c__Methanomicrobia; o__Methanomicrobiales; f__Methanospirillaceae; g__Methanospirillum	0.9999966818374009
7f90457e0b5af1edd82418cb3c9089b4	d__Archaea; p__Thermoplasmatota; c__Thermoplasmata; o__Methanomassiliicoccales; f__Methanomassiliicoccaceae; g__Methanomassiliicoccus	0.9995209224408826
d7c555c6a185de9a0a44e98fb0be730d	d__Archaea; p__Thermoplasmatota; c__Thermoplasmata; o__Methanomassiliicoccales; f__Methanomassiliicoccaceae; g__uncultured; s__uncultured_archaeon	0.8019350126974663
5cb290154506065751d3f3dcb3bd6e49	d__Archaea; p__Halobacterota; c__Methanosarcinia; o__Methanosarciniales; f__Methanosaetaceae; g__Methanosaeta	0.9952144569054697
cda2acfde56ece9e5c411a7ef80391d6	d__Archaea; p__Euryarchaeota; c__Methanobacteria; o__Methanobacteriales; f__Methanobacteriaceae; g__Methanobacterium	0.9999369788804633
bc22acbc6a8407cc340e8bb6c6842074	d__Archaea; p__Halobacterota; c__Methanomicrobia; o__Methanomicrobiales; f__Methanoregulaceae; g__Methanoregula	0.9999916126873882
5b100fa0f8a80a2787b1ce75da347c96	d__Archaea; p__Halobacterota; c__Methanomicrobia; o__Methanomicrobiales; f__Methanoregulaceae; g__Methanosphaerula; s__Methanosphaerula_palustris	0.94222875237211
4194fdb699f4d5c9620e1e7cfb8b009b	d__Eukaryota	0.7059403653436394
f2897b1c8661013a5dcd4a16dfa0bd91	d__Archaea; p__Euryarchaeota; c__Methanobacteria; o__Methanobacteriales; f__Methanobacteriaceae; g__Methanobrevibacter; s__uncultured_bacterium	0.9227669848267934
ff2ddcb0273425f900af1f8d1b4d90a8	d__Archaea; p__Halobacterota; c__Methanomicrobia; o__Methanomicrobiales; f__Methanomicrobiaceae; g__Methanoculleus	0.9993578258930119
4d2c0e55e036e2e452151b14bfca3110	d__Archaea; p__Halobacterota; c__Methanosarcinia; o__Methanosarciniales; f__Methanosarcinaceae; g__Methanimicrococcus; s__uncultured_Methanimicrococcus	0.9993794105844684
edb5b60a642b3fd4a865e85cf8f6ef5f	d__Archaea; p__Euryarchaeota; c__Methanobacteria; o__Methanobacteriales; f__Methanobacteriaceae; g__Methanobrevibacter	0.9999498190932898
19d2984a92774f1291ebc1812f80368c	Unassigned	0.35348499150217927
d86b959bbfa24418060a39909a555364	d__Archaea; p__Halobacterota; c__Methanomicrobia; o__Methanomicrobiales; f__Methanomicrobiaceae; g__Methanoculleus	0.9998462009378677
cc5fece67be5e3c11717192e70c80cda	d__Archaea; p__Halobacterota; c__Methanomicrobia; o__Methanomicrobiales; f__Methanomicrobiaceae; g__Methanoculleus	0.9999883115960592
7fb850c5cd377da752f7b081daed5032	d__Archaea; p__Crenarchaeota; c__Bathyarchaeia; o__Bathyarchaeia; f__Bathyarchaeia; g__Bathyarchaeia	0.9999999999967077
457c4253db2b49c51b3eee5a91a8c3e2	d__Archaea; p__Halobacterota; c__Methanomicrobia; o__Methanomicrobiales; f__Methanospirillaceae; g__Methanospirillum	0.9999674277741227
0adb792ba47b749de60fcf36be50bbd0	d__Archaea; p__Halobacterota; c__Methanosarcinia; o__Methanosarciniales; f__Methanosarcinaceae; g__Methanosarcina	0.9999998783097296
1a8e3305231911ff8307602f1d620be0	d__Archaea; p__Halobacterota; c__Methanomicrobia; o__Methanomicrobiales; f__Methanospirillaceae; g__Methanospirillum	0.9999996416411235
c88cab4ae5b64188978fa19449a6bd03	d__Bacteria; p__Bacteroidota; c__Bacteroidia; o__Bacteroidales; f__Rikenellaceae	0.8875980408181834
314b1f98dcfc0e5d25ba5e55d8b6ee76	d__Archaea; p__Halobacterota; c__Methanosarcinia; o__Methanosarciniales; f__Methanosaetaceae; g__Methanosaeta; s__uncultured_Methanosarcina	0.9533374183851454
f96d60fc409a6ea2fa0d7f4982a9074a	d__Archaea; p__Halobacterota; c__Methanosarcinia; o__Methanosarciniales; f__Methanosaetaceae; g__Methanosaeta	0.9945279455140705
ebb611e11f12869b1c6a129b7874f35c	d__Archaea; p__Halobacterota; c__Methanomicrobia; o__Methanomicrobiales; f__Methanomicrobiaceae; g__Methanoculleus; s__uncultured_bacterium	0.7949597996925396
925f2beecb4475f754479219e21c2da2	d__Archaea; p__Halobacterota; c__Methanomicrobia; o__Methanomicrobiales; f__Methanoregulaceae; g__Methanolinea; s__uncultured_archaeon	0.8770666016378621
e5f52b2c18e6f178fcc24bed0ff62f5b	d__Archaea; p__Halobacterota; c__Methanomicrobia; o__Methanomicrobiales; f__Methanomicrobiales; g__uncultured	0.9687282624081734
536b32d2e195a0831c80609b1eb3f805	d__Archaea; p__Euryarchaeota; c__Thermococci; o__Methanofastidiosales; f__Methanofastidiosaceae; g__Candidatus_Methanofastidiosum	0.9999987390958437
12d8e55d905101d6ef9173755aea11c8	d__Archaea; p__Thermoplasmatota; c__Thermoplasmata; o__Methanomassiliicoccales; f__Methanomassiliicoccaceae; g__Methanomassiliicoccus	0.9992995867624823
6a00550a934a2665f470eeec33616366	d__Archaea; p__Crenarchaeota; c__Methanomethylicia; o__Methanomethyliales; f__Methanomethyliaceae; g__Candidatus_Methanomethylicus; s__archaeon_V2	0.9452480355480976
d34670d160ae3a99bbe0ea1f1a565fc7	d__Bacteria; p__Bacteroidota; c__Bacteroidia; o__Bacteroidales; f__Rikenellaceae; g__Bact-08	0.7331752918266109
735ce185b9ccafe3a6325e041809c01f	d__Archaea; p__Nanoarchaeota; c__Nanoarchaeia; o__Woesearchaeales; f__Woesearchaeales; g__Woesearchaeales; s__uncultured_archaeon	0.999056809341227
ca8d0a8123dfcdaed30eb0c534b00db9	d__Archaea; p__Halobacterota; c__Methanosarcinia; o__Methanosarciniales; f__Methanosarcinaceae; g__Methanomethylovorans	0.9962105251617345
fc0651422f017372960928f220b834d7	d__Archaea; p__Nanoarchaeota; c__Nanoarchaeia; o__Woesearchaeales; f__SCGC_AAA011-D5; g__SCGC_AAA011-D5	0.9996282365016782
7f9baea74fd8c885613b0289b667b7ef	d__Archaea; p__Halobacterota; c__Methanomicrobia; o__Methanomicrobiales; f__Methanomicrobiales; g__uncultured	0.9864950258349575
5f82594b470d8305c49e494a0b1f8e2d	d__Archaea; p__Halobacterota; c__Methanomicrobia; o__Methanomicrobiales; f__Methanoregulaceae; g__Methanolinea; s__uncultured_archaeon	0.7623585086931265
02fa96f8e560df1558be520ea8974c36	d__Archaea; p__Halobacterota; c__Methanosarcinia; o__Methanosarciniales; f__Methanosaetaceae; g__Methanosaeta; s__uncultured_Methanosarcina	0.9589076368482563
f186861cde475b7d61373839592619fc	d__Archaea; p__Halobacterota; c__Methanomicrobia; o__Methanomicrobiales; f__Methanospirillaceae; g__Methanospirillum	0.9999379836876673
53fb5637077f077d4847c89d0149e10e	d__Archaea; p__Halobacterota; c__Methanomicrobia; o__Methanomicrobiales; f__Methanoregulaceae; g__Methanoregula	0.999723507359019
8d9164aa824c7000b2bf5c878f381e3b	d__Archaea; p__Euryarchaeota; c__Methanobacteria; o__Methanobacteriales; f__Methanobacteriaceae; g__Methanobacterium	0.9997260652048446
c7296ef1f151ce35671f25582df609dc	d__Archaea; p__Thermoplasmatota; c__Thermoplasmata; o__Methanomassiliicoccales; f__Methanomassiliicoccaceae; g__uncultured	0.9999987849155119
140c927902873dba1da638df2e885b12	d__Archaea; p__Euryarchaeota; c__Methanobacteria; o__Methanobacteriales; f__Methanobacteriaceae; g__Methanosphaera	0.8094317567107595
10a3f0c3d01c25568231cc8e34ac71e9	d__Archaea; p__Halobacterota; c__Methanomicrobia; o__Methanomicrobiales; f__Methanomicrobiaceae; g__Methanoculleus; s__Methanoculleus_bourgensis	0.7375259505161452
52e86b2d78a48335b0ca8ebd5a0a8e33	d__Archaea; p__Halobacterota; c__Methanosarcinia; o__Methanosarciniales; f__Methanosaetaceae; g__Methanosaeta	0.994927533567401
08c67db8aed332d9247f4909bb2a4bd8	d__Archaea; p__Euryarchaeota; c__Methanobacteria; o__Methanobacteriales; f__Methanobacteriaceae; g__Methanosphaera	0.7325033773818241
9b62d6c84b96aa64eaeff3b764d77da1	d__Archaea; p__Thermoplasmatota; c__Thermoplasmata; o__Methanomassiliicoccales; f__Methanomethylophilaceae; g__RumEn_M2; s__uncultured_archaeon	0.9991248379610181
69cec102271250d61d067012f552e4d9	d__Archaea; p__Thermoplasmatota; c__Thermoplasmata; o__Methanomassiliicoccales; f__Methanomethylophilaceae; g__RumEn_M2; s__archaeon_PY-9	0.9888083397314538
86381154c3ca01978c55cfbad208fa4c	d__Bacteria; p__Bacteroidota; c__Bacteroidia	0.9999430320325978
52856184ae551af1f787a0e2cabeb489	d__Archaea; p__Halobacterota; c__Methanosarcinia; o__Methanosarciniales; f__Methanosarcinaceae; g__Methanomethylovorans	0.9981635021007806
94dd0e8babaa6ccb7b9e12f497ea4773	d__Archaea; p__Halobacterota; c__Methanosarcinia; o__Methanosarciniales; f__Methanosarcinaceae; g__Methanosarcina	0.999999995124886
1a433b76c67f913b4f7cc8407901424b	d__Archaea; p__Thermoplasmatota; c__Thermoplasmata; o__Methanomassiliicoccales; f__Methanomethylophilaceae; g__Candidatus_Methanoplasma; s__uncultured_archaeon	0.9998005965672898
e1091d46caa149938c27c77d49258ad7	d__Archaea; p__Halobacterota; c__Methanomicrobia; o__Methanomicrobiales; f__Methanospirillaceae; g__Methanospirillum	0.999976626557978
2c832a5a5e6fa865e7cb5e879c64253d	d__Archaea; p__Halobacterota; c__Methanomicrobia; o__Methanomicrobiales; f__Methanoregulaceae; g__Methanolinea; s__uncultured_archaeon	0.753427466177116
4640abb4e57a2e5406a094ea8c767b29	d__Archaea; p__Halobacterota; c__Methanomicrobia; o__Methanomicrobiales; f__Methanospirillaceae; g__Methanospirillum	0.9999410109198509
0f0d524a53cfea5e02ecae3a9392c5ec	d__Archaea; p__Halobacterota; c__Methanomicrobia; o__Methanomicrobiales; f__Methanomicrobiaceae; g__Methanoculleus	0.9960461558191437
f28904ec5741bc0ea948cd3e414c47b9	d__Archaea; p__Halobacterota; c__Methanomicrobia; o__Methanomicrobiales; f__Methanomicrobiaceae; g__Methanoculleus; s__Methanoculleus_bourgensis	0.7807984267388097
3313c15bf4c325986a33f98a82cf46fa	d__Archaea; p__Halobacterota; c__Methanosarcinia; o__Methanosarciniales; f__Methanosaetaceae; g__Methanosaeta; s__uncultured_Methanosaetaceae	0.992325449666826
eb71cf6ae8f75fe01339502de161724f	d__Archaea; p__Halobacterota; c__Methanomicrobia; o__Methanomicrobiales; f__Methanospirillaceae; g__Methanospirillum	0.9999569195861552
d939e81b4199d074f14d7056eaa88d14	d__Archaea; p__Halobacterota; c__Methanosarcinia; o__Methanosarciniales; f__Methanosarcinaceae; g__Methanosarcina	0.9999999821891092
fcbf3bff176f502b94454a3fff27335a	d__Archaea; p__Euryarchaeota; c__Thermococci; o__Methanofastidiosales; f__Methanofastidiosaceae; g__Candidatus_Methanofastidiosum; s__uncultured_archaeon	0.7050029505481517
25f31a7f3499828c16d4648976563910	d__Archaea; p__Halobacterota; c__Methanomicrobia; o__Methanomicrobiales; f__Methanospirillaceae; g__Methanospirillum	0.9999993731671879
78977f9f4a20502c6b3b7ebac9c44e8a	d__Archaea; p__Euryarchaeota; c__Thermococci; o__Methanofastidiosales; f__Methanofastidiosaceae; g__Candidatus_Methanofastidiosum; s__uncultured_archaeon	0.7432428207040839
de0cc0fb4800458938f4508ae73d22a4	d__Archaea; p__Halobacterota; c__Methanomicrobia; o__Methanomicrobiales; f__Methanomicrobiaceae; g__Methanoculleus	0.9763095710032902
a48a8fe02519cf685d073a47c533af33	Unassigned	0.3590983316708263
808302d4e71aa7321e30e37e3c206b34	d__Archaea; p__Halobacterota; c__Methanosarcinia; o__Methanosarciniales	0.9987084676473857
46ef601b31f67612ceb4218fe6f14f5d	d__Archaea; p__Euryarchaeota; c__Methanobacteria; o__Methanobacteriales; f__Methanobacteriaceae; g__Methanosphaera	0.999945650958743
ed701a469132c0a7dd6f90e9c705bdd0	d__Archaea; p__Halobacterota; c__Methanomicrobia; o__Methanomicrobiales; f__Methanospirillaceae; g__Methanospirillum	0.9999997393046111
7e1358d4c75d76660cd41807786b38a1	d__Archaea; p__Halobacterota; c__Methanosarcinia; o__Methanosarciniales; f__Methanosaetaceae; g__Methanosaeta; s__uncultured_Methanosarcina	0.9503332674544035
fa0e9ba7a7cc3ab1442cd4ff4e49ac2b	d__Archaea; p__Halobacterota; c__Methanosarcinia; o__Methanosarciniales; f__Methanosaetaceae; g__Methanosaeta; s__uncultured_Methanosarcina	0.9575684011588588
286ed5db3cf03aacbcee204d7d08e47a	d__Archaea; p__Halobacterota; c__Methanomicrobia; o__Methanomicrobiales; f__Methanoregulaceae; g__Methanoregula	0.9995777761433831
1ddf7a4f8fa50bc3afd457f1b0144ae0	d__Archaea; p__Halobacterota; c__Methanomicrobia; o__Methanomicrobiales; f__Methanoregulaceae; g__Methanosphaerula; s__Methanosphaerula_palustris	0.9191308520213504
b504f1dda2ebda1a2ff31b1f16de527c	d__Archaea; p__Halobacterota; c__Methanosarcinia; o__Methanosarciniales; f__Methanosaetaceae; g__Methanosaeta; s__uncultured_Methanosarcina	0.958795215054063
a1890ac44801f26e8772e5a3e84d34db	Unassigned	0.3075370352101793
a6e49c7c8ce5bf94df35dd2dd08fcf74	d__Archaea; p__Thermoplasmatota; c__Thermoplasmata; o__Methanomassiliicoccales; f__Methanomethylophilaceae; g__Candidatus_Methanoplasma; s__uncultured_archaeon	0.9996840342955433
e9e066aa613990088946e27507ecb36a	d__Archaea; p__Euryarchaeota; c__Methanobacteria; o__Methanobacteriales; f__Methanobacteriaceae; g__Methanobrevibacter	0.9999845318056249
9cd63104a328eda7ade1ea0dc657204c	d__Bacteria; p__Bacteroidota; c__Bacteroidia; o__Bacteroidales; f__Prevotellaceae; g__Prevotella; s__Bacteroidales_bacterium	0.820803140337597
e38a4dcfdad80ca4feca3115643c4b08	d__Archaea; p__Euryarchaeota; c__Methanobacteria; o__Methanobacteriales; f__Methanobacteriaceae; g__Methanobrevibacter; s__Methanobrevibacter_smithii	0.8041939808881207
eb8003671d38fc47a52f30974db4b7ca	d__Archaea; p__Nanoarchaeota; c__Nanoarchaeia; o__Woesearchaeales; f__SCGC_AAA011-D5; g__SCGC_AAA011-D5; s__uncultured_archaeon	0.7258639963489026
95bd5ee831df2decc8e9c8691c7f5627	d__Archaea; p__Halobacterota; c__Methanomicrobia; o__Methanomicrobiales; f__Methanoregulaceae; g__Methanolinea	0.9158440823753727
16c2f15da415b4546ce1c002e9d4af2f	d__Archaea; p__Euryarchaeota; c__Thermococci; o__Methanofastidiosales; f__Methanofastidiosaceae; g__Candidatus_Methanofastidiosum; s__uncultured_archaeon	0.7304906823991267
203a60382eb1a856f323cccb828f48fd	d__Archaea; p__Euryarchaeota; c__Methanobacteria; o__Methanobacteriales; f__Methanobacteriaceae; g__Methanobacterium	0.9999897205555308
ce31e22a2f8c840e92c16a1fbbbcc186	d__Archaea; p__Halobacterota; c__Methanomicrobia; o__Methanomicrobiales; f__Methanospirillaceae; g__Methanospirillum	0.9999425275051977
099328dc56fceaf0cd812aee79866a5e	d__Archaea; p__Thermoplasmatota; c__Thermoplasmata; o__Methanomassiliicoccales; f__Methanomethylophilaceae; g__Candidatus_Methanoplasma; s__unidentified_archaeon	0.7920424043973414
044fa1aea9e14618c62190b82b523e4d	d__Archaea; p__Halobacterota; c__Methanomicrobia; o__Methanomicrobiales; f__Methanoregulaceae; g__Methanolinea	0.9654743152997176
0f054c888cd758145539bd5fadb60c3d	d__Archaea; p__Halobacterota; c__Methanomicrobia; o__Methanomicrobiales; f__Methanospirillaceae; g__Methanospirillum	0.9999952181144687
a82cf80abd91f7824232479cafe85f4d	d__Archaea; p__Halobacterota; c__Methanosarcinia; o__Methanosarciniales; f__Methanosaetaceae; g__Methanosaeta; s__uncultured_Methanosarcina	0.9556503884990697
1a069831e8b5561500cb88287c1227db	Unassigned	0.5983092873797389
35f4c5b9bf39641b4842bbb136951f90	d__Archaea; p__Halobacterota; c__Methanomicrobia; o__Methanomicrobiales; f__Methanospirillaceae; g__Methanospirillum	0.999951416608734
53ad723ca65696d7f3932f070b6f5cd7	d__Archaea; p__Halobacterota; c__Methanomicrobia; o__Methanomicrobiales; f__Methanospirillaceae; g__Methanospirillum	0.9998692739722845
403f44e3acc590aac28fbbf90db56c82	d__Archaea; p__Halobacterota; c__Methanosarcinia; o__Methanosarciniales; f__Methanosaetaceae; g__Methanosaeta	0.994702697011487
58b1b031e468354ea1c70580095e6b90	d__Archaea; p__Halobacterota; c__Methanomicrobia; o__Methanomicrobiales; f__Methanomicrobiaceae; g__Methanoculleus	0.9962925517398091
848d410ed3344d3265fb12d6cc553dd7	d__Archaea; p__Halobacterota; c__Methanomicrobia; o__Methanomicrobiales; f__Methanomicrobiaceae; g__Methanoculleus	0.9993006124920571
32489713762d0ccb0d68274dc27bf629	d__Archaea; p__Halobacterota; c__Methanomicrobia; o__Methanomicrobiales; f__Methanospirillaceae; g__Methanospirillum	0.9999984180324316
1b56b326fdb8b3dd34d17a7de131dc85	Unassigned	0.3551586092922727
06a9ccb4ae3212e91a7a382c4bea0cdc	d__Archaea; p__Halobacterota; c__Methanomicrobia; o__Methanomicrobiales; f__Methanoregulaceae; g__Methanolinea; s__uncultured_Methanomicrobiales	0.8721665192972334
d2eae9eee73c95835ab2e47bc463c38e	d__Archaea; p__Halobacterota; c__Methanomicrobia; o__Methanomicrobiales; f__Methanoregulaceae; g__Methanolinea; s__uncultured_archaeon	0.7657411486240815
7715c65761ad81a3ff0d6a249d2d5f36	d__Archaea; p__Euryarchaeota; c__Methanobacteria; o__Methanobacteriales; f__Methanobacteriaceae; g__Methanobacterium	0.9996763668804364
5613ec0153ea4394645344b26057bba7	Unassigned	0.7059717270233036
e792cc6ccb8d6654f1b43cff83398b53	d__Bacteria; p__Spirochaetota; c__Leptospirae; o__Leptospirales; f__Leptospiraceae; g__RBG-16-49-21; s__uncultured_Leptospira	0.851907128611255
e232bb18a861e3ba2b912313f539adb3	d__Archaea; p__Halobacterota; c__Methanosarcinia; o__Methanosarciniales; f__Methanosarcinaceae; g__Methanimicrococcus; s__uncultured_Methanimicrococcus	0.9993138710615613
93a67cd1fd9452b87cb539138e9c8fc0	d__Bacteria; p__Acidobacteriota; c__Aminicenantia; o__Aminicenantales; f__Aminicenantales; g__Aminicenantales	0.9387009196812932
9d23b3373cdd04079b0a346a91fddab8	d__Archaea; p__Halobacterota; c__Methanomicrobia; o__Methanomicrobiales; f__Methanospirillaceae; g__Methanospirillum	0.9999997625443214
5fa6f7b8d05fadd0770ba6fbf00a88ea	Unassigned	0.3266960415242288
c0a0d277919200248fd43e91c3e112f8	d__Archaea; p__Halobacterota; c__Methanosarcinia; o__Methanosarciniales; f__Methanosaetaceae; g__Methanosaeta	0.9947461712216114
a2e9f87fcec7a48187baf0abe46f301e	d__Bacteria; p__Acidobacteriota; c__Aminicenantia; o__Aminicenantales; f__Aminicenantales; g__Aminicenantales; s__metagenome	0.7388863128035503
2f9ad6a434a81a86eee3bb0e82b1c045	d__Bacteria; p__Bacteroidota; c__Bacteroidia; o__Bacteroidales; f__Rikenellaceae	0.9999671899298405
c87dff12927c6aa8b092636188e59ea9	d__Archaea; p__Halobacterota; c__Methanomicrobia; o__Methanomicrobiales; f__Methanomicrobiaceae; g__Methanoculleus; s__Methanoculleus_bourgensis	0.7642452281822182
6e4cf49bf16ac9591641f727c66dbc01	d__Archaea; p__Halobacterota; c__Methanomicrobia; o__Methanomicrobiales; f__Methanomicrobiaceae; g__Methanoculleus; s__Methanoculleus_bourgensis	0.7514686133381578
e5b7d868da4729572a6b64b4a19019b2	d__Archaea; p__Halobacterota; c__Methanomicrobia; o__Methanomicrobiales; f__Methanoregulaceae; g__Methanolinea; s__uncultured_archaeon	0.7493878384947169
569a35828f3224c474b99fb31ca069e5	d__Bacteria; p__Bacteroidota; c__Bacteroidia; o__Bacteroidales; f__Rikenellaceae; g__DMER64	0.9667651618712507
37ad070981bb47787992ab83eca8ffe2	d__Bacteria; p__Actinobacteriota; c__Acidimicrobiia; o__Microtrichales; f__Microtrichaceae; g__IMCC26207; s__uncultured_bacterium	0.9696615554809277
841e38f56113234569b82b4f0e482f83	d__Archaea; p__Halobacterota; c__Methanosarcinia; o__Methanosarciniales; f__Methanosaetaceae; g__Methanosaeta; s__Methanothrix_thermoacetophila	0.7811590426979658
80f1d9e5685f6e6aee222b23f50cc940	d__Archaea; p__Halobacterota; c__Methanosarcinia; o__Methanosarciniales; f__Methanosaetaceae; g__Methanosaeta; s__uncultured_Methanosarcina	0.9489565124240182
5c9aa988f0220c095e775d049adedf68	d__Archaea; p__Halobacterota; c__Methanomicrobia; o__Methanomicrobiales; f__Methanocorpusculaceae; g__Methanocorpusculum; s__uncultured_archaeon	0.9766184661548136
f3b5832c6f2c8a6a78b5214aabfd050a	d__Archaea; p__Euryarchaeota; c__Methanobacteria; o__Methanobacteriales; f__Methanobacteriaceae; g__Methanobacterium	0.999807994583826
d28c4299ee3cfff521842e88767648b2	d__Archaea; p__Halobacterota; c__Methanosarcinia; o__Methanosarciniales; f__Methanosaetaceae; g__Methanosaeta	0.9959623229070089
a921c57baf7643bbdc48a4f7075f40a4	d__Archaea; p__Halobacterota; c__Methanomicrobia; o__Methanomicrobiales; f__Methanomicrobiaceae; g__Methanoculleus	0.99667955085903
4750ce969c821602aaf6c14b59b54fb5	d__Archaea; p__Halobacterota; c__Methanomicrobia; o__Methanomicrobiales; f__Methanoregulaceae; g__Methanolinea	0.9654462113396938
935402cd99fb2dc7c971977c28251010	d__Bacteria; p__Bacteroidota; c__Bacteroidia; o__Sphingobacteriales; f__Lentimicrobiaceae; g__Lentimicrobium; s__anaerobic_digester	0.9999995311890009
405a5d04bbfddd2c60d41d83991e424f	d__Archaea; p__Halobacterota; c__Methanomicrobia; o__Methanomicrobiales; f__Methanomicrobiaceae; g__Methanoculleus	0.9968313366874745
55b24a137213d3162da4cfe59b919eb1	d__Archaea; p__Halobacterota; c__Methanomicrobia; o__Methanomicrobiales; f__Methanoregulaceae	0.9187377415104683
6f876bed71287a6487bfe5640a48c371	d__Archaea; p__Halobacterota; c__Methanomicrobia; o__Methanomicrobiales; f__Methanoregulaceae; g__Methanolinea	0.9530323590044748
be9a41b79221b8bac88367688262c956	d__Archaea; p__Halobacterota; c__Methanomicrobia; o__Methanomicrobiales; f__Methanomicrobiaceae; g__Methanoculleus	0.9991594570751106
39b9687e6adbed4e74cf9b79b26bc29b	d__Archaea; p__Euryarchaeota; c__Methanobacteria; o__Methanobacteriales; f__Methanobacteriaceae; g__Methanobacterium	0.9997338272627614
a09eef730d736d5d9cf0b55eca11d956	d__Archaea; p__Halobacterota; c__Methanosarcinia; o__Methanosarciniales; f__Methanosaetaceae; g__Methanosaeta; s__uncultured_Methanosarcina	0.9586732459084609
a08fd6c8dc22ebe5aff889b61dfec39d	d__Bacteria; p__Acidobacteriota; c__c5LKS83; o__c5LKS83; f__c5LKS83; g__c5LKS83; s__uncultured_bacterium	0.9999999997175735
e4ec0a6bb0845d456dde1a92484667ac	d__Archaea; p__Thermoplasmatota; c__Thermoplasmata; o__Methanomassiliicoccales; f__Methanomethylophilaceae; g__Candidatus_Methanogranum; s__Candidatus_Methanogranum	0.9995482247803664
0da1e58f018a9db7023fe398f86b7d94	d__Archaea; p__Euryarchaeota; c__Thermococci; o__Methanofastidiosales; f__Methanofastidiosaceae; g__Candidatus_Methanofastidiosum; s__uncultured_archaeon	0.739162628098957
fea560eb33c7ad1956873ec7847c415f	d__Bacteria; p__Acidobacteriota; c__Aminicenantia; o__Aminicenantales; f__Aminicenantales; g__Aminicenantales; s__uncultured_soil	0.8688660908977878
978650cf237689654c847b7a4614d548	d__Archaea; p__Euryarchaeota; c__Thermococci; o__Methanofastidiosales; f__Methanofastidiosaceae; g__Candidatus_Methanofastidiosum; s__uncultured_archaeon	0.7679413952373941
d13bd35241a80a98bc6cac688599e253	d__Archaea; p__Halobacterota; c__Methanosarcinia; o__Methanosarciniales; f__Methanosaetaceae; g__Methanosaeta	0.9951254158945793
db32f914db89e6f6b0fe7d66afc46ba1	d__Archaea; p__Halobacterota; c__Methanomicrobia; o__Methanomicrobiales; f__Methanomicrobiales; g__uncultured	0.7146269338005641
f2c95b1b010917ba7e8f68e57375aa33	d__Archaea; p__Halobacterota; c__Methanomicrobia; o__Methanomicrobiales; f__Methanomicrobiaceae; g__Methanofollis	0.9999719089548946
7aa75473366859067863b577add89392	d__Archaea; p__Halobacterota; c__Methanosarcinia; o__Methanosarciniales; f__Methanosarcinaceae; g__Methanosarcina	0.999999940633681
d1d9ccee57c9645a2f686062dbdbb73d	d__Archaea; p__Halobacterota; c__Methanosarcinia; o__Methanosarciniales; f__Methanosaetaceae; g__Methanosaeta	0.9999996645361123
c91aa4520625dd139397c1b4ba286bff	d__Archaea; p__Halobacterota; c__Methanosarcinia; o__Methanosarciniales; f__Methanosaetaceae; g__Methanosaeta	0.9999999549570552
5aea89c00b68d86da4b8de68adc9926f	d__Archaea; p__Halobacterota; c__Methanosarcinia; o__Methanosarciniales; f__Methanosaetaceae; g__Methanosaeta; s__uncultured_Methanosarcina	0.951850232263349
f4ccce84fca43d1eb24c86ab82daf6f4	d__Archaea; p__Micrarchaeota; c__Micrarchaeia; o__Micrarchaeales; f__Micrarchaeales; g__Micrarchaeales; s__uncultured_archaeon	0.9999997333222765
575bbff10e9882ab27dd83c70cde4fa1	d__Archaea; p__Halobacterota; c__Methanomicrobia; o__Methanomicrobiales; f__Methanoregulaceae; g__Methanolinea	0.9382430333832099
094befb7933f4038f01a24731ba7d98f	d__Archaea; p__Halobacterota; c__Methanomicrobia; o__Methanomicrobiales; f__Methanospirillaceae; g__Methanospirillum	0.9999726014588797
621f586a7ab980f6a7a069fdbdbb10d4	d__Archaea; p__Crenarchaeota; c__Nitrososphaeria; o__Nitrososphaerales; f__Nitrososphaeraceae; g__Candidatus_Nitrocosmicus; s__uncultured_archaeon	0.8002469038094555
1480ba4187105d839eff36503404da9d	d__Archaea; p__Thermoplasmatota; c__Thermoplasmata; o__Methanomassiliicoccales; f__Methanomethylophilaceae; g__uncultured	0.9876333979530758
03e230e60ea8c0a332b7ca9edd460421	d__Archaea; p__Halobacterota; c__Methanomicrobia; o__Methanomicrobiales; f__Methanospirillaceae; g__Methanospirillum	0.9999635780650805
b090477231d607b796bf9441214eaf18	d__Archaea; p__Euryarchaeota; c__Methanobacteria; o__Methanobacteriales; f__Methanobacteriaceae; g__Methanobacterium	0.9999852594802576
0d01ac4d87878243fa97f4c8a53f0726	d__Archaea; p__Halobacterota; c__Methanomicrobia; o__Methanomicrobiales; f__Methanoregulaceae; g__Methanolinea	0.9938001163641814
2bdd4a021a23b21688a8781260b45a02	Unassigned	0.6218165553349657
6634d4253982ae15c156841061d3edb3	Unassigned	0.5560521193669916
61f53754cc311d9aad4bda2800bc9b70	d__Archaea; p__Halobacterota; c__Methanosarcinia; o__Methanosarciniales; f__Methanosaetaceae; g__Methanosaeta	0.9999999743583047
0a5c91091fb75af0b31ab1d08ea286b4	d__Archaea; p__Halobacterota; c__Methanomicrobia; o__Methanomicrobiales; f__Methanomicrobiaceae; g__Methanoculleus; s__Methanoculleus_bourgensis	0.7427006726361853
381cc4167053f528de8e10567d4a509e	d__Archaea; p__Thermoplasmatota; c__Thermoplasmata; o__Methanomassiliicoccales; f__Methanomassiliicoccaceae; g__Methanomassiliicoccus; s__uncultured_archaeon	0.9505819140993461
e4de61f32cad41a7de2b46489f98b9d5	Unassigned	0.6069368525493805
9cd464efc350ed97b4ec7a30ac99eb57	d__Archaea; p__Euryarchaeota; c__Methanobacteria; o__Methanobacteriales; f__Methanobacteriaceae; g__Methanobacterium	0.9999892880269435
caa703d7293852221431de06488bbc79	d__Archaea; p__Halobacterota; c__Methanosarcinia; o__Methanosarciniales; f__Methanosaetaceae; g__Methanosaeta; s__uncultured_Methanosarcina	0.9513239079206971
bcfbd16926ba3a0a36e434db4fc7d751	d__Bacteria; p__Acidobacteriota; c__Aminicenantia; o__Aminicenantales; f__Aminicenantales; g__Aminicenantales; s__uncultured_bacterium	0.9040266634509964
e2a94aa1c4367b662e2292ea68477fd7	d__Archaea; p__Halobacterota; c__Methanomicrobia; o__Methanomicrobiales; f__Methanoregulaceae; g__Methanolinea; s__uncultured_archaeon	0.7616950070460582
28d68342684e471b1977c87fa8d49239	d__Archaea; p__Halobacterota; c__Methanomicrobia; o__Methanomicrobiales; f__Methanospirillaceae; g__Methanospirillum	0.9999510158913612
afe5ef2c3d76edb060795cded261a518	d__Archaea; p__Halobacterota; c__Methanosarcinia; o__Methanosarciniales; f__Methanosarcinaceae; g__Methanosarcina	0.9999999641170285
8e333f1b211b57d7155127a48676195a	d__Archaea; p__Halobacterota; c__Methanomicrobia; o__Methanomicrobiales; f__Methanocorpusculaceae; g__Methanocorpusculum	0.999999999984297
bf8e1d96022400cfba8918dede302345	d__Archaea; p__Halobacterota; c__Methanosarcinia; o__Methanosarciniales; f__Methanosaetaceae; g__Methanosaeta	0.9945689824023635
39003a99b6f7d9f46b1d35054fb105a4	d__Archaea; p__Halobacterota; c__Methanomicrobia; o__Methanomicrobiales; f__Methanoregulaceae; g__Methanosphaerula; s__Methanosphaerula_palustris	0.9238249273653646
2232f4a6a85b94efcccfd6569e8a5446	d__Archaea; p__Halobacterota; c__Methanomicrobia; o__Methanomicrobiales; f__Methanoregulaceae; g__Methanolinea	0.9483157295569816
1a8c02a4d90c1505fc445ec0543d9b3f	Unassigned	0.5149862371734629
3ff3c367347749ed7be9276117d86086	d__Archaea; p__Thermoplasmatota; c__Thermoplasmata; o__Methanomassiliicoccales; f__Methanomassiliicoccaceae; g__Methanomassiliicoccus; s__uncultured_archaeon	0.9463375704027301
2543c1ac97ae7acef462f0fb1d347d41	d__Archaea; p__Halobacterota; c__Methanomicrobia; o__Methanomicrobiales; f__Methanocorpusculaceae; g__Methanocorpusculum; s__uncultured_archaeon	0.8679500048197606
14e928805cc9c9e9a5e1d71a5fe3b392	d__Archaea; p__Halobacterota; c__Methanomicrobia; o__Methanomicrobiales; f__Methanoregulaceae; g__Methanolinea	0.9951038795699106
ce16a472bdee7bb5455c70b321d7c3c9	d__Archaea; p__Halobacterota; c__Methanomicrobia; o__Methanomicrobiales; f__Methanomicrobiaceae; g__Methanoculleus	0.9963274149164958
be503d37e2a77a2673dab14fb27964b3	d__Archaea; p__Halobacterota; c__Methanosarcinia; o__Methanosarciniales; f__Methanosaetaceae; g__Methanosaeta; s__uncultured_Methanosarcina	0.9379307190789841
0ed1584150cf34abe60a9e87bdd7e726	d__Archaea; p__Halobacterota; c__Methanomicrobia; o__Methanomicrobiales; f__Methanospirillaceae; g__Methanospirillum	0.9999932102934745
8fffd209c112af4caaddd276de9336e9	d__Bacteria; p__Actinobacteriota; c__Acidimicrobiia; o__Microtrichales; f__Microtrichaceae; g__IMCC26207; s__uncultured_bacterium	0.7301899283965977
f826bfdcb14821851428062f542c4ea6	d__Archaea; p__Halobacterota; c__Methanosarcinia; o__Methanosarciniales; f__Methanosaetaceae; g__Methanosaeta	0.9985871754481324
fa91c3fcd50bc225c2dbff195c04bce8	d__Archaea; p__Euryarchaeota; c__Methanobacteria; o__Methanobacteriales; f__Methanobacteriaceae; g__Methanosphaera	0.7283369426787875
6085a3d1569dd63d882b1ac491c38497	d__Archaea; p__Halobacterota; c__Methanomicrobia; o__Methanomicrobiales; f__Methanomicrobiaceae; g__Methanoculleus	0.9968391936457105
2a2c45d4f31e9b34124d96ffd558f24d	d__Archaea; p__Halobacterota; c__Methanosarcinia; o__Methanosarciniales; f__Methanosaetaceae; g__Methanosaeta; s__uncultured_Methanosarcina	0.9600533583111149
f23400bea0465b45d3bc36097efdd13c	d__Archaea; p__Halobacterota; c__Methanomicrobia; o__Methanomicrobiales; f__Methanospirillaceae; g__Methanospirillum	0.9999595598643259
07da23aff0f00433a6f5aba659f1eee7	d__Archaea; p__Halobacterota; c__Methanomicrobia; o__Methanomicrobiales; f__Methanomicrobiaceae; g__Methanoculleus	0.9956304112364648
cf7dabcf77c4f834f1178313eb6b599e	d__Bacteria	0.9999999987958309
e6ae6f3c46f19207332c3032a39c6686	d__Archaea; p__Halobacterota; c__Methanomicrobia; o__Methanomicrobiales; f__Methanoregulaceae; g__Methanoregula	0.9756546084609216
156684cbc54b6459ef37189a7367f515	d__Bacteria; p__Bacteroidota; c__Bacteroidia; o__Bacteroidales; f__GZKB124; g__GZKB124; s__uncultured_bacterium	0.9999921118170975
9ce9d6a5ba153605150ec5d015c5c38d	d__Archaea; p__Halobacterota; c__Methanomicrobia; o__Methanomicrobiales; f__Methanomicrobiales; g__uncultured	0.7830385086548208
b601f827d83699567a4ca262c9a46e7e	d__Archaea; p__Halobacterota; c__Methanomicrobia; o__Methanomicrobiales; f__Methanoregulaceae; g__Methanolinea; s__uncultured_archaeon	0.7401019671593072
36704cd365d5e2e3eaa30cb00c9614c0	d__Archaea; p__Halobacterota; c__Methanosarcinia; o__Methanosarciniales; f__Methanosaetaceae; g__Methanosaeta; s__uncultured_Methanosarcina	0.9390452277480923
c97ae37a7028c88cce7910d84d111f9f	d__Archaea; p__Euryarchaeota; c__Methanobacteria; o__Methanobacteriales; f__Methanobacteriaceae; g__Methanobrevibacter; s__Methanobrevibacter_wolinii	0.9530415324656045
6a814f8761be623741d2c78813fb4422	d__Archaea; p__Halobacterota; c__Methanosarcinia; o__Methanosarciniales; f__Methanosaetaceae; g__Methanosaeta	0.9999999168573457
7164956179ec8a07363a6d1bb384e625	d__Archaea; p__Halobacterota; c__Methanomicrobia; o__Methanomicrobiales; f__Methanoregulaceae; g__Methanolinea; s__uncultured_archaeon	0.866321362789849
44af561c5cc186bab14bb642db029507	d__Archaea; p__Halobacterota; c__Methanosarcinia; o__Methanosarciniales; f__Methanosarcinaceae; g__Methanosarcina; s__Methanosarcina_barkeri	0.8254071723195985
8024880dc0c9d29477a4b6c5b8c4d03f	d__Archaea; p__Halobacterota; c__Methanomicrobia; o__Methanomicrobiales; f__Methanomicrobiaceae; g__Methanoculleus	0.9995101654532932
4eb3250291ac867c5e0cbabd62c4e6f4	d__Archaea; p__Halobacterota; c__Methanosarcinia; o__Methanosarciniales; f__Methanosaetaceae; g__Methanosaeta	0.9947813780941615
4ad0d4de41372e092d574c921816cc3b	d__Archaea; p__Halobacterota; c__Methanosarcinia; o__Methanosarciniales; f__Methanosaetaceae; g__Methanosaeta; s__uncultured_Methanosarcina	0.9577892010725284
c1b51675f699e4c26a533c7af7d689a2	d__Archaea; p__Halobacterota; c__Methanosarcinia; o__Methanosarciniales; f__Methanosaetaceae; g__Methanosaeta	0.9949282697138041
89d8f107d6a8e5c2d379d26e5f9e62e3	d__Archaea; p__Halobacterota; c__Methanosarcinia; o__Methanosarciniales; f__Methanosarcinaceae; g__Methanosarcina	0.9999998684636253
c99812f400314444c1bc82f27af7242c	d__Archaea; p__Halobacterota; c__Methanomicrobia; o__Methanomicrobiales; f__Methanospirillaceae; g__Methanospirillum	0.9999690359619892
af91c2ca52cdc66aaef90910eba6cae0	d__Archaea; p__Halobacterota; c__Methanomicrobia; o__Methanomicrobiales; f__Methanomicrobiaceae; g__Methanoculleus	0.9955503247094689
866188e51891718346b820f475112d5e	d__Archaea; p__Thermoplasmatota; c__Thermoplasmata; o__Methanomassiliicoccales; f__Methanomethylophilaceae; g__Candidatus_Methanoplasma; s__uncultured_archaeon	0.7581520989882382
d2f28c8e2360121207937d8c5fc213fe	Unassigned	0.6319037516207302
3bcd95903237d960fc76a189ed995e7e	d__Bacteria; p__Bacteroidota; c__Bacteroidia; o__Bacteroidales; f__Prevotellaceae; g__Prevotella; s__Bacteroidales_bacterium	0.8442658349038367
f4e053a2b5c2ae8a086d2e89f86fac17	d__Archaea; p__Halobacterota; c__Methanomicrobia; o__Methanomicrobiales; f__Methanoregulaceae; g__Methanolinea; s__uncultured_archaeon	0.7355348349172921
5df3051704b10da1d51cb7d7134bbca9	d__Archaea; p__Halobacterota; c__Methanomicrobia; o__Methanomicrobiales; f__Methanomicrobiaceae; g__Methanoculleus	0.9939552091771179
2595042e363474069a17e7ba0d119e7f	d__Archaea; p__Halobacterota; c__Methanomicrobia; o__Methanomicrobiales; f__Methanospirillaceae; g__Methanospirillum	0.9999977831225582
cc3043a7b33755310572a2abd449b3d3	d__Archaea; p__Halobacterota; c__Methanomicrobia; o__Methanomicrobiales; f__Methanoregulaceae; g__Methanolinea; s__uncultured_archaeon	0.7206285416459022
267bfa03897e4e9c4cce3f998addc96f	d__Archaea; p__Euryarchaeota; c__Methanobacteria; o__Methanobacteriales; f__Methanobacteriaceae; g__Methanobacterium; s__uncultured_archaeon	0.7253372492026618
27370e52473aeb008b41d1d13fc4ecb3	d__Archaea; p__Halobacterota; c__Methanomicrobia; o__Methanomicrobiales; f__Methanomicrobiaceae; g__Methanoculleus	0.9970884672231793
bbcf38c4d0d394cad5d27a668dc8b2d3	d__Archaea; p__Halobacterota; c__Methanomicrobia; o__Methanomicrobiales; f__Methanospirillaceae; g__Methanospirillum	0.9999301246555723
604bca2ebcb64ca57b068d70f18c8208	d__Bacteria; p__Bacteroidota; c__Bacteroidia; o__Flavobacteriales; f__NS9_marine_group; g__NS9_marine_group	0.9999982219579053
424b35fa2054298cc3ab66f3dec9fcbc	d__Archaea; p__Halobacterota; c__Methanomicrobia; o__Methanomicrobiales; f__Methanoregulaceae; g__Methanoregula	0.9999724388602628
98eadfe35eb7a1fc42331d68785b272e	d__Archaea; p__Halobacterota; c__Methanomicrobia; o__Methanomicrobiales; f__Methanomicrobiales; g__uncultured	0.7667214880068741
6ca494e27151289af0f7b04d38113a91	d__Archaea; p__Halobacterota; c__Methanomicrobia; o__Methanomicrobiales; f__Methanomicrobiaceae; g__Methanoculleus; s__Methanoculleus_bourgensis	0.758979402408485
59d5c17c87d44230d0a81ea971b7f232	Unassigned	0.4560831158094414
36d5f3555e07ec7b917e9a2885036cab	d__Archaea; p__Halobacterota; c__Methanomicrobia; o__Methanomicrobiales; f__Methanospirillaceae; g__Methanospirillum	0.9999584589248053
8173c2de2b503cce5a49a159c6f07544	d__Archaea; p__Halobacterota; c__Methanomicrobia; o__Methanomicrobiales; f__Methanomicrobiaceae; g__Methanoculleus	0.9992088640509256
1eeeeee6fcd725813bcc298672c5dc74	d__Archaea; p__Halobacterota; c__Methanosarcinia; o__Methanosarciniales; f__Methanosaetaceae; g__Methanosaeta	0.9958510108958066
dfe66f87e14fd6b01e3863de987bddb6	d__Archaea; p__Euryarchaeota; c__Thermococci; o__Methanofastidiosales; f__Methanofastidiosaceae; g__Candidatus_Methanofastidiosum; s__uncultured_archaeon	0.7883421491862366
223720544154a563bfd21737d9d1ba4b	d__Archaea; p__Euryarchaeota; c__Thermococci; o__Methanofastidiosales; f__Methanofastidiosaceae; g__Candidatus_Methanofastidiosum	0.999999914753643
6998a621df8977dab97ebc67657d03c9	d__Archaea; p__Thermoplasmatota; c__Thermoplasmata; o__Methanomassiliicoccales; f__Methanomethylophilaceae	0.9999999999419006
33d938b5c398b51642d0423346f688e2	d__Archaea; p__Euryarchaeota; c__Thermococci; o__Methanofastidiosales; f__Methanofastidiosaceae; g__Candidatus_Methanofastidiosum	0.9999998784774397
06ed3a1a6f29d959710ff67d40f53f40	d__Bacteria; p__Bacteroidota; c__Bacteroidia; o__Bacteroidales; f__Rikenellaceae	0.9999929964387508
9f418919f8234c4814ac45d63c66de50	d__Archaea; p__Halobacterota; c__Methanomicrobia; o__Methanomicrobiales; f__Methanospirillaceae; g__Methanospirillum	0.9999307027247355
6088445b8d9c0e5242fd110aca0b2031	d__Archaea; p__Halobacterota; c__Methanomicrobia; o__Methanomicrobiales; f__Methanoregulaceae; g__Methanolinea; s__uncultured_Methanomicrobiales	0.8733922967976422
0d9862e1d802b0fb214d6b2e53b3333c	d__Archaea; p__Halobacterota; c__Methanomicrobia; o__Methanomicrobiales; f__Methanomicrobiales; g__uncultured	0.8395098764267336
84ab7822868f10f6b3c30752a18e0a1b	d__Archaea; p__Halobacterota; c__Methanosarcinia; o__Methanosarciniales; f__Methanosarcinaceae; g__Methanosarcina	0.9999997354637769
13ee03c95fd73976726d008100e6a6d0	d__Archaea; p__Halobacterota; c__Methanosarcinia; o__Methanosarciniales; f__Methanosarcinaceae; g__Methanosarcina	0.9999999338285176
2f54186ebc584f9052f4471a6f2a1bad	d__Archaea; p__Halobacterota; c__Methanosarcinia; o__Methanosarciniales; f__Methanosarcinaceae; g__Methanosarcina	0.999999916382178
88a12ea3eea69f2a5844b7c02e319eda	d__Bacteria; p__Sumerlaeota; c__Sumerlaeia; o__Sumerlaeales; f__Sumerlaeaceae; g__Sumerlaea	0.9944794971722659
a45b4a997a43cf3e6304d4a27eb74efe	d__Archaea; p__Halobacterota; c__Methanosarcinia; o__Methanosarciniales; f__Methanosaetaceae; g__Methanosaeta	0.9982451392008832
2bb9c5838f640b657efd8254712b2dde	d__Archaea; p__Euryarchaeota; c__Methanobacteria; o__Methanobacteriales; f__Methanobacteriaceae; g__Methanobacterium	0.999837838660125
bedd52e90a175ef35df126d81c4e3fad	d__Archaea; p__Halobacterota; c__Methanomicrobia; o__Methanomicrobiales; f__Methanospirillaceae; g__Methanospirillum	0.9999946308543317
b409e30f6f5f285720e9ed414ccfd84c	d__Archaea; p__Halobacterota; c__Methanomicrobia; o__Methanomicrobiales; f__Methanospirillaceae; g__Methanospirillum; s__uncultured_archaeon	0.8386424709691243
4f4ba00979eda7f8d488ac196f9dde4c	d__Archaea; p__Halobacterota; c__Methanosarcinia; o__Methanosarciniales; f__Methanosaetaceae; g__Methanosaeta	0.9964199983601946
fcc8df1691b697a6ca4f035de4fba27e	d__Archaea; p__Thermoplasmatota; c__Thermoplasmata; o__Methanomassiliicoccales; f__Methanomethylophilaceae; g__Candidatus_Methanogranum; s__Candidatus_Methanogranum	0.9233876799080301
555475266b6cb0a520bef6c39a48d159	d__Archaea; p__Halobacterota; c__Methanomicrobia; o__Methanomicrobiales; f__Methanomicrobiaceae; g__Methanoculleus	0.9955924135552315
7070cc6f2b70d9c1efc5bed20e1ac9a2	d__Archaea; p__Halobacterota; c__Methanosarcinia; o__Methanosarciniales; f__Methanosaetaceae; g__Methanosaeta	0.994985493639099
caff5738076c2122564ed57d02abee7f	d__Bacteria; p__Acidobacteriota; c__Aminicenantia; o__Aminicenantales; f__Aminicenantales; g__Aminicenantales; s__metagenome	0.9730322513877432
3161cac6651a754222abecf1d23a586d	d__Archaea; p__Euryarchaeota; c__Methanobacteria; o__Methanobacteriales; f__Methanobacteriaceae; g__Methanobacterium	0.9986312131485138
9dabd3f6ac0bcad34cadedbcbb7e1c2f	d__Bacteria; p__Acidobacteriota; c__c5LKS83; o__c5LKS83; f__c5LKS83; g__c5LKS83; s__uncultured_bacterium	0.9999999997672262
ec6ed8b44e5580482bcf89e5455125f7	d__Archaea; p__Micrarchaeota; c__Micrarchaeia; o__Micrarchaeales; f__Micrarchaeales; g__Micrarchaeales; s__uncultured_archaeon	0.9999999935050568
63c592c9faa94249b7f0e019b28a71e9	d__Archaea; p__Nanoarchaeota; c__Nanoarchaeia; o__Woesearchaeales; f__SCGC_AAA011-D5; g__SCGC_AAA011-D5; s__uncultured_euryarchaeote	0.8122124351417771
d43d3c9dc33aa66b585a098fc7709276	d__Archaea; p__Crenarchaeota; c__Methanomethylicia; o__Methanomethyliales; f__Methanomethyliaceae; g__Candidatus_Methanomethylicus	0.8501346641519056
2afe92c7234f1c546c185824a9e6db73	d__Archaea; p__Halobacterota; c__Methanomicrobia; o__Methanomicrobiales; f__Methanospirillaceae; g__Methanospirillum	0.9999622285676125
e5af469681f47e8cc24e8214117b2989	d__Archaea; p__Halobacterota; c__Methanomicrobia; o__Methanomicrobiales; f__Methanomicrobiaceae; g__Methanoculleus; s__Methanoculleus_bourgensis	0.7634294350456896
55b6ab05a5b07221f58445a2b711f388	d__Archaea; p__Halobacterota; c__Methanomicrobia; o__Methanomicrobiales; f__Methanoregulaceae; g__Methanolinea	0.9910035307639931
b9e8d02e76b0bc22d785b6d582038477	d__Archaea; p__Halobacterota; c__Methanosarcinia; o__Methanosarciniales; f__Methanosaetaceae; g__Methanosaeta	0.9999999741903807
fde032939979f6942e732b117eae4831	d__Archaea; p__Euryarchaeota; c__Thermococci; o__Methanofastidiosales; f__Methanofastidiosaceae; g__Candidatus_Methanofastidiosum	0.9999999099389865
0bb470ce676f678ec7a0df3ffebe6342	d__Archaea; p__Halobacterota; c__Methanomicrobia; o__Methanomicrobiales; f__Methanoregulaceae; g__Methanolinea	0.9440280361968065
0bd7e29fd1617fa05a8991aa04fe2cb9	d__Archaea; p__Halobacterota; c__Methanomicrobia; o__Methanomicrobiales; f__Methanomicrobiaceae; g__Methanoculleus	0.9999565170187212
d1129f6b0451f1324d46ff59c6fc0179	d__Archaea; p__Halobacterota; c__Methanosarcinia; o__Methanosarciniales; f__Methanosaetaceae; g__Methanosaeta; s__uncultured_Methanosaetaceae	0.9806169607943189
66130d4d0edfed21abb9d6d109cca748	d__Archaea; p__Halobacterota; c__Methanomicrobia; o__Methanomicrobiales; f__Methanoregulaceae; g__Methanolinea	0.9942601568082345
cca7777d25945dbdb89d6cccbce09c5d	d__Archaea; p__Halobacterota	0.9989354908734657
0cfdda932d212ae5785d78df0b5525b3	d__Archaea; p__Halobacterota; c__Methanosarcinia; o__Methanosarciniales; f__Methanosaetaceae; g__Methanosaeta	0.9999999600645596
f8c6fe23fd67e9f1f132037abd4bde7c	d__Archaea; p__Crenarchaeota; c__Nitrososphaeria; o__Nitrososphaerales; f__Nitrososphaeraceae; g__Candidatus_Nitrocosmicus	0.9829165415863178
66bc70d885804c2388a048f148d070cb	d__Archaea; p__Halobacterota; c__Methanomicrobia; o__Methanomicrobiales; f__Methanoregulaceae; g__Methanolinea	0.9599105133251558
c3e62bc194c93247c9bc8aaa022dfd31	d__Archaea; p__Thermoplasmatota; c__Thermoplasmata; o__Methanomassiliicoccales; f__Methanomassiliicoccaceae; g__Methanomassiliicoccus	0.9997754673129641
17a690264dfd459544dcf7789b480dcd	d__Archaea; p__Halobacterota; c__Methanomicrobia; o__Methanomicrobiales; f__Methanomicrobiaceae; g__Methanoculleus; s__Methanoculleus_bourgensis	0.7594791805872994
27a5a211f20963b9f6841e60e37ddc41	d__Archaea; p__Thermoplasmatota; c__Thermoplasmata; o__Methanomassiliicoccales; f__Methanomethylophilaceae; g__Candidatus_Methanoplasma	0.9806887888224022
fbc9c8e4c8bf0514fa6fb64ecde54947	d__Bacteria; p__Spirochaetota; c__Leptospirae; o__Leptospirales; f__Leptospiraceae; g__RBG-16-49-21; s__uncultured_soil	0.8375728153337744
23e86ff472e766a8383bc917bf0e25da	d__Bacteria; p__Bacteroidota; c__Bacteroidia; o__Flavobacteriales; f__NS9_marine_group; g__NS9_marine_group; s__uncultured_bacterium	0.7842445759932409
44a44f067f91dfcb1d1cff6467007bd1	d__Archaea; p__Halobacterota; c__Methanomicrobia; o__Methanomicrobiales; f__Methanoregulaceae; g__Methanoregula	0.967803868554938
f06fafe1358247638e494eeabd2459fa	d__Archaea; p__Halobacterota; c__Methanomicrobia; o__Methanomicrobiales; f__Methanoregulaceae; g__Methanolinea; s__uncultured_archaeon	0.7029774275463544
1c3a43e5a805179afce64235afeb49eb	d__Bacteria; p__Bacteroidota; c__Bacteroidia; o__Bacteroidales; f__Rikenellaceae; g__Rikenellaceae_RC9_gut_group; s__uncultured_bacterium	0.9979946482166044
e3f971b046443617d261d0537e1712bb	d__Archaea; p__Halobacterota; c__Methanosarcinia; o__Methanosarciniales; f__Methanosaetaceae; g__Methanosaeta; s__uncultured_Methanosarcina	0.9356408665322136
32b7ea3a32cc5ce031d13fa8857a2c86	d__Archaea; p__Halobacterota; c__Methanomicrobia; o__Methanomicrobiales; f__Methanospirillaceae; g__Methanospirillum	0.9999979379909119
05fe9ba8661339a94a4d0805d96d22b3	d__Archaea; p__Crenarchaeota; c__Methanomethylicia; o__Methanomethyliales; f__Methanomethyliaceae; g__Candidatus_Methanomethylicus	0.9999999999997563
3aeb85bc05fe3a36283129a1ffeabb08	d__Archaea; p__Halobacterota; c__Methanomicrobia; o__Methanomicrobiales; f__Methanoregulaceae; g__Methanolinea; s__uncultured_archaeon	0.7041118386266326
16fd783f79e9d092f875bba700a055a7	d__Archaea; p__Halobacterota; c__Methanomicrobia; o__Methanomicrobiales; f__Methanomicrobiaceae; g__Methanoculleus	0.9968908119897968
929d5c742726b0ed71fb184ad47a49bc	Unassigned	0.9397278424819493
82cc87e200828c11df6549420ab9797f	d__Archaea; p__Halobacterota; c__Methanomicrobia; o__Methanomicrobiales; f__Methanomicrobiaceae; g__Methanoculleus	0.9999779159182168
23f95d0374098d1871a3c1598becdece	d__Bacteria; p__Spirochaetota; c__Leptospirae; o__Leptospirales; f__Leptospiraceae; g__RBG-16-49-21	0.9999999724932634
6b919fe90db35543ea34d5571f80642c	d__Archaea; p__Halobacterota; c__Methanosarcinia; o__Methanosarciniales; f__Methanosaetaceae; g__Methanosaeta; s__uncultured_Methanosarcina	0.9494744895224201
831808d008eb3dda68505c11f899601c	d__Bacteria; p__Actinobacteriota; c__Acidimicrobiia; o__Microtrichales; f__Microtrichaceae; g__IMCC26207	0.9999949660788624
69cdbfaacec79a4ec7859b05eb74d3ec	Unassigned	0.5663957604204444
4e9675f224f09f6a7d911e99cbb8fb7d	d__Archaea; p__Euryarchaeota; c__Thermococci; o__Methanofastidiosales; f__Methanofastidiosaceae; g__Candidatus_Methanofastidiosum	0.9999998945081333
bba4471169890f96eaaf9b97bd3e732b	d__Bacteria; p__Bacteroidota; c__Bacteroidia; o__Chitinophagales; f__Saprospiraceae; g__Membranicola; s__uncultured_Sphingobacteriia	0.9675745948516574
611f9820a5f4c4380a66d8cb68422c53	Unassigned	0.4169066887826258
31ce5ace4bd95c90e7d5baf0d16023cf	d__Archaea; p__Halobacterota; c__Methanomicrobia; o__Methanomicrobiales; f__Methanomicrobiaceae; g__Methanoculleus; s__Methanoculleus_bourgensis	0.7693535152337726
deb3509335cdc42dbb4b0a81839f982a	d__Archaea; p__Halobacterota; c__Methanosarcinia; o__Methanosarciniales; f__Methanosaetaceae; g__Methanosaeta; s__Methanothrix_thermoacetophila	0.9923179094540049
9018e049b61edc3115546e3af6f4e62a	d__Archaea; p__Halobacterota; c__Methanomicrobia; o__Methanomicrobiales; f__Methanoregulaceae; g__Methanolinea; s__uncultured_Methanomicrobiales	0.8571865608246507
6584c31d3463078ba1dbb5c0381638bf	d__Archaea; p__Halobacterota; c__Methanomicrobia; o__Methanomicrobiales; f__Methanoregulaceae; g__Methanolinea; s__uncultured_archaeon	0.7584093202387991
8cafdeeaad5c2c547d9c6dd1d3cce911	Unassigned	0.4137524837026815
a4792c7f18fbdb97d7d7923a567266db	d__Archaea; p__Asgardarchaeota; c__Lokiarchaeia; o__Lokiarchaeia; f__Lokiarchaeia; g__Lokiarchaeia; s__unidentified_archaeon	0.8048214027227031
cfc9e9f69d236eea8000b6233a9a448b	d__Archaea; p__Halobacterota; c__Methanosarcinia; o__Methanosarciniales; f__Methanosaetaceae; g__Methanosaeta	0.9999999751725505
c3091ef7c0e4289b8e0b8273fee0bd08	d__Archaea; p__Halobacterota; c__Methanomicrobia; o__Methanomicrobiales; f__Methanoregulaceae; g__Methanoregula	0.9996103032119782
3a5fecdef5316adf4d9058adbae4be1d	d__Archaea; p__Halobacterota; c__Methanomicrobia; o__Methanomicrobiales; f__Methanospirillaceae; g__Methanospirillum	0.9999980214907025
da2b47a8c11957434630be741c39aee0	d__Archaea; p__Halobacterota; c__Methanomicrobia; o__Methanomicrobiales; f__Methanomicrobiaceae; g__Methanoculleus	0.9992288045187742
ca434b7488b801560f965a58e6bdb797	d__Archaea; p__Euryarchaeota; c__Methanobacteria; o__Methanobacteriales; f__Methanobacteriaceae; g__Methanobrevibacter; s__uncultured_bacterium	0.811164080994992
4875240ad70fe6b3f1d3682e810e5fe5	d__Archaea; p__Euryarchaeota; c__Methanobacteria; o__Methanobacteriales; f__Methanobacteriaceae; g__Methanobrevibacter	0.9999725895024547
f83678f89e62ffa157d8f6dd75ccba80	d__Archaea; p__Halobacterota; c__Methanomicrobia; o__Methanomicrobiales; f__Methanospirillaceae; g__Methanospirillum	0.9999991294251024
c6a5a44a9e8054783365eb13a83685b6	d__Archaea; p__Halobacterota; c__Methanosarcinia; o__Methanosarciniales; f__Methanosaetaceae; g__Methanosaeta	0.9999999480434213
24d6b83c75060efbf0d3af349d3325d0	d__Archaea; p__Euryarchaeota; c__Thermococci; o__Methanofastidiosales; f__Methanofastidiosaceae; g__Candidatus_Methanofastidiosum; s__uncultured_archaeon	0.7429112315532774
3fce6f7bc4ce3e36be3b14d7e0a54f74	d__Archaea; p__Halobacterota; c__Methanosarcinia; o__Methanosarciniales; f__Methanosaetaceae; g__Methanosaeta	0.9909410606773258
4ead6465e3b42bd3cc7393c37efc4c0e	d__Archaea; p__Euryarchaeota; c__Thermococci; o__Methanofastidiosales; f__Methanofastidiosaceae; g__Candidatus_Methanofastidiosum	0.9999998486516974
c3ce02826ecda97583939894f3aa1ca3	d__Bacteria; p__Bacteroidota; c__Bacteroidia; o__Bacteroidales; f__Rikenellaceae; g__Rikenellaceae_RC9_gut_group; s__uncultured_bacterium	0.9393803159017929
e84d1bf0b094ca9e9877477a712d1417	d__Bacteria; p__Thermotogota; c__Thermotogae; o__Petrotogales; f__Petrotogaceae; g__Defluviitoga	0.9999390983878196
613cf104f96b72e484bb3d2ddcf88212	d__Archaea; p__Thermoplasmatota; c__Thermoplasmata; o__Methanomassiliicoccales; f__Methanomethylophilaceae; g__Candidatus_Methanoplasma; s__uncultured_archaeon	0.9953762132566941
816128485041aa7419b831fccf60e6b3	Unassigned	0.40623590346798266
db10aaa11939a4cea4d744270200b77e	d__Archaea; p__Halobacterota; c__Methanomicrobia; o__Methanomicrobiales; f__Methanospirillaceae; g__Methanospirillum	0.9999748546940627
a1104a1d31b2dc3cec1e1bb778ae6b78	d__Bacteria; p__Bacteroidota; c__Bacteroidia; o__Bacteroidales; f__Rikenellaceae; g__Rikenellaceae_RC9_gut_group; s__uncultured_bacterium	0.9911498380272664
c5195a8d017d0e3a706406dcc8178dc3	d__Bacteria; p__Bacteroidota; c__Bacteroidia; o__Bacteroidales; f__Rikenellaceae; g__DMER64; s__metagenome	0.9433438236292385
b99626db9d2208b5b6c902620852fcb2	d__Archaea; p__Halobacterota; c__Methanomicrobia; o__Methanomicrobiales; f__Methanospirillaceae; g__Methanospirillum	0.99990789343801
006927a4b63907f825e1303935b0bf21	d__Archaea; p__Halobacterota; c__Methanomicrobia; o__Methanomicrobiales; f__Methanoregulaceae; g__Methanolinea; s__uncultured_Methanomicrobiales	0.8600785707424278
cbae2baf9a7af232e33817662bcf4c58	Unassigned	0.5265941337773874
91ec1b33f3e086f8980ace5d616e9e54	d__Bacteria; p__Spirochaetota; c__Leptospirae; o__Leptospirales; f__Leptospiraceae; g__RBG-16-49-21	0.9999996355796396
1834610c2e7a6460f3a3e86a5def1640	d__Archaea; p__Halobacterota; c__Methanomicrobia; o__Methanomicrobiales; f__Methanomicrobiaceae; g__Methanoculleus	0.9956337101269693
acf8db0d63a91e313e12a1ccd5f946a5	d__Bacteria; p__Spirochaetota; c__Leptospirae; o__Leptospirales; f__Leptospiraceae; g__RBG-16-49-21; s__uncultured_Leptospira	0.8476912065127716
5c6e4e062be43879ffbb3e068a67adb0	d__Archaea; p__Halobacterota; c__Methanomicrobia; o__Methanomicrobiales; f__Methanomicrobiaceae; g__Methanoculleus	0.9952576409402546
883ab01ff6fe82cc4e2f397b8475dad3	d__Archaea; p__Halobacterota; c__Methanomicrobia; o__Methanomicrobiales; f__Methanoregulaceae; g__Methanolinea; s__uncultured_Methanomicrobiales	0.9223561713944721
5cfec10c1960fb646a90af38cc35e99c	Unassigned	0.6602226337100336
f25f8a5fb5becd4aa961203cfc43cc12	d__Archaea; p__Halobacterota; c__Methanomicrobia; o__Methanomicrobiales; f__Methanospirillaceae; g__Methanospirillum	0.9999580658330908
e32f69334b8c5c8b7f3c89373831be88	d__Archaea; p__Halobacterota; c__Methanosarcinia; o__Methanosarciniales; f__Methanosarcinaceae; g__Methanosarcina	0.9999998581766945
f557705a1afe5c91606618c1bd4f4342	Unassigned	0.3700346598354739
63a6b26c8f878130cd696b8a4e47e42b	d__Archaea; p__Crenarchaeota; c__Bathyarchaeia; o__Bathyarchaeia; f__Bathyarchaeia; g__Bathyarchaeia; s__uncultured_bacterium	0.9237479701033682
b691f57dbcc5644774167b487e8d1efa	d__Archaea; p__Thermoplasmatota; c__Thermoplasmata; o__Methanomassiliicoccales; f__Methanomethylophilaceae; g__Candidatus_Methanoplasma; s__uncultured_archaeon	0.9993351755691892
2e7461897f766c15fa362bf654517afa	d__Archaea; p__Halobacterota; c__Methanomicrobia; o__Methanomicrobiales; f__Methanomicrobiaceae; g__Methanoculleus	0.9999864100125471
151433b236adca76a1cdcef9362a16b9	d__Archaea; p__Euryarchaeota; c__Methanobacteria; o__Methanobacteriales; f__Methanobacteriaceae; g__Methanobrevibacter	0.9837566753260947
dd7a17bd6ce82543668e709536c3cf34	d__Archaea; p__Halobacterota; c__Methanomicrobia; o__Methanomicrobiales; f__Methanomicrobiaceae; g__Methanoculleus; s__Methanoculleus_bourgensis	0.7716894107787582
c51a14f6ef2f83c40251b9882df74fec	d__Archaea; p__Halobacterota; c__Methanomicrobia; o__Methanomicrobiales; f__Methanoregulaceae; g__Methanolinea; s__uncultured_Methanomicrobiales	0.7661281626788836
790666bbe7cabf146e9f40f5a52e5fe6	d__Archaea; p__Nanoarchaeota; c__Nanoarchaeia; o__Woesearchaeales; f__Woesearchaeales; g__Woesearchaeales; s__uncultured_archaeon	0.9985388711307952
c77e466f2a5f49deb9dd23dedd98b6ea	d__Archaea; p__Halobacterota; c__Methanomicrobia; o__Methanomicrobiales; f__Methanoregulaceae; g__Methanolinea; s__uncultured_archaeon	0.7163604288960022
203fcd8f29dede4cf77507faff4da022	d__Archaea; p__Micrarchaeota; c__Micrarchaeia; o__Micrarchaeales; f__Micrarchaeales; g__Micrarchaeales; s__uncultured_archaeon	0.9999999891984005
afcd4fa36a1f54685a3e91d9e9fe2671	Unassigned	0.4295859158503168
5f044cbe1dbbacde249b5a8fd8e9bd7b	d__Archaea; p__Halobacterota; c__Methanomicrobia; o__Methanomicrobiales; f__Methanoregulaceae; g__Methanolinea	0.9587790328505078
38b4614f196a6b70fbaaf8e7a4e8c93c	d__Archaea; p__Crenarchaeota; c__Bathyarchaeia; o__Bathyarchaeia; f__Bathyarchaeia; g__Bathyarchaeia	0.9999998237071711
4ff929fc9f5f5d701f6b8340e07e27ab	d__Archaea; p__Halobacterota; c__Methanomicrobia; o__Methanomicrobiales; f__Methanomicrobiaceae; g__Methanoculleus	0.9969477878765967
84a6243337d3bbc7c44b5abafb9f0696	d__Archaea; p__Halobacterota; c__Methanomicrobia; o__Methanomicrobiales; f__Methanospirillaceae; g__Methanospirillum	0.999968896180608
414f04f405a6d5c38745dbf9f01989bc	d__Archaea; p__Halobacterota; c__Methanomicrobia; o__Methanomicrobiales; f__Methanomicrobiaceae; g__Methanoculleus	0.9935861060169369
299c341e7ce93bb633dbd75b12027c6c	d__Archaea; p__Halobacterota; c__Methanosarcinia; o__Methanosarciniales; f__Methanosarcinaceae; g__Methanosarcina	0.9999994152249156
5e5e21da9a8c5d590a0fe4dc76c90ffc	d__Archaea; p__Halobacterota; c__Methanosarcinia; o__Methanosarciniales; f__Methanosaetaceae; g__Methanosaeta; s__uncultured_Methanosarcina	0.9369813729250908
0a20c5ec75d59a06f62ddf292ebcf3f2	d__Archaea; p__Halobacterota; c__Methanomicrobia; o__Methanomicrobiales; f__Methanomicrobiaceae; g__Methanoculleus	0.9994180634392436
3fc1db6d2b082e11b791bf8229943c4c	d__Archaea; p__Euryarchaeota; c__Methanobacteria; o__Methanobacteriales; f__Methanobacteriaceae; g__Methanobrevibacter	0.9999699128692843
a99d297e6a8efbcd691ae6ee38d34082	d__Archaea; p__Halobacterota; c__Methanomicrobia; o__Methanomicrobiales; f__Methanoregulaceae; g__Methanolinea; s__uncultured_archaeon	0.7477467722737748
ae44e175fa066fb24912d7530149fbf3	d__Archaea; p__Halobacterota; c__Methanomicrobia; o__Methanomicrobiales; f__Methanospirillaceae; g__Methanospirillum; s__uncultured_archaeon	0.8914824372764113
cb22ba0e387f161d5aa7e7c50553ac46	d__Archaea; p__Halobacterota; c__Methanosarcinia; o__Methanosarciniales; f__Methanosarcinaceae; g__Methanomethylovorans	0.9686792749465046
a5ab9db7a034d52979a3dfbc2566fbc1	d__Archaea; p__Euryarchaeota; c__Methanobacteria; o__Methanobacteriales; f__Methanothermobacteriaceae; g__Methanothermobacter	0.9999692525611619
0ce5455d99382484a2446f405b48518e	d__Archaea; p__Halobacterota; c__Methanomicrobia; o__Methanomicrobiales; f__Methanomicrobiaceae; g__Methanoculleus	0.9991498308532254
648923952ac8a68fbeec51723329e7bd	d__Archaea; p__Halobacterota; c__Methanosarcinia; o__Methanosarciniales; f__Methanosaetaceae; g__Methanosaeta	0.9949453017141054
aae8733d06c62c76e388d56185ace318	d__Bacteria; p__Bacteroidota; c__Bacteroidia; o__Bacteroidales; f__Rikenellaceae; g__Rikenellaceae_RC9_gut_group; s__uncultured_prokaryote	0.8349366038631331
1256b47b714b50c8fbc78275a0644ba1	d__Archaea; p__Halobacterota; c__Methanosarcinia; o__Methanosarciniales; f__Methanosarcinaceae; g__Methanosarcina	0.9999999318467354
522a958f3b2e856cc0abe86c9adfc8dd	Unassigned	0.7557280178755195
a2080f6903b2fd413abd839e40f5e418	d__Archaea; p__Halobacterota; c__Methanomicrobia; o__Methanomicrobiales; f__Methanomicrobiaceae; g__Methanoculleus	0.9999789015634858
09593c6fd6793ee81d5dcc856f4aa953	d__Archaea; p__Halobacterota; c__Methanomicrobia; o__Methanomicrobiales; f__Methanoregulaceae; g__Methanolinea	0.9938434799622368
2e75c9e2a23a08ffa5d1e380e9664f83	d__Archaea; p__Halobacterota; c__Methanosarcinia; o__Methanosarciniales; f__Methanosaetaceae; g__Methanosaeta; s__Methanothrix_thermoacetophila	0.9939518626299069
affb92affb42b1e328ff172e448b9d90	d__Archaea; p__Halobacterota; c__Methanosarcinia; o__Methanosarciniales; f__Methanosaetaceae; g__Methanosaeta; s__uncultured_archaeon	0.9722360230770023
7a7703b1dca2893185b404770d5741b7	d__Archaea; p__Halobacterota; c__Methanomicrobia; o__Methanomicrobiales; f__Methanomicrobiaceae; g__Methanoculleus	0.9927874209549958
568ad606988325e75d372cc0977b3310	d__Archaea; p__Crenarchaeota; c__Bathyarchaeia; o__Bathyarchaeia; f__Bathyarchaeia; g__Bathyarchaeia; s__uncultured_methanogenic	0.7267075474401098
b07f5c367b840aafaf9bf368fb84f33c	d__Archaea; p__Halobacterota; c__Methanosarcinia; o__Methanosarciniales; f__Methanosaetaceae; g__Methanosaeta; s__uncultured_Methanosarcina	0.9595394856712296
5068b82ebe888eb755dcdb7fbd42a5cc	d__Archaea; p__Halobacterota; c__Methanosarcinia; o__Methanosarciniales; f__Methanosarcinaceae; g__Methanosarcina	0.9999999564070622
29d2c5f90ec4f6ee9771fe2ccd1b40dd	d__Bacteria; p__Spirochaetota; c__Leptospirae; o__Leptospirales; f__Leptospiraceae; g__RBG-16-49-21; s__uncultured_bacterium	0.8847030941340199
b10eac7b0c9b0ffef159b8fdb54275b4	d__Archaea; p__Crenarchaeota; c__Methanomethylicia; o__Methanomethyliales; f__Methanomethyliaceae; g__Candidatus_Methanomethylicus; s__archaeon_V2	0.9637750606447314
4c6909c07a383722f3191743f3ec7bd8	d__Archaea; p__Halobacterota; c__Methanomicrobia; o__Methanomicrobiales; f__Methanoregulaceae; g__Methanolinea; s__uncultured_Methanomicrobiales	0.8213408525979936
cf81a122b743b4ffa17b4d3bd288c6a0	d__Archaea; p__Halobacterota; c__Methanosarcinia; o__Methanosarciniales; f__Methanosaetaceae; g__Methanosaeta	0.9999998754824995
b1c42a44b83953451388e16db9d9df87	d__Archaea; p__Halobacterota; c__Methanosarcinia; o__Methanosarciniales; f__Methanosaetaceae; g__Methanosaeta	0.9948349523841715
3768ecb7711d92e004b6404fff23f010	d__Archaea; p__Halobacterota; c__Methanomicrobia; o__Methanomicrobiales; f__Methanoregulaceae; g__Methanolinea; s__uncultured_Methanomicrobiales	0.7605531568891166
a1fb2481ae1e840a0c98e11bc96534ec	d__Archaea; p__Halobacterota; c__Methanomicrobia; o__Methanomicrobiales; f__Methanoregulaceae; g__Methanolinea	0.9921584775024912
dc2189f30c595147d7b5fe1cb4131c4f	d__Archaea; p__Halobacterota; c__Methanomicrobia; o__Methanomicrobiales; f__Methanospirillaceae; g__Methanospirillum	0.9999978595522974
42f53eddd700a2d5a34dff7699295fda	d__Archaea; p__Halobacterota; c__Methanosarcinia; o__Methanosarciniales; f__Methanosarcinaceae; g__Methanosarcina	0.999999137918999
15ec4c69a0fbea866aebacc93260dfe7	d__Archaea; p__Euryarchaeota; c__Methanobacteria; o__Methanobacteriales; f__Methanobacteriaceae; g__Methanobacterium	0.9999404980544837
a895b2745f6d95337b7400b3eae2e38a	d__Archaea; p__Halobacterota; c__Methanomicrobia; o__Methanomicrobiales; f__Methanoregulaceae; g__Methanolinea	0.9931076482269058
7820b742cf823fefd0f9635bb23c6c75	d__Archaea; p__Halobacterota; c__Methanomicrobia; o__Methanomicrobiales; f__Methanoregulaceae; g__Methanolinea	0.9942479782736714
973d65f560ed6b811c6eaa27ea63823c	d__Archaea; p__Halobacterota; c__Methanomicrobia; o__Methanomicrobiales; f__Methanomicrobiaceae; g__Methanoculleus	0.9965217992148159
5d1543447a65440326be115643fa79a5	Unassigned	0.33994258899506624
ff99ce9f30cb848340bb383b42d8d180	d__Archaea; p__Crenarchaeota; c__Bathyarchaeia; o__Bathyarchaeia; f__Bathyarchaeia; g__Bathyarchaeia; s__uncultured_methanogenic	0.9373665761532644
8e54b5506145418a33f2396dd1677d7a	d__Archaea; p__Halobacterota; c__Methanosarcinia; o__Methanosarciniales; f__Methanosarcinaceae; g__Methanosarcina	0.999999958441504
4f80f860e4087e708452f7e7512179e6	d__Archaea; p__Halobacterota; c__Methanosarcinia; o__Methanosarciniales; f__Methanosaetaceae; g__Methanosaeta	0.9956931838178421
aee619ce0551d618392c95d48a2d1065	Unassigned	0.3528764882881228
4e960d4269e0219320870fab6e511b31	d__Archaea; p__Halobacterota; c__Methanosarcinia; o__Methanosarciniales; f__Methanosaetaceae; g__Methanosaeta; s__uncultured_Methanosarcina	0.9560790115219158
23b5b4f867680b3bd6c0b08561e85425	Unassigned	0.4370990791984578
220e0d4a12f2f95c5fa8ef37e1e9a795	d__Archaea; p__Halobacterota; c__Methanomicrobia; o__Methanomicrobiales; f__Methanomicrobiaceae; g__Methanoculleus	0.9991679309902994
0d20594a0fb6733b4d668d82cdcdff78	d__Archaea; p__Euryarchaeota; c__Methanobacteria; o__Methanobacteriales; f__Methanobacteriaceae; g__Methanobrevibacter	0.9999472427532063
c1f664a03a3ed3f5ae3a83c6cf879251	d__Archaea; p__Halobacterota; c__Methanomicrobia; o__Methanomicrobiales; f__Methanoregulaceae; g__Methanolinea	0.9455280992189955
45494f74d64f3f755932269a6bc9a0a5	d__Archaea; p__Halobacterota; c__Methanomicrobia; o__Methanomicrobiales; f__Methanomicrobiaceae; g__Methanoculleus; s__unidentified_archaeon	0.7106355833346338
aa1952d889f57b335101d4a1a56c93aa	d__Archaea; p__Halobacterota; c__Methanosarcinia; o__Methanosarciniales; f__Methanosaetaceae; g__Methanosaeta	0.9999999474511362
5884626fdab07aea25c0310c21458406	d__Bacteria; p__Cloacimonadota; c__Cloacimonadia; o__Cloacimonadales; f__W27; g__W27	0.9346123785552021
27afba23d7fc53c093d64f825c17d6f6	d__Archaea; p__Euryarchaeota; c__Methanobacteria; o__Methanobacteriales; f__Methanobacteriaceae; g__Methanobrevibacter; s__archaeon_enrichment	0.7540055628881485
c0eb73ac2df04a26a7d50617b357e09b	Unassigned	0.4425308772969363
aaf7f020e16ea7c6dcc531a84be4c271	d__Archaea; p__Halobacterota; c__Methanosarcinia; o__Methanosarciniales; f__Methanosaetaceae; g__Methanosaeta; s__uncultured_Methanosarcina	0.9570669731202913
19249b59a0014e6646c30afa16760aa1	d__Archaea; p__Euryarchaeota; c__Thermococci; o__Methanofastidiosales; f__Methanofastidiosaceae; g__Candidatus_Methanofastidiosum; s__uncultured_archaeon	0.7900242436929861
c2136486f71f9ab98cf91fa284073f38	d__Archaea; p__Halobacterota; c__Methanosarcinia; o__Methanosarciniales; f__Methanosaetaceae; g__Methanosaeta	0.9949303432767883
6b156ea755a48dcd18b90b7139dae014	d__Bacteria; p__Bacteroidota; c__Kapabacteria; o__Kapabacteriales; f__Kapabacteriales; g__Kapabacteriales; s__uncultured_bacterium	0.7743231785191917
b44a5e41ef498104aeff1d76622bacce	Unassigned	0.386611216432343
e0e7d855d9e0267cc15005dd9eddde70	d__Archaea; p__Euryarchaeota; c__Thermococci; o__Methanofastidiosales; f__Methanofastidiosaceae; g__Candidatus_Methanofastidiosum; s__uncultured_archaeon	0.7957448243753489
82e0c804de9c43068ea952ce8cb48c9f	d__Archaea; p__Halobacterota; c__Methanosarcinia; o__Methanosarciniales; f__Methanosaetaceae; g__Methanosaeta	0.995204779441516
6ecb40762e2b4d5c52db6789f3759614	d__Archaea; p__Halobacterota; c__Methanomicrobia; o__Methanomicrobiales; f__Methanospirillaceae; g__Methanospirillum	0.9999699067755375
f1e74a8b7f1282ebb27f3f1707d15161	d__Archaea; p__Euryarchaeota; c__Methanobacteria; o__Methanobacteriales; f__Methanobacteriaceae; g__Methanobacterium; s__Methanobacterium_beijingense	0.7277474010482551
cd990db4d351d30dbd026800a7e13a44	d__Bacteria	0.8007861147226827
f4db44bbaa9b99bda8d28ea3b0bdaff1	d__Archaea; p__Halobacterota; c__Methanomicrobia; o__Methanomicrobiales; f__Methanospirillaceae; g__Methanospirillum	0.99994748006342
5fb58693ad53b7f64f93dca3e67ee251	Unassigned	0.5546545042497888
7113710b48da3965b635c59a2cc58a52	d__Archaea; p__Halobacterota; c__Methanomicrobia; o__Methanomicrobiales; f__Methanomicrobiaceae; g__Methanoculleus	0.999361372821136
041f9a590005e261577565709154b52a	d__Archaea; p__Halobacterota; c__Methanosarcinia; o__Methanosarciniales; f__Methanosaetaceae; g__Methanosaeta	0.9999999544233071
82869c56a46a2f8cf3164666439ddf28	d__Bacteria; p__Proteobacteria; c__Gammaproteobacteria; o__Pseudomonadales; f__Pseudomonadaceae; g__Pseudomonas	0.9990495871493349
4c7686600aa19bc99c695d088fbc8027	d__Archaea; p__Halobacterota; c__Methanomicrobia; o__Methanomicrobiales; f__Methanoregulaceae; g__Methanosphaerula; s__Methanosphaerula_palustris	0.8645532263340168
349360b137e99dff2999959cc6df064a	d__Archaea; p__Halobacterota; c__Methanomicrobia; o__Methanomicrobiales; f__Methanoregulaceae; g__Methanoregula	0.9999945534429001
06399ef3ec019ef0e25090ba0bed0e33	Unassigned	0.310727104285042
9512fdb3ca1d8b750813a58ab8f464c4	d__Archaea; p__Halobacterota; c__Methanomicrobia; o__Methanomicrobiales; f__Methanospirillaceae; g__Methanospirillum	0.9999609301093062
a51eb67e4747b9242dbc110f32f9457e	d__Archaea; p__Thermoplasmatota; c__Thermoplasmata; o__Methanomassiliicoccales; f__Methanomethylophilaceae; g__Candidatus_Methanoplasma	0.9999702370446625
8b4e06f40d8665a4ac5b2b2632e8b7db	d__Archaea; p__Halobacterota; c__Methanosarcinia; o__Methanosarciniales; f__Methanosarcinaceae; g__Methanosarcina	0.9999998514160051
fc92dc23ce6347111de5c925c5866951	d__Bacteria; p__Acidobacteriota; c__Acidobacteriae; o__Solibacterales; f__Solibacteraceae; g__Candidatus_Solibacter	0.9999825890711387
8758db86688877b5eaffed0b84d275b4	d__Archaea; p__Halobacterota; c__Methanomicrobia; o__Methanomicrobiales; f__Methanomicrobiaceae; g__Methanoculleus	0.9989652307749931
41fdb95f302020f59ad36cb70988a763	d__Archaea; p__Thermoplasmatota; c__Thermoplasmata; o__Methanomassiliicoccales; f__Methanomethylophilaceae; g__Candidatus_Methanoplasma; s__uncultured_archaeon	0.9995792087874188
7a0c9b15e47f818cd9fc696377095d2c	d__Bacteria; p__Proteobacteria; c__Gammaproteobacteria; o__Enterobacterales; f__Enterobacteriaceae	0.9080523408239164
7e1354fa535a5d62bf7b761fa32c27ba	d__Archaea; p__Halobacterota; c__Methanomicrobia; o__Methanomicrobiales	0.999999762294681
20e8700892bdff1baf1dc5ef302d3bd0	d__Archaea; p__Halobacterota; c__Methanomicrobia; o__Methanomicrobiales; f__Methanoregulaceae; g__Methanolinea; s__uncultured_archaeon	0.8035344165923641
5139b598bf889fe712d027f690db8ad3	d__Archaea; p__Euryarchaeota; c__Thermococci; o__Methanofastidiosales; f__Methanofastidiosaceae; g__Candidatus_Methanofastidiosum	0.9999999573574108
00d96059b72bb01e16cc67bac0e5d318	d__Archaea; p__Halobacterota; c__Methanomicrobia; o__Methanomicrobiales; f__Methanomicrobiaceae; g__Methanoculleus	0.9832350059086958
f0e0cee6c781d4151861e3a73f1e6251	d__Archaea; p__Halobacterota; c__Methanomicrobia; o__Methanomicrobiales; f__Methanoregulaceae; g__Methanolinea	0.9944714566952279
d96ac2004bc2206359b2139d61e3525a	d__Archaea; p__Halobacterota; c__Methanomicrobia; o__Methanomicrobiales; f__Methanoregulaceae; g__Methanolinea; s__uncultured_archaeon	0.704109623273162
2b4b5d4c9ab4670ca62e1b66148a9e93	d__Archaea; p__Halobacterota; c__Methanosarcinia; o__Methanosarciniales; f__Methanosaetaceae; g__Methanosaeta	0.9999997928425828
b5c54a88b999822ccc8bf3539c1341a4	d__Archaea; p__Crenarchaeota; c__Nitrososphaeria; o__Nitrososphaerales; f__Nitrososphaeraceae; g__Nitrososphaeraceae	0.9982556599894917
47403b93211b7dfb74feef4b5a27638b	d__Archaea; p__Halobacterota; c__Methanosarcinia; o__Methanosarciniales; f__Methanosarcinaceae; g__Methanosarcina	0.9999999684222936
339125f8edeb6d89fd0d4b72c0c708eb	d__Archaea; p__Halobacterota; c__Methanomicrobia; o__Methanomicrobiales; f__Methanomicrobiaceae; g__Methanoculleus	0.7013778421938472
3aae73f6b2a618e4e41000e99e632686	d__Bacteria; p__Bacteroidota; c__Bacteroidia; o__Sphingobacteriales; f__ST-12K33; g__ST-12K33; s__metagenome	0.7119539763295802
7dfdf6d4960c1df191765fd5006a525c	d__Archaea; p__Halobacterota; c__Methanosarcinia; o__Methanosarciniales; f__Methanosarcinaceae; g__Methanosarcina	0.9999999530204717
503b65537567bb9d2bc1259131f9e950	Unassigned	0.47112324875938705
769337c86977016ef29ca5d2166e26b8	d__Archaea; p__Halobacterota; c__Methanomicrobia; o__Methanomicrobiales; f__Methanoregulaceae; g__Methanoregula	0.9998071585690377
56705e44fc757d84b897192f87ff28c5	d__Archaea; p__Halobacterota; c__Methanosarcinia; o__Methanosarciniales; f__Methanosaetaceae; g__Methanosaeta	0.9999999486407194
2b3bc1d5a0620343efb56904cb7a0fe6	d__Archaea; p__Halobacterota; c__Methanomicrobia; o__Methanomicrobiales; f__Methanoregulaceae; g__Methanoregula	0.999990830380438
05b42a73958e4bb735bdcf238bebe1dc	Unassigned	0.6647293764967976
27b1d0f0cb4335eaa6221b6b5bca1530	d__Archaea; p__Halobacterota; c__Methanomicrobia; o__Methanomicrobiales; f__Methanospirillaceae; g__Methanospirillum	0.9999690570248212
e6908ad7b8e8e9f8f1381876458a8e3c	d__Archaea; p__Thermoplasmatota; c__Thermoplasmata; o__Methanomassiliicoccales; f__Methanomethylophilaceae; g__Candidatus_Methanoplasma; s__uncultured_Methanomassiliicoccales	0.7179502398892608
0c0ac845478874504f12ef901eaabf8f	d__Bacteria; p__Proteobacteria; c__Gammaproteobacteria; o__Enterobacterales	0.8092381519220435
f3cb228490312e9a31b516ade60f00db	d__Archaea; p__Halobacterota; c__Methanomicrobia; o__Methanomicrobiales; f__Methanospirillaceae; g__Methanospirillum	0.9999952814274892
3ada19cb5a9d9c264846fa769a4e5583	d__Archaea; p__Halobacterota; c__Methanosarcinia; o__Methanosarciniales; f__Methanosarcinaceae; g__Methanosarcina	0.9999998079741623
2b7b617a4e48e8462c041c9b03ec002f	d__Archaea; p__Halobacterota; c__Methanomicrobia; o__Methanomicrobiales; f__Methanoregulaceae; g__Methanolinea; s__uncultured_archaeon	0.7155892432208285
d15c513412160d020a33cbfb8526b08f	d__Archaea; p__Halobacterota; c__Methanomicrobia; o__Methanomicrobiales; f__Methanospirillaceae; g__Methanospirillum	0.9999585826499838
97f878e583e1d276b1a1a768e5d1e877	d__Archaea; p__Halobacterota; c__Methanomicrobia; o__Methanomicrobiales; f__Methanoregulaceae; g__Methanolinea; s__uncultured_Methanomicrobiales	0.9027630083028713
927c4373fc2553fa5f6bac5d1e03e26f	d__Archaea; p__Halobacterota; c__Methanomicrobia; o__Methanomicrobiales; f__Methanomicrobiaceae; g__Methanogenium; s__uncultured_archaeon	0.9987320370793282
157d9048a379a0d5f5ce81f49f776568	d__Archaea; p__Halobacterota; c__Methanosarcinia; o__Methanosarciniales; f__Methanosaetaceae; g__Methanosaeta	0.9953859902226271
ae4ec868d0662aeb7a09b8695587da28	d__Bacteria	0.7623677620418613
33bc0d5d6d83533006c58bebda47e382	d__Archaea; p__Halobacterota; c__Methanosarcinia; o__Methanosarciniales; f__Methanosarcinaceae; g__Methanosarcina	0.9999999310820682
07030b78261df72103018d5c4bbe9a4a	d__Archaea; p__Halobacterota; c__Methanomicrobia; o__Methanomicrobiales; f__Methanoregulaceae; g__Methanolinea; s__uncultured_Methanomicrobiales	0.8773945585099775
47e562a8fafd7d9726e79b7b9ab5868d	d__Archaea; p__Euryarchaeota; c__Methanobacteria; o__Methanobacteriales; f__Methanobacteriaceae; g__Methanobacterium; s__Methanobacterium_congolense	0.7302737805427489
bf8c9c8b0dcea81e648e39368a12f9fa	d__Archaea; p__Euryarchaeota; c__Methanobacteria; o__Methanobacteriales; f__Methanobacteriaceae; g__Methanobacterium	0.9998776222936604
fc1da5c3882f38fb1b702858cd1f037d	d__Archaea; p__Halobacterota; c__Methanomicrobia; o__Methanomicrobiales; f__Methanoregulaceae; g__Methanolinea; s__uncultured_archaeon	0.7702806205073244
521781e4879b80c508581d6f35bfabfc	d__Archaea; p__Euryarchaeota; c__Methanobacteria; o__Methanobacteriales; f__Methanobacteriaceae; g__Methanobrevibacter	0.9093772047533902
3cfafa53fcac9e6a8132af47981407a3	d__Archaea; p__Halobacterota; c__Methanosarcinia; o__Methanosarciniales; f__Methanosarcinaceae; g__Methanosarcina	0.9999999459176212
fa93edce9df03cf1a7c1a71d0d77c1df	d__Bacteria; p__Proteobacteria; c__Gammaproteobacteria; o__Enterobacterales	0.8549205413031342
22ec21e0b57cadd495c1c51de990d667	d__Archaea; p__Halobacterota; c__Methanomicrobia; o__Methanomicrobiales; f__Methanoregulaceae; g__Methanolinea	0.9961446162218957
6b0abe6c821c9e43b315cfbdab9e97d1	d__Archaea; p__Euryarchaeota; c__Methanobacteria; o__Methanobacteriales; f__Methanobacteriaceae; g__Methanobrevibacter; s__uncultured_bacterium	0.8393283651381084
25cfaca582a88b141a2f04a31253d79f	d__Archaea; p__Halobacterota; c__Methanosarcinia; o__Methanosarciniales; f__Methanosarcinaceae; g__Methanosarcina	0.9999998310944294
cf6421726428b5fbbde03d22b9d292dd	d__Bacteria; p__Bacteroidota; c__Bacteroidia; o__Bacteroidales; f__Rikenellaceae; g__Rikenellaceae_RC9_gut_group; s__uncultured_bacterium	0.7337421679970778
50c6d46bade2f084bb4aefb869de07f1	d__Archaea; p__Halobacterota; c__Methanomicrobia; o__Methanomicrobiales; f__Methanoregulaceae; g__Methanolinea; s__uncultured_Methanomicrobiales	0.8724431173446524
6becd9583f1b0ebc9b900ad1e4313681	d__Archaea; p__Euryarchaeota; c__Thermococci; o__Methanofastidiosales; f__Methanofastidiosaceae; g__Candidatus_Methanofastidiosum; s__uncultured_archaeon	0.7103219040886508
4bb4d36cb347f3f1dd7e107557e47d51	d__Archaea; p__Thermoplasmatota; c__Thermoplasmata; o__Methanomassiliicoccales; f__Methanomethylophilaceae; g__RumEn_M2; s__archaeon_PY-9	0.988635951832971
998f0aa92e2b9c8b1d6a52a76fb99eb5	d__Archaea; p__Halobacterota; c__Methanomicrobia; o__Methanomicrobiales; f__Methanomicrobiaceae; g__Methanoculleus; s__Methanoculleus_bourgensis	0.7000700857249903
91bea266fdb1959b1de8821c94b3d268	d__Archaea; p__Halobacterota; c__Methanomicrobia; o__Methanomicrobiales; f__Methanospirillaceae; g__Methanospirillum	0.9994744325751139
0cb26ccd3a85ed306260a1ed1d0c3b11	d__Archaea; p__Euryarchaeota; c__Thermococci; o__Methanofastidiosales; f__Methanofastidiosaceae; g__Candidatus_Methanofastidiosum	0.9999999061424384
3af233173ee91f0a52980079fdd3f010	d__Archaea; p__Thermoplasmatota; c__Thermoplasmata; o__Methanomassiliicoccales; f__Methanomassiliicoccaceae; g__Methanomassiliicoccus; s__uncultured_archaeon	0.8976195601300719
bdff92e050e24265e22d63abfa481ec7	d__Archaea; p__Halobacterota; c__Methanomicrobia; o__Methanomicrobiales; f__Methanocorpusculaceae; g__Methanocorpusculum; s__uncultured_archaeon	0.8663557569067915
b16714f2273a37899476d20c73d5067b	d__Archaea; p__Euryarchaeota; c__Methanobacteria; o__Methanobacteriales; f__Methanobacteriaceae; g__Methanobrevibacter; s__Methanobrevibacter_boviskoreani	0.930767107984035
51cc57d78631c529dc35bdf4b57eec56	d__Eukaryota	0.7239003717637172
0261aaa8d4d9e0b68625b1df756eb83d	d__Bacteria; p__Acidobacteriota; c__c5LKS83; o__c5LKS83; f__c5LKS83; g__c5LKS83; s__uncultured_bacterium	0.9997763208018932
adec43cfea3b67e9a8b1867fe92f4a1e	d__Archaea; p__Euryarchaeota; c__Thermococci; o__Methanofastidiosales; f__Methanofastidiosaceae; g__Candidatus_Methanofastidiosum; s__uncultured_archaeon	0.733465099490219
70cd8ad9993132b5fb72fde7fffca792	d__Archaea; p__Thermoplasmatota; c__Thermoplasmata; o__Methanomassiliicoccales; f__Methanomethylophilaceae	0.999806139055118
9de7a1aaa5e13ee76adf4da3f8e3cea9	d__Archaea; p__Halobacterota; c__Methanomicrobia; o__Methanomicrobiales; f__Methanoregulaceae; g__Methanolinea; s__uncultured_Methanomicrobiales	0.8625431520448532
6065720ccbb4f9db9828516a76e33aeb	d__Archaea; p__Halobacterota; c__Methanomicrobia; o__Methanomicrobiales; f__Methanomicrobiaceae; g__Methanoculleus	0.9965361085234985
41225c1dda30cf5773bcf9d0e56fedc3	d__Bacteria; p__Firmicutes; c__Limnochordia; o__MBA03; f__MBA03; g__MBA03; s__uncultured_Clostridia	0.847485703099954
61b3035a270e254ed2c494bac45dcdbd	d__Archaea; p__Euryarchaeota; c__Thermococci; o__Methanofastidiosales; f__Methanofastidiosaceae; g__Candidatus_Methanofastidiosum	0.9999998012164363
f8710826ee1989b105979994923f5f3b	d__Archaea; p__Halobacterota; c__Methanosarcinia; o__Methanosarciniales; f__Methanosaetaceae; g__Methanosaeta	0.9956652319566852
c3682938c4dec2986c6b70512dec2f68	Unassigned	0.5693234787992173
4e5816b62cee9a25373f9bf3260399d6	d__Archaea; p__Euryarchaeota; c__Thermococci; o__Methanofastidiosales; f__Methanofastidiosaceae; g__Candidatus_Methanofastidiosum; s__uncultured_archaeon	0.7014477781493892
63856da39fbd20b8367757f89ddc4644	d__Archaea; p__Halobacterota	0.999268926684915
9f8942299fc61e65640f77835c0e8f52	d__Bacteria; p__Bacteroidota; c__Bacteroidia; o__Chitinophagales; f__Saprospiraceae; g__Membranicola; s__uncultured_Sphingobacteriia	0.967045184596831
4fb6d556fd462aa32fe2245ab4a2f511	d__Archaea; p__Halobacterota; c__Methanomicrobia; o__Methanomicrobiales; f__Methanoregulaceae; g__Methanolinea; s__uncultured_Methanomicrobiales	0.859426058178286
5b34577ce6868cf546fdab115a1cae10	d__Archaea; p__Euryarchaeota; c__Thermococci; o__Methanofastidiosales; f__Methanofastidiosaceae; g__Candidatus_Methanofastidiosum; s__uncultured_archaeon	0.7418989262612826
af622b3b0f02a9cc76c3af6a5e23e5cc	d__Bacteria; p__Firmicutes; c__Bacilli; o__Lactobacillales; f__Lactobacillaceae; g__Lactobacillus	0.986362170684695
b4ed1354a1233eb14a9964ae7577327d	d__Archaea; p__Euryarchaeota; c__Methanobacteria; o__Methanobacteriales; f__Methanobacteriaceae; g__Methanobrevibacter; s__Methanobrevibacter_boviskoreani	0.9811096969534672
64322f84e1347fa97efd96db17852ca4	d__Bacteria; p__Bacteroidota; c__Bacteroidia; o__Bacteroidales; f__Rikenellaceae; g__DMER64	0.9418665517350568
a4ef939f0257f82b846548d216176ebd	d__Archaea; p__Halobacterota; c__Methanomicrobia; o__Methanomicrobiales; f__Methanospirillaceae; g__Methanospirillum	0.9999298831773064
69f6d350f55bd7fc790e12eef0e8f57f	d__Bacteria; p__Actinobacteriota; c__Acidimicrobiia; o__IMCC26256; f__IMCC26256; g__IMCC26256	0.9973351496851188
b4e6b326bf8b2d8964e4f4b2713bd5ad	d__Archaea; p__Halobacterota; c__Methanomicrobia; o__Methanomicrobiales; f__Methanomicrobiaceae; g__Methanoculleus	0.9992160263402472
390d418dbda70af3851063de048dd8c6	d__Archaea; p__Halobacterota; c__Methanomicrobia; o__Methanomicrobiales; f__Methanospirillaceae; g__Methanospirillum	0.9999720934645663
37ee04e9a3346d92bf285277281a60dc	d__Archaea; p__Halobacterota; c__Methanosarcinia; o__Methanosarciniales; f__Methanosarcinaceae; g__Methanosarcina	0.9999999238296453
0d88ab5c7c168245c0e63de51c24ac7e	d__Archaea; p__Halobacterota; c__Methanosarcinia; o__Methanosarciniales; f__Methanosaetaceae; g__Methanosaeta	0.9946871028559893
5c32ab559f8a2335462879505460ec1f	d__Archaea; p__Halobacterota; c__Methanomicrobia; o__Methanomicrobiales; f__Methanoregulaceae; g__Methanolinea	0.9969555435533751
350cccc94df6faf4cc789a50f2bd4a37	d__Archaea; p__Halobacterota; c__Methanomicrobia; o__Methanomicrobiales; f__Methanospirillaceae; g__Methanospirillum	0.9999763194601503
816c2de0d0122126946fbb128f12c18f	d__Archaea; p__Halobacterota; c__Methanosarcinia; o__Methanosarciniales; f__Methanosaetaceae; g__Methanosaeta	0.9999999747337036
677e89088c7ad53c3f4ecad260f84d65	d__Archaea; p__Euryarchaeota; c__Thermococci; o__Methanofastidiosales; f__Methanofastidiosaceae; g__Candidatus_Methanofastidiosum; s__uncultured_archaeon	0.7385249998375212
0ea0937d88e0dbaeacf80541aac885eb	d__Bacteria; p__Proteobacteria; c__Gammaproteobacteria; o__Enterobacterales	0.8686931934199427
9b93a3c961ec8da6d3dd0e0b5da1e50e	d__Archaea; p__Euryarchaeota; c__Thermococci; o__Methanofastidiosales; f__Methanofastidiosaceae; g__Candidatus_Methanofastidiosum	0.9999996466887627
4b68e4197a58783be98ec7f1fabe3ad3	d__Bacteria; p__Bacteroidota; c__Kapabacteria; o__Kapabacteriales; f__Kapabacteriales; g__Kapabacteriales; s__uncultured_bacterium	0.9972132329009169
2865afa2fd2c774ab9ad04f7dad8a322	d__Archaea; p__Halobacterota; c__Methanomicrobia; o__Methanomicrobiales; f__Methanospirillaceae; g__Methanospirillum	0.9999900570806751
42c5ba23dbf68362a2dc2f9373214958	d__Bacteria; p__Bacteroidota; c__Bacteroidia; o__Bacteroidales; f__Rikenellaceae; g__uncultured; s__uncultured_prokaryote	0.9917749011713186
0bf267933cc776683c69cb2f232dd069	d__Archaea; p__Halobacterota; c__Methanosarcinia; o__Methanosarciniales; f__Methanosarcinaceae; g__Methanosarcina	0.9999997937515535
c710d0cdbd3aaa8a103e9312d7d48293	d__Archaea; p__Euryarchaeota; c__Thermococci; o__Methanofastidiosales; f__Methanofastidiosaceae; g__Candidatus_Methanofastidiosum	0.9999999392996987
e4833417e29c09f0fbc8012d8a0b74b4	d__Eukaryota	0.7314400850984145
19ef6be749eb32a31de8c64f4b58732a	d__Archaea; p__Halobacterota; c__Methanomicrobia; o__Methanomicrobiales; f__Methanoregulaceae; g__Methanolinea; s__uncultured_archaeon	0.7551093553912723
f564537bd84fc6fc7664934190ec6824	d__Archaea; p__Halobacterota; c__Methanosarcinia; o__Methanosarciniales; f__Methanosarcinaceae	0.9999898974503758
0febe8996a09b387fa27154fc1d8b808	d__Archaea; p__Halobacterota; c__Methanomicrobia; o__Methanomicrobiales; f__Methanomicrobiaceae; g__Methanoculleus	0.9989509794992997
dfc9dfdef350be0849c96c882242944e	d__Archaea; p__Halobacterota; c__Methanosarcinia; o__Methanosarciniales; f__Methanosarcinaceae; g__Methanosarcina	0.9999999347040525
f68ea7fe7329093d2c84686587647ccb	d__Archaea; p__Halobacterota; c__Methanomicrobia; o__Methanomicrobiales; f__Methanomicrobiaceae; g__Methanoculleus	0.9963928277540571
efd62e2a597b3a905f55428b15a79d3b	d__Archaea; p__Halobacterota; c__Methanomicrobia; o__Methanomicrobiales; f__Methanoregulaceae; g__Methanolinea	0.9980346931089932
00fb1bed85d06ed6e5635d208abdcb97	d__Archaea; p__Halobacterota; c__Methanosarcinia; o__Methanosarciniales; f__Methanosaetaceae; g__Methanosaeta	0.9999999578394809
5b7d4aba158d7de3b39f52cc5f7ef568	d__Bacteria; p__Bacteroidota; c__Bacteroidia; o__Bacteroidales; f__Rikenellaceae	0.9490874296720971
4818f8a6e3aaf816ea39df19b5dbeab0	d__Bacteria; p__Acidobacteriota; c__Aminicenantia; o__Aminicenantales; f__Aminicenantales; g__Aminicenantales; s__uncultured_bacterium	0.8386837118608937
9c90e8885fdbff85b61dd1c35d740618	d__Archaea; p__Euryarchaeota; c__Thermococci; o__Methanofastidiosales; f__Methanofastidiosaceae; g__Candidatus_Methanofastidiosum	0.9999999136895918
c1d80cc2c06b7418f694bf081ba34935	d__Eukaryota	0.7419612209814906
15803654f0bc45115bd549cbc27fe103	d__Archaea; p__Halobacterota; c__Methanomicrobia; o__Methanomicrobiales; f__Methanoregulaceae; g__Methanolinea; s__uncultured_Methanomicrobiales	0.8452505252002285
3a309b575d2d7987e10600fdf3103ea0	d__Archaea; p__Halobacterota; c__Methanomicrobia; o__Methanomicrobiales; f__Methanoregulaceae; g__Methanolinea; s__uncultured_Methanomicrobiales	0.8536318596005834
f629851bbbc4ae5192264a3a7ead3f52	d__Bacteria; p__Proteobacteria; c__Gammaproteobacteria; o__Enterobacterales	0.7954385041507458
aeff31ae17ddb4354904b4a4267ae1e4	d__Archaea; p__Halobacterota; c__Methanomicrobia; o__Methanomicrobiales; f__Methanospirillaceae; g__Methanospirillum	0.9999974009869557
32ca5d025a945643ba997f7d6807fd55	d__Archaea; p__Halobacterota; c__Methanosarcinia; o__Methanosarciniales; f__Methanosarcinaceae; g__Methanomethylovorans	0.8319049144699473
c5414ad3913849624676ec9778010ea7	d__Archaea; p__Halobacterota; c__Methanomicrobia; o__Methanomicrobiales; f__Methanomicrobiaceae; g__Methanoculleus; s__Methanoculleus_bourgensis	0.7707143853389135
51f01bb6f024c1e1604d407747ebccb4	d__Bacteria; p__Bacteroidota; c__Bacteroidia; o__Bacteroidales; f__Rikenellaceae; g__DMER64	0.9809522911374228
7ae1fc6dbcf63b2d609a491e6ec6c928	d__Archaea; p__Thermoplasmatota; c__Thermoplasmata; o__Methanomassiliicoccales; f__Methanomethylophilaceae; g__Candidatus_Methanomethylophilus; s__Candidatus_Methanomethylophilus	0.9543384565161973
dfc11fc5efbd6986df3da5f17c2bbe81	d__Archaea; p__Halobacterota; c__Methanosarcinia; o__Methanosarciniales; f__Methanosarcinaceae; g__Methanimicrococcus; s__uncultured_Methanimicrococcus	0.994072027612551
1eddc5ce6f7402fa6933f6ed8565a635	d__Archaea; p__Halobacterota; c__Methanosarcinia; o__Methanosarciniales; f__Methanosarcinaceae; g__Methanosarcina	0.9999999352934561
22ba3da1ae9b63628aed8993a74eba22	d__Archaea; p__Euryarchaeota; c__Methanobacteria; o__Methanobacteriales; f__Methanobacteriaceae; g__Methanobacterium	0.9999423933787126
1516e7ca9479547ae1e23f70c6a47b69	d__Bacteria; p__Bacteroidota; c__Bacteroidia; o__Sphingobacteriales; f__Lentimicrobiaceae; g__Lentimicrobium; s__uncultured_bacterium	0.7842762510362781
3e327bb18731700d8bf4e2dae1d15a7c	d__Bacteria; p__Firmicutes; c__Clostridia; o__Lachnospirales; f__Lachnospiraceae	0.999728753351233
1f9c9fa6520d43dec62d3aab6908b71e	d__Archaea; p__Halobacterota; c__Methanomicrobia; o__Methanomicrobiales; f__Methanoregulaceae; g__Methanolinea; s__uncultured_Methanomicrobiales	0.878447683360473
361a338d177a7a6a8ca284cb276cd6d4	d__Archaea; p__Halobacterota; c__Methanomicrobia; o__Methanomicrobiales; f__Methanospirillaceae; g__Methanospirillum; s__metagenome	0.839234239256023
ed3400cbab7b67a3e8a116502d23ba6b	d__Bacteria; p__Actinobacteriota; c__Acidimicrobiia; o__Microtrichales; f__Microtrichaceae; g__IMCC26207; s__uncultured_bacterium	0.9639508736187556
760e6464b7e72684b509d7236e3c8a5e	d__Archaea; p__Halobacterota; c__Methanosarcinia; o__Methanosarciniales; f__Methanosarcinaceae; g__Methanimicrococcus; s__uncultured_Methanimicrococcus	0.9991165663200805
7e5dd785f95885bbb21b9391433f69c5	d__Archaea; p__Euryarchaeota; c__Methanobacteria; o__Methanobacteriales; f__Methanobacteriaceae; g__Methanobrevibacter	0.9304234543035859
62e0a0a4c35be0d4d530030da4281037	d__Bacteria; p__Verrucomicrobiota; c__Chlamydiae; o__LD1-PA32; f__LD1-PA32; g__LD1-PA32; s__uncultured_bacterium	0.9979133965106122
0407c56993d5714d31e75f2c562942fb	d__Archaea; p__Halobacterota; c__Methanosarcinia; o__Methanosarciniales; f__Methanosaetaceae; g__Methanosaeta; s__uncultured_Methanosarcina	0.939880177194436
a1da0d7a498c6d23f2c45778aad31496	d__Archaea; p__Halobacterota; c__Methanosarcinia; o__Methanosarciniales; f__Methanosarcinaceae; g__Methanosarcina	0.9999996970326073
85f1dc13d132b51fc7062723d198f1b9	d__Archaea; p__Halobacterota; c__Methanomicrobia; o__Methanomicrobiales; f__Methanoregulaceae; g__Methanolinea	0.9556214165676534
7fe91facbed274e0ed23c820e6cd8ef7	d__Archaea; p__Halobacterota; c__Methanomicrobia; o__Methanomicrobiales; f__Methanomicrobiaceae; g__Methanoculleus	0.9999986776751915
b034938b33933744a8653f032a02d673	d__Bacteria; p__Halanaerobiaeota; c__Halanaerobiia; o__Halanaerobiales; f__Halanaerobiaceae; g__Halocella	0.997886774547023
b6d3146a2924c97f0c22e31684d1720b	d__Archaea; p__Halobacterota; c__Methanomicrobia; o__Methanomicrobiales; f__Methanospirillaceae; g__Methanospirillum	0.999996243635213
df59052fc9319b047f69de83a199d8bd	d__Archaea; p__Thermoplasmatota; c__Thermoplasmata; o__Methanomassiliicoccales; f__Methanomassiliicoccaceae; g__uncultured	0.9999934748920171
aff3773feca30234cd978c9eb2a687f5	d__Archaea; p__Euryarchaeota; c__Methanobacteria; o__Methanobacteriales; f__Methanobacteriaceae; g__Methanobacterium	0.999922695681859
8af97544a638d66c83599bc362ad85b4	d__Archaea; p__Halobacterota; c__Methanomicrobia; o__Methanomicrobiales; f__Methanoregulaceae; g__Methanoregula	0.9998190626384222
84367dcb57bbb61f8bb4140750585d94	d__Archaea; p__Euryarchaeota; c__Methanobacteria; o__Methanobacteriales; f__Methanobacteriaceae; g__Methanobacterium	0.9998760332036395
e9713b01b21028a158af3cec57d29ac1	Unassigned	0.4209273360188004
1aa223671da95a2836d1a783e03d6f7a	d__Archaea; p__Halobacterota; c__Methanosarcinia; o__Methanosarciniales; f__Methanosaetaceae; g__Methanosaeta	0.9981036234950221
cd5ddbb5e54f90c72df9e756de9bc819	d__Eukaryota	0.7485514311794997
eecf7cb0dd7f1df09d46025415b16af8	d__Bacteria; p__Proteobacteria; c__Gammaproteobacteria; o__Enterobacterales	0.8668686309608954
0107b90da4703482b7aaccadd2e29134	d__Archaea; p__Nanoarchaeota; c__Nanoarchaeia; o__Woesearchaeales; f__SCGC_AAA011-D5; g__SCGC_AAA011-D5; s__uncultured_euryarchaeote	0.888011747833229
e5710ed1a1d35eb918fe2ff4b34bb874	d__Bacteria; p__Bacteroidota; c__Bacteroidia; o__Bacteroidales; f__Rikenellaceae; g__Rikenellaceae_RC9_gut_group; s__uncultured_prokaryote	0.8608898022184898
06daffad6a199376546e30fab4162cd2	d__Archaea; p__Halobacterota; c__Methanomicrobia; o__Methanomicrobiales; f__Methanomicrobiaceae; g__Methanoculleus	0.9962402576581334
9b237e9da3cecc24e7127fd748b37fa5	d__Bacteria; p__Proteobacteria; c__Gammaproteobacteria; o__Enterobacterales	0.7878210753767597
8e545e7ad04bdd2a71ae6b3288a78081	d__Bacteria; p__Bacteroidota; c__Bacteroidia	0.9976348337295902
cbd8701cd29eb4f1bd606a3442394a60	d__Archaea; p__Halobacterota; c__Methanomicrobia; o__Methanomicrobiales; f__Methanomicrobiaceae; g__Methanoculleus	0.9991874141040026
139533617f37b68917f1b4d237e4d1b6	d__Archaea; p__Halobacterota; c__Methanomicrobia; o__Methanomicrobiales; f__Methanospirillaceae; g__Methanospirillum	0.9999280209211536
80d1a3e6a6cab558cf1a35728fe9b8c0	d__Bacteria; p__Proteobacteria; c__Gammaproteobacteria; o__Enterobacterales	0.8678275321467278
3c19944c50e8eb3124c3845f6ecfb6dc	d__Bacteria; p__Bacteroidota; c__Bacteroidia; o__Bacteroidales; f__Tannerellaceae; g__Macellibacteroides	0.9999682619735125
bab24a3d1ab85beabd056457328f6575	d__Archaea; p__Halobacterota; c__Methanomicrobia; o__Methanomicrobiales; f__Methanomicrobiaceae; g__Methanoculleus; s__Methanoculleus_bourgensis	0.7711224055807139
1ec47a5eb9c7339274be73aa5978ab87	d__Archaea; p__Halobacterota; c__Methanosarcinia; o__Methanosarciniales; f__Methanosarcinaceae; g__Methanosarcina	0.999999890939322
77f20fbbc9df84da4183a5efac6fee92	d__Archaea; p__Euryarchaeota; c__Thermococci; o__Methanofastidiosales; f__Methanofastidiosaceae; g__Candidatus_Methanofastidiosum; s__uncultured_archaeon	0.7869470856101295
36b879632832eed6a37f9e372e7f2df1	d__Archaea; p__Nanoarchaeota; c__Nanoarchaeia; o__Woesearchaeales; f__Woesearchaeales; g__Woesearchaeales; s__uncultured_archaeon	0.9979891609445275
0fe5b64c5730eb8372cc213117b39a30	d__Archaea; p__Halobacterota; c__Methanomicrobia; o__Methanomicrobiales; f__Methanospirillaceae; g__Methanospirillum	0.9999978685989296
14b70a66381b0d10fa635f5d871ca0a8	d__Bacteria; p__Firmicutes; c__Bacilli; o__Lactobacillales; f__Lactobacillaceae; g__Lactobacillus	0.9869118558559009
65d636126c7ec6ff14fb9764d7ad92ac	d__Archaea; p__Halobacterota; c__Methanomicrobia; o__Methanomicrobiales; f__Methanoregulaceae; g__Methanolinea; s__uncultured_archaeon	0.8637558462778513
27dae072f4c3022c3e732a1cb8d77f8a	d__Archaea; p__Halobacterota; c__Methanomicrobia; o__Methanomicrobiales; f__Methanoregulaceae; g__Methanoregula	0.999947540320554
1d5882cab14303035e4e6e4114207777	d__Bacteria; p__Bacteroidota; c__Bacteroidia; o__Bacteroidetes_VC2.1_Bac22; f__Bacteroidetes_VC2.1_Bac22; g__Bacteroidetes_VC2.1_Bac22; s__uncultured_bacterium	0.9994601943280225
66f95e38c68cba1357356f084aa61c70	d__Archaea; p__Halobacterota; c__Methanosarcinia; o__Methanosarciniales; f__Methanosaetaceae; g__Methanosaeta	0.9999999621668446
f0c0c72602d480d4b8e10cfac679dc08	d__Archaea; p__Halobacterota; c__Methanomicrobia; o__Methanomicrobiales; f__Methanomicrobiaceae; g__Methanoculleus; s__Methanoculleus_bourgensis	0.7554085313671667
01a147de2b39920feb8cedab8fe888e9	d__Bacteria; p__Spirochaetota; c__Leptospirae; o__Leptospirales; f__Leptospiraceae; g__RBG-16-49-21; s__uncultured_soil	0.9927457170240246
9342155614151bc5e04e76cd909f991a	d__Archaea; p__Euryarchaeota; c__Thermococci; o__Methanofastidiosales; f__Methanofastidiosaceae; g__Candidatus_Methanofastidiosum	0.9999998505580203
bd7d9746298a89545f8fc0fbb19bbc6c	d__Archaea; p__Halobacterota; c__Methanosarcinia; o__Methanosarciniales; f__Methanosaetaceae; g__Methanosaeta	0.9999999004271277
518eb8c6a7db899c6790a2f10819a5b0	d__Archaea; p__Halobacterota; c__Methanomicrobia; o__Methanomicrobiales; f__Methanomicrobiaceae; g__Methanoculleus; s__Methanoculleus_bourgensis	0.7600361467981613
59c5f4b829de2813bbe75da6ffa4de3e	d__Archaea; p__Halobacterota; c__Methanomicrobia; o__Methanomicrobiales; f__Methanoregulaceae; g__Methanolinea; s__uncultured_Methanomicrobiales	0.8644741632420129
f3b235cd96219d6872c52a98dde97870	d__Archaea; p__Halobacterota; c__Methanomicrobia; o__Methanomicrobiales; f__Methanoregulaceae; g__Methanoregula	0.9999690445894618
5b5c448cac1f72bf3fe12875ec80f3a7	d__Archaea; p__Halobacterota; c__Methanomicrobia; o__Methanomicrobiales; f__Methanospirillaceae; g__Methanospirillum	0.9999978375960927
58c1d464349011fcd1da9e515f0f4963	d__Archaea; p__Halobacterota; c__Methanomicrobia; o__Methanomicrobiales; f__Methanoregulaceae; g__Methanolinea	0.9352705327132147
b824cca841bdc90ffdc3acdcd56facbc	d__Archaea; p__Halobacterota; c__Methanomicrobia; o__Methanomicrobiales; f__Methanospirillaceae; g__Methanospirillum	0.9999669473119902
8eae0724a2c7e2bbae9d966705896bc6	d__Archaea; p__Halobacterota; c__Methanosarcinia; o__Methanosarciniales; f__Methanosarcinaceae; g__Methanosarcina	0.9999999554078112
92a674d705b32cb1e2bbbd61d7012d24	d__Archaea; p__Euryarchaeota; c__Methanobacteria; o__Methanobacteriales; f__Methanobacteriaceae; g__Methanobrevibacter; s__Methanobrevibacter_boviskoreani	0.976596032000018
45d03fdcccd37b49b4d645a8b45cbf09	d__Archaea; p__Euryarchaeota; c__Thermococci; o__Methanofastidiosales; f__Methanofastidiosaceae; g__Candidatus_Methanofastidiosum	0.9999999232205699
bafdeb6b6c002cb41346ef0057177004	d__Bacteria; p__Actinobacteriota; c__Acidimicrobiia; o__Microtrichales; f__Microtrichaceae; g__IMCC26207; s__uncultured_bacterium	0.9785548691530264
adb9f446e63fa4145b950eae906f559a	d__Archaea; p__Nanoarchaeota; c__Nanoarchaeia; o__Woesearchaeales; f__Woesearchaeales; g__Woesearchaeales; s__uncultured_archaeon	0.9992654084446624
e88dcd4c23a36aa8ca2c837e57152ac5	d__Archaea; p__Micrarchaeota; c__Micrarchaeia; o__Micrarchaeales; f__Micrarchaeales; g__Micrarchaeales; s__uncultured_archaeon	0.9999999916672522
23ba19c47debfc146c1c5e7fb61575b9	d__Eukaryota; p__Mollusca; c__Bivalvia; o__Veneroida; f__Veneroida; g__Veneroida	0.9593027799610611
b05af1d44211a3c0676791d2ded0acb2	Unassigned	0.6639440516840205
0e871e34a74ad36d7925dcfbc49424dc	d__Archaea; p__Thermoplasmatota; c__Thermoplasmata; o__Methanomassiliicoccales; f__Methanomethylophilaceae; g__Candidatus_Methanogranum; s__Candidatus_Methanogranum	0.9009631192562462
3a04d578e54b40b2acaf97bef91addbe	d__Archaea; p__Halobacterota; c__Methanosarcinia; o__Methanosarciniales; f__Methanosaetaceae; g__Methanosaeta	0.9999995916214163
9619cf1848ff13963a5d10d6726cca61	d__Archaea; p__Euryarchaeota; c__Methanobacteria; o__Methanobacteriales; f__Methanobacteriaceae; g__Methanobacterium	0.9999934239495059
aea64b66be5d35b5155f2d7001de2466	d__Archaea; p__Halobacterota; c__Methanomicrobia; o__Methanomicrobiales; f__Methanoregulaceae; g__Methanoregula	0.9999571805441618
9aafededdf40cc4e59ba32848de62bb8	Unassigned	0.9637748659475441
2d42c4f6b906b1c1af2a90f55031dc5b	d__Archaea; p__Halobacterota; c__Methanosarcinia; o__Methanosarciniales; f__Methanosaetaceae; g__Methanosaeta	0.9999999716224224
a11a083c2f9d1cf4c8dfe04215740986	d__Bacteria; p__Bacteroidota; c__Bacteroidia; o__Sphingobacteriales; f__Lentimicrobiaceae; g__Lentimicrobium; s__anaerobic_digester	0.9745683397025342
9502a807a87fe6eccc256f9ac921ea70	d__Bacteria; p__Bacteroidota; c__Bacteroidia; o__Flavobacteriales; f__NS9_marine_group; g__NS9_marine_group; s__uncultured_bacterium	0.8325300747191122
6c60ad6e64de05dee5efdbb5bebd8dac	d__Archaea; p__Halobacterota; c__Methanosarcinia; o__Methanosarciniales; f__Methanosarcinaceae; g__Methanosarcina	0.9999999410728926
6ad77a0ae603357ed09365de5b990432	d__Archaea; p__Euryarchaeota; c__Thermococci; o__Methanofastidiosales; f__Methanofastidiosaceae; g__Candidatus_Methanofastidiosum	0.9999998875041498
a7ed2c4b1bd2f9c9ac950507319d1be5	d__Bacteria; p__Bacteroidota; c__Bacteroidia; o__Bacteroidales; f__Rikenellaceae; g__Rikenellaceae_RC9_gut_group; s__uncultured_bacterium	0.9892661145032057
e4b74ae0ec091d664316618701524fb7	d__Archaea; p__Euryarchaeota; c__Methanobacteria; o__Methanobacteriales; f__Methanobacteriaceae; g__Methanobacterium	0.9999929237949454
1ff2153c15f3d21110675a071051bd54	d__Archaea; p__Euryarchaeota; c__Methanobacteria; o__Methanobacteriales; f__Methanobacteriaceae; g__Methanobacterium	0.9999449641908859
1e0262fa441ad67f0672b9be56a7bc76	d__Archaea; p__Nanoarchaeota; c__Nanoarchaeia; o__Woesearchaeales; f__Woesearchaeales; g__Woesearchaeales; s__uncultured_euryarchaeote	0.9978599674747641
d003c1cedc7999723dc9a500bbbd1a49	d__Bacteria; p__Firmicutes; c__Syntrophomonadia; o__Syntrophomonadales; f__Syntrophomonadaceae; g__Syntrophomonas	0.9566317013395655
5f5a1963aeb0c58f650e0a8ebcae0ae4	d__Archaea; p__Nanoarchaeota; c__Nanoarchaeia; o__Woesearchaeales; f__Woesearchaeales; g__Woesearchaeales; s__uncultured_archaeon	0.9983174244806484
62a324e9316b0382ef180777ba062c46	d__Archaea; p__Halobacterota; c__Methanomicrobia; o__Methanomicrobiales; f__Methanospirillaceae; g__Methanospirillum	0.9999975625442439
8853a5dac132a454373b331ef116e1b5	d__Archaea; p__Halobacterota; c__Methanosarcinia; o__Methanosarciniales; f__Methanosaetaceae; g__Methanosaeta	0.9999998097541345
e34c49132adf72d68a935089e7474767	d__Archaea; p__Halobacterota; c__Methanomicrobia; o__Methanomicrobiales; f__Methanomicrobiaceae; g__Methanoculleus; s__Methanoculleus_bourgensis	0.7275683371458711
134a63c02965cbab78b6df86a9a3666c	d__Archaea; p__Halobacterota; c__Methanosarcinia; o__Methanosarciniales; f__Methanosaetaceae; g__Methanosaeta; s__uncultured_Methanosarcina	0.9543174448468257
37a1fb2454c9b4f63a2f10b7880bdd5c	d__Archaea; p__Crenarchaeota; c__Nitrososphaeria; o__Nitrososphaerales; f__Nitrososphaeraceae; g__Candidatus_Nitrocosmicus	0.9477479790327521
ceb179ba04f0baec1e81aab852aee1b0	d__Archaea; p__Halobacterota; c__Methanomicrobia; o__Methanomicrobiales; f__Methanospirillaceae; g__Methanospirillum	0.9999869907682726
2d7431417910e862b7a8cd9791672832	d__Archaea; p__Euryarchaeota; c__Methanobacteria; o__Methanobacteriales; f__Methanobacteriaceae; g__Methanobacterium	0.9889704961086254
001ac0d876c20c6ab56c916255163e30	d__Bacteria	0.7421235824476132
46637314b2528c7e79d694f381a020d3	d__Archaea; p__Halobacterota; c__Methanosarcinia; o__Methanosarciniales; f__Methanosaetaceae; g__Methanosaeta	0.9999999538481631
3ea01d99bc783a647081db751cf22a1c	d__Bacteria; p__Spirochaetota; c__Leptospirae; o__Leptospirales; f__Leptospiraceae; g__RBG-16-49-21	0.999998831929051
114df82912129266f4b20bbbf79f77a9	d__Archaea; p__Halobacterota; c__Methanomicrobia; o__Methanomicrobiales; f__Methanospirillaceae; g__Methanospirillum	0.9999969455923972
c0b928c6226983832c773b4846475a9e	d__Archaea; p__Halobacterota; c__Methanosarcinia; o__Methanosarciniales; f__Methanosaetaceae; g__Methanosaeta	0.9948100200573136
2d4646817503f9971623e3041931c941	d__Bacteria; p__Spirochaetota; c__Leptospirae; o__Leptospirales; f__Leptospiraceae; g__RBG-16-49-21	0.9996249833068455
6f3bb9473ad0c4fc4c619f0194ae0b49	d__Archaea; p__Halobacterota; c__Methanomicrobia; o__Methanomicrobiales; f__Methanoregulaceae; g__Methanolinea	0.9981896083595594
afc134646254c3e8663b00c75996fd86	Unassigned	0.5483655159900169
210a17fc602473b14d1c6865029d7b20	d__Archaea; p__Nanoarchaeota; c__Nanoarchaeia; o__Woesearchaeales; f__Woesearchaeales; g__Woesearchaeales; s__uncultured_archaeon	0.9991507635354553
0db25578423b380675caff65262b5197	d__Archaea; p__Halobacterota; c__Methanomicrobia; o__Methanomicrobiales; f__Methanoregulaceae; g__Methanolinea; s__uncultured_Methanomicrobiales	0.8779988309631869
5ec919a0117a504f32ce13b331f870bc	d__Archaea; p__Euryarchaeota; c__Thermococci; o__Methanofastidiosales; f__Methanofastidiosaceae; g__Candidatus_Methanofastidiosum	0.9999996897111812
f75cf4ff26daad50ab78b3e5e1483355	d__Bacteria; p__Spirochaetota; c__Leptospirae; o__Leptospirales; f__Leptospiraceae; g__RBG-16-49-21	0.9999999949984397
1dec9cd48c3eea6be824e4080f36493e	d__Archaea; p__Euryarchaeota; c__Methanobacteria; o__Methanobacteriales; f__Methanobacteriaceae; g__Methanobacterium	0.9999927913785998
a5f90aceb574a5699c6afcd97147377e	d__Bacteria; p__Acidobacteriota	0.9931901144673818
203fa144d376d27943d9773275dc71a3	d__Bacteria; p__Firmicutes; c__Syntrophomonadia; o__Syntrophomonadales; f__Syntrophomonadaceae; g__Syntrophomonas	0.9743635543821914
2e5c392c2019d781d9fe97debd04b97e	d__Archaea; p__Euryarchaeota; c__Thermococci; o__Methanofastidiosales; f__Methanofastidiosaceae; g__Candidatus_Methanofastidiosum; s__uncultured_archaeon	0.744747070922968
abce9234d192345cde72008020364f61	d__Archaea; p__Crenarchaeota; c__Bathyarchaeia; o__Bathyarchaeia; f__Bathyarchaeia; g__Bathyarchaeia; s__unidentified_archaeon	0.7273481717437587
922d0d4e9fc85e1e2a771185962f3407	d__Archaea; p__Halobacterota; c__Methanomicrobia; o__Methanomicrobiales; f__Methanoregulaceae; g__Methanoregula	0.9999914150307289
bef9700e3a20c9a81aaab5a01547d413	d__Bacteria; p__Actinobacteriota; c__Actinobacteria; o__Bifidobacteriales; f__Bifidobacteriaceae; g__Aeriscardovia; s__Bifidobacteriaceae_genomosp.	0.966226477042733
0fbec58376f077e04afff9e46f542efa	d__Archaea; p__Thermoplasmatota; c__Thermoplasmata; o__Methanomassiliicoccales; f__Methanomethylophilaceae; g__Candidatus_Methanogranum; s__Candidatus_Methanogranum	0.731011480870004
c0f47fbe5534928877a2a249c46781aa	d__Archaea; p__Halobacterota; c__Methanosarcinia; o__Methanosarciniales; f__Methanosaetaceae; g__Methanosaeta; s__uncultured_Methanosaetaceae	0.9949246415809198
1e42cccf89cd54e0ed861c3e00d36dc0	d__Archaea; p__Halobacterota; c__Methanomicrobia; o__Methanomicrobiales; f__Methanoregulaceae; g__Methanoregula	0.999870927478476
20535d2374a1215e14ae0b5f8b375a19	d__Archaea; p__Halobacterota; c__Methanomicrobia; o__Methanomicrobiales; f__Methanoregulaceae; g__Methanoregula	0.999985697131843
80a77ce3f91baff6c752e9ddf4b5ee21	d__Bacteria; p__Bacteroidota; c__Bacteroidia; o__Bacteroidales; f__Prevotellaceae; g__Prevotella; s__uncultured_Prevotella	0.9977995349644286
a736f241fec7dc03a00c4e92a35cbc88	d__Archaea; p__Halobacterota; c__Methanomicrobia; o__Methanomicrobiales; f__Methanocorpusculaceae; g__Methanocorpusculum; s__uncultured_archaeon	0.9969444292655422
809c76cf47efd41b015b9a04c9924827	d__Archaea; p__Halobacterota; c__Methanosarcinia; o__Methanosarciniales; f__Methanosaetaceae; g__Methanosaeta; s__Methanothrix_thermoacetophila	0.9934215861260766
f6a6c8cf46cb0f084a50766d605a77fd	d__Archaea; p__Nanoarchaeota; c__Nanoarchaeia; o__Woesearchaeales; f__Woesearchaeales; g__Woesearchaeales; s__uncultured_archaeon	0.9980959903673314
6e2769c65920ff4251e5b1095a25b7c9	d__Archaea; p__Euryarchaeota; c__Methanobacteria; o__Methanobacteriales; f__Methanobacteriaceae; g__Methanobrevibacter	0.9999570179563151
d0c83d095f2790fb84b66dd366a7d2cc	d__Archaea; p__Halobacterota; c__Methanomicrobia; o__Methanomicrobiales; f__Methanoregulaceae; g__Methanoregula	0.9999605089117345
3d38138d10e39c1fd6afca95f60374ae	Unassigned	0.9802271769200203
cfa5533f5252b099b83f95436f766589	d__Archaea; p__Halobacterota; c__Methanosarcinia; o__Methanosarciniales; f__Methanosarcinaceae; g__Methanosarcina	0.9999999513009872
efed7c1847e89e76407d72a9c1db178a	d__Archaea; p__Nanoarchaeota; c__Nanoarchaeia; o__Woesearchaeales; f__Woesearchaeales; g__Woesearchaeales; s__uncultured_archaeon	0.9978968300445802
cca441fef1fc5f34327049a8ccf03bd9	d__Archaea; p__Euryarchaeota; c__Methanobacteria; o__Methanobacteriales; f__Methanobacteriaceae; g__Methanosphaera	0.8101160366937153
2b01f985982fb640caae614ae61ffafd	d__Bacteria; p__Bacteroidota; c__Bacteroidia; o__Bacteroidales; f__Rikenellaceae	0.9969286041976639
25b4b124612a4c9c4a8a13d74be9f124	Unassigned	0.329617532012202
25eee40bae49947b4f3ec5338e67e6db	d__Archaea; p__Halobacterota; c__Methanosarcinia; o__Methanosarciniales; f__Methanosarcinaceae; g__Methanosarcina	0.9999999742917853
e0812a14cb90e0cd609f5eb7bff7a0e1	d__Archaea; p__Halobacterota; c__Methanomicrobia; o__Methanomicrobiales; f__Methanospirillaceae; g__Methanospirillum	0.999966870195427
a88d0c3a8448fc524ef53e9c7ca483cb	d__Archaea; p__Euryarchaeota; c__Thermococci; o__Methanofastidiosales; f__Methanofastidiosaceae; g__Candidatus_Methanofastidiosum	0.9999999074522741
bbe3891698a2e81cbb2344776ace1398	d__Archaea; p__Euryarchaeota; c__Methanobacteria; o__Methanobacteriales; f__Methanobacteriaceae; g__Methanobacterium	0.9998517614952541
d69e8517891e106d388f9e4c71b687bb	d__Archaea; p__Euryarchaeota; c__Thermococci; o__Methanofastidiosales; f__Methanofastidiosaceae; g__Candidatus_Methanofastidiosum	0.9999999081497503
b2569052cd294ab87a984b78ba123232	Unassigned	0.9783442043070404
59fc3eecb2b407207e54034cfa25af7f	d__Bacteria; p__Spirochaetota; c__Leptospirae; o__Leptospirales; f__Leptospiraceae; g__RBG-16-49-21; s__uncultured_bacterium	0.8677493350079686
bac1eec6a990e528eb730a21e8c88504	Unassigned	0.4572099617044385
dc9ae5f4b01a3b4f98615c979ce5de83	d__Bacteria; p__Bacteroidota; c__Bacteroidia; o__Bacteroidales; f__Rikenellaceae; g__Rikenellaceae_RC9_gut_group	0.7596352174756952
e854d9ce0e99367c222da5fc0849150b	d__Archaea; p__Halobacterota; c__Methanomicrobia; o__Methanomicrobiales; f__Methanospirillaceae; g__Methanospirillum	0.9999957439866045
eaf89af6f09738d9f05949563a1fab9b	d__Archaea; p__Euryarchaeota; c__Methanobacteria; o__Methanobacteriales; f__Methanobacteriaceae; g__Methanobacterium	0.99986017182526
337ada3726ce54c4b801f6d41906b436	d__Archaea; p__Euryarchaeota; c__Thermococci; o__Methanofastidiosales; f__Methanofastidiosaceae; g__Candidatus_Methanofastidiosum; s__uncultured_archaeon	0.7375454914446402
625d86a64d386a4ddc2c16eeba0d4167	d__Archaea; p__Euryarchaeota; c__Thermococci; o__Methanofastidiosales; f__Methanofastidiosaceae; g__Candidatus_Methanofastidiosum; s__uncultured_archaeon	0.7895754232095221
4250a0039ace0cbf632771c1be1a9f40	d__Archaea; p__Halobacterota; c__Methanosarcinia; o__Methanosarciniales; f__Methanosaetaceae; g__Methanosaeta	0.9999999736520679
da00c033eade04ef723def444244c788	Unassigned	0.538236722642494
2efd085069bae57940db15a8b0803d0a	d__Archaea; p__Halobacterota; c__Methanosarcinia; o__Methanosarciniales; f__Methanosarcinaceae; g__Methanosarcina	0.9999995238982661
1b65123c1b8c37b7e2ae21c5d6639769	d__Archaea; p__Halobacterota; c__Methanomicrobia; o__Methanomicrobiales; f__Methanoregulaceae; g__Methanolinea; s__uncultured_Methanomicrobiales	0.8536701672424658
5833cbc45865073929c34100a9fde13b	d__Archaea; p__Euryarchaeota; c__Methanobacteria; o__Methanobacteriales; f__Methanothermobacteriaceae; g__Methanothermobacter; s__Methanothermobacter_crinale	0.761083549826181
262fba66035b400dad6757df186ad3a3	d__Archaea; p__Halobacterota; c__Methanosarcinia; o__Methanosarciniales; f__Methanosaetaceae; g__Methanosaeta	0.9989877820582198
eb3fd7f7ee542c736a924f407418537a	d__Archaea; p__Halobacterota; c__Methanosarcinia; o__Methanosarciniales; f__Methanosarcinaceae; g__Methanosarcina	0.9999988533733819
5b92bf96a7ffa2de90ca51f9542b45bb	d__Archaea; p__Euryarchaeota; c__Thermococci; o__Methanofastidiosales; f__Methanofastidiosaceae; g__Candidatus_Methanofastidiosum; s__uncultured_archaeon	0.735291852366087
c1a2429f31bd147cf3564b6a43d5e40b	d__Archaea; p__Halobacterota; c__Methanomicrobia; o__Methanomicrobiales; f__Methanomicrobiaceae; g__Methanogenium; s__uncultured_archaeon	0.9857277172077398
4221e09deaa37d544941ffe1b907de12	Unassigned	0.37297734839110297
f3746c485338351a7884b2fc76718677	Unassigned	0.6696507078435451
473e169b6011c2183b9fc06657fc1225	Unassigned	0.5665000228627177
4a815a74c6775ccff221e8e4a82d057a	d__Archaea; p__Thermoplasmatota; c__Thermoplasmata; o__Methanomassiliicoccales; f__Methanomethylophilaceae; g__Candidatus_Methanoplasma; s__uncultured_archaeon	0.9961510858197784
6a7225a5b962b0ebe948c312e95b050f	d__Archaea; p__Halobacterota; c__Methanomicrobia; o__Methanomicrobiales; f__Methanospirillaceae; g__Methanospirillum	0.9999489288344711
77e6d9df1c4ff0d1aff71cbc198a6478	d__Archaea; p__Halobacterota; c__Methanomicrobia; o__Methanomicrobiales; f__Methanoregulaceae; g__Methanolinea; s__uncultured_archaeon	0.718876823094853
b9e30f64aa59057470b814711325eabd	d__Archaea; p__Euryarchaeota; c__Thermococci; o__Methanofastidiosales; f__Methanofastidiosaceae; g__Candidatus_Methanofastidiosum	0.9999998982498587
0fae8c198af3382e15dd62490fd267f0	d__Archaea; p__Halobacterota; c__Methanomicrobia; o__Methanomicrobiales; f__Methanoregulaceae; g__Methanoregula	0.9998124250644687
ada47c5a712c6db709b9242e07398e54	d__Archaea; p__Halobacterota; c__Methanomicrobia; o__Methanomicrobiales; f__Methanomicrobiaceae; g__Methanoculleus	0.9999863310977241
fbc65d2012619a4bda31f329a89422cb	d__Archaea; p__Nanoarchaeota; c__Nanoarchaeia; o__Woesearchaeales; f__Woesearchaeales; g__Woesearchaeales; s__uncultured_archaeon	0.9992722149574144
5fc77a2f47a2abcdc82218884e30b195	d__Archaea; p__Halobacterota; c__Methanomicrobia; o__Methanomicrobiales; f__Methanomicrobiaceae; g__Methanoculleus; s__Methanoculleus_bourgensis	0.734757498531845
ecb0a141d470fab1107c430ee04254a9	d__Archaea; p__Halobacterota; c__Methanomicrobia; o__Methanomicrobiales; f__Methanoregulaceae; g__Methanolinea; s__uncultured_Methanomicrobiales	0.8608575804086405
13d8a06565953269dc931b9b29228566	Unassigned	0.5137090029846642
3d3ffce76b903db45dc3505944937a19	d__Archaea; p__Halobacterota; c__Methanosarcinia; o__Methanosarciniales; f__Methanosaetaceae; g__Methanosaeta	0.9956450261588508
19859d7950514c50af1e616df95f216f	d__Archaea; p__Euryarchaeota; c__Thermococci; o__Methanofastidiosales; f__Methanofastidiosaceae; g__Candidatus_Methanofastidiosum	0.9999998855596083
bd919c4c7876692eaaf26112380a50e4	d__Archaea; p__Halobacterota; c__Methanomicrobia; o__Methanomicrobiales; f__Methanospirillaceae; g__Methanospirillum	0.9991228107806618
464d808fb0c0b98db3d84d484d955cd8	d__Archaea; p__Nanoarchaeota; c__Nanoarchaeia; o__Woesearchaeales; f__Woesearchaeales; g__Woesearchaeales; s__uncultured_archaeon	0.9994479069344224
a70dd9f093a9aa679a759c5902ea2123	d__Archaea; p__Halobacterota; c__Methanosarcinia; o__Methanosarciniales; f__Methanosarcinaceae; g__Methanosarcina	0.9999999066938263
8aa958041510e40506eac3d32e2a3b72	d__Eukaryota	0.711838406538673
c02f6341e767c9e3ac7fbef44dc4d05f	d__Bacteria; p__Bacteroidota; c__Bacteroidia; o__Sphingobacteriales; f__Lentimicrobiaceae; g__Lentimicrobiaceae; s__uncultured_prokaryote	0.7660056058853199
6857e7cc0b0c0912031b0df6500f561a	d__Archaea; p__Asgardarchaeota; c__Odinarchaeia; o__Odinarchaeia; f__Odinarchaeia; g__Odinarchaeia; s__uncultured_marine	0.8698035459651233
b021e7350a0df4d00ff208ae7c7620ea	d__Archaea; p__Halobacterota; c__Methanomicrobia; o__Methanomicrobiales; f__Methanoregulaceae; g__Methanolinea; s__uncultured_Methanomicrobiales	0.8553970115271923
7ddfb45ca5b369a55c041b73b950253f	d__Archaea; p__Halobacterota; c__Methanomicrobia; o__Methanomicrobiales; f__Methanoregulaceae; g__Methanolinea; s__uncultured_Methanomicrobiales	0.8793365038114036
b74a54d35ae409d35ac73bbef7bca70d	d__Archaea; p__Halobacterota; c__Methanomicrobia; o__Methanomicrobiales; f__Methanoregulaceae; g__Methanolinea	0.9934659969030079
5fd150fc63126e16a47ca838ac33b616	d__Archaea; p__Halobacterota; c__Methanomicrobia; o__Methanomicrobiales	0.8568710629555848
140fff270cb86f75f91b0a8aff66b2bd	Unassigned	0.5613661466326806
6c2269485d386cb6a1d28256786e2b26	d__Archaea; p__Nanoarchaeota; c__Nanoarchaeia; o__Woesearchaeales; f__Woesearchaeales; g__Woesearchaeales; s__uncultured_archaeon	0.9987303686467257
f6b5495bea6f73ecd8c2e9fa7b56ef7f	Unassigned	0.6892860202502278
d29851811fafa836b3f19e23aa9a87d7	d__Archaea; p__Euryarchaeota; c__Thermococci; o__Methanofastidiosales; f__Methanofastidiosaceae; g__Candidatus_Methanofastidiosum; s__uncultured_archaeon	0.8017384046140343
3307b617feb5abc0e495e6ad37bd2905	d__Bacteria; p__Bacteroidota; c__Bacteroidia; o__Sphingobacteriales; f__Sphingobacteriaceae; g__Sphingobacterium	0.9999869406742526
02de96a44302ccb52349aa41fc4b7518	d__Archaea; p__Euryarchaeota; c__Thermococci; o__Methanofastidiosales; f__Methanofastidiosaceae; g__Candidatus_Methanofastidiosum; s__uncultured_archaeon	0.7861420582159447
33290cc3fad549c5dda63190ac3c517b	d__Archaea; p__Crenarchaeota; c__Nitrososphaeria; o__Nitrososphaerales; f__Nitrososphaeraceae; g__Candidatus_Nitrocosmicus; s__uncultured_archaeon	0.8004161524600426
119b56556bbabbd730cb311014019a6b	d__Bacteria; p__Bacteroidota; c__Bacteroidia; o__Bacteroidales; f__M2PB4-65_termite_group; g__M2PB4-65_termite_group; s__uncultured_bacterium	0.999536118913989
55da6ed668715dc7d92d1e3fb248697e	d__Bacteria; p__Firmicutes; c__Dethiobacteria; o__Dethiobacterales; f__Dethiobacteraceae; g__uncultured; s__anaerobic_digester	0.9214362277860382
6f1f369f1a68888e7dfabe1833157871	d__Bacteria; p__Bacteroidota; c__Bacteroidia; o__Sphingobacteriales; f__Lentimicrobiaceae; g__Lentimicrobium; s__anaerobic_digester	0.9999995510607547
121b8f551da79d6da5454848d7497885	d__Bacteria; p__Acidobacteriota; c__Aminicenantia; o__Aminicenantales; f__Aminicenantales; g__Aminicenantales	0.9999960553114752
56692b1bd40bbcefdc30ce52a13f2160	Unassigned	0.4970196784588792
07245ca12bff372c951d6b2be4fd48ab	d__Archaea; p__Halobacterota; c__Methanomicrobia; o__Methanomicrobiales; f__Methanospirillaceae; g__Methanospirillum	0.999898140932352
9fbfa8fca2b03137c6e1d42f3858d479	d__Bacteria; p__Proteobacteria; c__Gammaproteobacteria; o__Enterobacterales; f__Enterobacteriaceae	0.7011750485075057
c530c62b78eb4d0bb8a47f6cbe5dead5	d__Archaea; p__Halobacterota; c__Methanomicrobia; o__Methanomicrobiales	0.9999998278203819
1935228817bdcea92e3f99147bec3e5c	d__Archaea; p__Halobacterota; c__Methanomicrobia; o__Methanomicrobiales; f__Methanomicrobiaceae; g__Methanoculleus	0.9999991794411369
376360dce561362825b5ee024ca5c87d	Unassigned	0.3791012052726672
81ebb6997ff2179f2f0560584ade1c89	Unassigned	0.41738499916369587
498bde6c2954711040527fa2c13f1594	d__Bacteria; p__Spirochaetota; c__Leptospirae; o__Leptospirales; f__Leptospiraceae; g__RBG-16-49-21; s__uncultured_soil	0.9128766011398926
6efec07f57291d1868360d987e01e039	Unassigned	0.6946319631609421
b0478b2ce531eab2dc66f24c9afb839b	d__Archaea; p__Halobacterota; c__Methanomicrobia; o__Methanomicrobiales; f__Methanospirillaceae; g__Methanospirillum	0.999997054562745
a125cb3e853a2aa539ccfd1646e51aa1	d__Archaea; p__Halobacterota; c__Methanomicrobia; o__Methanomicrobiales; f__Methanospirillaceae; g__Methanospirillum	0.9999979915304791
c5bbbaf4fa06b85d0e5fd774c853181e	d__Bacteria; p__Bacteroidota; c__Bacteroidia; o__Bacteroidales; f__Rikenellaceae; g__uncultured	0.8987757918502608
75c342ed0c2fc86e6af5b7aa564d506f	d__Archaea; p__Halobacterota; c__Methanomicrobia; o__Methanomicrobiales; f__Methanomicrobiaceae; g__Methanoculleus	0.9999977005114217
e690dad66fc21ab941ab1370219947fd	d__Archaea; p__Euryarchaeota; c__Methanobacteria; o__Methanobacteriales; f__Methanobacteriaceae; g__Methanosphaera	0.7214544612456328
3c7db39cba2725a94a789a779f2c5dd4	d__Archaea; p__Euryarchaeota; c__Methanobacteria; o__Methanobacteriales; f__Methanobacteriaceae; g__Methanobacterium; s__Methanobacterium_paludis	0.8256720252881601
06484b014340fd7058efabc5961046ed	d__Bacteria; p__Bacteroidota; c__Bacteroidia; o__Sphingobacteriales; f__Lentimicrobiaceae; g__Lentimicrobium	0.9768642260298002
8afd609e33dd6998299ebdbb7a6373b0	Unassigned	0.6318282088664955
1e33ca5c46f2ac3e6d07e83bde7c20f4	d__Archaea; p__Halobacterota; c__Methanomicrobia; o__Methanomicrobiales; f__Methanospirillaceae; g__Methanospirillum	0.9999537287409428
4369ef2b4882495932f1a09e8d8c33e3	d__Bacteria	0.999998990027595
662fd0818d5ddbc38305877c4ec8a2d7	Unassigned	0.4577869603497551
6602871bb7a1cb8242a2bb8e6cde410e	d__Bacteria; p__Proteobacteria; c__Gammaproteobacteria; o__Enterobacterales	0.9992729014576669
f8156a64a529b84213e0dda6a233cf5c	Unassigned	0.5071828095180125
55529e761fe0d961335038141bd246cc	d__Bacteria; p__Bacteroidota; c__Bacteroidia; o__Bacteroidales; f__Prevotellaceae; g__Prevotella	0.776366692309102
0a250d103efc1d42f901a885eb5907ca	d__Bacteria; p__Bacteroidota; c__Bacteroidia; o__Bacteroidales; f__Rikenellaceae; g__S50_wastewater-sludge_group; s__uncultured_Bacteroidetes	0.9999997497159143
0e789c0dcbf8fba6a3216eacee8c09dc	d__Archaea; p__Euryarchaeota; c__Methanobacteria; o__Methanobacteriales; f__Methanobacteriaceae; g__Methanosphaera	0.7931797664476871
7cd43ea0ef81c98d91939e9dc8b9749e	d__Archaea; p__Halobacterota; c__Methanosarcinia; o__Methanosarciniales; f__Methanosarcinaceae; g__Methanosarcina	0.9999998160560712
6f77bbf30198c17cd5d963700dd3bee5	d__Bacteria; p__Bacteroidota; c__Kapabacteria; o__Kapabacteriales; f__Kapabacteriales; g__Kapabacteriales; s__uncultured_bacterium	0.9941084214183183
57fb1668897ec00af5aa0380c56b1ad4	d__Archaea; p__Halobacterota; c__Methanomicrobia; o__Methanomicrobiales; f__Methanoregulaceae; g__Methanoregula	0.9999929366904874
3b6afa5f690bb5842eeb0b4de38bb100	d__Archaea; p__Euryarchaeota; c__Methanobacteria; o__Methanobacteriales; f__Methanobacteriaceae; g__Methanobacterium	0.9970876025284998
6071ba1e54e80a7e0a4eeb3115464b41	d__Archaea; p__Halobacterota; c__Methanomicrobia; o__Methanomicrobiales; f__Methanoregulaceae; g__Methanoregula	0.9999261497214857
78a48499c60692831854ef932791f199	d__Bacteria; p__Bacteroidota; c__Bacteroidia; o__Bacteroidales; f__Rikenellaceae; g__Rikenellaceae_RC9_gut_group; s__uncultured_bacterium	0.9968660608552057
ff4dc57696ef0643bed1d4520221fef9	Unassigned	0.6523081267877995
8f11c2d300abfe86eef8e7b973d50496	d__Archaea; p__Halobacterota; c__Methanosarcinia; o__Methanosarciniales; f__Methanosaetaceae; g__Methanosaeta; s__Methanothrix_thermoacetophila	0.9841738571562375
8644f7df0b15ab3fc94e531336a228f3	Unassigned	0.4516542789725789
5a9def7f75d7ef227f8221fda514cd05	Unassigned	0.4955567362113994
dde86d306c9fdeba2dfb1c8d333980ec	d__Bacteria; p__Bacteroidota; c__Bacteroidia; o__Sphingobacteriales; f__ST-12K33; g__ST-12K33; s__metagenome	0.8420012176574019
b39315340a0d34988d9832828d34a67b	d__Archaea; p__Halobacterota; c__Methanosarcinia; o__Methanosarciniales; f__Methanosaetaceae; g__Methanosaeta	0.9843594651488217
f2af94572d5c3d7bab3adb92a9ab2a2a	d__Archaea; p__Halobacterota; c__Methanosarcinia; o__Methanosarciniales; f__Methanosaetaceae; g__Methanosaeta; s__Methanothrix_thermoacetophila	0.9924468127345228
10d36f5f912e817605f46895c6fe897b	d__Bacteria; p__Bacteroidota; c__Bacteroidia; o__Flavobacteriales; f__NS9_marine_group; g__NS9_marine_group; s__metagenome	0.712214577263658
d7d1df7dcb09514f0d723bfab34394ff	d__Bacteria; p__Actinobacteriota; c__Coriobacteriia; o__Coriobacteriales; f__Atopobiaceae; g__Olsenella	0.9918604505748345
7a1936163792e5f17b49a7ba5dd8b3f7	d__Archaea; p__Euryarchaeota; c__Thermococci; o__Methanofastidiosales; f__Methanofastidiosaceae; g__Candidatus_Methanofastidiosum	0.9999997025521915
93d4c22c6adbf95da59afcc80c2196fb	Unassigned	0.5091750013543554
896e3edde7169d74c4b06b7368ae00f7	d__Archaea; p__Halobacterota; c__Methanomicrobia; o__Methanomicrobiales; f__Methanospirillaceae; g__Methanospirillum	0.9964797249893869
b47db9015e7769126970bb6382c8b0a1	d__Bacteria; p__Firmicutes; c__Bacilli; o__Lactobacillales; f__Lactobacillaceae; g__Lactobacillus	0.9950457176546936
341081c979174bad865a34290c5d99cf	d__Bacteria; p__Bacteroidota; c__Bacteroidia; o__Bacteroidales; f__Dysgonomonadaceae; g__Proteiniphilum; s__anaerobic_digester	0.9887823116948319
c82470e404f746ad9957913ef5971293	d__Bacteria; p__Bacteroidota; c__Bacteroidia; o__Bacteroidales; f__Williamwhitmaniaceae; g__Blvii28_wastewater-sludge_group; s__uncultured_bacterium	0.9999998425367504
4cb5f202bbf8d89fe2e8a5be8d995ec1	d__Archaea; p__Halobacterota; c__Methanomicrobia; o__Methanomicrobiales; f__Methanoregulaceae; g__Methanolinea; s__uncultured_Methanomicrobiales	0.7399690730973437
faf45cfe81027739e84566aa389201e1	d__Archaea; p__Halobacterota; c__Methanosarcinia; o__Methanosarciniales; f__Methanosarcinaceae; g__Methanosarcina	0.9999999219959416
890080f3ad6574fe492efe3d2c267f36	d__Archaea; p__Halobacterota; c__Methanosarcinia; o__Methanosarciniales; f__Methanosarcinaceae; g__Methanosarcina	0.9999999378263211
6ebf17e56c35826ffe482b6123ee104e	d__Archaea; p__Halobacterota; c__Methanomicrobia; o__Methanomicrobiales; f__Methanomicrobiaceae; g__Methanoculleus	0.9999968434948052
c0e993c9f62cfa48d5733ad9a6b43427	d__Bacteria	0.8544269594763719
74249c45b9f637ed79548de144c0bd57	Unassigned	0.5506795306468664
387c1fe8da32d25e547e38c3736606f7	d__Bacteria; p__Bacteroidota; c__Bacteroidia; o__Sphingobacteriales; f__Lentimicrobiaceae; g__Lentimicrobium; s__anaerobic_digester	0.9987581415822853
a63eb20be4bae1d4dc9fd0b02e3b2161	d__Archaea; p__Euryarchaeota; c__Methanobacteria; o__Methanobacteriales; f__Methanobacteriaceae; g__Methanobacterium	0.9920899799309633
a71520174d416b431df20acc216ad536	d__Bacteria; p__Bacteroidota; c__Bacteroidia; o__Bacteroidales; f__Rikenellaceae	0.9999967183347496
d1de75382293714e99e3fdca04228323	d__Archaea; p__Nanoarchaeota; c__Nanoarchaeia; o__Woesearchaeales; f__Woesearchaeales; g__Woesearchaeales; s__uncultured_archaeon	0.9981860976788902
5cf3debc298b2816e6b35fbd43a4a5d8	d__Archaea; p__Halobacterota; c__Methanosarcinia; o__Methanosarciniales; f__Methanosaetaceae; g__Methanosaeta	0.9946154783315964
3f7c765cf2b769eb80fd4f126a03799c	d__Bacteria; p__Bacteroidota; c__Bacteroidia; o__Bacteroidales; f__Dysgonomonadaceae; g__uncultured; s__uncultured_prokaryote	0.9722206909051764
6dc1857b30389f9eae073c4ce9d24828	d__Archaea; p__Euryarchaeota; c__Thermococci; o__Methanofastidiosales; f__Methanofastidiosaceae; g__Candidatus_Methanofastidiosum	0.9999997442166568
2dff2ce0f616fb62ef1b289b42637630	d__Bacteria; p__Bacteroidota; c__Bacteroidia; o__Bacteroidales; f__Prevotellaceae; g__Prevotella	0.8864167641131966
11040d15b6fd287ef711e1cfdfc42e44	d__Bacteria; p__Planctomycetota; c__Planctomycetes; o__Planctomycetales; f__uncultured; g__uncultured; s__uncultured_bacterium	0.8854904613571002
f1c752015b1815f4f6aac57cedc15dfe	Unassigned	0.6550430065946357
456c617b207d1c22c9ba800bae47a07d	d__Archaea; p__Halobacterota; c__Methanosarcinia; o__Methanosarciniales; f__Methanosaetaceae; g__Methanosaeta; s__Methanothrix_thermoacetophila	0.9924581585710016
622a4717613b6d9892bf1aeaa4a5a98d	d__Bacteria; p__Proteobacteria; c__Gammaproteobacteria; o__Enterobacterales; f__Enterobacteriaceae	0.785438556789094
20153c5ba069c84d478d49b0c2edc666	d__Archaea; p__Asgardarchaeota; c__Lokiarchaeia; o__Lokiarchaeia; f__Lokiarchaeia; g__Lokiarchaeia	0.7691046466138015
4366bd98691e86e304ca6ee61c10730c	Unassigned	0.9815027053014984
c7e6b8636b77d40f0719e297b977f6f6	Unassigned	0.5327015057035704
07a6b01b6e10f9fdac5ed9baa353f1f8	d__Bacteria	0.9999999999688918
c1d70b57e46f8a8d031c64f9b0b0b384	d__Archaea; p__Halobacterota; c__Methanomicrobia; o__Methanomicrobiales; f__Methanospirillaceae; g__Methanospirillum	0.9999926525033423
734e40d3b60c3b0a892232956a532e44	Unassigned	0.4056669368412449
1c9f1d82ace076f52df7f03463de8d58	Unassigned	0.3710081782195329
e70871fc3dec7105f7ba2e7a5e8f1088	d__Archaea; p__Halobacterota; c__Methanomicrobia; o__Methanomicrobiales; f__Methanoregulaceae; g__Methanoregula	0.9999972571430341
929911277c7c0592ea405283802e9d21	Unassigned	0.4268130732115438
7c3cc369e720a910891c7bc387214abe	Unassigned	0.4969345984839164
5b55d593750923a1ed1604b61c5c03b2	d__Archaea; p__Halobacterota; c__Methanomicrobia; o__Methanomicrobiales; f__Methanoregulaceae; g__Methanolinea; s__uncultured_Methanomicrobiales	0.869464022411306
258793234c2ccac330109090ab0473ec	Unassigned	0.48949356748228334
ad7bc69b52c9ffe0c3b114bff65a4166	d__Archaea; p__Halobacterota; c__Methanosarcinia; o__Methanosarciniales; f__Methanosarcinaceae	0.99999990874589
464d0744818c8d4c632bc5848ba0bf42	Unassigned	0.6183491195644542
9ab738fb52596f07b1ea7ce7190514de	d__Archaea; p__Halobacterota; c__Methanomicrobia; o__Methanomicrobiales; f__Methanoregulaceae; g__Methanoregula	0.9999602509002671
d30722983e8b8f2dc30037c00f2d890b	d__Bacteria; p__Bacteroidota; c__Kapabacteria; o__Kapabacteriales; f__Kapabacteriales; g__Kapabacteriales; s__metagenome	0.9754957935628163
9ebee75e3bd638fe961471f1559633db	d__Bacteria; p__Bacteroidota; c__Bacteroidia; o__Bacteroidales; f__Paludibacteraceae	0.8942775673068809
4c2e83387aeca30f7c307671cd37f2c9	d__Bacteria; p__Bacteroidota; c__Kapabacteria; o__Kapabacteriales; f__Kapabacteriales; g__Kapabacteriales; s__uncultured_bacterium	0.9872152877952287
222ba9076c30ee08c52df77528d7b974	d__Bacteria	0.9999999997638633
423bdfbfa9026b8e5cfc4271de77cf76	Unassigned	0.34968418142999913
8fb01b49289f90a2c1fa54a345514849	d__Eukaryota	0.9223113098720551
9743480bdf24d035c54e61db59e84307	d__Archaea; p__Euryarchaeota; c__Methanobacteria; o__Methanobacteriales; f__Methanobacteriaceae; g__Methanobrevibacter; s__uncultured_methanogenic	0.859311432415203
49f6ae3e6615e380c5d2399dc8be2b93	d__Bacteria; p__Bacteroidota; c__Bacteroidia; o__Bacteroidales; f__Rikenellaceae; g__DMER64	0.8457430210237956
59640a607f6cdcc3fe2f132a98a19a31	d__Eukaryota	0.7268715862790025
dee7f55c1d369d684ef3ced575beeeda	d__Eukaryota	0.8449433217998527
c55e9e387fb4662514e20a5d09b7e50f	Unassigned	0.504749133630969
378f9105cd9bde868497bcabb867d17d	d__Eukaryota	0.7233384167317933
09ab25fb700d6d065d955812d404a4d1	d__Bacteria	0.8067241782553436
a821ad7c315156ecca774c9fd1ed83dd	d__Bacteria; p__Spirochaetota; c__Leptospirae; o__Leptospirales; f__Leptospiraceae; g__RBG-16-49-21; s__metagenome	0.9997904142784627
57c4936ff76a6c7f1a9ef6ba915df8ef	Unassigned	0.48973169781464365
93fe35932e039b28038b93cfed2e0024	d__Bacteria; p__Spirochaetota; c__Leptospirae; o__Leptospirales; f__Leptospiraceae; g__RBG-16-49-21; s__uncultured_soil	0.9906481025752834
ce76a8da7d96318a837185fe262d645a	d__Bacteria; p__Actinobacteriota; c__Coriobacteriia; o__Coriobacteriales; f__Atopobiaceae; g__Atopobium; s__uncultured_Olsenella	0.701496799671096
28c418b21b8305f5d013c90754921c5d	d__Archaea; p__Euryarchaeota; c__Methanobacteria; o__Methanobacteriales; f__Methanobacteriaceae; g__Methanobrevibacter	0.9527834255023362
f9a5316442643dfc8540d53effe7c042	d__Archaea; p__Halobacterota; c__Methanomicrobia; o__Methanomicrobiales; f__Methanoregulaceae; g__Methanoregula	0.9999975996101175
35ebd2c58a9dde7b4a00159b989fb238	Unassigned	0.6000001904643255
f903856b288617fd5785a0a746f20f2d	d__Archaea; p__Halobacterota; c__Methanosarcinia; o__Methanosarciniales; f__Methanosarcinaceae; g__Methanosarcina	0.999999955295447
83ccba6be4a204ebff14ab538eb67d83	d__Archaea; p__Halobacterota; c__Methanomicrobia; o__Methanomicrobiales; f__Methanocorpusculaceae; g__Methanocorpusculum; s__Methanocorpusculum_sinense	0.8089070433724381
a9a16890f3affaa94dd96bd41a9a95b1	d__Eukaryota	0.716022526702689
cebce2b0e020970810885716b7b1fd2c	d__Bacteria; p__Verrucomicrobiota; c__Verrucomicrobiae; o__LD1-PB3; f__LD1-PB3; g__LD1-PB3	0.9999992281383929
b5817c29c4a561e3e3896015da0749a2	Unassigned	0.4978594148423857
d839d0e341db7808674a062e2fcf8596	d__Bacteria; p__Proteobacteria; c__Gammaproteobacteria; o__Enterobacterales; f__Enterobacteriaceae	0.9927065017518036
44a7b24c6e964eb12ee758073000b8d7	Unassigned	0.4389736860949246
96f391d177a516b400b86a4070caa96d	Unassigned	0.45750314967362427
cf0df51c56ed9bd5db09dc00c125726e	d__Archaea; p__Euryarchaeota; c__Methanobacteria; o__Methanobacteriales; f__Methanobacteriaceae; g__Methanobacterium	0.9996459684166512
fb08a315cd6b1f8f4db1a86a0e1f8d6c	Unassigned	0.30394250875985906
e65a00953eac943541ccf5821cd7242c	d__Archaea; p__Halobacterota; c__Methanosarcinia; o__Methanosarciniales; f__Methanosarcinaceae; g__Methanosarcina; s__Methanosarcina_barkeri	0.8455344485868623
c56a383cfe4a849691ade4e20e1a7c2f	d__Archaea; p__Halobacterota; c__Methanomicrobia; o__Methanomicrobiales; f__Methanoregulaceae; g__Methanolinea; s__uncultured_Methanomicrobiales	0.8424066952638001
b6c354e0940d506de8b7d5ef8d328813	Unassigned	0.3511750609547719
a005d1caf196ee9e4cfaabd0caa15112	d__Archaea; p__Thermoplasmatota; c__Thermoplasmata; o__Methanomassiliicoccales; f__Methanomethylophilaceae; g__uncultured	0.9888655392571962
fe702659affba5877b3cdc02324ceec9	d__Bacteria; p__Verrucomicrobiota; c__Kiritimatiellae; o__WCHB1-41; f__WCHB1-41; g__WCHB1-41; s__uncultured_bacterium	0.8912963764503358
390c64d758e1c7f00ea3f6f12496be84	Unassigned	0.5592692500756162
0c9de3731570489e7a7faee65373423e	d__Bacteria; p__Bacteroidota; c__Kapabacteria; o__Kapabacteriales; f__Kapabacteriales; g__Kapabacteriales	0.9999989755250271
ae06170927a4fd495cbf8cf67ca63d81	d__Archaea; p__Thermoplasmatota; c__Thermoplasmata; o__Methanomassiliicoccales; f__Methanomethylophilaceae; g__RumEn_M2; s__uncultured_archaeon	0.8628793470649144
f91921026555d53b010d8d962b44d58c	Unassigned	0.629222629968903
00157012792736fdafebd0028e1b4f7d	d__Archaea; p__Halobacterota; c__Methanomicrobia; o__Methanomicrobiales; f__Methanocorpusculaceae; g__Methanocorpusculum; s__uncultured_archaeon	0.9766890507761846
087615001fc94c21ac31a2882433afa8	d__Archaea; p__Thermoplasmatota; c__Thermoplasmata; o__Methanomassiliicoccales; f__Methanomethylophilaceae; g__RumEn_M2; s__uncultured_archaeon	0.9952430068251867
410170805462284ca869b6c910e55ece	Unassigned	0.4888897720505331
0a05ad4d7a7ac69b4268680e12fb69c8	Unassigned	0.8772246666185313
bcc8a16def172ee8998d2b315e7ea1d3	Unassigned	0.4245360496638467
9ceae389446eec20454b7401b208b2a5	Unassigned	0.48476512489089707
410cc675e6f94a70db71fa6154397bd7	d__Archaea; p__Halobacterota; c__Methanosarcinia; o__Methanosarciniales; f__Methanosaetaceae; g__Methanosaeta	0.9999999577697082
d45f597c3a883bed60f8a83507e598af	d__Archaea; p__Euryarchaeota; c__Methanobacteria; o__Methanobacteriales; f__Methanobacteriaceae; g__Methanobrevibacter	0.9999676963795656
c2b0921ecc0092c1c98db1a62b001ffa	d__Bacteria; p__Bacteroidota; c__Bacteroidia; o__Bacteroidales; f__Rikenellaceae; g__DMER64	0.7563856814167657
7e9ecd274ad18927d740c0042e90b557	Unassigned	0.5192679164039431
9714e04a2a17aaf7aeabc50df53de4ca	d__Archaea; p__Halobacterota; c__Methanomicrobia; o__Methanomicrobiales; f__Methanospirillaceae; g__Methanospirillum	0.9999971713611352
d971349c4c3acb526165c002101ceb31	Unassigned	0.3814237019822474
fda19e7504e40226a5e4dbe8b97f70f0	d__Archaea; p__Halobacterota; c__Methanosarcinia; o__Methanosarciniales; f__Methanosarcinaceae; g__Methanosarcina	0.9999995519185115
4ed311bbc01b09662d9fa06ce5fa55cb	Unassigned	0.7655038469953381
449dacb89b38b61a0bd42250bf93407f	Unassigned	0.5379702562428061
f884a00795c2dec8bdb56cab3e7e39ba	d__Archaea; p__Halobacterota; c__Methanosarcinia; o__Methanosarciniales; f__Methanosarcinaceae; g__Methanosarcina	0.9999999507321465
38391032edc888881078492b93b991f3	d__Archaea; p__Halobacterota; c__Methanomicrobia; o__Methanomicrobiales; f__Methanospirillaceae; g__Methanospirillum	0.9999918603873721
c191d26cc10e513e0156f6a71fe74384	d__Archaea; p__Nanoarchaeota; c__Nanoarchaeia; o__Woesearchaeales; f__SCGC_AAA011-D5; g__SCGC_AAA011-D5; s__uncultured_euryarchaeote	0.9991273027368971
d1d393a37585fa97b19cfb4a2bd423cb	d__Archaea; p__Halobacterota; c__Methanomicrobia; o__Methanomicrobiales; f__Methanoregulaceae; g__Methanolinea	0.9965261723506315
8bb9945613aa2af7bc9c51b36d2fb388	Unassigned	0.6754654386862096
e119a44d082a4df891baab5b54ce6c35	d__Bacteria; p__Actinobacteriota; c__Acidimicrobiia; o__Microtrichales; f__Microtrichaceae; g__IMCC26207; s__uncultured_bacterium	0.9859278406406935
b7c7c727bf1d399bf25a46f997fdd0fb	d__Archaea; p__Halobacterota; c__Methanomicrobia; o__Methanomicrobiales; f__Methanoregulaceae; g__Methanoregula	0.9992877824378082
c9b359dcb69591928c0f0e84c97e9587	d__Bacteria; p__Bacteroidota; c__Bacteroidia; o__Bacteroidales; f__Rikenellaceae; g__Bact-08	0.711341634253569
cec1a450c4d8d5b82b16884ac0e65a37	d__Bacteria; p__Bacteroidota; c__Bacteroidia; o__Flavobacteriales; f__NS9_marine_group; g__NS9_marine_group; s__metagenome	0.9886097091595164
3efee64780eac072292205d6d62b4c04	d__Bacteria; p__Bacteroidota; c__Bacteroidia; o__Bacteroidales; f__Prevotellaceae; g__Prevotella	0.7768715017588764
42b1b7dd6d2222693c752ae79b2e8bc8	d__Archaea; p__Euryarchaeota; c__Thermococci; o__Methanofastidiosales; f__Methanofastidiosaceae; g__Candidatus_Methanofastidiosum; s__uncultured_archaeon	0.7448143797146293
c92f727621b95e51d62b14218b51cb04	Unassigned	0.4587496091687011
bb473dcbc9217432a28d201e764cbcce	d__Archaea; p__Halobacterota; c__Methanomicrobia; o__Methanomicrobiales; f__Methanospirillaceae; g__Methanospirillum	0.9999977680622578
226f4a122525a31caa35ec2b6ae43733	Unassigned	0.517248081132428
7a884dd5c11a2fc6e23f99a38edbaafe	Unassigned	0.4148818212037483
c8da31e0b18562ef31ed094441d7e8cc	d__Bacteria; p__Firmicutes; c__Thermovenabulia; o__Thermovenabulales; f__Thermovenabulales; g__Tepidanaerobacter	0.912720084143376
827fc4029aa64cc2aca70044fd258368	Unassigned	0.9817434518116522
bacb0d6adb1d28de42aee6eed6fd034b	d__Eukaryota	0.7251092699957865
77cd4be0710d8897da06b6ae0fa50596	d__Archaea; p__Crenarchaeota; c__Bathyarchaeia; o__Bathyarchaeia; f__Bathyarchaeia; g__Bathyarchaeia; s__uncultured_methanogenic	0.9032618013574368
0af9919ec6e142513091876feb5312f9	Unassigned	0.574102028288211
5c23bff016c4794f151d17b55cf43c48	d__Bacteria; p__Bacteroidota; c__Kapabacteria; o__Kapabacteriales; f__Kapabacteriales; g__Kapabacteriales; s__uncultured_bacterium	0.7606073009603195
f0a4a333ef1499cfd5963e09294b4ffc	d__Bacteria; p__Bacteroidota; c__Bacteroidia; o__Flavobacteriales; f__NS9_marine_group; g__NS9_marine_group	0.9999985234981457
c1c64bd2aeefe5e8cafaff9299d1a0cf	d__Archaea; p__Halobacterota; c__Methanomicrobia; o__Methanomicrobiales; f__Methanoregulaceae; g__Methanolinea	0.9946431387419441
a713cb4c57e2c7970d40698f60bc6662	d__Eukaryota; p__Vertebrata; c__Actinopterygii; o__Teleostei; f__Teleostei; g__Teleostei	0.9992840030677936
9591b57386d5734c36f5d1e2a4f92118	d__Archaea; p__Halobacterota; c__Methanosarcinia; o__Methanosarciniales; f__Methanosaetaceae; g__Methanosaeta	0.9999404108815363
f08985a34673d08f7682cda81e497600	d__Archaea; p__Halobacterota; c__Methanomicrobia; o__Methanomicrobiales; f__Methanoregulaceae; g__Methanoregula	0.9941448019559752
e937f4a538450dce66e8042e4d0b3eeb	Unassigned	0.5302823942595247
a8197a90e4126195fa694b7800cd46f6	Unassigned	0.4673452584111859
7aea99d3f9ce5ea2bcd0743a8acd2c89	Unassigned	0.5492145409636611
cad8532bd06b221198d68a5afedd1ce2	Unassigned	0.5372518664874162
aa3a04238ec563ddd663bf0068abb4e4	Unassigned	0.451060313190798
9768d47adf19b649de492d1ee9ee2e60	d__Bacteria; p__Spirochaetota; c__Leptospirae; o__Leptospirales; f__Leptospiraceae; g__uncultured; s__metagenome	0.9705159185884314
1d002999f8a93ff6be7a0cdf2ce870d5	d__Bacteria; p__Bacteroidota; c__Bacteroidia; o__Bacteroidales; f__Rikenellaceae	0.9999995150742312
2e5d3fa375f96325a139f112c0cc142a	Unassigned	0.44800665555893737
ad25b64b799bde11fd2d4d5976f31e66	d__Archaea; p__Halobacterota	0.9985547508810666
64d450f455ef411bd0fd61abd5ae93c7	d__Bacteria; p__Bacteroidota; c__Bacteroidia; o__Flavobacteriales; f__NS9_marine_group; g__NS9_marine_group; s__metagenome	0.9896892351887325
36c330ac17b8d9cf994a27d7f5a9e670	d__Archaea; p__Euryarchaeota; c__Methanobacteria; o__Methanobacteriales; f__Methanobacteriaceae; g__Methanosphaera	0.9998072401048512
dfca6eecde9ef7eb24df6d7b1aeb1f26	Unassigned	0.5925668153498174
57773e84ca13c845fad9fd6bcef29510	d__Eukaryota; p__Vertebrata; c__Actinopterygii; o__Teleostei; f__Teleostei; g__Teleostei	0.9880642837824605
bdb03318a64ae215fd81164fff2a3f78	Unassigned	0.36198908743309044
e70c9384ccc20d8c0c1b8b68623e79ef	d__Eukaryota	0.7683985848099344
8c011d59996b6426c895a16ff70052da	d__Bacteria; p__Bacteroidota; c__Bacteroidia; o__Sphingobacteriales; f__Lentimicrobiaceae; g__Lentimicrobiaceae; s__uncultured_bacterium	0.7958201898561618
bd3dceddaf909e2b4f786b82bc3304ad	d__Archaea; p__Euryarchaeota; c__Methanobacteria; o__Methanobacteriales; f__Methanobacteriaceae	0.9999997760438293
62c86e4c7999e9ce24fcfb40c62f1e79	d__Bacteria	0.7887912038700958
edfbb04ed20fe704c1667addbe5c609f	Unassigned	0.4098153002632141
2f42df9d9f6d431133f9e731ad237a53	Unassigned	0.47577340337817253
a2b4171c1718f18f4c36758dd729b950	d__Bacteria; p__Spirochaetota; c__Leptospirae; o__Leptospirales; f__Leptospiraceae; g__RBG-16-49-21	0.9998259297355396
286eab832c66f89a254c3c2a4642701a	d__Bacteria; p__Acidobacteriota	0.9936452643661023
b4ad0933e7512be07920356677bcaaa5	d__Bacteria; p__Actinobacteriota; c__Acidimicrobiia; o__Microtrichales; f__Microtrichaceae; g__IMCC26207	0.7223541167582496
f5715752175571b1e138809d305b433b	d__Bacteria; p__Bacteroidota; c__Bacteroidia; o__Bacteroidales; f__Prevotellaceae; g__Prevotella	0.7437897877571498
22ed24abd83460b616a1b4318bd33a82	d__Archaea; p__Asgardarchaeota	0.9999999591984254
04ec5dd5a98dbf85d67e0f638b6ddf61	d__Archaea; p__Euryarchaeota; c__Methanobacteria; o__Methanobacteriales; f__Methanobacteriaceae; g__Methanobrevibacter	0.9969060984002713
2f52fb0e0322aad7db134ed93dd6355a	Unassigned	0.4202943078576179
22d6094d4dbdc7ebc8453917d6438507	d__Bacteria; p__Spirochaetota; c__Brachyspirae; o__Brachyspirales; f__Brachyspirales_Incertae_Sedis; g__Exilispira	0.9999999977648371
dfb917b5b7cc2c68a5b85f2fe11ed420	Unassigned	0.5429195721234521
84f1bcc718f263417cf1a7a8e97c3efc	d__Archaea; p__Halobacterota; c__Methanosarcinia; o__Methanosarciniales; f__Methanosarcinaceae; g__Methanosarcina	0.9999998388667176
0887f1bad17e2cabaa2e1ef9b407498d	d__Archaea; p__Euryarchaeota; c__Methanobacteria; o__Methanobacteriales; f__Methanobacteriaceae	0.9999997745754694
19cfda98845069346e6a0dd83b6c04d2	Unassigned	0.4816829467299153
f2608983d5bbfe9425ac403cadc47185	d__Archaea; p__Halobacterota; c__Methanomicrobia; o__Methanomicrobiales; f__Methanoregulaceae; g__Methanolinea	0.9925090504189521
81a8d834f2fd6315235bdb9b50bf35a1	Unassigned	0.5436704696707034
80a04c8412c79b610fd285faad731649	d__Archaea; p__Euryarchaeota; c__Methanobacteria; o__Methanobacteriales; f__Methanobacteriaceae; g__Methanobrevibacter	0.8745631879661453
a5b92fc2718e30446245e37caeb56885	d__Eukaryota	0.773703609731266
9f79c44dfb503adc62fe795a58476283	d__Bacteria; p__Bacteroidota; c__Bacteroidia; o__Bacteroidales; f__Rikenellaceae; g__uncultured	0.7731257161835616
61d4e08ddb8dffc3efd07d003bde96f3	d__Bacteria; p__Sumerlaeota; c__Sumerlaeia; o__Sumerlaeales; f__Sumerlaeaceae; g__Sumerlaea	0.9972603224556092
c24caa438acb209d380016014c08fdb1	Unassigned	0.5503318584842173
73039b589afcdc4c743d69ba40fbffb9	Unassigned	0.6615014277790108
b0268c2918814b47bccaf1f4af4709ec	d__Archaea; p__Thermoplasmatota; c__Thermoplasmata; o__Methanomassiliicoccales; f__Methanomethylophilaceae	0.9999999993276842
9cbec8d334164b4d206f3823b6c0ccc0	d__Bacteria; p__Bacteroidota; c__Kapabacteria; o__Kapabacteriales; f__Kapabacteriales; g__Kapabacteriales; s__uncultured_bacterium	0.9954704818590081
8fb123e66e82dd320c856c55eeb78680	d__Bacteria; p__Spirochaetota; c__Leptospirae; o__Leptospirales; f__Leptospiraceae; g__RBG-16-49-21; s__metagenome	0.7645724180062514
c7fbcc9d3a0a7bc4b2edb0009b04037f	d__Archaea; p__Halobacterota; c__Methanomicrobia; o__Methanomicrobiales; f__Methanomicrobiaceae; g__Methanoculleus	0.9999748098897338
d00184c6397f7b59fddd1658ec5ebbe2	d__Archaea; p__Nanoarchaeota; c__Nanoarchaeia; o__Woesearchaeales; f__SCGC_AAA011-D5; g__SCGC_AAA011-D5; s__uncultured_euryarchaeote	0.9776589774325163
ef1d6ecfdca08d256e53877c465392d8	Unassigned	0.5049783238968457
289a0eafe37472e79de19d879d1ba2c7	Unassigned	0.5150631261987324
c769c0db6ebcc9d79c2a59b2a566021c	d__Archaea; p__Halobacterota; c__Methanomicrobia; o__Methanomicrobiales; f__Methanospirillaceae; g__Methanospirillum	0.9999930989261923
c29f548661e82f9a5a15eaa154f5dc07	d__Archaea; p__Halobacterota; c__Methanomicrobia; o__Methanomicrobiales; f__Methanoregulaceae; g__Methanolinea	0.9912699194756128
2e118334a3aca24085b805d2ae2d0e5f	Unassigned	0.49259476591929274
613ebf6e3ab0ca6205b5e2466558f6f2	d__Eukaryota; p__Mollusca; c__Bivalvia; o__Veneroida; f__Veneroida; g__Veneroida	0.8181388876425363
7f41543be4e05dbbe2287d03abc2653e	Unassigned	0.30312125381234967
ec614937ba2ce286b8a30b219496520a	d__Archaea; p__Crenarchaeota; c__Bathyarchaeia; o__Bathyarchaeia; f__Bathyarchaeia; g__Bathyarchaeia; s__uncultured_methanogenic	0.8780587620895348
16ececdd2d8d0d6a130076ac20189b06	Unassigned	0.47905461979596786
842c1ffb34cc7c57098e79ba7459196c	Unassigned	0.41909790011150805
53e59506ebf6de8771bd9fa293042bd7	d__Bacteria; p__Actinobacteriota; c__Acidimicrobiia; o__IMCC26256; f__IMCC26256; g__IMCC26256; s__uncultured_bacterium	0.9868775661535422
bcf76f6d42249a701ca315fe6843ea03	d__Archaea; p__Thermoplasmatota; c__Thermoplasmata; o__Methanomassiliicoccales; f__Methanomassiliicoccaceae; g__Methanomassiliicoccus; s__uncultured_archaeon	0.8738624808635566
2417ddc99a103ec50a6df8f7bdca672b	Unassigned	0.42121398489384887
124cc28ea2892fc3d0d98556c3349fa1	Unassigned	0.31741500091117925
75d6effb3b9403502943c2b6cba03d4c	Unassigned	0.8482838648192529
159146dd09a27fdab3abdc37a62dff95	d__Bacteria	0.9127512088929315
b8a770cb15e68702e5ccb4d6e4b180fa	d__Archaea; p__Halobacterota; c__Methanosarcinia; o__Methanosarciniales; f__Methanosarcinaceae; g__Methanosarcina	0.99999978181203
db177dd94167c17dd1c7f21551496874	Unassigned	0.5625131062003732
2c47bcfbfcdde9b3fa9d5eed406845d3	Unassigned	0.3760357072187086
8104395b3fb85ef37eab94fed9617242	d__Bacteria	0.8268577915885369
77e8d524f047e6f7dea8adfb207dd232	d__Archaea; p__Euryarchaeota; c__Methanobacteria; o__Methanobacteriales; f__Methanobacteriaceae; g__Methanobrevibacter	0.9997909175737241
463de6ffadbb2c8989f8306f920d0104	Unassigned	0.37959082727823024
03e0b2fef9b2f8dae2889da64f469d18	d__Archaea; p__Halobacterota; c__Methanomicrobia; o__Methanomicrobiales; f__Methanomicrobiaceae; g__Methanoculleus	0.9999838625647943
0171243c15a400e96e14e215743f1901	d__Archaea; p__Euryarchaeota; c__Methanobacteria; o__Methanobacteriales; f__Methanobacteriaceae; g__Methanobrevibacter	0.9999335460807811
879d539c1437d14fe0a1759ccb686732	d__Bacteria; p__Bacteroidota; c__Bacteroidia; o__Bacteroidales; f__Rikenellaceae; g__Bact-08	0.7472287683531987
9a5a59aaa80bc9c5211161f03406e502	d__Bacteria; p__Bacteroidota; c__Bacteroidia; o__Flavobacteriales; f__NS9_marine_group; g__NS9_marine_group; s__uncultured_sludge	0.8715432725180859
6abb77b34c1bbe099982b93d649d76bd	Unassigned	0.9696749498383667
7118bf331a2ae81300072ee8191b3bf2	Unassigned	0.30835336805169233
c481bc9886f34efaca02f794dd06b63f	d__Archaea; p__Euryarchaeota; c__Methanobacteria; o__Methanobacteriales; f__Methanobacteriaceae; g__Methanobrevibacter; s__Methanobrevibacter_ruminantium	0.7058361886988741
6cfb795c18f588eb09a8090afb42f8f9	d__Eukaryota	0.722450832231471
479fe6f8f33f2c05f231cad976c503de	d__Bacteria	0.8969235700413114
df1b3039769c712ae2acf5825374772d	d__Eukaryota; p__Holozoa; c__Ichthyosporea; o__Rhinosporideacae; f__Rhinosporideacae; g__Rhinosporideacae; s__uncultured_eukaryote	0.9498671179967203
a7abd5a0f5f843839533704f85e93574	d__Eukaryota	0.7247402181672477
6b8cc90c767f65da9797fdf4732fcfe9	d__Bacteria; p__Bacteroidota; c__Bacteroidia; o__Sphingobacteriales	0.9887531793381044
b109efee19b992e54cffeb5f4faedfd2	d__Bacteria; p__Acidobacteriota; c__Thermoanaerobaculia; o__Thermoanaerobaculales; f__Thermoanaerobaculaceae; g__Thermoanaerobaculum; s__metagenome	0.9833301196100226
925ceffa302681106f9e4e1f7823be4e	Unassigned	0.32853311179975864
5030853813346aa9613af884b7f1e79a	Unassigned	0.3394175385183885
105fd94ec3c9f3763eff629850845765	Unassigned	0.497838557078367
1675941d9008af861222dd754ed73b83	d__Bacteria; p__Actinobacteriota; c__Acidimicrobiia	0.9999632477900615
e11de294b1e0d2a9da2eb8ba8b2abc74	d__Bacteria; p__Bacteroidota; c__Bacteroidia; o__Sphingobacteriales; f__Lentimicrobiaceae; g__Lentimicrobium	0.9497845828610008
ac04f06acca2bcf36173a2d8c064443c	Unassigned	0.5215459086935482
dc8b57922246c6e414f98906a7f274b5	Unassigned	0.3537094578298904
dda75202f96937dd0836f10a99a73a6d	d__Archaea; p__Halobacterota; c__Methanosarcinia; o__Methanosarciniales; f__Methanosaetaceae; g__Methanosaeta	0.9955936012666732
fef9562662505accbdf60c7450fa29bd	d__Bacteria; p__Bacteroidota; c__Bacteroidia; o__Bacteroidales; f__Rikenellaceae; g__DMER64; s__metagenome	0.9609416881772326
b68cdd7c5d4ab2b15d594b9a83adc69b	d__Archaea; p__Aenigmarchaeota; c__Aenigmarchaeia; o__Aenigmarchaeales; f__Aenigmarchaeales; g__Aenigmarchaeales; s__uncultured_archaeon	0.9998480588511948
ca788370dc902e07fccc1fd4f4e554f4	Unassigned	0.507322602622796
b16c5fb30f063624d9cebcbc35fb6d86	Unassigned	0.5042965129279077
a907ad61e0ef9b85efdd5947a9513e03	d__Archaea; p__Aenigmarchaeota; c__Aenigmarchaeia; o__Aenigmarchaeales; f__Aenigmarchaeales; g__Aenigmarchaeales; s__uncultured_archaeon	0.9973750890119947
bd9cd24c8dda314bf7ba0e1ab659c137	d__Bacteria; p__Firmicutes; c__Bacilli; o__Mycoplasmatales; f__Mycoplasmataceae; g__Mycoplasma; s__Mycoplasma_wenyonii	0.9990711017542598
cdfcd906705d8b538e86603dd9e96711	d__Bacteria; p__Spirochaetota; c__Leptospirae; o__Leptospirales; f__Leptospiraceae; g__RBG-16-49-21	0.9999863037474128
5d62dad2565a70a9fb4a9bd5855ace6d	d__Bacteria; p__Bacteroidota; c__Bacteroidia; o__Bacteroidales; f__FTLpost3; g__FTLpost3; s__uncultured_bacterium	0.9999999965701534
4252698ea8c209b85def8360b737a9d1	Unassigned	0.31302497457412437
f88aa1879c0bd0c447683ebe7348d8cd	d__Eukaryota	0.7341912460479002
147e7b4498330226d1251dff1a9c4361	d__Bacteria; p__Spirochaetota; c__Leptospirae; o__Leptospirales; f__Leptospiraceae; g__RBG-16-49-21	0.9938449611971693
2f49a6db518eb84c9c40a023f4b7a25e	Unassigned	0.4864021437530309
7c5243b38c639391c6be23385fa47acf	Unassigned	0.5005497893920531
66a954505a3a4bf8e19c935986d9f4b5	d__Archaea; p__Thermoplasmatota; c__Thermoplasmata; o__Methanomassiliicoccales; f__Methanomassiliicoccaceae; g__uncultured; s__uncultured_archaeon	0.9042444358396476
643c40bdcad32ddfe5100d43183cacc1	Unassigned	0.9750022740207753
c6d5d604fbdeeb889fe47be9ff41da85	d__Archaea; p__Euryarchaeota; c__Methanobacteria; o__Methanobacteriales; f__Methanobacteriaceae; g__Methanobrevibacter	0.9981376036990834
1c9f0c9404c4c734ba1ac0fb64c90e84	Unassigned	0.6149442832898914
a67c9fbd164a9e7199e2ec5b0594d2ee	Unassigned	0.4991401698964081
85cad6616108d9ccf71a094cbf93863a	d__Archaea; p__Euryarchaeota; c__Methanobacteria; o__Methanobacteriales; f__Methanobacteriaceae; g__Methanobacterium	0.997932257222019
a65c2eeb0aa3d81f122ff6a68e9cc142	d__Archaea; p__Micrarchaeota; c__Micrarchaeia; o__Micrarchaeales; f__Micrarchaeales; g__Micrarchaeales; s__uncultured_archaeon	0.9999996561153802
96b6cf8e3147464c3fbc8280e861bd95	Unassigned	0.4354743513624534
13e5a1b1ca0b4794089661e1e4fbcde1	Unassigned	0.3953630124175802
c87b975cfd8e835659dfb91dcedd8a91	d__Bacteria; p__Bacteroidota; c__Bacteroidia; o__Bacteroidales; f__Rikenellaceae	0.9958190369131662
8c358afd1c45354d218a1dfdc1a89a0b	d__Archaea; p__Halobacterota; c__Methanosarcinia; o__Methanosarciniales; f__Methanosarcinaceae	0.8131186738482656
86a36fb271a72a86a1cd8724f31e046c	d__Bacteria	0.7581714353398386
118c8132115cdbfa0dc349b0d01f4ba6	Unassigned	0.4718691573422711
5a84384fba5bf4b948d8ccdcc98ab682	d__Bacteria; p__Bacteroidota; c__Bacteroidia	0.9997052499081635
2b91cdc1405e1bfdd7a382dca38ce732	Unassigned	0.4887862905061754
11ec0338ec25c39186c25176fa3ce5e1	Unassigned	0.3252367237483693
fd49c16b9768a8c3f287ad19f9337190	Unassigned	0.44203070029109837
7f508899e863a59f19ffcdf9983e1407	Unassigned	0.4479665924481031
c9f0a91c2dfe1d828d4eeb3f30cd2721	d__Bacteria; p__Acidobacteriota; c__Aminicenantia; o__Aminicenantales; f__Aminicenantales; g__Aminicenantales; s__metagenome	0.9999882651710286
b32e60a2f329bb88ce1e326ef5e9faeb	d__Bacteria; p__Firmicutes; c__Limnochordia; o__Limnochordales; f__uncultured; g__uncultured; s__uncultured_prokaryote	0.9089253113248629
f1dbc68574df0473f595ac16d77a0eab	d__Archaea; p__Halobacterota; c__Methanosarcinia; o__Methanosarciniales; f__Methanosaetaceae; g__Methanosaeta; s__uncultured_Methanosarcina	0.9737618965049117
fa0d93b81de88fb8579bddcced242e51	d__Bacteria; p__Bacteroidota; c__Bacteroidia; o__Bacteroidales; f__Prevotellaceae; g__Prevotella	0.854747089082048
59b6e3ca5b544b0c6ac47aed309cc4d4	Unassigned	0.5423768260027606
b5105652e4e25016bbea246402f9e086	d__Archaea; p__Halobacterota; c__Methanomicrobia; o__Methanomicrobiales; f__Methanomicrobiaceae; g__Methanofollis; s__Methanofollis_liminatans	0.8484744518608598
fc8a9fe88c43d5601eddd921293e5374	d__Bacteria; p__Planctomycetota; c__Planctomycetes; o__Pirellulales; f__Pirellulaceae; g__p-1088-a5_gut_group; s__uncultured_rumen	0.8118377452085564
8315e4b1ebceea8a3aa07524f2380a6d	d__Bacteria; p__Acidobacteriota; c__Holophagae; o__Holophagales; f__Holophagaceae	0.9778236138902645
1ce6144b98157bf2e241e6b084fb450a	d__Bacteria	0.790618365385902
141f78801851ca70b26aa65fb47b521e	d__Bacteria; p__Bacteroidota; c__Kapabacteria; o__Kapabacteriales; f__Kapabacteriales; g__Kapabacteriales; s__uncultured_bacterium	0.9377151902943045
65decca560bf085580f3abf9792aadd6	Unassigned	0.5740098671089674
5ae6c126a130d0d83f6027c2ae32d66a	d__Bacteria; p__Acidobacteriota; c__Aminicenantia; o__Aminicenantales; f__Aminicenantales; g__Aminicenantales	0.9999997855185443
b16fb57031aaea3f8ee7a9fb9494f1d0	Unassigned	0.5255147166749599
d0c45116c442c43988c24aa6f79a41e9	d__Bacteria; p__Bacteroidota; c__Kapabacteria; o__Kapabacteriales; f__Kapabacteriales; g__Kapabacteriales; s__uncultured_bacterium	0.888232764455617
79beb6638a27b7ccda4a345e98e61ee5	Unassigned	0.5032264299979492
b4dba94c937ca68d92f265598013aec9	d__Archaea; p__Thermoplasmatota; c__Thermoplasmata; o__Methanomassiliicoccales; f__Methanomethylophilaceae; g__Candidatus_Methanoplasma; s__uncultured_archaeon	0.9949664385147087
04319a5def7966977afb30d970349e8f	Unassigned	0.5406198578730799
16529275b10879ce8cb9e0cd46740be7	d__Bacteria; p__Bacteroidota; c__Bacteroidia; o__Bacteroidales; f__Dysgonomonadaceae; g__Proteiniphilum	0.9852307767155908
2099b014dc93224668819de926be93ff	d__Archaea; p__Halobacterota; c__Methanosarcinia; o__Methanosarciniales; f__Methanosarcinaceae; g__Methanomethylovorans	0.9941008200390671
35b702d75dadb2d5a4d3b4f6a94f288f	d__Bacteria	0.797751074880597
b73b151bafae799467ade26cf4731768	d__Archaea; p__Euryarchaeota; c__Thermococci; o__Methanofastidiosales; f__uncultured; g__uncultured; s__archaeon_enrichment	0.9999933609142153
b8a7a83143e49d077936b61bad172f8b	Unassigned	0.603315662249281
50d358f2fb43edee05d22039542e4b74	Unassigned	0.4044080611045512
e36b018752c780abc6b62ac35cec0e69	Unassigned	0.9474858535444726
ace942d28181be1709b4e83f916ef39b	d__Bacteria; p__Bacteroidota; c__Bacteroidia; o__Flavobacteriales; f__NS9_marine_group; g__NS9_marine_group; s__metagenome	0.8769898401365464
1ecea6486891e7aad46cd2776f2233f4	Unassigned	0.42676544224150936
4c2c2556113432bc6687f1b529f26f97	d__Bacteria; p__Bacteroidota; c__Bacteroidia; o__Bacteroidales; f__Rikenellaceae; g__dgA-11_gut_group; s__uncultured_bacterium	0.9999946319867641
6531b655d363b13154f86fcdff29cb61	Unassigned	0.4481417725414427
bede007200bfa7d16e91eaecf93f078a	Unassigned	0.33816328577511745
6d3edbb99a9c843e6f631c3507f82d16	d__Bacteria	0.9616749097863823
9e2b9f860cbf4e18d9f8bdf88c15523f	d__Archaea; p__Thermoplasmatota; c__Thermoplasmata; o__Methanomassiliicoccales; f__Methanomassiliicoccaceae; g__Methanomassiliicoccus; s__uncultured_archaeon	0.9823973231581404
915b0cb3aac41f23c0c83b0de2f788de	Unassigned	0.6846899978136033
d3aaa7624d543e9dca32c5b23ab8c736	Unassigned	0.5306055550861273
bbccab80670aec49dd3a7d63f6868375	d__Bacteria	0.8578473559680131
2eb68f0b48cef812c9c8488eeb167059	d__Bacteria; p__Bacteroidota; c__Bacteroidia; o__Bacteroidales; f__Rikenellaceae	0.9996134682944001
d617c84171e5da099f4925f786942f9d	Unassigned	0.6126566509619673
b00c8ebc634317d146bf4a01aa8c8167	Unassigned	0.4355784716395775
99a271b874340802d7531bbf4ac42b46	Unassigned	0.6121750024632784
ca1c4cf3caee76b9c71ef1b763b3ce56	d__Eukaryota	0.7478434453614345
4299341bf4ededed1a87f8f4de4ed4ec	Unassigned	0.4591733035472729
f01bab2e213ba2aabeccc0416decfe07	Unassigned	0.9569658067435536
9587c066f7787ac75d14d3cc6d0779e9	d__Bacteria; p__Bacteroidota; c__Bacteroidia; o__Bacteroidales; f__Rikenellaceae	0.9823277181004705
c725cb6d45491417f155e252fe9b6fde	d__Archaea; p__Halobacterota; c__Methanomicrobia; o__Methanomicrobiales; f__Methanomicrobiaceae; g__Methanoculleus	0.9999991233756902
d875609f207d4eb86aa2ebe10c04ba75	d__Bacteria; p__Firmicutes; c__Clostridia; o__Lachnospirales; f__Lachnospiraceae; g__uncultured	0.8714488702734676
bf3332134d72bb8b6fe75b1a17b5f614	Unassigned	0.41706898657746905
2e2ac09d75f0c94798169255ce3e7d61	d__Bacteria; p__Bacteroidota; c__Bacteroidia; o__Bacteroidales; f__MgMjR-022; g__MgMjR-022; s__uncultured_bacterium	0.9934131844646431
9f9ebab1bf9bf1fa57070ad4b6a02432	d__Archaea; p__Asgardarchaeota	0.9999999695359059
161d61fcc35140a7e234c89631c53366	d__Bacteria	0.7044299077121953
5acb865277ac182f88aa38df9ce2e0ca	d__Archaea; p__Euryarchaeota; c__Methanobacteria; o__Methanobacteriales; f__Methanobacteriaceae; g__Methanobacterium	0.9996198582871229
5598d1758e27de53ed634103ec359a1f	d__Archaea; p__Crenarchaeota; c__Nitrososphaeria; o__Nitrososphaerales; f__Nitrososphaeraceae	0.9999980770403134
74eb802014094c02461652cde61e57c8	Unassigned	0.32246822234619377
01e3f9711484200f208b5294cc995670	d__Archaea; p__Crenarchaeota; c__Bathyarchaeia; o__Bathyarchaeia; f__Bathyarchaeia; g__Bathyarchaeia	0.9999999999946678
6705a84de1adcb5aab70e08b59f2e6ef	Unassigned	0.4881394732297757
3fe1f8498fb935d2222da3f1df82c3d3	d__Bacteria; p__Firmicutes; c__Clostridia; o__Oscillospirales; f__Ruminococcaceae; g__Caproiciproducens	0.924846186464416
35950ae59bfda5cc7e606085df63a45b	d__Bacteria; p__Acidobacteriota; c__Aminicenantia; o__Aminicenantales; f__Aminicenantales; g__Aminicenantales; s__uncultured_soil	0.9947650092204379
8356189da1df52d4271db942274c7d95	Unassigned	0.44637870388339707
a59ad744a153a03bbb7442db67800d0c	Unassigned	0.5251749800787149
6c462bed55a5551a2b407eefdab40c73	Unassigned	0.504101329289391
43b6b711f2f2115f2f4e2233fb97921f	Unassigned	0.43926391706393453
74c6469e80ba4019a913fb457062b413	Unassigned	0.49835319464837347
97f33377e5a3bf5c2fbaa1f9e7bc189d	Unassigned	0.40380334240771
2bc127b37b06f02b4a9b004760868764	d__Bacteria; p__Spirochaetota; c__Leptospirae; o__Leptospirales; f__Leptospiraceae; g__RBG-16-49-21	0.9999875974283262
be0fa7cef9222c74a6f40855b0608f30	d__Archaea; p__Euryarchaeota; c__Methanobacteria; o__Methanobacteriales; f__Methanobacteriaceae; g__Methanobacterium	0.9633434784236846
78fc02b2ff67388671fde7c6d5956b96	d__Bacteria; p__Spirochaetota; c__Spirochaetia; o__Spirochaetales; f__Spirochaetaceae; g__Sphaerochaeta	0.9779474087461166
494952be159298e7b5ec8f48898fcddd	Unassigned	0.5089533936297552
9cf1d39cb84339a14916b18ecaabf726	Unassigned	0.37733082464596124
5f8475189dd41f927f57059e86a48e5a	d__Archaea; p__Halobacterota; c__Methanomicrobia; o__Methanomicrobiales; f__Methanomicrobiaceae; g__Methanoculleus	0.9654015550369953
8738e30e27b2e3a148bc791c411bb4bd	d__Bacteria; p__Actinobacteriota; c__Acidimicrobiia; o__Microtrichales; f__Microtrichaceae; g__IMCC26207	0.9919483468274414
9510352b2c986ba831961aaa5a18b50e	Unassigned	0.4024758880868211
e915cdc14c9464e2a428be4f78f00614	Unassigned	0.5951336845983135
86aa083e4c2972420c4477ddfbf6191e	d__Archaea; p__Nanoarchaeota; c__Nanoarchaeia; o__Woesearchaeales; f__SCGC_AAA011-D5; g__SCGC_AAA011-D5; s__uncultured_euryarchaeote	0.8897015193803937
8978c55cd29f30aab4ca38f19ebb0e0d	Unassigned	0.3050094874856487
f49e1690c636251ed5e6de000592c20d	d__Bacteria; p__Bacteroidota; c__Bacteroidia; o__Flavobacteriales; f__NS9_marine_group; g__NS9_marine_group; s__metagenome	0.9909984067305384
53515ae54614537bc2f1d08ed2451249	d__Bacteria; p__Bacteroidota; c__Bacteroidia; o__Sphingobacteriales; f__Lentimicrobiaceae; g__Lentimicrobium	0.9938420500532164
ffdb1d738c0a8e0a7d96953f830fa65b	d__Archaea; p__Thermoplasmatota; c__Thermoplasmata; o__Methanomassiliicoccales; f__Methanomassiliicoccaceae; g__Methanomassiliicoccus; s__uncultured_archaeon	0.9737211539079854
989247f2b017af41c14d739b06385c18	d__Bacteria; p__Bacteroidota; c__Bacteroidia; o__Bacteroidales; f__Rikenellaceae; g__Rikenellaceae_RC9_gut_group	0.7398026936366916
06aca7b198d1354ee3f91aa6a7b26fac	d__Bacteria; p__Spirochaetota; c__Leptospirae; o__Leptospirales; f__Leptospiraceae; g__RBG-16-49-21; s__metagenome	0.7619036226931659
6997591264a6a2055c9035313c31582e	Unassigned	0.38237260214162616
d76d54e3d9940953529fe5e468d412ec	d__Bacteria; p__Acidobacteriota; c__Aminicenantia; o__Aminicenantales; f__Aminicenantales; g__Aminicenantales; s__uncultured_Aminicenantes	0.7599515985089311
890c1c4e37bb84b754f7e442336db754	Unassigned	0.4095551175454919
2f56526e9f1ca0ad5bdc8e867b678f72	d__Bacteria; p__Myxococcota; c__Polyangia; o__Blfdi19; f__Blfdi19; g__Blfdi19; s__uncultured_bacterium	0.9546535242718227
abb7f42e80c8d8f1b17672eb35176c5c	d__Bacteria; p__Spirochaetota; c__Leptospirae; o__Leptospirales; f__Leptospiraceae; g__RBG-16-49-21; s__metagenome	0.8385346017718023
c91256d19d0d8f671987ae375e93f8e8	d__Bacteria; p__Actinobacteriota; c__Acidimicrobiia	0.9994998236728825
d3b86587da0e73b90cefa6be07fad213	d__Archaea; p__Euryarchaeota; c__Methanobacteria; o__Methanobacteriales; f__Methanobacteriaceae; g__Methanobrevibacter	0.9999987703129942
489fb4fc74c6746c0a8aa19214b0d2bb	d__Eukaryota	0.860464398116752
2e9eff396192f32b96e42a59f5d7a883	d__Bacteria; p__Bacteroidota; c__Bacteroidia; o__Bacteroidales; f__Marinilabiliaceae; g__uncultured; s__uncultured_Bacteroidales	0.9859261715522273
474b05ce37f8c80cb74f2bf0104c2454	d__Archaea; p__Halobacterota; c__Methanomicrobia; o__Methanomicrobiales; f__Methanomicrobiaceae; g__Methanoculleus	0.7451320695728886
80af5dbdafe6e920cd2d17c93f0b0b4e	d__Bacteria; p__Bacteroidota; c__Bacteroidia; o__Bacteroidales; f__Rikenellaceae; g__uncultured; s__uncultured_prokaryote	0.8820733029967356
cff33b92267d3fc86512f6c1fe6b362b	Unassigned	0.5508437960089795
4580a68c89bf3865471740d9c91664c8	Unassigned	0.37256152478402993
e7dc09c4bc5b747177a68e426d159c59	d__Bacteria	0.7775370001155323
0c4c00934d9fcb7e742c7497dc2ed5eb	d__Bacteria; p__Bacteroidota; c__Bacteroidia; o__Flavobacteriales; f__NS9_marine_group; g__NS9_marine_group; s__metagenome	0.9847096968167323
b3f951e0ddd4e1706cb46eacaaf044db	d__Bacteria; p__Spirochaetota; c__Leptospirae; o__Leptospirales; f__Leptospiraceae; g__RBG-16-49-21	0.9999935832393653
200c6b1b6af300493ed090eb0bd00d5a	Unassigned	0.6687266849922029
6f95de64878f4a0b59897d765331397f	d__Bacteria; p__Firmicutes; c__Limnochordia; o__MBA03; f__MBA03; g__MBA03; s__uncultured_bacterium	0.9486732377293325
a50d4a7a426ee01a95180b8c2ee7612b	d__Bacteria; p__Firmicutes; c__uncultured; o__uncultured; f__uncultured; g__uncultured; s__uncultured_prokaryote	0.7058134593777422
bc9691ff8ef96f05f14720202143891b	Unassigned	0.5296864348395882
69bf85b6de3413c66c56cd02d76577bf	Unassigned	0.5026903838651714
ada996ef67b14e1a5c8bd89f96d281df	d__Bacteria; p__Bacteroidota; c__Kapabacteria; o__Kapabacteriales; f__Kapabacteriales; g__Kapabacteriales	0.9999976039768718
29faff815786321ea9220879b6394780	d__Archaea; p__Halobacterota; c__Methanomicrobia; o__Methanomicrobiales; f__Methanoregulaceae; g__Methanolinea	0.925938143829584
b7a3b12ea7a44cb900f14fc64f1f079f	Unassigned	0.5522322147218433
d9998db8b87be16082ceb6ab63ad19b9	Unassigned	0.5963948999977705
78fa1a802c62997a44bef79d02afbbd7	d__Archaea; p__Euryarchaeota; c__Methanobacteria; o__Methanobacteriales; f__Methanobacteriaceae; g__Methanosphaera	0.99972233104876
015adeda8886c34f20ee607846f5cd8f	Unassigned	0.5625169898562374
72a8f385bda33072b8512cb7b2c7f414	d__Bacteria; p__Bacteroidota; c__Bacteroidia; o__Bacteroidales; f__Rikenellaceae	0.9974190734018165
92a4b795b7cd0023363ccf336db2c411	Unassigned	0.33148743187158347
64de519d0026505ca9c216cf20a04b38	Unassigned	0.4585729414111782
8476279e795dd093fe02bf5e6426fd47	Unassigned	0.5782156038779984
884ab3b2e21c718b52de48028508535f	Unassigned	0.4666306645107803
23143d3b50cc3a36cc76dd562e8361ab	Unassigned	0.6158968458713818
2d70d448424156dd349f554d6c8a201a	Unassigned	0.44478629537818204
223d6245d91b058377f991e06aba2439	Unassigned	0.40497177372994897
5d2fac43562673338e7d256aff57fbc4	d__Bacteria; p__Bacteroidota; c__Bacteroidia; o__Bacteroidales; f__Rikenellaceae; g__S50_wastewater-sludge_group; s__uncultured_bacterium	0.9999999155713546
3331b4743345d82f7d5ce7dbea4c6bda	d__Eukaryota; p__Cryptomycota; c__LKM11; o__LKM11; f__LKM11; g__LKM11; s__uncultured_eukaryote	0.9901054149476413
9837f3974facc13db6016d098f8a2b83	Unassigned	0.633225706984374
bc00b4858e743fce4fa36e1bbbc0faad	Unassigned	0.31450974860895353
c43eb44ee5d265da8a6381be6af8d2fd	Unassigned	0.367518349553022
7a3c24ffcfbd796b82db19fc365d5e12	d__Bacteria; p__Bacteroidota; c__Kapabacteria; o__Kapabacteriales; f__Kapabacteriales; g__Kapabacteriales	0.9999932747192679
a5f0220f477cc296c1a578a2c0f70c7e	d__Bacteria; p__Spirochaetota; c__Leptospirae; o__Leptospirales; f__Leptospiraceae; g__RBG-16-49-21	0.9999660803448741
acc4e37a496d9a1eeafd5a17f9b1cb0d	d__Bacteria; p__Bacteroidota; c__Bacteroidia; o__Sphingobacteriales; f__ST-12K33; g__ST-12K33; s__metagenome	0.9864305569068955
a6ab8d6f6a19254698e8fab4a43ff440	Unassigned	0.4246404472332579
5d4198558e1f06cae5ce3baa2c79d996	Unassigned	0.6143205683090041
1cbbf0f4bdbb6643e02740febceb6bbb	d__Bacteria; p__Caldatribacteriota; c__Caldatribacteriia; o__Caldatribacteriales; f__Caldatribacteriaceae; g__Candidatus_Caldatribacterium; s__uncultured_bacterium	0.9951316998125759
fc75dd4ac4f682ffc2df14d80e580f51	d__Bacteria	0.9999998082305018
f9e8776a19ad8ac0f2c57fd3fb5c7124	Unassigned	0.5479892773399244
765b602bf6fcc036ae4eea126e8a1f27	Unassigned	0.42144787144301066
5667d2ac9982da5b36406ef46da107f4	Unassigned	0.5985067631431347
3eed1fefe0e6da011b389a3cf55bc9d1	d__Bacteria	0.7019065965215713
00ba917886b11c99ec1bb46a8a9a77fb	Unassigned	0.4973196514598818
fcca45d6093e4e77508d6dbc977eab10	d__Bacteria; p__Acidobacteriota; c__Aminicenantia; o__Aminicenantales; f__Aminicenantales; g__Aminicenantales; s__uncultured_bacterium	0.8259809519506123
585bfaa76ed67bbd8cebbe55105f0a75	Unassigned	0.3574110388442864
cc2dc5d4c8f7e5eb70ed28e9722b7577	d__Bacteria; p__Bacteroidota; c__Bacteroidia; o__Bacteroidales; f__Rikenellaceae; g__Rikenellaceae_RC9_gut_group; s__uncultured_prokaryote	0.8218346046894329
bc0684aa257fd17052af47b51990a6fc	d__Archaea; p__Halobacterota; c__Methanomicrobia; o__Methanomicrobiales; f__Methanoregulaceae; g__Methanolinea; s__uncultured_Methanomicrobiales	0.717684715049499
1f74d498d92ed1c30679c08170c62798	Unassigned	0.6273241626083417
664ead1a1869d8f599bcc593dc79c8d8	d__Bacteria; p__Bacteroidota; c__Bacteroidia; o__Sphingobacteriales; f__Lentimicrobiaceae; g__Lentimicrobium	0.999999631774698
2d8ec5d5e7dc5111b8172fa368b1ffec	d__Bacteria; p__Actinobacteriota; c__Acidimicrobiia; o__Microtrichales; f__Microtrichaceae; g__IMCC26207	0.9999912644581138
f92968eaaeaef1c0ff49b83585da415c	d__Bacteria	0.9999999999266677
4ce675e871f5e6251f195be635201a50	d__Bacteria; p__Bacteroidota; c__Bacteroidia; o__Bacteroidales; f__Williamwhitmaniaceae; g__Blvii28_wastewater-sludge_group; s__uncultured_Bacteroidetes/Chlorobi	0.8680011821167992
4cfabdb2a45d2fb92689a0cf2e018caa	Unassigned	0.5557805786032695
2733f8c9fdfdf6c80cb44c09ac898a4f	d__Bacteria	0.8393304043445614
5189af062ae55b4a7d3ad10e8436a05a	Unassigned	0.6610712519023114
92df29c24467ef6c66f51921cc36a957	Unassigned	0.6789691426305181
ae16a3aa5221e256648443c791c17a9c	Unassigned	0.5087822694578272
f74b0afe9c6e9ee35ac2d6b03342f8d1	d__Bacteria; p__Spirochaetota; c__Leptospirae; o__Leptospirales; f__Leptospiraceae; g__RBG-16-49-21; s__uncultured_bacterium	0.8874850522396103
e38358abb10bcd85bc92dd1cb6d450e0	Unassigned	0.5640424573886338
c8b351d7f1ec7cff0ad892adf3398120	Unassigned	0.5489921188804374
337691cac4b21bac7df0772113101522	d__Bacteria; p__Spirochaetota; c__Leptospirae; o__Leptospirales; f__Leptospiraceae; g__RBG-16-49-21	0.9999585276938614
52cf7e58bb3d75384017314527a53909	d__Archaea; p__Halobacterota; c__Methanosarcinia; o__Methanosarciniales; f__Methanosarcinaceae; g__Methanohalophilus	0.9189943266878757
d89d2cd7be68d273a2a075ed6d76948a	Unassigned	0.5852084347867688
9e110ba03697d11b4e6d780574082aa8	Unassigned	0.31801647572517977
bcfcd6c027d3380c681e566c1dd39546	Unassigned	0.5741190523753175
fa13fa64fd5c38a8771042c66fc994b9	Unassigned	0.6098382712177637
40dd0e3a78105c02cea519287e69288e	Unassigned	0.636773751490189
301fa0695d4525f5474ca3e0595db648	d__Bacteria; p__Acidobacteriota; c__Holophagae; o__Holophagales; f__Holophagaceae	0.9999999987355225
60edfa1d09ceb6db40d7a90f84e76029	Unassigned	0.37575828751816065
fd09da275e72e2b4afb02119dee4c49e	Unassigned	0.34744948578781765
066287e7b5261a6d584ec89700388d21	Unassigned	0.47845544042116617
2d4d29554237a84bcb88f0aec47e5d77	d__Archaea; p__Halobacterota; c__Methanomicrobia; o__Methanomicrobiales; f__Methanospirillaceae; g__Methanospirillum; s__uncultured_archaeon	0.7213688764583922
40747b066a7cfe3e016ff2740199a455	Unassigned	0.4352570043176661
8d47afae3630f92527b9294f329742ce	d__Eukaryota	0.7258383054182832
3be4a62b3a86821991060b9af64ff9f6	d__Archaea; p__Crenarchaeota; c__Bathyarchaeia; o__Bathyarchaeia; f__Bathyarchaeia; g__Bathyarchaeia	0.9999999999929642
a5736fde10070f3dd877efc7b3e965a6	Unassigned	0.4149559652409921
49ad637c70adacba1d2a183254a3867a	Unassigned	0.46287472634658045
e4939262009937012fb893d8f2d7a123	d__Archaea; p__Halobacterota; c__Methanosarcinia; o__Methanosarciniales; f__Methanosarcinaceae; g__Methanolobus	0.9993512114143768
c9f4b7b313ab63b5113afc88c19d420c	Unassigned	0.40136640920034183
5a477dd1d2e5ccd31bb6f0fa1e2fa9e8	d__Bacteria; p__Acidobacteriota; c__c5LKS83; o__c5LKS83; f__c5LKS83; g__c5LKS83; s__uncultured_bacterium	0.8100213127891627
06ba2817c681689e059aabee9cf9d344	Unassigned	0.4520763880008608
63e0c284be8ab4635488372bae55104f	d__Bacteria	0.7249904301312821
a9ff0aa6d759ca641eee270a840ae4bc	d__Archaea; p__Halobacterota; c__Methanomicrobia; o__Methanomicrobiales; f__Methanomicrobiaceae	0.9988079142933717
7e0242266516d399a6f7cf652e8cadaa	d__Bacteria; p__Bacteroidota; c__Bacteroidia; o__Bacteroidales; f__M2PB4-65_termite_group; g__M2PB4-65_termite_group; s__uncultured_bacterium	0.9999112948461754
b87dc9d77bbd4154122e759ff0209278	d__Bacteria	0.8157531252937332
c72e58e1b51cd852db00072a1e97eb3b	Unassigned	0.40834572644256584
00f6e86060529dcb6f5cd2380bd3e7d7	d__Bacteria	0.9999999990005263
29fca7075d3ae844aa8fcc71d6206179	Unassigned	0.38853422135915416
a5a234b6a096026fe73f781b62fa08df	Unassigned	0.6554988717915234
1c220b2f4a477e15fa8400f4cf61a83b	d__Eukaryota	0.7120897236422189
f14f79aebfe3206e15b93769ba079caa	d__Bacteria; p__Halanaerobiaeota; c__Halanaerobiia; o__Halanaerobiales; f__Halanaerobiaceae; g__Halocella	0.9999999934155972
bd62d67688bea0b6d4ac442a4c20ce4b	Unassigned	0.55413988893687
dc0f95ad85608f89bbf910e53945a389	Unassigned	0.7337672139016774
86c1fc58dc29b4da7f2e2e567411488f	Unassigned	0.335489089276206
b985fc9163049761d943b04da16283d6	Unassigned	0.4543649210403282
7c7a743c2e539ef7e6254a46a213a2e8	d__Archaea; p__Thermoplasmatota; c__Thermoplasmata; o__Methanomassiliicoccales; f__Methanomethylophilaceae; g__Candidatus_Methanoplasma; s__uncultured_archaeon	0.9996794562326469
fbeaee4e09805cff75e408aa8596562a	Unassigned	0.5960145296226909
3f37ea081bb64a30cdc41213e652e1aa	Unassigned	0.6717430555738424
39cf1fb22590bfe2589178038c46efd5	d__Archaea; p__Euryarchaeota; c__Thermococci; o__Methanofastidiosales; f__Methanofastidiosaceae; g__Candidatus_Methanofastidiosum	0.8848258589454978
12086a2cf199a4499210b425a0096893	d__Eukaryota	0.7008103622505154
024168e1aa215dfc3448f5e2eb0236fc	Unassigned	0.5423426659439632
404ddc093bfce038ae881b956a762188	Unassigned	0.3632832657428555
e069e7303a8c5b039f135b29dd96cb7e	d__Bacteria; p__Bacteroidota; c__Bacteroidia; o__Sphingobacteriales; f__Lentimicrobiaceae; g__Lentimicrobium; s__anaerobic_digester	0.9150303825282174
43e30a4d48525a4f153558c37b3bbc30	Unassigned	0.49129560811026896
10dc62941becabe6d398985855f526ea	d__Archaea; p__Euryarchaeota; c__Methanobacteria; o__Methanobacteriales; f__Methanobacteriaceae; g__Methanobrevibacter; s__Methanobrevibacter_boviskoreani	0.9851910428147705
0a378271971d6d5f2e582e1aaa2990d7	d__Bacteria; p__Bacteroidota; c__Bacteroidia; o__Flavobacteriales; f__NS9_marine_group; g__NS9_marine_group	0.9999985795933741
4a6f5e7ef6c571dec104d5ca2b2b6a91	d__Archaea; p__Crenarchaeota; c__Nitrososphaeria; o__Nitrososphaerales; f__Nitrososphaeraceae; g__Candidatus_Nitrocosmicus	0.9747228813484973
a77a5ed35824a10bc81dc16837699415	d__Bacteria; p__Bacteroidota; c__Bacteroidia; o__Bacteroidales; f__GZKB124; g__GZKB124; s__uncultured_bacterium	0.9999844131169079
f7c0ae3bb04e7bacea1935ac99348d93	Unassigned	0.5436735377877853
a331cd204cc6e1215aa1a054c2a23807	d__Bacteria; p__Acidobacteriota; c__Holophagae; o__Holophagales; f__Holophagaceae; g__Geothrix; s__uncultured_bacterium	0.9318342384337185
640b3d05deda0003500a13b72fbf41f5	Unassigned	0.5294225467266476
54f5b16cd534c951e556783ae3aa0598	d__Bacteria; p__Firmicutes; c__Bacilli; o__Mycoplasmatales; f__Mycoplasmataceae; g__Mycoplasma; s__Mycoplasma_wenyonii	0.9980524352151215
3bb37318cf97f0ac178b746ddd624092	d__Eukaryota	0.8232751922857136
68888bb09c7bc1d1f741d1e21e034cb7	Unassigned	0.7441784569347031
df7f6f40fa996b02e3ee351a50b2db06	d__Bacteria	0.7011862232201251
943466c387e5124c9a7d03b7102adb7c	d__Bacteria; p__Firmicutes; c__Clostridia; o__Peptostreptococcales-Tissierellales; f__Peptostreptococcales-Tissierellales; g__Tepidimicrobium	0.9998488212950746
aafd4e3057546e424c6ab86aa19de835	Unassigned	0.40867723565047975
1a2101cee2d5f60002aa4a3635b6f9ad	d__Bacteria; p__Actinobacteriota; c__Acidimicrobiia; o__Microtrichales; f__Microtrichaceae; g__Candidatus_Microthrix	0.9999995519423251
922019683a8687568bf0fd415a1d0293	d__Archaea; p__Euryarchaeota; c__Methanobacteria; o__Methanobacteriales; f__Methanobacteriaceae; g__Methanosphaera	0.9468222422068189
e8d4d268640418017542edf613a49e23	d__Bacteria; p__Bacteroidota; c__Bacteroidia; o__Flavobacteriales; f__NS9_marine_group; g__NS9_marine_group; s__metagenome	0.9767204358309766
93d57724d0815b1fe9fbae5d93b3ed74	Unassigned	0.3889201813549116
120365ce0ab4fed5bd7249ffbb6d0998	Unassigned	0.6040958939173018
c7142bee3db484440fa559ca176e33c1	Unassigned	0.42479664860920063
cfb8e752152f54816ecfc36b22877baa	d__Archaea; p__Euryarchaeota; c__Thermococci; o__Methanofastidiosales; f__Methanofastidiosaceae; g__Candidatus_Methanofastidiosum; s__uncultured_archaeon	0.8679984716968092
789082d928a05c2a8de0aaa36b2ef041	Unassigned	0.47417658758501013
cbbef4523571c50f260be4f9212ea9f8	Unassigned	0.5435469567594006
ed16d49df1392440a61670edea62a6f4	d__Archaea; p__Halobacterota; c__Methanomicrobia; o__Methanomicrobiales; f__Methanospirillaceae; g__Methanospirillum	0.9996637128188022
22870ea985c5dc854f3ab7a258e25055	d__Bacteria; p__Bacteroidota; c__Bacteroidia; o__Bacteroidales; f__Rikenellaceae	0.9712726038192158
b9841202142f7342cd0e2e6102c0a82d	d__Bacteria	0.7958968792356833
0d1c37da152df937e06f74829f0ee719	Unassigned	0.43921787080996855
fba76d8cdb751f7f350034f164696fb5	d__Bacteria	0.8897565190946258
d04f8cf2c21d4c0c15404b27367d4a89	d__Bacteria; p__Acidobacteriota; c__Acidobacteriae; o__Bryobacterales; f__Bryobacteraceae; g__Bryobacter; s__uncultured_bacterium	0.7246878818388833
e5291e63704b3f3d87d069391596f4a9	Unassigned	0.31874882351490597
4713c067eded8a496d0a11faba71f2d4	Unassigned	0.32241674519641794
03d351960c9d0c1a10d733f38c03d55a	d__Bacteria; p__Bacteroidota; c__Bacteroidia; o__Bacteroidales; f__GZKB124; g__GZKB124; s__uncultured_bacterium	0.9999078877768401
a4f1ea95ade678126197296903d73fb7	Unassigned	0.6238805810761399
d10271830c4d0b1beb7b4a9fe0912a04	d__Bacteria	0.9290712870850579
750db1097a85a865b34844c28b46be2b	d__Archaea; p__Halobacterota; c__Methanomicrobia; o__Methanomicrobiales; f__Methanomicrobiaceae; g__Methanoculleus	0.9999864788429318
a7396faa50cea44a6572e4d71484013a	Unassigned	0.4421117640870419
1853b9f62fc49382af9ca0e73dda703e	d__Bacteria; p__Firmicutes; c__Clostridia; o__Lachnospirales; f__Lachnospiraceae	0.9992192498075539
1336f44b3ef615ee401326984f53734f	d__Archaea; p__Crenarchaeota; c__Bathyarchaeia; o__Bathyarchaeia; f__Bathyarchaeia; g__Bathyarchaeia; s__uncultured_methanogenic	0.7072418342297488
187248d0c14be06f33d82a35d5d9f3ce	d__Archaea; p__Euryarchaeota; c__Methanobacteria; o__Methanobacteriales; f__Methanobacteriaceae; g__Methanobrevibacter; s__uncultured_bacterium	0.9120251217908297
c840c56a63108e003630821c7d1c230e	d__Eukaryota	0.7795609751292495
fd8746a780bc08aac7728a846424e2ee	d__Archaea; p__Thermoplasmatota; c__Thermoplasmata; o__Methanomassiliicoccales; f__Methanomethylophilaceae; g__RumEn_M2; s__uncultured_archaeon	0.9977157530063363
61cadc0cb26e003151a56536d04de1d6	d__Eukaryota	0.7536961877184541
40afa82689f87e903a8b6276e9cd55f3	Unassigned	0.4865557964785657
87780d9781e0c701f8e50a592b5728f2	d__Bacteria; p__Bacteroidota; c__Bacteroidia; o__Bacteroidales; f__Bacteroidetes_vadinHA17; g__Bacteroidetes_vadinHA17; s__uncultured_bacterium	0.7450723543852374
c687a0b3a375c40cba17e0581f9a309b	Unassigned	0.8048071260147258
9aab5711f043fa6f95c0bea0c4b87a97	d__Bacteria; p__Acidobacteriota; c__c5LKS83; o__c5LKS83; f__c5LKS83; g__c5LKS83; s__uncultured_bacterium	0.9999999998230891
405e1e5d0b1392e67b14d02ea886ff11	d__Bacteria; p__Acidobacteriota; c__Aminicenantia; o__Aminicenantales; f__Aminicenantales; g__Aminicenantales; s__uncultured_soil	0.9763513523013567
c6b08f7b1aa1d8d7e222a9d6e7d2cfb0	d__Bacteria; p__Bacteroidota; c__Bacteroidia; o__Bacteroidales; f__M2PB4-65_termite_group; g__M2PB4-65_termite_group; s__uncultured_bacterium	0.9640562400944099
371777feef6473e2e676335b3be1aa7d	Unassigned	0.562246308671482
1add5e4a222a0ad21b45180c56553fb6	d__Eukaryota	0.7849562702352934
ba96c5f19b46218c7e7512953c886343	Unassigned	0.5059798174715049
4b533b4592b7e355a125c85d10d97bd0	d__Bacteria; p__Bacteroidota; c__Bacteroidia; o__Flavobacteriales; f__NS9_marine_group; g__NS9_marine_group	0.9999989067130839
e2736eed19cd588996a68ef944cb6e60	d__Eukaryota	0.7288488671928745
f75d0cf9927ac766df2a2a9a0800e861	d__Bacteria; p__Bacteroidota; c__Bacteroidia; o__Bacteroidales; f__Rikenellaceae; g__uncultured; s__uncultured_Bacteroidales	0.9988570931635902
d888f43a63ecd8447623d3aac8056bf7	d__Bacteria; p__Bacteroidota; c__Bacteroidia; o__Bacteroidales; f__Rikenellaceae; g__dgA-11_gut_group; s__uncultured_bacterium	0.9737900958330322
9549669b9b2f48c9bc3c2b370eb2a16b	d__Bacteria; p__Verrucomicrobiota; c__Verrucomicrobiae; o__Pedosphaerales; f__Pedosphaeraceae	0.9999909179638349
acf987afdc3bcfed636983096ef22429	Unassigned	0.4760587800937771
3705934f0cccfa4f24ab0f520c4252b8	d__Bacteria; p__Bacteroidota; c__Bacteroidia; o__Sphingobacteriales; f__Lentimicrobiaceae; g__Lentimicrobium	0.999999942240007
8eb8b52903c002b4db32e607508b3461	d__Archaea; p__Thermoplasmatota; c__Thermoplasmata; o__Methanomassiliicoccales; f__Methanomassiliicoccaceae; g__Methanomassiliicoccus; s__uncultured_archaeon	0.8880772551303571
6fab7606a3a0e9397977f6e5e09cf131	Unassigned	0.4349734885640585
bd447fddabba967b5892eca168cc2295	d__Bacteria; p__Bacteroidota; c__Bacteroidia; o__Flavobacteriales; f__NS9_marine_group; g__NS9_marine_group; s__uncultured_bacterium	0.7887115728559976
c85d526c2baff098dd65211a6ebd1ae2	Unassigned	0.48354349991241263
1005bcc2ebb60aaba35993a26ef47f11	d__Bacteria; p__Bacteroidota; c__Bacteroidia; o__Bacteroidales; f__Dysgonomonadaceae; g__uncultured; s__uncultured_prokaryote	0.9964797080857726
03f4fd5f3bab090f277f654851412db5	d__Bacteria; p__Verrucomicrobiota; c__Verrucomicrobiae; o__LD1-PB3; f__LD1-PB3; g__LD1-PB3; s__uncultured_planctomycete	0.8429705456518398
d4f0935e41dc16fa1f295df318c92bcb	Unassigned	0.5146154031395649
e485fdcd6e17249c7fa6e137ae08e046	Unassigned	0.40582350304019865
9007b92c59de90a7c1713435e6b3634d	d__Bacteria; p__Actinobacteriota; c__Acidimicrobiia; o__Microtrichales; f__Microtrichaceae; g__IMCC26207; s__uncultured_bacterium	0.8986326094442589
b22418e7d679ea9ab58741434569fc36	d__Archaea; p__Halobacterota; c__Methanosarcinia; o__Methanosarciniales; f__Methanosarcinaceae; g__Methanomethylovorans	0.9912368122712937
139522f298b4f70439fc70cebf38ec5d	d__Archaea; p__Halobacterota; c__Methanosarcinia; o__Methanosarciniales; f__Methanosarcinaceae; g__Methanimicrococcus; s__uncultured_Methanimicrococcus	0.9993148634956865
0c85e9f5d7882e7c664afb72051c09b2	Unassigned	0.5707012551151975
273781b81db7efe1d1592b2626917395	Unassigned	0.3079614077610977
a80fa3a1bfcc37fa3b8e37f0bb6339b4	d__Bacteria; p__Proteobacteria; c__Gammaproteobacteria; o__Pseudomonadales; f__Pseudomonadaceae; g__Pseudomonas	0.9831715317423109
79adc6be0297d6aa47a35c9dee16e0d1	Unassigned	0.581057243699167
4dd605de4e63e24052cd81db4d73e702	Unassigned	0.44799936790814554
99a442715cdffbdd9303fe79fcd84bae	Unassigned	0.33286427469506197
9de11e115b9f5717d05f60b82c5fa04a	d__Archaea; p__Halobacterota; c__Methanomicrobia; o__Methanomicrobiales; f__Methanoregulaceae; g__Methanoregula; s__Methanoregula_formicica	0.7976622239319188
dc96dc859049abcb2b86f0a48090c3f5	Unassigned	0.4114587500654958
0aabfb469ff7aaad9bb206605513b87d	d__Bacteria; p__Firmicutes; c__Clostridia; o__Lachnospirales; f__Lachnospiraceae; g__Lachnospiraceae_NK3A20_group; s__bacterium_enrichment	0.9905634821294286
a49bf843b202b1925935c574de58fae0	d__Archaea; p__Thermoplasmatota; c__Thermoplasmata; o__Methanomassiliicoccales; f__Methanomassiliicoccaceae; g__uncultured	0.9655651538614365
ef31cd1f95a30761da006a89bd9b6da7	d__Archaea; p__Thermoplasmatota; c__Thermoplasmata; o__Methanomassiliicoccales; f__Methanomassiliicoccaceae; g__uncultured; s__uncultured_archaeon	0.8519336838371896
9693db4c4c84dc2d718f5e74a02afbbc	d__Archaea; p__Halobacterota; c__Methanomicrobia; o__Methanomicrobiales; f__Methanomicrobiaceae; g__Methanoculleus; s__uncultured_bacterium	0.7590910952143155
92b799a9ce9aa2f937e25693e354b71e	d__Archaea; p__Euryarchaeota; c__Methanobacteria; o__Methanobacteriales; f__Methanobacteriaceae; g__Methanosphaera	0.9998839566413722
781601fabcaf1ee961df4bd0142c87cf	Unassigned	0.4969431601150487
18f4be55c9f66fff69215e148c23b0f7	Unassigned	0.46083987460401965
75314c18eca6839ff0d2d2fd4f4606e2	Unassigned	0.4110753142247383
1812abd8972e57cfc4594011b44bccc4	Unassigned	0.5559359891391407
3a05406589395b2f571eaf59fc65b571	d__Bacteria; p__Cloacimonadota; c__Cloacimonadia; o__Cloacimonadales; f__Cloacimonadaceae; g__Candidatus_Cloacimonas; s__Candidatus_Cloacimonas	0.72286889610825
9a822463ecaf0ee947763c10dba7051c	d__Bacteria; p__Bacteroidota; c__Bacteroidia; o__Bacteroidales; f__Rikenellaceae; g__DMER64; s__uncultured_bacterium	0.957742138847408
c5423b9270a5921af09b6f6aaf57c74e	d__Eukaryota	0.7697815847918503
097f47efc321031bcc5e52ea0e1bbe7c	d__Archaea; p__Halobacterota; c__Methanosarcinia; o__Methanosarciniales; f__Methanosarcinaceae; g__Methanosarcina	0.9999996069259305
82d16f847d8b74cf47a336e5d1a96ff4	Unassigned	0.6061088374569892
3e7a990e1df02113578ae2fa0f9a4ae0	Unassigned	0.4341053639189325
d7bb11dbbd92794ebcc3732e0cce5be5	Unassigned	0.3078440393286286
f97f6674d69d0eaf9baa4797672135e4	Unassigned	0.5135413661609134
83c59261cc31dd7ca6eb5a226e2b357b	d__Archaea; p__Euryarchaeota; c__Methanobacteria; o__Methanobacteriales; f__Methanobacteriaceae; g__Methanobacterium	0.9528062695341988
8a8cf92eeb7ce36b31f8c7b4e6ec7bd8	d__Bacteria	0.975726888476962
a867cd514b7c8c6ad88ef37e1587343f	d__Bacteria; p__Actinobacteriota; c__Acidimicrobiia; o__Microtrichales; f__Microtrichaceae; g__IMCC26207; s__uncultured_bacterium	0.8344516660022245
9e421cf947a088150d721342a5c776ad	d__Bacteria	0.9292084494172005
4334731ec09385fe30e446b2ade80af1	d__Bacteria; p__Spirochaetota; c__Leptospirae; o__Leptospirales; f__Leptospiraceae; g__RBG-16-49-21; s__metagenome	0.9990770853719406
4a2697c4a4e0243b3868489bf6154aa2	d__Bacteria; p__Firmicutes; c__Incertae_Sedis; o__DTU014; f__DTU014; g__DTU014; s__uncultured_prokaryote	0.8418425470759996
33f5c9afcc3be42f77704d5a87e0d5e4	d__Bacteria; p__Bacteroidota; c__Kapabacteria; o__Kapabacteriales; f__Kapabacteriales; g__Kapabacteriales; s__uncultured_bacterium	0.9917339324614179
d8a40d60ab70eb2b3a1ad2dddbe2ab2b	d__Archaea; p__Halobacterota; c__Methanomicrobia; o__Methanomicrobiales; f__Methanomicrobiaceae; g__Methanogenium; s__uncultured_archaeon	0.9912313238301506
4dda654b7bbf5485ec936edc70099760	Unassigned	0.4679924950252846
235d0a7e976acd1e7dc031ceb7a15052	Unassigned	0.8052162444882351
0e87b6b5755099e83c3d66c65de5d79e	d__Archaea; p__Halobacterota; c__Methanomicrobia; o__Methanomicrobiales	0.9999998362555245
3a4f2862d6ecedc33296a0c982c340ed	Unassigned	0.4220984100504812
b2b76e71785cbee3d747fac28bfa88e5	d__Archaea; p__Euryarchaeota; c__Methanobacteria; o__Methanobacteriales; f__Methanobacteriaceae; g__Methanobacterium	0.9990608076570033
8df4771136c86a642dda1377acff24b0	d__Bacteria	0.9999999997779625
ea975498647f73a58ed6f87a64f165a0	d__Archaea; p__Crenarchaeota; c__Bathyarchaeia; o__Bathyarchaeia; f__Bathyarchaeia; g__Bathyarchaeia; s__uncultured_euryarchaeote	0.9749698832916404
5b3eb628a5ef3a4adfc2d9c024059e33	Unassigned	0.3193371730706055
c5a10984d38e8fc9fe76b36f181dadc4	Unassigned	0.37193300361132287
f06a576150d1f3b937d7010c9293fe68	d__Archaea; p__Halobacterota; c__Methanomicrobia; o__Methanomicrobiales; f__Methanomicrobiaceae; g__Methanoculleus	0.999997382389357
e5422e1632ac46a9d4a5901534a363b7	d__Eukaryota	0.720636425288418
0144703e09107960481169c8156cc03e	Unassigned	0.4157426634398411
f5444e17db67943b7200062ebc6a7e98	d__Bacteria; p__Bacteroidota; c__Bacteroidia; o__Sphingobacteriales; f__Lentimicrobiaceae; g__Lentimicrobiaceae; s__wastewater_metagenome	0.9635397529218637
75b24d1d36d2cfd2b1a78061d2f62037	Unassigned	0.5015717619191359
506e0372e130a5866944b40ca40c4bb9	d__Bacteria	0.9289656884712528
af17f63d945a154fa2691a8790cfd330	d__Bacteria; p__Spirochaetota; c__Leptospirae; o__Leptospirales; f__Leptospiraceae; g__RBG-16-49-21; s__metagenome	0.7403140427186
25b537fb79bce813da685533c1a2e875	Unassigned	0.38504902237637106
c9b57e427d3887457c2882a9b5820030	d__Archaea; p__Thermoplasmatota; c__Thermoplasmata; o__Methanomassiliicoccales; f__Methanomethylophilaceae; g__uncultured; s__uncultured_archaeon	0.8023372771397722
bf46fe3c6b2598735137655b2aa55187	Unassigned	0.3979928754466471
04f77d3941aa00a5ad17a4393189ea42	d__Bacteria; p__Bacteroidota; c__Bacteroidia; o__Bacteroidales; f__Rs-E47_termite_group; g__GWE2-42-42; s__metagenome	0.9946747331621356
cf7ff42eb19028734f0a2c26279809b1	Unassigned	0.4335225785000312
dc274e90c81bb3988f96d3c7ce2cb7c2	Unassigned	0.4428491889278243
f05de51f0f07a9580213c0ed2cda0cff	d__Archaea; p__Crenarchaeota; c__Bathyarchaeia; o__Bathyarchaeia; f__Bathyarchaeia; g__Bathyarchaeia; s__uncultured_crenarchaeote	0.9597015278949974
1ead92015dd7885877ee3fa51076d2ad	Unassigned	0.46095668483313457
6d9ac5d64e6e2d30ae2bb9d8ade40592	d__Archaea; p__Halobacterota; c__Methanomicrobia; o__Methanomicrobiales; f__Methanomicrobiaceae; g__Methanofollis; s__Methanofollis_liminatans	0.8194474412296406
88838bd30b89c79e9768e5968a26d999	Unassigned	0.3345057051414151
41fa398453b409a511d2e33b98b5d05d	d__Bacteria; p__Bacteroidota; c__Bacteroidia; o__Bacteroidales; f__Rikenellaceae	0.9999801558635901
32803f8d72e17cb53142d04e91decc1f	Unassigned	0.4166276196805846
167632c8b04767858df9827689c425b5	d__Archaea; p__Halobacterota; c__Methanosarcinia; o__Methanosarciniales; f__Methanosarcinaceae; g__Methanomethylovorans; s__uncultured_archaeon	0.9456622867803729
7eecf20fd74ec8b59798494f10fb7e4a	Unassigned	0.36328231262358346
4e0d726b73cfd31cbc9c31844d6eaa89	d__Bacteria; p__Firmicutes; c__Clostridia; o__Eubacteriales; f__Eubacteriaceae; g__Pseudoramibacter; s__Pseudoramibacter_sp.	0.8841434286680695
2d2fa3ea73b807b8a087bd071e497ad4	Unassigned	0.4350211021740997
75a3590f8c04a024bed60b2b9c37803d	Unassigned	0.4657440459517245
983fe9a8e753cc1f4c7157173f4a4776	d__Bacteria; p__Spirochaetota; c__Leptospirae; o__Leptospirales; f__Leptospiraceae; g__RBG-16-49-21	0.9999333867246288
ead6e33b76131002bf0de2efe9de2c56	Unassigned	0.4543182968307331
16b2a719930820d1c0fedc37dbc9c9f8	d__Bacteria; p__Verrucomicrobiota; c__Verrucomicrobiae; o__Pedosphaerales; f__Pedosphaeraceae; g__DEV114; s__uncultured_prokaryote	0.9797009226921257
70a99efc2f4fa387edd116ba15d36fce	Unassigned	0.5133634459504717
52de023b121223f9c41ce7bc3e2a2832	Unassigned	0.35070860192033293
f52511574f91964a51d786e0c523fbd3	Unassigned	0.32375703233379804
185ee10dcc3b21f081ec10b7b4eeb98b	Unassigned	0.7006919479666831
63ce1850b2d3158c78dff439737d4b6e	Unassigned	0.6107193903352877
dc6843b8b3628cd81f34895515928432	Unassigned	0.5010555875541427
2257e65c264667cd3c5b412c4ef2aeb2	d__Bacteria; p__Bacteroidota; c__Bacteroidia; o__Bacteroidales; f__M2PB4-65_termite_group; g__M2PB4-65_termite_group; s__uncultured_bacterium	0.9999868740792118
7628a0da5512a27b91d0723304b8ba60	Unassigned	0.5995155583445038
8a73b439fbab00e90f16b37f70f81c48	Unassigned	0.41987685517462103
8c3d2932f71d17b05ba72c7449ec3eed	Unassigned	0.5284058998120116
dd26db9d08a7405ba373da1561c7288e	d__Archaea; p__Nanoarchaeota; c__Nanoarchaeia; o__Woesearchaeales; f__SCGC_AAA011-D5; g__SCGC_AAA011-D5; s__uncultured_archaeon	0.9511151231230569
c4f8381fc66dd59520c666a227eac8b6	d__Bacteria; p__Proteobacteria; c__Gammaproteobacteria; o__Pseudomonadales; f__Pseudomonadaceae; g__Pseudomonas	0.9882261854884624
deb467ac9e00cd5ea77f58fb8c12fb57	Unassigned	0.5038813919249395
9bd32d566ac52fd47dc55850056f3bc6	Unassigned	0.5126190500149297
2aef93c7092609730059efde2312e881	d__Bacteria	0.8837446379177905
c682238a6b1f9b502058636668b80337	Unassigned	0.5593583441094918
0db402adc4e55a501f8ee1f43c59c784	d__Bacteria	0.7493589713121154
a351ca00da294c77060387b40aad3b32	d__Bacteria	0.8807749353744018
5476d2f361f26c5dc0f74167b673bf88	Unassigned	0.32195043248003563
6b0161220989a214321f3287e5ae7c4a	d__Archaea; p__Nanoarchaeota; c__Nanoarchaeia; o__Woesearchaeales; f__Woesearchaeales; g__Woesearchaeales; s__uncultured_euryarchaeote	0.9989890407839179
085d2ee360e31466886ac40888132b3d	d__Archaea; p__Halobacterota; c__Methanosarcinia; o__Methanosarciniales; f__Methanosarcinaceae; g__Methanosarcina	0.9811859400019919
2daf8b7afac38fc0bc5c74c03d30b397	d__Archaea; p__Halobacterota; c__Methanosarcinia; o__Methanosarciniales; f__Methanosaetaceae; g__Methanosaeta	0.9998696587787375
d0ecc2aef01cee0f622db2f72be5c427	d__Eukaryota	0.7056222389987034
cb596bc1d78650512a3023e88f0ec59b	d__Archaea; p__Crenarchaeota; c__Bathyarchaeia; o__Bathyarchaeia; f__Bathyarchaeia; g__Bathyarchaeia	0.9999999999608066
5e35dc177e10a9a72ce577cf14d673c4	d__Bacteria	0.7635508211227194
a4661a9546c0da2d10b40b6ff8f1bae5	Unassigned	0.48119984810925087
f8acdc8ff932b62ccd361f17411518b4	Unassigned	0.5908300435692632
97a218d288dc80693dd979f42029f5e9	Unassigned	0.5186751102504156
885c4140d3e9abe0950aec60ef583cbe	d__Archaea; p__Halobacterota; c__Methanomicrobia; o__Methanomicrobiales; f__Methanoregulaceae; g__Methanolinea; s__uncultured_archaeon	0.8548456901314329
7b158d550b2672b1d3498146cec6e198	d__Archaea; p__Halobacterota; c__Methanomicrobia; o__Methanomicrobiales; f__Methanoregulaceae; g__Methanolinea	0.9865723820524533
649b6f77e7d715f67df7d763d8e0b68b	Unassigned	0.46024291424724484
686fda5be9da38c5f8b506474d3bd685	Unassigned	0.5216151107924993
b8bd250cbc66de352b8376ea0a7de96f	d__Eukaryota	0.7102102833875061
e4047225dc77dbd46b818f3ed1ce116a	Unassigned	0.5054465829433732
8eba77036e79783372a0a7f867a48067	d__Archaea; p__Halobacterota; c__Methanomicrobia; o__Methanomicrobiales; f__Methanospirillaceae; g__Methanospirillum	0.9999961615324997
0b6cb65553883e56862ef4d7d9aa8846	d__Bacteria; p__Bacteroidota; c__Bacteroidia; o__Bacteroidales; f__MgMjR-022; g__MgMjR-022; s__uncultured_bacterium	0.9997428505874012
29adaf5663a9036edb1dc61d56f19ae4	d__Bacteria; p__Cloacimonadota; c__Cloacimonadia; o__Cloacimonadales; f__W27; g__W27	0.8766157992924797
2bbacad2ccffa1c8940ea4f79da81633	d__Bacteria; p__Spirochaetota; c__Spirochaetia; o__Spirochaetales; f__Spirochaetaceae; g__uncultured	0.9999636301102468
b72e021c259d954573d56536c77d6636	Unassigned	0.5137758544590001
97a28d550969df5132919200b6d3efce	d__Archaea; p__Thermoplasmatota; c__Thermoplasmata; o__Methanomassiliicoccales; f__Methanomethylophilaceae	0.7243725619630739
967e6e3f5eb2b2965c3a7ffa63e4582e	Unassigned	0.3900403933251765
0c4a6ded557cebf410b984ac2dccae28	d__Bacteria; p__Spirochaetota; c__Leptospirae; o__Leptospirales; f__Leptospiraceae; g__RBG-16-49-21; s__uncultured_bacterium	0.9774133480887497
bd6d72506ff88585a02816c8082f35bd	Unassigned	0.6157033722247589
1948d0c9a26856993ac3fb64926935cb	d__Bacteria; p__Bacteroidota; c__Bacteroidia; o__Bacteroidales; f__Prevotellaceae; g__Prevotella; s__Bacteroidales_bacterium	0.7603254718078515
c1011e35fe6688b87fcce18bbdf64f3c	d__Bacteria; p__Bacteroidota; c__Kapabacteria; o__Kapabacteriales; f__Kapabacteriales; g__Kapabacteriales; s__uncultured_bacterium	0.8172038996469858
a5c493f2f347aef9d7315d8b2cb8fd45	d__Bacteria; p__Acidobacteriota; c__Acidobacteriae; o__Bryobacterales; f__Bryobacteraceae; g__Bryobacter; s__Acidobacteriaceae_bacterium	0.7065293753908871
25392c7fc5f7c07a245ce3b358e6f614	d__Archaea; p__Thermoplasmatota; c__Thermoplasmata; o__Methanomassiliicoccales; f__Methanomassiliicoccaceae; g__uncultured	0.9345675739239694
89c016ed1c435c314d75312bab91a1ee	d__Archaea; p__Thermoplasmatota; c__Thermoplasmata; o__Methanomassiliicoccales; f__Methanomassiliicoccaceae; g__uncultured	0.9904476785631574
4d1040b35cd995b2a3e5baeb8ac48769	Unassigned	0.35578431730792803
e222a7f125f580bfc8b405823642542e	Unassigned	0.5836875017455678
443c7467214d2f30ce2ecccf580a1cb8	Unassigned	0.5374777791074794
1ae582e0dbdf1c5c2f629e07d8b84863	Unassigned	0.36730433906808646
5c65b3938eb10d7ba8b32c356e8dc714	d__Bacteria; p__Bacteroidota; c__Bacteroidia; o__Sphingobacteriales; f__Lentimicrobiaceae; g__Lentimicrobiaceae; s__uncultured_bacterium	0.905893126432798
7e97e30f097da521a7fd87bb437f4faa	Unassigned	0.6163975765293296
beb48d9aab97f8762a3bee5a28f992fd	d__Bacteria; p__Bacteroidota; c__Bacteroidia; o__Sphingobacteriales; f__ST-12K33; g__ST-12K33; s__metagenome	0.9961938552962998
bced84e488513693a72236b875938875	d__Bacteria; p__Acidobacteriota; c__Thermoanaerobaculia; o__Thermoanaerobaculales; f__Thermoanaerobaculaceae; g__Subgroup_10; s__Acidobacteria_bacterium	0.9483242407965945
c409e5554fb0a131e7191269120d24aa	Unassigned	0.5287500634505675
074234ae967e1f2b8317e4cc305f95d1	d__Bacteria; p__Bacteroidota; c__Bacteroidia; o__Bacteroidales; f__Rikenellaceae; g__dgA-11_gut_group; s__uncultured_bacterium	0.9999827592985381
ff1a03351c145b10e3af670e710c25dc	d__Archaea; p__Crenarchaeota; c__Nitrososphaeria; o__Nitrososphaerales; f__Nitrososphaeraceae; g__Candidatus_Nitrocosmicus; s__Candidatus_Nitrosocosmicus	0.866182548418157
238e2374cb700fb337b70209a02dfea0	d__Eukaryota	0.7499219527230696
349152d7c84636169ad80c5a21e18236	Unassigned	0.3498481035716414
37ff5c90eb06bc8b47b7af67968a6de0	Unassigned	0.40199712868309867
47cef3246ff6e5dbbdbe914ce99e2c76	Unassigned	0.3547362269745371
41e58be8f6ae8d23c0538a148ed4bf22	d__Bacteria	0.9158063726192549
2f226b7fec9c7dad9a79027d40f32c18	Unassigned	0.46480691362070103
1b544be820412b6713827ebc9d9063f8	Unassigned	0.3172777920567873
0dc2b4064c5085106a9f1f577b2264c5	Unassigned	0.5147138952177348
ba03fb9c92335bae50de27cf5d0d77c4	d__Bacteria; p__Spirochaetota; c__Spirochaetia; o__Spirochaetales; f__Spirochaetaceae; g__Treponema; s__uncultured_prokaryote	0.9599122752645897
18d4bbe58581bbd23ff66f1a6a211b15	Unassigned	0.4921088716428159
58420fe76b40d7f56613c32025129a88	Unassigned	0.934194938240383
d68370b6477b9ea621f7517fe94dae30	Unassigned	0.5035703663341545
61cc93a9c63e5d8b49bd419f77945264	d__Eukaryota	0.7850920050575876
374b9e8e17140ed97f4d0513ba7d3ccc	d__Bacteria; p__Bacteroidota; c__Bacteroidia; o__Sphingobacteriales; f__Lentimicrobiaceae; g__Lentimicrobium	0.9996532594004479
dc1bc6bc4c3b613e8081ecb85fc27d5b	d__Archaea; p__Crenarchaeota; c__Bathyarchaeia; o__Bathyarchaeia; f__Bathyarchaeia; g__Bathyarchaeia; s__uncultured_archaeon	0.7068145506011249
4c2db011eba06f504b378342a18955bd	Unassigned	0.5061769532305858
b44bdce8f5be63c950fd9ab58beadcc1	Unassigned	0.5905824445138598
e9de7e13d2692fae8f4fe6af98dc369d	d__Bacteria; p__Firmicutes; c__Clostridia; o__Peptostreptococcales-Tissierellales; f__Peptostreptococcales-Tissierellales; g__Alkaliphilus; s__uncultured_prokaryote	0.9785794211357183
094fa89bb651bd723d6a5d9b00d54570	Unassigned	0.34905362450466404
89b516b9f184d7da5877e1be10efd7dd	d__Bacteria; p__Bacteroidota; c__Bacteroidia; o__Sphingobacteriales; f__Lentimicrobiaceae; g__Lentimicrobiaceae	0.8646662793784987
27b99055ec6c2551e6af3b9dd780beb1	Unassigned	0.4455995205181549
056d283e164f405fbc837f0f2e7202fb	d__Bacteria; p__Spirochaetota; c__Leptospirae; o__Leptospirales; f__Leptospiraceae; g__RBG-16-49-21	0.9999996498829993
0292b494b965899f2f4f50c65f1b2e2c	Unassigned	0.3687138651431019
966e63e6471b4177e541a70dae0924fb	d__Bacteria; p__Bacteroidota; c__Bacteroidia; o__Bacteroidales; f__Rikenellaceae; g__uncultured	0.977713731273245
025f6d614ea1f9b5091ccdcaea03c74a	d__Bacteria	0.851133428883067
7e1b75ce4ecb0f8f577848a4e056e242	d__Archaea; p__Euryarchaeota; c__Methanobacteria; o__Methanobacteriales; f__Methanobacteriaceae; g__Methanosphaera	0.9530297256595558
190593876538a6b487ae0d23b61cf43f	d__Bacteria; p__Cloacimonadota; c__Cloacimonadia; o__Cloacimonadales; f__W27; g__W27	0.9611353933877623
bf1fea147786d47ce2668a340b0b712c	Unassigned	0.5132391673997849
e5a59f48666d3e50eade46ebef9b4ab6	d__Bacteria	0.9925234921264809
30308a78742f67f16f3a64d6654a6488	Unassigned	0.3751294692954613
e0592bb56ea05a9bfeec26d248010dc6	d__Bacteria; p__Actinobacteriota; c__Actinobacteria; o__Bifidobacteriales; f__Bifidobacteriaceae	0.9999809892633363
09405416fd2ce4695d66da969ebc5af3	d__Eukaryota	0.7305539794424203
ec4c0a6a6649d256023a961d453f3531	Unassigned	0.5779676777857371
07d574faf0d4cb0188d3fb5bc46a9ac0	d__Archaea; p__Euryarchaeota; c__Methanobacteria; o__Methanobacteriales; f__Methanobacteriaceae; g__Methanobrevibacter; s__Methanobrevibacter_ruminantium	0.7812609929096921
42d55bd66b26d3a1ebd28ca81c0444fa	Unassigned	0.49464079930687255
fdaad7200f0e478b062087595f9305d1	d__Bacteria; p__Spirochaetota; c__Leptospirae; o__Leptospirales; f__Leptospiraceae; g__RBG-16-49-21; s__uncultured_Leptospira	0.9100150394912389
f43cdab0773b92b1fc702e843b9e75cf	d__Eukaryota	0.7258353231778343
9abb2c26cb5ce58e6a978d022c4fb617	Unassigned	0.4664462288608574
483c2f294dffbf781d7f2f19052b758a	d__Bacteria; p__Bacteroidota; c__Bacteroidia; o__Bacteroidales; f__Bacteroidetes_vadinHA17; g__Bacteroidetes_vadinHA17; s__uncultured_bacterium	0.7032656379856395
6b9505c920db1ffae17ee65d95374868	Unassigned	0.3390511492195103
c9db01ab0fb7fcf337c5fc531b83d22a	d__Archaea; p__Halobacterota; c__Methanosarcinia; o__Methanosarciniales	0.9999963112512796
9db6bb89ecd20e92865fa4d54c0f3358	d__Bacteria; p__Proteobacteria; c__Gammaproteobacteria; o__Enterobacterales	0.9931648352878221
fc0385ab992126a29fa9690a0d6cea0c	d__Eukaryota	0.7842281094235242
d4a91082d4df1089c59f6d1baf0f29a4	d__Bacteria; p__Bacteroidota; c__Bacteroidia; o__Bacteroidales; f__Rikenellaceae; g__DMER64; s__metagenome	0.7821401370780449
04aea3ea4ede4c5b3c2d7869b3cbdb6b	d__Archaea; p__Euryarchaeota; c__Methanobacteria; o__Methanobacteriales; f__Methanobacteriaceae; g__Methanobacterium	0.9983228408829585
01469c059c4b4ff4c1e5459c951a47b1	Unassigned	0.6134038540835822
c0acdffc182e069f956fc77c0735bf95	d__Bacteria; p__Spirochaetota; c__Spirochaetia; o__Spirochaetales; f__Spirochaetaceae; g__Treponema; s__uncultured_prokaryote	0.9922780472482459
49f262b083d5aacbb6e35a14ae12249b	d__Bacteria	0.8173547346335811
a6ea8b49bc1f5000ad1a7c105796a636	Unassigned	0.3128402772790264
37d73c6ad7076fa4bef91be88ac1d99b	d__Bacteria; p__Verrucomicrobiota; c__Lentisphaeria; o__Oligosphaerales; f__Lenti-02; g__Lenti-02; s__uncultured_bacterium	0.770963567945274
2eb67a9fdb79d277a531a626c5df6152	Unassigned	0.448453383545098
5acccdeec1d6dae7230903568f1dd650	d__Archaea; p__Euryarchaeota; c__Thermococci; o__Methanofastidiosales; f__uncultured; g__uncultured; s__uncultured_archaeon	0.9883821602469535
6dbbc32e5c7d15229f8e896a266a2b46	Unassigned	0.5193970994294093
e98c5e03b9cc95a25077905db2a9f650	d__Bacteria; p__Bacteroidota; c__Kapabacteria; o__Kapabacteriales; f__Kapabacteriales; g__Kapabacteriales	0.9972751398750086
6914b8dca5e1ecca809638f108c066c0	Unassigned	0.4155871105598151
eabe7880ec18fb04f3c981db18a12988	d__Bacteria; p__Acidobacteriota; c__Thermoanaerobaculia; o__Thermoanaerobaculales; f__Thermoanaerobaculaceae; g__Subgroup_10; s__metagenome	0.9318616340403691
5ce261ec5d6d74095501f3da13d510c9	d__Bacteria; p__Bdellovibrionota; c__Bdellovibrionia; o__Bacteriovoracales; f__Bacteriovoracaceae; g__Peredibacter	0.9495031464132138
b0e0f2c7c32eb4d041a652f45570e508	Unassigned	0.5648700598422838
27c8527cb6830532289b50808292fe66	d__Archaea; p__Halobacterota; c__Methanomicrobia; o__Methanomicrobiales; f__Methanomicrobiaceae; g__Methanogenium; s__uncultured_archaeon	0.9999418375417382
914ceeaf792d2f59894d3d9b9da37607	d__Bacteria; p__Bacteroidota; c__Bacteroidia; o__Sphingobacteriales; f__Lentimicrobiaceae; g__Lentimicrobium; s__anaerobic_digester	0.9153199866476764
61ffe803b2493d34fbd2fd4c21f13c89	d__Bacteria; p__Firmicutes; c__Clostridia; o__Peptostreptococcales-Tissierellales; f__Peptostreptococcales-Tissierellales; g__Alkaliphilus	0.9998621120270659
9edbd6f39d1059a61983a71fffed8e2f	d__Eukaryota	0.7858909467071385
5ec934bd97414ec327c9b1052f021f8f	Unassigned	0.3574728985415402
91a71575317f25d31d5b685dc7f4da1b	d__Archaea; p__Halobacterota; c__Methanosarcinia; o__Methanosarciniales; f__Methanosarcinaceae; g__Methanimicrococcus; s__uncultured_Methanimicrococcus	0.9948253862873938
ef686d4fd78620f2a0ac4e09b2bf294a	Unassigned	0.4620988284967563
10517ab812b0aa817f0dcced43575efc	d__Eukaryota	0.7140882285059371
4f1f55a7dbddb8a477bde9f81180dfaf	Unassigned	0.363652667557417
5a57a4968f81469debf54774787fd970	Unassigned	0.34551114626078516
ab42dd04d5b208e3b7815c186299fb11	Unassigned	0.5839028857075658
7c9d4c54a47f0d301936353ed38a4ed3	d__Eukaryota	0.7868473123495948
34531dca80c34a8b0ab196b7bd43f075	Unassigned	0.40253544785454565
9fc37d5c8900dd3e7e5344a9d0748e87	d__Eukaryota	0.7416997585282498
b9c6e29b8e57a136638fcdd0ba02a481	Unassigned	0.5738197674189685
21b1d0d7ad8151da506734dd3d921433	Unassigned	0.5812557320732717
39655062ee04b96edb7888d21f880c89	d__Bacteria; p__Spirochaetota; c__Spirochaetia; o__Spirochaetales; f__Spirochaetaceae; g__uncultured	0.9999531652566525
0c05c3a71805c91070946464a87af4b7	Unassigned	0.6239836736546139
3a36cbf793fd0e648348246f1629164d	d__Bacteria; p__Bacteroidota; c__Bacteroidia; o__Bacteroidales; f__Rikenellaceae	0.998151390281041
d8a9411191cfff4315dfbf2f02993ead	Unassigned	0.554646143514046
e120c6bacd9574553975b880a02e1e7c	Unassigned	0.4738961651398893
ced9428dffde43901ecf4ccc2b0a95d0	Unassigned	0.4108851571591875
99480532b65fc0dd2e24c61e97d99670	Unassigned	0.49070198543628796
f05373e74f3842b6138cc55d5a4dca28	d__Archaea; p__Thermoplasmatota; c__Thermoplasmata; o__Methanomassiliicoccales; f__Methanomethylophilaceae	0.9999999695040872
11629a9057db454e39697b67211eec5f	Unassigned	0.382741723994774
a012f2362d0ee0cb62b5703b8af70951	d__Bacteria; p__Bacteroidota; c__Kapabacteria; o__Kapabacteriales; f__Kapabacteriales; g__Kapabacteriales; s__metagenome	0.8056180180556491
8c10a8dc93f0e5cb1072987df3d53c69	Unassigned	0.49645527991421023
2990958712b332ced99c6df7e4ecdfd1	Unassigned	0.7164792475971024
eb2f9b6d54b1cfc6c986378795e0301c	d__Eukaryota	0.7066657834835883
a9cbe7942621098ba7b62187022e51cb	Unassigned	0.41401979235608644
df90a5d491b05a776ad6d9218f788f67	Unassigned	0.43993280381623234
d549a404711a7243e5084894aeaef4fd	d__Bacteria	0.9103210567428828
15a5d18556a801ea5f08219773ce9b27	d__Bacteria; p__Acidobacteriota; c__Aminicenantia; o__Aminicenantales; f__Aminicenantales; g__Aminicenantales; s__Aminicenantes_bacterium	0.8405976853239012
106db0a0cdb03c54a1099c90829bc227	Unassigned	0.4985250549228517
ac065d8e847e1a7265c0d907f23ae7c5	Unassigned	0.41314509025028445
1363e758ca0fffc77c43fdf3824dabe6	Unassigned	0.32942859073635034
9e9df8320cd800c7014f6de6217d9ad2	d__Archaea; p__Crenarchaeota; c__Bathyarchaeia; o__Bathyarchaeia; f__Bathyarchaeia; g__Bathyarchaeia	0.9999999999726508
cad994fbd184c8aa1f45b4d1546952ad	d__Bacteria; p__Bacteroidota; c__Bacteroidia; o__Sphingobacteriales; f__Sphingobacteriaceae; g__Sphingobacterium; s__Sphingobacterium_cladoniae	0.7343773691222194
db3a5c79e56ca0ad6ddd6de835e13b1d	d__Eukaryota	0.737615291246919
a3745bc177a6e49255c4e0d30b3eb174	d__Bacteria; p__Firmicutes; c__Limnochordia; o__Limnochordia; f__Limnochordia; g__Limnochordia; s__uncultured_bacterium	0.7855174643227895
91ab328a5091ab8e94be879eaffad8f2	Unassigned	0.35526632060620766
229a151b9caeb84129d22425b74fd6db	d__Archaea; p__Halobacterota; c__Methanosarcinia; o__Methanosarciniales	0.9999997551404105
96551e96e8cd061948b967af5afad570	d__Archaea; p__Halobacterota; c__uncultured; o__uncultured; f__uncultured; g__uncultured; s__uncultured_Methanosarcinales	0.9304027172665025
2edd678083ad6ad2d9fcdaea5b301350	Unassigned	0.44896952043418803
91297aec3f6bae336921339e1db40941	d__Eukaryota	0.7323401897436398
c2c53aef5ebecfe128fbefed2ab6ec49	d__Bacteria; p__Cloacimonadota; c__Cloacimonadia; o__Cloacimonadales; f__Cloacimonadaceae; g__W5; s__uncultured_Spirochaetes	0.9525436577749905
96c51c6f2a7664e63748e91b92e64b78	Unassigned	0.5543117677111925
d87b92e73c0840540f3b9d5a4a93f65b	Unassigned	0.666569668172552
8d0e5dee0bf0b7182a52053c1be10253	d__Bacteria	0.8047620475229736
c2cdc387c96ed5f6c6d03c74b7ebec03	Unassigned	0.3632722489082584
7696b398113effa02b073dac0f39124b	Unassigned	0.8063181953827339
e5f92326122357563a532da0c1ee5254	Unassigned	0.5528665313044143
132404f81888143c556706959f486191	Unassigned	0.41936384066776167
d49928937da11dbd9b3bdd0347e68eb5	d__Eukaryota	0.7538678925775993
e6602a63ed9496ad0f287bf5e1c20334	Unassigned	0.491000398906281
a90de0fd35963e5784099342b2f1178d	Unassigned	0.41208009892584174
60543adefef90db09a0f24d428a70959	Unassigned	0.49441415626111584
abd2165a22f4fc73e45c50787f0d1140	d__Eukaryota	0.790590794910659
64ac3c721e2e559908d45ba2c3776aad	d__Eukaryota	0.7092154923236603
820a5c7af488bd96c8db9309cd210421	Unassigned	0.6609923700600808
d1918451801d60ed408858a644e0f994	Unassigned	0.5445903423159002
8c111ab66a7939e120d3c083eb1d9d83	d__Eukaryota	0.8014797613844624
f7f27dad50362f3e3fb642ccedd340a4	Unassigned	0.45493089033922895
02aeffac3da0060b6bb03e8652328b81	Unassigned	0.9738419049962181
185d5248a414b451e4123ffdf2e50111	d__Bacteria; p__Bacteroidota; c__Bacteroidia; o__Bacteroidales; f__Tannerellaceae	0.8252645884185565
5cb662f4f032e04eb79d4ad430685518	d__Bacteria	0.7090102249354555
334acd75980214b6b7a78fa6cda07a32	d__Archaea; p__Micrarchaeota; c__Micrarchaeia; o__Micrarchaeales; f__Micrarchaeales; g__Micrarchaeales; s__uncultured_archaeon	0.9999998096540036
55eb508e04a950c016dafc24f144d089	Unassigned	0.4175507931272435
af15fa2ce400f10d108577bcbe84b8d7	d__Bacteria	0.7510931910921558
aeb6c72608e3f5a1b129c70483dc2b2d	d__Bacteria; p__Bacteroidota; c__Bacteroidia; o__Sphingobacteriales; f__ST-12K33; g__ST-12K33; s__metagenome	0.9940173087947145
97cbd6091b15182b329e8b38fc4ba074	Unassigned	0.389804144154685
0748bcac99edabf7b204bc8aecb0194f	d__Bacteria; p__Spirochaetota; c__Leptospirae; o__Leptospirales; f__Leptospiraceae; g__RBG-16-49-21	0.999999699717337
87c7abc1bec2cda87fc988e90eee2d66	d__Bacteria; p__Proteobacteria; c__Gammaproteobacteria; o__Enterobacterales; f__Enterobacteriaceae	0.9309013427650993
53d6cd2cd42b7d041fd3475b08c6dafc	Unassigned	0.8342703329316795
ae1e643b539a6e0faa85b01d31c034b9	d__Bacteria; p__Firmicutes; c__Bacilli; o__Mycoplasmatales; f__Mycoplasmataceae; g__Mycoplasma; s__Mycoplasma_wenyonii	0.9989664537236574
1d7530be2706f8c10c16509305a26cd2	Unassigned	0.3856438520567821
cb7307fb2c60a0920e5372272733528b	Unassigned	0.6441473128693366
22d71df59057596692306379fc353b62	Unassigned	0.5472955190261808
51ef7ad7e535579b9262b24016afa3d9	Unassigned	0.47504860411333716
96f0921f91a79b884addb7749aa89915	d__Bacteria; p__Spirochaetota; c__Leptospirae; o__Leptospirales; f__Leptospiraceae; g__RBG-16-49-21; s__metagenome	0.99025932260479
91c0ff7de33cf24105e378dc0b9190e0	d__Archaea; p__Euryarchaeota; c__Methanobacteria; o__Methanobacteriales; f__Methanobacteriaceae; g__Methanobacterium	0.9023033050529311
eebefe5d48ade6f3e864570a4dfe8326	Unassigned	0.5092514816134799
178dd9e7ad4f67848c26ab737ea44071	Unassigned	0.5896085348857225
4b624a2ef056e6b00a2ac1a66d704440	Unassigned	0.40381811769094045
221c09f2cf1eeda348c0816242624d4f	Unassigned	0.9690368797728318
ad52b7db14382cef6d748500e4d42a55	Unassigned	0.4810674413469692
e56aa506caddbc10985bb5868c6378db	Unassigned	0.3822441333485136
2ae297c8cb5b9609b07ccfb4f92751bf	Unassigned	0.3778271126143582
4e76ba15f35616a92ed2d298cca9e92b	d__Bacteria; p__Bacteroidota; c__Bacteroidia; o__Bacteroidales; f__Dysgonomonadaceae	0.9911090836196799
7f04538e4817ae5abf4c46a648b9ad1c	d__Archaea; p__Thermoplasmatota; c__Thermoplasmata; o__Methanomassiliicoccales; f__Methanomethylophilaceae; g__Candidatus_Methanoplasma	0.822719142127796
80a2963b98defeaf065c284e8982f514	d__Eukaryota	0.7151113465372615
946b588ce636e4b5729e94d26e6be604	Unassigned	0.4044661310699291
fa942bc81e4a412f3d93b82aab4412d4	d__Bacteria; p__Planctomycetota; c__Phycisphaerae; o__MSBL9	0.9998875603427245
d1aa1ff440eeb90e4063f3b79a6e36b2	d__Bacteria; p__Proteobacteria; c__Gammaproteobacteria; o__Enterobacterales	0.9238643882936595
175e9f004b0ca9822e2945dd1a1cee51	Unassigned	0.5420854523835645
38c3b3e873abebe12d94ce6b56070ed7	Unassigned	0.4588329431982834
46b0102da8c1fa09bb57716229a30ea6	Unassigned	0.6623217775479824
5c152aa775928a6b3bdaee3eb670fe13	Unassigned	0.34301749277000193
5c02e8a650d45374bc5e6ae549b1e235	d__Bacteria	0.7943667598075533
45959abb82416b805a25f2708491e230	Unassigned	0.4001964587172675
5c9fa38ccd4be106381020bb388ad5a9	d__Bacteria; p__Acidobacteriota; c__Holophagae; o__Holophagales; f__Holophagaceae; g__Geothrix; s__uncultured_bacterium	0.7350993673683743
528ed7fbabeb3ec011cf13908d4e72f2	d__Bacteria; p__Acidobacteriota; c__Subgroup_18; o__Subgroup_18; f__Subgroup_18; g__Subgroup_18; s__uncultured_soil	0.7625357704070728
fa04b534e0eb44fd41b29706e51a5b32	d__Bacteria; p__Acidobacteriota; c__Vicinamibacteria; o__Subgroup_17; f__Subgroup_17; g__Subgroup_17	0.9647919786759677
65dd2ea67e6a85c03f124d77cae395f9	Unassigned	0.33541185961563
a49faf669a67660873c27956337f9e7a	d__Bacteria	0.7301734009771468
3e342dd4b8d7846e9b7466dc41f549eb	Unassigned	0.49712841444946543
a3a6c51c694b9984adbd914103fcbea1	Unassigned	0.3724436264723622
a204a465ff96c92c54c2903ec29bf851	Unassigned	0.5687846633015493
4d2306f9c3621771dda6ac48407572eb	d__Archaea; p__Euryarchaeota; c__Methanobacteria; o__Methanobacteriales; f__Methanothermobacteriaceae; g__Methanothermobacter	0.9462768488997222
22edcd85677a42a245aedcf6d88e666d	d__Bacteria; p__Bacteroidota; c__Kapabacteria; o__Kapabacteriales; f__Kapabacteriales; g__Kapabacteriales; s__uncultured_bacterium	0.736143709872991
9c5c9319cba514bd3f0566efeb44a7ec	d__Bacteria	0.7516958738492846
a26e7959efcfe95ccbb99dd030f99ba3	Unassigned	0.45941798958735225
3516dc3977803f6ad846b65da6f04542	Unassigned	0.5070369700643956
5277af39a840469bfdafc4171cfa4d5e	d__Bacteria; p__Firmicutes; c__Clostridia	0.7678507601291963
a20a65677171795d2652f5a893797ba3	Unassigned	0.5849725359901751
e3921a896b35b5ebc82676d89c8b83a6	d__Archaea; p__Halobacterota; c__Methanosarcinia; o__Methanosarciniales; f__Methanosarcinaceae; g__Methanimicrococcus	0.9535004232112585
0cdda44543270e9938f69f2a5d420831	d__Bacteria	0.9999974384298126
6260d1dbc017f4adb1cb69a2e9cbb46e	Unassigned	0.4629844931688981
24a9788ee64ef7783f47dbcea8803496	d__Bacteria; p__Bacteroidota; c__Bacteroidia; o__Bacteroidales; f__Rikenellaceae; g__DMER64; s__metagenome	0.973934615500537
7358c0650e1295ac20a0816506f92431	d__Eukaryota	0.7766558619712539
38e96864761facc237b26b25e4b4eaa7	d__Eukaryota	0.9227728646063927
eab32b1556057e193b7409d8286b0675	Unassigned	0.46081430997813233
e494bc5e2258b72ba264575135101f27	Unassigned	0.569814974189814
7b81f2e5e2802a6bbe4c57ea59699b04	Unassigned	0.5055658950444348
8361f27762f312ec5d32c2ecc02d88f8	d__Bacteria; p__Firmicutes; c__Incertae_Sedis; o__Incertae_Sedis; f__Incertae_Sedis; g__Gelria; s__uncultured_bacterium	0.9981139420909795
c3766c76a04e2b896d35824533e1e2d6	Unassigned	0.5376441918616301
1c8e227af8864e1423d6290328b29392	Unassigned	0.36010910526286566
7684c5397786145d81c9124f0c8f9faf	d__Bacteria	0.9580950019280987
6aabe94bb3cbc7e66d9a57d2915cb944	Unassigned	0.4218272837995104
a78e589d862de38b8024de546936f069	Unassigned	0.4891555867949954
b926e75a3f9b18073ea19712e4ca1216	d__Archaea; p__Halobacterota	0.9998706817930071
80e65c6ec6e2b9ff943542eb7d910c1b	d__Bacteria; p__Acidobacteriota; c__Aminicenantia; o__Aminicenantales; f__Aminicenantales; g__Aminicenantales; s__uncultured_bacterium	0.9704820842574158
245726364acd96f6b39f6545523b91df	Unassigned	0.3547921450620968
d256060e98b97f27219fd2ea515f0346	d__Bacteria; p__Bacteroidota; c__Bacteroidia; o__Bacteroidales; f__Rikenellaceae	0.9888433136441268
4aa2377cc76ef6e26ed91585e258861b	d__Eukaryota	0.7573632517335749
564cd49f332d15c9c7fbd2d8bd625736	d__Bacteria	0.7329901218698194
d913f20e0e1b507f789f08ef482164d8	Unassigned	0.5463751002866254
ed48d4c5fa03c3790ba8974fb32c931d	Unassigned	0.4377604979147067
bbdc711f64fd3f4739b2669feff66a9f	d__Bacteria; p__Bacteroidota; c__Bacteroidia	0.9999996899482112
dd92822c23df6970c80df1194ca47d67	Unassigned	0.9535876666454002
a91a4e2cbe817ac7c00f7a64fbbc58d3	d__Bacteria; p__Firmicutes; c__Bacilli; o__Izemoplasmatales; f__Izemoplasmatales; g__Izemoplasmatales; s__uncultured_bacterium	0.7080308935600168
5698c453d01e15d5fde4a894abc875cf	d__Bacteria; p__Bacteroidota; c__Bacteroidia; o__Flavobacteriales; f__Crocinitomicaceae; g__Crocinitomix; s__metagenome	0.991037098403678
ff0f742290ef8d28c1e825ea22ea58c3	Unassigned	0.46813801315693193
e3f1bd13e247ce814f408ae7cf9dd650	Unassigned	0.30684627598085945
fa06cedf6d10dbbf4bff63f6caf0f10f	Unassigned	0.42299488817903785
7ca10ce943cdb4276b98626bf44a19bd	d__Bacteria	0.7506209374834713
772024409b980ea0f9148622643d4da8	Unassigned	0.46178927470657694
27d73733a2f7b0d51aab0b301e59a566	Unassigned	0.5589737287284051
9fd29fccd3eb75db3d040655c7d884ba	Unassigned	0.4972348071839352
b94ad5e9ffbbc4b630d8c2df89881c95	Unassigned	0.592056981056887
5716b2e5ac06dd52432e0e40d545762c	Unassigned	0.4719008574732656
dd616b50dd2f85d791cc68f7f4688e6e	d__Eukaryota	0.7452377235198703
5945f10a20f8178c4858ddd5597a611e	d__Bacteria; p__Firmicutes; c__Clostridia; o__Lachnospirales; f__Lachnospiraceae; g__uncultured	0.7594857751582428
f24a3a42b93c46816bc1819fcff4df9b	d__Bacteria; p__Spirochaetota; c__Spirochaetia; o__Spirochaetales; f__Spirochaetaceae; g__Treponema; s__uncultured_prokaryote	0.9907679061186294
39293ca6a67184287c8712f66c6ee3e0	Unassigned	0.3965878636753015
c3aac08d3c9cb8cf6362a70a8c359295	Unassigned	0.45702385935036216
79500790e26745e5fc3d89ef0b4ea184	d__Bacteria; p__Bacteroidota; c__Bacteroidia; o__Bacteroidales; f__Rikenellaceae	0.9104576569802086
d220cbfe41179709060b1d2379345144	d__Bacteria; p__Bacteroidota; c__Bacteroidia; o__Bacteroidales; f__M2PB4-65_termite_group; g__M2PB4-65_termite_group; s__uncultured_bacterium	0.9959148508755248
d9c929937f6f34ce5275ea60a96d4726	Unassigned	0.9535453694556388
cd6c33e81cf73adc95e7e0ba81ea97d3	Unassigned	0.3443750892936488
ad3acabee51e1cb62b0480c91a1a4932	d__Archaea; p__Halobacterota; c__Methanosarcinia; o__Methanosarciniales; f__Methanosaetaceae; g__Methanosaeta; s__uncultured_archaeon	0.9995433380555474
cc3ba85e51dc609b2d49e60e76e88942	d__Archaea; p__Halobacterota; c__Methanomicrobia; o__Methanomicrobiales; f__Methanoregulaceae; g__Methanoregula	0.9998702722333334
11a6cfb1f34b7097475eaa0a866365ed	Unassigned	0.5506667654284496
c157ea7186e697b607fba87b63385a68	Unassigned	0.45132039968989446
33f1451130ad359f7efe27c26ae976da	Unassigned	0.3544860875388982
6f62ce9eb78f2e558e3b1f1feb2e0177	Unassigned	0.47053542306373164
ccdfef2b67bdeea3c02892367f517802	Unassigned	0.45081450351278174
b0984db0d25e3be41aa35256c3054d41	Unassigned	0.5710752184658342
ed06cf72959b0eedbe3dbeccd443733d	Unassigned	0.46963870018325893
8e0c3c7f863eec4f012d2383a3d25ab3	Unassigned	0.40265158657917033
51ac51fcb8d548101459452c0f58bf77	Unassigned	0.510293350915368
b6d020d73fb80d1fa6204d5078d56907	d__Bacteria; p__Bacteroidota; c__Kapabacteria; o__Kapabacteriales; f__Kapabacteriales; g__Kapabacteriales; s__uncultured_Chlorobiales	0.999397102279025
e03ccb2de9ee22d65b5e7a2afad2b78d	d__Bacteria; p__Sumerlaeota; c__Sumerlaeia; o__Sumerlaeales; f__Sumerlaeaceae; g__Sumerlaea; s__uncultured_Candidatus	0.980627426550885
c55e44c73e38252a49a8c7ddf5f7ac99	d__Bacteria; p__Spirochaetota; c__V2072-189E03; o__V2072-189E03; f__V2072-189E03; g__V2072-189E03; s__metagenome	0.9903709285698932
aafa4842c97a8f0e37ddc4d69071514a	d__Bacteria; p__Acidobacteriota; c__Acidobacteriae; o__Acidobacteriae; f__Acidobacteriae; g__Paludibaculum	0.7569760120774067
f694563a963057b99204c46e1ad482ad	Unassigned	0.5176299381333629
7fdb39a58e1e14e67dd266d46a117042	d__Archaea; p__Halobacterota; c__Methanomicrobia; o__Methanomicrobiales; f__Methanomicrobiaceae; g__Methanoculleus	0.9984335798633119
3a6fffd99c9bee000836251aedc11c9a	Unassigned	0.3724378832138636
abc9f4783f1e9c1d28bec32c4682fcda	Unassigned	0.31829580283581405
3babc6923ecccc597d0c3e886fc09b8b	Unassigned	0.5151266760971107
3aa0ff46883804113e980b72ee442776	d__Bacteria; p__Bacteroidota; c__Bacteroidia; o__Bacteroidales; f__Rikenellaceae; g__Bact-08; s__uncultured_bacterium	0.8288514060439273
5571b4e836ff8b438430018ba7f8f5ab	d__Bacteria; p__Proteobacteria; c__Alphaproteobacteria; o__Sphingomonadales; f__Sphingomonadaceae	0.9999721840882813
36f30fb52d431ed3fc0b277bd06a7f99	d__Bacteria; p__Verrucomicrobiota; c__Kiritimatiellae; o__WCHB1-41; f__WCHB1-41; g__WCHB1-41; s__uncultured_bacterium	0.8967870535337612
aa0a106d633ac9509c27d6e080d3d41d	Unassigned	0.30443704997997
43ec1c68220b8647fb49ad91820250e9	Unassigned	0.3758802241783281
0ae596b4a1249807997a5735f232df37	d__Bacteria; p__Bacteroidota; c__Bacteroidia; o__Bacteroidales; f__Bacteroidetes_vadinHA17; g__Bacteroidetes_vadinHA17; s__uncultured_bacterium	0.8839527731264676
7b19804973858e724c6e6965e658bc7b	Unassigned	0.4898867946311094
9cf5a173e8e58361bb3b6ef7501d92af	d__Bacteria; p__Bacteroidota; c__Bacteroidia; o__Sphingobacteriales; f__Lentimicrobiaceae; g__Lentimicrobiaceae; s__uncultured_bacterium	0.9242546553061555
ddcaf0defd9af7158764836a6e6ff593	Unassigned	0.41290544194754886
8c4445e7e8d732c6b2172467a1ea7875	Unassigned	0.36354204878143215
0b00ae8c1dce4563d54d910ffcc48c31	Unassigned	0.3572217352669955
0dd9858f2c0e0fb23460f5cecb9bd12a	d__Eukaryota	0.7685280773516802
0ea7897d665bd7f56e49a0df5cb73e53	Unassigned	0.3071182707561244
2e5af6903de1aa84808665a1458df022	Unassigned	0.7194704111028553
df82274695ebca4d75f157df65d4d1ea	Unassigned	0.5631964242618586
bfd2b9367503f31dffb90e016b02e2b0	Unassigned	0.6001073557256624
ad78089afd9e62aaf1b11f2a670f3d3b	d__Bacteria	0.9503333850582113
be3b7a1dce91f3c4e500f8664adbbb4b	Unassigned	0.5527855899530141
64b82d887199d23c5ac3f005030622ea	d__Eukaryota	0.8303192404306293
864abe4332bc25d8c6e3f4056b9fe3d9	Unassigned	0.6281934644265823
d9157d290246fc0ae4444998f4004d2a	d__Archaea; p__Halobacterota; c__Methanomicrobia; o__Methanomicrobiales; f__Methanoregulaceae; g__Methanolinea	0.7200513049477981
dada0f638f628787b6d3dfcac7a067fc	d__Bacteria; p__Bacteroidota; c__Bacteroidia; o__Bacteroidales; f__Rikenellaceae; g__uncultured	0.7474160021537963
d963f3297c5fbabcdb7099528debf4ea	Unassigned	0.742566428698765
ff259f57a1926faf69cca7e5975fd7bb	Unassigned	0.5349514239551451
fa4ce5a22c9546fa63cf7ad0788589cb	d__Bacteria	0.9430885833205753
52a1228619681a1febedd1eb218e3579	Unassigned	0.4749591938375761
bb219dd8caf9ad87d5ce71c473b9eb65	d__Bacteria; p__Bacteroidota; c__Bacteroidia; o__Bacteroidales; f__Rikenellaceae	0.9834119626847179
cdcd31b28205a84be389e21f1c7ad929	d__Bacteria; p__Firmicutes; c__Bacilli; o__Mycoplasmatales; f__Mycoplasmataceae; g__Mycoplasma; s__Mycoplasma_wenyonii	0.9978955336629101
c33fa40e43b9ed919233524522e0023a	Unassigned	0.41002534125199297
fc78cd008a84478e109d5ba85d6c914d	d__Eukaryota	0.7702778256191197
cfcabf1ae18aa93fd9c9507e60de3296	d__Bacteria; p__Acidobacteriota	0.9998759080381874
a605efda02ab0801321c3f7aa57bfe9d	Unassigned	0.4693532784197447
5c5f8028c02963ecbc238e4d2a020911	d__Archaea; p__Halobacterota; c__Methanosarcinia; o__Methanosarciniales; f__Methanosaetaceae; g__Methanosaeta	0.9980312152180736
510d700eb4fff50ed8e706718718e65e	d__Bacteria; p__Actinobacteriota; c__Acidimicrobiia; o__Microtrichales; f__Microtrichaceae; g__IMCC26207; s__uncultured_bacterium	0.8748161354386508
e29f36711454d3ef7c72ac1e3e55842c	d__Eukaryota	0.873971675517847
718eb8d947a125a3537f169471ce75b3	Unassigned	0.5474235351559309
8dfe95039ec95be5e9387760de0fd7d3	Unassigned	0.3972038953815088
d2b0e8f375b568d47ae163f93a192c8e	d__Bacteria	0.9999999999853958
3770abf0f101f4a9324255441800fa93	Unassigned	0.5692176798211168
c13681bdaf1b8867e81f85697edefc82	d__Bacteria; p__Bacteroidota; c__Bacteroidia; o__Bacteroidales; f__Williamwhitmaniaceae; g__Blvii28_wastewater-sludge_group; s__uncultured_prokaryote	0.9995619171657883
231e95cc900c0848e1d70687ea4357e0	Unassigned	0.41885788041937533
ce6041775ccea1572977af5476306537	Unassigned	0.5466636348332597
99632e4a3a557cbefe741df2cd0bd903	Unassigned	0.5899067728347913
0d91c5c0e6037115a3d7f9de68586fa2	Unassigned	0.5422881959913176
9611946aa77be5b4d9426f82319ee724	Unassigned	0.3826873893813185
21a53cc7a69f3af7e1bf45f114413b4f	Unassigned	0.4234323299296595
1341c35b88ec519596c41415dc3ee67d	Unassigned	0.5767394036804729
8ce4a24d11aa283a5fc3fa9fcec16237	d__Bacteria	0.828234026111776
191716ad645040cea31fbfd10c6c1d96	Unassigned	0.31947510275857616
90e410e7de932a84e6b94bd05524f7e1	Unassigned	0.4499159038412478
9beb73781286cee8f0b610cf5383c197	d__Bacteria; p__Bacteroidota; c__Bacteroidia	0.9996300129287486
cf43e8bee65f4bde9844ce44df1930bd	Unassigned	0.6401426661846756
5fb632e28ab00d4cf79d5f71c5b5d0ef	d__Bacteria; p__Bacteroidota; c__Bacteroidia; o__Sphingobacteriales; f__ST-12K33; g__ST-12K33; s__metagenome	0.8734355073650572
79c3bc8828f3451407442c45b5092558	d__Bacteria; p__Firmicutes; c__Bacilli; o__Mycoplasmatales; f__Mycoplasmataceae; g__Mycoplasma; s__Mycoplasma_wenyonii	0.9990698177342249
a7e5e5c809ee6732ff1f23a2f0395e90	Unassigned	0.37493550337290327
b427ebf43ae52b5ea130b37ec4b2e819	d__Bacteria; p__Bacteroidota; c__Bacteroidia; o__Bacteroidales; f__Rs-E47_termite_group; g__GWE2-42-42	0.9999999691834931
ccfbccfb12fe7fad96da809e2c9069a4	Unassigned	0.4444835649650727
1c47bc9f201fe2201be60ad0a0ca2550	Unassigned	0.6676517174549593
6e885b8ecd5cb728df546ef8029dc8ef	Unassigned	0.6052414418656986
5b31515df98d874657fba5ba120c536c	d__Bacteria; p__Bacteroidota; c__Bacteroidia; o__Bacteroidales; f__Rikenellaceae; g__DMER64; s__uncultured_bacterium	0.8889434408810918
6001ccc8c3281b01fc96f4f440bccc89	Unassigned	0.5211994383058305
fd3cd60dffa1ae555873f2c353db1927	Unassigned	0.3683186147392341
f18ccd735f1a8a2450a97f40c0cc84b5	Unassigned	0.5696402308824824
99392e4507a334b25a43bf6907d0cb8a	Unassigned	0.3589670073587842
84dc68c63d70bb8e53161cc0637053dc	d__Bacteria; p__Planctomycetota; c__Planctomycetes; o__Pirellulales; f__Pirellulaceae; g__p-1088-a5_gut_group; s__uncultured_rumen	0.7440003078713352
ca5125aac554a8899971f63ffeecbc32	Unassigned	0.3370517878156488
9d11b798f9824146fd2fee9dc7a9f3ed	Unassigned	0.573741725478891
b802c21f81afcf054c3d14a4854df709	Unassigned	0.3443621767169691
c00cb1a33d710d9f189c8e303f83d58c	d__Bacteria; p__Bacteroidota; c__Bacteroidia; o__Sphingobacteriales; f__Lentimicrobiaceae; g__Lentimicrobiaceae	0.8552590511508653
e40be5de7e2ae29443cbb37b528c1af8	d__Archaea; p__Crenarchaeota; c__Bathyarchaeia; o__Bathyarchaeia; f__Bathyarchaeia; g__Bathyarchaeia	0.9999999609150769
5d711dd7d54f72c67f930cc3294a05c9	d__Eukaryota	0.7702891120497692
d6cd0f6de1a14bd564cb3a78e6f2a7ae	Unassigned	0.35089987823843394
40cbdfbb9d8a9a84bf83ca1e710ec5bc	d__Bacteria; p__Verrucomicrobiota; c__Kiritimatiellae; o__WCHB1-41; f__WCHB1-41; g__WCHB1-41; s__uncultured_bacterium	0.8684223290946665
eb939dfd1ecb4d38a181fe32555ec0a9	d__Bacteria	0.7010822310531374
5e2a4d26fcd1c9adbbae73bfb288bbd7	Unassigned	0.3584836504313006
f303a1cdeefd9570e4b67853c6e693f6	Unassigned	0.4829183206593127
42c49149d927a44e6a20f091301e7b17	d__Bacteria; p__Bacteroidota; c__Bacteroidia; o__Bacteroidales; f__Prevotellaceae; g__Prevotella	0.8738676141904675
9d103bf3a6097e8056b333eb2deccb73	Unassigned	0.619212625573621
8bbeeb57495b82c4fb8ac533cb5d878f	Unassigned	0.47661131683713276
631d9b96812cc437424d87a71f70e0cc	d__Archaea; p__Euryarchaeota; c__Methanobacteria; o__Methanobacteriales; f__Methanobacteriaceae; g__Methanobacterium	0.9987123931133827
f92924e2206f8a93e15850d2e34bda2e	d__Bacteria; p__Bacteroidota; c__Bacteroidia; o__Sphingobacteriales; f__Lentimicrobiaceae; g__Lentimicrobium	0.9999995871688214
16c9f1cea50ddef58264301c460b34ce	Unassigned	0.5339311344408977
2277f2c7eb2747319cf4385554c6a07d	d__Bacteria; p__Bacteroidota; c__Bacteroidia; o__Sphingobacteriales; f__Lentimicrobiaceae; g__Lentimicrobium; s__metagenome	0.9334050595244578
f4c2d5502cea46a2041dae2ec6f8a512	d__Archaea; p__Halobacterota	0.9999999902680459
261dfcf67324ff278c37b2c5d4f4f312	Unassigned	0.5450247160124484
d50e8ae02e0575514cbf2014fa31d0c4	Unassigned	0.5421247944102162
8ff9e751691167a57341afda5e376bf1	d__Bacteria	0.8193493485393453
79c248fa2d0a146326c6219e00348852	Unassigned	0.5730155933740005
64c6167ee84c8752db6916dc159a9602	Unassigned	0.5009069262550214
9134902e178b107dfbac90db19526caf	Unassigned	0.6544500191225031
d99bf05c3189ebec9dfb73739d2f326a	d__Eukaryota	0.7445511768373265
13ae756835d34611b10e35763b94f7fd	Unassigned	0.35066334543020117
a541c5f98d9da3a4c3a6c4f9db37be68	d__Archaea; p__Euryarchaeota; c__Thermococci; o__Methanofastidiosales; f__Methanofastidiosaceae; g__Candidatus_Methanofastidiosum	0.9995025869584576
45c2cd4d9d95b5abe0df01eb84d01f90	Unassigned	0.6002024786458235
12aaa467919a9559ac0590903e3d9701	d__Bacteria; p__Bacteroidota; c__Kapabacteria; o__Kapabacteriales; f__Kapabacteriales; g__Kapabacteriales	0.9999996397480717
8ffd7fa44866baa21d65d64696a2ca48	Unassigned	0.5797244644246283
89347e6d83e156d80a00881f4734d800	Unassigned	0.7033686606107084
eb4d18aa030252fe0cb2dee3f4edb785	Unassigned	0.46800922113431276
4a0015ed1986125b8b1dd1fae6919c58	Unassigned	0.47890959432129165
d9b2d64b3f93f5159738c3d19fdec5e5	Unassigned	0.4664428264959354
0d895140c2cfe173839ac66c3165c2c0	Unassigned	0.3659034810699905
bf2b048a18adc9c8b708a0ec5012161a	Unassigned	0.3185385493958953
c98251a70a85737001e9e487ff21e0ef	d__Bacteria; p__Acidobacteriota; c__Subgroup_21; o__Subgroup_21; f__Subgroup_21; g__Subgroup_21; s__uncultured_bacterium	0.9189660593581078
38389fefe3661986de1d62f711a4cf03	Unassigned	0.6098525258765062
e9d8ade58e9a3e88787756f94530ab97	d__Bacteria; p__Firmicutes; c__Clostridia; o__Peptostreptococcales-Tissierellales; f__Peptostreptococcales-Tissierellales; g__Alkaliphilus; s__uncultured_prokaryote	0.9497022537684684
5ec450ddc10019f8cea9c3469e132902	Unassigned	0.46477366341951076
00348a60c96d0d3b1a3efb86ec3e43bd	d__Archaea; p__Halobacterota; c__Methanosarcinia; o__Methanosarciniales	0.8320989977693888
c0579c7cd6b8a0cd77285483125208f6	Unassigned	0.4483188537827171
8473c93ceab5a18efa39252b44eb800a	d__Bacteria; p__Bacteroidota; c__Bacteroidia; o__Sphingobacteriales; f__ST-12K33; g__ST-12K33; s__metagenome	0.9761633590825074
faa6639a7cbe716f7f4a634b649ffa0c	d__Eukaryota	0.7680891288585865
1146dd0c0c4826d9cebe22be9a51a054	Unassigned	0.31130454496475224
412ba40d3175a29fad07d3a9d07cab3c	d__Bacteria; p__Firmicutes; c__Clostridia	0.9999999997578849
c843b78e2dad8fe389f31f4f1d7adf42	Unassigned	0.5886144490387766
8de479e332096bb7453b02ec42a9e756	d__Bacteria; p__Bacteroidota; c__Bacteroidia; o__Bacteroidales; f__Dysgonomonadaceae; g__uncultured	0.9427581037225103
d5db1d990741c96696236fc1d9701f91	d__Bacteria; p__Bacteroidota; c__Bacteroidia; o__Bacteroidales; f__Dysgonomonadaceae; g__uncultured; s__uncultured_prokaryote	0.8544469314015795
0ecf03513fa85e22eab72f65ce8ea727	d__Archaea; p__Halobacterota; c__Methanosarcinia; o__Methanosarciniales; f__Methanosarcinaceae	0.9999999495676459
606fe804e9e2a89d862ef3947ecda8c6	d__Bacteria; p__Bacteroidota; c__Bacteroidia; o__Bacteroidales; f__Rikenellaceae; g__S50_wastewater-sludge_group; s__uncultured_bacterium	0.9999998700328319
932880b1f5d3268d26c21e47508960b0	d__Archaea; p__Euryarchaeota; c__Methanobacteria; o__Methanobacteriales; f__Methanobacteriaceae; g__Methanosphaera; s__uncultured_rumen	0.7949281689917275
20547c40d94ed791fff3791e40e6cb74	d__Eukaryota	0.7438709318245098
d32b834f206ae4363a2c548cea42ab77	d__Bacteria; p__Bacteroidota; c__Bacteroidia; o__Bacteroidales; f__Rikenellaceae; g__DMER64	0.9893437018144704
091c9c928b9b5bf63514e820efa1c1a2	Unassigned	0.36903737022287597
2234785c7b1110c2306d189453ffa526	Unassigned	0.6142050240435857
f363d0802e6d58a947502c447a58ded6	d__Archaea; p__Euryarchaeota; c__Thermococci; o__Methanofastidiosales; f__Methanofastidiosaceae; g__Candidatus_Methanofastidiosum	0.999999817971208
980d06de68d06b93f2ebc42b372a2a81	Unassigned	0.5944242939343308
1be618e3e3d8f6a9832228c6b392516c	d__Bacteria	0.8630968798906706
74e96071616469b7878e771d7e85a3c6	Unassigned	0.316056237715274
d5efcde36b2ad7b959f5a5f92e8e3921	Unassigned	0.5583940369373014
f039e0bf95bb1c19141d11f1f310f460	d__Bacteria; p__Firmicutes; c__Limnochordia; o__Limnochordales; f__Limnochordaceae; g__Limnochordaceae	0.9998933339794506
5c3c0a18e8ccad33fea208ea006b10b7	Unassigned	0.372440363061466
f64f981c8e07c9de261f9cdc3dd9693b	d__Bacteria; p__Bacteroidota; c__Bacteroidia; o__Sphingobacteriales; f__S15A-MN91; g__S15A-MN91; s__uncultured_bacterium	0.9960278417043885
61871cc8843be845133374cec6833bbb	Unassigned	0.5024950363219242
0a3351b716b6f3a0faa3db425a42c3cf	d__Archaea; p__Halobacterota; c__Methanomicrobia; o__Methanomicrobiales; f__Methanoregulaceae; g__Methanolinea	0.9718511061595795
6e19f56625cd88ad7f3e7fd4ee75b44e	d__Bacteria; p__Acidobacteriota; c__c5LKS83; o__c5LKS83; f__c5LKS83; g__c5LKS83; s__uncultured_bacterium	0.9999962637548969
4b224375163df7a6cebe406a095102bc	Unassigned	0.6045926315675936
2317b70110b90f63c1bc9f37ef34096b	d__Bacteria	0.999999614370561
072597f82546fdd40d37f72cdb558498	Unassigned	0.6082646688443745
35949abf7a9d97a7ddef490c578caa0b	Unassigned	0.8852765733458956
d681a8bd45df753896953001f9d27e55	Unassigned	0.9367364603865949
102daf7859553b8eca8037a1d632dd07	d__Archaea; p__Thermoplasmatota; c__Thermoplasmata; o__Methanomassiliicoccales; f__Methanomethylophilaceae; g__uncultured	0.9925488082387908
483140832f5bb7cdf0ebd8fd5626365b	Unassigned	0.48795519840067114
e789cae48b32fa6622723a6d6809fd96	d__Eukaryota	0.87945289402131
153b923be50099b0f97a47fead504a53	d__Archaea; p__Halobacterota; c__Methanomicrobia; o__Methanomicrobiales; f__Methanomicrobiaceae; g__Methanolacinia	0.7476616946957875
64151da7d2f934a179b4b9efd8a2e664	d__Bacteria; p__Bacteroidota; c__Bacteroidia; o__Sphingobacteriales; f__Lentimicrobiaceae; g__Lentimicrobium	0.7231046916867224
2ebc862e5eefcac39e9f68c217887e19	Unassigned	0.42614207904278145
81be777e1d83cc87033e2a72ec50ec72	d__Bacteria	0.7289725353998158
0e5acf7acafebe29f98c199d8480c84c	Unassigned	0.33324489876300467
2378c0899bdf771ad28dd0b18cd5121d	Unassigned	0.550191552543758
0df4d9d8976d4b85d28f1aeda34303b0	d__Eukaryota	0.7630533270117029
fa33438eac4041931c3320034486b1e5	Unassigned	0.34133545662669795
c2081e25e2d4aef121e55d92b3a3edf7	Unassigned	0.4285635795317325
a08f2146e4e8df043e2fd4697d5c39a1	d__Bacteria; p__Spirochaetota; c__Spirochaetia; o__Spirochaetales; f__Spirochaetaceae; g__uncultured	0.9990491511241921
8604dc0307ca535ccaeb70b561f9156c	d__Bacteria; p__Bacteroidota; c__Kapabacteria; o__Kapabacteriales; f__Kapabacteriales; g__Kapabacteriales; s__uncultured_bacterium	0.8166431866847317
d8e901561605b588a7c817d54e0b5fb3	Unassigned	0.43823510655344233
d16a77d77cd5ec0c04c3530c63dff0fc	d__Bacteria	0.7772962824057241
5c3c630929fdbb24353224cbfce3b0f2	Unassigned	0.4240295196073687
72b778ec7b04954247977f6fc29af436	d__Bacteria; p__Bacteroidota; c__Kapabacteria; o__Kapabacteriales; f__Kapabacteriales; g__Kapabacteriales; s__uncultured_bacterium	0.8417498328726367
ca724d16790bfe288cefafbe010e4171	d__Bacteria; p__Bacteroidota; c__Bacteroidia; o__Bacteroidales; f__Tannerellaceae	0.7459134948164373
eaacb5543b41b2a038f7b938d039db48	d__Bacteria; p__Bacteroidota; c__Bacteroidia; o__Bacteroidetes_VC2.1_Bac22; f__Bacteroidetes_VC2.1_Bac22; g__Bacteroidetes_VC2.1_Bac22; s__uncultured_bacterium	0.7643812602127262
0420bbc048b702522322bd0fb10a1163	Unassigned	0.577695085706556
5eb31a5ef3d66f5b91d68d0cb5db4a8f	d__Eukaryota	0.8107356915270303
7d8d597f6b2af020143afec9c4d7a490	Unassigned	0.5635696792081497
88a795e2babecc2909b62ff2e13dc623	Unassigned	0.4516446955890989
789899f2f57334b49fc318d1158afb67	Unassigned	0.3382155171846726
b25bfaf720bd70417beaa2ab5941e936	Unassigned	0.6791129446302908
976d971a4fadc7d69534d7474f899651	Unassigned	0.49660479120386325
70a29bbcdf415ab9fb0a021b4d2b4635	Unassigned	0.9602999816084553
adcb868fd1cf5698a0f5c2b381fbe61e	d__Eukaryota	0.7078036165349456
a846d750821b345fea891e5cc07f8309	Unassigned	0.4312542281673506
9b96f8e110c63d02602087c0855174a1	Unassigned	0.6153187547803103
72446e36a8898f0e30f53ec58afccb30	d__Eukaryota	0.8213406474324231
73e773d82ccd522482e7ec414929a3ce	Unassigned	0.34073691585598564
3e07630b689309d56fd30648169ccff4	d__Bacteria; p__Acidobacteriota; c__Thermoanaerobaculia; o__Thermoanaerobaculales; f__Thermoanaerobaculaceae; g__Subgroup_10; s__metagenome	0.9987763886633285
8c7db2f9abf9e893deec6de3c9af26f2	Unassigned	0.34214803613751354
ac7d1eb6cda869aaf8aed748d34de2ea	d__Bacteria; p__Bacteroidota; c__Bacteroidia; o__Flavobacteriales; f__NS9_marine_group; g__NS9_marine_group	0.9508067243399989
bb4b84dc676226723ec6448db50c5e89	Unassigned	0.45338512571514555
ada71ba953900156667b7b91d3f2e712	Unassigned	0.9633954027198709
35239e38a2cb93486865c2fbdbb4c3d7	d__Archaea; p__Nanoarchaeota; c__Nanoarchaeia; o__Woesearchaeales; f__SCGC_AAA011-D5; g__SCGC_AAA011-D5	0.9999997729740835
cea573f20e8e7513d6e981e9ee0fa977	Unassigned	0.49274751665892724
e38538f692694cf0881b687ddfdf7ce4	d__Eukaryota	0.7220741525614007
f96c1e3b0ebc920fe695a04481f34e07	d__Bacteria; p__Bacteroidota; c__Kapabacteria; o__Kapabacteriales; f__Kapabacteriales; g__Kapabacteriales; s__uncultured_bacterium	0.8674986414674279
0f9d98832ec96e189ab09eb9c93a9dd7	Unassigned	0.3880803590799934
c7edafcd59f1b89ac863de1d92e48d63	d__Bacteria; p__Acidobacteriota; c__Aminicenantia; o__Aminicenantales; f__Aminicenantales; g__Aminicenantales	0.928615844433061
d2a7e2e55d5dc2e89fb90402515f1ae0	d__Bacteria; p__Acidobacteriota; c__Aminicenantia; o__Aminicenantales; f__Aminicenantales; g__Aminicenantales; s__uncultured_soil	0.8052411420963249
09fda4a2c9ab67cd8f8398d5362f1ad5	d__Bacteria; p__Sumerlaeota; c__Sumerlaeia; o__Sumerlaeales; f__Sumerlaeaceae; g__Sumerlaea; s__uncultured_organism	0.983376175242159
8d99bf9ad988c6d7061489f0cf431691	d__Bacteria; p__Firmicutes; c__Clostridia; o__Peptostreptococcales-Tissierellales; f__Sedimentibacteraceae; g__Sedimentibacter; s__uncultured_bacterium	0.9950247306408211
df066aeba2a76f1870faf8717648c46e	Unassigned	0.4516645870674434
859636778e0b1cc1ae3239dd2d4fd50f	d__Eukaryota	0.7995776187562333
627a5d70d884fd54f74c4a1ea15a2c8b	Unassigned	0.40357087914372136
6b714079baf24587dd42f133fb3af21b	d__Eukaryota	0.7229971631249109
11e2dde93c8646ce56edf510f82d8419	d__Eukaryota	0.7958258002312802
7cbd9b31961fe17475f0b1f3f35d8ccc	d__Bacteria	0.7081674363104892
60b6e766b49b9fea079bb98354843a12	d__Bacteria; p__Acidobacteriota; c__Holophagae; o__Holophagales; f__Holophagaceae	0.7373840530342655
dfad70b788f4c82fa48b27981222ceaa	d__Bacteria; p__Actinobacteriota	0.9678271385951756
1bb88dea089d895d97ae151a3d5a5603	Unassigned	0.41471181181130956
9d3a7b4b5bc1c31c1f2649c7956d5d76	d__Archaea; p__Thermoplasmatota; c__Thermoplasmata; o__Methanomassiliicoccales	0.9993499444915104
91f48cb7947729e5cca519e1c9d79e11	Unassigned	0.45017018745609017
47e192caaff0760eaa913050f6559ed2	d__Bacteria; p__Bacteroidota; c__Bacteroidia; o__Bacteroidales; f__Rikenellaceae	0.9761307703003246
62d6fb62ea3bcc49476f81f1341265a9	d__Archaea; p__Halobacterota	0.9990813808852582
1f74f7f9d2bea62e6ba960cb5021941c	Unassigned	0.5903406751647262
054249ac7aa23b468d132db1855c3037	d__Bacteria	0.7956600441839723
553477d47ef10a5d6bc642a6af6ccf9c	d__Eukaryota	0.7135875921304867
3b7179a6a75312065f5fdcaf85bf734b	d__Bacteria; p__Acidobacteriota; c__Aminicenantia; o__Aminicenantales; f__Aminicenantales; g__Aminicenantales; s__uncultured_Desulfovibrio	0.9661986291646508
bc98132cdd250aacc03feeb68589dc5b	d__Eukaryota	0.8137389181084032
4fd62f2d816810a63d93911e6437bd4d	Unassigned	0.5943891669490433
38d7c31605f8cfe96831b597c2c29b11	d__Bacteria; p__Acidobacteriota; c__Aminicenantia; o__Aminicenantales; f__Aminicenantales; g__Aminicenantales; s__uncultured_Desulfovibrio	0.9760496307164953
5e476ab72fe63e595c08ddaa25fc2bd9	Unassigned	0.3189226446099107
9e5545bbe953f3e1667b6b55a47fc1ee	Unassigned	0.3184626727822737
152b93aaacda74bd4bb63eada5c9a6eb	Unassigned	0.9604526287798938
8a1c094a63ee3d7ed356b78284dc947e	Unassigned	0.32339785151948064
3e43431dadd0d55d1adb1e2383ebe9fc	Unassigned	0.6375781420712058
82a416584def4b7d5f6a6f50c486bf71	Unassigned	0.4066715680822478
419db551029246f318666fba444606c1	Unassigned	0.6185051243097226
5afaaaabf00736af1d1f9f320f17597d	d__Eukaryota; p__Cryptomycota; c__LKM11; o__LKM11; f__LKM11; g__LKM11	0.9983154899839228
aaf4f29c019419b05356fbd937c31f04	d__Bacteria	0.7398970979905851
9aed12b72106fab6b11da9acf0fa7d65	Unassigned	0.38475823330946657
fd5bb0bb1ec5529b17b3d5762c3c555d	d__Archaea; p__Euryarchaeota; c__Methanobacteria; o__Methanobacteriales; f__Methanobacteriaceae; g__Methanobacterium	0.9996788571496289
87d0128fa9c9ae69f97367e12e8af3c0	Unassigned	0.5016956357682343
7db6ae128903d3ea04092aaace974a29	Unassigned	0.47698372410378775
80baac8ac76bd3a88364fa3203f3f97b	d__Archaea; p__Euryarchaeota; c__Methanobacteria; o__Methanobacteriales; f__Methanobacteriaceae; g__Methanobrevibacter; s__uncultured_bacterium	0.8266377078299024
56a717d6604334fa7319f574e96d6e75	d__Bacteria; p__Bacteroidota; c__Bacteroidia; o__Bacteroidales; f__M2PB4-65_termite_group; g__M2PB4-65_termite_group; s__uncultured_Bacteroidales	0.9808740132684167
f6d80857154c327d287fd0bd5194a355	d__Bacteria; p__Actinobacteriota; c__Acidimicrobiia	0.9999950897036054
db7afa08101220b6530d20fd41ea0af8	d__Bacteria; p__Bacteroidota; c__Bacteroidia; o__Bacteroidales; f__Rikenellaceae	0.9962525750832137
b9660e9dffd45af5b8364f8b2db44087	Unassigned	0.6686419519701017
3e4254bcad4da357e600415e307abf87	d__Bacteria; p__Acidobacteriota; c__Subgroup_18; o__Subgroup_18; f__Subgroup_18; g__Subgroup_18; s__uncultured_soil	0.8211559214732128
d08e984ff781ea69c06f99436c74daf8	Unassigned	0.5122551864953284
657daa77d2bbbc7c1c7f86c7923afcb0	d__Bacteria; p__Acidobacteriota; c__Acidobacteriae; o__AKIW659; f__AKIW659; g__AKIW659; s__uncultured_bacterium	0.9510054212679565
a1d3ac69e91ae6649dfbcd3df43798ac	Unassigned	0.4738408543040533
a190a1f13350053cc1a3ee057ca86c0e	d__Bacteria; p__Deinococcota; c__Deinococci; o__Deinococcales; f__Trueperaceae; g__Truepera; s__uncultured_marine	0.9326603077162073
dd41d3322c50fea3d75b9cce2a06fde0	Unassigned	0.4106012520325676
a8ed5950572e2c4851035715b0d02936	Unassigned	0.3537128581410631
894a03b706ef8bb535edc0f219f78f7f	Unassigned	0.520752088120136
ba18f4b996980baa47af9ceb52c798bb	Unassigned	0.46837745549439536
1a87c33c18c4037f1ec069e391330aa8	d__Archaea; p__Thermoplasmatota; c__Thermoplasmata; o__Methanomassiliicoccales	0.9996933988701531
4c5a931f4aa7abfffde665deaaf2fc62	d__Eukaryota	0.748899264655265
19613637740486072d8a87fded62d39a	d__Bacteria; p__Bacteroidota; c__Kapabacteria; o__Kapabacteriales; f__Kapabacteriales; g__Kapabacteriales; s__uncultured_bacterium	0.9967273046399349
44c120d2d1c73c001c6ac988b2ab2267	Unassigned	0.3544696111192982
72af5e7eb81f137f92edb962a1d788be	Unassigned	0.35114473173490046
9976968d4f5aa40c3652472f5d085062	Unassigned	0.5049302917360854
45dd33817b45e9c615974b3b71b6e754	Unassigned	0.44452661813945515
d3c9c4d004a5619610511ada6cfae2d0	d__Bacteria	0.999999999821615
34265d0576d088c94501a7e018cce4f2	d__Bacteria; p__Planctomycetota; c__Planctomycetes; o__uncultured; f__uncultured; g__uncultured; s__uncultured_Planctomycetaceae	0.7887529816030244
fac4f1a583b9407966f68b6b34eabc04	Unassigned	0.3077703790612424
d54d0768092ee58728686c3ebad21054	Unassigned	0.38520534923651595
ebf9c4230a57257539497d4f69031637	Unassigned	0.47892548959309045
77f680726ff828d8cf701ec3edc7c5de	d__Bacteria; p__Acidobacteriota; c__Aminicenantia; o__Aminicenantales; f__Aminicenantales; g__Aminicenantales	0.9999999994600202
6380bae6df400c5f10ff82db1d3295ea	d__Bacteria; p__Acidobacteriota; c__Acidobacteriae	0.9999995023640944
603d8c0ed8acbd0bfbedd88bc67e2432	Unassigned	0.3336405270005255
3e5c645983dd94d6a853328fed0844ae	Unassigned	0.3241106687341071
5ad7bcf92c6377cdbd45229a078080d7	Unassigned	0.705762203131192
c1c13d7bb98bdf5030b98f88c47514b4	d__Bacteria; p__Firmicutes; c__Bacilli; o__Lactobacillales; f__Lactobacillaceae; g__Lactobacillus	0.9970220459087927
b56fa556a45544de909f86696c3d80da	Unassigned	0.42737286912199646
7213d005e79ae25fb7a50ccccae4f79c	d__Archaea; p__Euryarchaeota; c__Methanobacteria; o__Methanobacteriales; f__Methanobacteriaceae; g__Methanobacterium	0.874631050736267
98fd72bf46eff994e52a17cb99dc03fa	Unassigned	0.4501244762939087
3bb30553f4067452d6a95e294015417c	d__Archaea; p__Thermoplasmatota; c__Thermoplasmata; o__Methanomassiliicoccales; f__Methanomethylophilaceae	0.7126951728992974
bb93a4872a956984d689974512f85366	d__Bacteria; p__Acidobacteriota; c__Aminicenantia; o__Aminicenantales; f__Aminicenantales; g__Aminicenantales; s__Aminicenantes_bacterium	0.9015162152034603
71023f3e4d542b711c4fca6e3b30c1a7	d__Eukaryota	0.7613442216421852
22aefb83d5618c10e911edf6373327d6	d__Bacteria	0.9999999998734908
8cdca0a8bb41d4bd29b62b3da12c6dac	Unassigned	0.976590620033539
0aa338c9f2114111d85d359fde9f4963	Unassigned	0.5740720308656783
b89bc5e5cb2d2527a4d84fa9c544d8c6	d__Bacteria; p__Bacteroidota; c__Bacteroidia; o__Bacteroidales; f__Rikenellaceae	0.9995719239216125
e88e12b2aa9cdcf483b3233d24c7eed7	d__Bacteria; p__Patescibacteria; c__Dojkabacteria; o__Dojkabacteria; f__Dojkabacteria; g__Dojkabacteria; s__uncultured_candidate	0.8922099336087591
160bcea797801036b25f484496d45369	d__Bacteria; p__Bacteroidota; c__Bacteroidia; o__Bacteroidales; f__009E01-B-SD-P15; g__009E01-B-SD-P15; s__uncultured_bacterium	0.7110426446936826
cdf55e1def39bedeb78c17f5f1edf498	d__Bacteria; p__Firmicutes; c__Clostridia; o__Lachnospirales; f__Lachnospiraceae; g__uncultured	0.7169450086025572
02ebe5016937d5b34ace908f1a65ccbd	Unassigned	0.4291164704663728
9e984ac4fd23938ebe0b1c271cdaf84b	Unassigned	0.39908154570119037
d2a1b1ba9330d0dddf92aee57609d480	Unassigned	0.9288625618693498
2f8b1caa0413ff29872d8d5af2e1be2d	Unassigned	0.38643861094350684
3e39ecf6fc82e7c2936db3006b51bcba	Unassigned	0.34028703812019867
d9319ceb7c099a9bd14347683886138a	d__Bacteria	0.7412105285607233
4fc8d028d7a17a70af20920c6607dc25	Unassigned	0.5716659529841841
c1366d9f279c0b9b1ee7d9b1dad7d6e7	Unassigned	0.41308024349728256
fefe39ceb2c5daa9c1a3c14843c655b2	Unassigned	0.5312750990292232
0cde83f25dd9a67b50b1f629d8ed24c3	d__Bacteria; p__Bacteroidota; c__Bacteroidia; o__Bacteroidales; f__SB-5; g__SB-5; s__uncultured_bacterium	0.9922223376313879
87250ffdab6e66bc1db00900e7e84404	Unassigned	0.4757930762534903
b2042e23d76f02de8aed7be9ad79f8ca	d__Bacteria; p__Acidobacteriota; c__Thermoanaerobaculia; o__Thermoanaerobaculales; f__Thermoanaerobaculaceae; g__Thermoanaerobaculum; s__metagenome	0.8904352968700775
b94148165c103265aac08900864f3a9b	Unassigned	0.48074875836274944
6b2f636feea121a286ef76ddab382592	d__Bacteria; p__Bacteroidota; c__Bacteroidia; o__Bacteroidales; f__Rikenellaceae; g__uncultured	0.705652488823882
cbe632d61c5fc1429a7d226f7c000164	d__Bacteria; p__Acidobacteriota; c__Acidobacteriae; o__Bryobacterales; f__Bryobacteraceae; g__Bryobacter; s__uncultured_bacterium	0.8987428166363739
4607e25fb8cabc1df31480d50eebfbed	d__Bacteria; p__Proteobacteria; c__Gammaproteobacteria	0.998450380992128
12df4cf73ccb5100bfdd42b86d74d01d	d__Bacteria	0.8555763384994036
dbf94ec76a713883f4212a2bc32abcf3	Unassigned	0.42002476900159313
90ae12e0d25ff9498da28d8534b00cb6	d__Archaea; p__Halobacterota	0.9905158379383566
58b3bef952f3c28f561b08f2790cdf94	Unassigned	0.5825415257671509
9203be09af5bfd3561384890e9a9895a	Unassigned	0.5271519013127985
989eff92b58a1e8026f54066bd05bb38	d__Bacteria; p__Bacteroidota; c__Bacteroidia; o__Sphingobacteriales; f__Lentimicrobiaceae; g__Lentimicrobium; s__anaerobic_digester	0.9198111243677592
aa4c03e64a3f225725306f3dc3cc133f	Unassigned	0.5418960095409131
d80c16344f1110073b275d0da3326b91	d__Bacteria; p__Bacteroidota; c__Kapabacteria; o__Kapabacteriales; f__Kapabacteriales; g__Kapabacteriales	0.9936205240413177
bfcb92ffadc14d6085f943fc327cab26	Unassigned	0.37725367712985736
db546e272383c2aad4b34370f14875c5	Unassigned	0.6163492909651747
155134b1d272598703959ba2c51f1f1a	Unassigned	0.461179081855453
2157393501ff472d9ca5d271ed7bef08	d__Bacteria; p__Bacteroidota; c__Bacteroidia; o__Sphingobacteriales; f__Lentimicrobiaceae; g__Lentimicrobium; s__Lentimicrobium_saccharophilum	0.9368743483802412
de9d1a9358c0d49991d8737474bf7099	d__Bacteria; p__Bacteroidota; c__Bacteroidia; o__Bacteroidales; f__Williamwhitmaniaceae; g__Blvii28_wastewater-sludge_group	0.9678390059948665
eee38e827b5fef79387d554f7286b249	Unassigned	0.3860735294888652
b3ccb5ba7dcfeebd66e5993dcfc6ffa0	Unassigned	0.3815232954235449
881a2a08f5fe698f8f7879c748d01450	Unassigned	0.7385568632651144
f16be83c54d8c85bf36c30d8a4ce770a	Unassigned	0.45532110910625345
9ccd3c9ba68de98ec20ec85bf3cd628b	Unassigned	0.32273490507654057
d5dfb74b94a8e4109bf4a5db33d9c2ad	Unassigned	0.9605977409333681
3f2152b64dd41c68dee8f40eb40503ba	d__Bacteria; p__Bacteroidota; c__Kapabacteria; o__Kapabacteriales; f__Kapabacteriales; g__Kapabacteriales; s__uncultured_bacterium	0.9976449335519618
a151f546f51ddd61305961729708f49e	Unassigned	0.46346712644389887
adbbd2bb4bf96e85d1e4c113cf3e9bfc	Unassigned	0.6295376387462854
699aaea7e75c606293d209b7ca999e98	Unassigned	0.315036032361351
e2c4d0aaf0421bf8d996ec1f45d54cea	Unassigned	0.39115158347130696
297cc1c8d9f966c0c42185f6e01f4012	Unassigned	0.37043229843927716
8b9c11dad2bd7b273d323b26aabdd6f9	Unassigned	0.3099543001232111
3d77f714402033ef32cbfbc8d66ed5c7	d__Eukaryota	0.7642672931655033
ae4820c8cde99097bc0ee4ddb81f6695	d__Bacteria	0.9999999999904783
80cffeb63e7846196dfaa141b6bac6bc	Unassigned	0.40546593385991603
c4cbee330630526b6e26944a49389dcf	d__Bacteria; p__Deinococcota; c__Deinococci; o__Thermales; f__Thermaceae; g__Meiothermus	0.9999551644497101
63f086c2fab078a4b7e91759b61eb238	d__Archaea; p__Halobacterota; c__Methanomicrobia; o__Methanomicrobiales; f__Methanoregulaceae; g__Methanoregula	0.99980583111033
53ec51028fdf418b1ae907081ef3ef7a	d__Bacteria; p__Bacteroidota; c__Bacteroidia; o__Bacteroidales	0.9282934496807058
ae17e27010c5a87f3c370714121de80b	Unassigned	0.4681270286009964
d7f3d9ea2b4ccb55c5b10950157efa51	d__Bacteria; p__Bacteroidota; c__Bacteroidia; o__Bacteroidales; f__Rikenellaceae; g__SP3-e08; s__uncultured_bacterium	0.9106227215579326
44917c05fc9ec38445a1fb8bb911a9ee	Unassigned	0.3353534162107533
3cfb0647ad70f4792f15d89128122f5a	d__Archaea; p__Halobacterota; c__Methanomicrobia; o__Methanomicrobiales; f__Methanocorpusculaceae; g__Methanocorpusculum; s__Methanocorpusculum_sinense	0.7897277534799207
814465f6ddcab68313c2d5af227b397f	d__Bacteria; p__Bacteroidota; c__Bacteroidia; o__Bacteroidales; f__Rikenellaceae; g__S50_wastewater-sludge_group; s__uncultured_bacterium	0.9988491617399857
834740d2ac59e1f29ca32a5ff653c427	Unassigned	0.9465432162293419
a76e077459b5529949809137a5588e82	d__Bacteria	0.7164668707964678
595d61ab461c401e71a23b78795d4b5e	Unassigned	0.401399523621239
7a170a8184daa939df9ce69051b78a24	d__Bacteria; p__Firmicutes; c__Bacilli; o__Lactobacillales; f__Lactobacillaceae; g__Lactobacillus	0.976122027956062
9e5fcda943bfccfc9a01f87a1bd92ff4	Unassigned	0.6187240426207918
d220095f4592b52e6d4e991b62166eba	d__Bacteria; p__Acidobacteriota; c__Aminicenantia; o__Aminicenantales; f__Aminicenantales; g__Aminicenantales; s__uncultured_bacterium	0.9936837356654845
fae5c707302061d663becd05415e9571	d__Bacteria; p__Bacteroidota; c__Bacteroidia; o__Bacteroidales; f__Rikenellaceae; g__DMER64; s__uncultured_bacterium	0.8604891057826014
ba7f264aabfba2b00717ae8d461a1edb	d__Bacteria	0.7247172032419043
df7b8e42cf701f7d3b07934c5bf2e6ba	d__Bacteria; p__Spirochaetota; c__Leptospirae; o__Leptospirales; f__Leptospiraceae; g__uncultured; s__metagenome	0.8588932654909373
97f6f129307eb84cbdea5fad69de3928	Unassigned	0.586170062501723
74d85244f55d499b24c5c6956702d303	d__Archaea; p__Thermoplasmatota; c__Thermoplasmata; o__Methanomassiliicoccales; f__Methanomethylophilaceae; g__Candidatus_Methanoplasma; s__uncultured_archaeon	0.9988039857052051
839fee600299b9a5b296f9d2a3fcfebe	d__Bacteria	0.9968893415645511
64b3846662b68ad221b94a02f92e72ee	d__Bacteria; p__Bacteroidota; c__Bacteroidia; o__Sphingobacteriales; f__Lentimicrobiaceae; g__Lentimicrobium; s__uncultured_Bacteroidetes	0.8700788471219657
f94a0066133a0cd927a061b5f1aaf918	d__Bacteria; p__Bacteroidota; c__Bacteroidia; o__Sphingobacteriales; f__Lentimicrobiaceae; g__Lentimicrobiaceae	0.9988177843797001
76195bf69d8c7e135eafa80ed5ba9d9d	Unassigned	0.4817061491294671
1660e2d831225eda297c05d7a0884089	d__Bacteria; p__Acidobacteriota; c__Aminicenantia; o__Aminicenantales; f__Aminicenantales; g__Aminicenantales; s__uncultured_soil	0.7091212169282837
c4b7fd4e4b27714b51f282b1e6d8c394	d__Archaea; p__Euryarchaeota; c__Thermococci; o__Methanofastidiosales; f__Methanofastidiosaceae; g__Candidatus_Methanofastidiosum; s__uncultured_Methanosarcinales	0.8048844882333979
c13df4d67e697003601c358bd37f9e2e	Unassigned	0.40929905827379964
71fa4996be9748f7ff0837db3f217ed3	Unassigned	0.6511232370006698
91106a1c22c8f127d142ae734f6ea3ae	Unassigned	0.6976003846388679
5c3c867004226a6c447cf2be76bb35f4	Unassigned	0.4157978222571167
d72abbde52c96aee49b001dc84382430	Unassigned	0.5379822980330301
4a05d6ebbaf90bd54895bf8d0781fa2d	d__Bacteria; p__Bdellovibrionota; c__Oligoflexia; o__Silvanigrellales; f__Silvanigrellaceae; g__Silvanigrella	0.9999994053626977
bf78d307e2e9717fedefeaee9e31b0cb	d__Bacteria	0.7178640336078659
584c015781c1c9b37ab11fc0d93161df	Unassigned	0.525490521312437
5ebe12619045d3db072dba58965d52e6	Unassigned	0.34218014110579476
2115f068cd0917346526f181c7676fd9	d__Bacteria; p__Acidobacteriota; c__Aminicenantia; o__Aminicenantales; f__Aminicenantales; g__Aminicenantales; s__metagenome	0.7988701642650994
5752dee053f919d504c7c48e9703a713	d__Bacteria; p__LCP-89; c__LCP-89; o__LCP-89; f__LCP-89; g__LCP-89	0.735447441658253
9589d350408abcb9414a39cdf16298e4	d__Bacteria; p__Bacteroidota; c__Bacteroidia; o__Bacteroidales; f__Tannerellaceae; g__Macellibacteroides; s__uncultured_bacterium	0.7750176642363441
ca426904e7eb6a882d9dcd2c34ef6b15	Unassigned	0.9481694672887824
c90bf2ac47c27ec268c43f3dbf4f3e69	d__Bacteria; p__Acidobacteriota; c__c5LKS83; o__c5LKS83; f__c5LKS83; g__c5LKS83; s__uncultured_bacterium	0.7780218759214576
c3b831d2521822ac935e7428c95672a5	d__Bacteria	0.9999999998063006
72331683bda48281b73d744508fa326f	d__Archaea; p__Iainarchaeota; c__Iainarchaeia; o__Iainarchaeales; f__Iainarchaeales; g__Candidatus_Iainarchaeum	0.7402054741891553
02ba763053a1e5248ab787b72fa2ad4a	Unassigned	0.42759378286046734
22a59f3f270d747195e4984b8b5f5825	d__Archaea; p__Nanoarchaeota; c__Nanoarchaeia; o__Woesearchaeales; f__SCGC_AAA011-D5; g__SCGC_AAA011-D5	0.9600796255543702
6817f4c5b4f5a05de1d26a9ed7bd9dbb	Unassigned	0.46010730811568656
4bc6a1a6a5d8f9fdb26d63ca7a84c3ab	Unassigned	0.3728341533630637
20779fe189a701de43b4548923ee4cfc	Unassigned	0.5124211633364057
6c09d44b6052ff2bf219baa57a0fce63	d__Bacteria; p__Proteobacteria; c__Gammaproteobacteria; o__Ectothiorhodospirales; f__Thioalkalispiraceae; g__uncultured; s__uncultured_Thiorhodospira	0.7939359967292159
d013e0f9cfd6daec776a4fe4a67649ba	d__Eukaryota	0.8246733925917233
a3ec28d86b5b87f9a17b898f25b2cfc0	Unassigned	0.4478472658689352
00d899752abbc2faa6286fd14655ecb4	Unassigned	0.6186098933639166
173f76ed9d6ffc40fc41ab0483b2159d	d__Bacteria; p__Bacteroidota; c__Bacteroidia; o__Bacteroidales; f__Bacteroidaceae; g__Bacteroides; s__Blattella_germanica	0.830880064187586
ea7ef2a2cf81c26417b3552448c348db	d__Bacteria	0.7012130486155553
3059dbb7fd51f2cbf3a28235dfb4106e	Unassigned	0.6641698290199092
8d52e219db2688800a707e6121ab9c14	Unassigned	0.6492133559679567
73bf6a9a0d9639d4ae8f3def1f862ce8	d__Bacteria; p__Bacteroidota; c__Bacteroidia; o__Bacteroidales; f__Rikenellaceae	0.8115192473309055
8089451686e420b1a558cf070721811d	Unassigned	0.6154222334762776
d41db898a779b06af05a421f8359c1c4	Unassigned	0.40051824956837845
2918a893ba7430d71263a2b273f70468	Unassigned	0.645300064855634
0ae7809835679f6c7ba94e92f2278ead	Unassigned	0.4309123053990054
5b6a4813ff660c5f5a3336cbef2c5d6d	Unassigned	0.3812805629569852
abd22e4792da89e51633f133ccc1a56a	Unassigned	0.39784671274932637
906dc8a66e0fa6bbc6774852c8f10a17	d__Bacteria; p__Bacteroidota; c__Bacteroidia; o__Bacteroidales; f__FTLpost3; g__FTLpost3; s__uncultured_bacterium	0.9999586212892277
8ca38adb6daa05aa009095beec94756f	d__Bacteria; p__Verrucomicrobiota; c__Lentisphaeria; o__Victivallales; f__vadinBE97; g__vadinBE97	0.9999888048853411
78d275ab54399c873ce32de5235ce081	Unassigned	0.568453404290131
fd050095ec822c2e3ca84dfa611bb611	Unassigned	0.609895250072167
a8d92b96ef1457ea710e0711abf5687e	Unassigned	0.31291240751170657
e7d88ea59365097f22a4263dd6bcbc79	Unassigned	0.4513050170814429
fb8c7e1903a7892b8058aa9ac065f57e	Unassigned	0.4635563891593739
c4311bbf57df7b1e15da133502ed71db	d__Bacteria; p__Verrucomicrobiota; c__Verrucomicrobiae; o__LD1-PB3; f__LD1-PB3; g__LD1-PB3; s__uncultured_planctomycete	0.9117357140615553
ca8c5f7a42462b101d774e5b5c482631	Unassigned	0.4370519037467039
7a799a11e839b7916113fdac0ef147c9	Unassigned	0.6032647703001661
fb2faf0ffa4827519e88abf1cef0535a	Unassigned	0.5288092686604551
c7db3bb147e52d809587e2d15700ed99	Unassigned	0.45578575263317855
6c769a16b5c61544edc7c89eaa390313	d__Bacteria; p__Bacteroidota; c__Bacteroidia; o__Bacteroidales; f__Rikenellaceae; g__Anaerocella; s__uncultured_bacterium	0.9051732634515538
650c396031ac177f9f7ae0c5f609b67c	Unassigned	0.9568441921543113
ce090b86e347b983f8928998999b5dbd	Unassigned	0.6425925249612139
79151d629f9806b0f6e6f24de3a192b0	Unassigned	0.4428439163951102
0f61578ba9049f5e6e243c1f344cd9a9	d__Archaea; p__Euryarchaeota; c__Thermococci; o__Methanofastidiosales; f__Methanofastidiosaceae; g__Candidatus_Methanofastidiosum	0.910115920421278
75c67779e5cb91151fb6a04672a1087e	Unassigned	0.9178900490177271
f47f5e98b6ebaed44d71655ce9cc0ffc	Unassigned	0.45134312023976975
58602509f835a6563a16adc19c8d8390	d__Eukaryota	0.7290849492081443
d68cdb87311e7dd2a30839b016198e74	Unassigned	0.4948469197266785
1c10ed0540e6e1d88c86dd8af6fd0227	Unassigned	0.7911810550751273
0ad6588b3d06032c63257bca7fc8e07e	d__Bacteria; p__Acidobacteriota; c__Subgroup_18; o__Subgroup_18; f__Subgroup_18; g__Subgroup_18; s__uncultured_soil	0.8853447238426647
6a2b478a3c0f1fe7c1ae69dcff15c871	d__Archaea; p__Halobacterota; c__Methanomicrobia; o__Methanomicrobiales; f__Methanomicrobiaceae; g__Methanofollis; s__uncultured_archaeon	0.98914832010514
c04c0b6a5ded02609549a347b55794d5	Unassigned	0.347882689722655
69a10d56b4b51dfb466f494f58061dc9	d__Archaea; p__Halobacterota	0.9993809109710861
b37dc06cde98ef9a4feeadf039d1ece8	d__Archaea; p__Nanoarchaeota; c__Nanoarchaeia; o__Woesearchaeales; f__Woesearchaeales; g__Woesearchaeales	0.9999906850790636
b67ddb035914efbfe88c21501bf43a65	Unassigned	0.4738393639252332
7f9252605464fd3edf970e5e75a52077	Unassigned	0.6539081739200074
fb38655167ae0172af723987960e3fc7	Unassigned	0.4318085810599036
649ec52cec74fd6e20510276d7ce8f39	Unassigned	0.36346956667510955
34a7ffe26341e3c938db5617081209ea	Unassigned	0.3516548476420841
a5384eca9d9c9982905bfd7735729751	Unassigned	0.4865213725780667
3815b9c901707043892701ab65265b87	Unassigned	0.7083732480591032
35c97b376dcbcb13b8a1db6e83b209be	Unassigned	0.7954556536137752
66674b392edda11b7e6eadf850ed3fa5	Unassigned	0.4283452324368332
bd9b41a148b8808ed91836694f4eeb1f	Unassigned	0.3448491571198459
55ff0db147980a280cd1066668e672f9	Unassigned	0.5215101848897961
0f19f36278e127ff7499920adb03a777	Unassigned	0.9420482527183385
012bba52e4ec19b8c517fe6633ce7a9c	Unassigned	0.9745752940972809
c671d994b8a2f9d805e6c7f4bfc91ee4	Unassigned	0.49583890037118195
7e070117d1989da6a523cae1701b69a8	Unassigned	0.6362368763054763
f9b13448da1745ea5d6d573578448139	d__Bacteria; p__Planctomycetota; c__OM190; o__OM190; f__OM190; g__OM190	0.9954316347994056
ba5bcb837e1ce5f4f9c8459b1547fe4e	Unassigned	0.35188393752995684
6460905e8bac07579d38e6744c0fe567	d__Bacteria	0.7799480757974555
c02f3cb66a2cf8171c0562bd7d2f7b92	d__Bacteria; p__Acidobacteriota; c__Acidobacteriae	0.9686794818842084
e76ac40b04d6fc2f6416f79498f69c7e	d__Bacteria; p__Acidobacteriota; c__Aminicenantia; o__Aminicenantales; f__Aminicenantales; g__Aminicenantales	0.9995778319867745
f9d21f6901103972f487874205033c48	d__Bacteria; p__Acidobacteriota; c__Holophagae; o__Holophagales; f__Holophagaceae	0.9997921848245441
8daa267814cb8ef1eff66302f6439492	Unassigned	0.9539852526191699
3e82e7fd29b703670a5d85b159f850df	Unassigned	0.4717826250807585
e9a62c56b9a7f74ed34e515aa04d549c	d__Archaea; p__Euryarchaeota; c__Methanobacteria; o__Methanobacteriales; f__Methanobacteriaceae; g__Methanobacterium	0.7129236016254381
9b4925278380ba9e9775e8cfd2766857	Unassigned	0.6312954590025155
c361230ca83e7b86f1feebbeb0b7418e	d__Bacteria; p__Acidobacteriota; c__Acidobacteriae; o__Bryobacterales; f__Bryobacteraceae; g__Bryobacter	0.9682492610633487
ed3a82d5b8103515ccab2d06a96c4995	Unassigned	0.489184545242885
a7d023e755c88b3af20ba3a2524667f7	d__Bacteria; p__Bacteroidota; c__Bacteroidia; o__Bacteroidales; f__Rikenellaceae; g__Rikenellaceae_RC9_gut_group; s__uncultured_prokaryote	0.972045534084643
e4e2e7babf90ba0d21844a78a68e57c6	d__Bacteria	0.8574117872937599
5d1c758d522b7c2c0e51867394a6dba5	d__Bacteria; p__Bacteroidota; c__Bacteroidia; o__Bacteroidales; f__PeH15; g__PeH15; s__uncultured_bacterium	0.9886503440888071
98cb1badd841481941c85eb1e3da9464	Unassigned	0.4532471207058878
3fe1e839800bed8b6dd4cf338ce4e12b	Unassigned	0.5672110527153627
22cec5e10903475305e887bbb02bd3df	d__Bacteria; p__Firmicutes; c__Clostridia	0.9698305461030835
c14f64d9688a2ebec5cabb9767940ac8	d__Bacteria; p__Bacteroidota; c__Bacteroidia; o__Bacteroidales; f__Dysgonomonadaceae; g__Proteiniphilum; s__anaerobic_digester	0.7657706999794054
827bdcd80083397872b7afd9790b33f0	d__Bacteria	0.7397095552976707
2ef888b1d1379c1a6d9e2b46df0583c5	Unassigned	0.34570346514946004
03aaba475108cfe5b11d14077f8d8ad9	Unassigned	0.40287506007145635
478fe338778d43030551a1d356309cdd	d__Eukaryota	0.7837101007642473
ddd29496d8b779455bfc85817285af1a	Unassigned	0.38236337908842055
8c31cef631bda5ca47206eff295d134f	d__Bacteria; p__Bacteroidota; c__Bacteroidia; o__Bacteroidales; f__Tannerellaceae; g__Macellibacteroides	0.9999355031624607
5485d200fada5bcf3b4568a3d9c1ed79	Unassigned	0.46551063562098105
514aafc155e8bb995690b6b97fa126f0	Unassigned	0.6358418860671272
e0f84aea27ac0c97c6706bf807d564d8	Unassigned	0.4345241042870017
93658fbb563be57aacb2f1d44418b4fc	Unassigned	0.4451984079472914
f6c8e72600afdee6a21761a7ea302cbc	Unassigned	0.3931376815968628
4d13fbe7838ca9f51765eb4c9e56969b	Unassigned	0.3770624474017864
e5d05efcac000404788b91739cabdfc3	d__Archaea; p__Halobacterota; c__Methanosarcinia; o__Methanosarciniales; f__Methanosaetaceae; g__Methanosaeta	0.8929048969461656
c379fc8aa126d89baeb38519ea4f8d4b	Unassigned	0.6561828027535141
0dfcb3c3a9d818e6bd34ca24e4b60851	Unassigned	0.359011036054107
f6d9dbdc2240e86fc911536567a92dab	Unassigned	0.3872974169141561
258355594337fe00b710df3ad01075db	Unassigned	0.5540227313808428
7103cf47034f43663b69954c75ea70d7	Unassigned	0.6815477351273899
1b8ffb40a2b73caac6c1ff51543a5001	Unassigned	0.5966817519126302
c2ba324b0f367630f16c117edf61aa16	d__Bacteria	0.7104795427190305
e805f313267c38c7f82a64d2c11e47f0	d__Bacteria; p__Bacteroidota; c__Bacteroidia; o__Sphingobacteriales	0.9948456920323685
3fc594795f5b28a60f38d3f0214d7d62	Unassigned	0.6713989658623769
dcec33618ee9be1076349dbe3d1e1dd0	Unassigned	0.9726633059145929
52ac594566cc9e6bd53217907d4edac3	d__Bacteria; p__Cloacimonadota; c__Cloacimonadia; o__Cloacimonadales	0.9999983287971357
3a19b2bbfc746ca7108773493c70aa52	d__Bacteria; p__Planctomycetota; c__Planctomycetes; o__Gemmatales; f__Gemmataceae; g__uncultured; s__uncultured_bacterium	0.741715158810086
4f3bc413ca9aa3c4d7b3fee048bec6ba	Unassigned	0.8155855895217088
d37914e2877915627c2548e64f6b0f6c	Unassigned	0.5207902336749457
ce694343dd3b13b21c0cd2d4637e625a	Unassigned	0.4529867901787571
4d8e23aca9eac71d7f4ef1a60be93a9e	Unassigned	0.536815364725807
e7e1e8cfc5b8d689c49f4838f75d418d	d__Eukaryota	0.7058524411869981
49267ee04a69b936925a78e227ca6e09	Unassigned	0.36347534175379326
0d2198032cf91bb5f8b96cc587628cc1	Unassigned	0.41601886333824545
450228e9a0a9519bc36b857f7a917ccf	Unassigned	0.3612797409989741
fd5294fe46c85ea429de5fb26b571bd6	Unassigned	0.5684236809306495
75828eabebd01609f54e5ebe1b1438fb	d__Bacteria; p__Spirochaetota; c__Leptospirae; o__Leptospirales; f__Leptospiraceae; g__RBG-16-49-21; s__metagenome	0.9166053584167798
a803c4ea11a923a690da19b03d53fbda	Unassigned	0.3560875925261495
62c3b1febeb64b2c78d6759977c8d28b	d__Bacteria; p__Bacteroidota; c__Bacteroidia; o__Sphingobacteriales; f__Lentimicrobiaceae; g__Lentimicrobium; s__bacterium_enrichment	0.9744247579183223
2ab74b2fc710cc47549827797d6fc8e9	Unassigned	0.3480998397099635
a179cf38b4c07dec27598f3bd8c17ed2	d__Bacteria; p__Bacteroidota; c__Kapabacteria; o__Kapabacteriales; f__Kapabacteriales; g__Kapabacteriales	0.9018146788613718
7ed9c545916372c8662972f1ddd759dc	d__Bacteria; p__Acidobacteriota; c__Aminicenantia; o__Aminicenantales; f__Aminicenantales; g__Aminicenantales; s__uncultured_bacterium	0.7716209177123187
12ee6b01d27edaf6f713c2991508f4e3	d__Bacteria; p__Bacteroidota; c__Bacteroidia; o__Bacteroidales; f__Marinilabiliaceae; g__uncultured; s__uncultured_Bacteroidetes	0.85174306574541
2284cbed92a2009fee5d8de88385d522	Unassigned	0.4272077104993066
da3220bfaff54e61233b1808928d6a1e	d__Bacteria	0.7361603332530288
ce08f95f431e2e29f088594a6f773e4e	d__Bacteria; p__Bacteroidota; c__Bacteroidia; o__Bacteroidales; f__Bacteroidales_UCG-001; g__Bacteroidales_UCG-001	0.983902818155812
83cbee87e6a810f800f4be8c9d5621b6	d__Bacteria	0.7523569275219868
b3020d64456dce7c495e170e3dd583ea	d__Bacteria; p__Bacteroidota; c__Bacteroidia; o__Bacteroidales	0.7598351736289555
73cc40b49a85e4528566cf561b3e85f9	d__Archaea; p__Halobacterota; c__Methanomicrobia; o__Methanomicrobiales; f__Methanocorpusculaceae; g__Methanocalculus	0.9572849290565527
42fb1a292ac6147a24e5bfb30286563a	d__Bacteria; p__Bacteroidota; c__Bacteroidia; o__Bacteroidales; f__Rs-E47_termite_group; g__GWE2-42-42; s__Bacteroidetes_bacterium	0.9486759713223394
6c1cfcaed5220d9c542252401a014e1a	Unassigned	0.46967183164272386
cac19e0180508faadefc595d0aeb40ec	Unassigned	0.32973421679349146
7a6fa9bd7fccf9406b14b8faea0b87a3	Unassigned	0.38084730180896775
c2d4eb813655c5a3e809ff1be78d952b	d__Bacteria; p__Acidobacteriota; c__Aminicenantia; o__Aminicenantales; f__Aminicenantales; g__Aminicenantales; s__metagenome	0.9636592629389208
41eae33a9478882976eb0d98bfdbf42b	Unassigned	0.6601049173656466
b96b03b295c1fb6e69f14cf271fb6d10	Unassigned	0.9753608241993278
9de5a8b95f7a5a55862063e1187ee999	Unassigned	0.3042548225203563
18bcc9481611ea32bf122b46dcf1bd5f	Unassigned	0.9799200467522258
2712de3d80d2b11be16417cdb8ca3612	d__Bacteria; p__Bacteroidota; c__Bacteroidia; o__Bacteroidales; f__Rikenellaceae; g__DMER64	0.7408861886933269
52f30dfcd57cb553d27b85e229f52aa5	d__Bacteria; p__Bacteroidota; c__Bacteroidia; o__Sphingobacteriales; f__ST-12K33; g__ST-12K33; s__metagenome	0.9809671347701491
39e71857b72b3ce959476f26c7ac78f8	Unassigned	0.42780206659284237
cd0f9eeaa33e70d09498ba4143055d52	Unassigned	0.34985994279103705
0f201b922673e62593ad19c5bfd8d308	d__Bacteria	0.8450190243960927
087ab954827bb2289693b466002d4ce8	d__Bacteria; p__Bacteroidota; c__Bacteroidia; o__Sphingobacteriales; f__Lentimicrobiaceae; g__Lentimicrobium	0.9978837369697211
6cb1ef97d314a3efab7fb5bab1a1bf99	Unassigned	0.43965425678174586
b99b756ba756a3e9e58748bc19617df4	d__Bacteria; p__Planctomycetota; c__Planctomycetes; o__Gemmatales; f__Gemmataceae; g__uncultured; s__uncultured_bacterium	0.9526489587937076
5638d550f501e1dda0012bbbb61ff371	Unassigned	0.5042036325994119
18d8903410e18d2114655035217ac3dc	d__Bacteria	0.9480113543050961
c7ec9e2bafbeccd6082db42909b93d00	Unassigned	0.4171995282367247
ce644c31de4c453b2e7b4dd0026f7b9c	Unassigned	0.9792490243876842
23221fed5ee052075e9798d91202c61d	d__Archaea; p__Halobacterota; c__Methanomicrobia; o__Methanomicrobiales; f__Methanoregulaceae; g__Methanoregula	0.826338689537564
fabcb96fad3dbb2f2dd98f00c5b79c7f	d__Bacteria; p__Acidobacteriota; c__Vicinamibacteria; o__Subgroup_17; f__Subgroup_17; g__Subgroup_17	0.8001478541218747
907378cd50deba9404fcf162730a6882	Unassigned	0.453502782979861
23a84df1702319f76a21f551f5a1f1e7	d__Bacteria; p__Acidobacteriota; c__Vicinamibacteria; o__Subgroup_17; f__Subgroup_17; g__Subgroup_17; s__uncultured_bacterium	0.7780512834703213
d4be551b642de8bd734c4d450797118c	d__Bacteria; p__Bacteroidota; c__Bacteroidia; o__Bacteroidales; f__Tannerellaceae	0.8939664693614267
1a1ac6b71976dfe0c228e497f264f04b	Unassigned	0.5952537748593484
d97d4f8a4a9f6948669d61c06d06b6a1	Unassigned	0.409204723073895
c556184f107d42ae2a2ce2bf58ea2e75	d__Bacteria; p__Firmicutes; c__Syntrophomonadia; o__Syntrophomonadales; f__Syntrophomonadaceae	0.9192075345441741
a47fd65b07dad1061268256aa1aa9760	Unassigned	0.4025837951123712
83f334e0174f9debf443b51ac1338713	Unassigned	0.31387048246005844
7cbeebd724d75fd4554ad6f192cb1404	d__Archaea; p__Crenarchaeota; c__Bathyarchaeia; o__Bathyarchaeia; f__Bathyarchaeia; g__Bathyarchaeia; s__uncultured_bacterium	0.9594840072520839
98550f1808f1ad5d052972ff3f505da2	Unassigned	0.3434258884635232
5364584624c1272c7435728c2b6d32a2	d__Bacteria; p__Acidobacteriota; c__Acidobacteriae	0.9999928485020684
8661f782441070cea737c123b4572147	d__Archaea; p__Halobacterota; c__Methanomicrobia; o__Methanomicrobiales; f__Methanomicrobiaceae; g__Methanofollis; s__uncultured_Methanofollis	0.7086145625430323
82fa9abde5e48817408e486ca57793f4	d__Bacteria	0.7846023878119635
187b2f582576f792160b905fdf715c0e	Unassigned	0.4086251260853656
bdcec8f9361106bcabee4d14ba7c2a91	d__Bacteria; p__Cloacimonadota; c__Cloacimonadia; o__Cloacimonadales; f__Cloacimonadaceae; g__W5; s__uncultured_Spirochaetes	0.7128656310349967
331032e2d278d99d44529b905756e3c7	Unassigned	0.31282407105882104
1dbc7322d90f3f2d0208f3f5257b20a1	d__Bacteria; p__Cloacimonadota; c__Cloacimonadia; o__Cloacimonadales; f__Cloacimonadaceae	0.9698587885369648
3f1f44d9abfc1c41d8dae24c0016cb27	Unassigned	0.31298748332160176
6a5835bb558ed5a171f81371ebf71747	d__Bacteria; p__Bacteroidota; c__Kapabacteria; o__Kapabacteriales; f__Kapabacteriales; g__Kapabacteriales; s__uncultured_bacterium	0.9961508846193675
5949a757278863842e55e77b67678e2f	Unassigned	0.43609653709875207
b7bdfd3b2a6d7bc253a69bd91f74af40	Unassigned	0.6306437521420682
6eddcd01af32beafa60c6a1ae299fad9	d__Bacteria; p__Bacteroidota; c__Bacteroidia; o__Bacteroidales; f__Rikenellaceae; g__Anaerocella	0.7751161765896867
54c6cd6680f40a4a0e183aea26655b0f	Unassigned	0.536250359473107
dbea90d59ee7dd87e129ccdee826b453	d__Bacteria	0.7278096678063538
2a8fdf62ab31409b8482b0df6c72f401	Unassigned	0.5454440639575402
13ca266ac7a4dc2da0ed47b6a6c251be	d__Bacteria; p__Firmicutes; c__Clostridia; o__Christensenellales; f__Christensenellaceae; g__Christensenellaceae_R-7_group	0.998457123852893
578a2ec2eb83ad2dc9c3f5066b42fa6b	Unassigned	0.38157485416108006
ce5964121bc3bf4a0a072a6148e162b5	d__Bacteria; p__Bacteroidota; c__Bacteroidia; o__Sphingobacteriales	0.868898339957568
ef1a5ea7ae9df57aec2257afcb4bd0a2	Unassigned	0.3979238843933567
42987dd236d13014adfdd530f3d0b260	Unassigned	0.5243125124185676
ebe6c293c55682924949116744096071	d__Bacteria; p__Firmicutes; c__Clostridia; o__Clostridia; f__Hungateiclostridiaceae; g__Fastidiosipila; s__uncultured_bacterium	0.9914367519011117
9873c34c3a870453c6204a2654cc764b	Unassigned	0.566664181501025
5d7684df1ba1e2987be7adaa8f002a4c	d__Eukaryota	0.7829710184940676
7e60286c83e65e2e5d4eaabd476e3aed	d__Bacteria; p__Acidobacteriota	0.9990552945205642
e68a82f300474b37329fe341edd104a3	d__Bacteria; p__Acidobacteriota; c__c5LKS83; o__c5LKS83; f__c5LKS83; g__c5LKS83; s__uncultured_bacterium	0.9934987242326931
dfcdde9e4856bca1b6f7b9f4f7121c36	Unassigned	0.35198562322230387
d6c18a0b244c7fa77c311e809cbdda80	Unassigned	0.4285722175760701
abbbe753c811c8c6892a2e08b7cde0c3	Unassigned	0.4010702944257236
43719c5c379f2331e08e7ccd816db24b	d__Archaea; p__Halobacterota; c__Methanosarcinia; o__Methanosarciniales; f__Methanosaetaceae; g__Methanosaeta	0.9974139606899667
d713ab7cb14d4984823ec62c767ee481	Unassigned	0.6258127997379402
3547e42fc5667ecf81508d60123e9276	d__Bacteria; p__Actinobacteriota	0.9758921822324662
ee76940740d01aa7ccc62e88d92b6256	d__Archaea; p__Halobacterota; c__Methanomicrobia; o__Methanomicrobiales; f__Methanoregulaceae; g__Methanosphaerula; s__uncultured_Methanosphaerula	0.838820416629531
75566925ae1ff17793713a1e4a8a8b7e	Unassigned	0.5202924957407902
5ab49a72b5f80e16e5bfdcbf334da2e1	d__Bacteria; p__Proteobacteria; c__Gammaproteobacteria; o__Xanthomonadales; f__Rhodanobacteraceae; g__Dokdonella	0.9852789429728321
c85f435f8bb9c8c5d2e4261861df3851	d__Archaea; p__Halobacterota; c__Methanosarcinia; o__Methanosarciniales; f__Methanosarcinaceae	0.767981562203903
416e7115977443dc12e6441a1b67a3e2	d__Bacteria; p__Bacteroidota; c__Bacteroidia; o__Bacteroidales; f__Rikenellaceae; g__Bact-08	0.9997317987893996
18d191510fd76274118d10f702cdb2cf	d__Archaea; p__Halobacterota; c__Methanomicrobia; o__Methanomicrobiales	0.9918034408386386
af9a086e39406cd0fb8bc2d642648435	d__Archaea; p__Halobacterota; c__Methanosarcinia; o__Methanosarciniales; f__Methanosaetaceae; g__Methanosaeta; s__uncultured_archaeon	0.9877228676571521
0be7380dc746c7bd3154522721bf96c3	Unassigned	0.5690520555647698
92c9dcd147e222c336cb2387f1625811	Unassigned	0.4576190903216164
85ef61cece591e231212d32959113076	d__Archaea; p__Thermoplasmatota; c__Thermoplasmata; o__Methanomassiliicoccales; f__Methanomassiliicoccaceae; g__uncultured; s__uncultured_Methanomicrobia	0.7203262716405588
5e98d15b437e08438d85ae8f8dbd140f	Unassigned	0.643483073003942
023ccf33763249b36f95b69e163feb21	d__Bacteria	0.7301069164801213
9352cbd38a6f5d0b59cdab3e44e1d223	d__Archaea; p__Halobacterota; c__Methanomicrobia; o__Methanomicrobiales; f__Methanoregulaceae; g__Methanolinea	0.9493438591362644
f0f2dbd6c9d2baef7a2c0eb9c9102956	d__Bacteria; p__Bacteroidota; c__Bacteroidia; o__Bacteroidales; f__Prevotellaceae; g__Prevotella	0.7301444569257948
9669ca2c8a5fd288e635fa9b31ff7b76	d__Bacteria; p__Bacteroidota; c__Bacteroidia; o__Bacteroidales; f__Rikenellaceae; g__Rikenellaceae_RC9_gut_group	0.9878374959365019
38dfe15137d3ae4b9f2d88a7ab64a45b	d__Archaea; p__Nanoarchaeota; c__Nanoarchaeia; o__Woesearchaeales; f__SCGC_AAA011-D5; g__SCGC_AAA011-D5; s__uncultured_archaeon	0.7013206853717524
6eff41b76d5f38052e2c9cd830d3b2aa	Unassigned	0.7093747431175905
0a66de1c42c791ded63c9b077adceb34	d__Eukaryota	0.7322311816793597
13134df833e4e7659db9496ebf37266d	d__Bacteria; p__Acidobacteriota; c__Thermoanaerobaculia; o__Thermoanaerobaculales; f__Thermoanaerobaculaceae; g__Thermoanaerobaculum	0.8997276713183892
268b16fef98a7407581ba216eb2c478f	d__Bacteria	0.9999999961216308
635c176050ebca92d89b99e48ee102d4	d__Bacteria; p__Acidobacteriota	0.9985323239017635
8de1f0f3a34e1056da8ae939fa156b93	d__Bacteria; p__Bacteroidota; c__Bacteroidia; o__Sphingobacteriales; f__Lentimicrobiaceae; g__Lentimicrobiaceae; s__uncultured_Sphingobacteriia	0.9534077465235197
edc96c833b5c6553c5618e4d38e09270	d__Bacteria; p__Bacteroidota; c__Bacteroidia; o__Sphingobacteriales; f__ST-12K33; g__ST-12K33	0.9994618747543239
1002a1b6925fe7e0e4e6cc6ed3fc2148	d__Archaea; p__Halobacterota; c__Methanomicrobia; o__Methanomicrobiales; f__Methanoregulaceae; g__Methanosphaerula; s__uncultured_Methanosphaerula	0.9415170882450113
686af7b0076d0d78b504b10692939f71	d__Bacteria; p__Verrucomicrobiota; c__Omnitrophia; o__Omnitrophales; f__Omnitrophaceae; g__Candidatus_Omnitrophus	0.9673002132627001
a99aba394d60304fb3ac225e3e7b86be	Unassigned	0.46528847948891117
c8bdce2458e857eedbb8c97302bb3db9	d__Archaea; p__Euryarchaeota; c__Thermococci; o__Methanofastidiosales; f__Methanofastidiosaceae; g__Candidatus_Methanofastidiosum	0.9995529816131047
f55c62f7fe615e7d1fd126e5b701b6a5	d__Bacteria; p__Bacteroidota; c__Kapabacteria; o__Kapabacteriales; f__Kapabacteriales; g__Kapabacteriales; s__uncultured_bacterium	0.9128447435619701
366ad2ecd1ad94d33de68cd11f3e2c29	Unassigned	0.3571720292680668
538c397fe3cb0705562078689741ff0e	d__Archaea; p__Thermoplasmatota; c__Thermoplasmata; o__Methanomassiliicoccales; f__Methanomassiliicoccaceae; g__Methanomassiliicoccus	0.9961169213534327
ab78e982b8d2409d1ce8e101d69d230b	Unassigned	0.39665280182656026
0abc3862f5be03404e967e5d68eaf510	Unassigned	0.5699715802885427
2f643ff6999e15254067a471244f77de	Unassigned	0.4360306210018243
123855e31273bc1f72b33046401b134f	d__Bacteria; p__Bacteroidota; c__Bacteroidia; o__Bacteroidales; f__Rikenellaceae	0.9949379637158287
97f3ad2a687feadc61d5fb7b5369ddbf	Unassigned	0.5827911758616299
795d514ae8fa3212821bbb5f7cc6852b	Unassigned	0.6265081936416645
2c726a9effebd2ceeceeb83e86cbf93c	d__Bacteria; p__Bacteroidota; c__Bacteroidia; o__Sphingobacteriales; f__ST-12K33; g__ST-12K33; s__metagenome	0.9099350827786046
e81e0844946f93ac835d56738be2925d	Unassigned	0.5925063764847007
86ed216502e15a027e139f744ca4c663	d__Bacteria	0.7343377017465318
a3d71ad6ae2093589121b5a1b1674193	Unassigned	0.3066092699255917
39fe214d6de38dfcd5811b89a1ae38b8	Unassigned	0.32049218405167046
c5b7708e13c2d489fd47481cdc6ee33e	Unassigned	0.6610763853747175
e6d7a3c427255076f28de29a097bcfa4	d__Bacteria; p__Bacteroidota; c__Bacteroidia; o__Bacteroidales; f__Dysgonomonadaceae	0.9992609170001318
7a307b93609795a61b5b632919154e89	d__Bacteria; p__Bacteroidota; c__Bacteroidia; o__Bacteroidales; f__Dysgonomonadaceae	0.9985106895317931
7124ba6676971d987d38bd28b8fd8f44	d__Bacteria; p__Bacteroidota; c__Bacteroidia; o__Sphingobacteriales	0.9866031798154564
590e5db46697c9d4b44b71274b54e9da	Unassigned	0.534548550241626
bbaded82b7092ac4ba8aefea622277fe	d__Bacteria; p__Sumerlaeota; c__Sumerlaeia; o__Sumerlaeales; f__Sumerlaeaceae; g__Sumerlaea; s__uncultured_organism	0.8208097553036207
1838c365afa55c2d30d77f4ff3091951	d__Bacteria; p__Bacteroidota; c__Bacteroidia; o__Bacteroidales; f__Rikenellaceae	0.9513306906559711
44640a2970384370d364aaba7ac42ae0	d__Bacteria	0.9604232780650042
5c5925a8774dbf95d44bbe2f843a6488	d__Eukaryota	0.7525896406416024
7d68170dcba742f65ff9abda7c59983e	d__Bacteria	0.9999999089325492
346f05d97ac6b64f560034e005a6d70e	d__Bacteria	0.8409043955022238
79b717830115e9c757c18c17c21cd9f7	d__Bacteria; p__Bacteroidota; c__Bacteroidia; o__Sphingobacteriales; f__ST-12K33; g__ST-12K33; s__metagenome	0.7645452332632089
24a63420de28a47e79c4579d1ddf4c1c	Unassigned	0.9412590513734623
4346e165da3f4910cd0914b9a9137b9b	d__Bacteria	0.9999999999979369
222e53b5365710eb8c02633a8da715ad	d__Bacteria; p__Spirochaetota; c__Leptospirae; o__Leptospirales; f__Leptospiraceae; g__RBG-16-49-21; s__uncultured_Leptospira	0.9664071617311066
41c874f5bac65cad68761be36b7a0cb8	d__Bacteria; p__Bacteroidota; c__Bacteroidia; o__Bacteroidales; f__Rikenellaceae; g__DMER64; s__Rikenellaceae_bacterium	0.801128938299821
4257d7b2a6cf0042160022add2217c3c	d__Bacteria; p__Bacteroidota; c__Bacteroidia; o__Bacteroidales; f__Rikenellaceae; g__uncultured; s__uncultured_bacterium	0.7916039320037372
e493e4a392b50b7b844cd839d178f502	d__Bacteria	0.737875283349749
965539d7871c5d96866f55a2ecbe6912	Unassigned	0.39367334391086506
44a489b026ee84ff482e98d91acc448c	Unassigned	0.6541619314282179
fcdd5fc7a572e402a75cb626d285e402	d__Eukaryota	0.7535826553210339
c728e539e974be555af0ce3e57d53390	Unassigned	0.4873929334515301
5ba986f8eb684cfdb2d4fedea56a3b78	Unassigned	0.34679211159892265
8dde9fee950bbee258507912d5dfea2a	Unassigned	0.4538046186451512
c19fd840cf13769d183b995f6017abc4	Unassigned	0.47048219227517574
8b27c5966c6f54474da786970a4b9a85	d__Bacteria; p__Acidobacteriota; c__Vicinamibacteria; o__Vicinamibacterales; f__Vicinamibacteraceae	0.9918827994418125
5e6e0866ed2030c3c25134fe1d95277c	Unassigned	0.6211494392673707
6aa5782d1d8eb3d58b285d65a9e2fd05	d__Bacteria; p__Verrucomicrobiota; c__Kiritimatiellae; o__WCHB1-41; f__WCHB1-41; g__WCHB1-41; s__uncultured_bacterium	0.7767393846486746
ddce4ec080f1e8d0f3b01a0689706c74	Unassigned	0.43202514623717725
7a1aae2d020133a01b26dbae554078ca	Unassigned	0.5114819152772365
41233221d0eb0b093245b013bd3322c9	Unassigned	0.8840072776363851
a38fc762d88f345350faf3edad16479b	Unassigned	0.3184732276242742
4e0936358fd1e553c7706f2160641191	Unassigned	0.49563963708610026
7e6a0daf37fb2641e33c54bc688ef45b	Unassigned	0.3682598253618715
367f2c6091ec034796aa981029492602	d__Bacteria; p__Firmicutes; c__Bacilli; o__Mycoplasmatales; f__Mycoplasmataceae; g__Mycoplasma; s__Mycoplasma_wenyonii	0.9802856990217294
8a8f983ccd53a293270ea06ed91775d7	d__Bacteria; p__Planctomycetota; c__Planctomycetes; o__Gemmatales; f__Gemmataceae; g__uncultured	0.9996681874716566
3b702f9653a18a7bd090490d8358bf3e	Unassigned	0.41356249205226847
d166d9c242bfa79c9b8223a0714494f4	Unassigned	0.46829059451301003
a76a338138829178a5428d3714d83076	Unassigned	0.9645940035182713
5944822bcbd1ad85be0f30eb11828119	Unassigned	0.45187339271250626
05b06e35a89e2bd22f1ad8a26691e21b	d__Bacteria	0.7856976813394371
688f185b55b6169155763f4d78a6af1c	Unassigned	0.46133420095405286
b10917b3cb0d7c10064fb3150aeb4c76	Unassigned	0.3183835103066621
37e7fdd1c07a4a7f6a6dec852b9542e8	Unassigned	0.43174338804505197
d48a9b52f4350a71b3aad01c47ee84c6	Unassigned	0.5522137666589302
8c3365781129eb6b41d1deeb1389c9c5	d__Bacteria; p__Bacteroidota; c__Kapabacteria; o__Kapabacteriales; f__Kapabacteriales; g__Kapabacteriales; s__uncultured_bacterium	0.9284928419602462
5fd3340739a90af0c94e6fdfd3b82af0	Unassigned	0.4855306307981031
d341ec726c4e8c16e26b4f654b14d062	Unassigned	0.5380496699308898
3ca6872b11a5bd59e15911e01cfa63a8	d__Bacteria; p__Acidobacteriota; c__Acidobacteriae	0.9999999996721991
494d8449d25022a5fb1aadcaf33a6bfe	d__Bacteria; p__Bacteroidota; c__Bacteroidia; o__Bacteroidales; f__Rikenellaceae	0.9992681275227225
92d6aa91cec9c7b1bed382ddd22790e9	Unassigned	0.31926425075783393
967beaf4fe2783009ba7591b8622bc37	Unassigned	0.3633891656262982
c056a8832988a84421c9f6e5f6d4cc08	d__Bacteria; p__Bacteroidota; c__Bacteroidia; o__Bacteroidales; f__Rikenellaceae	0.9852187428786315
d28f54177e57368988b11b8b4095ebbf	d__Bacteria; p__Proteobacteria; c__Gammaproteobacteria; o__Pseudomonadales; f__Pseudomonadaceae; g__Pseudomonas	0.9861653340056118
290a99c780ec29310b033c8778d8a2a9	Unassigned	0.3848132463234626
c812936f7501b69fa79d8090b2dd3d77	Unassigned	0.9736647632842647
e9a0ab18940519569eb57f3d655eae8e	d__Bacteria; p__Actinobacteriota	0.9788791439616491
cb8c69f3bdbc89dace8d3f7ec6196649	Unassigned	0.39246872341600936
839ca06cef60e61b06b9398b3bc20181	d__Bacteria; p__Actinobacteriota; c__Acidimicrobiia; o__Microtrichales; f__Microtrichaceae; g__IMCC26207	0.9877232569938901
825ab252425bf65a5986be3ce665a551	d__Bacteria; p__Acidobacteriota; c__Acidobacteriae; o__Bryobacterales; f__Bryobacteraceae; g__Bryobacter; s__uncultured_bacterium	0.7163354931095157
0cb317b9af276c7a0fd2c1b99d3de1a3	d__Bacteria	0.8109014710280344
daadfac3f4b05a6f34000b83468ec77c	d__Bacteria	0.700105767461709
484b84d3eee2926563083a98a6da15ab	Unassigned	0.3141354233166632
a6730624c7f8dc23b81e4b1d7453d34f	Unassigned	0.49850577430061604
2ce6b35c23069a1c2a39f8f945e2cb29	Unassigned	0.6479670922056058
03fd820d3f0f6652800310034fe520ef	d__Archaea; p__Halobacterota; c__Methanomicrobia; o__Methanomicrobiales; f__Methanospirillaceae; g__Methanospirillum	0.9702465754683961
357b5178b84e5b5293a949d01660b10a	d__Bacteria	0.7260171892987538
7f8796c8c3e8b15c3c52f6816ae76123	d__Bacteria; p__Firmicutes; c__Clostridia; o__Lachnospirales; f__Lachnospiraceae; g__uncultured	0.808938471489357
b3011f523f44ce4418e878aa714d357f	d__Eukaryota	0.8013402964639736
328e368091676cf417942ba1b7b06509	d__Archaea; p__Hadarchaeota; c__Hadarchaeia; o__Hadarchaeia; f__Hadarchaeales; g__Hadarchaeales; s__uncultured_archaeon	0.99999992135854
5a05583f15d3f06fc6b4f1ce66422ba6	Unassigned	0.36461222364511425
d253dcd973329d162d6373ecfa15dc0d	d__Archaea; p__Nanoarchaeota; c__Nanoarchaeia; o__Woesearchaeales; f__Woesearchaeales; g__Woesearchaeales; s__uncultured_archaeon	0.9710373762963461
d651215f811f938c1ae1180483ff464d	d__Bacteria	0.9666997538547419
b4b0c33175e63eeeaa4743b3953690b0	d__Bacteria; p__Acidobacteriota; c__c5LKS83; o__c5LKS83; f__c5LKS83; g__c5LKS83; s__uncultured_bacterium	0.9996746307753364
c830fae96db7270376f9e44178d1f365	Unassigned	0.6797462254047314
7cc7a074bf26dd2ef7eba736102dc076	d__Bacteria	0.7202685966079937
e7b5af412bf8cb6671726a9d6b2f7a9d	d__Bacteria	0.9999996534997319
b56073f28330e5384119bd8e907cf07c	d__Archaea; p__Euryarchaeota; c__Methanobacteria; o__Methanobacteriales; f__Methanobacteriaceae; g__Methanobacterium	0.9318112624301638
9607966d2afce4aad40b62478d36d7fe	Unassigned	0.46106596222390284
732aaf65ad4b520506b490f657543825	Unassigned	0.3731523906725869
6de1de7f32f09238703ecbc906dde9cc	d__Bacteria; p__Planctomycetota; c__Planctomycetes; o__Planctomycetales; f__uncultured; g__uncultured; s__metagenome	0.9989461986844698
f5b87d945fadfb8c227f64a14025f07c	d__Bacteria; p__Sumerlaeota; c__Sumerlaeia; o__Sumerlaeales; f__Sumerlaeaceae; g__Sumerlaea	0.9997334827066324
d3763e370744db1eacdc30747e7643bf	Unassigned	0.3409364615913969
04d653f7f67ed22951145b446c1ff21f	d__Archaea; p__Crenarchaeota; c__Methanomethylicia; o__Methanomethyliales; f__Methanomethyliaceae; g__Candidatus_Methanomethylicus	0.9997466495580825
fb124448b922a18af5631443dca9c6a1	d__Bacteria; p__Bacteroidota; c__Bacteroidia	0.9999454629263478
f809f13d2077349d2120e20215f15bf3	d__Bacteria; p__Spirochaetota; c__Leptospirae; o__Leptospirales; f__Leptospiraceae; g__RBG-16-49-21	0.9999986225817368
ceb9ff60b04c8274c6c9882ce84afeab	Unassigned	0.37098560891073973
86854e93cd26fa4db221ddf7048cc59e	d__Bacteria; p__Acidobacteriota; c__c5LKS83; o__c5LKS83; f__c5LKS83; g__c5LKS83; s__uncultured_bacterium	0.9996163181314183
68a6890f3d9f26e7af74d6aef058cd5f	d__Bacteria; p__Acidobacteriota	0.9943677660746351
d9675d78ce952277c2c3c3b8c635e56c	d__Bacteria; p__Acidobacteriota; c__Aminicenantia; o__Aminicenantales; f__Aminicenantales; g__Aminicenantales; s__uncultured_bacterium	0.7665247195771189
bac2151363f4af7bc68ce62c871f132c	d__Bacteria; p__Verrucomicrobiota; c__Lentisphaeria; o__Oligosphaerales; f__Lenti-02; g__Lenti-02; s__uncultured_Verrucomicrobia	0.9925105421983569
e525da421ffe6112fcbface0287969bb	Unassigned	0.5955432825424838
a5dc87d10bcdd896f74e8d95de2ef99c	Unassigned	0.5230275483769025
ed922af0ea14a61c109a7e513ab2f5bf	d__Archaea; p__Euryarchaeota; c__Methanobacteria; o__Methanobacteriales; f__Methanobacteriaceae; g__Methanobrevibacter; s__Methanobrevibacter_boviskoreani	0.8907920361066635
81cca5874de4c84d2ccf597b5e228476	Unassigned	0.508680770347359
10d707d75f0d9c33cdf0d938103736da	d__Bacteria	0.9999999998284829
5f0fbdcf62374f68d27da01bb220b9e7	Unassigned	0.8229515335920936
c63a2808fe7f7b270f50c9f88230d332	d__Bacteria; p__Acidobacteriota; c__Vicinamibacteria; o__Subgroup_17; f__Subgroup_17; g__Subgroup_17; s__Acidobacteria_bacterium	0.744434883602461
593b72232017407343f0dbd9c97963e0	d__Bacteria	0.7082704011818837
6bf8b59b5a48b977cda85d591719d633	Unassigned	0.477269227001738
a8c78f891685e778aa0cb702774ff28c	Unassigned	0.33248085478849354
91ec2923812b6f8e9d26b9c4b7cc624f	d__Bacteria; p__Acidobacteriota; c__Acidobacteriae	0.9142700665169156
9dbe5c2657bba52a1ac03b9dc3e3f2ca	Unassigned	0.9572976908626584
7fcd02a664b00b6625d9151107e478b2	d__Bacteria; p__Proteobacteria; c__Alphaproteobacteria; o__Micropepsales; f__Micropepsaceae; g__uncultured	0.9959332105445452
329bd7ca43c5b226bcf793d19c4a44a0	Unassigned	0.34833771975579864
725fdb1c52b10f083163c0c3594c9efd	d__Bacteria; p__Bacteroidota; c__Bacteroidia; o__Bacteroidales; f__Bacteroidetes_vadinHA17; g__Bacteroidetes_vadinHA17	0.9754078590243597
ba461d1b6cb4443162c8550c201a20de	d__Archaea; p__Thermoplasmatota; c__Thermoplasmata; o__Methanomassiliicoccales; f__Methanomethylophilaceae; g__uncultured; s__uncultured_Methanomassiliicoccales	0.7878828006121819
7e9be485b3e67e5d4e70c0a060e996cc	d__Archaea; p__Euryarchaeota; c__Methanobacteria; o__Methanobacteriales; f__Methanobacteriaceae	0.9999998345125496
e3518fc11f2d6ba44d8b2895182e5015	d__Bacteria; p__Acidobacteriota; c__Vicinamibacteria; o__Vicinamibacterales; f__Vicinamibacteraceae	0.8928074404563479
bbec2c5e516da7beec51da808714eda2	Unassigned	0.4537162665908857
959b3e31dcc61b4a3cd542eac06a71f4	d__Bacteria	0.9999997627740411
4ddf1f272cf88e57272c40c34ce0568b	d__Bacteria	0.999999999983891
426221c42ba995c5ba7fac5dc0451055	Unassigned	0.4396729204095631
0d10fe8a4e734b58db02c87b9bdb58a2	Unassigned	0.3269586360955624
709f9baf7a26a7ad995989eeb6e74bc5	Unassigned	0.45016413609189776
e80e28be316962401b567d542a580130	Unassigned	0.3829612596596834
781ea952dbc45f6c2aa9c5e60ff74a95	d__Bacteria; p__Bacteroidota; c__Kapabacteria; o__Kapabacteriales; f__Kapabacteriales; g__Kapabacteriales; s__uncultured_bacterium	0.9730326974800568
3810e2a7f4798b7fa6e1bd0913d5be88	d__Bacteria; p__Myxococcota; c__Polyangia; o__Blfdi19; f__Blfdi19; g__Blfdi19; s__uncultured_bacterium	0.9407046803599393
d9e7a85e738d78db61d9f3f8f8df8b0e	d__Bacteria	0.7423362101397991
f8de8a1082015a2af029d4cb09defc11	d__Archaea; p__Halobacterota	0.9999736622037768
41eb12dcf6d8f50f00143dacc10e6567	d__Bacteria; p__Bacteroidota; c__Bacteroidia; o__Bacteroidales	0.9821171146007687
a5b0acde059592923878512f198ce592	d__Archaea; p__Halobacterota; c__Methanomicrobia; o__Methanomicrobiales; f__Methanoregulaceae	0.9133559598958841
2ad0d100afcecab4e677f69c7a8493f3	d__Bacteria; p__Bacteroidota; c__Bacteroidia; o__Sphingobacteriales; f__Lentimicrobiaceae; g__Lentimicrobium; s__anaerobic_digester	0.8050036110166024
ecda1a4bede3e878384d68c9ca455393	Unassigned	0.4669144746397259
d3bbf1a523f2125cc56a693693ea88bd	Unassigned	0.4853527507685701
ab7f9b619ba83ad901676f75808528b3	d__Archaea; p__Halobacterota; c__Methanomicrobia; o__Methanomicrobiales; f__Methanocorpusculaceae; g__Methanocorpusculum	0.9992210670961568
c2afc7ef6c16c8c50d981605a1b8bb24	Unassigned	0.43392645933846063
9a1b446a4bac04e6f7b83ca1dee86179	d__Bacteria; p__Firmicutes; c__Incertae_Sedis; o__Incertae_Sedis; f__Incertae_Sedis; g__Gelria; s__uncultured_bacterium	0.9994953510925348
014c1bba426b05b17d051354bcb171a7	d__Bacteria; p__Verrucomicrobiota; c__Verrucomicrobiae; o__LD1-PB3; f__LD1-PB3; g__LD1-PB3	0.9999992907282458
ebe2ff02e5c675d275377a7e3f5a245f	Unassigned	0.3810855526475957
0a4ec732e974a11466a8a6945f39ced3	Unassigned	0.5012620685812417
f4eb932dce727a941881f21605764dad	d__Bacteria; p__Firmicutes; c__Bacilli; o__Lactobacillales; f__Lactobacillaceae; g__Lactobacillus	0.9984591614327731
d359a12af494dd448ba68d9748fcb13d	Unassigned	0.5069299104711187
9dcbdcf020a7ba926d4fef268a07cc80	d__Bacteria; p__Firmicutes; c__Bacilli; o__Lactobacillales; f__Lactobacillaceae; g__Lactobacillus	0.9998398225375105
a1e08c9303461c902019d1f118690a65	d__Bacteria	0.9999999997983087
6ef2673337f663542d301260521a84ad	d__Archaea; p__Crenarchaeota; c__Nitrososphaeria; o__Nitrososphaerales; f__Nitrososphaeraceae; g__Candidatus_Nitrocosmicus; s__Candidatus_Nitrocosmicus	0.8328962564944793
6172b8f4f3b1492d1796660daf02bafb	Unassigned	0.4432296664230655
87fa221354dead4e35272bbfdeb0a54d	Unassigned	0.693937385006915
3407bf07dd6b34cc22f30e12989c5ca6	Unassigned	0.3668885261069611
fd2ec1a1ef93ef697686ed55d4f78e8c	Unassigned	0.945551214142718
5963301f522a6ee79e4d723392ced3b7	d__Archaea; p__Halobacterota; c__Methanomicrobia; o__Methanomicrobiales; f__Methanospirillaceae; g__Methanospirillum	0.9969878745541255
7390c3c3eb5eaaccd5dbb8619e2592a0	d__Bacteria	0.7508948118810937
0be0838210bb9627ac11cc07e6b574f3	Unassigned	0.4140648695989123
9a13e5e04ecaf5c4bce6bef0a3c16ce9	d__Archaea; p__Halobacterota; c__Methanomicrobia; o__Methanomicrobiales; f__Methanocorpusculaceae; g__Methanocorpusculum	0.9982541929930325
191bb1c670a30df7625668b727e4372e	Unassigned	0.4801096928817853
4dc8d9da5bc5c62eace4867e6a6d3b5f	Unassigned	0.6139812387689283
f53b56032d67da094ed3aa0c50b807ee	d__Bacteria; p__Bacteroidota; c__Bacteroidia; o__Bacteroidetes_VC2.1_Bac22; f__Bacteroidetes_VC2.1_Bac22; g__Bacteroidetes_VC2.1_Bac22; s__uncultured_bacterium	0.9998461199074618
8e6c156fcd8972347f43696bfe3193cb	Unassigned	0.4040542483895536
be8f9368b1f07fa1d80129941190b076	Unassigned	0.4133179410076655
7fa471f0e44a9f5e10a0a0706b426280	d__Bacteria; p__Acidobacteriota; c__Vicinamibacteria; o__Subgroup_17; f__Subgroup_17; g__Subgroup_17; s__metagenome	0.9740286034811021
94eb5fbe4c42c4ae3bd6f495a9edb17c	Unassigned	0.36028202507913665
acf4046212d30c1239b4c990b34b66e9	Unassigned	0.6318459990488667
b817efcefe32c39f9def9832b787a061	d__Eukaryota	0.8175734318989822
28c4e4af71aa5dc35a6d360d2762ac0d	d__Eukaryota	0.718923865647813
b18dbd21792178fc66fb1699bb56864e	d__Bacteria; p__Firmicutes	0.7485364057937695
74321266677d9f3836c213a6894488bc	Unassigned	0.5205229287077088
c607672095d9962a1164654e5d410813	Unassigned	0.9641808708497024
2f2645249e541124985993cb5d46d7f6	d__Bacteria; p__Firmicutes; c__Clostridia; o__Peptostreptococcales-Tissierellales; f__Peptostreptococcaceae; g__Tepidibacter; s__uncultured_Gram-positive	0.9995955901201046
642df512f09132a49d0a7d1658038f37	d__Archaea; p__Halobacterota; c__Methanomicrobia; o__Methanomicrobiales; f__Methanomicrobiaceae	0.7118019088990762
64ddb046f7805cdb8648fcf728927dbc	d__Archaea; p__Halobacterota; c__Methanomicrobia; o__Methanomicrobiales; f__Methanoregulaceae; g__Methanosphaerula; s__uncultured_Methanosphaerula	0.953276892483345
bc3c48ce771a72283e4fc40cad801195	d__Bacteria; p__Acidobacteriota; c__Thermoanaerobaculia; o__Thermoanaerobaculales; f__Thermoanaerobaculaceae; g__Thermoanaerobaculum	0.9640624090729472
5125593219afa2e8c284aa1fae0b9db3	d__Archaea; p__Crenarchaeota; c__Nitrososphaeria; o__Nitrososphaerales; f__Nitrososphaeraceae; g__Candidatus_Nitrocosmicus; s__Candidatus_Nitrocosmicus	0.7463114906817592
0e3fc91e35dcefb820c46aa8ce9399e2	Unassigned	0.4220149584824795
b25d652c2d4749a6bab3e312ad6ac3f3	Unassigned	0.9810642842419013
11a257cae2c69ab5340044c5d5806b5f	d__Bacteria; p__Acidobacteriota	0.8183589723364167
96e08d66878d571cc8fae9df81aed166	d__Archaea; p__Halobacterota	0.9999962059944326
e30c3b1327613caa4797945f520413d1	Unassigned	0.446983665230936
b57e892a5b7e1ac71f9b26ee561700a7	d__Archaea; p__Halobacterota; c__Methanomicrobia; o__Methanomicrobiales; f__Methanoregulaceae; g__Methanoregula	0.8155682449379138
21ca48eb53a5e5e6dc83b50fe01c13e4	Unassigned	0.3438793680471878
02f66eb7513c0dc9d4dff21c0c6b02d5	Unassigned	0.9629524860269898
6065d6a79bdfec062a1f7c0d358a7b3a	Unassigned	0.30567526424477887
5c7c902efcce2220fbb626ba4599bd1e	Unassigned	0.40117004667486167
35a527be15998b5fb5eba7d0a05c93be	d__Bacteria; p__Sumerlaeota; c__Sumerlaeia; o__Sumerlaeales; f__Sumerlaeaceae; g__Sumerlaea	0.9670189679625883
39727950ca0afec173c31bd81058c315	Unassigned	0.3603750070152162
a7c069fae1edb84808ef176e416df57e	Unassigned	0.7711325745358886
390f0296cfe56037a0801c583b02cb7f	Unassigned	0.4013342305525557
91929d70c63eb2ff5ea91951b319aa87	Unassigned	0.4922946229824552
801a450ce824159c6043ae97709004ae	Unassigned	0.3303411477336843
a27cbb91532d50f16b1d58a5f82f839e	Unassigned	0.560240548177976
2174fba352d0ce45511142b9b007bb46	Unassigned	0.35084601824529116
becae418541c169085a1f141246ac436	Unassigned	0.5493928077096883
76387899c05da870ec6fa5a34562fee3	Unassigned	0.32300990718798317
cfa8d57e2ae0d23396e05d44b05e4f74	d__Bacteria	0.9965127244750897
e8acaf90749ae8863d1ef018e2f292aa	d__Bacteria; p__Acidobacteriota; c__Vicinamibacteria; o__Vicinamibacterales; f__Vicinamibacteraceae; g__Vicinamibacteraceae	0.8646105965916134
b3b37f7f6d72e94dadc350be5701312b	Unassigned	0.30176648636402936
3f33b6eb90491179a6065b7c2a4a7cd5	d__Bacteria; p__Acidobacteriota; c__Vicinamibacteria; o__Vicinamibacterales; f__Vicinamibacteraceae; g__Vicinamibacteraceae	0.9995510789769524
6d565ba3f9adf2895048db6c55184df4	d__Bacteria; p__Bacteroidota; c__Bacteroidia; o__Bacteroidales; f__Tannerellaceae	0.9736861665960006
4fcd09b17dd3fedc2f2f89f015094f9e	d__Bacteria; p__Bacteroidota; c__Bacteroidia; o__Bacteroidales; f__Rikenellaceae; g__DMER64	0.7040556760501059
04998277a1f8bbeb541f5868de882701	d__Bacteria; p__Bacteroidota; c__Bacteroidia; o__Bacteroidales; f__Tannerellaceae; g__Macellibacteroides	0.7700178281388941
7fe6dd596ca1535f14e398d392af5ec9	d__Bacteria; p__Acidobacteriota; c__Blastocatellia; o__DS-100; f__DS-100; g__DS-100	0.9822058764949779
2b329e5f5daf1bb87013bd3e4f97754b	d__Bacteria; p__Acidobacteriota; c__Vicinamibacteria; o__Subgroup_17; f__Subgroup_17; g__Subgroup_17	0.8019183149329746
ff8fa1dbc128bd6dbc4e78873fe59a40	d__Bacteria	0.999999999101505
8948fcb91aa853d9ab16ba900e6e25f0	d__Bacteria; p__Bacteroidota	0.9997820218052993
057ca2ea379c0588dd5b944542db144e	Unassigned	0.4668886197522195
72491555045dcbc05e9ec063d705fb34	d__Archaea; p__Halobacterota; c__Methanomicrobia; o__Methanomicrobiales; f__Methanomicrobiaceae; g__Methanoculleus	0.7534564933422273
3394c6c4345d700e4d8a980684387e5c	Unassigned	0.46528525096880813
1aab8c88eb1014f55a5cdd3949fee641	d__Bacteria; p__Bacteroidota; c__Bacteroidia; o__Bacteroidales; f__Rikenellaceae	0.9999796427612329
b72f71fb8658c782174eb8581e7622ea	Unassigned	0.5316415437121627
6a0d60770025b06d11c4b6e6854daf15	d__Archaea; p__Halobacterota	0.9999999890649991
baa321702b4873c1e95c93ef0a551b1c	Unassigned	0.3942375174388216
27b46ff314650b2a6c4a5720163ff494	d__Bacteria; p__Bacteroidota; c__Bacteroidia; o__Bacteroidetes_VC2.1_Bac22; f__Bacteroidetes_VC2.1_Bac22; g__Bacteroidetes_VC2.1_Bac22; s__uncultured_bacterium	0.8810913277953456
1e94f8e621728cc0767bae215cab3123	d__Bacteria; p__Bacteroidota; c__Kapabacteria; o__Kapabacteriales; f__Kapabacteriales; g__Kapabacteriales	0.9999830547916522
f6440e749ce75463b12cee54693d13ff	Unassigned	0.3849752100524374
2dc3f2dfa81f4ae33555a4bde232543b	Unassigned	0.5284559357497594
86cbad4c736c177ef4598aa45d4b654a	Unassigned	0.5153294836506777
3cbaa8933bbc1c15dd3f9165bfb65382	Unassigned	0.3663545743437828
d3ea7e25ef5c1cf712e637682bd64e03	Unassigned	0.948575462324139
9486c9bb7aa0109797815387839b95a4	d__Bacteria; p__Acidobacteriota; c__Vicinamibacteria; o__Vicinamibacterales; f__Vicinamibacteraceae; g__Vicinamibacteraceae	0.938247982845489
5fcc7525f53d3d6c3223b2fe0c39d809	d__Archaea; p__Crenarchaeota; c__Bathyarchaeia; o__Bathyarchaeia; f__Bathyarchaeia; g__Bathyarchaeia	0.9999999097258226
4e320397f2b43a19defe4973d40a86eb	Unassigned	0.5558281874044018
af20ad0c1f00207e012046541c4c0fc2	Unassigned	0.43767172097873597
42fced5f630d0eeba13c96a200665ae2	Unassigned	0.9700991364455273
4581a02ad820cf69738c2f7810ca6fe6	d__Bacteria; p__Bacteroidota; c__Kapabacteria; o__Kapabacteriales; f__Kapabacteriales; g__Kapabacteriales	0.9500312922848421
b9da682dec1794b0bef13ac5d0f6e3e2	d__Archaea; p__Crenarchaeota; c__Nitrososphaeria; o__Nitrososphaerales; f__Nitrososphaeraceae; g__Candidatus_Nitrocosmicus	0.9503494110483548
620157b5cf15ab534d6535d667afc487	Unassigned	0.451559832557468
4a77f6abbc2c145ccbc6e7af8e4ed2c3	d__Bacteria; p__Bacteroidota; c__Kapabacteria; o__Kapabacteriales; f__Kapabacteriales; g__Kapabacteriales	0.9999999685566093
2fcea63d2892eac38438fda23005cb15	Unassigned	0.5714476237020615
e2529440647ceafcc3c56a792fdfae1b	Unassigned	0.4377297805778685
a2a73c85b0317e519f7c3c3da01ecbd2	Unassigned	0.5516403208136104
69b0162c6218bca59787af72ccaf46bb	Unassigned	0.4358099305931563
314712bd3997cb852a146a851d9a1495	d__Bacteria; p__Bacteroidota; c__Bacteroidia; o__Bacteroidales; f__Tannerellaceae; g__Macellibacteroides; s__uncultured_Bacteroidetes	0.7162166093809293
ea1c83efc57248c5fdc389269fde975b	d__Bacteria	0.9999999959684355
fcb63b92f8d1080e06552990b9461631	d__Eukaryota	0.7485394981400645
a066542d875534de3cf2d42ba0b530bd	d__Bacteria	0.7063397414899153
ef2e3567b4f7095605c558e7e0b0d3d1	d__Bacteria; p__Bacteroidota; c__Bacteroidia	0.999994588612523
ac29c8e5fc02f5250cfb1a9f661c04b0	d__Eukaryota	0.7545847382298045
52529ef2b8e225ad9252ea497eaf1412	Unassigned	0.4623606387085283
cc5ad6e0b0dd64b3c19a105bfa00900d	d__Bacteria; p__Bacteroidota; c__Bacteroidia; o__Bacteroidales; f__Rikenellaceae; g__uncultured	0.8965536120116484
029d87c7adeab6fcba6cc626aa748ebd	d__Eukaryota	0.860446839573781
fb05d8a1589641eed2ea7beef38893f5	Unassigned	0.4470569267616109
7b0aafa27142f4c3813dfa9356b6ecfa	d__Archaea; p__Halobacterota	0.9999973930803314
5ac4a19c67cd6287467323d578eb358d	d__Bacteria; p__Bacteroidota; c__Bacteroidia; o__Bacteroidales; f__Williamwhitmaniaceae; g__Blvii28_wastewater-sludge_group; s__uncultured_bacterium	0.9951939159474794
30c3b1e746d177517cdae225f5f1862e	Unassigned	0.335062056902125
c8979cb3050524c832dacefa4cd05471	Unassigned	0.3149966577778719
08da6e82eaccf241eff9b2a1ede8bd8c	d__Bacteria; p__Cyanobacteria	0.7268933919655851
2f50a1cb33797e08274212dd0264634a	d__Bacteria	0.7225490481286472
02a603100a39436e912efd47517335e5	d__Bacteria; p__Bacteroidota; c__Bacteroidia; o__Sphingobacteriales; f__AKYH767; g__AKYH767; s__Bacteroidetes_bacterium	0.7985391746360218
1ec0240c39bbf04ca205f96c587c28cf	Unassigned	0.4283994899684036
a081b8614af6973f7bc3dfcd7de02f36	Unassigned	0.5944587092401106
33638ba091546c6e862bd5aa19f78996	Unassigned	0.48648149128505835
cec261c048c1df0fa1b0976a1608042d	Unassigned	0.33924104180357617
025033f2d04b501196774926c643a174	d__Bacteria; p__Acidobacteriota; c__Thermoanaerobaculia; o__Thermoanaerobaculales; f__Thermoanaerobaculaceae; g__Thermoanaerobaculum; s__metagenome	0.9738525946100323
3f2a2ddea28d83ed375aa336f35957ee	d__Bacteria; p__Acidobacteriota; c__Acidobacteriae; o__Acidobacteriae; f__Acidobacteriae; g__Paludibaculum	0.9942743986674739
69f2f019cbdb6ce7eaa5ffbd58569b9e	d__Archaea; p__Euryarchaeota; c__Thermococci; o__Methanofastidiosales; f__Methanofastidiosaceae; g__Candidatus_Methanofastidiosum	0.8474183355159346
84efede707aabf004ff9351859335765	Unassigned	0.398324454356756
b34d0c56117b4562ca979c8ded8ffc60	d__Bacteria; p__Bacteroidota; c__Bacteroidia; o__Sphingobacteriales; f__ST-12K33; g__ST-12K33; s__metagenome	0.8549709932334613
9425330782b47b52818193cf6259cf0a	d__Bacteria; p__Acidobacteriota; c__c5LKS83; o__c5LKS83; f__c5LKS83; g__c5LKS83; s__uncultured_bacterium	0.9730664163812917
94daac8b0c9e422e288e940bb9b4d6a2	Unassigned	0.3699413717190786
b581ee560bceffe5e23da6767f6eff73	Unassigned	0.986652602366165
015e87eba54ca8d2afa52d066164a6c9	Unassigned	0.43466480575348754
23a50950cda7268d36504982f92895dd	d__Bacteria; p__Bacteroidota; c__Bacteroidia; o__Bacteroidales; f__Bacteroidetes_vadinHA17; g__Bacteroidetes_vadinHA17; s__uncultured_bacterium	0.8409169812484686
a275058957d303796cf16fdad8cbaf95	d__Archaea; p__Euryarchaeota; c__Thermococci; o__Methanofastidiosales	0.9699458123276153
1f43696a92375c6d4f1bbd00a314fed4	d__Eukaryota	0.8343910263214257
880cef607a4b3a4688bd445a447de7a9	Unassigned	0.7257194007243721
4edc70f6d98806b576dbfe44f839cfcb	d__Bacteria	0.9999999999998422
3e23a3392f2efec5f89597661ced240b	Unassigned	0.9369151429131878
5e5accef94af6a205f564c091d578afe	Unassigned	0.3354992534922354
079435cf8868f360ca55e70a8c8d6b1c	Unassigned	0.984886974548792
657ff6e910738f96c956d9014ec1d8dd	d__Bacteria; p__Bacteroidota; c__Kapabacteria; o__Kapabacteriales; f__Kapabacteriales; g__Kapabacteriales; s__uncultured_bacterium	0.7721012642498893
388a38c9cc086b822c08067ef1678cdb	Unassigned	0.41194672853971104
d73fed6bdbdada1990dfed1f1fee9540	Unassigned	0.48003518548073154
b7ff5970a12b33663be59955c3f5f81b	d__Archaea; p__Halobacterota; c__Methanosarcinia; o__Methanosarciniales; f__Methanosaetaceae; g__Methanosaeta	0.9993281183930642
6755e29c0a4d4d7a82abf87acd656bb1	d__Archaea; p__Halobacterota; c__Methanomicrobia; o__Methanomicrobiales; f__Methanomicrobiaceae	0.7312427310534535
c5a2ac52e85b2dddc9dea82661f66d3c	d__Archaea; p__Halobacterota	0.9999999982764628
2623694406fc7acf5c25e224178d64e5	Unassigned	0.9816744506158787
01d237b5f86d224f29ebdbc1bd9c44f5	d__Bacteria; p__Elusimicrobiota; c__Elusimicrobia; o__MVP-88; f__MVP-88; g__MVP-88; s__uncultured_bacterium	0.9947354569761336
9cc4c1abe52c80e1e146f16877073482	d__Bacteria; p__Bacteroidota; c__Bacteroidia; o__Chitinophagales; f__Saprospiraceae; g__uncultured; s__uncultured_Saprospiraceae	0.9696190912683641
024708a7a599a4e25bf8547d11b49048	Unassigned	0.33347967931197275
07c4f5ebad9cbd80e3bb11b1f20e442f	d__Bacteria; p__Bacteroidota; c__Bacteroidia; o__Bacteroidales; f__Tannerellaceae; g__Macellibacteroides	0.9091465092957938
d079b51e0ae4e40cb2641a577e92be1a	Unassigned	0.5798119207566055
3cab7e98cfc61c647447149d9f160df7	d__Bacteria; p__Acidobacteriota; c__Aminicenantia; o__Aminicenantales; f__Aminicenantales; g__Aminicenantales; s__uncultured_soil	0.9410360411079942
83080f1241549c012782a41bd0abe7a4	d__Bacteria; p__Acidobacteriota; c__Aminicenantia; o__Aminicenantales; f__Aminicenantales; g__Aminicenantales	0.9999561373471664
a20cbe82c8b8e734d49adf5ccef975de	d__Bacteria; p__Acidobacteriota	0.995283634856823
f9b277271d97d821505a627f986894e7	d__Archaea; p__Euryarchaeota; c__Methanobacteria; o__Methanobacteriales; f__Methanobacteriaceae; g__Methanobacterium; s__Methanobacterium_beijingense	0.7384893157106224
65f1c9dd27a292ae881c64ec84f9b672	Unassigned	0.5929245827162942
d10b8d022537f8f8402c3b5002339a17	d__Bacteria	0.9999999999969077
f70620ca1d05ec55d77d5c732d8f3210	Unassigned	0.4500105769967626
891941508baac4523d94eddf52ba3062	Unassigned	0.9019548699985276
05b25186abc15772004141bd6ece5541	Unassigned	0.5495255246213666
3b6a25d2f91c8b19e900ab16d8e84be5	d__Bacteria; p__Bacteroidota; c__Bacteroidia; o__Sphingobacteriales; f__ST-12K33; g__ST-12K33; s__metagenome	0.9913571510655617
cd8b2bb794dbea4979030791ccb534ad	d__Bacteria; p__Acidobacteriota; c__Vicinamibacteria; o__Vicinamibacterales; f__Vicinamibacteraceae; g__Vicinamibacteraceae	0.9997120091982789
1a1e1f5359839f56b2c60a4f17a85327	d__Bacteria; p__Acidobacteriota; c__Thermoanaerobaculia; o__Thermoanaerobaculales; f__Thermoanaerobaculaceae; g__Subgroup_10; s__metagenome	0.9606965541315261
0977969fbda909cfe33508861fc9d617	d__Bacteria	0.9999999999850859
a8197113a607f2815fe79475f727f957	Unassigned	0.36786267253074856
66f623c39a999f73143317ede50a697c	d__Bacteria; p__LCP-89; c__LCP-89; o__LCP-89; f__LCP-89; g__LCP-89; s__uncultured_bacterium	0.703418618424653
f3cb41907577c582f5546f883592ed37	d__Bacteria	0.9982513693449665
685fd3a41e0519796f4648d692fe9b9f	Unassigned	0.4091970810968828
86fdbd6a20763338230a7670867346fd	d__Bacteria; p__Sumerlaeota; c__Sumerlaeia; o__Sumerlaeales; f__Sumerlaeaceae; g__Sumerlaea; s__uncultured_organism	0.9359512713568794
6bbaeefd2081afbc0c7f8c2da37f68e8	d__Bacteria; p__Bacteroidota; c__Bacteroidia; o__Bacteroidales; f__Rs-E47_termite_group; g__GWE2-42-42; s__metagenome	0.9432575179701225
811536afa79a5eca1b2edf597f4af9e5	d__Bacteria	0.9863679499864307
a7b5a9ed234a2ec61a2b707fc1fc6750	d__Bacteria; p__Acidobacteriota; c__Thermoanaerobaculia; o__Thermoanaerobaculales; f__Thermoanaerobaculaceae; g__Subgroup_10	0.7040428870768632
168441dfed79487d806bbd7dbf872882	d__Bacteria; p__Spirochaetota; c__Leptospirae; o__Leptospirales; f__Leptospiraceae; g__RBG-16-49-21; s__uncultured_Leptospira	0.7365184658992535
45202e6a6a7a17c66a5dbd64e4ef8548	d__Bacteria; p__Acidobacteriota; c__Holophagae; o__Holophagales; f__Holophagaceae; g__uncultured; s__uncultured_Acidobacteriaceae	0.9920075413015562
889bbba70d377fb912fdd1e9ce3a4180	d__Bacteria; p__Bacteroidota; c__Bacteroidia; o__Chitinophagales; f__Saprospiraceae; g__uncultured	0.999775651128062
e14af0cdef37eeb25ce38f696bb9ca5c	d__Bacteria; p__Acidobacteriota; c__Aminicenantia; o__Aminicenantales; f__Aminicenantales; g__Aminicenantales	0.984633090893601
7789b26585c4b9b2c3ee9789a46fdbf3	d__Archaea; p__Micrarchaeota; c__Micrarchaeia; o__Micrarchaeales; f__Micrarchaeales; g__Micrarchaeales	0.9999998848585386
6f44cf8b56f684d390b6ddf1ba4cf0f4	d__Bacteria	0.9999999998452865
82b21acb4dadf85fa58a7955fc693f89	Unassigned	0.6616416742313475
f169fe1389435901be1fda1b9119b393	d__Bacteria; p__Bacteroidota; c__Bacteroidia; o__Bacteroidales; f__PeH15; g__PeH15; s__uncultured_Bacteroidetes	0.9992250050785171
35c8db6a22512c917004aee13abaeeb2	d__Bacteria	0.9999999980280908
33ea7c3ac1ca59523f9184de366379ae	d__Bacteria; p__Acidobacteriota; c__Vicinamibacteria; o__Subgroup_17; f__Subgroup_17; g__Subgroup_17; s__Acidobacteria_bacterium	0.9312076720041377
2d9ae9a56e0aa5535f996e7fdc2334fd	d__Bacteria; p__Sumerlaeota; c__Sumerlaeia; o__Sumerlaeales; f__Sumerlaeaceae; g__Sumerlaea; s__uncultured_organism	0.7281556399251379
8961330da8a3b712026f8eb8c77ebc6f	d__Bacteria	0.9999999999854471
04c98182d54807aaa13db40e8be5f67a	Unassigned	0.43647190460978147
5062303ae93cf355fee00d326b951b1b	Unassigned	0.5364975692319177
fbe760b331394ea330a72d689ff57f3a	d__Bacteria; p__Bacteroidota; c__Bacteroidia; o__Bacteroidales; f__Rikenellaceae; g__Anaerocella; s__uncultured_bacterium	0.9881118628543383
34f3c8e25284db926f06870a96f9678a	d__Bacteria; p__Acidobacteriota; c__c5LKS83; o__c5LKS83; f__c5LKS83; g__c5LKS83; s__uncultured_bacterium	0.8427317661316657
f7d4bc999756b26ee08e10183db4084d	Unassigned	0.48190598171974286
6fce97e6b85bf66283fb21ca89872d67	Unassigned	0.6351841581224311
f65a8b2e5a1fd790e610563be7271d93	d__Bacteria; p__Spirochaetota; c__Leptospirae; o__Leptospirales; f__Leptospiraceae; g__RBG-16-49-21; s__metagenome	0.7767916663069029
0d72c54581ef24a73d2646391ee39b50	d__Bacteria; p__Bacteroidota; c__Bacteroidia; o__Bacteroidales; f__Prevotellaceae; g__Prevotella; s__Bacteroidales_bacterium	0.7939560332246292
347c15f8775e2a1e04b00054fcedec7c	d__Eukaryota	0.7442218300131677
98235dec062e9369d9b898707b137ec2	d__Bacteria; p__Bacteroidota; c__Bacteroidia	0.9999996063329551
4a0c56a66c5fd28708e9c57ac9fd3ff9	Unassigned	0.30247233909314886
5a155be5448bad64580a5e542d2f5776	d__Bacteria; p__Actinobacteriota; c__Actinobacteria; o__Propionibacteriales; f__Propionibacteriaceae; g__uncultured; s__uncultured_Actinomycetales	0.9976552190804746
bf06c6ff5d8279a98a34ec0d30643291	d__Bacteria; p__Acidobacteriota; c__Aminicenantia; o__Aminicenantales; f__Aminicenantales; g__Aminicenantales	0.7228511972748888
a55d53f645898f463fef045692138cb5	Unassigned	0.40025972505214114
0b7d7f21486611d0f0afd5c24544134c	d__Bacteria; p__Firmicutes; c__Incertae_Sedis; o__DTU014; f__DTU014; g__DTU014	0.7484859355625555
ff2c60193b9b9887db1798a041912fc5	Unassigned	0.3278592803691508
62dac6cc9305f7aa2f37af5ed579e619	d__Bacteria; p__Acidobacteriota; c__Thermoanaerobaculia; o__Thermoanaerobaculales; f__Thermoanaerobaculaceae; g__Thermoanaerobaculum	0.9851764132371901
9e42e515c07b8fbf1240459b25e5501a	d__Bacteria	0.9999999996697659
80ffda4cbc0383c701d2ad587ed532a3	d__Archaea; p__Halobacterota; c__Methanosarcinia; o__Methanosarciniales; f__Methanosarcinaceae; g__Methanosarcina; s__uncultured_bacterium	0.8335586085196739
add525df8eb293bedfc9757b0fb13adf	Unassigned	0.9810751969389045
9f974167f1461475b174321d245bba22	d__Archaea; p__Halobacterota	0.9963598847596482
79069ca8b64477317c2f79c0ff657bcd	d__Bacteria; p__Bacteroidota; c__Bacteroidia; o__Bacteroidales; f__Rikenellaceae	0.9804633500047808
99548c369e427acddd284bd2e8aa89ca	d__Bacteria; p__Bacteroidota; c__Bacteroidia; o__Chitinophagales; f__Saprospiraceae; g__Membranicola	0.8875208709973774
f2bbf071386af861f3bfb23a1a3690dd	Unassigned	0.5056165420022769
db892912dc9aead2192bb3934f306c7b	d__Bacteria; p__Bacteroidota; c__Bacteroidia; o__Bacteroidales; f__Prevotellaceae; g__Prevotella; s__Bacteroidales_bacterium	0.8970596139069523
3fd46878b2ae5f1c8e972347bcc3e4a2	d__Bacteria; p__Fibrobacterota; c__Fibrobacteria; o__Fibrobacterales; f__Fibrobacteraceae; g__Fibrobacter	0.9999999575074391
a7f8597bbf8429af107aba8c7ed99720	d__Bacteria; p__Acidobacteriota	0.9917028024216891
7b5d4b253ec9ad83418be3804974c508	d__Archaea	0.9999999999396803
adc9d2114a18cb128e5fb536ae341c91	d__Bacteria; p__Bacteroidota; c__Bacteroidia; o__Bacteroidales; f__Rikenellaceae; g__Rikenellaceae_RC9_gut_group; s__uncultured_prokaryote	0.958327645589228
a614175c26f840a277a16d5455accebd	d__Archaea; p__Crenarchaeota; c__Nitrososphaeria; o__Nitrososphaerales; f__Nitrososphaeraceae; g__Candidatus_Nitrocosmicus; s__Candidatus_Nitrosocosmicus	0.8823206338591923
bc240b718dbdd18f99f5e2002dc4cae0	Unassigned	0.4413100701648045
84a0d61a6a7bacacf71174c6d9b9260f	Unassigned	0.34872147927704855
f2981893774134aba7c4843a30cd761c	d__Bacteria; p__Proteobacteria; c__Gammaproteobacteria; o__Cellvibrionales; f__Porticoccaceae; g__C1-B045; s__uncultured_sulfur-oxidizing	0.7414784558058154
82f572494401d8af7a44477548b808f3	d__Bacteria; p__Acidobacteriota; c__Aminicenantia; o__Aminicenantales; f__Aminicenantales; g__Aminicenantales; s__metagenome	0.7550216214716831
7200f7b499b5f0746357166ce1229997	d__Bacteria	0.9999999998932719
2226fc039989d1affb4fc3d68e4a18ec	d__Archaea; p__Halobacterota; c__Methanomicrobia; o__Methanomicrobiales; f__Methanoregulaceae; g__Methanolinea	0.9652108185448681
3d23a5ef632bd2fc070fe47c950bd730	d__Bacteria; p__Bacteroidota; c__Bacteroidia; o__Bacteroidales; f__Dysgonomonadaceae	0.858136347535936
5f2aab4b284233cbd2d8c21489905822	d__Archaea	0.9999999999812482
5912fd41424b0547662f3021f2264481	d__Eukaryota	0.7543978245594313
c678b348efc245f5ab06365feca6cf5f	d__Bacteria; p__LCP-89; c__LCP-89; o__LCP-89; f__LCP-89; g__LCP-89; s__uncultured_bacterium	0.9720612299952448
8b523d40ac202bb1ca2260d63d7852f0	d__Archaea; p__Halobacterota; c__Methanomicrobia; o__Methanomicrobiales	0.9873518987021064
7544589d46be98668153dc33a7c7be6f	d__Bacteria; p__Acidobacteriota; c__Thermoanaerobaculia; o__Thermoanaerobaculales; f__Thermoanaerobaculaceae; g__Subgroup_10	0.999991295992641
e2646e2ff5e1c6b603e1f4e7ce4e106d	Unassigned	0.3357069888521895
e8261ab3aeab018907830cb190a318b5	d__Bacteria	0.9999999999955234
841280956d89a83ec0584d1133e040f0	d__Archaea; p__Halobacterota; c__Methanomicrobia; o__Methanomicrobiales; f__Methanoregulaceae	0.9567986691283171
833e91b39ee68fb92f7b7627ba06f12e	Unassigned	0.4031169607231775
1815a7cba92c20885abd01d2f27c942b	Unassigned	0.4786201455272767
c292adc5c7a2318de7191af693eff542	d__Archaea; p__Halobacterota; c__Methanomicrobia; o__Methanomicrobiales; f__Methanomicrobiales; g__uncultured	0.9260708666956776
d9963d7c5f617b1b6b3a67e54d315274	d__Bacteria; p__Firmicutes; c__Limnochordia; o__MBA03; f__MBA03; g__MBA03	0.7310864865388504
2283dbbd948bce0ff6295034ef65d619	d__Archaea; p__Halobacterota	0.8795030763886234
b7fdc4b8b3a2eab6460d9cfbc611fb54	d__Archaea; p__Thermoplasmatota; c__Thermoplasmata; o__Methanomassiliicoccales; f__Methanomethylophilaceae	0.9151648852618598
5a06659d07aaeaf59c24d6f984cddc73	d__Bacteria; p__Bacteroidota; c__Bacteroidia; o__Bacteroidales; f__Rikenellaceae	0.9443319432313034
1a9795b67ec99854bed8a9cd069bdf01	d__Bacteria; p__Bacteroidota; c__Kapabacteria; o__Kapabacteriales; f__Kapabacteriales; g__Kapabacteriales	0.915731711729123
6954647bbebe4b3eb8f814c1d143449a	d__Bacteria; p__Bacteroidota; c__Kapabacteria; o__Kapabacteriales; f__Kapabacteriales; g__Kapabacteriales; s__uncultured_bacterium	0.9999270370114822
5d09320c2aff01d131b1ec32af17573d	d__Bacteria; p__Sumerlaeota; c__Sumerlaeia; o__Sumerlaeales; f__Sumerlaeaceae; g__Sumerlaea	0.9976545006808832
8c5eb3a9e024d8675e0c3e7ba8fc7ea6	d__Bacteria; p__Bacteroidota; c__Bacteroidia; o__Bacteroidales; f__Prevotellaceae; g__Prevotella; s__Bacteroidales_bacterium	0.8674762003222574
caa843043f16afeedef29446dfa4e9e4	d__Bacteria; p__Elusimicrobiota; c__Endomicrobia; o__Endomicrobiales; f__Endomicrobiaceae; g__Endomicrobium	0.9973425273920468
3068003474059e2b8545c0f7922df56e	d__Archaea	0.9999999999758779
31692b8e4834aefa76c95d6e5c47d619	d__Archaea; p__Euryarchaeota; c__Methanobacteria; o__Methanobacteriales; f__Methanobacteriaceae; g__Methanosphaera	0.9328952920399034
a7c7ff33ef27c5ff4bc216c12b71d41a	d__Eukaryota	0.7866590112464484
ae210a6ae302b002263627ff08a0a3ea	d__Bacteria; p__Bacteroidota; c__Bacteroidia; o__Sphingobacteriales; f__ST-12K33; g__ST-12K33; s__metagenome	0.9707219665277041
49193e0809ed68ad57958ae23c99f749	d__Bacteria	0.9880172939098147
afcd912cba5c62e58f17726041be7370	d__Bacteria; p__Acidobacteriota; c__Thermoanaerobaculia; o__Thermoanaerobaculales; f__Thermoanaerobaculaceae; g__Subgroup_10	0.7485606071453749
bafdbdd484c878561ac530bbc3e97da1	d__Bacteria	0.9999999978951682
81b57e08d9b6b75a4565f1ab997b2772	d__Bacteria; p__Elusimicrobiota; c__Elusimicrobia; o__MVP-88; f__MVP-88; g__MVP-88; s__metagenome	0.9428569565418166
404e17a490cd32317b6356767feb8e26	Unassigned	0.6823110166635851
de7bb5b0c7459b7c7b9a4d71a6eda10e	d__Bacteria; p__Acidobacteriota	0.7374762127892016
7ab8cfdae8491abf64f4f70c01679def	d__Bacteria; p__Sumerlaeota; c__Sumerlaeia; o__Sumerlaeales; f__Sumerlaeaceae; g__Sumerlaea; s__uncultured_deep-sea	0.9335031533686897
5ce7bbfbe4cabb4273569aebe4eeccb2	Unassigned	0.3102163749595225
27fa8d89c18482c018fe78f63cdb662b	Unassigned	0.3304700320320264
b3cd024f729b3c793b36516ca7320c47	d__Bacteria	0.9999999999465742
9e8025247903000aa19d24e8549a922a	d__Archaea; p__Halobacterota	0.998458518597324
fc60939d8935f3afc5528ad44ff495e6	d__Archaea; p__Euryarchaeota; c__Thermococci; o__Methanofastidiosales; f__Methanofastidiosaceae; g__Candidatus_Methanofastidiosum	0.9972592355425473
de8fa69e0cacab3a593a230c175cb590	d__Bacteria; p__Bacteroidota; c__Bacteroidia; o__Flavobacteriales; f__NS9_marine_group; g__NS9_marine_group	0.8184513191095064
439091099452c658d0f430e918c6d033	d__Archaea; p__Crenarchaeota; c__Methanomethylicia; o__Methanomethyliales; f__Methanomethyliaceae; g__Candidatus_Methanomethylicus	0.9999984655172917
6cd8f171a6c41aab2b77ea8e76636415	d__Archaea; p__Crenarchaeota; c__Methanomethylicia; o__Methanomethyliales; f__Methanomethyliaceae; g__Candidatus_Methanomethylicus	0.9997507574697985
80882e41b68c41fce86277e0c798bb97	Unassigned	0.5881165007500941
d98f188a0f2c91ecccb9c09e6b7a6770	Unassigned	0.4457836762824514
0de269d673b758c23494477a6ea569af	d__Bacteria; p__Firmicutes	0.7262670153497317
15132ef8955e88e14bf54dec7c439436	d__Bacteria; p__Bacteroidota; c__Bacteroidia; o__Sphingobacteriales; f__ST-12K33; g__ST-12K33; s__metagenome	0.9866525317085357
563f7b6af85113f11418f53b7c3815d6	d__Archaea; p__Halobacterota; c__Methanomicrobia; o__Methanomicrobiales	0.7091840471279601
528c267222d1f7eb3315e5f672a1fa4b	d__Bacteria; p__Acidobacteriota; c__Aminicenantia; o__Aminicenantales; f__Aminicenantales; g__Aminicenantales	0.9897970340249167
b89faffbeb6e735f4dbe507cac034858	d__Bacteria; p__Bacteroidota; c__Kapabacteria; o__Kapabacteriales; f__Kapabacteriales; g__Kapabacteriales	0.7777986957193141
a3a2e97699bda81117bfdef01b9c751b	d__Bacteria	0.9999999999993716
5253f5dd1caaee4ab7af338bfd12e837	d__Bacteria; p__Acidobacteriota; c__Holophagae; o__Holophagales; f__Holophagaceae	0.9980177387758847
328095ba6c0b7422fcfb6e01546aa55d	d__Bacteria; p__Acidobacteriota; c__Subgroup_18; o__Subgroup_18; f__Subgroup_18; g__Subgroup_18; s__uncultured_soil	0.994499333297872
da88e02303cefc55392e2769a974f7f1	d__Archaea; p__Crenarchaeota; c__Nitrososphaeria; o__Nitrososphaerales; f__Nitrososphaeraceae; g__Candidatus_Nitrocosmicus	0.8890506290492907
c3887f349c0ac41679499db9c5d3126a	d__Bacteria	0.9297178937695931
59e654ea677caefe33c48dcb1b7e4fd9	d__Bacteria; p__Bacteroidota; c__Bacteroidia; o__Sphingobacteriales; f__Lentimicrobiaceae; g__Lentimicrobium	0.9870785489587091
b227e903b0c00811ed26a433e1c5c01f	d__Bacteria; p__Bdellovibrionota; c__Bdellovibrionia; o__Bacteriovoracales; f__Bacteriovoracaceae; g__Peredibacter; s__uncultured_bacterium	0.9562843671903667
a83149247f99f9a7e544e826f1d76446	d__Bacteria; p__Acidobacteriota; c__Acidobacteriae; o__Bryobacterales; f__Bryobacteraceae; g__Bryobacter	0.7116199503225213
956dd1f7974cb3a390a9f0f5f4ce32f8	d__Bacteria; p__Acidobacteriota; c__Acidobacteriae; o__Bryobacterales; f__Bryobacteraceae; g__Bryobacter	0.8387089163351358
a0101ac9475632b918299605c510a82e	d__Bacteria; p__Acidobacteriota; c__Holophagae; o__Holophagales; f__Holophagaceae; g__uncultured; s__uncultured_Acidobacteria	0.9337215676382857
ee98ba7867e4c4c1fa104992388f0156	d__Bacteria; p__Bacteroidota; c__Kapabacteria; o__Kapabacteriales; f__Kapabacteriales; g__Kapabacteriales; s__metagenome	0.8025662225996959
c10d3765f26950071449f498630ebe71	d__Bacteria	0.9999999997733692
0dc013ddcf5aa00849f07d8729309d35	d__Bacteria; p__Bacteroidota; c__Bacteroidia; o__Sphingobacteriales; f__Lentimicrobiaceae; g__Lentimicrobium	0.992140333429629
3cfdee5ac3b2b778ad558eeb05847f64	d__Archaea	0.9999999965299335
320cb26b5e34b0667c1d3c2c492ccb61	d__Bacteria	0.9999999909597749
e18807837c3c6357c055ec6062d55486	d__Bacteria; p__Firmicutes; c__Thermacetogenia; o__Thermacetogeniales; f__Thermacetogeniaceae; g__Syntrophaceticus; s__Syntrophaceticus_schinkii	0.981193150972831
3d9f98b4b9b85232d3bf8256a300e49b	d__Bacteria	0.9999999999998164
8c3c96a6bcf6c30eb071fe827428a36d	d__Archaea; p__Halobacterota; c__Methanomicrobia; o__Methanomicrobiales; f__Methanoregulaceae; g__Methanosphaerula; s__uncultured_Methanosphaerula	0.8713179361177762
f0480c49eaa48b6793b9806da5c57ea1	d__Bacteria; p__Firmicutes; c__Syntrophomonadia; o__Syntrophomonadales; f__Syntrophomonadaceae; g__Syntrophomonas	0.7095996020053454
2ba12a7a656915028b49aea3772f8b3f	d__Archaea; p__Halobacterota	0.9999850255476443
9c1950ad3bf56f0f5f9b5635847ddd1c	d__Bacteria; p__Acidobacteriota; c__c5LKS83; o__c5LKS83; f__c5LKS83; g__c5LKS83; s__uncultured_bacterium	0.8390128973149608
265ecf10590b5c5fc0e4589ce26fa929	d__Archaea; p__Halobacterota; c__Methanomicrobia; o__Methanomicrobiales; f__Methanomicrobiaceae; g__Methanomicrobium	0.7468118343056002
e9093d758a3b82a3f0ceb000201db22b	d__Bacteria; p__Bacteroidota; c__Bacteroidia; o__Sphingobacteriales; f__Lentimicrobiaceae; g__Lentimicrobium; s__uncultured_bacterium	0.9471024035110792
ca1c7b0f789d0991a93a4b65360b6aff	d__Bacteria; p__Bacteroidota; c__Bacteroidia	0.9999995949203031
0ad1b59404bb05a1487ecbf75a9d4a37	d__Bacteria; p__Bacteroidota; c__Bacteroidia; o__Flavobacteriales; f__NS9_marine_group; g__NS9_marine_group; s__Bacteroidetes_bacterium	0.9138438718345451
ac6ab0a0389baf99d8ed3a35c8106b4c	d__Bacteria; p__Bacteroidota; c__Bacteroidia; o__Bacteroidales; f__Tannerellaceae; g__Macellibacteroides	0.811880369617645
6f2961450e158d34a47bf234750ae3e6	d__Archaea; p__Halobacterota; c__Methanomicrobia; o__Methanomicrobiales; f__Methanomicrobiales; g__uncultured	0.8216222144927827
78de2e9bc3b48f723d9abe73f48be546	d__Archaea; p__Halobacterota; c__Methanomicrobia; o__Methanomicrobiales; f__Methanospirillaceae; g__Methanospirillum	0.9387527353469209
0882f7e4ef6314acc73c2925be951736	d__Archaea; p__Crenarchaeota; c__Nitrososphaeria; o__Nitrososphaerales; f__Nitrososphaeraceae; g__Candidatus_Nitrocosmicus; s__Candidatus_Nitrosocosmicus	0.8583544667478459
f3d8c8727129da5e8eac040df128404b	d__Archaea; p__Halobacterota; c__Methanomicrobia; o__Methanomicrobiales; f__Methanomicrobiaceae	0.7523549520474485
67447571d4961bccf427d7050d4b1a46	d__Bacteria; p__Acidobacteriota; c__Acidobacteriae	0.98054003377432
b7fe75081eb7ba35be5aca41a9f43670	d__Bacteria; p__Bacteroidota; c__Bacteroidia; o__Sphingobacteriales; f__ST-12K33; g__ST-12K33; s__metagenome	0.9606038070858209
c3edf172d1d82ad3e543815ed2b206a5	d__Bacteria; p__Bacteroidota; c__Bacteroidia; o__Bacteroidales; f__Dysgonomonadaceae	0.9990654550224143
97efd87af35707fe608ca244f47b5a1e	d__Bacteria; p__Bacteroidota; c__Bacteroidia; o__Bacteroidales; f__Dysgonomonadaceae	0.9999606223673378
a825fefb4ca5848eb946cf9331a3752b	d__Bacteria; p__Bacteroidota; c__Bacteroidia; o__Bacteroidales; f__Dysgonomonadaceae	0.9983815128526584
05dde8fd72fb47b04e72a1c6f8b77fe5	d__Bacteria; p__Bacteroidota; c__Bacteroidia; o__Bacteroidales; f__Prevotellaceae; g__Prevotella; s__Bacteroidales_bacterium	0.8641248946151342
4282fe76b1fa56d9de89680af65a6913	d__Bacteria; p__Bacteroidota; c__Bacteroidia; o__Bacteroidales; f__Dysgonomonadaceae; g__Fermentimonas; s__uncultured_bacterium	0.9999226328458254
64ba94626c46d6cd42099df9fbd85bf2	d__Bacteria; p__Firmicutes; c__Dethiobacteria; o__Dethiobacterales; f__Dethiobacteraceae; g__uncultured; s__anaerobic_digester	0.8136167974145272
3b18402fdc208acef26592365beffdc0	d__Bacteria; p__Bacteroidota; c__Bacteroidia; o__Bacteroidales; f__Dysgonomonadaceae	0.9302034654284111
bd3d1b07f0fa325635065bc5fd219997	d__Bacteria; p__Bacteroidota; c__Bacteroidia	0.9999999034158175
db2e719cdc55af7967e8b8115f23fd12	d__Archaea; p__Euryarchaeota; c__Methanobacteria; o__Methanobacteriales; f__Methanobacteriaceae; g__Methanobacterium	0.9172429275396613
473e804fd03c3ef171eb10e5b47a88f4	d__Bacteria; p__Bacteroidota; c__Bacteroidia; o__Bacteroidales; f__Tannerellaceae; g__Parabacteroides; s__uncultured_Bacteroidetes	0.9786458404082413
75fb13396d6e36c712e4a94ec338afd2	d__Bacteria; p__Bacteroidota; c__Bacteroidia; o__Bacteroidales; f__Rikenellaceae	0.9975298305944827
cd4aee669965bfe4511c3cf82380601e	d__Bacteria; p__Spirochaetota; c__Leptospirae; o__Leptospirales; f__Leptospiraceae; g__uncultured; s__metagenome	0.9083847343303709
0106b7c2606adf64cd8bbc64910486e6	d__Archaea; p__Halobacterota; c__Methanomicrobia; o__Methanomicrobiales; f__Methanoregulaceae; g__Methanolinea; s__Methanolinea_tarda	0.7077810993516704
536ffdeeabf56ca60c4c68be2b053fc8	d__Bacteria; p__Bacteroidota; c__Bacteroidia; o__Bacteroidales; f__009E01-B-SD-P15; g__009E01-B-SD-P15; s__uncultured_bacterium	0.9966811020617791
e00458753c3fafa9e1236e317014827a	d__Bacteria; p__Firmicutes; c__Dethiobacteria; o__Dethiobacterales; f__Dethiobacteraceae; g__uncultured; s__anaerobic_digester	0.9952192149321707
5727ddc11bfc49dc3a7b6649965de5fc	Unassigned	0.6137965301220558
1720f5adf91c81555c78b144c9c2fe64	d__Bacteria; p__Bacteroidota; c__Kapabacteria; o__Kapabacteriales; f__Kapabacteriales; g__Kapabacteriales; s__uncultured_Desulfuromonadales	0.9575732565999736
314f426ed0e9a6a76cc83c5de6187387	d__Bacteria; p__Bacteroidota; c__Bacteroidia; o__Bacteroidales; f__Rikenellaceae; g__S50_wastewater-sludge_group; s__uncultured_bacterium	0.9434370414072728
29473cdda9f83c8de968fa22ebaaa66b	d__Bacteria	0.9999999999602089
09b257dd71e7c44d6e3b41e915917051	d__Bacteria	0.9999999999717533
9f29df02d81f6d63b02d8e3018795eda	d__Bacteria; p__Sumerlaeota; c__Sumerlaeia; o__Sumerlaeales; f__Sumerlaeaceae; g__Sumerlaea; s__uncultured_deep-sea	0.7060521689876262
84ad380974d961d9942cfc748c7929ae	d__Bacteria; p__Bacteroidota; c__Bacteroidia; o__Sphingobacteriales; f__Lentimicrobiaceae; g__Lentimicrobium; s__uncultured_bacterium	0.8173933868875377
e29b02ac75b761173395c0b6c4242294	d__Archaea; p__Halobacterota; c__Methanomicrobia; o__Methanomicrobiales; f__Methanoregulaceae	0.9261395990543405
532f4e555a2baa5c1f61d77566bd669f	d__Archaea; p__Crenarchaeota; c__Bathyarchaeia; o__Bathyarchaeia; f__Bathyarchaeia; g__Bathyarchaeia	0.8256477116295171
0ac4eeb26cd55ebb4ce809922a8b324d	d__Archaea; p__Crenarchaeota; c__Bathyarchaeia; o__Bathyarchaeia; f__Bathyarchaeia; g__Bathyarchaeia; s__uncultured_archaeon	0.8960880118435405
c173a86143327c445e68ef70f55290db	d__Archaea; p__Halobacterota; c__Methanomicrobia; o__Methanomicrobiales; f__Methanomicrobiaceae; g__Methanoculleus	0.8683696123913388
4887a940ddbed27aa0380ede814e4160	d__Archaea; p__Halobacterota; c__Methanomicrobia; o__Methanomicrobiales; f__Methanomicrobiaceae; g__Methanoculleus	0.7146154240774383
cc5592b380c13e62a344a485de6a0db6	d__Bacteria	0.9999999999984305
dc4a2f64333a6b9f909089a21ec8e086	d__Bacteria; p__Acidobacteriota; c__Aminicenantia; o__Aminicenantales; f__Aminicenantales; g__Aminicenantales; s__uncultured_soil	0.8547410653520171
9fb2b96368b6ca113dd598161855e775	d__Bacteria	0.9999999998439919
29741797672c2e58f03b54318386521d	d__Bacteria; p__Bacteroidota; c__Bacteroidia; o__Flavobacteriales; f__NS9_marine_group; g__NS9_marine_group	0.9686849180191115
b6f28af7c569f4f7c22354ff11bcbd7e	d__Bacteria; p__Bacteroidota; c__Bacteroidia; o__Flavobacteriales; f__NS9_marine_group; g__NS9_marine_group	0.9373953450676858
55519bb6ea794814a7fe7c632bcdd537	d__Bacteria; p__Acidobacteriota; c__Aminicenantia; o__Aminicenantales; f__Aminicenantales; g__Aminicenantales	0.9991606671922729
9177d62f5dd49f3183168affe80c9f17	d__Bacteria; p__Acidobacteriota; c__c5LKS83; o__c5LKS83; f__c5LKS83; g__c5LKS83; s__uncultured_bacterium	0.9539500216886905
df39ead95be12edacd4f4b8046a24a0b	d__Bacteria; p__Sumerlaeota; c__Sumerlaeia; o__Sumerlaeales; f__Sumerlaeaceae; g__Sumerlaea	0.9984817048072188
4918fc4c56815342c4d2be4ae83349cb	d__Bacteria; p__Bacteroidota; c__Bacteroidia; o__Bacteroidales; f__CAP-aah99b04; g__CAP-aah99b04; s__uncultured_bacterium	0.9978113406350555
a7505648859286c183f86caf51514f8e	d__Bacteria; p__Acidobacteriota; c__Aminicenantia; o__Aminicenantales; f__Aminicenantales; g__Aminicenantales; s__uncultured_soil	0.9578871339582261
d02dc00f84c38232ee158c48d2920bfb	d__Bacteria; p__Bacteroidota; c__Bacteroidia; o__Bacteroidales; f__GZKB124; g__GZKB124; s__uncultured_bacterium	0.9770018346013001
9877afdfd96d01532bab75ba341bcfc6	d__Bacteria; p__Bacteroidota; c__Bacteroidia; o__Bacteroidales; f__Rikenellaceae; g__DMER64	0.8478247424797466
d5df68f9ce650fa8c64854d21a8115e4	d__Bacteria; p__Spirochaetota; c__Leptospirae; o__Leptospirales; f__Leptospiraceae; g__RBG-16-49-21; s__metagenome	0.9927114869205519
310b6f1c10ac1e03a07ea05781afc20d	d__Bacteria; p__Actinobacteriota	0.9703056313457985
5c91cafa97dee6a170e11c8457b2ffc7	d__Bacteria; p__Bacteroidota; c__Bacteroidia; o__Sphingobacteriales; f__ST-12K33; g__ST-12K33; s__metagenome	0.7838420193273206
f4f03e2544751718a50dcfbdafec02f0	d__Bacteria; p__Bacteroidota; c__Bacteroidia; o__Sphingobacteriales; f__ST-12K33; g__ST-12K33; s__metagenome	0.9914496851497441
e80e383acca5ca1fe74afab4f4afaf51	d__Bacteria; p__Bacteroidota; c__Bacteroidia; o__Bacteroidales; f__Dysgonomonadaceae; g__uncultured; s__uncultured_prokaryote	0.9871061767364612
3cdc7d50ff5650e836024b358047c69d	d__Bacteria; p__Bacteroidota; c__Kapabacteria; o__Kapabacteriales; f__Kapabacteriales; g__Kapabacteriales	0.9965829379601593
b9c5be35a8bd8de944e1ea618f1e433b	d__Bacteria; p__Bacteroidota; c__Kapabacteria; o__Kapabacteriales; f__Kapabacteriales; g__Kapabacteriales	0.9999937233032342
0c304489e8fa5e3ec32f84a515166501	d__Bacteria; p__Acidobacteriota; c__Holophagae; o__Holophagales; f__Holophagaceae; g__Holophaga; s__uncultured_bacterium	0.7215787844556324
d8618f911814adc5b7f95848b8d21d07	d__Bacteria; p__Acidobacteriota; c__Thermoanaerobaculia; o__Thermoanaerobaculales; f__Thermoanaerobaculaceae; g__Thermoanaerobaculum; s__metagenome	0.9666693143540906
728c5324437b8ff14f0fec513ab84a89	d__Bacteria; p__Acidobacteriota; c__c5LKS83; o__c5LKS83; f__c5LKS83; g__c5LKS83; s__uncultured_bacterium	0.9892023597997006
77d3acf4ee40473d923f81d7eb97fc36	d__Bacteria; p__Acidobacteriota; c__Thermoanaerobaculia; o__Thermoanaerobaculales; f__Thermoanaerobaculaceae; g__Thermoanaerobaculum; s__metagenome	0.9819012080982913
22ed20c801018bd8630455a7ecf3f1d7	d__Bacteria; p__Acidobacteriota	0.8824017372930882
492a17ab7afcdfd85cc6b2a6f11e4f0d	d__Bacteria; p__Acidobacteriota; c__Holophagae; o__Holophagales; f__Holophagaceae; g__Holophaga; s__uncultured_bacterium	0.8160224042957017
e8a8109fee58470de4410453b5654a05	d__Bacteria; p__Acidobacteriota; c__Aminicenantia; o__Aminicenantales; f__Aminicenantales; g__Aminicenantales	0.9641433687979903
f71df51dd1db7c75cd2d7a75d8b7f5e5	d__Archaea; p__Halobacterota; c__Methanomicrobia; o__Methanomicrobiales	0.9595706960053163
8befae2ae4cd2d8444f2ad334eb15fff	d__Bacteria; p__Acidobacteriota; c__Aminicenantia; o__Aminicenantales; f__Aminicenantales; g__Aminicenantales; s__uncultured_soil	0.7748949742042287
d3b59143fa190a421e6e537eb967b437	d__Bacteria; p__Spirochaetota; c__Leptospirae; o__Leptospirales; f__Leptospiraceae; g__RBG-16-49-21; s__uncultured_soil	0.8801488527403001
e76f65f76d124ec011404a65948c25f1	Unassigned	0.3823322323017393
a59fa6f98322062880185ac4c35c6264	d__Bacteria; p__Acidobacteriota	0.9686226846097786
92b928df1cb47430da06507d5f2ffb9e	d__Bacteria; p__Acidobacteriota; c__Holophagae; o__Holophagales; f__Holophagaceae	0.7358661268593947
0519890879191d9b084c6658f9e17eea	d__Bacteria; p__Acidobacteriota; c__Aminicenantia; o__Aminicenantales; f__Aminicenantales; g__Aminicenantales	0.9550563955155823
4d8c713513a1a6c4997e19ddf42c6482	d__Bacteria; p__Acidobacteriota; c__Holophagae; o__Holophagales; f__Holophagaceae; g__uncultured; s__uncultured_Acidobacteriaceae	0.7584305216293313
b9276c3858554b5e5c55e39e9347d7c0	d__Bacteria	0.9999999999970808
83430b8d0389b11b4171844b2048f340	d__Bacteria; p__Acidobacteriota; c__Holophagae; o__Holophagales; f__Holophagaceae; g__uncultured	0.7340581945515718
1cc4f5d1489456d81fd9e28eca01e373	d__Bacteria; p__Acidobacteriota; c__Aminicenantia; o__Aminicenantales; f__Aminicenantales; g__Aminicenantales; s__uncultured_soil	0.8818013684213223
2669d62b588fe75890bb419eb237c937	d__Bacteria	0.9999999976019334
633ce2df1d111b204e0977c449411eae	d__Bacteria; p__Firmicutes; c__Dethiobacteria; o__Dethiobacterales; f__Dethiobacteraceae; g__uncultured; s__anaerobic_digester	0.9964978269694619
21a4d147386f1264e6dca309d6fb1264	d__Bacteria; p__Bacteroidota; c__Kapabacteria; o__Kapabacteriales; f__Kapabacteriales; g__Kapabacteriales; s__uncultured_sludge	0.9866720387102286
0ca54864b556d9afff018b7f262e04de	d__Bacteria; p__Bacteroidota; c__Kapabacteria; o__Kapabacteriales; f__Kapabacteriales; g__Kapabacteriales	0.7665208038994198
2e1081f48dcfede59c58a7f212f83ca9	d__Bacteria; p__Acidobacteriota; c__Acidobacteriae; o__Bryobacterales; f__Bryobacteraceae; g__Bryobacter	0.7669512006868697
6f663d2995d510f79333e43588561ff9	d__Bacteria; p__Bacteroidota	0.9671432490999546
03fb2ea2f3f476e91902d66bc0c0207f	d__Bacteria; p__Acidobacteriota; c__c5LKS83; o__c5LKS83; f__c5LKS83; g__c5LKS83; s__uncultured_bacterium	0.7676511090006056
435b57e3ff640f6378cc5ae866df4575	d__Archaea; p__Halobacterota; c__Methanomicrobia; o__Methanomicrobiales; f__Methanocorpusculaceae; g__Methanocorpusculum	0.998967488518042
c653c69353e4cba150f0bc84c2e54908	d__Bacteria; p__Acidobacteriota; c__c5LKS83; o__c5LKS83; f__c5LKS83; g__c5LKS83; s__uncultured_bacterium	0.9804065732023964
d5f75ad59dac469ef281cbfe8abe5451	d__Bacteria	0.9999999947944425
8b52583a2b7130419e33366469a26cc3	d__Bacteria	0.9999999997225385
8ad3c7386b010d3d01421260418d73f3	d__Bacteria; p__Acidobacteriota; c__Vicinamibacteria; o__Vicinamibacterales; f__Vicinamibacteraceae; g__Vicinamibacteraceae	0.9563056792270601
d982014cff4e93c2907d4f4c6f4bee33	d__Bacteria; p__Acidobacteriota	0.9996275212875858
ec7aec57c11a79908fc9677bf3eb9a15	d__Bacteria; p__Acidobacteriota; c__Thermoanaerobaculia; o__Thermoanaerobaculales; f__Thermoanaerobaculaceae; g__Thermoanaerobaculum	0.9998489666558374
259ed7f36caffa070bd0e27d41f63840	d__Bacteria; p__Cyanobacteria; c__Cyanobacteriia	0.9259965954753068
43453d1e23c7c41e971f12b65a3ed8d5	d__Bacteria; p__Bacteroidota; c__Bacteroidia; o__Flavobacteriales; f__NS9_marine_group; g__NS9_marine_group	0.9591845710005701
be5b3d4e4f842ddea1aec7785440533f	d__Bacteria; p__Firmicutes; c__Clostridia; o__Lachnospirales; f__Lachnospiraceae; g__uncultured; s__uncultured_compost	0.9612117193313945
311258ab08eb9e1e1ce372f6ad855e4e	d__Archaea; p__Halobacterota; c__Methanosarcinia; o__Methanosarciniales; f__Methanosarcinaceae; g__Methanosarcina	0.9656841868345492
fbe78fecec74eb203b3942c2da5a89f6	d__Bacteria; p__Bacteroidota; c__Bacteroidia; o__Bacteroidales; f__Rikenellaceae; g__DMER64; s__metagenome	0.8767264600985029
06ebfbfc57280efb23f68bf6a1432ba5	d__Bacteria; p__Acidobacteriota; c__Aminicenantia; o__Aminicenantales; f__Aminicenantales; g__Aminicenantales	0.9851194309071837
36167dc8da321a555566bc1243fdfab4	d__Bacteria; p__Acidobacteriota; c__Thermoanaerobaculia; o__Thermoanaerobaculales; f__Thermoanaerobaculaceae; g__Subgroup_10	0.998586196820448
d92b65cdd1ea813131f1145b78944082	d__Bacteria; p__Acidobacteriota	0.9984182068158552
02a4077e1fdfa8c351b24b647cd50c32	d__Archaea; p__Euryarchaeota; c__Methanobacteria; o__Methanobacteriales; f__Methanobacteriaceae; g__Methanobrevibacter	0.7563628587603323
1c8230800ddbe04ca14c33cc2f410553	d__Archaea; p__Thermoplasmatota; c__Thermoplasmata; o__Marine_Benthic_Group_D_and_DHVEG-1; f__Marine_Benthic_Group_D_and_DHVEG-1; g__Marine_Benthic_Group_D_and_DHVEG-1; s__uncultured_Thermoplasmata	0.987325177672781
3cc0223b0dd77beede28bfc1910ffc4b	d__Archaea; p__Thermoplasmatota; c__Thermoplasmata; o__Marine_Benthic_Group_D_and_DHVEG-1; f__Marine_Benthic_Group_D_and_DHVEG-1; g__Marine_Benthic_Group_D_and_DHVEG-1; s__uncultured_Thermoplasmata	0.8335456438204298
e68a1ffcfd7f47580794344526c30780	d__Bacteria; p__Actinobacteriota; c__Acidimicrobiia; o__IMCC26256; f__IMCC26256; g__IMCC26256	0.9441693122631345
1ac7b1910cc1e7a283867f98af869e58	d__Archaea; p__Halobacterota; c__Methanomicrobia; o__Methanomicrobiales; f__Methanoregulaceae; g__Methanoregula	0.7847328182226511
72d122d5c24a3b7bb1f69e0f73a5a1d9	d__Archaea; p__Euryarchaeota; c__Methanobacteria; o__Methanobacteriales; f__Methanobacteriaceae; g__Methanobacterium	0.9671111713080769
1650a028a0c97cd4ed42a8661d11e2c3	d__Bacteria	0.9999999997726625
9aa8087e3b63b915a81cdfe536156e1c	d__Archaea; p__Halobacterota; c__Halobacteria; o__Halobacterales; f__Halobacterales; g__Halobacterales; s__uncultured_haloarchaeon	0.9263830382358825
a87843e0d23c75caca024bb2834ed216	d__Bacteria; p__Cyanobacteria; c__Cyanobacteriia	0.8081050400293465
4249db85e790ebde2b88c4343469f2c4	d__Bacteria; p__Cyanobacteria; c__Cyanobacteriia	0.8035168335846665
0363eec3ae61adffc8c1c5865ed7ba7b	d__Bacteria; p__Bacteroidota; c__Bacteroidia; o__Bacteroidales; f__Rikenellaceae; g__S50_wastewater-sludge_group; s__uncultured_bacterium	0.9818954212390731
0b5e64d0ee2cc0550f701f4e7a847c60	d__Bacteria; p__Bacteroidota; c__Bacteroidia; o__Flavobacteriales; f__NS9_marine_group; g__NS9_marine_group; s__Bacteroidetes_bacterium	0.7509643343467329
5f3562aa5662d4cd403c514b3d7ab0e6	d__Bacteria; p__Firmicutes; c__Syntrophomonadia; o__Syntrophomonadales; f__Syntrophomonadaceae	0.7841386554408133
5f8cb55cefdebb65766aab3e5400f71a	d__Bacteria; p__Bacteroidota; c__Bacteroidia; o__Flavobacteriales; f__NS9_marine_group; g__NS9_marine_group	0.9984468484214822
13ebeb905f5c9d81943e327289b1e459	d__Bacteria; p__Bacteroidota; c__Bacteroidia; o__Bacteroidales; f__Tannerellaceae; g__Macellibacteroides	0.8321537899547687
874b8c3f55ddd6f3bbb5e18e4e7e8313	d__Bacteria; p__Acidobacteriota; c__c5LKS83; o__c5LKS83; f__c5LKS83; g__c5LKS83; s__uncultured_bacterium	0.9935309816932113
6030ebbc5c6b01178345da205d284681	d__Bacteria; p__Spirochaetota; c__Leptospirae; o__Leptospirales; f__Leptospiraceae; g__RBG-16-49-21; s__bacterium_enrichment	0.9976116773508225
9e0ae0b0f57cad8a81b0aedffe6e40c8	d__Bacteria; p__Acidobacteriota; c__Subgroup_21; o__Subgroup_21; f__Subgroup_21; g__Subgroup_21; s__uncultured_bacterium	0.9883865732208272
b50f1a35c8a751e90a68b9f11d03370e	d__Bacteria; p__Bacteroidota; c__Bacteroidia; o__Bacteroidales; f__Rikenellaceae	0.7128850926261061
00bc99dd88a5de12053acaeee2639669	d__Bacteria; p__Bacteroidota; c__Bacteroidia; o__Flavobacteriales; f__NS9_marine_group; g__NS9_marine_group	0.9228493766457033
6c7f5e2988c2b0565e4a27bc1cf21b36	d__Bacteria; p__Bacteroidota; c__Bacteroidia; o__Bacteroidales; f__Rikenellaceae; g__SP3-e08; s__uncultured_bacterium	0.7487478090302516
073d066b0f447a6822bee0263ddbb2b0	d__Bacteria; p__Bacteroidota; c__Bacteroidia; o__Bacteroidales; f__Tannerellaceae; g__Parabacteroides	0.7297705715104731
6ecf0b6544fdc4237d427d805e6beda1	d__Bacteria; p__Bacteroidota; c__Bacteroidia; o__Flavobacteriales; f__NS9_marine_group; g__NS9_marine_group	0.7554312609230813
3ca2ddffc1411333b6194db8e353c4d3	d__Bacteria; p__Acidobacteriota; c__c5LKS83; o__c5LKS83; f__c5LKS83; g__c5LKS83; s__uncultured_bacterium	0.8160800443966897
9536c110d71473249c46bd114c822d3e	d__Bacteria; p__Acidobacteriota; c__Holophagae; o__Holophagales; f__Holophagaceae	0.9999722780270011
fcd75d97dde9fbfa86b3ceb551888261	d__Archaea; p__Halobacterota; c__Methanomicrobia; o__Methanomicrobiales; f__Methanospirillaceae; g__Methanospirillum	0.9407877608717109
0ecea4c32e8ddb60d4ed67d89cfbfd5c	d__Archaea; p__Crenarchaeota; c__Nitrososphaeria; o__Nitrososphaerales; f__Nitrososphaeraceae	0.8121423024019939
5dc7d936b2a9a83ca0c478c000b214ff	d__Bacteria	0.9999999996846252
be22b546a35859101a168070c9be8a25	d__Bacteria; p__Acidobacteriota; c__Acidobacteriae; o__Acidobacteriae; f__Acidobacteriae; g__Paludibaculum	0.9918682236584426
c34d593f94830e22e517df80626f548b	d__Bacteria; p__Bacteroidota; c__Bacteroidia; o__Bacteroidales; f__Rikenellaceae	0.9954725656578102
e4c8bb628de8adb3b090650b02bee9e1	d__Bacteria; p__Acidobacteriota; c__Aminicenantia; o__Aminicenantales; f__Aminicenantales; g__Aminicenantales; s__metagenome	0.9489907455083486
3a408759fa655b9c1b68dacca6604955	d__Bacteria; p__Bacteroidota; c__Bacteroidia; o__Bacteroidales; f__Rikenellaceae	0.8832388656145007
31035f3111a27d46b4db137d77145d3d	d__Bacteria; p__Bacteroidota; c__Bacteroidia; o__Bacteroidales; f__FTLpost3; g__FTLpost3; s__uncultured_bacterium	0.8382980580191195
de17de9689f8c6ca8986d34c94833551	d__Bacteria	0.9999999942775057
ce341938679fe2a7e253c26b02d6ac07	d__Bacteria; p__Acidobacteriota	0.8948772743999136
9b20275f8ea505db7246b90c47624c0f	d__Bacteria; p__Bacteroidota; c__Bacteroidia; o__Bacteroidales; f__Rikenellaceae	0.9945300408466586
86cbb2679c77bf2e7d4b408ae4e22260	d__Bacteria; p__Bacteroidota; c__Bacteroidia; o__Flavobacteriales; f__NS9_marine_group; g__NS9_marine_group	0.9410034007202235
f0ee2a4727c5a0965bf6720ebecf3328	d__Bacteria; p__Bacteroidota	0.9844726482595004
7062b722ea91bcc25577b299fd131450	d__Bacteria; p__Sumerlaeota; c__Sumerlaeia; o__Sumerlaeales; f__Sumerlaeaceae; g__Sumerlaea	0.7865189667590161
dadb428556b9ced9fe17702a88b82fa4	d__Bacteria	0.9999999999754615
115828b46bec6c6504f20dcaf399397c	d__Bacteria; p__Cyanobacteria; c__Cyanobacteriia	0.7771167918375268
e6015473ac3e6db1047ed761e51c1a72	d__Bacteria; p__Bacteroidota; c__Bacteroidia; o__Bacteroidales; f__Rikenellaceae	0.9943389603821644
b849f56306e495d1b60d2fe1ed21536e	d__Bacteria; p__Bacteroidota; c__Bacteroidia; o__Flavobacteriales; f__NS9_marine_group; g__NS9_marine_group	0.9675324428735135
44245a43779bd6d529f49552984f3692	d__Archaea; p__Thermoplasmatota; c__Thermoplasmata; o__Methanomassiliicoccales; f__Methanomassiliicoccaceae; g__Methanomassiliicoccus; s__uncultured_archaeon	0.9868087531302112
8a60237ef8ba548301a1e49ba17a7577	d__Bacteria; p__Acidobacteriota; c__Aminicenantia; o__Aminicenantales; f__Aminicenantales; g__Aminicenantales; s__uncultured_soil	0.782609719700154
0560ed0460d8a2ae5fc6f00bbebe5bfc	d__Bacteria	0.9999999706991031
30a4689dab9f91c873b8aadb902a8750	d__Bacteria; p__Bacteroidota; c__Bacteroidia; o__Bacteroidales; f__Rikenellaceae; g__DMER64	0.8081440425605915
3c5de4b1b60a19b551d200221a7d5f8b	d__Bacteria	0.9999999974664419
