Model,target,feature,importance,domain
RandomForest,warning_acid_base_balance,BAC_F::009E01-B-SD-P15,0.010003350796380978,Bacteria
RandomForest,warning_acid_base_balance,BAC_F::0319-6G20,0.0037921159339575953,Bacteria
RandomForest,warning_acid_base_balance,BAC_F::053A03-B-DI-P58,0.0,Bacteria
RandomForest,warning_acid_base_balance,BAC_F::1-20,7.575540964863446e-18,Bacteria
RandomForest,warning_acid_base_balance,BAC_F::113B434,0.0,Bacteria
RandomForest,warning_acid_base_balance,BAC_F::37-13,0.0,Bacteria
RandomForest,warning_acid_base_balance,BAC_F::4572-13,0.0,Bacteria
RandomForest,warning_acid_base_balance,BAC_F::67-14,0.0,Bacteria
RandomForest,warning_acid_base_balance,BAC_F::A0839,0.002370298051068308,Bacteria
RandomForest,warning_acid_base_balance,BAC_F::A21b,0.0,Bacteria
RandomForest,warning_acid_base_balance,BAC_F::AKYH767,1.3944633790000214e-17,Bacteria
RandomForest,warning_acid_base_balance,BAC_F::Absconditabacteriales_(SR1),0.002160478829049118,Bacteria
RandomForest,warning_acid_base_balance,BAC_F::Acetobacteraceae,0.0013403848944944956,Bacteria
RandomForest,warning_acid_base_balance,BAC_F::Acetothermiia,0.0,Bacteria
RandomForest,warning_acid_base_balance,BAC_F::Acholeplasmataceae,0.005686073655286044,Bacteria
RandomForest,warning_acid_base_balance,BAC_F::Acidaminococcaceae,0.0011313077624174942,Bacteria
RandomForest,warning_acid_base_balance,BAC_F::Acidobacteriae,0.0,Bacteria
RandomForest,warning_acid_base_balance,BAC_F::Actinomycetaceae,0.00040063956563483427,Bacteria
RandomForest,warning_acid_base_balance,BAC_F::Aerococcaceae,0.0,Bacteria
RandomForest,warning_acid_base_balance,BAC_F::Aeromonadaceae,4.429612781796548e-18,Bacteria
RandomForest,warning_acid_base_balance,BAC_F::Alcaligenaceae,0.002480278491856626,Bacteria
RandomForest,warning_acid_base_balance,BAC_F::Aminicenantales,0.009239391242907773,Bacteria
RandomForest,warning_acid_base_balance,BAC_F::Anaerofustaceae,0.002631724444938325,Bacteria
RandomForest,warning_acid_base_balance,BAC_F::Anaerolineaceae,0.011941491545708737,Bacteria
RandomForest,warning_acid_base_balance,BAC_F::Anaeromyxobacteraceae,0.0,Bacteria
RandomForest,warning_acid_base_balance,BAC_F::Anaerovoracaceae,0.0069235894123610125,Bacteria
RandomForest,warning_acid_base_balance,BAC_F::Aquaspirillaceae,2.229342748468636e-18,Bacteria
RandomForest,warning_acid_base_balance,BAC_F::Arcobacteraceae,0.0012507573728983404,Bacteria
RandomForest,warning_acid_base_balance,BAC_F::Ardenticatenaceae,0.0,Bacteria
RandomForest,warning_acid_base_balance,BAC_F::Arenicellaceae,0.0,Bacteria
RandomForest,warning_acid_base_balance,BAC_F::Atopobiaceae,0.007640427937822721,Bacteria
RandomForest,warning_acid_base_balance,BAC_F::B1-7BS,0.0005810628882793649,Bacteria
RandomForest,warning_acid_base_balance,BAC_F::B55-F-B-G02,0.0,Bacteria
RandomForest,warning_acid_base_balance,BAC_F::BRH-c20a,0.0005834155809094229,Bacteria
RandomForest,warning_acid_base_balance,BAC_F::Babeliales,0.0007279244805054475,Bacteria
RandomForest,warning_acid_base_balance,BAC_F::Bacillaceae,0.0,Bacteria
RandomForest,warning_acid_base_balance,BAC_F::Bacteriovoracaceae,0.0,Bacteria
RandomForest,warning_acid_base_balance,BAC_F::Bacteroidaceae,0.001382715334153029,Bacteria
RandomForest,warning_acid_base_balance,BAC_F::Bacteroidales_UCG-001,0.0028177541794269195,Bacteria
RandomForest,warning_acid_base_balance,BAC_F::Bacteroidetes_BD2-2,0.0,Bacteria
RandomForest,warning_acid_base_balance,BAC_F::Bacteroidetes_VC2.1_Bac22,0.0,Bacteria
RandomForest,warning_acid_base_balance,BAC_F::Bacteroidetes_vadinHA17,0.01700349562300124,Bacteria
RandomForest,warning_acid_base_balance,BAC_F::Bdellovibrionaceae,0.0,Bacteria
RandomForest,warning_acid_base_balance,BAC_F::Beijerinckiaceae,0.001726474848247025,Bacteria
RandomForest,warning_acid_base_balance,BAC_F::Bifidobacteriaceae,0.00028939462687880744,Bacteria
RandomForest,warning_acid_base_balance,BAC_F::Blastocatellaceae,0.00036719592412843215,Bacteria
RandomForest,warning_acid_base_balance,BAC_F::Bogoriellaceae,0.0,Bacteria
RandomForest,warning_acid_base_balance,BAC_F::Brachyspirales_Incertae_Sedis,4.161372515683265e-18,Bacteria
RandomForest,warning_acid_base_balance,BAC_F::Bradymonadales,0.0,Bacteria
RandomForest,warning_acid_base_balance,BAC_F::Bryobacteraceae,0.0,Bacteria
RandomForest,warning_acid_base_balance,BAC_F::Burkholderiaceae,0.0030631102281706273,Bacteria
RandomForest,warning_acid_base_balance,BAC_F::Butyricicoccaceae,0.0,Bacteria
RandomForest,warning_acid_base_balance,BAC_F::C10-SB1A,0.0,Bacteria
RandomForest,warning_acid_base_balance,BAC_F::CCM19a,0.0,Bacteria
RandomForest,warning_acid_base_balance,BAC_F::CK-2C2-2,0.0,Bacteria
RandomForest,warning_acid_base_balance,BAC_F::Caldatribacteriaceae,0.0029263254940736986,Bacteria
RandomForest,warning_acid_base_balance,BAC_F::Caldicoprobacteraceae,0.010057248500292684,Bacteria
RandomForest,warning_acid_base_balance,BAC_F::Caldilineaceae,0.0006609039759802817,Bacteria
RandomForest,warning_acid_base_balance,BAC_F::Caldisericaceae,0.0,Bacteria
RandomForest,warning_acid_base_balance,BAC_F::Caloramatoraceae,0.0,Bacteria
RandomForest,warning_acid_base_balance,BAC_F::Candidatus_Falkowbacteria,0.0,Bacteria
RandomForest,warning_acid_base_balance,BAC_F::Candidatus_Peregrinibacteria,0.0,Bacteria
RandomForest,warning_acid_base_balance,BAC_F::Candidatus_Shapirobacteria,0.0,Bacteria
RandomForest,warning_acid_base_balance,BAC_F::Carnobacteriaceae,0.0007449741040154343,Bacteria
RandomForest,warning_acid_base_balance,BAC_F::Caulobacteraceae,0.0,Bacteria
RandomForest,warning_acid_base_balance,BAC_F::Chitinimonadaceae,0.0,Bacteria
RandomForest,warning_acid_base_balance,BAC_F::Chitinophagaceae,0.011466347285845727,Bacteria
RandomForest,warning_acid_base_balance,BAC_F::Christensenellaceae,0.0211780054172233,Bacteria
RandomForest,warning_acid_base_balance,BAC_F::Chromobacteriaceae,0.0,Bacteria
RandomForest,warning_acid_base_balance,BAC_F::Chthoniobacteraceae,0.0,Bacteria
RandomForest,warning_acid_base_balance,BAC_F::Chthonomonadales,0.0,Bacteria
RandomForest,warning_acid_base_balance,BAC_F::Cloacimonadaceae,0.04252941382873279,Bacteria
RandomForest,warning_acid_base_balance,BAC_F::Cloacimonadales,0.0,Bacteria
RandomForest,warning_acid_base_balance,BAC_F::Clostridia_UCG-014,0.0,Bacteria
RandomForest,warning_acid_base_balance,BAC_F::Clostridiaceae,0.00726672716103047,Bacteria
RandomForest,warning_acid_base_balance,BAC_F::Comamonadaceae,0.010686930931160578,Bacteria
RandomForest,warning_acid_base_balance,BAC_F::Competibacteraceae,0.0007274399704695709,Bacteria
RandomForest,warning_acid_base_balance,BAC_F::Coprothermobacteraceae,0.0018072561257015706,Bacteria
RandomForest,warning_acid_base_balance,BAC_F::Coriobacteriales_Incertae_Sedis,0.0,Bacteria
RandomForest,warning_acid_base_balance,BAC_F::Corynebacteriaceae,2.0581460999896228e-05,Bacteria
RandomForest,warning_acid_base_balance,BAC_F::Crocinitomicaceae,0.0,Bacteria
RandomForest,warning_acid_base_balance,BAC_F::D8A-2,0.009164825480279571,Bacteria
RandomForest,warning_acid_base_balance,BAC_F::DEV007,2.5465800317630833e-17,Bacteria
RandomForest,warning_acid_base_balance,BAC_F::DS-100,0.0,Bacteria
RandomForest,warning_acid_base_balance,BAC_F::DTU014,0.00438264640402878,Bacteria
RandomForest,warning_acid_base_balance,BAC_F::Defluviicoccaceae,0.0006548325436971349,Bacteria
RandomForest,warning_acid_base_balance,BAC_F::Defluviitaleaceae,0.0,Bacteria
RandomForest,warning_acid_base_balance,BAC_F::Dermatophilaceae,0.0,Bacteria
RandomForest,warning_acid_base_balance,BAC_F::Desulfitibacteraceae,0.0,Bacteria
RandomForest,warning_acid_base_balance,BAC_F::Desulfobulbaceae,0.0017822478288840498,Bacteria
RandomForest,warning_acid_base_balance,BAC_F::Desulfomicrobiaceae,0.0010899792788465453,Bacteria
RandomForest,warning_acid_base_balance,BAC_F::Desulfotomaculales,0.0020484943881918165,Bacteria
RandomForest,warning_acid_base_balance,BAC_F::Desulfovibrionaceae,0.0005932531000926046,Bacteria
RandomForest,warning_acid_base_balance,BAC_F::Dethiobacteraceae,0.006517395090272023,Bacteria
RandomForest,warning_acid_base_balance,BAC_F::Devosiaceae,0.0,Bacteria
RandomForest,warning_acid_base_balance,BAC_F::Dietziaceae,0.0,Bacteria
RandomForest,warning_acid_base_balance,BAC_F::Diplorickettsiaceae,0.0,Bacteria
RandomForest,warning_acid_base_balance,BAC_F::Dongiaceae,0.0,Bacteria
RandomForest,warning_acid_base_balance,BAC_F::Dysgonomonadaceae,0.0023462527095298833,Bacteria
RandomForest,warning_acid_base_balance,BAC_F::Eggerthellaceae,0.0,Bacteria
RandomForest,warning_acid_base_balance,BAC_F::Elsteraceae,0.0,Bacteria
RandomForest,warning_acid_base_balance,BAC_F::Endomicrobiaceae,0.0,Bacteria
RandomForest,warning_acid_base_balance,BAC_F::Enterobacteriaceae,0.017903641000863047,Bacteria
RandomForest,warning_acid_base_balance,BAC_F::Enterococcaceae,0.0005386265666907888,Bacteria
RandomForest,warning_acid_base_balance,BAC_F::Erwiniaceae,0.0,Bacteria
RandomForest,warning_acid_base_balance,BAC_F::Erysipelatoclostridiaceae,0.0023185640170833724,Bacteria
RandomForest,warning_acid_base_balance,BAC_F::Erysipelotrichaceae,0.0,Bacteria
RandomForest,warning_acid_base_balance,BAC_F::Eubacteriaceae,0.0023653529819447987,Bacteria
RandomForest,warning_acid_base_balance,BAC_F::F082,0.0,Bacteria
RandomForest,warning_acid_base_balance,BAC_F::FTLpost3,0.0,Bacteria
RandomForest,warning_acid_base_balance,BAC_F::Fermentibacteraceae,1.4045408563696136e-18,Bacteria
RandomForest,warning_acid_base_balance,BAC_F::Fervidobacteriaceae,0.0005862014250788804,Bacteria
RandomForest,warning_acid_base_balance,BAC_F::Fibrobacteraceae,0.0004673651935537239,Bacteria
RandomForest,warning_acid_base_balance,BAC_F::Fibrobacterales,0.0,Bacteria
RandomForest,warning_acid_base_balance,BAC_F::Fimbriimonadaceae,1.6016700570017737e-17,Bacteria
RandomForest,warning_acid_base_balance,BAC_F::Flavobacteriaceae,0.0,Bacteria
RandomForest,warning_acid_base_balance,BAC_F::Fusibacteraceae,0.0,Bacteria
RandomForest,warning_acid_base_balance,BAC_F::Fusobacteriaceae,0.0,Bacteria
RandomForest,warning_acid_base_balance,BAC_F::GZKB124,0.0,Bacteria
RandomForest,warning_acid_base_balance,BAC_F::GZKB75,0.0,Bacteria
RandomForest,warning_acid_base_balance,BAC_F::Gallionellaceae,0.0,Bacteria
RandomForest,warning_acid_base_balance,BAC_F::Garciellaceae,0.002860384187934295,Bacteria
RandomForest,warning_acid_base_balance,BAC_F::Gemmataceae,0.0,Bacteria
RandomForest,warning_acid_base_balance,BAC_F::Gemmatimonadaceae,0.0,Bacteria
RandomForest,warning_acid_base_balance,BAC_F::Geobacteraceae,1.0578071905532482e-17,Bacteria
RandomForest,warning_acid_base_balance,BAC_F::Gracilibacteraceae,0.006299665784947073,Bacteria
RandomForest,warning_acid_base_balance,BAC_F::HOC36,0.0,Bacteria
RandomForest,warning_acid_base_balance,BAC_F::Hahellaceae,0.0,Bacteria
RandomForest,warning_acid_base_balance,BAC_F::Halanaerobiaceae,0.0,Bacteria
RandomForest,warning_acid_base_balance,BAC_F::Haliangiaceae,0.0,Bacteria
RandomForest,warning_acid_base_balance,BAC_F::Halomonadaceae,0.0,Bacteria
RandomForest,warning_acid_base_balance,BAC_F::Holophagaceae,0.0026509254343877325,Bacteria
RandomForest,warning_acid_base_balance,BAC_F::Hungateiclostridiaceae,0.00959590519178351,Bacteria
RandomForest,warning_acid_base_balance,BAC_F::Hydrogenedensaceae,0.0054032976791184295,Bacteria
RandomForest,warning_acid_base_balance,BAC_F::Hydrogenophilaceae,0.0011477376865010429,Bacteria
RandomForest,warning_acid_base_balance,BAC_F::Hydrothermae,0.0,Bacteria
RandomForest,warning_acid_base_balance,BAC_F::Hyphomicrobiaceae,0.00150538777004365,Bacteria
RandomForest,warning_acid_base_balance,BAC_F::Hyphomonadaceae,0.0006153115484218979,Bacteria
RandomForest,warning_acid_base_balance,BAC_F::IMCC26256,0.0,Bacteria
RandomForest,warning_acid_base_balance,BAC_F::Iamiaceae,0.0,Bacteria
RandomForest,warning_acid_base_balance,BAC_F::Ignavibacteriaceae,0.0,Bacteria
RandomForest,warning_acid_base_balance,BAC_F::Ilumatobacteraceae,0.0,Bacteria
RandomForest,warning_acid_base_balance,BAC_F::Incertae_Sedis,0.01744027147957136,Bacteria
RandomForest,warning_acid_base_balance,BAC_F::Intrasporangiaceae,0.005619130852962744,Bacteria
RandomForest,warning_acid_base_balance,BAC_F::Isosphaeraceae,0.0,Bacteria
RandomForest,warning_acid_base_balance,BAC_F::Izemoplasmataceae,0.0,Bacteria
RandomForest,warning_acid_base_balance,BAC_F::Izemoplasmatales,0.022317247947951677,Bacteria
RandomForest,warning_acid_base_balance,BAC_F::JG36-GS-52,0.0,Bacteria
RandomForest,warning_acid_base_balance,BAC_F::JS1,0.00817701703720345,Bacteria
RandomForest,warning_acid_base_balance,BAC_F::KCLunmb-38-53,0.0,Bacteria
RandomForest,warning_acid_base_balance,BAC_F::Kapabacteriales,0.0,Bacteria
RandomForest,warning_acid_base_balance,BAC_F::Kosmotogaceae,0.005029838019601784,Bacteria
RandomForest,warning_acid_base_balance,BAC_F::LD1-PA32,0.0005838043245403298,Bacteria
RandomForest,warning_acid_base_balance,BAC_F::LD1-PB3,0.001188694156454976,Bacteria
RandomForest,warning_acid_base_balance,BAC_F::LF045,0.0005155540886347139,Bacteria
RandomForest,warning_acid_base_balance,BAC_F::LWQ8,0.0,Bacteria
RandomForest,warning_acid_base_balance,BAC_F::Lachnospiraceae,0.012533078855723044,Bacteria
RandomForest,warning_acid_base_balance,BAC_F::Lactobacillaceae,0.030469046044802037,Bacteria
RandomForest,warning_acid_base_balance,BAC_F::Leeiaceae,0.0,Bacteria
RandomForest,warning_acid_base_balance,BAC_F::Lentimicrobiaceae,0.007581543654260375,Bacteria
RandomForest,warning_acid_base_balance,BAC_F::Leptospiraceae,0.0159737054246552,Bacteria
RandomForest,warning_acid_base_balance,BAC_F::Leptotrichiaceae,0.0,Bacteria
RandomForest,warning_acid_base_balance,BAC_F::Leuconostocaceae,0.0003007021004793514,Bacteria
RandomForest,warning_acid_base_balance,BAC_F::LiUU-11-161,0.0,Bacteria
RandomForest,warning_acid_base_balance,BAC_F::Limnochordaceae,0.0,Bacteria
RandomForest,warning_acid_base_balance,BAC_F::Limnochordia,0.0,Bacteria
RandomForest,warning_acid_base_balance,BAC_F::M55-D21,0.008425573233066369,Bacteria
RandomForest,warning_acid_base_balance,BAC_F::MAT-CR-H4-C10,0.0,Bacteria
RandomForest,warning_acid_base_balance,BAC_F::MBA03,0.003366817237511596,Bacteria
RandomForest,warning_acid_base_balance,BAC_F::MVP-15,0.0028621861726558493,Bacteria
RandomForest,warning_acid_base_balance,BAC_F::Marinifilaceae,0.0,Bacteria
RandomForest,warning_acid_base_balance,BAC_F::Marinilabiliaceae,0.0025785118192017853,Bacteria
RandomForest,warning_acid_base_balance,BAC_F::Marinimicrobia_(SAR406_clade),0.0007530867800854894,Bacteria
RandomForest,warning_acid_base_balance,BAC_F::Methylococcaceae,0.0,Bacteria
RandomForest,warning_acid_base_balance,BAC_F::Methylomonadaceae,2.5427983934440586e-18,Bacteria
RandomForest,warning_acid_base_balance,BAC_F::Methylophilaceae,2.932757300612327e-18,Bacteria
RandomForest,warning_acid_base_balance,BAC_F::MgMjR-022,0.010974351075415412,Bacteria
RandomForest,warning_acid_base_balance,BAC_F::Microbacteriaceae,0.003775403577075902,Bacteria
RandomForest,warning_acid_base_balance,BAC_F::Micrococcaceae,0.0,Bacteria
RandomForest,warning_acid_base_balance,BAC_F::Microscillaceae,1.2380767548739555e-17,Bacteria
RandomForest,warning_acid_base_balance,BAC_F::Microtrichaceae,0.0018046551893991835,Bacteria
RandomForest,warning_acid_base_balance,BAC_F::Monoglobaceae,0.0007676153355901148,Bacteria
RandomForest,warning_acid_base_balance,BAC_F::Moorellaceae,0.0,Bacteria
RandomForest,warning_acid_base_balance,BAC_F::Moraxellaceae,0.0005746266056482045,Bacteria
RandomForest,warning_acid_base_balance,BAC_F::Morganellaceae,0.0,Bacteria
RandomForest,warning_acid_base_balance,BAC_F::Mycobacteriaceae,2.4132120086463476e-18,Bacteria
RandomForest,warning_acid_base_balance,BAC_F::NK-L14,0.0,Bacteria
RandomForest,warning_acid_base_balance,BAC_F::NKB15,0.0,Bacteria
RandomForest,warning_acid_base_balance,BAC_F::Nannocystaceae,0.0,Bacteria
RandomForest,warning_acid_base_balance,BAC_F::Neisseriaceae,0.0,Bacteria
RandomForest,warning_acid_base_balance,BAC_F::Nitrosococcaceae,0.0007072682701975154,Bacteria
RandomForest,warning_acid_base_balance,BAC_F::Nitrosomonadaceae,0.0019330865552081896,Bacteria
RandomForest,warning_acid_base_balance,BAC_F::Nitrospiraceae,0.0005736205998857754,Bacteria
RandomForest,warning_acid_base_balance,BAC_F::OLB14,0.0,Bacteria
RandomForest,warning_acid_base_balance,BAC_F::OPB41,2.857008611367954e-17,Bacteria
RandomForest,warning_acid_base_balance,BAC_F::Obscuribacteraceae,0.0,Bacteria
RandomForest,warning_acid_base_balance,BAC_F::Oligosphaeraceae,0.0013663953805174093,Bacteria
RandomForest,warning_acid_base_balance,BAC_F::Omnitrophaceae,0.0,Bacteria
RandomForest,warning_acid_base_balance,BAC_F::Oscillospiraceae,0.010418531953799057,Bacteria
RandomForest,warning_acid_base_balance,BAC_F::Oxalobacteraceae,0.0,Bacteria
RandomForest,warning_acid_base_balance,BAC_F::PB19,0.0,Bacteria
RandomForest,warning_acid_base_balance,BAC_F::PBS-18,0.0,Bacteria
RandomForest,warning_acid_base_balance,BAC_F::PHOS-HE36,0.0006885941281334388,Bacteria
RandomForest,warning_acid_base_balance,BAC_F::PLTA13,5.0304635174170554e-18,Bacteria
RandomForest,warning_acid_base_balance,BAC_F::Paludibacteraceae,0.02800079503777585,Bacteria
RandomForest,warning_acid_base_balance,BAC_F::PeH15,0.0005537384970549528,Bacteria
RandomForest,warning_acid_base_balance,BAC_F::PeM15,0.0,Bacteria
RandomForest,warning_acid_base_balance,BAC_F::Pedosphaeraceae,0.005187589652482534,Bacteria
RandomForest,warning_acid_base_balance,BAC_F::Peptococcaceae,1.5055159496589034e-05,Bacteria
RandomForest,warning_acid_base_balance,BAC_F::Peptostreptococcaceae,8.237974203422237e-07,Bacteria
RandomForest,warning_acid_base_balance,BAC_F::Peptostreptococcales-Tissierellales,0.02304652317874329,Bacteria
RandomForest,warning_acid_base_balance,BAC_F::Petrotogaceae,0.010731524853373912,Bacteria
RandomForest,warning_acid_base_balance,BAC_F::Phycisphaeraceae,0.0,Bacteria
RandomForest,warning_acid_base_balance,BAC_F::Pirellulaceae,0.0011195878292608403,Bacteria
RandomForest,warning_acid_base_balance,BAC_F::Pla3_lineage,0.0,Bacteria
RandomForest,warning_acid_base_balance,BAC_F::Planococcaceae,0.0,Bacteria
RandomForest,warning_acid_base_balance,BAC_F::Porticoccaceae,0.0,Bacteria
RandomForest,warning_acid_base_balance,BAC_F::Prevotellaceae,0.006406924593791095,Bacteria
RandomForest,warning_acid_base_balance,BAC_F::Prolixibacteraceae,0.017803346471359248,Bacteria
RandomForest,warning_acid_base_balance,BAC_F::Propionibacteriaceae,0.0,Bacteria
RandomForest,warning_acid_base_balance,BAC_F::Proteiniboraceae,0.0,Bacteria
RandomForest,warning_acid_base_balance,BAC_F::Pseudomonadaceae,0.0010863864200500153,Bacteria
RandomForest,warning_acid_base_balance,BAC_F::RBG-13-54-9,0.0,Bacteria
RandomForest,warning_acid_base_balance,BAC_F::RBG-16-55-12,0.0,Bacteria
RandomForest,warning_acid_base_balance,BAC_F::Reyranellaceae,0.0,Bacteria
RandomForest,warning_acid_base_balance,BAC_F::Rhizobiaceae,0.002325096625155489,Bacteria
RandomForest,warning_acid_base_balance,BAC_F::Rhizobiales_Incertae_Sedis,0.0,Bacteria
RandomForest,warning_acid_base_balance,BAC_F::Rhodanobacteraceae,0.006267151296547022,Bacteria
RandomForest,warning_acid_base_balance,BAC_F::Rhodobacteraceae,0.005377771735325593,Bacteria
RandomForest,warning_acid_base_balance,BAC_F::Rhodocyclaceae,0.027750994612991627,Bacteria
RandomForest,warning_acid_base_balance,BAC_F::Rickettsiaceae,0.0,Bacteria
RandomForest,warning_acid_base_balance,BAC_F::Rikenellaceae,0.00909161787191463,Bacteria
RandomForest,warning_acid_base_balance,BAC_F::Rubinisphaeraceae,0.0005811610770844105,Bacteria
RandomForest,warning_acid_base_balance,BAC_F::Ruminococcaceae,0.016395545325058075,Bacteria
RandomForest,warning_acid_base_balance,BAC_F::Run-SP154,4.465564577126672e-18,Bacteria
RandomForest,warning_acid_base_balance,BAC_F::S15A-MN91,7.253083276503188e-18,Bacteria
RandomForest,warning_acid_base_balance,BAC_F::SB-5,4.8292136247135874e-18,Bacteria
RandomForest,warning_acid_base_balance,BAC_F::SBR1031,0.000787110399190154,Bacteria
RandomForest,warning_acid_base_balance,BAC_F::SC-I-84,0.0026809244385527496,Bacteria
RandomForest,warning_acid_base_balance,BAC_F::SHA-41,0.0,Bacteria
RandomForest,warning_acid_base_balance,BAC_F::SJA-15,0.0019310976709408885,Bacteria
RandomForest,warning_acid_base_balance,BAC_F::SJA-28,0.009757096658965807,Bacteria
RandomForest,warning_acid_base_balance,BAC_F::SM1A07,0.0,Bacteria
RandomForest,warning_acid_base_balance,BAC_F::SRB2,0.002885515341089479,Bacteria
RandomForest,warning_acid_base_balance,BAC_F::ST-12K33,0.007688746357062861,Bacteria
RandomForest,warning_acid_base_balance,BAC_F::Saccharimonadaceae,0.0,Bacteria
RandomForest,warning_acid_base_balance,BAC_F::Saccharimonadales,5.557503983665377e-18,Bacteria
RandomForest,warning_acid_base_balance,BAC_F::Saprospiraceae,0.01984980437062945,Bacteria
RandomForest,warning_acid_base_balance,BAC_F::Schlesneriaceae,0.0,Bacteria
RandomForest,warning_acid_base_balance,BAC_F::Sedimentibacteraceae,0.02125343698219341,Bacteria
RandomForest,warning_acid_base_balance,BAC_F::Selenomonadaceae,0.0,Bacteria
RandomForest,warning_acid_base_balance,BAC_F::Smithellaceae,0.007154069199360824,Bacteria
RandomForest,warning_acid_base_balance,BAC_F::Solibacteraceae,0.0,Bacteria
RandomForest,warning_acid_base_balance,BAC_F::Sphingobacteriaceae,0.0,Bacteria
RandomForest,warning_acid_base_balance,BAC_F::Sphingomonadaceae,0.0003906845200990331,Bacteria
RandomForest,warning_acid_base_balance,BAC_F::Spirochaetaceae,0.027969740903918166,Bacteria
RandomForest,warning_acid_base_balance,BAC_F::Spongiibacteraceae,0.0,Bacteria
RandomForest,warning_acid_base_balance,BAC_F::Sporichthyaceae,0.0,Bacteria
RandomForest,warning_acid_base_balance,BAC_F::Sporomusaceae,0.0,Bacteria
RandomForest,warning_acid_base_balance,BAC_F::Steroidobacteraceae,0.0,Bacteria
RandomForest,warning_acid_base_balance,BAC_F::Streptococcaceae,0.0015625047375819846,Bacteria
RandomForest,warning_acid_base_balance,BAC_F::Sumerlaeaceae,8.819762049254765e-18,Bacteria
RandomForest,warning_acid_base_balance,BAC_F::Sutterellaceae,0.00042672292871265727,Bacteria
RandomForest,warning_acid_base_balance,BAC_F::Sva0485,0.0,Bacteria
RandomForest,warning_acid_base_balance,BAC_F::Symbiobacteraceae,0.0,Bacteria
RandomForest,warning_acid_base_balance,BAC_F::Synergistaceae,0.010899988528424883,Bacteria
RandomForest,warning_acid_base_balance,BAC_F::Syntrophaceae,1.8391593708161134e-18,Bacteria
RandomForest,warning_acid_base_balance,BAC_F::Syntrophobacteraceae,0.001240164868375579,Bacteria
RandomForest,warning_acid_base_balance,BAC_F::Syntrophobotulaceae,0.0,Bacteria
RandomForest,warning_acid_base_balance,BAC_F::Syntrophomonadaceae,0.007269739532785405,Bacteria
RandomForest,warning_acid_base_balance,BAC_F::Syntrophorhabdaceae,0.0030013881858557854,Bacteria
RandomForest,warning_acid_base_balance,BAC_F::Syntrophotaleaceae,1.4782709131878957e-17,Bacteria
RandomForest,warning_acid_base_balance,BAC_F::TA06,0.0,Bacteria
RandomForest,warning_acid_base_balance,BAC_F::TTA-B1,0.0,Bacteria
RandomForest,warning_acid_base_balance,BAC_F::Tannerellaceae,0.0030648860251421173,Bacteria
RandomForest,warning_acid_base_balance,BAC_F::Thermaceae,0.0,Bacteria
RandomForest,warning_acid_base_balance,BAC_F::Thermacetogeniaceae,0.0014554258769384873,Bacteria
RandomForest,warning_acid_base_balance,BAC_F::Thermoanaerobaculaceae,0.0,Bacteria
RandomForest,warning_acid_base_balance,BAC_F::Thermotaleaceae,0.0002157425056771009,Bacteria
RandomForest,warning_acid_base_balance,BAC_F::Thermovenabulales,0.00423927108239587,Bacteria
RandomForest,warning_acid_base_balance,BAC_F::Thioalkalispiraceae,0.0,Bacteria
RandomForest,warning_acid_base_balance,BAC_F::Trueperaceae,0.0,Bacteria
RandomForest,warning_acid_base_balance,BAC_F::UCG-010,0.0031646975078805113,Bacteria
RandomForest,warning_acid_base_balance,BAC_F::Veillonellaceae,0.010658413841578339,Bacteria
RandomForest,warning_acid_base_balance,BAC_F::Vermiphilaceae,0.0,Bacteria
RandomForest,warning_acid_base_balance,BAC_F::Verrucomicrobiaceae,0.0,Bacteria
RandomForest,warning_acid_base_balance,BAC_F::Vibrionaceae,0.0,Bacteria
RandomForest,warning_acid_base_balance,BAC_F::W27,0.008761346715662257,Bacteria
RandomForest,warning_acid_base_balance,BAC_F::WCHB1-02,0.021217727345871865,Bacteria
RandomForest,warning_acid_base_balance,BAC_F::WCHB1-41,0.0020270851760123155,Bacteria
RandomForest,warning_acid_base_balance,BAC_F::WCHB1-81,3.589154870662272e-18,Bacteria
RandomForest,warning_acid_base_balance,BAC_F::WPS-2,0.0,Bacteria
RandomForest,warning_acid_base_balance,BAC_F::WS1,0.0031305236651845187,Bacteria
RandomForest,warning_acid_base_balance,BAC_F::WWE3,0.0,Bacteria
RandomForest,warning_acid_base_balance,BAC_F::Weeksellaceae,1.4361837508695986e-17,Bacteria
RandomForest,warning_acid_base_balance,BAC_F::Williamwhitmaniaceae,0.00656762767341356,Bacteria
RandomForest,warning_acid_base_balance,BAC_F::Wohlfahrtiimonadaceae,0.0,Bacteria
RandomForest,warning_acid_base_balance,BAC_F::Xanthobacteraceae,0.0018348093574952048,Bacteria
RandomForest,warning_acid_base_balance,BAC_F::Xanthomonadaceae,0.004458320734269583,Bacteria
RandomForest,warning_acid_base_balance,BAC_F::Yersiniaceae,0.00032739082163885314,Bacteria
RandomForest,warning_acid_base_balance,BAC_F::Z4MB62,0.0,Bacteria
RandomForest,warning_acid_base_balance,BAC_F::Zixibacteria,0.0,Bacteria
RandomForest,warning_acid_base_balance,BAC_F::c5LKS83,0.0,Bacteria
RandomForest,warning_acid_base_balance,BAC_F::cvE6,0.0,Bacteria
RandomForest,warning_acid_base_balance,BAC_F::env.OPS_17,0.0,Bacteria
RandomForest,warning_acid_base_balance,BAC_F::p-251-o5,0.001752287978669721,Bacteria
RandomForest,warning_acid_base_balance,BAC_F::unidentified,0.013907527750217913,Bacteria
RandomForest,warning_acid_base_balance,ARC_F::Aenigmarchaeales,0.0,Archaea
RandomForest,warning_acid_base_balance,ARC_F::Bathyarchaeia,0.0015046238705333744,Archaea
RandomForest,warning_acid_base_balance,ARC_F::Lokiarchaeia,0.0,Archaea
RandomForest,warning_acid_base_balance,ARC_F::Methanocorpusculaceae,0.0027724421919637933,Archaea
RandomForest,warning_acid_base_balance,ARC_F::Methanofastidiosaceae,0.012356280618986328,Archaea
RandomForest,warning_acid_base_balance,ARC_F::Methanomassiliicoccaceae,0.008045908380398861,Archaea
RandomForest,warning_acid_base_balance,ARC_F::Methanomethyliaceae,0.0,Archaea
RandomForest,warning_acid_base_balance,ARC_F::Methanomethylophilaceae,0.007836174854778812,Archaea
RandomForest,warning_acid_base_balance,ARC_F::Methanomicrobiaceae,0.019877133540043623,Archaea
RandomForest,warning_acid_base_balance,ARC_F::Methanomicrobiales,3.309274620580413e-17,Archaea
RandomForest,warning_acid_base_balance,ARC_F::Methanoregulaceae,0.025754305823736074,Archaea
RandomForest,warning_acid_base_balance,ARC_F::Methanosaetaceae,0.02620221039678419,Archaea
RandomForest,warning_acid_base_balance,ARC_F::Methanosarcinaceae,0.006305305861459166,Archaea
RandomForest,warning_acid_base_balance,ARC_F::Methanospirillaceae,0.009869925021833082,Archaea
RandomForest,warning_acid_base_balance,ARC_F::Micrarchaeales,0.0,Archaea
RandomForest,warning_acid_base_balance,ARC_F::Nitrososphaeraceae,0.0010121709378626256,Archaea
RandomForest,warning_acid_base_balance,ARC_F::Rhinosporideacae,0.0,Archaea
RandomForest,warning_acid_base_balance,ARC_F::SCGC_AAA011-D5,0.013568536713349651,Archaea
RandomForest,warning_acid_base_balance,ARC_F::Teleostei,0.0,Archaea
RandomForest,warning_acid_base_balance,ARC_F::Veneroida,0.0,Archaea
RandomForest,warning_acid_base_balance,ARC_F::Woesearchaeales,0.0,Archaea
RandomForest,warning_acid_base_balance,ARC_F::unidentified,0.01987626897318167,Archaea
RandomForest,warning_buffer_capacity,BAC_F::009E01-B-SD-P15,0.00010010216968517642,Bacteria
RandomForest,warning_buffer_capacity,BAC_F::0319-6G20,0.0,Bacteria
RandomForest,warning_buffer_capacity,BAC_F::053A03-B-DI-P58,0.0,Bacteria
RandomForest,warning_buffer_capacity,BAC_F::1-20,0.0,Bacteria
RandomForest,warning_buffer_capacity,BAC_F::113B434,0.0,Bacteria
RandomForest,warning_buffer_capacity,BAC_F::37-13,0.0,Bacteria
RandomForest,warning_buffer_capacity,BAC_F::4572-13,0.0,Bacteria
RandomForest,warning_buffer_capacity,BAC_F::67-14,0.0,Bacteria
RandomForest,warning_buffer_capacity,BAC_F::A0839,0.0,Bacteria
RandomForest,warning_buffer_capacity,BAC_F::A21b,0.0,Bacteria
RandomForest,warning_buffer_capacity,BAC_F::AKYH767,0.004162140797082439,Bacteria
RandomForest,warning_buffer_capacity,BAC_F::Absconditabacteriales_(SR1),0.0,Bacteria
RandomForest,warning_buffer_capacity,BAC_F::Acetobacteraceae,0.0,Bacteria
RandomForest,warning_buffer_capacity,BAC_F::Acetothermiia,0.0,Bacteria
RandomForest,warning_buffer_capacity,BAC_F::Acholeplasmataceae,0.007002644774617903,Bacteria
RandomForest,warning_buffer_capacity,BAC_F::Acidaminococcaceae,0.0,Bacteria
RandomForest,warning_buffer_capacity,BAC_F::Acidobacteriae,0.0,Bacteria
RandomForest,warning_buffer_capacity,BAC_F::Actinomycetaceae,0.0009759529525647193,Bacteria
RandomForest,warning_buffer_capacity,BAC_F::Aerococcaceae,0.0,Bacteria
RandomForest,warning_buffer_capacity,BAC_F::Aeromonadaceae,0.0,Bacteria
RandomForest,warning_buffer_capacity,BAC_F::Alcaligenaceae,0.0,Bacteria
RandomForest,warning_buffer_capacity,BAC_F::Aminicenantales,0.0012059653486638856,Bacteria
RandomForest,warning_buffer_capacity,BAC_F::Anaerofustaceae,0.000584354724876716,Bacteria
RandomForest,warning_buffer_capacity,BAC_F::Anaerolineaceae,0.006534614978418391,Bacteria
RandomForest,warning_buffer_capacity,BAC_F::Anaeromyxobacteraceae,0.0,Bacteria
RandomForest,warning_buffer_capacity,BAC_F::Anaerovoracaceae,0.0068798635688075765,Bacteria
RandomForest,warning_buffer_capacity,BAC_F::Aquaspirillaceae,0.0,Bacteria
RandomForest,warning_buffer_capacity,BAC_F::Arcobacteraceae,0.0012023854632768863,Bacteria
RandomForest,warning_buffer_capacity,BAC_F::Ardenticatenaceae,0.0,Bacteria
RandomForest,warning_buffer_capacity,BAC_F::Arenicellaceae,0.0,Bacteria
RandomForest,warning_buffer_capacity,BAC_F::Atopobiaceae,0.0,Bacteria
RandomForest,warning_buffer_capacity,BAC_F::B1-7BS,0.0,Bacteria
RandomForest,warning_buffer_capacity,BAC_F::B55-F-B-G02,0.0,Bacteria
RandomForest,warning_buffer_capacity,BAC_F::BRH-c20a,0.0,Bacteria
RandomForest,warning_buffer_capacity,BAC_F::Babeliales,0.0,Bacteria
RandomForest,warning_buffer_capacity,BAC_F::Bacillaceae,2.289245430766112e-18,Bacteria
RandomForest,warning_buffer_capacity,BAC_F::Bacteriovoracaceae,0.0,Bacteria
RandomForest,warning_buffer_capacity,BAC_F::Bacteroidaceae,0.0011507164579851487,Bacteria
RandomForest,warning_buffer_capacity,BAC_F::Bacteroidales_UCG-001,0.011216285058710323,Bacteria
RandomForest,warning_buffer_capacity,BAC_F::Bacteroidetes_BD2-2,0.0,Bacteria
RandomForest,warning_buffer_capacity,BAC_F::Bacteroidetes_VC2.1_Bac22,0.0,Bacteria
RandomForest,warning_buffer_capacity,BAC_F::Bacteroidetes_vadinHA17,0.009249974436719887,Bacteria
RandomForest,warning_buffer_capacity,BAC_F::Bdellovibrionaceae,0.0,Bacteria
RandomForest,warning_buffer_capacity,BAC_F::Beijerinckiaceae,0.0,Bacteria
RandomForest,warning_buffer_capacity,BAC_F::Bifidobacteriaceae,0.0034193520724475177,Bacteria
RandomForest,warning_buffer_capacity,BAC_F::Blastocatellaceae,0.0,Bacteria
RandomForest,warning_buffer_capacity,BAC_F::Bogoriellaceae,0.0,Bacteria
RandomForest,warning_buffer_capacity,BAC_F::Brachyspirales_Incertae_Sedis,0.008273875181954023,Bacteria
RandomForest,warning_buffer_capacity,BAC_F::Bradymonadales,0.0,Bacteria
RandomForest,warning_buffer_capacity,BAC_F::Bryobacteraceae,0.0,Bacteria
RandomForest,warning_buffer_capacity,BAC_F::Burkholderiaceae,0.008730869644662267,Bacteria
RandomForest,warning_buffer_capacity,BAC_F::Butyricicoccaceae,0.0,Bacteria
RandomForest,warning_buffer_capacity,BAC_F::C10-SB1A,0.0,Bacteria
RandomForest,warning_buffer_capacity,BAC_F::CCM19a,0.0,Bacteria
RandomForest,warning_buffer_capacity,BAC_F::CK-2C2-2,0.005358989251014619,Bacteria
RandomForest,warning_buffer_capacity,BAC_F::Caldatribacteriaceae,0.018771104988674066,Bacteria
RandomForest,warning_buffer_capacity,BAC_F::Caldicoprobacteraceae,0.006697396112389815,Bacteria
RandomForest,warning_buffer_capacity,BAC_F::Caldilineaceae,0.0012468292630780134,Bacteria
RandomForest,warning_buffer_capacity,BAC_F::Caldisericaceae,0.0015113575854349833,Bacteria
RandomForest,warning_buffer_capacity,BAC_F::Caloramatoraceae,0.0,Bacteria
RandomForest,warning_buffer_capacity,BAC_F::Candidatus_Falkowbacteria,0.0,Bacteria
RandomForest,warning_buffer_capacity,BAC_F::Candidatus_Peregrinibacteria,0.0,Bacteria
RandomForest,warning_buffer_capacity,BAC_F::Candidatus_Shapirobacteria,0.0,Bacteria
RandomForest,warning_buffer_capacity,BAC_F::Carnobacteriaceae,0.0034493902318392645,Bacteria
RandomForest,warning_buffer_capacity,BAC_F::Caulobacteraceae,0.0,Bacteria
RandomForest,warning_buffer_capacity,BAC_F::Chitinimonadaceae,0.0,Bacteria
RandomForest,warning_buffer_capacity,BAC_F::Chitinophagaceae,0.020555310763803517,Bacteria
RandomForest,warning_buffer_capacity,BAC_F::Christensenellaceae,0.011682691386561951,Bacteria
RandomForest,warning_buffer_capacity,BAC_F::Chromobacteriaceae,0.0,Bacteria
RandomForest,warning_buffer_capacity,BAC_F::Chthoniobacteraceae,0.0,Bacteria
RandomForest,warning_buffer_capacity,BAC_F::Chthonomonadales,0.0036942511317503493,Bacteria
RandomForest,warning_buffer_capacity,BAC_F::Cloacimonadaceae,0.006845815419791721,Bacteria
RandomForest,warning_buffer_capacity,BAC_F::Cloacimonadales,0.0,Bacteria
RandomForest,warning_buffer_capacity,BAC_F::Clostridia_UCG-014,0.0012184105293849212,Bacteria
RandomForest,warning_buffer_capacity,BAC_F::Clostridiaceae,2.434569391971425e-05,Bacteria
RandomForest,warning_buffer_capacity,BAC_F::Comamonadaceae,0.017756689623116835,Bacteria
RandomForest,warning_buffer_capacity,BAC_F::Competibacteraceae,0.0027208519819164035,Bacteria
RandomForest,warning_buffer_capacity,BAC_F::Coprothermobacteraceae,0.000726194840657457,Bacteria
RandomForest,warning_buffer_capacity,BAC_F::Coriobacteriales_Incertae_Sedis,0.0,Bacteria
RandomForest,warning_buffer_capacity,BAC_F::Corynebacteriaceae,0.0,Bacteria
RandomForest,warning_buffer_capacity,BAC_F::Crocinitomicaceae,0.0,Bacteria
RandomForest,warning_buffer_capacity,BAC_F::D8A-2,0.015515555317381908,Bacteria
RandomForest,warning_buffer_capacity,BAC_F::DEV007,6.777701076120629e-18,Bacteria
RandomForest,warning_buffer_capacity,BAC_F::DS-100,0.003258907011535656,Bacteria
RandomForest,warning_buffer_capacity,BAC_F::DTU014,0.006172170357581457,Bacteria
RandomForest,warning_buffer_capacity,BAC_F::Defluviicoccaceae,0.0,Bacteria
RandomForest,warning_buffer_capacity,BAC_F::Defluviitaleaceae,0.0,Bacteria
RandomForest,warning_buffer_capacity,BAC_F::Dermatophilaceae,0.0,Bacteria
RandomForest,warning_buffer_capacity,BAC_F::Desulfitibacteraceae,0.0,Bacteria
RandomForest,warning_buffer_capacity,BAC_F::Desulfobulbaceae,0.0011243889542866558,Bacteria
RandomForest,warning_buffer_capacity,BAC_F::Desulfomicrobiaceae,0.001502364090451518,Bacteria
RandomForest,warning_buffer_capacity,BAC_F::Desulfotomaculales,0.011746721065244948,Bacteria
RandomForest,warning_buffer_capacity,BAC_F::Desulfovibrionaceae,0.0,Bacteria
RandomForest,warning_buffer_capacity,BAC_F::Dethiobacteraceae,0.004830137688126887,Bacteria
RandomForest,warning_buffer_capacity,BAC_F::Devosiaceae,0.0,Bacteria
RandomForest,warning_buffer_capacity,BAC_F::Dietziaceae,0.0,Bacteria
RandomForest,warning_buffer_capacity,BAC_F::Diplorickettsiaceae,0.0,Bacteria
RandomForest,warning_buffer_capacity,BAC_F::Dongiaceae,0.0,Bacteria
RandomForest,warning_buffer_capacity,BAC_F::Dysgonomonadaceae,0.02357319957939477,Bacteria
RandomForest,warning_buffer_capacity,BAC_F::Eggerthellaceae,0.0,Bacteria
RandomForest,warning_buffer_capacity,BAC_F::Elsteraceae,0.0,Bacteria
RandomForest,warning_buffer_capacity,BAC_F::Endomicrobiaceae,0.0,Bacteria
RandomForest,warning_buffer_capacity,BAC_F::Enterobacteriaceae,0.0036337281502194707,Bacteria
RandomForest,warning_buffer_capacity,BAC_F::Enterococcaceae,0.0,Bacteria
RandomForest,warning_buffer_capacity,BAC_F::Erwiniaceae,0.0,Bacteria
RandomForest,warning_buffer_capacity,BAC_F::Erysipelatoclostridiaceae,0.004111552538740079,Bacteria
RandomForest,warning_buffer_capacity,BAC_F::Erysipelotrichaceae,0.0,Bacteria
RandomForest,warning_buffer_capacity,BAC_F::Eubacteriaceae,0.0,Bacteria
RandomForest,warning_buffer_capacity,BAC_F::F082,0.0,Bacteria
RandomForest,warning_buffer_capacity,BAC_F::FTLpost3,0.0,Bacteria
RandomForest,warning_buffer_capacity,BAC_F::Fermentibacteraceae,0.0,Bacteria
RandomForest,warning_buffer_capacity,BAC_F::Fervidobacteriaceae,6.476180140581212e-18,Bacteria
RandomForest,warning_buffer_capacity,BAC_F::Fibrobacteraceae,0.004344944282182321,Bacteria
RandomForest,warning_buffer_capacity,BAC_F::Fibrobacterales,0.0,Bacteria
RandomForest,warning_buffer_capacity,BAC_F::Fimbriimonadaceae,0.0022785391352062243,Bacteria
RandomForest,warning_buffer_capacity,BAC_F::Flavobacteriaceae,0.0,Bacteria
RandomForest,warning_buffer_capacity,BAC_F::Fusibacteraceae,0.0017697516483537756,Bacteria
RandomForest,warning_buffer_capacity,BAC_F::Fusobacteriaceae,0.0,Bacteria
RandomForest,warning_buffer_capacity,BAC_F::GZKB124,0.0,Bacteria
RandomForest,warning_buffer_capacity,BAC_F::GZKB75,0.0,Bacteria
RandomForest,warning_buffer_capacity,BAC_F::Gallionellaceae,0.0,Bacteria
RandomForest,warning_buffer_capacity,BAC_F::Garciellaceae,5.702204955003832e-18,Bacteria
RandomForest,warning_buffer_capacity,BAC_F::Gemmataceae,0.0009408344401539627,Bacteria
RandomForest,warning_buffer_capacity,BAC_F::Gemmatimonadaceae,9.273257185785152e-18,Bacteria
RandomForest,warning_buffer_capacity,BAC_F::Geobacteraceae,0.0,Bacteria
RandomForest,warning_buffer_capacity,BAC_F::Gracilibacteraceae,0.0013753920555825353,Bacteria
RandomForest,warning_buffer_capacity,BAC_F::HOC36,0.0,Bacteria
RandomForest,warning_buffer_capacity,BAC_F::Hahellaceae,0.0,Bacteria
RandomForest,warning_buffer_capacity,BAC_F::Halanaerobiaceae,0.0,Bacteria
RandomForest,warning_buffer_capacity,BAC_F::Haliangiaceae,0.0,Bacteria
RandomForest,warning_buffer_capacity,BAC_F::Halomonadaceae,0.0,Bacteria
RandomForest,warning_buffer_capacity,BAC_F::Holophagaceae,0.005009603244194883,Bacteria
RandomForest,warning_buffer_capacity,BAC_F::Hungateiclostridiaceae,0.020098331011655236,Bacteria
RandomForest,warning_buffer_capacity,BAC_F::Hydrogenedensaceae,0.0019370757507024695,Bacteria
RandomForest,warning_buffer_capacity,BAC_F::Hydrogenophilaceae,0.0,Bacteria
RandomForest,warning_buffer_capacity,BAC_F::Hydrothermae,0.0,Bacteria
RandomForest,warning_buffer_capacity,BAC_F::Hyphomicrobiaceae,0.0,Bacteria
RandomForest,warning_buffer_capacity,BAC_F::Hyphomonadaceae,0.0,Bacteria
RandomForest,warning_buffer_capacity,BAC_F::IMCC26256,0.0,Bacteria
RandomForest,warning_buffer_capacity,BAC_F::Iamiaceae,5.1441792140800126e-18,Bacteria
RandomForest,warning_buffer_capacity,BAC_F::Ignavibacteriaceae,0.0,Bacteria
RandomForest,warning_buffer_capacity,BAC_F::Ilumatobacteraceae,0.0,Bacteria
RandomForest,warning_buffer_capacity,BAC_F::Incertae_Sedis,0.0012942426035973513,Bacteria
RandomForest,warning_buffer_capacity,BAC_F::Intrasporangiaceae,0.014414035214617748,Bacteria
RandomForest,warning_buffer_capacity,BAC_F::Isosphaeraceae,0.0,Bacteria
RandomForest,warning_buffer_capacity,BAC_F::Izemoplasmataceae,0.0,Bacteria
RandomForest,warning_buffer_capacity,BAC_F::Izemoplasmatales,0.003306065577390785,Bacteria
RandomForest,warning_buffer_capacity,BAC_F::JG36-GS-52,0.0,Bacteria
RandomForest,warning_buffer_capacity,BAC_F::JS1,0.0128104748708326,Bacteria
RandomForest,warning_buffer_capacity,BAC_F::KCLunmb-38-53,0.0,Bacteria
RandomForest,warning_buffer_capacity,BAC_F::Kapabacteriales,0.002111247349670832,Bacteria
RandomForest,warning_buffer_capacity,BAC_F::Kosmotogaceae,0.0,Bacteria
RandomForest,warning_buffer_capacity,BAC_F::LD1-PA32,0.0,Bacteria
RandomForest,warning_buffer_capacity,BAC_F::LD1-PB3,0.007453495974838982,Bacteria
RandomForest,warning_buffer_capacity,BAC_F::LF045,0.0009691856039125185,Bacteria
RandomForest,warning_buffer_capacity,BAC_F::LWQ8,0.0,Bacteria
RandomForest,warning_buffer_capacity,BAC_F::Lachnospiraceae,0.009254941509606889,Bacteria
RandomForest,warning_buffer_capacity,BAC_F::Lactobacillaceae,0.002093267598142563,Bacteria
RandomForest,warning_buffer_capacity,BAC_F::Leeiaceae,0.0,Bacteria
RandomForest,warning_buffer_capacity,BAC_F::Lentimicrobiaceae,0.006045747756130466,Bacteria
RandomForest,warning_buffer_capacity,BAC_F::Leptospiraceae,0.0051042520897944645,Bacteria
RandomForest,warning_buffer_capacity,BAC_F::Leptotrichiaceae,0.0011459824190666514,Bacteria
RandomForest,warning_buffer_capacity,BAC_F::Leuconostocaceae,0.0,Bacteria
RandomForest,warning_buffer_capacity,BAC_F::LiUU-11-161,0.0,Bacteria
RandomForest,warning_buffer_capacity,BAC_F::Limnochordaceae,0.0,Bacteria
RandomForest,warning_buffer_capacity,BAC_F::Limnochordia,1.1869972781732622e-17,Bacteria
RandomForest,warning_buffer_capacity,BAC_F::M55-D21,0.0,Bacteria
RandomForest,warning_buffer_capacity,BAC_F::MAT-CR-H4-C10,0.0,Bacteria
RandomForest,warning_buffer_capacity,BAC_F::MBA03,0.015612998429144355,Bacteria
RandomForest,warning_buffer_capacity,BAC_F::MVP-15,0.00075078655293877,Bacteria
RandomForest,warning_buffer_capacity,BAC_F::Marinifilaceae,0.0,Bacteria
RandomForest,warning_buffer_capacity,BAC_F::Marinilabiliaceae,0.020040647650783772,Bacteria
RandomForest,warning_buffer_capacity,BAC_F::Marinimicrobia_(SAR406_clade),0.013961190058521256,Bacteria
RandomForest,warning_buffer_capacity,BAC_F::Methylococcaceae,0.0,Bacteria
RandomForest,warning_buffer_capacity,BAC_F::Methylomonadaceae,0.0009902964208678795,Bacteria
RandomForest,warning_buffer_capacity,BAC_F::Methylophilaceae,0.0,Bacteria
RandomForest,warning_buffer_capacity,BAC_F::MgMjR-022,0.002901142483052928,Bacteria
RandomForest,warning_buffer_capacity,BAC_F::Microbacteriaceae,0.0017581881475474718,Bacteria
RandomForest,warning_buffer_capacity,BAC_F::Micrococcaceae,0.0,Bacteria
RandomForest,warning_buffer_capacity,BAC_F::Microscillaceae,0.0,Bacteria
RandomForest,warning_buffer_capacity,BAC_F::Microtrichaceae,0.0034248790248614202,Bacteria
RandomForest,warning_buffer_capacity,BAC_F::Monoglobaceae,0.0,Bacteria
RandomForest,warning_buffer_capacity,BAC_F::Moorellaceae,0.0,Bacteria
RandomForest,warning_buffer_capacity,BAC_F::Moraxellaceae,0.0013342372893567326,Bacteria
RandomForest,warning_buffer_capacity,BAC_F::Morganellaceae,0.0,Bacteria
RandomForest,warning_buffer_capacity,BAC_F::Mycobacteriaceae,0.0,Bacteria
RandomForest,warning_buffer_capacity,BAC_F::NK-L14,0.0,Bacteria
RandomForest,warning_buffer_capacity,BAC_F::NKB15,0.0,Bacteria
RandomForest,warning_buffer_capacity,BAC_F::Nannocystaceae,0.0,Bacteria
RandomForest,warning_buffer_capacity,BAC_F::Neisseriaceae,0.0,Bacteria
RandomForest,warning_buffer_capacity,BAC_F::Nitrosococcaceae,1.5583204351585103e-17,Bacteria
RandomForest,warning_buffer_capacity,BAC_F::Nitrosomonadaceae,0.0005923952889131828,Bacteria
RandomForest,warning_buffer_capacity,BAC_F::Nitrospiraceae,0.0,Bacteria
RandomForest,warning_buffer_capacity,BAC_F::OLB14,0.0,Bacteria
RandomForest,warning_buffer_capacity,BAC_F::OPB41,0.0,Bacteria
RandomForest,warning_buffer_capacity,BAC_F::Obscuribacteraceae,0.0,Bacteria
RandomForest,warning_buffer_capacity,BAC_F::Oligosphaeraceae,0.0018193639240021756,Bacteria
RandomForest,warning_buffer_capacity,BAC_F::Omnitrophaceae,0.0,Bacteria
RandomForest,warning_buffer_capacity,BAC_F::Oscillospiraceae,0.03859921798332213,Bacteria
RandomForest,warning_buffer_capacity,BAC_F::Oxalobacteraceae,0.0,Bacteria
RandomForest,warning_buffer_capacity,BAC_F::PB19,0.0,Bacteria
RandomForest,warning_buffer_capacity,BAC_F::PBS-18,0.0,Bacteria
RandomForest,warning_buffer_capacity,BAC_F::PHOS-HE36,0.001092458659526224,Bacteria
RandomForest,warning_buffer_capacity,BAC_F::PLTA13,4.0010211851134054e-18,Bacteria
RandomForest,warning_buffer_capacity,BAC_F::Paludibacteraceae,0.004002194291004743,Bacteria
RandomForest,warning_buffer_capacity,BAC_F::PeH15,0.0,Bacteria
RandomForest,warning_buffer_capacity,BAC_F::PeM15,0.0,Bacteria
RandomForest,warning_buffer_capacity,BAC_F::Pedosphaeraceae,0.0025082932561506384,Bacteria
RandomForest,warning_buffer_capacity,BAC_F::Peptococcaceae,0.002387839219704532,Bacteria
RandomForest,warning_buffer_capacity,BAC_F::Peptostreptococcaceae,0.0,Bacteria
RandomForest,warning_buffer_capacity,BAC_F::Peptostreptococcales-Tissierellales,0.02105746631861763,Bacteria
RandomForest,warning_buffer_capacity,BAC_F::Petrotogaceae,0.01703606539744616,Bacteria
RandomForest,warning_buffer_capacity,BAC_F::Phycisphaeraceae,0.0,Bacteria
RandomForest,warning_buffer_capacity,BAC_F::Pirellulaceae,0.003778937859486938,Bacteria
RandomForest,warning_buffer_capacity,BAC_F::Pla3_lineage,0.0,Bacteria
RandomForest,warning_buffer_capacity,BAC_F::Planococcaceae,0.0,Bacteria
RandomForest,warning_buffer_capacity,BAC_F::Porticoccaceae,0.0,Bacteria
RandomForest,warning_buffer_capacity,BAC_F::Prevotellaceae,0.03150057870632388,Bacteria
RandomForest,warning_buffer_capacity,BAC_F::Prolixibacteraceae,0.010345876057462096,Bacteria
RandomForest,warning_buffer_capacity,BAC_F::Propionibacteriaceae,0.0,Bacteria
RandomForest,warning_buffer_capacity,BAC_F::Proteiniboraceae,0.0,Bacteria
RandomForest,warning_buffer_capacity,BAC_F::Pseudomonadaceae,0.01747109963566408,Bacteria
RandomForest,warning_buffer_capacity,BAC_F::RBG-13-54-9,0.0,Bacteria
RandomForest,warning_buffer_capacity,BAC_F::RBG-16-55-12,0.0,Bacteria
RandomForest,warning_buffer_capacity,BAC_F::Reyranellaceae,0.0,Bacteria
RandomForest,warning_buffer_capacity,BAC_F::Rhizobiaceae,8.625552260845278e-06,Bacteria
RandomForest,warning_buffer_capacity,BAC_F::Rhizobiales_Incertae_Sedis,0.0013239044241617854,Bacteria
RandomForest,warning_buffer_capacity,BAC_F::Rhodanobacteraceae,0.02214413957499569,Bacteria
RandomForest,warning_buffer_capacity,BAC_F::Rhodobacteraceae,0.008201982934420338,Bacteria
RandomForest,warning_buffer_capacity,BAC_F::Rhodocyclaceae,0.013982576415429548,Bacteria
RandomForest,warning_buffer_capacity,BAC_F::Rickettsiaceae,0.0,Bacteria
RandomForest,warning_buffer_capacity,BAC_F::Rikenellaceae,0.010264701882983892,Bacteria
RandomForest,warning_buffer_capacity,BAC_F::Rubinisphaeraceae,2.403849244850975e-18,Bacteria
RandomForest,warning_buffer_capacity,BAC_F::Ruminococcaceae,0.006307020845151841,Bacteria
RandomForest,warning_buffer_capacity,BAC_F::Run-SP154,0.0,Bacteria
RandomForest,warning_buffer_capacity,BAC_F::S15A-MN91,0.008806288939262968,Bacteria
RandomForest,warning_buffer_capacity,BAC_F::SB-5,0.010423439317544653,Bacteria
RandomForest,warning_buffer_capacity,BAC_F::SBR1031,0.004118218444605836,Bacteria
RandomForest,warning_buffer_capacity,BAC_F::SC-I-84,0.005405539847621766,Bacteria
RandomForest,warning_buffer_capacity,BAC_F::SHA-41,0.0,Bacteria
RandomForest,warning_buffer_capacity,BAC_F::SJA-15,0.0011175852558765922,Bacteria
RandomForest,warning_buffer_capacity,BAC_F::SJA-28,0.009778495170639282,Bacteria
RandomForest,warning_buffer_capacity,BAC_F::SM1A07,0.0,Bacteria
RandomForest,warning_buffer_capacity,BAC_F::SRB2,0.0005469623702892084,Bacteria
RandomForest,warning_buffer_capacity,BAC_F::ST-12K33,0.01989538154929477,Bacteria
RandomForest,warning_buffer_capacity,BAC_F::Saccharimonadaceae,0.0,Bacteria
RandomForest,warning_buffer_capacity,BAC_F::Saccharimonadales,0.0008510944506659457,Bacteria
RandomForest,warning_buffer_capacity,BAC_F::Saprospiraceae,0.007281461655222231,Bacteria
RandomForest,warning_buffer_capacity,BAC_F::Schlesneriaceae,0.0,Bacteria
RandomForest,warning_buffer_capacity,BAC_F::Sedimentibacteraceae,0.007948106984340089,Bacteria
RandomForest,warning_buffer_capacity,BAC_F::Selenomonadaceae,0.0,Bacteria
RandomForest,warning_buffer_capacity,BAC_F::Smithellaceae,0.003304086115312339,Bacteria
RandomForest,warning_buffer_capacity,BAC_F::Solibacteraceae,0.0,Bacteria
RandomForest,warning_buffer_capacity,BAC_F::Sphingobacteriaceae,0.0,Bacteria
RandomForest,warning_buffer_capacity,BAC_F::Sphingomonadaceae,0.008202038799544556,Bacteria
RandomForest,warning_buffer_capacity,BAC_F::Spirochaetaceae,0.03708032263083064,Bacteria
RandomForest,warning_buffer_capacity,BAC_F::Spongiibacteraceae,0.002576798479386794,Bacteria
RandomForest,warning_buffer_capacity,BAC_F::Sporichthyaceae,0.0,Bacteria
RandomForest,warning_buffer_capacity,BAC_F::Sporomusaceae,0.0,Bacteria
RandomForest,warning_buffer_capacity,BAC_F::Steroidobacteraceae,0.0,Bacteria
RandomForest,warning_buffer_capacity,BAC_F::Streptococcaceae,0.0007812244413568568,Bacteria
RandomForest,warning_buffer_capacity,BAC_F::Sumerlaeaceae,0.0,Bacteria
RandomForest,warning_buffer_capacity,BAC_F::Sutterellaceae,0.0006599645443945895,Bacteria
RandomForest,warning_buffer_capacity,BAC_F::Sva0485,0.0,Bacteria
RandomForest,warning_buffer_capacity,BAC_F::Symbiobacteraceae,0.0,Bacteria
RandomForest,warning_buffer_capacity,BAC_F::Synergistaceae,0.01524068091673017,Bacteria
RandomForest,warning_buffer_capacity,BAC_F::Syntrophaceae,0.0038195593857700463,Bacteria
RandomForest,warning_buffer_capacity,BAC_F::Syntrophobacteraceae,0.0,Bacteria
RandomForest,warning_buffer_capacity,BAC_F::Syntrophobotulaceae,0.0,Bacteria
RandomForest,warning_buffer_capacity,BAC_F::Syntrophomonadaceae,0.007322647569366108,Bacteria
RandomForest,warning_buffer_capacity,BAC_F::Syntrophorhabdaceae,0.003965376621287232,Bacteria
RandomForest,warning_buffer_capacity,BAC_F::Syntrophotaleaceae,0.0,Bacteria
RandomForest,warning_buffer_capacity,BAC_F::TA06,0.0,Bacteria
RandomForest,warning_buffer_capacity,BAC_F::TTA-B1,0.0011188513597776995,Bacteria
RandomForest,warning_buffer_capacity,BAC_F::Tannerellaceae,0.002495705122035947,Bacteria
RandomForest,warning_buffer_capacity,BAC_F::Thermaceae,0.0,Bacteria
RandomForest,warning_buffer_capacity,BAC_F::Thermacetogeniaceae,0.0051587179789812755,Bacteria
RandomForest,warning_buffer_capacity,BAC_F::Thermoanaerobaculaceae,0.0025613782137902425,Bacteria
RandomForest,warning_buffer_capacity,BAC_F::Thermotaleaceae,0.0,Bacteria
RandomForest,warning_buffer_capacity,BAC_F::Thermovenabulales,0.003130653970207621,Bacteria
RandomForest,warning_buffer_capacity,BAC_F::Thioalkalispiraceae,0.0,Bacteria
RandomForest,warning_buffer_capacity,BAC_F::Trueperaceae,0.0,Bacteria
RandomForest,warning_buffer_capacity,BAC_F::UCG-010,0.004482179750376485,Bacteria
RandomForest,warning_buffer_capacity,BAC_F::Veillonellaceae,0.0,Bacteria
RandomForest,warning_buffer_capacity,BAC_F::Vermiphilaceae,0.0,Bacteria
RandomForest,warning_buffer_capacity,BAC_F::Verrucomicrobiaceae,0.0,Bacteria
RandomForest,warning_buffer_capacity,BAC_F::Vibrionaceae,0.0,Bacteria
RandomForest,warning_buffer_capacity,BAC_F::W27,0.0047033621034802825,Bacteria
RandomForest,warning_buffer_capacity,BAC_F::WCHB1-02,0.021572087693087796,Bacteria
RandomForest,warning_buffer_capacity,BAC_F::WCHB1-41,0.02030042805163479,Bacteria
RandomForest,warning_buffer_capacity,BAC_F::WCHB1-81,0.002128831944956684,Bacteria
RandomForest,warning_buffer_capacity,BAC_F::WPS-2,0.0,Bacteria
RandomForest,warning_buffer_capacity,BAC_F::WS1,0.0035425978365551153,Bacteria
RandomForest,warning_buffer_capacity,BAC_F::WWE3,0.0,Bacteria
RandomForest,warning_buffer_capacity,BAC_F::Weeksellaceae,0.0010297791456332563,Bacteria
RandomForest,warning_buffer_capacity,BAC_F::Williamwhitmaniaceae,0.005390504175921859,Bacteria
RandomForest,warning_buffer_capacity,BAC_F::Wohlfahrtiimonadaceae,0.0,Bacteria
RandomForest,warning_buffer_capacity,BAC_F::Xanthobacteraceae,0.00042995723687300213,Bacteria
RandomForest,warning_buffer_capacity,BAC_F::Xanthomonadaceae,0.0033935261120515,Bacteria
RandomForest,warning_buffer_capacity,BAC_F::Yersiniaceae,0.0,Bacteria
RandomForest,warning_buffer_capacity,BAC_F::Z4MB62,0.0,Bacteria
RandomForest,warning_buffer_capacity,BAC_F::Zixibacteria,0.0,Bacteria
RandomForest,warning_buffer_capacity,BAC_F::c5LKS83,0.0,Bacteria
RandomForest,warning_buffer_capacity,BAC_F::cvE6,0.0,Bacteria
RandomForest,warning_buffer_capacity,BAC_F::env.OPS_17,0.0,Bacteria
RandomForest,warning_buffer_capacity,BAC_F::p-251-o5,0.0,Bacteria
RandomForest,warning_buffer_capacity,BAC_F::unidentified,0.009669660067653253,Bacteria
RandomForest,warning_buffer_capacity,ARC_F::Aenigmarchaeales,0.0,Archaea
RandomForest,warning_buffer_capacity,ARC_F::Bathyarchaeia,0.00929044230871828,Archaea
RandomForest,warning_buffer_capacity,ARC_F::Lokiarchaeia,0.0,Archaea
RandomForest,warning_buffer_capacity,ARC_F::Methanocorpusculaceae,0.006624466200614837,Archaea
RandomForest,warning_buffer_capacity,ARC_F::Methanofastidiosaceae,0.010808513230466187,Archaea
RandomForest,warning_buffer_capacity,ARC_F::Methanomassiliicoccaceae,0.020891006255697883,Archaea
RandomForest,warning_buffer_capacity,ARC_F::Methanomethyliaceae,0.001943301952721499,Archaea
RandomForest,warning_buffer_capacity,ARC_F::Methanomethylophilaceae,0.0038529282178426418,Archaea
RandomForest,warning_buffer_capacity,ARC_F::Methanomicrobiaceae,0.007827573167381597,Archaea
RandomForest,warning_buffer_capacity,ARC_F::Methanomicrobiales,0.010096158963092516,Archaea
RandomForest,warning_buffer_capacity,ARC_F::Methanoregulaceae,0.005465470923788057,Archaea
RandomForest,warning_buffer_capacity,ARC_F::Methanosaetaceae,0.010136824995236184,Archaea
RandomForest,warning_buffer_capacity,ARC_F::Methanosarcinaceae,0.018642114714816856,Archaea
RandomForest,warning_buffer_capacity,ARC_F::Methanospirillaceae,0.010016018980947313,Archaea
RandomForest,warning_buffer_capacity,ARC_F::Micrarchaeales,3.6768451238290416e-18,Archaea
RandomForest,warning_buffer_capacity,ARC_F::Nitrososphaeraceae,3.7008986028453285e-18,Archaea
RandomForest,warning_buffer_capacity,ARC_F::Rhinosporideacae,0.0,Archaea
RandomForest,warning_buffer_capacity,ARC_F::SCGC_AAA011-D5,0.00023192299040696363,Archaea
RandomForest,warning_buffer_capacity,ARC_F::Teleostei,0.0,Archaea
RandomForest,warning_buffer_capacity,ARC_F::Veneroida,0.0,Archaea
RandomForest,warning_buffer_capacity,ARC_F::Woesearchaeales,0.0,Archaea
RandomForest,warning_buffer_capacity,ARC_F::unidentified,0.0065657972394035525,Archaea
RandomForest,warning_acid_accumulation,BAC_F::009E01-B-SD-P15,0.005399858573901873,Bacteria
RandomForest,warning_acid_accumulation,BAC_F::0319-6G20,0.0,Bacteria
RandomForest,warning_acid_accumulation,BAC_F::053A03-B-DI-P58,0.0,Bacteria
RandomForest,warning_acid_accumulation,BAC_F::1-20,4.4868625872303794e-18,Bacteria
RandomForest,warning_acid_accumulation,BAC_F::113B434,0.0,Bacteria
RandomForest,warning_acid_accumulation,BAC_F::37-13,0.0,Bacteria
RandomForest,warning_acid_accumulation,BAC_F::4572-13,0.0,Bacteria
RandomForest,warning_acid_accumulation,BAC_F::67-14,0.0,Bacteria
RandomForest,warning_acid_accumulation,BAC_F::A0839,6.350190988855049e-18,Bacteria
RandomForest,warning_acid_accumulation,BAC_F::A21b,0.0,Bacteria
RandomForest,warning_acid_accumulation,BAC_F::AKYH767,0.0018732959889514592,Bacteria
RandomForest,warning_acid_accumulation,BAC_F::Absconditabacteriales_(SR1),0.0009344019224844618,Bacteria
RandomForest,warning_acid_accumulation,BAC_F::Acetobacteraceae,2.7177607883434824e-18,Bacteria
RandomForest,warning_acid_accumulation,BAC_F::Acetothermiia,3.82605696413876e-18,Bacteria
RandomForest,warning_acid_accumulation,BAC_F::Acholeplasmataceae,0.01103265686430446,Bacteria
RandomForest,warning_acid_accumulation,BAC_F::Acidaminococcaceae,1.4852632237726628e-18,Bacteria
RandomForest,warning_acid_accumulation,BAC_F::Acidobacteriae,0.0,Bacteria
RandomForest,warning_acid_accumulation,BAC_F::Actinomycetaceae,0.0,Bacteria
RandomForest,warning_acid_accumulation,BAC_F::Aerococcaceae,0.0005129037292432764,Bacteria
RandomForest,warning_acid_accumulation,BAC_F::Aeromonadaceae,0.0,Bacteria
RandomForest,warning_acid_accumulation,BAC_F::Alcaligenaceae,0.0070422535211267555,Bacteria
RandomForest,warning_acid_accumulation,BAC_F::Aminicenantales,0.0003484972334004031,Bacteria
RandomForest,warning_acid_accumulation,BAC_F::Anaerofustaceae,3.7935128774612425e-18,Bacteria
RandomForest,warning_acid_accumulation,BAC_F::Anaerolineaceae,0.008976293142947506,Bacteria
RandomForest,warning_acid_accumulation,BAC_F::Anaeromyxobacteraceae,0.0,Bacteria
RandomForest,warning_acid_accumulation,BAC_F::Anaerovoracaceae,0.013783605425723305,Bacteria
RandomForest,warning_acid_accumulation,BAC_F::Aquaspirillaceae,0.0007646514681308383,Bacteria
RandomForest,warning_acid_accumulation,BAC_F::Arcobacteraceae,2.5751321054573142e-17,Bacteria
RandomForest,warning_acid_accumulation,BAC_F::Ardenticatenaceae,0.0,Bacteria
RandomForest,warning_acid_accumulation,BAC_F::Arenicellaceae,0.0,Bacteria
RandomForest,warning_acid_accumulation,BAC_F::Atopobiaceae,0.0129606645143462,Bacteria
RandomForest,warning_acid_accumulation,BAC_F::B1-7BS,0.0,Bacteria
RandomForest,warning_acid_accumulation,BAC_F::B55-F-B-G02,0.0,Bacteria
RandomForest,warning_acid_accumulation,BAC_F::BRH-c20a,0.0,Bacteria
RandomForest,warning_acid_accumulation,BAC_F::Babeliales,0.0,Bacteria
RandomForest,warning_acid_accumulation,BAC_F::Bacillaceae,0.0,Bacteria
RandomForest,warning_acid_accumulation,BAC_F::Bacteriovoracaceae,0.0,Bacteria
RandomForest,warning_acid_accumulation,BAC_F::Bacteroidaceae,0.0,Bacteria
RandomForest,warning_acid_accumulation,BAC_F::Bacteroidales_UCG-001,0.020566172659379354,Bacteria
RandomForest,warning_acid_accumulation,BAC_F::Bacteroidetes_BD2-2,6.549814282933418e-18,Bacteria
RandomForest,warning_acid_accumulation,BAC_F::Bacteroidetes_VC2.1_Bac22,1.229478381293944e-17,Bacteria
RandomForest,warning_acid_accumulation,BAC_F::Bacteroidetes_vadinHA17,0.034382703894743745,Bacteria
RandomForest,warning_acid_accumulation,BAC_F::Bdellovibrionaceae,0.0,Bacteria
RandomForest,warning_acid_accumulation,BAC_F::Beijerinckiaceae,1.447154912512991e-17,Bacteria
RandomForest,warning_acid_accumulation,BAC_F::Bifidobacteriaceae,0.009419064120067577,Bacteria
RandomForest,warning_acid_accumulation,BAC_F::Blastocatellaceae,0.0,Bacteria
RandomForest,warning_acid_accumulation,BAC_F::Bogoriellaceae,0.0,Bacteria
RandomForest,warning_acid_accumulation,BAC_F::Brachyspirales_Incertae_Sedis,2.131516545484884e-18,Bacteria
RandomForest,warning_acid_accumulation,BAC_F::Bradymonadales,0.0,Bacteria
RandomForest,warning_acid_accumulation,BAC_F::Bryobacteraceae,0.0,Bacteria
RandomForest,warning_acid_accumulation,BAC_F::Burkholderiaceae,0.0,Bacteria
RandomForest,warning_acid_accumulation,BAC_F::Butyricicoccaceae,0.0,Bacteria
RandomForest,warning_acid_accumulation,BAC_F::C10-SB1A,0.0,Bacteria
RandomForest,warning_acid_accumulation,BAC_F::CCM19a,0.0,Bacteria
RandomForest,warning_acid_accumulation,BAC_F::CK-2C2-2,0.0,Bacteria
RandomForest,warning_acid_accumulation,BAC_F::Caldatribacteriaceae,0.024350173290257973,Bacteria
RandomForest,warning_acid_accumulation,BAC_F::Caldicoprobacteraceae,0.004899083424735116,Bacteria
RandomForest,warning_acid_accumulation,BAC_F::Caldilineaceae,0.0,Bacteria
RandomForest,warning_acid_accumulation,BAC_F::Caldisericaceae,0.0,Bacteria
RandomForest,warning_acid_accumulation,BAC_F::Caloramatoraceae,0.0,Bacteria
RandomForest,warning_acid_accumulation,BAC_F::Candidatus_Falkowbacteria,0.0,Bacteria
RandomForest,warning_acid_accumulation,BAC_F::Candidatus_Peregrinibacteria,0.0,Bacteria
RandomForest,warning_acid_accumulation,BAC_F::Candidatus_Shapirobacteria,0.0,Bacteria
RandomForest,warning_acid_accumulation,BAC_F::Carnobacteriaceae,3.919715329113971e-18,Bacteria
RandomForest,warning_acid_accumulation,BAC_F::Caulobacteraceae,0.0,Bacteria
RandomForest,warning_acid_accumulation,BAC_F::Chitinimonadaceae,0.0,Bacteria
RandomForest,warning_acid_accumulation,BAC_F::Chitinophagaceae,0.0009671509918684102,Bacteria
RandomForest,warning_acid_accumulation,BAC_F::Christensenellaceae,0.010873853264017559,Bacteria
RandomForest,warning_acid_accumulation,BAC_F::Chromobacteriaceae,0.0,Bacteria
RandomForest,warning_acid_accumulation,BAC_F::Chthoniobacteraceae,0.0,Bacteria
RandomForest,warning_acid_accumulation,BAC_F::Chthonomonadales,0.0,Bacteria
RandomForest,warning_acid_accumulation,BAC_F::Cloacimonadaceae,0.023418684847302404,Bacteria
RandomForest,warning_acid_accumulation,BAC_F::Cloacimonadales,0.0,Bacteria
RandomForest,warning_acid_accumulation,BAC_F::Clostridia_UCG-014,0.0,Bacteria
RandomForest,warning_acid_accumulation,BAC_F::Clostridiaceae,0.0023549309827176207,Bacteria
RandomForest,warning_acid_accumulation,BAC_F::Comamonadaceae,0.026800473204264392,Bacteria
RandomForest,warning_acid_accumulation,BAC_F::Competibacteraceae,0.001310364029802634,Bacteria
RandomForest,warning_acid_accumulation,BAC_F::Coprothermobacteraceae,0.0,Bacteria
RandomForest,warning_acid_accumulation,BAC_F::Coriobacteriales_Incertae_Sedis,0.0,Bacteria
RandomForest,warning_acid_accumulation,BAC_F::Corynebacteriaceae,3.903378113556665e-18,Bacteria
RandomForest,warning_acid_accumulation,BAC_F::Crocinitomicaceae,0.0,Bacteria
RandomForest,warning_acid_accumulation,BAC_F::D8A-2,0.005997482231167116,Bacteria
RandomForest,warning_acid_accumulation,BAC_F::DEV007,0.0,Bacteria
RandomForest,warning_acid_accumulation,BAC_F::DS-100,0.0,Bacteria
RandomForest,warning_acid_accumulation,BAC_F::DTU014,0.02887786597376534,Bacteria
RandomForest,warning_acid_accumulation,BAC_F::Defluviicoccaceae,0.0,Bacteria
RandomForest,warning_acid_accumulation,BAC_F::Defluviitaleaceae,0.0,Bacteria
RandomForest,warning_acid_accumulation,BAC_F::Dermatophilaceae,0.0,Bacteria
RandomForest,warning_acid_accumulation,BAC_F::Desulfitibacteraceae,0.0,Bacteria
RandomForest,warning_acid_accumulation,BAC_F::Desulfobulbaceae,0.006286006456637665,Bacteria
RandomForest,warning_acid_accumulation,BAC_F::Desulfomicrobiaceae,0.0,Bacteria
RandomForest,warning_acid_accumulation,BAC_F::Desulfotomaculales,0.007286238834183314,Bacteria
RandomForest,warning_acid_accumulation,BAC_F::Desulfovibrionaceae,0.0,Bacteria
RandomForest,warning_acid_accumulation,BAC_F::Dethiobacteraceae,0.002742681900373159,Bacteria
RandomForest,warning_acid_accumulation,BAC_F::Devosiaceae,0.0,Bacteria
RandomForest,warning_acid_accumulation,BAC_F::Dietziaceae,0.0,Bacteria
RandomForest,warning_acid_accumulation,BAC_F::Diplorickettsiaceae,0.0,Bacteria
RandomForest,warning_acid_accumulation,BAC_F::Dongiaceae,0.0,Bacteria
RandomForest,warning_acid_accumulation,BAC_F::Dysgonomonadaceae,0.001736265135926613,Bacteria
RandomForest,warning_acid_accumulation,BAC_F::Eggerthellaceae,0.0,Bacteria
RandomForest,warning_acid_accumulation,BAC_F::Elsteraceae,0.0,Bacteria
RandomForest,warning_acid_accumulation,BAC_F::Endomicrobiaceae,0.0,Bacteria
RandomForest,warning_acid_accumulation,BAC_F::Enterobacteriaceae,0.01117807496156554,Bacteria
RandomForest,warning_acid_accumulation,BAC_F::Enterococcaceae,0.0,Bacteria
RandomForest,warning_acid_accumulation,BAC_F::Erwiniaceae,0.002552395713996897,Bacteria
RandomForest,warning_acid_accumulation,BAC_F::Erysipelatoclostridiaceae,0.0013816800805969735,Bacteria
RandomForest,warning_acid_accumulation,BAC_F::Erysipelotrichaceae,0.0,Bacteria
RandomForest,warning_acid_accumulation,BAC_F::Eubacteriaceae,0.0,Bacteria
RandomForest,warning_acid_accumulation,BAC_F::F082,0.0,Bacteria
RandomForest,warning_acid_accumulation,BAC_F::FTLpost3,0.0,Bacteria
RandomForest,warning_acid_accumulation,BAC_F::Fermentibacteraceae,0.0,Bacteria
RandomForest,warning_acid_accumulation,BAC_F::Fervidobacteriaceae,0.0,Bacteria
RandomForest,warning_acid_accumulation,BAC_F::Fibrobacteraceae,0.0,Bacteria
RandomForest,warning_acid_accumulation,BAC_F::Fibrobacterales,0.0,Bacteria
RandomForest,warning_acid_accumulation,BAC_F::Fimbriimonadaceae,0.0,Bacteria
RandomForest,warning_acid_accumulation,BAC_F::Flavobacteriaceae,0.0,Bacteria
RandomForest,warning_acid_accumulation,BAC_F::Fusibacteraceae,0.0,Bacteria
RandomForest,warning_acid_accumulation,BAC_F::Fusobacteriaceae,0.0,Bacteria
RandomForest,warning_acid_accumulation,BAC_F::GZKB124,0.0,Bacteria
RandomForest,warning_acid_accumulation,BAC_F::GZKB75,0.0,Bacteria
RandomForest,warning_acid_accumulation,BAC_F::Gallionellaceae,0.0,Bacteria
RandomForest,warning_acid_accumulation,BAC_F::Garciellaceae,0.018482886230819662,Bacteria
RandomForest,warning_acid_accumulation,BAC_F::Gemmataceae,1.6592294695737786e-17,Bacteria
RandomForest,warning_acid_accumulation,BAC_F::Gemmatimonadaceae,0.0,Bacteria
RandomForest,warning_acid_accumulation,BAC_F::Geobacteraceae,0.0,Bacteria
RandomForest,warning_acid_accumulation,BAC_F::Gracilibacteraceae,0.00038644159401302286,Bacteria
RandomForest,warning_acid_accumulation,BAC_F::HOC36,0.0,Bacteria
RandomForest,warning_acid_accumulation,BAC_F::Hahellaceae,0.0,Bacteria
RandomForest,warning_acid_accumulation,BAC_F::Halanaerobiaceae,0.0,Bacteria
RandomForest,warning_acid_accumulation,BAC_F::Haliangiaceae,0.0,Bacteria
RandomForest,warning_acid_accumulation,BAC_F::Halomonadaceae,0.0,Bacteria
RandomForest,warning_acid_accumulation,BAC_F::Holophagaceae,0.0,Bacteria
RandomForest,warning_acid_accumulation,BAC_F::Hungateiclostridiaceae,0.011235992944005334,Bacteria
RandomForest,warning_acid_accumulation,BAC_F::Hydrogenedensaceae,0.0035056206621781015,Bacteria
RandomForest,warning_acid_accumulation,BAC_F::Hydrogenophilaceae,0.0,Bacteria
RandomForest,warning_acid_accumulation,BAC_F::Hydrothermae,0.0,Bacteria
RandomForest,warning_acid_accumulation,BAC_F::Hyphomicrobiaceae,0.0,Bacteria
RandomForest,warning_acid_accumulation,BAC_F::Hyphomonadaceae,1.7734850888267834e-17,Bacteria
RandomForest,warning_acid_accumulation,BAC_F::IMCC26256,0.0,Bacteria
RandomForest,warning_acid_accumulation,BAC_F::Iamiaceae,0.0,Bacteria
RandomForest,warning_acid_accumulation,BAC_F::Ignavibacteriaceae,0.0,Bacteria
RandomForest,warning_acid_accumulation,BAC_F::Ilumatobacteraceae,0.0,Bacteria
RandomForest,warning_acid_accumulation,BAC_F::Incertae_Sedis,0.0016757469682124077,Bacteria
RandomForest,warning_acid_accumulation,BAC_F::Intrasporangiaceae,8.243039215434172e-18,Bacteria
RandomForest,warning_acid_accumulation,BAC_F::Isosphaeraceae,1.339952848724658e-17,Bacteria
RandomForest,warning_acid_accumulation,BAC_F::Izemoplasmataceae,0.0,Bacteria
RandomForest,warning_acid_accumulation,BAC_F::Izemoplasmatales,0.0021516368610590884,Bacteria
RandomForest,warning_acid_accumulation,BAC_F::JG36-GS-52,0.0,Bacteria
RandomForest,warning_acid_accumulation,BAC_F::JS1,0.002558883707651305,Bacteria
RandomForest,warning_acid_accumulation,BAC_F::KCLunmb-38-53,0.0,Bacteria
RandomForest,warning_acid_accumulation,BAC_F::Kapabacteriales,0.0005126935737434075,Bacteria
RandomForest,warning_acid_accumulation,BAC_F::Kosmotogaceae,0.0017596707127363422,Bacteria
RandomForest,warning_acid_accumulation,BAC_F::LD1-PA32,0.0,Bacteria
RandomForest,warning_acid_accumulation,BAC_F::LD1-PB3,0.0008738047011164257,Bacteria
RandomForest,warning_acid_accumulation,BAC_F::LF045,4.712089814215597e-17,Bacteria
RandomForest,warning_acid_accumulation,BAC_F::LWQ8,0.0,Bacteria
RandomForest,warning_acid_accumulation,BAC_F::Lachnospiraceae,0.01049059823268735,Bacteria
RandomForest,warning_acid_accumulation,BAC_F::Lactobacillaceae,0.010617559543247319,Bacteria
RandomForest,warning_acid_accumulation,BAC_F::Leeiaceae,0.0,Bacteria
RandomForest,warning_acid_accumulation,BAC_F::Lentimicrobiaceae,0.00675605367221823,Bacteria
RandomForest,warning_acid_accumulation,BAC_F::Leptospiraceae,0.006255196687734496,Bacteria
RandomForest,warning_acid_accumulation,BAC_F::Leptotrichiaceae,9.509802904424872e-18,Bacteria
RandomForest,warning_acid_accumulation,BAC_F::Leuconostocaceae,0.0,Bacteria
RandomForest,warning_acid_accumulation,BAC_F::LiUU-11-161,0.0,Bacteria
RandomForest,warning_acid_accumulation,BAC_F::Limnochordaceae,0.0,Bacteria
RandomForest,warning_acid_accumulation,BAC_F::Limnochordia,0.0006773604590506017,Bacteria
RandomForest,warning_acid_accumulation,BAC_F::M55-D21,0.0005661017376301949,Bacteria
RandomForest,warning_acid_accumulation,BAC_F::MAT-CR-H4-C10,0.0,Bacteria
RandomForest,warning_acid_accumulation,BAC_F::MBA03,0.005705627388616107,Bacteria
RandomForest,warning_acid_accumulation,BAC_F::MVP-15,0.002353373028194564,Bacteria
RandomForest,warning_acid_accumulation,BAC_F::Marinifilaceae,0.0,Bacteria
RandomForest,warning_acid_accumulation,BAC_F::Marinilabiliaceae,0.01460419490958638,Bacteria
RandomForest,warning_acid_accumulation,BAC_F::Marinimicrobia_(SAR406_clade),0.0,Bacteria
RandomForest,warning_acid_accumulation,BAC_F::Methylococcaceae,0.0,Bacteria
RandomForest,warning_acid_accumulation,BAC_F::Methylomonadaceae,8.265527100231496e-18,Bacteria
RandomForest,warning_acid_accumulation,BAC_F::Methylophilaceae,5.914971729123367e-18,Bacteria
RandomForest,warning_acid_accumulation,BAC_F::MgMjR-022,0.031206222122823406,Bacteria
RandomForest,warning_acid_accumulation,BAC_F::Microbacteriaceae,0.0027254756884090314,Bacteria
RandomForest,warning_acid_accumulation,BAC_F::Micrococcaceae,0.0,Bacteria
RandomForest,warning_acid_accumulation,BAC_F::Microscillaceae,2.5145172523398696e-17,Bacteria
RandomForest,warning_acid_accumulation,BAC_F::Microtrichaceae,0.0,Bacteria
RandomForest,warning_acid_accumulation,BAC_F::Monoglobaceae,2.935486966016606e-17,Bacteria
RandomForest,warning_acid_accumulation,BAC_F::Moorellaceae,0.0,Bacteria
RandomForest,warning_acid_accumulation,BAC_F::Moraxellaceae,0.009626643471278989,Bacteria
RandomForest,warning_acid_accumulation,BAC_F::Morganellaceae,0.0,Bacteria
RandomForest,warning_acid_accumulation,BAC_F::Mycobacteriaceae,0.0,Bacteria
RandomForest,warning_acid_accumulation,BAC_F::NK-L14,0.0,Bacteria
RandomForest,warning_acid_accumulation,BAC_F::NKB15,0.0,Bacteria
RandomForest,warning_acid_accumulation,BAC_F::Nannocystaceae,0.0,Bacteria
RandomForest,warning_acid_accumulation,BAC_F::Neisseriaceae,0.0,Bacteria
RandomForest,warning_acid_accumulation,BAC_F::Nitrosococcaceae,0.0,Bacteria
RandomForest,warning_acid_accumulation,BAC_F::Nitrosomonadaceae,0.0,Bacteria
RandomForest,warning_acid_accumulation,BAC_F::Nitrospiraceae,0.0,Bacteria
RandomForest,warning_acid_accumulation,BAC_F::OLB14,0.0,Bacteria
RandomForest,warning_acid_accumulation,BAC_F::OPB41,0.0,Bacteria
RandomForest,warning_acid_accumulation,BAC_F::Obscuribacteraceae,0.0,Bacteria
RandomForest,warning_acid_accumulation,BAC_F::Oligosphaeraceae,0.0010788479178096405,Bacteria
RandomForest,warning_acid_accumulation,BAC_F::Omnitrophaceae,0.0,Bacteria
RandomForest,warning_acid_accumulation,BAC_F::Oscillospiraceae,0.05480873321535149,Bacteria
RandomForest,warning_acid_accumulation,BAC_F::Oxalobacteraceae,0.0,Bacteria
RandomForest,warning_acid_accumulation,BAC_F::PB19,0.0,Bacteria
RandomForest,warning_acid_accumulation,BAC_F::PBS-18,0.0,Bacteria
RandomForest,warning_acid_accumulation,BAC_F::PHOS-HE36,0.0,Bacteria
RandomForest,warning_acid_accumulation,BAC_F::PLTA13,0.0,Bacteria
RandomForest,warning_acid_accumulation,BAC_F::Paludibacteraceae,0.014231735582611581,Bacteria
RandomForest,warning_acid_accumulation,BAC_F::PeH15,2.9248962764890494e-18,Bacteria
RandomForest,warning_acid_accumulation,BAC_F::PeM15,7.276731777070041e-18,Bacteria
RandomForest,warning_acid_accumulation,BAC_F::Pedosphaeraceae,0.004560294889100873,Bacteria
RandomForest,warning_acid_accumulation,BAC_F::Peptococcaceae,0.0,Bacteria
RandomForest,warning_acid_accumulation,BAC_F::Peptostreptococcaceae,0.010441226594539915,Bacteria
RandomForest,warning_acid_accumulation,BAC_F::Peptostreptococcales-Tissierellales,0.007452262476516167,Bacteria
RandomForest,warning_acid_accumulation,BAC_F::Petrotogaceae,0.03638698485635945,Bacteria
RandomForest,warning_acid_accumulation,BAC_F::Phycisphaeraceae,0.0,Bacteria
RandomForest,warning_acid_accumulation,BAC_F::Pirellulaceae,0.0,Bacteria
RandomForest,warning_acid_accumulation,BAC_F::Pla3_lineage,0.0,Bacteria
RandomForest,warning_acid_accumulation,BAC_F::Planococcaceae,0.0,Bacteria
RandomForest,warning_acid_accumulation,BAC_F::Porticoccaceae,0.0,Bacteria
RandomForest,warning_acid_accumulation,BAC_F::Prevotellaceae,0.039470798119259035,Bacteria
RandomForest,warning_acid_accumulation,BAC_F::Prolixibacteraceae,0.007273990328555159,Bacteria
RandomForest,warning_acid_accumulation,BAC_F::Propionibacteriaceae,0.0,Bacteria
RandomForest,warning_acid_accumulation,BAC_F::Proteiniboraceae,0.0,Bacteria
RandomForest,warning_acid_accumulation,BAC_F::Pseudomonadaceae,0.018435700817117893,Bacteria
RandomForest,warning_acid_accumulation,BAC_F::RBG-13-54-9,0.0,Bacteria
RandomForest,warning_acid_accumulation,BAC_F::RBG-16-55-12,0.0,Bacteria
RandomForest,warning_acid_accumulation,BAC_F::Reyranellaceae,0.0,Bacteria
RandomForest,warning_acid_accumulation,BAC_F::Rhizobiaceae,0.0,Bacteria
RandomForest,warning_acid_accumulation,BAC_F::Rhizobiales_Incertae_Sedis,1.2470022482924642e-17,Bacteria
RandomForest,warning_acid_accumulation,BAC_F::Rhodanobacteraceae,0.0026921069464992805,Bacteria
RandomForest,warning_acid_accumulation,BAC_F::Rhodobacteraceae,0.006103269443722304,Bacteria
RandomForest,warning_acid_accumulation,BAC_F::Rhodocyclaceae,0.0012104328426731355,Bacteria
RandomForest,warning_acid_accumulation,BAC_F::Rickettsiaceae,0.0,Bacteria
RandomForest,warning_acid_accumulation,BAC_F::Rikenellaceae,0.02860783613494473,Bacteria
RandomForest,warning_acid_accumulation,BAC_F::Rubinisphaeraceae,0.0,Bacteria
RandomForest,warning_acid_accumulation,BAC_F::Ruminococcaceae,2.50852131584988e-06,Bacteria
RandomForest,warning_acid_accumulation,BAC_F::Run-SP154,6.8084424858299265e-18,Bacteria
RandomForest,warning_acid_accumulation,BAC_F::S15A-MN91,9.085697508981241e-18,Bacteria
RandomForest,warning_acid_accumulation,BAC_F::SB-5,0.0,Bacteria
RandomForest,warning_acid_accumulation,BAC_F::SBR1031,3.468650690376515e-17,Bacteria
RandomForest,warning_acid_accumulation,BAC_F::SC-I-84,3.407917034336313e-17,Bacteria
RandomForest,warning_acid_accumulation,BAC_F::SHA-41,0.0,Bacteria
RandomForest,warning_acid_accumulation,BAC_F::SJA-15,0.0019457111969934113,Bacteria
RandomForest,warning_acid_accumulation,BAC_F::SJA-28,0.004491108915995083,Bacteria
RandomForest,warning_acid_accumulation,BAC_F::SM1A07,0.0,Bacteria
RandomForest,warning_acid_accumulation,BAC_F::SRB2,0.028747309037476663,Bacteria
RandomForest,warning_acid_accumulation,BAC_F::ST-12K33,0.005674394513879613,Bacteria
RandomForest,warning_acid_accumulation,BAC_F::Saccharimonadaceae,0.0,Bacteria
RandomForest,warning_acid_accumulation,BAC_F::Saccharimonadales,0.0,Bacteria
RandomForest,warning_acid_accumulation,BAC_F::Saprospiraceae,0.000772174971507043,Bacteria
RandomForest,warning_acid_accumulation,BAC_F::Schlesneriaceae,0.0,Bacteria
RandomForest,warning_acid_accumulation,BAC_F::Sedimentibacteraceae,0.004723385795854834,Bacteria
RandomForest,warning_acid_accumulation,BAC_F::Selenomonadaceae,0.0,Bacteria
RandomForest,warning_acid_accumulation,BAC_F::Smithellaceae,0.007985252364212955,Bacteria
RandomForest,warning_acid_accumulation,BAC_F::Solibacteraceae,0.0,Bacteria
RandomForest,warning_acid_accumulation,BAC_F::Sphingobacteriaceae,0.0,Bacteria
RandomForest,warning_acid_accumulation,BAC_F::Sphingomonadaceae,0.0005155174291433971,Bacteria
RandomForest,warning_acid_accumulation,BAC_F::Spirochaetaceae,0.0009975719621184063,Bacteria
RandomForest,warning_acid_accumulation,BAC_F::Spongiibacteraceae,2.328782693364089e-18,Bacteria
RandomForest,warning_acid_accumulation,BAC_F::Sporichthyaceae,1.5606963555785592e-17,Bacteria
RandomForest,warning_acid_accumulation,BAC_F::Sporomusaceae,5.1614022866372e-18,Bacteria
RandomForest,warning_acid_accumulation,BAC_F::Steroidobacteraceae,0.0,Bacteria
RandomForest,warning_acid_accumulation,BAC_F::Streptococcaceae,0.002119918213347091,Bacteria
RandomForest,warning_acid_accumulation,BAC_F::Sumerlaeaceae,0.0,Bacteria
RandomForest,warning_acid_accumulation,BAC_F::Sutterellaceae,0.0025843899501522324,Bacteria
RandomForest,warning_acid_accumulation,BAC_F::Sva0485,0.0,Bacteria
RandomForest,warning_acid_accumulation,BAC_F::Symbiobacteraceae,0.0,Bacteria
RandomForest,warning_acid_accumulation,BAC_F::Synergistaceae,0.031511992226061256,Bacteria
RandomForest,warning_acid_accumulation,BAC_F::Syntrophaceae,0.0,Bacteria
RandomForest,warning_acid_accumulation,BAC_F::Syntrophobacteraceae,0.0,Bacteria
RandomForest,warning_acid_accumulation,BAC_F::Syntrophobotulaceae,0.0,Bacteria
RandomForest,warning_acid_accumulation,BAC_F::Syntrophomonadaceae,0.006921023423674606,Bacteria
RandomForest,warning_acid_accumulation,BAC_F::Syntrophorhabdaceae,0.006400098567394086,Bacteria
RandomForest,warning_acid_accumulation,BAC_F::Syntrophotaleaceae,0.0,Bacteria
RandomForest,warning_acid_accumulation,BAC_F::TA06,0.0,Bacteria
RandomForest,warning_acid_accumulation,BAC_F::TTA-B1,0.0,Bacteria
RandomForest,warning_acid_accumulation,BAC_F::Tannerellaceae,2.369629852105421e-18,Bacteria
RandomForest,warning_acid_accumulation,BAC_F::Thermaceae,0.0,Bacteria
RandomForest,warning_acid_accumulation,BAC_F::Thermacetogeniaceae,0.015283288306528007,Bacteria
RandomForest,warning_acid_accumulation,BAC_F::Thermoanaerobaculaceae,1.3934821628830975e-17,Bacteria
RandomForest,warning_acid_accumulation,BAC_F::Thermotaleaceae,0.0,Bacteria
RandomForest,warning_acid_accumulation,BAC_F::Thermovenabulales,1.7275873881882386e-17,Bacteria
RandomForest,warning_acid_accumulation,BAC_F::Thioalkalispiraceae,0.0,Bacteria
RandomForest,warning_acid_accumulation,BAC_F::Trueperaceae,0.0,Bacteria
RandomForest,warning_acid_accumulation,BAC_F::UCG-010,0.010649893883596192,Bacteria
RandomForest,warning_acid_accumulation,BAC_F::Veillonellaceae,0.009792239987741726,Bacteria
RandomForest,warning_acid_accumulation,BAC_F::Vermiphilaceae,0.0,Bacteria
RandomForest,warning_acid_accumulation,BAC_F::Verrucomicrobiaceae,0.0,Bacteria
RandomForest,warning_acid_accumulation,BAC_F::Vibrionaceae,0.0,Bacteria
RandomForest,warning_acid_accumulation,BAC_F::W27,0.005415735775086421,Bacteria
RandomForest,warning_acid_accumulation,BAC_F::WCHB1-02,0.0029681492631760615,Bacteria
RandomForest,warning_acid_accumulation,BAC_F::WCHB1-41,0.008970032221277919,Bacteria
RandomForest,warning_acid_accumulation,BAC_F::WCHB1-81,0.0009524969498582817,Bacteria
RandomForest,warning_acid_accumulation,BAC_F::WPS-2,0.0,Bacteria
RandomForest,warning_acid_accumulation,BAC_F::WS1,0.0016300823299887689,Bacteria
RandomForest,warning_acid_accumulation,BAC_F::WWE3,0.0,Bacteria
RandomForest,warning_acid_accumulation,BAC_F::Weeksellaceae,2.7832518259086234e-18,Bacteria
RandomForest,warning_acid_accumulation,BAC_F::Williamwhitmaniaceae,0.0,Bacteria
RandomForest,warning_acid_accumulation,BAC_F::Wohlfahrtiimonadaceae,0.0,Bacteria
RandomForest,warning_acid_accumulation,BAC_F::Xanthobacteraceae,1.317945030619489e-17,Bacteria
RandomForest,warning_acid_accumulation,BAC_F::Xanthomonadaceae,0.0029883656387238423,Bacteria
RandomForest,warning_acid_accumulation,BAC_F::Yersiniaceae,0.0,Bacteria
RandomForest,warning_acid_accumulation,BAC_F::Z4MB62,0.0,Bacteria
RandomForest,warning_acid_accumulation,BAC_F::Zixibacteria,0.0,Bacteria
RandomForest,warning_acid_accumulation,BAC_F::c5LKS83,1.1532391907125721e-17,Bacteria
RandomForest,warning_acid_accumulation,BAC_F::cvE6,0.0,Bacteria
RandomForest,warning_acid_accumulation,BAC_F::env.OPS_17,0.0,Bacteria
RandomForest,warning_acid_accumulation,BAC_F::p-251-o5,0.0,Bacteria
RandomForest,warning_acid_accumulation,BAC_F::unidentified,0.024694202116427852,Bacteria
RandomForest,warning_acid_accumulation,ARC_F::Aenigmarchaeales,0.0,Archaea
RandomForest,warning_acid_accumulation,ARC_F::Bathyarchaeia,0.0,Archaea
RandomForest,warning_acid_accumulation,ARC_F::Lokiarchaeia,0.0,Archaea
RandomForest,warning_acid_accumulation,ARC_F::Methanocorpusculaceae,0.014193347440351873,Archaea
RandomForest,warning_acid_accumulation,ARC_F::Methanofastidiosaceae,0.009412112321890662,Archaea
RandomForest,warning_acid_accumulation,ARC_F::Methanomassiliicoccaceae,0.0021295648638620726,Archaea
RandomForest,warning_acid_accumulation,ARC_F::Methanomethyliaceae,2.7880966204378765e-18,Archaea
RandomForest,warning_acid_accumulation,ARC_F::Methanomethylophilaceae,0.02779334023746821,Archaea
RandomForest,warning_acid_accumulation,ARC_F::Methanomicrobiaceae,0.013979438134543777,Archaea
RandomForest,warning_acid_accumulation,ARC_F::Methanomicrobiales,0.0,Archaea
RandomForest,warning_acid_accumulation,ARC_F::Methanoregulaceae,0.0040346059108931544,Archaea
RandomForest,warning_acid_accumulation,ARC_F::Methanosaetaceae,0.011979356522189276,Archaea
RandomForest,warning_acid_accumulation,ARC_F::Methanosarcinaceae,0.04363457218530458,Archaea
RandomForest,warning_acid_accumulation,ARC_F::Methanospirillaceae,0.0065797174656589,Archaea
RandomForest,warning_acid_accumulation,ARC_F::Micrarchaeales,0.0,Archaea
RandomForest,warning_acid_accumulation,ARC_F::Nitrososphaeraceae,5.026757009594491e-18,Archaea
RandomForest,warning_acid_accumulation,ARC_F::Rhinosporideacae,0.0,Archaea
RandomForest,warning_acid_accumulation,ARC_F::SCGC_AAA011-D5,0.0035411002223009144,Archaea
RandomForest,warning_acid_accumulation,ARC_F::Teleostei,0.0,Archaea
RandomForest,warning_acid_accumulation,ARC_F::Veneroida,0.0,Archaea
RandomForest,warning_acid_accumulation,ARC_F::Woesearchaeales,0.0,Archaea
RandomForest,warning_acid_accumulation,ARC_F::unidentified,0.005493567690002139,Archaea
RandomForest,warning_ammonia_toxicity,BAC_F::009E01-B-SD-P15,0.011013121867415165,Bacteria
RandomForest,warning_ammonia_toxicity,BAC_F::0319-6G20,0.0,Bacteria
RandomForest,warning_ammonia_toxicity,BAC_F::053A03-B-DI-P58,0.0,Bacteria
RandomForest,warning_ammonia_toxicity,BAC_F::1-20,0.0,Bacteria
RandomForest,warning_ammonia_toxicity,BAC_F::113B434,0.0,Bacteria
RandomForest,warning_ammonia_toxicity,BAC_F::37-13,0.0,Bacteria
RandomForest,warning_ammonia_toxicity,BAC_F::4572-13,0.0,Bacteria
RandomForest,warning_ammonia_toxicity,BAC_F::67-14,0.0,Bacteria
RandomForest,warning_ammonia_toxicity,BAC_F::A0839,2.0787125757098904e-17,Bacteria
RandomForest,warning_ammonia_toxicity,BAC_F::A21b,0.0,Bacteria
RandomForest,warning_ammonia_toxicity,BAC_F::AKYH767,0.0,Bacteria
RandomForest,warning_ammonia_toxicity,BAC_F::Absconditabacteriales_(SR1),0.0024424055965754274,Bacteria
RandomForest,warning_ammonia_toxicity,BAC_F::Acetobacteraceae,3.7516757867982956e-18,Bacteria
RandomForest,warning_ammonia_toxicity,BAC_F::Acetothermiia,0.0,Bacteria
RandomForest,warning_ammonia_toxicity,BAC_F::Acholeplasmataceae,0.02167713973798092,Bacteria
RandomForest,warning_ammonia_toxicity,BAC_F::Acidaminococcaceae,0.0,Bacteria
RandomForest,warning_ammonia_toxicity,BAC_F::Acidobacteriae,0.0,Bacteria
RandomForest,warning_ammonia_toxicity,BAC_F::Actinomycetaceae,0.0,Bacteria
RandomForest,warning_ammonia_toxicity,BAC_F::Aerococcaceae,0.0003943265420584438,Bacteria
RandomForest,warning_ammonia_toxicity,BAC_F::Aeromonadaceae,2.6575203643873662e-18,Bacteria
RandomForest,warning_ammonia_toxicity,BAC_F::Alcaligenaceae,0.0,Bacteria
RandomForest,warning_ammonia_toxicity,BAC_F::Aminicenantales,0.0011052603968845724,Bacteria
RandomForest,warning_ammonia_toxicity,BAC_F::Anaerofustaceae,0.004764622713402346,Bacteria
RandomForest,warning_ammonia_toxicity,BAC_F::Anaerolineaceae,0.03153251812935528,Bacteria
RandomForest,warning_ammonia_toxicity,BAC_F::Anaeromyxobacteraceae,0.0,Bacteria
RandomForest,warning_ammonia_toxicity,BAC_F::Anaerovoracaceae,0.0034338673951040313,Bacteria
RandomForest,warning_ammonia_toxicity,BAC_F::Aquaspirillaceae,2.5666694208497252e-17,Bacteria
RandomForest,warning_ammonia_toxicity,BAC_F::Arcobacteraceae,0.0,Bacteria
RandomForest,warning_ammonia_toxicity,BAC_F::Ardenticatenaceae,0.0,Bacteria
RandomForest,warning_ammonia_toxicity,BAC_F::Arenicellaceae,0.0,Bacteria
RandomForest,warning_ammonia_toxicity,BAC_F::Atopobiaceae,0.003266460021000238,Bacteria
RandomForest,warning_ammonia_toxicity,BAC_F::B1-7BS,1.7971267204981662e-17,Bacteria
RandomForest,warning_ammonia_toxicity,BAC_F::B55-F-B-G02,0.0,Bacteria
RandomForest,warning_ammonia_toxicity,BAC_F::BRH-c20a,0.0,Bacteria
RandomForest,warning_ammonia_toxicity,BAC_F::Babeliales,8.586405382907601e-18,Bacteria
RandomForest,warning_ammonia_toxicity,BAC_F::Bacillaceae,0.00047632943713449586,Bacteria
RandomForest,warning_ammonia_toxicity,BAC_F::Bacteriovoracaceae,0.0,Bacteria
RandomForest,warning_ammonia_toxicity,BAC_F::Bacteroidaceae,0.00393056842613267,Bacteria
RandomForest,warning_ammonia_toxicity,BAC_F::Bacteroidales_UCG-001,0.005725855284486561,Bacteria
RandomForest,warning_ammonia_toxicity,BAC_F::Bacteroidetes_BD2-2,0.0,Bacteria
RandomForest,warning_ammonia_toxicity,BAC_F::Bacteroidetes_VC2.1_Bac22,0.0009803442426644438,Bacteria
RandomForest,warning_ammonia_toxicity,BAC_F::Bacteroidetes_vadinHA17,0.016846617715637103,Bacteria
RandomForest,warning_ammonia_toxicity,BAC_F::Bdellovibrionaceae,0.0,Bacteria
RandomForest,warning_ammonia_toxicity,BAC_F::Beijerinckiaceae,0.0009579404027569962,Bacteria
RandomForest,warning_ammonia_toxicity,BAC_F::Bifidobacteriaceae,0.0005919201418419707,Bacteria
RandomForest,warning_ammonia_toxicity,BAC_F::Blastocatellaceae,8.642690579188109e-18,Bacteria
RandomForest,warning_ammonia_toxicity,BAC_F::Bogoriellaceae,2.2469726208618423e-17,Bacteria
RandomForest,warning_ammonia_toxicity,BAC_F::Brachyspirales_Incertae_Sedis,1.2423585867448599e-17,Bacteria
RandomForest,warning_ammonia_toxicity,BAC_F::Bradymonadales,0.0,Bacteria
RandomForest,warning_ammonia_toxicity,BAC_F::Bryobacteraceae,0.0,Bacteria
RandomForest,warning_ammonia_toxicity,BAC_F::Burkholderiaceae,0.0020607697291284755,Bacteria
RandomForest,warning_ammonia_toxicity,BAC_F::Butyricicoccaceae,0.0,Bacteria
RandomForest,warning_ammonia_toxicity,BAC_F::C10-SB1A,0.0,Bacteria
RandomForest,warning_ammonia_toxicity,BAC_F::CCM19a,0.0,Bacteria
RandomForest,warning_ammonia_toxicity,BAC_F::CK-2C2-2,2.301715833417671e-17,Bacteria
RandomForest,warning_ammonia_toxicity,BAC_F::Caldatribacteriaceae,0.0046007197448142655,Bacteria
RandomForest,warning_ammonia_toxicity,BAC_F::Caldicoprobacteraceae,0.034503521098362896,Bacteria
RandomForest,warning_ammonia_toxicity,BAC_F::Caldilineaceae,1.704467138384631e-17,Bacteria
RandomForest,warning_ammonia_toxicity,BAC_F::Caldisericaceae,2.776428721743875e-17,Bacteria
RandomForest,warning_ammonia_toxicity,BAC_F::Caloramatoraceae,0.0,Bacteria
RandomForest,warning_ammonia_toxicity,BAC_F::Candidatus_Falkowbacteria,0.0,Bacteria
RandomForest,warning_ammonia_toxicity,BAC_F::Candidatus_Peregrinibacteria,3.204583232374981e-17,Bacteria
RandomForest,warning_ammonia_toxicity,BAC_F::Candidatus_Shapirobacteria,0.0,Bacteria
RandomForest,warning_ammonia_toxicity,BAC_F::Carnobacteriaceae,0.0,Bacteria
RandomForest,warning_ammonia_toxicity,BAC_F::Caulobacteraceae,0.0,Bacteria
RandomForest,warning_ammonia_toxicity,BAC_F::Chitinimonadaceae,0.0,Bacteria
RandomForest,warning_ammonia_toxicity,BAC_F::Chitinophagaceae,0.005414400977997394,Bacteria
RandomForest,warning_ammonia_toxicity,BAC_F::Christensenellaceae,0.004545925054604548,Bacteria
RandomForest,warning_ammonia_toxicity,BAC_F::Chromobacteriaceae,0.0,Bacteria
RandomForest,warning_ammonia_toxicity,BAC_F::Chthoniobacteraceae,0.0,Bacteria
RandomForest,warning_ammonia_toxicity,BAC_F::Chthonomonadales,0.0,Bacteria
RandomForest,warning_ammonia_toxicity,BAC_F::Cloacimonadaceae,0.047027866451626356,Bacteria
RandomForest,warning_ammonia_toxicity,BAC_F::Cloacimonadales,0.0,Bacteria
RandomForest,warning_ammonia_toxicity,BAC_F::Clostridia_UCG-014,0.0015601470352767665,Bacteria
RandomForest,warning_ammonia_toxicity,BAC_F::Clostridiaceae,0.0036454565923237947,Bacteria
RandomForest,warning_ammonia_toxicity,BAC_F::Comamonadaceae,0.04085180505567108,Bacteria
RandomForest,warning_ammonia_toxicity,BAC_F::Competibacteraceae,0.0,Bacteria
RandomForest,warning_ammonia_toxicity,BAC_F::Coprothermobacteraceae,0.0,Bacteria
RandomForest,warning_ammonia_toxicity,BAC_F::Coriobacteriales_Incertae_Sedis,0.0,Bacteria
RandomForest,warning_ammonia_toxicity,BAC_F::Corynebacteriaceae,0.000663676549640785,Bacteria
RandomForest,warning_ammonia_toxicity,BAC_F::Crocinitomicaceae,0.0,Bacteria
RandomForest,warning_ammonia_toxicity,BAC_F::D8A-2,0.006508723856223739,Bacteria
RandomForest,warning_ammonia_toxicity,BAC_F::DEV007,0.0,Bacteria
RandomForest,warning_ammonia_toxicity,BAC_F::DS-100,2.2632247253355495e-18,Bacteria
RandomForest,warning_ammonia_toxicity,BAC_F::DTU014,0.0012136166817490605,Bacteria
RandomForest,warning_ammonia_toxicity,BAC_F::Defluviicoccaceae,0.0,Bacteria
RandomForest,warning_ammonia_toxicity,BAC_F::Defluviitaleaceae,0.0024324438436193144,Bacteria
RandomForest,warning_ammonia_toxicity,BAC_F::Dermatophilaceae,0.0,Bacteria
RandomForest,warning_ammonia_toxicity,BAC_F::Desulfitibacteraceae,2.799998501275415e-05,Bacteria
RandomForest,warning_ammonia_toxicity,BAC_F::Desulfobulbaceae,0.001503428110286477,Bacteria
RandomForest,warning_ammonia_toxicity,BAC_F::Desulfomicrobiaceae,0.0037474650385354896,Bacteria
RandomForest,warning_ammonia_toxicity,BAC_F::Desulfotomaculales,0.001301688011784407,Bacteria
RandomForest,warning_ammonia_toxicity,BAC_F::Desulfovibrionaceae,4.1071538738329125e-17,Bacteria
RandomForest,warning_ammonia_toxicity,BAC_F::Dethiobacteraceae,0.00223277024526817,Bacteria
RandomForest,warning_ammonia_toxicity,BAC_F::Devosiaceae,3.0636136270711016e-17,Bacteria
RandomForest,warning_ammonia_toxicity,BAC_F::Dietziaceae,0.0,Bacteria
RandomForest,warning_ammonia_toxicity,BAC_F::Diplorickettsiaceae,0.0,Bacteria
RandomForest,warning_ammonia_toxicity,BAC_F::Dongiaceae,0.0,Bacteria
RandomForest,warning_ammonia_toxicity,BAC_F::Dysgonomonadaceae,0.050105479797847706,Bacteria
RandomForest,warning_ammonia_toxicity,BAC_F::Eggerthellaceae,0.0,Bacteria
RandomForest,warning_ammonia_toxicity,BAC_F::Elsteraceae,0.0,Bacteria
RandomForest,warning_ammonia_toxicity,BAC_F::Endomicrobiaceae,5.0787305114111345e-18,Bacteria
RandomForest,warning_ammonia_toxicity,BAC_F::Enterobacteriaceae,0.00019698005427337906,Bacteria
RandomForest,warning_ammonia_toxicity,BAC_F::Enterococcaceae,0.0,Bacteria
RandomForest,warning_ammonia_toxicity,BAC_F::Erwiniaceae,0.0,Bacteria
RandomForest,warning_ammonia_toxicity,BAC_F::Erysipelatoclostridiaceae,0.0027366992227968504,Bacteria
RandomForest,warning_ammonia_toxicity,BAC_F::Erysipelotrichaceae,0.0,Bacteria
RandomForest,warning_ammonia_toxicity,BAC_F::Eubacteriaceae,0.0,Bacteria
RandomForest,warning_ammonia_toxicity,BAC_F::F082,0.0,Bacteria
RandomForest,warning_ammonia_toxicity,BAC_F::FTLpost3,8.289184991050045e-05,Bacteria
RandomForest,warning_ammonia_toxicity,BAC_F::Fermentibacteraceae,0.00026497605491815313,Bacteria
RandomForest,warning_ammonia_toxicity,BAC_F::Fervidobacteriaceae,0.0,Bacteria
RandomForest,warning_ammonia_toxicity,BAC_F::Fibrobacteraceae,6.538261108126193e-18,Bacteria
RandomForest,warning_ammonia_toxicity,BAC_F::Fibrobacterales,0.0,Bacteria
RandomForest,warning_ammonia_toxicity,BAC_F::Fimbriimonadaceae,0.0,Bacteria
RandomForest,warning_ammonia_toxicity,BAC_F::Flavobacteriaceae,0.0,Bacteria
RandomForest,warning_ammonia_toxicity,BAC_F::Fusibacteraceae,0.0,Bacteria
RandomForest,warning_ammonia_toxicity,BAC_F::Fusobacteriaceae,0.0,Bacteria
RandomForest,warning_ammonia_toxicity,BAC_F::GZKB124,0.0,Bacteria
RandomForest,warning_ammonia_toxicity,BAC_F::GZKB75,0.0,Bacteria
RandomForest,warning_ammonia_toxicity,BAC_F::Gallionellaceae,0.0,Bacteria
RandomForest,warning_ammonia_toxicity,BAC_F::Garciellaceae,0.000155009098505996,Bacteria
RandomForest,warning_ammonia_toxicity,BAC_F::Gemmataceae,0.0006514862354185898,Bacteria
RandomForest,warning_ammonia_toxicity,BAC_F::Gemmatimonadaceae,0.0,Bacteria
RandomForest,warning_ammonia_toxicity,BAC_F::Geobacteraceae,1.5269878170660335e-17,Bacteria
RandomForest,warning_ammonia_toxicity,BAC_F::Gracilibacteraceae,0.0010289034973165402,Bacteria
RandomForest,warning_ammonia_toxicity,BAC_F::HOC36,0.0,Bacteria
RandomForest,warning_ammonia_toxicity,BAC_F::Hahellaceae,0.0,Bacteria
RandomForest,warning_ammonia_toxicity,BAC_F::Halanaerobiaceae,0.0,Bacteria
RandomForest,warning_ammonia_toxicity,BAC_F::Haliangiaceae,0.0,Bacteria
RandomForest,warning_ammonia_toxicity,BAC_F::Halomonadaceae,0.0,Bacteria
RandomForest,warning_ammonia_toxicity,BAC_F::Holophagaceae,2.5271727466583626e-17,Bacteria
RandomForest,warning_ammonia_toxicity,BAC_F::Hungateiclostridiaceae,0.06719814815160717,Bacteria
RandomForest,warning_ammonia_toxicity,BAC_F::Hydrogenedensaceae,0.009668433124072869,Bacteria
RandomForest,warning_ammonia_toxicity,BAC_F::Hydrogenophilaceae,1.0580153286582576e-17,Bacteria
RandomForest,warning_ammonia_toxicity,BAC_F::Hydrothermae,0.0,Bacteria
RandomForest,warning_ammonia_toxicity,BAC_F::Hyphomicrobiaceae,5.216911908529907e-18,Bacteria
RandomForest,warning_ammonia_toxicity,BAC_F::Hyphomonadaceae,0.0,Bacteria
RandomForest,warning_ammonia_toxicity,BAC_F::IMCC26256,0.0,Bacteria
RandomForest,warning_ammonia_toxicity,BAC_F::Iamiaceae,0.0,Bacteria
RandomForest,warning_ammonia_toxicity,BAC_F::Ignavibacteriaceae,0.0,Bacteria
RandomForest,warning_ammonia_toxicity,BAC_F::Ilumatobacteraceae,0.0,Bacteria
RandomForest,warning_ammonia_toxicity,BAC_F::Incertae_Sedis,0.01635341758735127,Bacteria
RandomForest,warning_ammonia_toxicity,BAC_F::Intrasporangiaceae,0.003228444566157799,Bacteria
RandomForest,warning_ammonia_toxicity,BAC_F::Isosphaeraceae,0.0,Bacteria
RandomForest,warning_ammonia_toxicity,BAC_F::Izemoplasmataceae,0.0,Bacteria
RandomForest,warning_ammonia_toxicity,BAC_F::Izemoplasmatales,6.794905505711136e-05,Bacteria
RandomForest,warning_ammonia_toxicity,BAC_F::JG36-GS-52,0.0,Bacteria
RandomForest,warning_ammonia_toxicity,BAC_F::JS1,0.0015972464036966784,Bacteria
RandomForest,warning_ammonia_toxicity,BAC_F::KCLunmb-38-53,0.0011364224580433257,Bacteria
RandomForest,warning_ammonia_toxicity,BAC_F::Kapabacteriales,0.0007395451620936015,Bacteria
RandomForest,warning_ammonia_toxicity,BAC_F::Kosmotogaceae,1.568816926080084e-17,Bacteria
RandomForest,warning_ammonia_toxicity,BAC_F::LD1-PA32,0.0,Bacteria
RandomForest,warning_ammonia_toxicity,BAC_F::LD1-PB3,0.0005406639289686697,Bacteria
RandomForest,warning_ammonia_toxicity,BAC_F::LF045,3.747325306825626e-17,Bacteria
RandomForest,warning_ammonia_toxicity,BAC_F::LWQ8,0.0,Bacteria
RandomForest,warning_ammonia_toxicity,BAC_F::Lachnospiraceae,0.0030730565872906777,Bacteria
RandomForest,warning_ammonia_toxicity,BAC_F::Lactobacillaceae,0.0061312600180488735,Bacteria
RandomForest,warning_ammonia_toxicity,BAC_F::Leeiaceae,0.0,Bacteria
RandomForest,warning_ammonia_toxicity,BAC_F::Lentimicrobiaceae,0.0024820326100241045,Bacteria
RandomForest,warning_ammonia_toxicity,BAC_F::Leptospiraceae,0.0006107556988816377,Bacteria
RandomForest,warning_ammonia_toxicity,BAC_F::Leptotrichiaceae,0.0,Bacteria
RandomForest,warning_ammonia_toxicity,BAC_F::Leuconostocaceae,0.0014655451979868333,Bacteria
RandomForest,warning_ammonia_toxicity,BAC_F::LiUU-11-161,0.0,Bacteria
RandomForest,warning_ammonia_toxicity,BAC_F::Limnochordaceae,0.0,Bacteria
RandomForest,warning_ammonia_toxicity,BAC_F::Limnochordia,1.1255022748456659e-05,Bacteria
RandomForest,warning_ammonia_toxicity,BAC_F::M55-D21,0.0006835781670166202,Bacteria
RandomForest,warning_ammonia_toxicity,BAC_F::MAT-CR-H4-C10,0.0,Bacteria
RandomForest,warning_ammonia_toxicity,BAC_F::MBA03,0.030727111639052455,Bacteria
RandomForest,warning_ammonia_toxicity,BAC_F::MVP-15,0.0,Bacteria
RandomForest,warning_ammonia_toxicity,BAC_F::Marinifilaceae,0.0,Bacteria
RandomForest,warning_ammonia_toxicity,BAC_F::Marinilabiliaceae,0.006111633360386759,Bacteria
RandomForest,warning_ammonia_toxicity,BAC_F::Marinimicrobia_(SAR406_clade),0.0016574848024886362,Bacteria
RandomForest,warning_ammonia_toxicity,BAC_F::Methylococcaceae,0.0,Bacteria
RandomForest,warning_ammonia_toxicity,BAC_F::Methylomonadaceae,5.128019942016412e-18,Bacteria
RandomForest,warning_ammonia_toxicity,BAC_F::Methylophilaceae,0.0,Bacteria
RandomForest,warning_ammonia_toxicity,BAC_F::MgMjR-022,0.010097159043186806,Bacteria
RandomForest,warning_ammonia_toxicity,BAC_F::Microbacteriaceae,0.0033215277083700244,Bacteria
RandomForest,warning_ammonia_toxicity,BAC_F::Micrococcaceae,0.0,Bacteria
RandomForest,warning_ammonia_toxicity,BAC_F::Microscillaceae,1.811273842198092e-18,Bacteria
RandomForest,warning_ammonia_toxicity,BAC_F::Microtrichaceae,0.0,Bacteria
RandomForest,warning_ammonia_toxicity,BAC_F::Monoglobaceae,5.124921358014205e-17,Bacteria
RandomForest,warning_ammonia_toxicity,BAC_F::Moorellaceae,0.0,Bacteria
RandomForest,warning_ammonia_toxicity,BAC_F::Moraxellaceae,2.014633099316276e-17,Bacteria
RandomForest,warning_ammonia_toxicity,BAC_F::Morganellaceae,0.0,Bacteria
RandomForest,warning_ammonia_toxicity,BAC_F::Mycobacteriaceae,1.0873261821686552e-17,Bacteria
RandomForest,warning_ammonia_toxicity,BAC_F::NK-L14,0.0,Bacteria
RandomForest,warning_ammonia_toxicity,BAC_F::NKB15,0.0,Bacteria
RandomForest,warning_ammonia_toxicity,BAC_F::Nannocystaceae,0.0,Bacteria
RandomForest,warning_ammonia_toxicity,BAC_F::Neisseriaceae,0.0,Bacteria
RandomForest,warning_ammonia_toxicity,BAC_F::Nitrosococcaceae,0.0,Bacteria
RandomForest,warning_ammonia_toxicity,BAC_F::Nitrosomonadaceae,0.0,Bacteria
RandomForest,warning_ammonia_toxicity,BAC_F::Nitrospiraceae,0.0,Bacteria
RandomForest,warning_ammonia_toxicity,BAC_F::OLB14,1.6835137330851298e-17,Bacteria
RandomForest,warning_ammonia_toxicity,BAC_F::OPB41,4.0929199370122426e-17,Bacteria
RandomForest,warning_ammonia_toxicity,BAC_F::Obscuribacteraceae,0.0,Bacteria
RandomForest,warning_ammonia_toxicity,BAC_F::Oligosphaeraceae,0.0011923561059697591,Bacteria
RandomForest,warning_ammonia_toxicity,BAC_F::Omnitrophaceae,1.7397690294058268e-17,Bacteria
RandomForest,warning_ammonia_toxicity,BAC_F::Oscillospiraceae,0.0022907975206888573,Bacteria
RandomForest,warning_ammonia_toxicity,BAC_F::Oxalobacteraceae,0.0,Bacteria
RandomForest,warning_ammonia_toxicity,BAC_F::PB19,0.0,Bacteria
RandomForest,warning_ammonia_toxicity,BAC_F::PBS-18,0.0,Bacteria
RandomForest,warning_ammonia_toxicity,BAC_F::PHOS-HE36,0.0,Bacteria
RandomForest,warning_ammonia_toxicity,BAC_F::PLTA13,3.23883151396883e-18,Bacteria
RandomForest,warning_ammonia_toxicity,BAC_F::Paludibacteraceae,0.009385486405980971,Bacteria
RandomForest,warning_ammonia_toxicity,BAC_F::PeH15,0.0006181528169304271,Bacteria
RandomForest,warning_ammonia_toxicity,BAC_F::PeM15,0.0,Bacteria
RandomForest,warning_ammonia_toxicity,BAC_F::Pedosphaeraceae,0.010041582416538842,Bacteria
RandomForest,warning_ammonia_toxicity,BAC_F::Peptococcaceae,0.0021134034438339945,Bacteria
RandomForest,warning_ammonia_toxicity,BAC_F::Peptostreptococcaceae,0.0,Bacteria
RandomForest,warning_ammonia_toxicity,BAC_F::Peptostreptococcales-Tissierellales,0.07277713668328072,Bacteria
RandomForest,warning_ammonia_toxicity,BAC_F::Petrotogaceae,0.0042682852166318645,Bacteria
RandomForest,warning_ammonia_toxicity,BAC_F::Phycisphaeraceae,0.0,Bacteria
RandomForest,warning_ammonia_toxicity,BAC_F::Pirellulaceae,0.0008910666266320637,Bacteria
RandomForest,warning_ammonia_toxicity,BAC_F::Pla3_lineage,2.2313637212775637e-17,Bacteria
RandomForest,warning_ammonia_toxicity,BAC_F::Planococcaceae,0.0,Bacteria
RandomForest,warning_ammonia_toxicity,BAC_F::Porticoccaceae,0.0,Bacteria
RandomForest,warning_ammonia_toxicity,BAC_F::Prevotellaceae,0.0007178924033369077,Bacteria
RandomForest,warning_ammonia_toxicity,BAC_F::Prolixibacteraceae,0.011394053856645775,Bacteria
RandomForest,warning_ammonia_toxicity,BAC_F::Propionibacteriaceae,0.0,Bacteria
RandomForest,warning_ammonia_toxicity,BAC_F::Proteiniboraceae,0.0,Bacteria
RandomForest,warning_ammonia_toxicity,BAC_F::Pseudomonadaceae,0.0006252583739829694,Bacteria
RandomForest,warning_ammonia_toxicity,BAC_F::RBG-13-54-9,1.3395850901969555e-18,Bacteria
RandomForest,warning_ammonia_toxicity,BAC_F::RBG-16-55-12,0.0,Bacteria
RandomForest,warning_ammonia_toxicity,BAC_F::Reyranellaceae,0.0,Bacteria
RandomForest,warning_ammonia_toxicity,BAC_F::Rhizobiaceae,1.2838486618062835e-17,Bacteria
RandomForest,warning_ammonia_toxicity,BAC_F::Rhizobiales_Incertae_Sedis,7.15932593605529e-17,Bacteria
RandomForest,warning_ammonia_toxicity,BAC_F::Rhodanobacteraceae,0.0006395258383258133,Bacteria
RandomForest,warning_ammonia_toxicity,BAC_F::Rhodobacteraceae,0.0416484814683665,Bacteria
RandomForest,warning_ammonia_toxicity,BAC_F::Rhodocyclaceae,0.02297839725935184,Bacteria
RandomForest,warning_ammonia_toxicity,BAC_F::Rickettsiaceae,0.0,Bacteria
RandomForest,warning_ammonia_toxicity,BAC_F::Rikenellaceae,0.005029740440498917,Bacteria
RandomForest,warning_ammonia_toxicity,BAC_F::Rubinisphaeraceae,0.0,Bacteria
RandomForest,warning_ammonia_toxicity,BAC_F::Ruminococcaceae,0.014100360961906038,Bacteria
RandomForest,warning_ammonia_toxicity,BAC_F::Run-SP154,1.6502247150835894e-18,Bacteria
RandomForest,warning_ammonia_toxicity,BAC_F::S15A-MN91,2.51170793140722e-17,Bacteria
RandomForest,warning_ammonia_toxicity,BAC_F::SB-5,0.0,Bacteria
RandomForest,warning_ammonia_toxicity,BAC_F::SBR1031,0.0,Bacteria
RandomForest,warning_ammonia_toxicity,BAC_F::SC-I-84,0.003684690856220581,Bacteria
RandomForest,warning_ammonia_toxicity,BAC_F::SHA-41,0.0,Bacteria
RandomForest,warning_ammonia_toxicity,BAC_F::SJA-15,0.0009895622704532924,Bacteria
RandomForest,warning_ammonia_toxicity,BAC_F::SJA-28,0.005935762678337775,Bacteria
RandomForest,warning_ammonia_toxicity,BAC_F::SM1A07,0.0,Bacteria
RandomForest,warning_ammonia_toxicity,BAC_F::SRB2,0.000632146238623541,Bacteria
RandomForest,warning_ammonia_toxicity,BAC_F::ST-12K33,0.003846108802445507,Bacteria
RandomForest,warning_ammonia_toxicity,BAC_F::Saccharimonadaceae,0.0,Bacteria
RandomForest,warning_ammonia_toxicity,BAC_F::Saccharimonadales,0.0,Bacteria
RandomForest,warning_ammonia_toxicity,BAC_F::Saprospiraceae,0.00960057773612144,Bacteria
RandomForest,warning_ammonia_toxicity,BAC_F::Schlesneriaceae,0.0,Bacteria
RandomForest,warning_ammonia_toxicity,BAC_F::Sedimentibacteraceae,0.003480376494803452,Bacteria
RandomForest,warning_ammonia_toxicity,BAC_F::Selenomonadaceae,0.0,Bacteria
RandomForest,warning_ammonia_toxicity,BAC_F::Smithellaceae,0.009905519612948005,Bacteria
RandomForest,warning_ammonia_toxicity,BAC_F::Solibacteraceae,0.0,Bacteria
RandomForest,warning_ammonia_toxicity,BAC_F::Sphingobacteriaceae,0.0,Bacteria
RandomForest,warning_ammonia_toxicity,BAC_F::Sphingomonadaceae,2.146590964307428e-18,Bacteria
RandomForest,warning_ammonia_toxicity,BAC_F::Spirochaetaceae,0.0016345227076356849,Bacteria
RandomForest,warning_ammonia_toxicity,BAC_F::Spongiibacteraceae,0.0013376108955041224,Bacteria
RandomForest,warning_ammonia_toxicity,BAC_F::Sporichthyaceae,1.6060408589056407e-17,Bacteria
RandomForest,warning_ammonia_toxicity,BAC_F::Sporomusaceae,0.0,Bacteria
RandomForest,warning_ammonia_toxicity,BAC_F::Steroidobacteraceae,0.0,Bacteria
RandomForest,warning_ammonia_toxicity,BAC_F::Streptococcaceae,0.00037608151246291076,Bacteria
RandomForest,warning_ammonia_toxicity,BAC_F::Sumerlaeaceae,0.0,Bacteria
RandomForest,warning_ammonia_toxicity,BAC_F::Sutterellaceae,0.0,Bacteria
RandomForest,warning_ammonia_toxicity,BAC_F::Sva0485,0.0,Bacteria
RandomForest,warning_ammonia_toxicity,BAC_F::Symbiobacteraceae,0.0,Bacteria
RandomForest,warning_ammonia_toxicity,BAC_F::Synergistaceae,0.0048587972207919826,Bacteria
RandomForest,warning_ammonia_toxicity,BAC_F::Syntrophaceae,0.0,Bacteria
RandomForest,warning_ammonia_toxicity,BAC_F::Syntrophobacteraceae,0.0015364691993153753,Bacteria
RandomForest,warning_ammonia_toxicity,BAC_F::Syntrophobotulaceae,0.0,Bacteria
RandomForest,warning_ammonia_toxicity,BAC_F::Syntrophomonadaceae,0.012502861632678532,Bacteria
RandomForest,warning_ammonia_toxicity,BAC_F::Syntrophorhabdaceae,0.018482062168746153,Bacteria
RandomForest,warning_ammonia_toxicity,BAC_F::Syntrophotaleaceae,0.0008173466282268963,Bacteria
RandomForest,warning_ammonia_toxicity,BAC_F::TA06,0.0,Bacteria
RandomForest,warning_ammonia_toxicity,BAC_F::TTA-B1,0.0,Bacteria
RandomForest,warning_ammonia_toxicity,BAC_F::Tannerellaceae,0.011826425659794347,Bacteria
RandomForest,warning_ammonia_toxicity,BAC_F::Thermaceae,0.0,Bacteria
RandomForest,warning_ammonia_toxicity,BAC_F::Thermacetogeniaceae,0.008867282295478972,Bacteria
RandomForest,warning_ammonia_toxicity,BAC_F::Thermoanaerobaculaceae,0.0,Bacteria
RandomForest,warning_ammonia_toxicity,BAC_F::Thermotaleaceae,1.0370079880041703e-05,Bacteria
RandomForest,warning_ammonia_toxicity,BAC_F::Thermovenabulales,0.002036657221352859,Bacteria
RandomForest,warning_ammonia_toxicity,BAC_F::Thioalkalispiraceae,0.0,Bacteria
RandomForest,warning_ammonia_toxicity,BAC_F::Trueperaceae,0.0,Bacteria
RandomForest,warning_ammonia_toxicity,BAC_F::UCG-010,0.014366052983942541,Bacteria
RandomForest,warning_ammonia_toxicity,BAC_F::Veillonellaceae,0.0,Bacteria
RandomForest,warning_ammonia_toxicity,BAC_F::Vermiphilaceae,0.0,Bacteria
RandomForest,warning_ammonia_toxicity,BAC_F::Verrucomicrobiaceae,0.0,Bacteria
RandomForest,warning_ammonia_toxicity,BAC_F::Vibrionaceae,0.0,Bacteria
RandomForest,warning_ammonia_toxicity,BAC_F::W27,0.021088203591644258,Bacteria
RandomForest,warning_ammonia_toxicity,BAC_F::WCHB1-02,0.012576438735731419,Bacteria
RandomForest,warning_ammonia_toxicity,BAC_F::WCHB1-41,0.0025069666948613527,Bacteria
RandomForest,warning_ammonia_toxicity,BAC_F::WCHB1-81,0.0003967936985082166,Bacteria
RandomForest,warning_ammonia_toxicity,BAC_F::WPS-2,0.0,Bacteria
RandomForest,warning_ammonia_toxicity,BAC_F::WS1,0.006078607154576055,Bacteria
RandomForest,warning_ammonia_toxicity,BAC_F::WWE3,0.0,Bacteria
RandomForest,warning_ammonia_toxicity,BAC_F::Weeksellaceae,0.0,Bacteria
RandomForest,warning_ammonia_toxicity,BAC_F::Williamwhitmaniaceae,0.01115508032275818,Bacteria
RandomForest,warning_ammonia_toxicity,BAC_F::Wohlfahrtiimonadaceae,0.0,Bacteria
RandomForest,warning_ammonia_toxicity,BAC_F::Xanthobacteraceae,0.0013847456840243265,Bacteria
RandomForest,warning_ammonia_toxicity,BAC_F::Xanthomonadaceae,0.012346347646378264,Bacteria
RandomForest,warning_ammonia_toxicity,BAC_F::Yersiniaceae,0.00039655190339086855,Bacteria
RandomForest,warning_ammonia_toxicity,BAC_F::Z4MB62,0.0,Bacteria
RandomForest,warning_ammonia_toxicity,BAC_F::Zixibacteria,0.0,Bacteria
RandomForest,warning_ammonia_toxicity,BAC_F::c5LKS83,0.0,Bacteria
RandomForest,warning_ammonia_toxicity,BAC_F::cvE6,0.0,Bacteria
RandomForest,warning_ammonia_toxicity,BAC_F::env.OPS_17,0.0,Bacteria
RandomForest,warning_ammonia_toxicity,BAC_F::p-251-o5,1.9622648542840285e-17,Bacteria
RandomForest,warning_ammonia_toxicity,BAC_F::unidentified,0.0036996283797560243,Bacteria
RandomForest,warning_ammonia_toxicity,ARC_F::Aenigmarchaeales,0.0,Archaea
RandomForest,warning_ammonia_toxicity,ARC_F::Bathyarchaeia,0.0033000322317812865,Archaea
RandomForest,warning_ammonia_toxicity,ARC_F::Lokiarchaeia,0.0,Archaea
RandomForest,warning_ammonia_toxicity,ARC_F::Methanocorpusculaceae,0.001161526204495733,Archaea
RandomForest,warning_ammonia_toxicity,ARC_F::Methanofastidiosaceae,0.03524014989357259,Archaea
RandomForest,warning_ammonia_toxicity,ARC_F::Methanomassiliicoccaceae,0.0015359316812877059,Archaea
RandomForest,warning_ammonia_toxicity,ARC_F::Methanomethyliaceae,0.0,Archaea
RandomForest,warning_ammonia_toxicity,ARC_F::Methanomethylophilaceae,0.016035616059731583,Archaea
RandomForest,warning_ammonia_toxicity,ARC_F::Methanomicrobiaceae,0.011279583949610419,Archaea
RandomForest,warning_ammonia_toxicity,ARC_F::Methanomicrobiales,0.0006208952439334787,Archaea
RandomForest,warning_ammonia_toxicity,ARC_F::Methanoregulaceae,0.020942960708182155,Archaea
RandomForest,warning_ammonia_toxicity,ARC_F::Methanosaetaceae,0.007951852558926147,Archaea
RandomForest,warning_ammonia_toxicity,ARC_F::Methanosarcinaceae,0.0029324464636636366,Archaea
RandomForest,warning_ammonia_toxicity,ARC_F::Methanospirillaceae,0.01118230073483935,Archaea
RandomForest,warning_ammonia_toxicity,ARC_F::Micrarchaeales,0.0004280162003887275,Archaea
RandomForest,warning_ammonia_toxicity,ARC_F::Nitrososphaeraceae,0.0,Archaea
RandomForest,warning_ammonia_toxicity,ARC_F::Rhinosporideacae,0.0,Archaea
RandomForest,warning_ammonia_toxicity,ARC_F::SCGC_AAA011-D5,0.00011946750225346763,Archaea
RandomForest,warning_ammonia_toxicity,ARC_F::Teleostei,0.0,Archaea
RandomForest,warning_ammonia_toxicity,ARC_F::Veneroida,0.0,Archaea
RandomForest,warning_ammonia_toxicity,ARC_F::Woesearchaeales,0.0,Archaea
RandomForest,warning_ammonia_toxicity,ARC_F::unidentified,0.003093775805163228,Archaea
RandomForest,warning_biogas_quality,BAC_F::009E01-B-SD-P15,0.0030570252792474872,Bacteria
RandomForest,warning_biogas_quality,BAC_F::0319-6G20,9.166456767417944e-18,Bacteria
RandomForest,warning_biogas_quality,BAC_F::053A03-B-DI-P58,0.0,Bacteria
RandomForest,warning_biogas_quality,BAC_F::1-20,0.0,Bacteria
RandomForest,warning_biogas_quality,BAC_F::113B434,0.0,Bacteria
RandomForest,warning_biogas_quality,BAC_F::37-13,0.0,Bacteria
RandomForest,warning_biogas_quality,BAC_F::4572-13,0.0,Bacteria
RandomForest,warning_biogas_quality,BAC_F::67-14,0.0,Bacteria
RandomForest,warning_biogas_quality,BAC_F::A0839,2.5415302772427777e-18,Bacteria
RandomForest,warning_biogas_quality,BAC_F::A21b,0.0,Bacteria
RandomForest,warning_biogas_quality,BAC_F::AKYH767,0.0028752535968454653,Bacteria
RandomForest,warning_biogas_quality,BAC_F::Absconditabacteriales_(SR1),0.002166061986883574,Bacteria
RandomForest,warning_biogas_quality,BAC_F::Acetobacteraceae,5.2952726291574976e-18,Bacteria
RandomForest,warning_biogas_quality,BAC_F::Acetothermiia,0.0,Bacteria
RandomForest,warning_biogas_quality,BAC_F::Acholeplasmataceae,0.005004160742727153,Bacteria
RandomForest,warning_biogas_quality,BAC_F::Acidaminococcaceae,0.006666666666666647,Bacteria
RandomForest,warning_biogas_quality,BAC_F::Acidobacteriae,0.0,Bacteria
RandomForest,warning_biogas_quality,BAC_F::Actinomycetaceae,1.2949627134504306e-17,Bacteria
RandomForest,warning_biogas_quality,BAC_F::Aerococcaceae,0.0,Bacteria
RandomForest,warning_biogas_quality,BAC_F::Aeromonadaceae,8.591042345617388e-18,Bacteria
RandomForest,warning_biogas_quality,BAC_F::Alcaligenaceae,0.004568948176539538,Bacteria
RandomForest,warning_biogas_quality,BAC_F::Aminicenantales,0.0008406188805169733,Bacteria
RandomForest,warning_biogas_quality,BAC_F::Anaerofustaceae,0.0,Bacteria
RandomForest,warning_biogas_quality,BAC_F::Anaerolineaceae,3.0814161450687355e-18,Bacteria
RandomForest,warning_biogas_quality,BAC_F::Anaeromyxobacteraceae,0.0,Bacteria
RandomForest,warning_biogas_quality,BAC_F::Anaerovoracaceae,0.003810360029549852,Bacteria
RandomForest,warning_biogas_quality,BAC_F::Aquaspirillaceae,0.0030474122330799904,Bacteria
RandomForest,warning_biogas_quality,BAC_F::Arcobacteraceae,6.3796757704807765e-18,Bacteria
RandomForest,warning_biogas_quality,BAC_F::Ardenticatenaceae,0.0,Bacteria
RandomForest,warning_biogas_quality,BAC_F::Arenicellaceae,0.0,Bacteria
RandomForest,warning_biogas_quality,BAC_F::Atopobiaceae,0.050801249422336665,Bacteria
RandomForest,warning_biogas_quality,BAC_F::B1-7BS,0.0,Bacteria
RandomForest,warning_biogas_quality,BAC_F::B55-F-B-G02,2.0221953866659458e-05,Bacteria
RandomForest,warning_biogas_quality,BAC_F::BRH-c20a,0.0,Bacteria
RandomForest,warning_biogas_quality,BAC_F::Babeliales,1.2059594280490725e-17,Bacteria
RandomForest,warning_biogas_quality,BAC_F::Bacillaceae,0.0,Bacteria
RandomForest,warning_biogas_quality,BAC_F::Bacteriovoracaceae,0.0,Bacteria
RandomForest,warning_biogas_quality,BAC_F::Bacteroidaceae,0.009426979993926221,Bacteria
RandomForest,warning_biogas_quality,BAC_F::Bacteroidales_UCG-001,0.0028661070475027505,Bacteria
RandomForest,warning_biogas_quality,BAC_F::Bacteroidetes_BD2-2,0.0,Bacteria
RandomForest,warning_biogas_quality,BAC_F::Bacteroidetes_VC2.1_Bac22,0.0013357538778912873,Bacteria
RandomForest,warning_biogas_quality,BAC_F::Bacteroidetes_vadinHA17,0.0069611248009932136,Bacteria
RandomForest,warning_biogas_quality,BAC_F::Bdellovibrionaceae,0.0,Bacteria
RandomForest,warning_biogas_quality,BAC_F::Beijerinckiaceae,0.0,Bacteria
RandomForest,warning_biogas_quality,BAC_F::Bifidobacteriaceae,0.02355436875249537,Bacteria
RandomForest,warning_biogas_quality,BAC_F::Blastocatellaceae,0.002959988622055855,Bacteria
RandomForest,warning_biogas_quality,BAC_F::Bogoriellaceae,0.005320825990644733,Bacteria
RandomForest,warning_biogas_quality,BAC_F::Brachyspirales_Incertae_Sedis,1.6265846764893198e-18,Bacteria
RandomForest,warning_biogas_quality,BAC_F::Bradymonadales,0.0,Bacteria
RandomForest,warning_biogas_quality,BAC_F::Bryobacteraceae,0.0,Bacteria
RandomForest,warning_biogas_quality,BAC_F::Burkholderiaceae,0.0014688124887303204,Bacteria
RandomForest,warning_biogas_quality,BAC_F::Butyricicoccaceae,0.0,Bacteria
RandomForest,warning_biogas_quality,BAC_F::C10-SB1A,0.0,Bacteria
RandomForest,warning_biogas_quality,BAC_F::CCM19a,0.0,Bacteria
RandomForest,warning_biogas_quality,BAC_F::CK-2C2-2,0.0,Bacteria
RandomForest,warning_biogas_quality,BAC_F::Caldatribacteriaceae,0.0028081535858509644,Bacteria
RandomForest,warning_biogas_quality,BAC_F::Caldicoprobacteraceae,0.003911747211844164,Bacteria
RandomForest,warning_biogas_quality,BAC_F::Caldilineaceae,0.0,Bacteria
RandomForest,warning_biogas_quality,BAC_F::Caldisericaceae,0.0,Bacteria
RandomForest,warning_biogas_quality,BAC_F::Caloramatoraceae,0.002897775350622146,Bacteria
RandomForest,warning_biogas_quality,BAC_F::Candidatus_Falkowbacteria,0.0,Bacteria
RandomForest,warning_biogas_quality,BAC_F::Candidatus_Peregrinibacteria,0.0014144255790618442,Bacteria
RandomForest,warning_biogas_quality,BAC_F::Candidatus_Shapirobacteria,0.0,Bacteria
RandomForest,warning_biogas_quality,BAC_F::Carnobacteriaceae,0.0,Bacteria
RandomForest,warning_biogas_quality,BAC_F::Caulobacteraceae,0.0,Bacteria
RandomForest,warning_biogas_quality,BAC_F::Chitinimonadaceae,0.0,Bacteria
RandomForest,warning_biogas_quality,BAC_F::Chitinophagaceae,0.006978579476537304,Bacteria
RandomForest,warning_biogas_quality,BAC_F::Christensenellaceae,0.007705207450316086,Bacteria
RandomForest,warning_biogas_quality,BAC_F::Chromobacteriaceae,0.0,Bacteria
RandomForest,warning_biogas_quality,BAC_F::Chthoniobacteraceae,0.0,Bacteria
RandomForest,warning_biogas_quality,BAC_F::Chthonomonadales,1.0193471189225322e-17,Bacteria
RandomForest,warning_biogas_quality,BAC_F::Cloacimonadaceae,0.01755012133826804,Bacteria
RandomForest,warning_biogas_quality,BAC_F::Cloacimonadales,0.0,Bacteria
RandomForest,warning_biogas_quality,BAC_F::Clostridia_UCG-014,0.010913872588621204,Bacteria
RandomForest,warning_biogas_quality,BAC_F::Clostridiaceae,0.0057793708014340734,Bacteria
RandomForest,warning_biogas_quality,BAC_F::Comamonadaceae,0.0030903700051642755,Bacteria
RandomForest,warning_biogas_quality,BAC_F::Competibacteraceae,0.0015791927886354231,Bacteria
RandomForest,warning_biogas_quality,BAC_F::Coprothermobacteraceae,0.0,Bacteria
RandomForest,warning_biogas_quality,BAC_F::Coriobacteriales_Incertae_Sedis,0.0,Bacteria
RandomForest,warning_biogas_quality,BAC_F::Corynebacteriaceae,0.005580362915498048,Bacteria
RandomForest,warning_biogas_quality,BAC_F::Crocinitomicaceae,0.0,Bacteria
RandomForest,warning_biogas_quality,BAC_F::D8A-2,0.01969812172481873,Bacteria
RandomForest,warning_biogas_quality,BAC_F::DEV007,0.0,Bacteria
RandomForest,warning_biogas_quality,BAC_F::DS-100,3.1349488156134533e-18,Bacteria
RandomForest,warning_biogas_quality,BAC_F::DTU014,0.013391232381621872,Bacteria
RandomForest,warning_biogas_quality,BAC_F::Defluviicoccaceae,0.0,Bacteria
RandomForest,warning_biogas_quality,BAC_F::Defluviitaleaceae,0.0006095259359007,Bacteria
RandomForest,warning_biogas_quality,BAC_F::Dermatophilaceae,0.0,Bacteria
RandomForest,warning_biogas_quality,BAC_F::Desulfitibacteraceae,0.0,Bacteria
RandomForest,warning_biogas_quality,BAC_F::Desulfobulbaceae,0.002895847720319687,Bacteria
RandomForest,warning_biogas_quality,BAC_F::Desulfomicrobiaceae,0.006312463372274144,Bacteria
RandomForest,warning_biogas_quality,BAC_F::Desulfotomaculales,0.0017376884345445972,Bacteria
RandomForest,warning_biogas_quality,BAC_F::Desulfovibrionaceae,1.7387180997789875e-17,Bacteria
RandomForest,warning_biogas_quality,BAC_F::Dethiobacteraceae,0.0015703583359261957,Bacteria
RandomForest,warning_biogas_quality,BAC_F::Devosiaceae,2.5186603356903102e-17,Bacteria
RandomForest,warning_biogas_quality,BAC_F::Dietziaceae,0.0,Bacteria
RandomForest,warning_biogas_quality,BAC_F::Diplorickettsiaceae,0.0,Bacteria
RandomForest,warning_biogas_quality,BAC_F::Dongiaceae,0.0,Bacteria
RandomForest,warning_biogas_quality,BAC_F::Dysgonomonadaceae,0.020485315114589314,Bacteria
RandomForest,warning_biogas_quality,BAC_F::Eggerthellaceae,0.0,Bacteria
RandomForest,warning_biogas_quality,BAC_F::Elsteraceae,0.0,Bacteria
RandomForest,warning_biogas_quality,BAC_F::Endomicrobiaceae,0.006666666666666674,Bacteria
RandomForest,warning_biogas_quality,BAC_F::Enterobacteriaceae,0.0200416685793671,Bacteria
RandomForest,warning_biogas_quality,BAC_F::Enterococcaceae,0.0,Bacteria
RandomForest,warning_biogas_quality,BAC_F::Erwiniaceae,0.0,Bacteria
RandomForest,warning_biogas_quality,BAC_F::Erysipelatoclostridiaceae,0.0,Bacteria
RandomForest,warning_biogas_quality,BAC_F::Erysipelotrichaceae,0.0,Bacteria
RandomForest,warning_biogas_quality,BAC_F::Eubacteriaceae,0.004745218031762766,Bacteria
RandomForest,warning_biogas_quality,BAC_F::F082,0.0,Bacteria
RandomForest,warning_biogas_quality,BAC_F::FTLpost3,0.0,Bacteria
RandomForest,warning_biogas_quality,BAC_F::Fermentibacteraceae,0.002535376109860559,Bacteria
RandomForest,warning_biogas_quality,BAC_F::Fervidobacteriaceae,1.8999780170089322e-18,Bacteria
RandomForest,warning_biogas_quality,BAC_F::Fibrobacteraceae,2.572312608057377e-17,Bacteria
RandomForest,warning_biogas_quality,BAC_F::Fibrobacterales,0.0,Bacteria
RandomForest,warning_biogas_quality,BAC_F::Fimbriimonadaceae,0.005716972923713807,Bacteria
RandomForest,warning_biogas_quality,BAC_F::Flavobacteriaceae,0.0,Bacteria
RandomForest,warning_biogas_quality,BAC_F::Fusibacteraceae,0.0,Bacteria
RandomForest,warning_biogas_quality,BAC_F::Fusobacteriaceae,0.0,Bacteria
RandomForest,warning_biogas_quality,BAC_F::GZKB124,0.0,Bacteria
RandomForest,warning_biogas_quality,BAC_F::GZKB75,1.2179235116696299e-17,Bacteria
RandomForest,warning_biogas_quality,BAC_F::Gallionellaceae,0.0,Bacteria
RandomForest,warning_biogas_quality,BAC_F::Garciellaceae,0.0,Bacteria
RandomForest,warning_biogas_quality,BAC_F::Gemmataceae,0.004786076192541442,Bacteria
RandomForest,warning_biogas_quality,BAC_F::Gemmatimonadaceae,0.0,Bacteria
RandomForest,warning_biogas_quality,BAC_F::Geobacteraceae,0.0,Bacteria
RandomForest,warning_biogas_quality,BAC_F::Gracilibacteraceae,0.012076110992194281,Bacteria
RandomForest,warning_biogas_quality,BAC_F::HOC36,0.0,Bacteria
RandomForest,warning_biogas_quality,BAC_F::Hahellaceae,0.0,Bacteria
RandomForest,warning_biogas_quality,BAC_F::Halanaerobiaceae,0.0,Bacteria
RandomForest,warning_biogas_quality,BAC_F::Haliangiaceae,0.0,Bacteria
RandomForest,warning_biogas_quality,BAC_F::Halomonadaceae,0.0,Bacteria
RandomForest,warning_biogas_quality,BAC_F::Holophagaceae,0.0,Bacteria
RandomForest,warning_biogas_quality,BAC_F::Hungateiclostridiaceae,0.015553575524314654,Bacteria
RandomForest,warning_biogas_quality,BAC_F::Hydrogenedensaceae,0.0019283387590439546,Bacteria
RandomForest,warning_biogas_quality,BAC_F::Hydrogenophilaceae,0.0,Bacteria
RandomForest,warning_biogas_quality,BAC_F::Hydrothermae,0.0,Bacteria
RandomForest,warning_biogas_quality,BAC_F::Hyphomicrobiaceae,0.0038360272169287338,Bacteria
RandomForest,warning_biogas_quality,BAC_F::Hyphomonadaceae,0.0016666165929428852,Bacteria
RandomForest,warning_biogas_quality,BAC_F::IMCC26256,0.0,Bacteria
RandomForest,warning_biogas_quality,BAC_F::Iamiaceae,6.1432888143176014e-18,Bacteria
RandomForest,warning_biogas_quality,BAC_F::Ignavibacteriaceae,0.0,Bacteria
RandomForest,warning_biogas_quality,BAC_F::Ilumatobacteraceae,0.0,Bacteria
RandomForest,warning_biogas_quality,BAC_F::Incertae_Sedis,1.6150566176330037e-17,Bacteria
RandomForest,warning_biogas_quality,BAC_F::Intrasporangiaceae,0.008945999038513114,Bacteria
RandomForest,warning_biogas_quality,BAC_F::Isosphaeraceae,0.0,Bacteria
RandomForest,warning_biogas_quality,BAC_F::Izemoplasmataceae,0.0,Bacteria
RandomForest,warning_biogas_quality,BAC_F::Izemoplasmatales,3.3627131952230594e-17,Bacteria
RandomForest,warning_biogas_quality,BAC_F::JG36-GS-52,0.0,Bacteria
RandomForest,warning_biogas_quality,BAC_F::JS1,4.7803322986648e-17,Bacteria
RandomForest,warning_biogas_quality,BAC_F::KCLunmb-38-53,0.0,Bacteria
RandomForest,warning_biogas_quality,BAC_F::Kapabacteriales,0.0012563682791076225,Bacteria
RandomForest,warning_biogas_quality,BAC_F::Kosmotogaceae,0.0,Bacteria
RandomForest,warning_biogas_quality,BAC_F::LD1-PA32,0.0013283351114104236,Bacteria
RandomForest,warning_biogas_quality,BAC_F::LD1-PB3,0.0011228763200925994,Bacteria
RandomForest,warning_biogas_quality,BAC_F::LF045,0.0,Bacteria
RandomForest,warning_biogas_quality,BAC_F::LWQ8,0.0,Bacteria
RandomForest,warning_biogas_quality,BAC_F::Lachnospiraceae,0.010934443657547546,Bacteria
RandomForest,warning_biogas_quality,BAC_F::Lactobacillaceae,0.03417433736008952,Bacteria
RandomForest,warning_biogas_quality,BAC_F::Leeiaceae,0.0,Bacteria
RandomForest,warning_biogas_quality,BAC_F::Lentimicrobiaceae,0.020088833745293803,Bacteria
RandomForest,warning_biogas_quality,BAC_F::Leptospiraceae,0.0004838377049191577,Bacteria
RandomForest,warning_biogas_quality,BAC_F::Leptotrichiaceae,8.10365187875551e-18,Bacteria
RandomForest,warning_biogas_quality,BAC_F::Leuconostocaceae,0.006118537935051709,Bacteria
RandomForest,warning_biogas_quality,BAC_F::LiUU-11-161,0.0,Bacteria
RandomForest,warning_biogas_quality,BAC_F::Limnochordaceae,0.0,Bacteria
RandomForest,warning_biogas_quality,BAC_F::Limnochordia,0.0,Bacteria
RandomForest,warning_biogas_quality,BAC_F::M55-D21,0.006833753918255403,Bacteria
RandomForest,warning_biogas_quality,BAC_F::MAT-CR-H4-C10,0.0,Bacteria
RandomForest,warning_biogas_quality,BAC_F::MBA03,0.004621887881953181,Bacteria
RandomForest,warning_biogas_quality,BAC_F::MVP-15,0.004162999830114838,Bacteria
RandomForest,warning_biogas_quality,BAC_F::Marinifilaceae,0.0,Bacteria
RandomForest,warning_biogas_quality,BAC_F::Marinilabiliaceae,0.009027390268706042,Bacteria
RandomForest,warning_biogas_quality,BAC_F::Marinimicrobia_(SAR406_clade),0.001535517814099847,Bacteria
RandomForest,warning_biogas_quality,BAC_F::Methylococcaceae,0.0,Bacteria
RandomForest,warning_biogas_quality,BAC_F::Methylomonadaceae,1.2180730598798132e-17,Bacteria
RandomForest,warning_biogas_quality,BAC_F::Methylophilaceae,9.487306476991768e-18,Bacteria
RandomForest,warning_biogas_quality,BAC_F::MgMjR-022,1.9904531606760198e-18,Bacteria
RandomForest,warning_biogas_quality,BAC_F::Microbacteriaceae,0.004130739384804601,Bacteria
RandomForest,warning_biogas_quality,BAC_F::Micrococcaceae,0.0,Bacteria
RandomForest,warning_biogas_quality,BAC_F::Microscillaceae,6.727177977578794e-18,Bacteria
RandomForest,warning_biogas_quality,BAC_F::Microtrichaceae,1.7997013994445667e-17,Bacteria
RandomForest,warning_biogas_quality,BAC_F::Monoglobaceae,0.0,Bacteria
RandomForest,warning_biogas_quality,BAC_F::Moorellaceae,0.0,Bacteria
RandomForest,warning_biogas_quality,BAC_F::Moraxellaceae,0.005842436261769423,Bacteria
RandomForest,warning_biogas_quality,BAC_F::Morganellaceae,0.0,Bacteria
RandomForest,warning_biogas_quality,BAC_F::Mycobacteriaceae,0.0,Bacteria
RandomForest,warning_biogas_quality,BAC_F::NK-L14,0.0,Bacteria
RandomForest,warning_biogas_quality,BAC_F::NKB15,1.3110677347629014e-17,Bacteria
RandomForest,warning_biogas_quality,BAC_F::Nannocystaceae,0.0,Bacteria
RandomForest,warning_biogas_quality,BAC_F::Neisseriaceae,3.007680548279422e-18,Bacteria
RandomForest,warning_biogas_quality,BAC_F::Nitrosococcaceae,0.0,Bacteria
RandomForest,warning_biogas_quality,BAC_F::Nitrosomonadaceae,2.4050341006746362e-17,Bacteria
RandomForest,warning_biogas_quality,BAC_F::Nitrospiraceae,2.07093666774413e-18,Bacteria
RandomForest,warning_biogas_quality,BAC_F::OLB14,0.0,Bacteria
RandomForest,warning_biogas_quality,BAC_F::OPB41,1.4597507233394394e-17,Bacteria
RandomForest,warning_biogas_quality,BAC_F::Obscuribacteraceae,0.0,Bacteria
RandomForest,warning_biogas_quality,BAC_F::Oligosphaeraceae,0.0,Bacteria
RandomForest,warning_biogas_quality,BAC_F::Omnitrophaceae,0.0,Bacteria
RandomForest,warning_biogas_quality,BAC_F::Oscillospiraceae,0.015973911775982595,Bacteria
RandomForest,warning_biogas_quality,BAC_F::Oxalobacteraceae,0.0,Bacteria
RandomForest,warning_biogas_quality,BAC_F::PB19,0.0,Bacteria
RandomForest,warning_biogas_quality,BAC_F::PBS-18,0.0,Bacteria
RandomForest,warning_biogas_quality,BAC_F::PHOS-HE36,0.0,Bacteria
RandomForest,warning_biogas_quality,BAC_F::PLTA13,0.0,Bacteria
RandomForest,warning_biogas_quality,BAC_F::Paludibacteraceae,0.023906723245243688,Bacteria
RandomForest,warning_biogas_quality,BAC_F::PeH15,0.003715572930938921,Bacteria
RandomForest,warning_biogas_quality,BAC_F::PeM15,0.0,Bacteria
RandomForest,warning_biogas_quality,BAC_F::Pedosphaeraceae,2.4614624080237707e-17,Bacteria
RandomForest,warning_biogas_quality,BAC_F::Peptococcaceae,1.5781407570318915e-18,Bacteria
RandomForest,warning_biogas_quality,BAC_F::Peptostreptococcaceae,0.03354317345377778,Bacteria
RandomForest,warning_biogas_quality,BAC_F::Peptostreptococcales-Tissierellales,0.005254230531735523,Bacteria
RandomForest,warning_biogas_quality,BAC_F::Petrotogaceae,0.009161597463339631,Bacteria
RandomForest,warning_biogas_quality,BAC_F::Phycisphaeraceae,0.0,Bacteria
RandomForest,warning_biogas_quality,BAC_F::Pirellulaceae,0.003440077441613969,Bacteria
RandomForest,warning_biogas_quality,BAC_F::Pla3_lineage,0.0,Bacteria
RandomForest,warning_biogas_quality,BAC_F::Planococcaceae,0.0,Bacteria
RandomForest,warning_biogas_quality,BAC_F::Porticoccaceae,0.0,Bacteria
RandomForest,warning_biogas_quality,BAC_F::Prevotellaceae,0.024193973983286887,Bacteria
RandomForest,warning_biogas_quality,BAC_F::Prolixibacteraceae,0.0,Bacteria
RandomForest,warning_biogas_quality,BAC_F::Propionibacteriaceae,0.0,Bacteria
RandomForest,warning_biogas_quality,BAC_F::Proteiniboraceae,0.0,Bacteria
RandomForest,warning_biogas_quality,BAC_F::Pseudomonadaceae,0.046999620269815995,Bacteria
RandomForest,warning_biogas_quality,BAC_F::RBG-13-54-9,0.0,Bacteria
RandomForest,warning_biogas_quality,BAC_F::RBG-16-55-12,0.0,Bacteria
RandomForest,warning_biogas_quality,BAC_F::Reyranellaceae,0.0,Bacteria
RandomForest,warning_biogas_quality,BAC_F::Rhizobiaceae,0.002228675002118597,Bacteria
RandomForest,warning_biogas_quality,BAC_F::Rhizobiales_Incertae_Sedis,0.0,Bacteria
RandomForest,warning_biogas_quality,BAC_F::Rhodanobacteraceae,0.0013127943310275723,Bacteria
RandomForest,warning_biogas_quality,BAC_F::Rhodobacteraceae,0.0027819325631034683,Bacteria
RandomForest,warning_biogas_quality,BAC_F::Rhodocyclaceae,0.005650271755118529,Bacteria
RandomForest,warning_biogas_quality,BAC_F::Rickettsiaceae,0.0,Bacteria
RandomForest,warning_biogas_quality,BAC_F::Rikenellaceae,0.01333393353326963,Bacteria
RandomForest,warning_biogas_quality,BAC_F::Rubinisphaeraceae,0.0,Bacteria
RandomForest,warning_biogas_quality,BAC_F::Ruminococcaceae,0.033024755448629914,Bacteria
RandomForest,warning_biogas_quality,BAC_F::Run-SP154,0.0,Bacteria
RandomForest,warning_biogas_quality,BAC_F::S15A-MN91,1.820025251050101e-17,Bacteria
RandomForest,warning_biogas_quality,BAC_F::SB-5,0.0,Bacteria
RandomForest,warning_biogas_quality,BAC_F::SBR1031,0.007623639821201687,Bacteria
RandomForest,warning_biogas_quality,BAC_F::SC-I-84,0.0009730057417162789,Bacteria
RandomForest,warning_biogas_quality,BAC_F::SHA-41,0.0,Bacteria
RandomForest,warning_biogas_quality,BAC_F::SJA-15,0.001633159700301646,Bacteria
RandomForest,warning_biogas_quality,BAC_F::SJA-28,0.0,Bacteria
RandomForest,warning_biogas_quality,BAC_F::SM1A07,0.0,Bacteria
RandomForest,warning_biogas_quality,BAC_F::SRB2,0.0,Bacteria
RandomForest,warning_biogas_quality,BAC_F::ST-12K33,2.0101126994750386e-17,Bacteria
RandomForest,warning_biogas_quality,BAC_F::Saccharimonadaceae,0.0,Bacteria
RandomForest,warning_biogas_quality,BAC_F::Saccharimonadales,1.715532937138873e-17,Bacteria
RandomForest,warning_biogas_quality,BAC_F::Saprospiraceae,0.0061158626864823845,Bacteria
RandomForest,warning_biogas_quality,BAC_F::Schlesneriaceae,0.0,Bacteria
RandomForest,warning_biogas_quality,BAC_F::Sedimentibacteraceae,0.007345628621421015,Bacteria
RandomForest,warning_biogas_quality,BAC_F::Selenomonadaceae,0.0,Bacteria
RandomForest,warning_biogas_quality,BAC_F::Smithellaceae,0.003994483906109738,Bacteria
RandomForest,warning_biogas_quality,BAC_F::Solibacteraceae,0.0,Bacteria
RandomForest,warning_biogas_quality,BAC_F::Sphingobacteriaceae,0.0,Bacteria
RandomForest,warning_biogas_quality,BAC_F::Sphingomonadaceae,0.0007574331497407614,Bacteria
RandomForest,warning_biogas_quality,BAC_F::Spirochaetaceae,0.02199480406339888,Bacteria
RandomForest,warning_biogas_quality,BAC_F::Spongiibacteraceae,1.084126645040717e-17,Bacteria
RandomForest,warning_biogas_quality,BAC_F::Sporichthyaceae,0.0,Bacteria
RandomForest,warning_biogas_quality,BAC_F::Sporomusaceae,0.0,Bacteria
RandomForest,warning_biogas_quality,BAC_F::Steroidobacteraceae,0.0,Bacteria
RandomForest,warning_biogas_quality,BAC_F::Streptococcaceae,0.0037013216868156743,Bacteria
RandomForest,warning_biogas_quality,BAC_F::Sumerlaeaceae,0.0,Bacteria
RandomForest,warning_biogas_quality,BAC_F::Sutterellaceae,0.003634716336170032,Bacteria
RandomForest,warning_biogas_quality,BAC_F::Sva0485,0.0,Bacteria
RandomForest,warning_biogas_quality,BAC_F::Symbiobacteraceae,0.0,Bacteria
RandomForest,warning_biogas_quality,BAC_F::Synergistaceae,0.04752050710731436,Bacteria
RandomForest,warning_biogas_quality,BAC_F::Syntrophaceae,0.0,Bacteria
RandomForest,warning_biogas_quality,BAC_F::Syntrophobacteraceae,0.0006518242597332298,Bacteria
RandomForest,warning_biogas_quality,BAC_F::Syntrophobotulaceae,0.0,Bacteria
RandomForest,warning_biogas_quality,BAC_F::Syntrophomonadaceae,0.005239057084033818,Bacteria
RandomForest,warning_biogas_quality,BAC_F::Syntrophorhabdaceae,0.0009447277559221051,Bacteria
RandomForest,warning_biogas_quality,BAC_F::Syntrophotaleaceae,0.0,Bacteria
RandomForest,warning_biogas_quality,BAC_F::TA06,0.0,Bacteria
RandomForest,warning_biogas_quality,BAC_F::TTA-B1,4.261095477532844e-18,Bacteria
RandomForest,warning_biogas_quality,BAC_F::Tannerellaceae,0.003940114984879966,Bacteria
RandomForest,warning_biogas_quality,BAC_F::Thermaceae,0.0,Bacteria
RandomForest,warning_biogas_quality,BAC_F::Thermacetogeniaceae,0.002834021070323977,Bacteria
RandomForest,warning_biogas_quality,BAC_F::Thermoanaerobaculaceae,1.6071840056485464e-17,Bacteria
RandomForest,warning_biogas_quality,BAC_F::Thermotaleaceae,8.808390701786849e-18,Bacteria
RandomForest,warning_biogas_quality,BAC_F::Thermovenabulales,0.0,Bacteria
RandomForest,warning_biogas_quality,BAC_F::Thioalkalispiraceae,0.0,Bacteria
RandomForest,warning_biogas_quality,BAC_F::Trueperaceae,0.0,Bacteria
RandomForest,warning_biogas_quality,BAC_F::UCG-010,0.0,Bacteria
RandomForest,warning_biogas_quality,BAC_F::Veillonellaceae,0.005146945230442091,Bacteria
RandomForest,warning_biogas_quality,BAC_F::Vermiphilaceae,0.0,Bacteria
RandomForest,warning_biogas_quality,BAC_F::Verrucomicrobiaceae,0.0,Bacteria
RandomForest,warning_biogas_quality,BAC_F::Vibrionaceae,0.0,Bacteria
RandomForest,warning_biogas_quality,BAC_F::W27,0.010056234677898545,Bacteria
RandomForest,warning_biogas_quality,BAC_F::WCHB1-02,0.003290919629829494,Bacteria
RandomForest,warning_biogas_quality,BAC_F::WCHB1-41,0.0,Bacteria
RandomForest,warning_biogas_quality,BAC_F::WCHB1-81,0.0024205943342455664,Bacteria
RandomForest,warning_biogas_quality,BAC_F::WPS-2,0.0,Bacteria
RandomForest,warning_biogas_quality,BAC_F::WS1,0.001088013790203648,Bacteria
RandomForest,warning_biogas_quality,BAC_F::WWE3,0.0,Bacteria
RandomForest,warning_biogas_quality,BAC_F::Weeksellaceae,0.0,Bacteria
RandomForest,warning_biogas_quality,BAC_F::Williamwhitmaniaceae,0.0007607501423422945,Bacteria
RandomForest,warning_biogas_quality,BAC_F::Wohlfahrtiimonadaceae,0.0,Bacteria
RandomForest,warning_biogas_quality,BAC_F::Xanthobacteraceae,2.0992513922285598e-17,Bacteria
RandomForest,warning_biogas_quality,BAC_F::Xanthomonadaceae,0.0034068127001682298,Bacteria
RandomForest,warning_biogas_quality,BAC_F::Yersiniaceae,0.004914321426348175,Bacteria
RandomForest,warning_biogas_quality,BAC_F::Z4MB62,0.0,Bacteria
RandomForest,warning_biogas_quality,BAC_F::Zixibacteria,0.0,Bacteria
RandomForest,warning_biogas_quality,BAC_F::c5LKS83,0.0,Bacteria
RandomForest,warning_biogas_quality,BAC_F::cvE6,0.0,Bacteria
RandomForest,warning_biogas_quality,BAC_F::env.OPS_17,0.0,Bacteria
RandomForest,warning_biogas_quality,BAC_F::p-251-o5,0.0,Bacteria
RandomForest,warning_biogas_quality,BAC_F::unidentified,0.04056578917865885,Bacteria
RandomForest,warning_biogas_quality,ARC_F::Aenigmarchaeales,0.0,Archaea
RandomForest,warning_biogas_quality,ARC_F::Bathyarchaeia,0.0006762389329654061,Archaea
RandomForest,warning_biogas_quality,ARC_F::Lokiarchaeia,0.0,Archaea
RandomForest,warning_biogas_quality,ARC_F::Methanocorpusculaceae,0.019220635649980028,Archaea
RandomForest,warning_biogas_quality,ARC_F::Methanofastidiosaceae,0.0055879674468691815,Archaea
RandomForest,warning_biogas_quality,ARC_F::Methanomassiliicoccaceae,0.021129502919106997,Archaea
RandomForest,warning_biogas_quality,ARC_F::Methanomethyliaceae,2.7156495136890083e-17,Archaea
RandomForest,warning_biogas_quality,ARC_F::Methanomethylophilaceae,0.014366894544386428,Archaea
RandomForest,warning_biogas_quality,ARC_F::Methanomicrobiaceae,0.0033801364711024684,Archaea
RandomForest,warning_biogas_quality,ARC_F::Methanomicrobiales,0.0014024210262636842,Archaea
RandomForest,warning_biogas_quality,ARC_F::Methanoregulaceae,0.008746350262046565,Archaea
RandomForest,warning_biogas_quality,ARC_F::Methanosaetaceae,0.002069431384640691,Archaea
RandomForest,warning_biogas_quality,ARC_F::Methanosarcinaceae,0.0065011033047285,Archaea
RandomForest,warning_biogas_quality,ARC_F::Methanospirillaceae,0.021899449324437156,Archaea
RandomForest,warning_biogas_quality,ARC_F::Micrarchaeales,0.0,Archaea
RandomForest,warning_biogas_quality,ARC_F::Nitrososphaeraceae,0.0020982062482712838,Archaea
RandomForest,warning_biogas_quality,ARC_F::Rhinosporideacae,0.0,Archaea
RandomForest,warning_biogas_quality,ARC_F::SCGC_AAA011-D5,0.0014944420545194752,Archaea
RandomForest,warning_biogas_quality,ARC_F::Teleostei,0.0,Archaea
RandomForest,warning_biogas_quality,ARC_F::Veneroida,0.0,Archaea
RandomForest,warning_biogas_quality,ARC_F::Woesearchaeales,0.0,Archaea
RandomForest,warning_biogas_quality,ARC_F::unidentified,0.002528672860562188,Archaea
XGBoost,warning_acid_base_balance,BAC_F::009E01-B-SD-P15,0.0,Bacteria
XGBoost,warning_acid_base_balance,BAC_F::0319-6G20,0.0,Bacteria
XGBoost,warning_acid_base_balance,BAC_F::053A03-B-DI-P58,0.0,Bacteria
XGBoost,warning_acid_base_balance,BAC_F::1-20,0.0,Bacteria
XGBoost,warning_acid_base_balance,BAC_F::113B434,0.0,Bacteria
XGBoost,warning_acid_base_balance,BAC_F::37-13,0.0,Bacteria
XGBoost,warning_acid_base_balance,BAC_F::4572-13,0.0,Bacteria
XGBoost,warning_acid_base_balance,BAC_F::67-14,0.0,Bacteria
XGBoost,warning_acid_base_balance,BAC_F::A0839,0.0,Bacteria
XGBoost,warning_acid_base_balance,BAC_F::A21b,0.0,Bacteria
XGBoost,warning_acid_base_balance,BAC_F::AKYH767,0.0,Bacteria
XGBoost,warning_acid_base_balance,BAC_F::Absconditabacteriales_(SR1),0.0,Bacteria
XGBoost,warning_acid_base_balance,BAC_F::Acetobacteraceae,0.0,Bacteria
XGBoost,warning_acid_base_balance,BAC_F::Acetothermiia,0.0,Bacteria
XGBoost,warning_acid_base_balance,BAC_F::Acholeplasmataceae,0.0,Bacteria
XGBoost,warning_acid_base_balance,BAC_F::Acidaminococcaceae,0.0,Bacteria
XGBoost,warning_acid_base_balance,BAC_F::Acidobacteriae,0.0,Bacteria
XGBoost,warning_acid_base_balance,BAC_F::Actinomycetaceae,0.0,Bacteria
XGBoost,warning_acid_base_balance,BAC_F::Aerococcaceae,0.0,Bacteria
XGBoost,warning_acid_base_balance,BAC_F::Aeromonadaceae,0.0,Bacteria
XGBoost,warning_acid_base_balance,BAC_F::Alcaligenaceae,0.0,Bacteria
XGBoost,warning_acid_base_balance,BAC_F::Aminicenantales,0.0,Bacteria
XGBoost,warning_acid_base_balance,BAC_F::Anaerofustaceae,0.0,Bacteria
XGBoost,warning_acid_base_balance,BAC_F::Anaerolineaceae,0.0,Bacteria
XGBoost,warning_acid_base_balance,BAC_F::Anaeromyxobacteraceae,0.0,Bacteria
XGBoost,warning_acid_base_balance,BAC_F::Anaerovoracaceae,0.0,Bacteria
XGBoost,warning_acid_base_balance,BAC_F::Aquaspirillaceae,0.0,Bacteria
XGBoost,warning_acid_base_balance,BAC_F::Arcobacteraceae,0.0,Bacteria
XGBoost,warning_acid_base_balance,BAC_F::Ardenticatenaceae,0.0,Bacteria
XGBoost,warning_acid_base_balance,BAC_F::Arenicellaceae,0.0,Bacteria
XGBoost,warning_acid_base_balance,BAC_F::Atopobiaceae,0.0,Bacteria
XGBoost,warning_acid_base_balance,BAC_F::B1-7BS,0.0,Bacteria
XGBoost,warning_acid_base_balance,BAC_F::B55-F-B-G02,0.0,Bacteria
XGBoost,warning_acid_base_balance,BAC_F::BRH-c20a,0.0,Bacteria
XGBoost,warning_acid_base_balance,BAC_F::Babeliales,0.0,Bacteria
XGBoost,warning_acid_base_balance,BAC_F::Bacillaceae,0.0,Bacteria
XGBoost,warning_acid_base_balance,BAC_F::Bacteriovoracaceae,0.0,Bacteria
XGBoost,warning_acid_base_balance,BAC_F::Bacteroidaceae,0.0,Bacteria
XGBoost,warning_acid_base_balance,BAC_F::Bacteroidales_UCG-001,0.0,Bacteria
XGBoost,warning_acid_base_balance,BAC_F::Bacteroidetes_BD2-2,0.0,Bacteria
XGBoost,warning_acid_base_balance,BAC_F::Bacteroidetes_VC2.1_Bac22,0.0,Bacteria
XGBoost,warning_acid_base_balance,BAC_F::Bacteroidetes_vadinHA17,0.09748486429452896,Bacteria
XGBoost,warning_acid_base_balance,BAC_F::Bdellovibrionaceae,0.0,Bacteria
XGBoost,warning_acid_base_balance,BAC_F::Beijerinckiaceae,0.0,Bacteria
XGBoost,warning_acid_base_balance,BAC_F::Bifidobacteriaceae,0.0,Bacteria
XGBoost,warning_acid_base_balance,BAC_F::Blastocatellaceae,0.0,Bacteria
XGBoost,warning_acid_base_balance,BAC_F::Bogoriellaceae,0.0,Bacteria
XGBoost,warning_acid_base_balance,BAC_F::Brachyspirales_Incertae_Sedis,0.0,Bacteria
XGBoost,warning_acid_base_balance,BAC_F::Bradymonadales,0.0,Bacteria
XGBoost,warning_acid_base_balance,BAC_F::Bryobacteraceae,0.0,Bacteria
XGBoost,warning_acid_base_balance,BAC_F::Burkholderiaceae,0.0,Bacteria
XGBoost,warning_acid_base_balance,BAC_F::Butyricicoccaceae,0.0,Bacteria
XGBoost,warning_acid_base_balance,BAC_F::C10-SB1A,0.0,Bacteria
XGBoost,warning_acid_base_balance,BAC_F::CCM19a,0.0,Bacteria
XGBoost,warning_acid_base_balance,BAC_F::CK-2C2-2,0.0,Bacteria
XGBoost,warning_acid_base_balance,BAC_F::Caldatribacteriaceae,0.0,Bacteria
XGBoost,warning_acid_base_balance,BAC_F::Caldicoprobacteraceae,0.016245130449533463,Bacteria
XGBoost,warning_acid_base_balance,BAC_F::Caldilineaceae,0.0,Bacteria
XGBoost,warning_acid_base_balance,BAC_F::Caldisericaceae,0.0,Bacteria
XGBoost,warning_acid_base_balance,BAC_F::Caloramatoraceae,0.0,Bacteria
XGBoost,warning_acid_base_balance,BAC_F::Candidatus_Falkowbacteria,0.0,Bacteria
XGBoost,warning_acid_base_balance,BAC_F::Candidatus_Peregrinibacteria,0.0,Bacteria
XGBoost,warning_acid_base_balance,BAC_F::Candidatus_Shapirobacteria,0.0,Bacteria
XGBoost,warning_acid_base_balance,BAC_F::Carnobacteriaceae,0.0,Bacteria
XGBoost,warning_acid_base_balance,BAC_F::Caulobacteraceae,0.0,Bacteria
XGBoost,warning_acid_base_balance,BAC_F::Chitinimonadaceae,0.0,Bacteria
XGBoost,warning_acid_base_balance,BAC_F::Chitinophagaceae,0.0,Bacteria
XGBoost,warning_acid_base_balance,BAC_F::Christensenellaceae,0.0,Bacteria
XGBoost,warning_acid_base_balance,BAC_F::Chromobacteriaceae,0.0,Bacteria
XGBoost,warning_acid_base_balance,BAC_F::Chthoniobacteraceae,0.0,Bacteria
XGBoost,warning_acid_base_balance,BAC_F::Chthonomonadales,0.0,Bacteria
XGBoost,warning_acid_base_balance,BAC_F::Cloacimonadaceae,0.103157639503479,Bacteria
XGBoost,warning_acid_base_balance,BAC_F::Cloacimonadales,0.0,Bacteria
XGBoost,warning_acid_base_balance,BAC_F::Clostridia_UCG-014,0.0,Bacteria
XGBoost,warning_acid_base_balance,BAC_F::Clostridiaceae,0.0,Bacteria
XGBoost,warning_acid_base_balance,BAC_F::Comamonadaceae,0.0,Bacteria
XGBoost,warning_acid_base_balance,BAC_F::Competibacteraceae,0.0,Bacteria
XGBoost,warning_acid_base_balance,BAC_F::Coprothermobacteraceae,0.0,Bacteria
XGBoost,warning_acid_base_balance,BAC_F::Coriobacteriales_Incertae_Sedis,0.0,Bacteria
XGBoost,warning_acid_base_balance,BAC_F::Corynebacteriaceae,0.0,Bacteria
XGBoost,warning_acid_base_balance,BAC_F::Crocinitomicaceae,0.0,Bacteria
XGBoost,warning_acid_base_balance,BAC_F::D8A-2,0.03329654410481453,Bacteria
XGBoost,warning_acid_base_balance,BAC_F::DEV007,0.0,Bacteria
XGBoost,warning_acid_base_balance,BAC_F::DS-100,0.0,Bacteria
XGBoost,warning_acid_base_balance,BAC_F::DTU014,0.016167284920811653,Bacteria
XGBoost,warning_acid_base_balance,BAC_F::Defluviicoccaceae,0.0,Bacteria
XGBoost,warning_acid_base_balance,BAC_F::Defluviitaleaceae,0.0,Bacteria
XGBoost,warning_acid_base_balance,BAC_F::Dermatophilaceae,0.0,Bacteria
XGBoost,warning_acid_base_balance,BAC_F::Desulfitibacteraceae,0.0,Bacteria
XGBoost,warning_acid_base_balance,BAC_F::Desulfobulbaceae,0.0,Bacteria
XGBoost,warning_acid_base_balance,BAC_F::Desulfomicrobiaceae,0.0,Bacteria
XGBoost,warning_acid_base_balance,BAC_F::Desulfotomaculales,0.0,Bacteria
XGBoost,warning_acid_base_balance,BAC_F::Desulfovibrionaceae,0.0,Bacteria
XGBoost,warning_acid_base_balance,BAC_F::Dethiobacteraceae,0.02700028382241726,Bacteria
XGBoost,warning_acid_base_balance,BAC_F::Devosiaceae,0.0,Bacteria
XGBoost,warning_acid_base_balance,BAC_F::Dietziaceae,0.0,Bacteria
XGBoost,warning_acid_base_balance,BAC_F::Diplorickettsiaceae,0.0,Bacteria
XGBoost,warning_acid_base_balance,BAC_F::Dongiaceae,0.0,Bacteria
XGBoost,warning_acid_base_balance,BAC_F::Dysgonomonadaceae,0.0,Bacteria
XGBoost,warning_acid_base_balance,BAC_F::Eggerthellaceae,0.0,Bacteria
XGBoost,warning_acid_base_balance,BAC_F::Elsteraceae,0.0,Bacteria
XGBoost,warning_acid_base_balance,BAC_F::Endomicrobiaceae,0.0,Bacteria
XGBoost,warning_acid_base_balance,BAC_F::Enterobacteriaceae,0.0,Bacteria
XGBoost,warning_acid_base_balance,BAC_F::Enterococcaceae,0.0,Bacteria
XGBoost,warning_acid_base_balance,BAC_F::Erwiniaceae,0.0,Bacteria
XGBoost,warning_acid_base_balance,BAC_F::Erysipelatoclostridiaceae,0.0,Bacteria
XGBoost,warning_acid_base_balance,BAC_F::Erysipelotrichaceae,0.0,Bacteria
XGBoost,warning_acid_base_balance,BAC_F::Eubacteriaceae,0.0,Bacteria
XGBoost,warning_acid_base_balance,BAC_F::F082,0.0,Bacteria
XGBoost,warning_acid_base_balance,BAC_F::FTLpost3,0.0,Bacteria
XGBoost,warning_acid_base_balance,BAC_F::Fermentibacteraceae,0.0,Bacteria
XGBoost,warning_acid_base_balance,BAC_F::Fervidobacteriaceae,0.0,Bacteria
XGBoost,warning_acid_base_balance,BAC_F::Fibrobacteraceae,0.0,Bacteria
XGBoost,warning_acid_base_balance,BAC_F::Fibrobacterales,0.0,Bacteria
XGBoost,warning_acid_base_balance,BAC_F::Fimbriimonadaceae,0.0,Bacteria
XGBoost,warning_acid_base_balance,BAC_F::Flavobacteriaceae,0.0,Bacteria
XGBoost,warning_acid_base_balance,BAC_F::Fusibacteraceae,0.0,Bacteria
XGBoost,warning_acid_base_balance,BAC_F::Fusobacteriaceae,0.0,Bacteria
XGBoost,warning_acid_base_balance,BAC_F::GZKB124,0.0,Bacteria
XGBoost,warning_acid_base_balance,BAC_F::GZKB75,0.0,Bacteria
XGBoost,warning_acid_base_balance,BAC_F::Gallionellaceae,0.0,Bacteria
XGBoost,warning_acid_base_balance,BAC_F::Garciellaceae,0.0,Bacteria
XGBoost,warning_acid_base_balance,BAC_F::Gemmataceae,0.0,Bacteria
XGBoost,warning_acid_base_balance,BAC_F::Gemmatimonadaceae,0.0,Bacteria
XGBoost,warning_acid_base_balance,BAC_F::Geobacteraceae,0.0,Bacteria
XGBoost,warning_acid_base_balance,BAC_F::Gracilibacteraceae,0.0,Bacteria
XGBoost,warning_acid_base_balance,BAC_F::HOC36,0.0,Bacteria
XGBoost,warning_acid_base_balance,BAC_F::Hahellaceae,0.0,Bacteria
XGBoost,warning_acid_base_balance,BAC_F::Halanaerobiaceae,0.0,Bacteria
XGBoost,warning_acid_base_balance,BAC_F::Haliangiaceae,0.0,Bacteria
XGBoost,warning_acid_base_balance,BAC_F::Halomonadaceae,0.0,Bacteria
XGBoost,warning_acid_base_balance,BAC_F::Holophagaceae,0.0,Bacteria
XGBoost,warning_acid_base_balance,BAC_F::Hungateiclostridiaceae,0.0,Bacteria
XGBoost,warning_acid_base_balance,BAC_F::Hydrogenedensaceae,0.0,Bacteria
XGBoost,warning_acid_base_balance,BAC_F::Hydrogenophilaceae,0.0,Bacteria
XGBoost,warning_acid_base_balance,BAC_F::Hydrothermae,0.0,Bacteria
XGBoost,warning_acid_base_balance,BAC_F::Hyphomicrobiaceae,0.0,Bacteria
XGBoost,warning_acid_base_balance,BAC_F::Hyphomonadaceae,0.0,Bacteria
XGBoost,warning_acid_base_balance,BAC_F::IMCC26256,0.0,Bacteria
XGBoost,warning_acid_base_balance,BAC_F::Iamiaceae,0.0,Bacteria
XGBoost,warning_acid_base_balance,BAC_F::Ignavibacteriaceae,0.0,Bacteria
XGBoost,warning_acid_base_balance,BAC_F::Ilumatobacteraceae,0.0,Bacteria
XGBoost,warning_acid_base_balance,BAC_F::Incertae_Sedis,0.03665347024798393,Bacteria
XGBoost,warning_acid_base_balance,BAC_F::Intrasporangiaceae,0.0,Bacteria
XGBoost,warning_acid_base_balance,BAC_F::Isosphaeraceae,0.0,Bacteria
XGBoost,warning_acid_base_balance,BAC_F::Izemoplasmataceae,0.0,Bacteria
XGBoost,warning_acid_base_balance,BAC_F::Izemoplasmatales,0.050240397453308105,Bacteria
XGBoost,warning_acid_base_balance,BAC_F::JG36-GS-52,0.0,Bacteria
XGBoost,warning_acid_base_balance,BAC_F::JS1,0.0,Bacteria
XGBoost,warning_acid_base_balance,BAC_F::KCLunmb-38-53,0.0,Bacteria
XGBoost,warning_acid_base_balance,BAC_F::Kapabacteriales,0.0,Bacteria
XGBoost,warning_acid_base_balance,BAC_F::Kosmotogaceae,0.0,Bacteria
XGBoost,warning_acid_base_balance,BAC_F::LD1-PA32,0.0,Bacteria
XGBoost,warning_acid_base_balance,BAC_F::LD1-PB3,0.0,Bacteria
XGBoost,warning_acid_base_balance,BAC_F::LF045,0.0,Bacteria
XGBoost,warning_acid_base_balance,BAC_F::LWQ8,0.0,Bacteria
XGBoost,warning_acid_base_balance,BAC_F::Lachnospiraceae,0.0514964759349823,Bacteria
XGBoost,warning_acid_base_balance,BAC_F::Lactobacillaceae,0.051659293472766876,Bacteria
XGBoost,warning_acid_base_balance,BAC_F::Leeiaceae,0.0,Bacteria
XGBoost,warning_acid_base_balance,BAC_F::Lentimicrobiaceae,0.02905108779668808,Bacteria
XGBoost,warning_acid_base_balance,BAC_F::Leptospiraceae,0.0,Bacteria
XGBoost,warning_acid_base_balance,BAC_F::Leptotrichiaceae,0.0,Bacteria
XGBoost,warning_acid_base_balance,BAC_F::Leuconostocaceae,0.0,Bacteria
XGBoost,warning_acid_base_balance,BAC_F::LiUU-11-161,0.0,Bacteria
XGBoost,warning_acid_base_balance,BAC_F::Limnochordaceae,0.0,Bacteria
XGBoost,warning_acid_base_balance,BAC_F::Limnochordia,0.0,Bacteria
XGBoost,warning_acid_base_balance,BAC_F::M55-D21,0.0,Bacteria
XGBoost,warning_acid_base_balance,BAC_F::MAT-CR-H4-C10,0.0,Bacteria
XGBoost,warning_acid_base_balance,BAC_F::MBA03,0.0,Bacteria
XGBoost,warning_acid_base_balance,BAC_F::MVP-15,0.0,Bacteria
XGBoost,warning_acid_base_balance,BAC_F::Marinifilaceae,0.0,Bacteria
XGBoost,warning_acid_base_balance,BAC_F::Marinilabiliaceae,0.0,Bacteria
XGBoost,warning_acid_base_balance,BAC_F::Marinimicrobia_(SAR406_clade),0.0,Bacteria
XGBoost,warning_acid_base_balance,BAC_F::Methylococcaceae,0.0,Bacteria
XGBoost,warning_acid_base_balance,BAC_F::Methylomonadaceae,0.0,Bacteria
XGBoost,warning_acid_base_balance,BAC_F::Methylophilaceae,0.0,Bacteria
XGBoost,warning_acid_base_balance,BAC_F::MgMjR-022,0.0,Bacteria
XGBoost,warning_acid_base_balance,BAC_F::Microbacteriaceae,0.0,Bacteria
XGBoost,warning_acid_base_balance,BAC_F::Micrococcaceae,0.0,Bacteria
XGBoost,warning_acid_base_balance,BAC_F::Microscillaceae,0.0,Bacteria
XGBoost,warning_acid_base_balance,BAC_F::Microtrichaceae,0.0,Bacteria
XGBoost,warning_acid_base_balance,BAC_F::Monoglobaceae,0.0,Bacteria
XGBoost,warning_acid_base_balance,BAC_F::Moorellaceae,0.0,Bacteria
XGBoost,warning_acid_base_balance,BAC_F::Moraxellaceae,0.0,Bacteria
XGBoost,warning_acid_base_balance,BAC_F::Morganellaceae,0.0,Bacteria
XGBoost,warning_acid_base_balance,BAC_F::Mycobacteriaceae,0.0,Bacteria
XGBoost,warning_acid_base_balance,BAC_F::NK-L14,0.0,Bacteria
XGBoost,warning_acid_base_balance,BAC_F::NKB15,0.0,Bacteria
XGBoost,warning_acid_base_balance,BAC_F::Nannocystaceae,0.0,Bacteria
XGBoost,warning_acid_base_balance,BAC_F::Neisseriaceae,0.0,Bacteria
XGBoost,warning_acid_base_balance,BAC_F::Nitrosococcaceae,0.0,Bacteria
XGBoost,warning_acid_base_balance,BAC_F::Nitrosomonadaceae,0.0,Bacteria
XGBoost,warning_acid_base_balance,BAC_F::Nitrospiraceae,0.0,Bacteria
XGBoost,warning_acid_base_balance,BAC_F::OLB14,0.0,Bacteria
XGBoost,warning_acid_base_balance,BAC_F::OPB41,0.0,Bacteria
XGBoost,warning_acid_base_balance,BAC_F::Obscuribacteraceae,0.0,Bacteria
XGBoost,warning_acid_base_balance,BAC_F::Oligosphaeraceae,0.0,Bacteria
XGBoost,warning_acid_base_balance,BAC_F::Omnitrophaceae,0.0,Bacteria
XGBoost,warning_acid_base_balance,BAC_F::Oscillospiraceae,0.0,Bacteria
XGBoost,warning_acid_base_balance,BAC_F::Oxalobacteraceae,0.0,Bacteria
XGBoost,warning_acid_base_balance,BAC_F::PB19,0.0,Bacteria
XGBoost,warning_acid_base_balance,BAC_F::PBS-18,0.0,Bacteria
XGBoost,warning_acid_base_balance,BAC_F::PHOS-HE36,0.0,Bacteria
XGBoost,warning_acid_base_balance,BAC_F::PLTA13,0.0,Bacteria
XGBoost,warning_acid_base_balance,BAC_F::Paludibacteraceae,0.03442990779876709,Bacteria
XGBoost,warning_acid_base_balance,BAC_F::PeH15,0.0,Bacteria
XGBoost,warning_acid_base_balance,BAC_F::PeM15,0.0,Bacteria
XGBoost,warning_acid_base_balance,BAC_F::Pedosphaeraceae,0.0,Bacteria
XGBoost,warning_acid_base_balance,BAC_F::Peptococcaceae,0.0,Bacteria
XGBoost,warning_acid_base_balance,BAC_F::Peptostreptococcaceae,0.0,Bacteria
XGBoost,warning_acid_base_balance,BAC_F::Peptostreptococcales-Tissierellales,0.028285490348935127,Bacteria
XGBoost,warning_acid_base_balance,BAC_F::Petrotogaceae,0.0221672635525465,Bacteria
XGBoost,warning_acid_base_balance,BAC_F::Phycisphaeraceae,0.0,Bacteria
XGBoost,warning_acid_base_balance,BAC_F::Pirellulaceae,0.0,Bacteria
XGBoost,warning_acid_base_balance,BAC_F::Pla3_lineage,0.0,Bacteria
XGBoost,warning_acid_base_balance,BAC_F::Planococcaceae,0.0,Bacteria
XGBoost,warning_acid_base_balance,BAC_F::Porticoccaceae,0.0,Bacteria
XGBoost,warning_acid_base_balance,BAC_F::Prevotellaceae,0.0,Bacteria
XGBoost,warning_acid_base_balance,BAC_F::Prolixibacteraceae,0.0,Bacteria
XGBoost,warning_acid_base_balance,BAC_F::Propionibacteriaceae,0.0,Bacteria
XGBoost,warning_acid_base_balance,BAC_F::Proteiniboraceae,0.0,Bacteria
XGBoost,warning_acid_base_balance,BAC_F::Pseudomonadaceae,0.0,Bacteria
XGBoost,warning_acid_base_balance,BAC_F::RBG-13-54-9,0.0,Bacteria
XGBoost,warning_acid_base_balance,BAC_F::RBG-16-55-12,0.0,Bacteria
XGBoost,warning_acid_base_balance,BAC_F::Reyranellaceae,0.0,Bacteria
XGBoost,warning_acid_base_balance,BAC_F::Rhizobiaceae,0.0,Bacteria
XGBoost,warning_acid_base_balance,BAC_F::Rhizobiales_Incertae_Sedis,0.0,Bacteria
XGBoost,warning_acid_base_balance,BAC_F::Rhodanobacteraceae,0.0,Bacteria
XGBoost,warning_acid_base_balance,BAC_F::Rhodobacteraceae,0.0,Bacteria
XGBoost,warning_acid_base_balance,BAC_F::Rhodocyclaceae,0.047973278909921646,Bacteria
XGBoost,warning_acid_base_balance,BAC_F::Rickettsiaceae,0.0,Bacteria
XGBoost,warning_acid_base_balance,BAC_F::Rikenellaceae,0.0,Bacteria
XGBoost,warning_acid_base_balance,BAC_F::Rubinisphaeraceae,0.0,Bacteria
XGBoost,warning_acid_base_balance,BAC_F::Ruminococcaceae,0.03258728235960007,Bacteria
XGBoost,warning_acid_base_balance,BAC_F::Run-SP154,0.0,Bacteria
XGBoost,warning_acid_base_balance,BAC_F::S15A-MN91,0.0,Bacteria
XGBoost,warning_acid_base_balance,BAC_F::SB-5,0.0,Bacteria
XGBoost,warning_acid_base_balance,BAC_F::SBR1031,0.0,Bacteria
XGBoost,warning_acid_base_balance,BAC_F::SC-I-84,0.0,Bacteria
XGBoost,warning_acid_base_balance,BAC_F::SHA-41,0.0,Bacteria
XGBoost,warning_acid_base_balance,BAC_F::SJA-15,0.0,Bacteria
XGBoost,warning_acid_base_balance,BAC_F::SJA-28,0.0,Bacteria
XGBoost,warning_acid_base_balance,BAC_F::SM1A07,0.0,Bacteria
XGBoost,warning_acid_base_balance,BAC_F::SRB2,0.0,Bacteria
XGBoost,warning_acid_base_balance,BAC_F::ST-12K33,0.0,Bacteria
XGBoost,warning_acid_base_balance,BAC_F::Saccharimonadaceae,0.0,Bacteria
XGBoost,warning_acid_base_balance,BAC_F::Saccharimonadales,0.0,Bacteria
XGBoost,warning_acid_base_balance,BAC_F::Saprospiraceae,0.0,Bacteria
XGBoost,warning_acid_base_balance,BAC_F::Schlesneriaceae,0.0,Bacteria
XGBoost,warning_acid_base_balance,BAC_F::Sedimentibacteraceae,0.021144142374396324,Bacteria
XGBoost,warning_acid_base_balance,BAC_F::Selenomonadaceae,0.0,Bacteria
XGBoost,warning_acid_base_balance,BAC_F::Smithellaceae,0.0,Bacteria
XGBoost,warning_acid_base_balance,BAC_F::Solibacteraceae,0.0,Bacteria
XGBoost,warning_acid_base_balance,BAC_F::Sphingobacteriaceae,0.0,Bacteria
XGBoost,warning_acid_base_balance,BAC_F::Sphingomonadaceae,0.0,Bacteria
XGBoost,warning_acid_base_balance,BAC_F::Spirochaetaceae,0.06105833873152733,Bacteria
XGBoost,warning_acid_base_balance,BAC_F::Spongiibacteraceae,0.0,Bacteria
XGBoost,warning_acid_base_balance,BAC_F::Sporichthyaceae,0.0,Bacteria
XGBoost,warning_acid_base_balance,BAC_F::Sporomusaceae,0.0,Bacteria
XGBoost,warning_acid_base_balance,BAC_F::Steroidobacteraceae,0.0,Bacteria
XGBoost,warning_acid_base_balance,BAC_F::Streptococcaceae,0.0,Bacteria
XGBoost,warning_acid_base_balance,BAC_F::Sumerlaeaceae,0.0,Bacteria
XGBoost,warning_acid_base_balance,BAC_F::Sutterellaceae,0.0,Bacteria
XGBoost,warning_acid_base_balance,BAC_F::Sva0485,0.0,Bacteria
XGBoost,warning_acid_base_balance,BAC_F::Symbiobacteraceae,0.0,Bacteria
XGBoost,warning_acid_base_balance,BAC_F::Synergistaceae,0.046545423567295074,Bacteria
XGBoost,warning_acid_base_balance,BAC_F::Syntrophaceae,0.0,Bacteria
XGBoost,warning_acid_base_balance,BAC_F::Syntrophobacteraceae,0.0,Bacteria
XGBoost,warning_acid_base_balance,BAC_F::Syntrophobotulaceae,0.0,Bacteria
XGBoost,warning_acid_base_balance,BAC_F::Syntrophomonadaceae,0.0,Bacteria
XGBoost,warning_acid_base_balance,BAC_F::Syntrophorhabdaceae,0.0,Bacteria
XGBoost,warning_acid_base_balance,BAC_F::Syntrophotaleaceae,0.0,Bacteria
XGBoost,warning_acid_base_balance,BAC_F::TA06,0.0,Bacteria
XGBoost,warning_acid_base_balance,BAC_F::TTA-B1,0.0,Bacteria
XGBoost,warning_acid_base_balance,BAC_F::Tannerellaceae,0.0,Bacteria
XGBoost,warning_acid_base_balance,BAC_F::Thermaceae,0.0,Bacteria
XGBoost,warning_acid_base_balance,BAC_F::Thermacetogeniaceae,0.0,Bacteria
XGBoost,warning_acid_base_balance,BAC_F::Thermoanaerobaculaceae,0.0,Bacteria
XGBoost,warning_acid_base_balance,BAC_F::Thermotaleaceae,0.0,Bacteria
XGBoost,warning_acid_base_balance,BAC_F::Thermovenabulales,0.0,Bacteria
XGBoost,warning_acid_base_balance,BAC_F::Thioalkalispiraceae,0.0,Bacteria
XGBoost,warning_acid_base_balance,BAC_F::Trueperaceae,0.0,Bacteria
XGBoost,warning_acid_base_balance,BAC_F::UCG-010,0.0,Bacteria
XGBoost,warning_acid_base_balance,BAC_F::Veillonellaceae,0.0,Bacteria
XGBoost,warning_acid_base_balance,BAC_F::Vermiphilaceae,0.0,Bacteria
XGBoost,warning_acid_base_balance,BAC_F::Verrucomicrobiaceae,0.0,Bacteria
XGBoost,warning_acid_base_balance,BAC_F::Vibrionaceae,0.0,Bacteria
XGBoost,warning_acid_base_balance,BAC_F::W27,0.0,Bacteria
XGBoost,warning_acid_base_balance,BAC_F::WCHB1-02,0.06631074845790863,Bacteria
XGBoost,warning_acid_base_balance,BAC_F::WCHB1-41,0.0,Bacteria
XGBoost,warning_acid_base_balance,BAC_F::WCHB1-81,0.0,Bacteria
XGBoost,warning_acid_base_balance,BAC_F::WPS-2,0.0,Bacteria
XGBoost,warning_acid_base_balance,BAC_F::WS1,0.0,Bacteria
XGBoost,warning_acid_base_balance,BAC_F::WWE3,0.0,Bacteria
XGBoost,warning_acid_base_balance,BAC_F::Weeksellaceae,0.0,Bacteria
XGBoost,warning_acid_base_balance,BAC_F::Williamwhitmaniaceae,0.0,Bacteria
XGBoost,warning_acid_base_balance,BAC_F::Wohlfahrtiimonadaceae,0.0,Bacteria
XGBoost,warning_acid_base_balance,BAC_F::Xanthobacteraceae,0.0,Bacteria
XGBoost,warning_acid_base_balance,BAC_F::Xanthomonadaceae,0.0,Bacteria
XGBoost,warning_acid_base_balance,BAC_F::Yersiniaceae,0.0,Bacteria
XGBoost,warning_acid_base_balance,BAC_F::Z4MB62,0.0,Bacteria
XGBoost,warning_acid_base_balance,BAC_F::Zixibacteria,0.0,Bacteria
XGBoost,warning_acid_base_balance,BAC_F::c5LKS83,0.0,Bacteria
XGBoost,warning_acid_base_balance,BAC_F::cvE6,0.0,Bacteria
XGBoost,warning_acid_base_balance,BAC_F::env.OPS_17,0.0,Bacteria
XGBoost,warning_acid_base_balance,BAC_F::p-251-o5,0.0,Bacteria
XGBoost,warning_acid_base_balance,BAC_F::unidentified,0.0,Bacteria
XGBoost,warning_acid_base_balance,ARC_F::Aenigmarchaeales,0.0,Archaea
XGBoost,warning_acid_base_balance,ARC_F::Bathyarchaeia,0.0,Archaea
XGBoost,warning_acid_base_balance,ARC_F::Lokiarchaeia,0.0,Archaea
XGBoost,warning_acid_base_balance,ARC_F::Methanocorpusculaceae,0.0,Archaea
XGBoost,warning_acid_base_balance,ARC_F::Methanofastidiosaceae,0.0,Archaea
XGBoost,warning_acid_base_balance,ARC_F::Methanomassiliicoccaceae,0.0,Archaea
XGBoost,warning_acid_base_balance,ARC_F::Methanomethyliaceae,0.0,Archaea
XGBoost,warning_acid_base_balance,ARC_F::Methanomethylophilaceae,0.0,Archaea
XGBoost,warning_acid_base_balance,ARC_F::Methanomicrobiaceae,0.0,Archaea
XGBoost,warning_acid_base_balance,ARC_F::Methanomicrobiales,0.0,Archaea
XGBoost,warning_acid_base_balance,ARC_F::Methanoregulaceae,0.0,Archaea
XGBoost,warning_acid_base_balance,ARC_F::Methanosaetaceae,0.04651658609509468,Archaea
XGBoost,warning_acid_base_balance,ARC_F::Methanosarcinaceae,0.0,Archaea
XGBoost,warning_acid_base_balance,ARC_F::Methanospirillaceae,0.0,Archaea
XGBoost,warning_acid_base_balance,ARC_F::Micrarchaeales,0.0,Archaea
XGBoost,warning_acid_base_balance,ARC_F::Nitrososphaeraceae,0.0,Archaea
XGBoost,warning_acid_base_balance,ARC_F::Rhinosporideacae,0.0,Archaea
XGBoost,warning_acid_base_balance,ARC_F::SCGC_AAA011-D5,0.02336873486638069,Archaea
XGBoost,warning_acid_base_balance,ARC_F::Teleostei,0.0,Archaea
XGBoost,warning_acid_base_balance,ARC_F::Veneroida,0.0,Archaea
XGBoost,warning_acid_base_balance,ARC_F::Woesearchaeales,0.0,Archaea
XGBoost,warning_acid_base_balance,ARC_F::unidentified,0.05716036632657051,Archaea
XGBoost,warning_buffer_capacity,BAC_F::009E01-B-SD-P15,0.0,Bacteria
XGBoost,warning_buffer_capacity,BAC_F::0319-6G20,0.0,Bacteria
XGBoost,warning_buffer_capacity,BAC_F::053A03-B-DI-P58,0.0,Bacteria
XGBoost,warning_buffer_capacity,BAC_F::1-20,0.0,Bacteria
XGBoost,warning_buffer_capacity,BAC_F::113B434,0.0,Bacteria
XGBoost,warning_buffer_capacity,BAC_F::37-13,0.0,Bacteria
XGBoost,warning_buffer_capacity,BAC_F::4572-13,0.0,Bacteria
XGBoost,warning_buffer_capacity,BAC_F::67-14,0.0,Bacteria
XGBoost,warning_buffer_capacity,BAC_F::A0839,0.0,Bacteria
XGBoost,warning_buffer_capacity,BAC_F::A21b,0.0,Bacteria
XGBoost,warning_buffer_capacity,BAC_F::AKYH767,0.0,Bacteria
XGBoost,warning_buffer_capacity,BAC_F::Absconditabacteriales_(SR1),0.0,Bacteria
XGBoost,warning_buffer_capacity,BAC_F::Acetobacteraceae,0.0,Bacteria
XGBoost,warning_buffer_capacity,BAC_F::Acetothermiia,0.0,Bacteria
XGBoost,warning_buffer_capacity,BAC_F::Acholeplasmataceae,0.0,Bacteria
XGBoost,warning_buffer_capacity,BAC_F::Acidaminococcaceae,0.0,Bacteria
XGBoost,warning_buffer_capacity,BAC_F::Acidobacteriae,0.0,Bacteria
XGBoost,warning_buffer_capacity,BAC_F::Actinomycetaceae,0.0,Bacteria
XGBoost,warning_buffer_capacity,BAC_F::Aerococcaceae,0.0,Bacteria
XGBoost,warning_buffer_capacity,BAC_F::Aeromonadaceae,0.0,Bacteria
XGBoost,warning_buffer_capacity,BAC_F::Alcaligenaceae,0.0,Bacteria
XGBoost,warning_buffer_capacity,BAC_F::Aminicenantales,0.0,Bacteria
XGBoost,warning_buffer_capacity,BAC_F::Anaerofustaceae,0.0,Bacteria
XGBoost,warning_buffer_capacity,BAC_F::Anaerolineaceae,0.0,Bacteria
XGBoost,warning_buffer_capacity,BAC_F::Anaeromyxobacteraceae,0.0,Bacteria
XGBoost,warning_buffer_capacity,BAC_F::Anaerovoracaceae,0.0,Bacteria
XGBoost,warning_buffer_capacity,BAC_F::Aquaspirillaceae,0.0,Bacteria
XGBoost,warning_buffer_capacity,BAC_F::Arcobacteraceae,0.0,Bacteria
XGBoost,warning_buffer_capacity,BAC_F::Ardenticatenaceae,0.0,Bacteria
XGBoost,warning_buffer_capacity,BAC_F::Arenicellaceae,0.0,Bacteria
XGBoost,warning_buffer_capacity,BAC_F::Atopobiaceae,0.0,Bacteria
XGBoost,warning_buffer_capacity,BAC_F::B1-7BS,0.0,Bacteria
XGBoost,warning_buffer_capacity,BAC_F::B55-F-B-G02,0.0,Bacteria
XGBoost,warning_buffer_capacity,BAC_F::BRH-c20a,0.0,Bacteria
XGBoost,warning_buffer_capacity,BAC_F::Babeliales,0.0,Bacteria
XGBoost,warning_buffer_capacity,BAC_F::Bacillaceae,0.0,Bacteria
XGBoost,warning_buffer_capacity,BAC_F::Bacteriovoracaceae,0.0,Bacteria
XGBoost,warning_buffer_capacity,BAC_F::Bacteroidaceae,0.0,Bacteria
XGBoost,warning_buffer_capacity,BAC_F::Bacteroidales_UCG-001,0.0,Bacteria
XGBoost,warning_buffer_capacity,BAC_F::Bacteroidetes_BD2-2,0.0,Bacteria
XGBoost,warning_buffer_capacity,BAC_F::Bacteroidetes_VC2.1_Bac22,0.0,Bacteria
XGBoost,warning_buffer_capacity,BAC_F::Bacteroidetes_vadinHA17,0.0,Bacteria
XGBoost,warning_buffer_capacity,BAC_F::Bdellovibrionaceae,0.0,Bacteria
XGBoost,warning_buffer_capacity,BAC_F::Beijerinckiaceae,0.0,Bacteria
XGBoost,warning_buffer_capacity,BAC_F::Bifidobacteriaceae,0.0,Bacteria
XGBoost,warning_buffer_capacity,BAC_F::Blastocatellaceae,0.0,Bacteria
XGBoost,warning_buffer_capacity,BAC_F::Bogoriellaceae,0.0,Bacteria
XGBoost,warning_buffer_capacity,BAC_F::Brachyspirales_Incertae_Sedis,0.0,Bacteria
XGBoost,warning_buffer_capacity,BAC_F::Bradymonadales,0.0,Bacteria
XGBoost,warning_buffer_capacity,BAC_F::Bryobacteraceae,0.0,Bacteria
XGBoost,warning_buffer_capacity,BAC_F::Burkholderiaceae,0.0,Bacteria
XGBoost,warning_buffer_capacity,BAC_F::Butyricicoccaceae,0.0,Bacteria
XGBoost,warning_buffer_capacity,BAC_F::C10-SB1A,0.0,Bacteria
XGBoost,warning_buffer_capacity,BAC_F::CCM19a,0.0,Bacteria
XGBoost,warning_buffer_capacity,BAC_F::CK-2C2-2,0.0,Bacteria
XGBoost,warning_buffer_capacity,BAC_F::Caldatribacteriaceae,0.04293261468410492,Bacteria
XGBoost,warning_buffer_capacity,BAC_F::Caldicoprobacteraceae,0.0,Bacteria
XGBoost,warning_buffer_capacity,BAC_F::Caldilineaceae,0.0,Bacteria
XGBoost,warning_buffer_capacity,BAC_F::Caldisericaceae,0.0,Bacteria
XGBoost,warning_buffer_capacity,BAC_F::Caloramatoraceae,0.0,Bacteria
XGBoost,warning_buffer_capacity,BAC_F::Candidatus_Falkowbacteria,0.0,Bacteria
XGBoost,warning_buffer_capacity,BAC_F::Candidatus_Peregrinibacteria,0.0,Bacteria
XGBoost,warning_buffer_capacity,BAC_F::Candidatus_Shapirobacteria,0.0,Bacteria
XGBoost,warning_buffer_capacity,BAC_F::Carnobacteriaceae,0.0,Bacteria
XGBoost,warning_buffer_capacity,BAC_F::Caulobacteraceae,0.0,Bacteria
XGBoost,warning_buffer_capacity,BAC_F::Chitinimonadaceae,0.0,Bacteria
XGBoost,warning_buffer_capacity,BAC_F::Chitinophagaceae,0.02967493236064911,Bacteria
XGBoost,warning_buffer_capacity,BAC_F::Christensenellaceae,0.0,Bacteria
XGBoost,warning_buffer_capacity,BAC_F::Chromobacteriaceae,0.0,Bacteria
XGBoost,warning_buffer_capacity,BAC_F::Chthoniobacteraceae,0.0,Bacteria
XGBoost,warning_buffer_capacity,BAC_F::Chthonomonadales,0.0,Bacteria
XGBoost,warning_buffer_capacity,BAC_F::Cloacimonadaceae,0.0,Bacteria
XGBoost,warning_buffer_capacity,BAC_F::Cloacimonadales,0.0,Bacteria
XGBoost,warning_buffer_capacity,BAC_F::Clostridia_UCG-014,0.0,Bacteria
XGBoost,warning_buffer_capacity,BAC_F::Clostridiaceae,0.0,Bacteria
XGBoost,warning_buffer_capacity,BAC_F::Comamonadaceae,0.026101693511009216,Bacteria
XGBoost,warning_buffer_capacity,BAC_F::Competibacteraceae,0.0,Bacteria
XGBoost,warning_buffer_capacity,BAC_F::Coprothermobacteraceae,0.0,Bacteria
XGBoost,warning_buffer_capacity,BAC_F::Coriobacteriales_Incertae_Sedis,0.0,Bacteria
XGBoost,warning_buffer_capacity,BAC_F::Corynebacteriaceae,0.0,Bacteria
XGBoost,warning_buffer_capacity,BAC_F::Crocinitomicaceae,0.0,Bacteria
XGBoost,warning_buffer_capacity,BAC_F::D8A-2,0.0,Bacteria
XGBoost,warning_buffer_capacity,BAC_F::DEV007,0.0,Bacteria
XGBoost,warning_buffer_capacity,BAC_F::DS-100,0.0,Bacteria
XGBoost,warning_buffer_capacity,BAC_F::DTU014,0.0,Bacteria
XGBoost,warning_buffer_capacity,BAC_F::Defluviicoccaceae,0.0,Bacteria
XGBoost,warning_buffer_capacity,BAC_F::Defluviitaleaceae,0.0,Bacteria
XGBoost,warning_buffer_capacity,BAC_F::Dermatophilaceae,0.0,Bacteria
XGBoost,warning_buffer_capacity,BAC_F::Desulfitibacteraceae,0.0,Bacteria
XGBoost,warning_buffer_capacity,BAC_F::Desulfobulbaceae,0.0,Bacteria
XGBoost,warning_buffer_capacity,BAC_F::Desulfomicrobiaceae,0.0,Bacteria
XGBoost,warning_buffer_capacity,BAC_F::Desulfotomaculales,0.0,Bacteria
XGBoost,warning_buffer_capacity,BAC_F::Desulfovibrionaceae,0.0,Bacteria
XGBoost,warning_buffer_capacity,BAC_F::Dethiobacteraceae,0.0,Bacteria
XGBoost,warning_buffer_capacity,BAC_F::Devosiaceae,0.0,Bacteria
XGBoost,warning_buffer_capacity,BAC_F::Dietziaceae,0.0,Bacteria
XGBoost,warning_buffer_capacity,BAC_F::Diplorickettsiaceae,0.0,Bacteria
XGBoost,warning_buffer_capacity,BAC_F::Dongiaceae,0.0,Bacteria
XGBoost,warning_buffer_capacity,BAC_F::Dysgonomonadaceae,0.053291577845811844,Bacteria
XGBoost,warning_buffer_capacity,BAC_F::Eggerthellaceae,0.0,Bacteria
XGBoost,warning_buffer_capacity,BAC_F::Elsteraceae,0.0,Bacteria
XGBoost,warning_buffer_capacity,BAC_F::Endomicrobiaceae,0.0,Bacteria
XGBoost,warning_buffer_capacity,BAC_F::Enterobacteriaceae,0.0,Bacteria
XGBoost,warning_buffer_capacity,BAC_F::Enterococcaceae,0.0,Bacteria
XGBoost,warning_buffer_capacity,BAC_F::Erwiniaceae,0.0,Bacteria
XGBoost,warning_buffer_capacity,BAC_F::Erysipelatoclostridiaceae,0.0,Bacteria
XGBoost,warning_buffer_capacity,BAC_F::Erysipelotrichaceae,0.0,Bacteria
XGBoost,warning_buffer_capacity,BAC_F::Eubacteriaceae,0.0,Bacteria
XGBoost,warning_buffer_capacity,BAC_F::F082,0.0,Bacteria
XGBoost,warning_buffer_capacity,BAC_F::FTLpost3,0.0,Bacteria
XGBoost,warning_buffer_capacity,BAC_F::Fermentibacteraceae,0.0,Bacteria
XGBoost,warning_buffer_capacity,BAC_F::Fervidobacteriaceae,0.0,Bacteria
XGBoost,warning_buffer_capacity,BAC_F::Fibrobacteraceae,0.0,Bacteria
XGBoost,warning_buffer_capacity,BAC_F::Fibrobacterales,0.0,Bacteria
XGBoost,warning_buffer_capacity,BAC_F::Fimbriimonadaceae,0.0,Bacteria
XGBoost,warning_buffer_capacity,BAC_F::Flavobacteriaceae,0.0,Bacteria
XGBoost,warning_buffer_capacity,BAC_F::Fusibacteraceae,0.0,Bacteria
XGBoost,warning_buffer_capacity,BAC_F::Fusobacteriaceae,0.0,Bacteria
XGBoost,warning_buffer_capacity,BAC_F::GZKB124,0.0,Bacteria
XGBoost,warning_buffer_capacity,BAC_F::GZKB75,0.0,Bacteria
XGBoost,warning_buffer_capacity,BAC_F::Gallionellaceae,0.0,Bacteria
XGBoost,warning_buffer_capacity,BAC_F::Garciellaceae,0.0,Bacteria
XGBoost,warning_buffer_capacity,BAC_F::Gemmataceae,0.0,Bacteria
XGBoost,warning_buffer_capacity,BAC_F::Gemmatimonadaceae,0.0,Bacteria
XGBoost,warning_buffer_capacity,BAC_F::Geobacteraceae,0.0,Bacteria
XGBoost,warning_buffer_capacity,BAC_F::Gracilibacteraceae,0.0,Bacteria
XGBoost,warning_buffer_capacity,BAC_F::HOC36,0.0,Bacteria
XGBoost,warning_buffer_capacity,BAC_F::Hahellaceae,0.0,Bacteria
XGBoost,warning_buffer_capacity,BAC_F::Halanaerobiaceae,0.0,Bacteria
XGBoost,warning_buffer_capacity,BAC_F::Haliangiaceae,0.0,Bacteria
XGBoost,warning_buffer_capacity,BAC_F::Halomonadaceae,0.0,Bacteria
XGBoost,warning_buffer_capacity,BAC_F::Holophagaceae,0.0,Bacteria
XGBoost,warning_buffer_capacity,BAC_F::Hungateiclostridiaceae,0.04238399118185043,Bacteria
XGBoost,warning_buffer_capacity,BAC_F::Hydrogenedensaceae,0.0,Bacteria
XGBoost,warning_buffer_capacity,BAC_F::Hydrogenophilaceae,0.0,Bacteria
XGBoost,warning_buffer_capacity,BAC_F::Hydrothermae,0.0,Bacteria
XGBoost,warning_buffer_capacity,BAC_F::Hyphomicrobiaceae,0.0,Bacteria
XGBoost,warning_buffer_capacity,BAC_F::Hyphomonadaceae,0.0,Bacteria
XGBoost,warning_buffer_capacity,BAC_F::IMCC26256,0.0,Bacteria
XGBoost,warning_buffer_capacity,BAC_F::Iamiaceae,0.0,Bacteria
XGBoost,warning_buffer_capacity,BAC_F::Ignavibacteriaceae,0.0,Bacteria
XGBoost,warning_buffer_capacity,BAC_F::Ilumatobacteraceae,0.0,Bacteria
XGBoost,warning_buffer_capacity,BAC_F::Incertae_Sedis,0.0,Bacteria
XGBoost,warning_buffer_capacity,BAC_F::Intrasporangiaceae,0.0,Bacteria
XGBoost,warning_buffer_capacity,BAC_F::Isosphaeraceae,0.0,Bacteria
XGBoost,warning_buffer_capacity,BAC_F::Izemoplasmataceae,0.0,Bacteria
XGBoost,warning_buffer_capacity,BAC_F::Izemoplasmatales,0.0,Bacteria
XGBoost,warning_buffer_capacity,BAC_F::JG36-GS-52,0.0,Bacteria
XGBoost,warning_buffer_capacity,BAC_F::JS1,0.05551470071077347,Bacteria
XGBoost,warning_buffer_capacity,BAC_F::KCLunmb-38-53,0.0,Bacteria
XGBoost,warning_buffer_capacity,BAC_F::Kapabacteriales,0.0,Bacteria
XGBoost,warning_buffer_capacity,BAC_F::Kosmotogaceae,0.0,Bacteria
XGBoost,warning_buffer_capacity,BAC_F::LD1-PA32,0.0,Bacteria
XGBoost,warning_buffer_capacity,BAC_F::LD1-PB3,0.0,Bacteria
XGBoost,warning_buffer_capacity,BAC_F::LF045,0.0,Bacteria
XGBoost,warning_buffer_capacity,BAC_F::LWQ8,0.0,Bacteria
XGBoost,warning_buffer_capacity,BAC_F::Lachnospiraceae,0.0,Bacteria
XGBoost,warning_buffer_capacity,BAC_F::Lactobacillaceae,0.0,Bacteria
XGBoost,warning_buffer_capacity,BAC_F::Leeiaceae,0.0,Bacteria
XGBoost,warning_buffer_capacity,BAC_F::Lentimicrobiaceae,0.0,Bacteria
XGBoost,warning_buffer_capacity,BAC_F::Leptospiraceae,0.0,Bacteria
XGBoost,warning_buffer_capacity,BAC_F::Leptotrichiaceae,0.0,Bacteria
XGBoost,warning_buffer_capacity,BAC_F::Leuconostocaceae,0.0,Bacteria
XGBoost,warning_buffer_capacity,BAC_F::LiUU-11-161,0.0,Bacteria
XGBoost,warning_buffer_capacity,BAC_F::Limnochordaceae,0.0,Bacteria
XGBoost,warning_buffer_capacity,BAC_F::Limnochordia,0.0,Bacteria
XGBoost,warning_buffer_capacity,BAC_F::M55-D21,0.0,Bacteria
XGBoost,warning_buffer_capacity,BAC_F::MAT-CR-H4-C10,0.0,Bacteria
XGBoost,warning_buffer_capacity,BAC_F::MBA03,0.05124001204967499,Bacteria
XGBoost,warning_buffer_capacity,BAC_F::MVP-15,0.0,Bacteria
XGBoost,warning_buffer_capacity,BAC_F::Marinifilaceae,0.0,Bacteria
XGBoost,warning_buffer_capacity,BAC_F::Marinilabiliaceae,0.032299019396305084,Bacteria
XGBoost,warning_buffer_capacity,BAC_F::Marinimicrobia_(SAR406_clade),0.018340254202485085,Bacteria
XGBoost,warning_buffer_capacity,BAC_F::Methylococcaceae,0.0,Bacteria
XGBoost,warning_buffer_capacity,BAC_F::Methylomonadaceae,0.0,Bacteria
XGBoost,warning_buffer_capacity,BAC_F::Methylophilaceae,0.0,Bacteria
XGBoost,warning_buffer_capacity,BAC_F::MgMjR-022,0.0,Bacteria
XGBoost,warning_buffer_capacity,BAC_F::Microbacteriaceae,0.0,Bacteria
XGBoost,warning_buffer_capacity,BAC_F::Micrococcaceae,0.0,Bacteria
XGBoost,warning_buffer_capacity,BAC_F::Microscillaceae,0.0,Bacteria
XGBoost,warning_buffer_capacity,BAC_F::Microtrichaceae,0.0,Bacteria
XGBoost,warning_buffer_capacity,BAC_F::Monoglobaceae,0.0,Bacteria
XGBoost,warning_buffer_capacity,BAC_F::Moorellaceae,0.0,Bacteria
XGBoost,warning_buffer_capacity,BAC_F::Moraxellaceae,0.0,Bacteria
XGBoost,warning_buffer_capacity,BAC_F::Morganellaceae,0.0,Bacteria
XGBoost,warning_buffer_capacity,BAC_F::Mycobacteriaceae,0.0,Bacteria
XGBoost,warning_buffer_capacity,BAC_F::NK-L14,0.0,Bacteria
XGBoost,warning_buffer_capacity,BAC_F::NKB15,0.0,Bacteria
XGBoost,warning_buffer_capacity,BAC_F::Nannocystaceae,0.0,Bacteria
XGBoost,warning_buffer_capacity,BAC_F::Neisseriaceae,0.0,Bacteria
XGBoost,warning_buffer_capacity,BAC_F::Nitrosococcaceae,0.0,Bacteria
XGBoost,warning_buffer_capacity,BAC_F::Nitrosomonadaceae,0.0,Bacteria
XGBoost,warning_buffer_capacity,BAC_F::Nitrospiraceae,0.0,Bacteria
XGBoost,warning_buffer_capacity,BAC_F::OLB14,0.0,Bacteria
XGBoost,warning_buffer_capacity,BAC_F::OPB41,0.0,Bacteria
XGBoost,warning_buffer_capacity,BAC_F::Obscuribacteraceae,0.0,Bacteria
XGBoost,warning_buffer_capacity,BAC_F::Oligosphaeraceae,0.0,Bacteria
XGBoost,warning_buffer_capacity,BAC_F::Omnitrophaceae,0.0,Bacteria
XGBoost,warning_buffer_capacity,BAC_F::Oscillospiraceae,0.04267667606472969,Bacteria
XGBoost,warning_buffer_capacity,BAC_F::Oxalobacteraceae,0.0,Bacteria
XGBoost,warning_buffer_capacity,BAC_F::PB19,0.0,Bacteria
XGBoost,warning_buffer_capacity,BAC_F::PBS-18,0.0,Bacteria
XGBoost,warning_buffer_capacity,BAC_F::PHOS-HE36,0.0,Bacteria
XGBoost,warning_buffer_capacity,BAC_F::PLTA13,0.0,Bacteria
XGBoost,warning_buffer_capacity,BAC_F::Paludibacteraceae,0.0,Bacteria
XGBoost,warning_buffer_capacity,BAC_F::PeH15,0.0,Bacteria
XGBoost,warning_buffer_capacity,BAC_F::PeM15,0.0,Bacteria
XGBoost,warning_buffer_capacity,BAC_F::Pedosphaeraceae,0.0,Bacteria
XGBoost,warning_buffer_capacity,BAC_F::Peptococcaceae,0.0,Bacteria
XGBoost,warning_buffer_capacity,BAC_F::Peptostreptococcaceae,0.0,Bacteria
XGBoost,warning_buffer_capacity,BAC_F::Peptostreptococcales-Tissierellales,0.01884022168815136,Bacteria
XGBoost,warning_buffer_capacity,BAC_F::Petrotogaceae,0.04036615788936615,Bacteria
XGBoost,warning_buffer_capacity,BAC_F::Phycisphaeraceae,0.0,Bacteria
XGBoost,warning_buffer_capacity,BAC_F::Pirellulaceae,0.0,Bacteria
XGBoost,warning_buffer_capacity,BAC_F::Pla3_lineage,0.0,Bacteria
XGBoost,warning_buffer_capacity,BAC_F::Planococcaceae,0.0,Bacteria
XGBoost,warning_buffer_capacity,BAC_F::Porticoccaceae,0.0,Bacteria
XGBoost,warning_buffer_capacity,BAC_F::Prevotellaceae,0.04355588182806969,Bacteria
XGBoost,warning_buffer_capacity,BAC_F::Prolixibacteraceae,0.0,Bacteria
XGBoost,warning_buffer_capacity,BAC_F::Propionibacteriaceae,0.0,Bacteria
XGBoost,warning_buffer_capacity,BAC_F::Proteiniboraceae,0.0,Bacteria
XGBoost,warning_buffer_capacity,BAC_F::Pseudomonadaceae,0.1043441966176033,Bacteria
XGBoost,warning_buffer_capacity,BAC_F::RBG-13-54-9,0.0,Bacteria
XGBoost,warning_buffer_capacity,BAC_F::RBG-16-55-12,0.0,Bacteria
XGBoost,warning_buffer_capacity,BAC_F::Reyranellaceae,0.0,Bacteria
XGBoost,warning_buffer_capacity,BAC_F::Rhizobiaceae,0.0,Bacteria
XGBoost,warning_buffer_capacity,BAC_F::Rhizobiales_Incertae_Sedis,0.0,Bacteria
XGBoost,warning_buffer_capacity,BAC_F::Rhodanobacteraceae,0.03214429318904877,Bacteria
XGBoost,warning_buffer_capacity,BAC_F::Rhodobacteraceae,0.0,Bacteria
XGBoost,warning_buffer_capacity,BAC_F::Rhodocyclaceae,0.0,Bacteria
XGBoost,warning_buffer_capacity,BAC_F::Rickettsiaceae,0.0,Bacteria
XGBoost,warning_buffer_capacity,BAC_F::Rikenellaceae,0.037166763097047806,Bacteria
XGBoost,warning_buffer_capacity,BAC_F::Rubinisphaeraceae,0.0,Bacteria
XGBoost,warning_buffer_capacity,BAC_F::Ruminococcaceae,0.0,Bacteria
XGBoost,warning_buffer_capacity,BAC_F::Run-SP154,0.0,Bacteria
XGBoost,warning_buffer_capacity,BAC_F::S15A-MN91,0.0,Bacteria
XGBoost,warning_buffer_capacity,BAC_F::SB-5,0.0,Bacteria
XGBoost,warning_buffer_capacity,BAC_F::SBR1031,0.0,Bacteria
XGBoost,warning_buffer_capacity,BAC_F::SC-I-84,0.0,Bacteria
XGBoost,warning_buffer_capacity,BAC_F::SHA-41,0.0,Bacteria
XGBoost,warning_buffer_capacity,BAC_F::SJA-15,0.0,Bacteria
XGBoost,warning_buffer_capacity,BAC_F::SJA-28,0.0,Bacteria
XGBoost,warning_buffer_capacity,BAC_F::SM1A07,0.0,Bacteria
XGBoost,warning_buffer_capacity,BAC_F::SRB2,0.0,Bacteria
XGBoost,warning_buffer_capacity,BAC_F::ST-12K33,0.0,Bacteria
XGBoost,warning_buffer_capacity,BAC_F::Saccharimonadaceae,0.0,Bacteria
XGBoost,warning_buffer_capacity,BAC_F::Saccharimonadales,0.0,Bacteria
XGBoost,warning_buffer_capacity,BAC_F::Saprospiraceae,0.01733839139342308,Bacteria
XGBoost,warning_buffer_capacity,BAC_F::Schlesneriaceae,0.0,Bacteria
XGBoost,warning_buffer_capacity,BAC_F::Sedimentibacteraceae,0.0,Bacteria
XGBoost,warning_buffer_capacity,BAC_F::Selenomonadaceae,0.0,Bacteria
XGBoost,warning_buffer_capacity,BAC_F::Smithellaceae,0.0,Bacteria
XGBoost,warning_buffer_capacity,BAC_F::Solibacteraceae,0.0,Bacteria
XGBoost,warning_buffer_capacity,BAC_F::Sphingobacteriaceae,0.0,Bacteria
XGBoost,warning_buffer_capacity,BAC_F::Sphingomonadaceae,0.0,Bacteria
XGBoost,warning_buffer_capacity,BAC_F::Spirochaetaceae,0.04022183269262314,Bacteria
XGBoost,warning_buffer_capacity,BAC_F::Spongiibacteraceae,0.0,Bacteria
XGBoost,warning_buffer_capacity,BAC_F::Sporichthyaceae,0.0,Bacteria
XGBoost,warning_buffer_capacity,BAC_F::Sporomusaceae,0.0,Bacteria
XGBoost,warning_buffer_capacity,BAC_F::Steroidobacteraceae,0.0,Bacteria
XGBoost,warning_buffer_capacity,BAC_F::Streptococcaceae,0.0,Bacteria
XGBoost,warning_buffer_capacity,BAC_F::Sumerlaeaceae,0.0,Bacteria
XGBoost,warning_buffer_capacity,BAC_F::Sutterellaceae,0.0,Bacteria
XGBoost,warning_buffer_capacity,BAC_F::Sva0485,0.0,Bacteria
XGBoost,warning_buffer_capacity,BAC_F::Symbiobacteraceae,0.0,Bacteria
XGBoost,warning_buffer_capacity,BAC_F::Synergistaceae,0.02544170804321766,Bacteria
XGBoost,warning_buffer_capacity,BAC_F::Syntrophaceae,0.0,Bacteria
XGBoost,warning_buffer_capacity,BAC_F::Syntrophobacteraceae,0.0,Bacteria
XGBoost,warning_buffer_capacity,BAC_F::Syntrophobotulaceae,0.0,Bacteria
XGBoost,warning_buffer_capacity,BAC_F::Syntrophomonadaceae,0.01876937784254551,Bacteria
XGBoost,warning_buffer_capacity,BAC_F::Syntrophorhabdaceae,0.0,Bacteria
XGBoost,warning_buffer_capacity,BAC_F::Syntrophotaleaceae,0.0,Bacteria
XGBoost,warning_buffer_capacity,BAC_F::TA06,0.0,Bacteria
XGBoost,warning_buffer_capacity,BAC_F::TTA-B1,0.0,Bacteria
XGBoost,warning_buffer_capacity,BAC_F::Tannerellaceae,0.0,Bacteria
XGBoost,warning_buffer_capacity,BAC_F::Thermaceae,0.0,Bacteria
XGBoost,warning_buffer_capacity,BAC_F::Thermacetogeniaceae,0.0,Bacteria
XGBoost,warning_buffer_capacity,BAC_F::Thermoanaerobaculaceae,0.0,Bacteria
XGBoost,warning_buffer_capacity,BAC_F::Thermotaleaceae,0.0,Bacteria
XGBoost,warning_buffer_capacity,BAC_F::Thermovenabulales,0.0,Bacteria
XGBoost,warning_buffer_capacity,BAC_F::Thioalkalispiraceae,0.0,Bacteria
XGBoost,warning_buffer_capacity,BAC_F::Trueperaceae,0.0,Bacteria
XGBoost,warning_buffer_capacity,BAC_F::UCG-010,0.0,Bacteria
XGBoost,warning_buffer_capacity,BAC_F::Veillonellaceae,0.0,Bacteria
XGBoost,warning_buffer_capacity,BAC_F::Vermiphilaceae,0.0,Bacteria
XGBoost,warning_buffer_capacity,BAC_F::Verrucomicrobiaceae,0.0,Bacteria
XGBoost,warning_buffer_capacity,BAC_F::Vibrionaceae,0.0,Bacteria
XGBoost,warning_buffer_capacity,BAC_F::W27,0.0,Bacteria
XGBoost,warning_buffer_capacity,BAC_F::WCHB1-02,0.0,Bacteria
XGBoost,warning_buffer_capacity,BAC_F::WCHB1-41,0.051992468535900116,Bacteria
XGBoost,warning_buffer_capacity,BAC_F::WCHB1-81,0.0,Bacteria
XGBoost,warning_buffer_capacity,BAC_F::WPS-2,0.0,Bacteria
XGBoost,warning_buffer_capacity,BAC_F::WS1,0.0,Bacteria
XGBoost,warning_buffer_capacity,BAC_F::WWE3,0.0,Bacteria
XGBoost,warning_buffer_capacity,BAC_F::Weeksellaceae,0.0,Bacteria
XGBoost,warning_buffer_capacity,BAC_F::Williamwhitmaniaceae,0.0,Bacteria
XGBoost,warning_buffer_capacity,BAC_F::Wohlfahrtiimonadaceae,0.0,Bacteria
XGBoost,warning_buffer_capacity,BAC_F::Xanthobacteraceae,0.0,Bacteria
XGBoost,warning_buffer_capacity,BAC_F::Xanthomonadaceae,0.0,Bacteria
XGBoost,warning_buffer_capacity,BAC_F::Yersiniaceae,0.0,Bacteria
XGBoost,warning_buffer_capacity,BAC_F::Z4MB62,0.0,Bacteria
XGBoost,warning_buffer_capacity,BAC_F::Zixibacteria,0.0,Bacteria
XGBoost,warning_buffer_capacity,BAC_F::c5LKS83,0.0,Bacteria
XGBoost,warning_buffer_capacity,BAC_F::cvE6,0.0,Bacteria
XGBoost,warning_buffer_capacity,BAC_F::env.OPS_17,0.0,Bacteria
XGBoost,warning_buffer_capacity,BAC_F::p-251-o5,0.0,Bacteria
XGBoost,warning_buffer_capacity,BAC_F::unidentified,0.0,Bacteria
XGBoost,warning_buffer_capacity,ARC_F::Aenigmarchaeales,0.0,Archaea
XGBoost,warning_buffer_capacity,ARC_F::Bathyarchaeia,0.0,Archaea
XGBoost,warning_buffer_capacity,ARC_F::Lokiarchaeia,0.0,Archaea
XGBoost,warning_buffer_capacity,ARC_F::Methanocorpusculaceae,0.0,Archaea
XGBoost,warning_buffer_capacity,ARC_F::Methanofastidiosaceae,0.0,Archaea
XGBoost,warning_buffer_capacity,ARC_F::Methanomassiliicoccaceae,0.031816333532333374,Archaea
XGBoost,warning_buffer_capacity,ARC_F::Methanomethyliaceae,0.0,Archaea
XGBoost,warning_buffer_capacity,ARC_F::Methanomethylophilaceae,0.0,Archaea
XGBoost,warning_buffer_capacity,ARC_F::Methanomicrobiaceae,0.0,Archaea
XGBoost,warning_buffer_capacity,ARC_F::Methanomicrobiales,0.021511688828468323,Archaea
XGBoost,warning_buffer_capacity,ARC_F::Methanoregulaceae,0.0,Archaea
XGBoost,warning_buffer_capacity,ARC_F::Methanosaetaceae,0.03766583651304245,Archaea
XGBoost,warning_buffer_capacity,ARC_F::Methanosarcinaceae,0.028821313753724098,Archaea
XGBoost,warning_buffer_capacity,ARC_F::Methanospirillaceae,0.055548056960105896,Archaea
XGBoost,warning_buffer_capacity,ARC_F::Micrarchaeales,0.0,Archaea
XGBoost,warning_buffer_capacity,ARC_F::Nitrososphaeraceae,0.0,Archaea
XGBoost,warning_buffer_capacity,ARC_F::Rhinosporideacae,0.0,Archaea
XGBoost,warning_buffer_capacity,ARC_F::SCGC_AAA011-D5,0.0,Archaea
XGBoost,warning_buffer_capacity,ARC_F::Teleostei,0.0,Archaea
XGBoost,warning_buffer_capacity,ARC_F::Veneroida,0.0,Archaea
XGBoost,warning_buffer_capacity,ARC_F::Woesearchaeales,0.0,Archaea
XGBoost,warning_buffer_capacity,ARC_F::unidentified,0.0,Archaea
XGBoost,warning_acid_accumulation,BAC_F::009E01-B-SD-P15,0.0,Bacteria
XGBoost,warning_acid_accumulation,BAC_F::0319-6G20,0.0,Bacteria
XGBoost,warning_acid_accumulation,BAC_F::053A03-B-DI-P58,0.0,Bacteria
XGBoost,warning_acid_accumulation,BAC_F::1-20,0.0,Bacteria
XGBoost,warning_acid_accumulation,BAC_F::113B434,0.0,Bacteria
XGBoost,warning_acid_accumulation,BAC_F::37-13,0.0,Bacteria
XGBoost,warning_acid_accumulation,BAC_F::4572-13,0.0,Bacteria
XGBoost,warning_acid_accumulation,BAC_F::67-14,0.0,Bacteria
XGBoost,warning_acid_accumulation,BAC_F::A0839,0.0,Bacteria
XGBoost,warning_acid_accumulation,BAC_F::A21b,0.0,Bacteria
XGBoost,warning_acid_accumulation,BAC_F::AKYH767,0.0,Bacteria
XGBoost,warning_acid_accumulation,BAC_F::Absconditabacteriales_(SR1),0.0,Bacteria
XGBoost,warning_acid_accumulation,BAC_F::Acetobacteraceae,0.0,Bacteria
XGBoost,warning_acid_accumulation,BAC_F::Acetothermiia,0.0,Bacteria
XGBoost,warning_acid_accumulation,BAC_F::Acholeplasmataceae,0.0,Bacteria
XGBoost,warning_acid_accumulation,BAC_F::Acidaminococcaceae,0.0,Bacteria
XGBoost,warning_acid_accumulation,BAC_F::Acidobacteriae,0.0,Bacteria
XGBoost,warning_acid_accumulation,BAC_F::Actinomycetaceae,0.0,Bacteria
XGBoost,warning_acid_accumulation,BAC_F::Aerococcaceae,0.0,Bacteria
XGBoost,warning_acid_accumulation,BAC_F::Aeromonadaceae,0.0,Bacteria
XGBoost,warning_acid_accumulation,BAC_F::Alcaligenaceae,0.0,Bacteria
XGBoost,warning_acid_accumulation,BAC_F::Aminicenantales,0.0,Bacteria
XGBoost,warning_acid_accumulation,BAC_F::Anaerofustaceae,0.0,Bacteria
XGBoost,warning_acid_accumulation,BAC_F::Anaerolineaceae,0.0,Bacteria
XGBoost,warning_acid_accumulation,BAC_F::Anaeromyxobacteraceae,0.0,Bacteria
XGBoost,warning_acid_accumulation,BAC_F::Anaerovoracaceae,0.0,Bacteria
XGBoost,warning_acid_accumulation,BAC_F::Aquaspirillaceae,0.0,Bacteria
XGBoost,warning_acid_accumulation,BAC_F::Arcobacteraceae,0.0,Bacteria
XGBoost,warning_acid_accumulation,BAC_F::Ardenticatenaceae,0.0,Bacteria
XGBoost,warning_acid_accumulation,BAC_F::Arenicellaceae,0.0,Bacteria
XGBoost,warning_acid_accumulation,BAC_F::Atopobiaceae,0.015199920162558556,Bacteria
XGBoost,warning_acid_accumulation,BAC_F::B1-7BS,0.0,Bacteria
XGBoost,warning_acid_accumulation,BAC_F::B55-F-B-G02,0.0,Bacteria
XGBoost,warning_acid_accumulation,BAC_F::BRH-c20a,0.0,Bacteria
XGBoost,warning_acid_accumulation,BAC_F::Babeliales,0.0,Bacteria
XGBoost,warning_acid_accumulation,BAC_F::Bacillaceae,0.0,Bacteria
XGBoost,warning_acid_accumulation,BAC_F::Bacteriovoracaceae,0.0,Bacteria
XGBoost,warning_acid_accumulation,BAC_F::Bacteroidaceae,0.0,Bacteria
XGBoost,warning_acid_accumulation,BAC_F::Bacteroidales_UCG-001,0.0,Bacteria
XGBoost,warning_acid_accumulation,BAC_F::Bacteroidetes_BD2-2,0.0,Bacteria
XGBoost,warning_acid_accumulation,BAC_F::Bacteroidetes_VC2.1_Bac22,0.0,Bacteria
XGBoost,warning_acid_accumulation,BAC_F::Bacteroidetes_vadinHA17,0.02878248691558838,Bacteria
XGBoost,warning_acid_accumulation,BAC_F::Bdellovibrionaceae,0.0,Bacteria
XGBoost,warning_acid_accumulation,BAC_F::Beijerinckiaceae,0.0,Bacteria
XGBoost,warning_acid_accumulation,BAC_F::Bifidobacteriaceae,0.06422663480043411,Bacteria
XGBoost,warning_acid_accumulation,BAC_F::Blastocatellaceae,0.0,Bacteria
XGBoost,warning_acid_accumulation,BAC_F::Bogoriellaceae,0.0,Bacteria
XGBoost,warning_acid_accumulation,BAC_F::Brachyspirales_Incertae_Sedis,0.0,Bacteria
XGBoost,warning_acid_accumulation,BAC_F::Bradymonadales,0.0,Bacteria
XGBoost,warning_acid_accumulation,BAC_F::Bryobacteraceae,0.0,Bacteria
XGBoost,warning_acid_accumulation,BAC_F::Burkholderiaceae,0.0,Bacteria
XGBoost,warning_acid_accumulation,BAC_F::Butyricicoccaceae,0.0,Bacteria
XGBoost,warning_acid_accumulation,BAC_F::C10-SB1A,0.0,Bacteria
XGBoost,warning_acid_accumulation,BAC_F::CCM19a,0.0,Bacteria
XGBoost,warning_acid_accumulation,BAC_F::CK-2C2-2,0.0,Bacteria
XGBoost,warning_acid_accumulation,BAC_F::Caldatribacteriaceae,0.0,Bacteria
XGBoost,warning_acid_accumulation,BAC_F::Caldicoprobacteraceae,0.0,Bacteria
XGBoost,warning_acid_accumulation,BAC_F::Caldilineaceae,0.0,Bacteria
XGBoost,warning_acid_accumulation,BAC_F::Caldisericaceae,0.0,Bacteria
XGBoost,warning_acid_accumulation,BAC_F::Caloramatoraceae,0.0,Bacteria
XGBoost,warning_acid_accumulation,BAC_F::Candidatus_Falkowbacteria,0.0,Bacteria
XGBoost,warning_acid_accumulation,BAC_F::Candidatus_Peregrinibacteria,0.0,Bacteria
XGBoost,warning_acid_accumulation,BAC_F::Candidatus_Shapirobacteria,0.0,Bacteria
XGBoost,warning_acid_accumulation,BAC_F::Carnobacteriaceae,0.0,Bacteria
XGBoost,warning_acid_accumulation,BAC_F::Caulobacteraceae,0.0,Bacteria
XGBoost,warning_acid_accumulation,BAC_F::Chitinimonadaceae,0.0,Bacteria
XGBoost,warning_acid_accumulation,BAC_F::Chitinophagaceae,0.0,Bacteria
XGBoost,warning_acid_accumulation,BAC_F::Christensenellaceae,0.0,Bacteria
XGBoost,warning_acid_accumulation,BAC_F::Chromobacteriaceae,0.0,Bacteria
XGBoost,warning_acid_accumulation,BAC_F::Chthoniobacteraceae,0.0,Bacteria
XGBoost,warning_acid_accumulation,BAC_F::Chthonomonadales,0.0,Bacteria
XGBoost,warning_acid_accumulation,BAC_F::Cloacimonadaceae,0.07417028397321701,Bacteria
XGBoost,warning_acid_accumulation,BAC_F::Cloacimonadales,0.0,Bacteria
XGBoost,warning_acid_accumulation,BAC_F::Clostridia_UCG-014,0.0,Bacteria
XGBoost,warning_acid_accumulation,BAC_F::Clostridiaceae,0.0,Bacteria
XGBoost,warning_acid_accumulation,BAC_F::Comamonadaceae,0.0,Bacteria
XGBoost,warning_acid_accumulation,BAC_F::Competibacteraceae,0.0,Bacteria
XGBoost,warning_acid_accumulation,BAC_F::Coprothermobacteraceae,0.0,Bacteria
XGBoost,warning_acid_accumulation,BAC_F::Coriobacteriales_Incertae_Sedis,0.05510788783431053,Bacteria
XGBoost,warning_acid_accumulation,BAC_F::Corynebacteriaceae,0.0,Bacteria
XGBoost,warning_acid_accumulation,BAC_F::Crocinitomicaceae,0.0,Bacteria
XGBoost,warning_acid_accumulation,BAC_F::D8A-2,0.0,Bacteria
XGBoost,warning_acid_accumulation,BAC_F::DEV007,0.0,Bacteria
XGBoost,warning_acid_accumulation,BAC_F::DS-100,0.0,Bacteria
XGBoost,warning_acid_accumulation,BAC_F::DTU014,0.0,Bacteria
XGBoost,warning_acid_accumulation,BAC_F::Defluviicoccaceae,0.0,Bacteria
XGBoost,warning_acid_accumulation,BAC_F::Defluviitaleaceae,0.0,Bacteria
XGBoost,warning_acid_accumulation,BAC_F::Dermatophilaceae,0.0,Bacteria
XGBoost,warning_acid_accumulation,BAC_F::Desulfitibacteraceae,0.0,Bacteria
XGBoost,warning_acid_accumulation,BAC_F::Desulfobulbaceae,0.0,Bacteria
XGBoost,warning_acid_accumulation,BAC_F::Desulfomicrobiaceae,0.0,Bacteria
XGBoost,warning_acid_accumulation,BAC_F::Desulfotomaculales,0.0,Bacteria
XGBoost,warning_acid_accumulation,BAC_F::Desulfovibrionaceae,0.0,Bacteria
XGBoost,warning_acid_accumulation,BAC_F::Dethiobacteraceae,0.0,Bacteria
XGBoost,warning_acid_accumulation,BAC_F::Devosiaceae,0.0,Bacteria
XGBoost,warning_acid_accumulation,BAC_F::Dietziaceae,0.0,Bacteria
XGBoost,warning_acid_accumulation,BAC_F::Diplorickettsiaceae,0.0,Bacteria
XGBoost,warning_acid_accumulation,BAC_F::Dongiaceae,0.0,Bacteria
XGBoost,warning_acid_accumulation,BAC_F::Dysgonomonadaceae,0.0,Bacteria
XGBoost,warning_acid_accumulation,BAC_F::Eggerthellaceae,0.0,Bacteria
XGBoost,warning_acid_accumulation,BAC_F::Elsteraceae,0.0,Bacteria
XGBoost,warning_acid_accumulation,BAC_F::Endomicrobiaceae,0.0,Bacteria
XGBoost,warning_acid_accumulation,BAC_F::Enterobacteriaceae,0.0,Bacteria
XGBoost,warning_acid_accumulation,BAC_F::Enterococcaceae,0.0,Bacteria
XGBoost,warning_acid_accumulation,BAC_F::Erwiniaceae,0.0,Bacteria
XGBoost,warning_acid_accumulation,BAC_F::Erysipelatoclostridiaceae,0.0,Bacteria
XGBoost,warning_acid_accumulation,BAC_F::Erysipelotrichaceae,0.0,Bacteria
XGBoost,warning_acid_accumulation,BAC_F::Eubacteriaceae,0.0,Bacteria
XGBoost,warning_acid_accumulation,BAC_F::F082,0.0,Bacteria
XGBoost,warning_acid_accumulation,BAC_F::FTLpost3,0.0,Bacteria
XGBoost,warning_acid_accumulation,BAC_F::Fermentibacteraceae,0.0,Bacteria
XGBoost,warning_acid_accumulation,BAC_F::Fervidobacteriaceae,0.0,Bacteria
XGBoost,warning_acid_accumulation,BAC_F::Fibrobacteraceae,0.0,Bacteria
XGBoost,warning_acid_accumulation,BAC_F::Fibrobacterales,0.0,Bacteria
XGBoost,warning_acid_accumulation,BAC_F::Fimbriimonadaceae,0.0,Bacteria
XGBoost,warning_acid_accumulation,BAC_F::Flavobacteriaceae,0.0,Bacteria
XGBoost,warning_acid_accumulation,BAC_F::Fusibacteraceae,0.0,Bacteria
XGBoost,warning_acid_accumulation,BAC_F::Fusobacteriaceae,0.0,Bacteria
XGBoost,warning_acid_accumulation,BAC_F::GZKB124,0.07668448984622955,Bacteria
XGBoost,warning_acid_accumulation,BAC_F::GZKB75,0.0,Bacteria
XGBoost,warning_acid_accumulation,BAC_F::Gallionellaceae,0.0,Bacteria
XGBoost,warning_acid_accumulation,BAC_F::Garciellaceae,0.03150826320052147,Bacteria
XGBoost,warning_acid_accumulation,BAC_F::Gemmataceae,0.0,Bacteria
XGBoost,warning_acid_accumulation,BAC_F::Gemmatimonadaceae,0.0,Bacteria
XGBoost,warning_acid_accumulation,BAC_F::Geobacteraceae,0.0,Bacteria
XGBoost,warning_acid_accumulation,BAC_F::Gracilibacteraceae,0.0,Bacteria
XGBoost,warning_acid_accumulation,BAC_F::HOC36,0.0,Bacteria
XGBoost,warning_acid_accumulation,BAC_F::Hahellaceae,0.0,Bacteria
XGBoost,warning_acid_accumulation,BAC_F::Halanaerobiaceae,0.0,Bacteria
XGBoost,warning_acid_accumulation,BAC_F::Haliangiaceae,0.0,Bacteria
XGBoost,warning_acid_accumulation,BAC_F::Halomonadaceae,0.0,Bacteria
XGBoost,warning_acid_accumulation,BAC_F::Holophagaceae,0.0,Bacteria
XGBoost,warning_acid_accumulation,BAC_F::Hungateiclostridiaceae,0.0,Bacteria
XGBoost,warning_acid_accumulation,BAC_F::Hydrogenedensaceae,0.0,Bacteria
XGBoost,warning_acid_accumulation,BAC_F::Hydrogenophilaceae,0.0,Bacteria
XGBoost,warning_acid_accumulation,BAC_F::Hydrothermae,0.0,Bacteria
XGBoost,warning_acid_accumulation,BAC_F::Hyphomicrobiaceae,0.0,Bacteria
XGBoost,warning_acid_accumulation,BAC_F::Hyphomonadaceae,0.0,Bacteria
XGBoost,warning_acid_accumulation,BAC_F::IMCC26256,0.0,Bacteria
XGBoost,warning_acid_accumulation,BAC_F::Iamiaceae,0.0,Bacteria
XGBoost,warning_acid_accumulation,BAC_F::Ignavibacteriaceae,0.0,Bacteria
XGBoost,warning_acid_accumulation,BAC_F::Ilumatobacteraceae,0.0,Bacteria
XGBoost,warning_acid_accumulation,BAC_F::Incertae_Sedis,0.0,Bacteria
XGBoost,warning_acid_accumulation,BAC_F::Intrasporangiaceae,0.0,Bacteria
XGBoost,warning_acid_accumulation,BAC_F::Isosphaeraceae,0.0,Bacteria
XGBoost,warning_acid_accumulation,BAC_F::Izemoplasmataceae,0.0,Bacteria
XGBoost,warning_acid_accumulation,BAC_F::Izemoplasmatales,0.0,Bacteria
XGBoost,warning_acid_accumulation,BAC_F::JG36-GS-52,0.0,Bacteria
XGBoost,warning_acid_accumulation,BAC_F::JS1,0.0,Bacteria
XGBoost,warning_acid_accumulation,BAC_F::KCLunmb-38-53,0.0,Bacteria
XGBoost,warning_acid_accumulation,BAC_F::Kapabacteriales,0.0,Bacteria
XGBoost,warning_acid_accumulation,BAC_F::Kosmotogaceae,0.0,Bacteria
XGBoost,warning_acid_accumulation,BAC_F::LD1-PA32,0.0,Bacteria
XGBoost,warning_acid_accumulation,BAC_F::LD1-PB3,0.0,Bacteria
XGBoost,warning_acid_accumulation,BAC_F::LF045,0.0,Bacteria
XGBoost,warning_acid_accumulation,BAC_F::LWQ8,0.0,Bacteria
XGBoost,warning_acid_accumulation,BAC_F::Lachnospiraceae,0.0,Bacteria
XGBoost,warning_acid_accumulation,BAC_F::Lactobacillaceae,0.0,Bacteria
XGBoost,warning_acid_accumulation,BAC_F::Leeiaceae,0.0,Bacteria
XGBoost,warning_acid_accumulation,BAC_F::Lentimicrobiaceae,0.0,Bacteria
XGBoost,warning_acid_accumulation,BAC_F::Leptospiraceae,0.0,Bacteria
XGBoost,warning_acid_accumulation,BAC_F::Leptotrichiaceae,0.0,Bacteria
XGBoost,warning_acid_accumulation,BAC_F::Leuconostocaceae,0.0,Bacteria
XGBoost,warning_acid_accumulation,BAC_F::LiUU-11-161,0.0,Bacteria
XGBoost,warning_acid_accumulation,BAC_F::Limnochordaceae,0.0,Bacteria
XGBoost,warning_acid_accumulation,BAC_F::Limnochordia,0.0,Bacteria
XGBoost,warning_acid_accumulation,BAC_F::M55-D21,0.0,Bacteria
XGBoost,warning_acid_accumulation,BAC_F::MAT-CR-H4-C10,0.0,Bacteria
XGBoost,warning_acid_accumulation,BAC_F::MBA03,0.0,Bacteria
XGBoost,warning_acid_accumulation,BAC_F::MVP-15,0.0,Bacteria
XGBoost,warning_acid_accumulation,BAC_F::Marinifilaceae,0.0,Bacteria
XGBoost,warning_acid_accumulation,BAC_F::Marinilabiliaceae,0.0,Bacteria
XGBoost,warning_acid_accumulation,BAC_F::Marinimicrobia_(SAR406_clade),0.0,Bacteria
XGBoost,warning_acid_accumulation,BAC_F::Methylococcaceae,0.0,Bacteria
XGBoost,warning_acid_accumulation,BAC_F::Methylomonadaceae,0.0,Bacteria
XGBoost,warning_acid_accumulation,BAC_F::Methylophilaceae,0.0,Bacteria
XGBoost,warning_acid_accumulation,BAC_F::MgMjR-022,0.04219956323504448,Bacteria
XGBoost,warning_acid_accumulation,BAC_F::Microbacteriaceae,0.0,Bacteria
XGBoost,warning_acid_accumulation,BAC_F::Micrococcaceae,0.0,Bacteria
XGBoost,warning_acid_accumulation,BAC_F::Microscillaceae,0.0,Bacteria
XGBoost,warning_acid_accumulation,BAC_F::Microtrichaceae,0.0,Bacteria
XGBoost,warning_acid_accumulation,BAC_F::Monoglobaceae,0.0,Bacteria
XGBoost,warning_acid_accumulation,BAC_F::Moorellaceae,0.0,Bacteria
XGBoost,warning_acid_accumulation,BAC_F::Moraxellaceae,0.0,Bacteria
XGBoost,warning_acid_accumulation,BAC_F::Morganellaceae,0.0,Bacteria
XGBoost,warning_acid_accumulation,BAC_F::Mycobacteriaceae,0.0,Bacteria
XGBoost,warning_acid_accumulation,BAC_F::NK-L14,0.0,Bacteria
XGBoost,warning_acid_accumulation,BAC_F::NKB15,0.0,Bacteria
XGBoost,warning_acid_accumulation,BAC_F::Nannocystaceae,0.0,Bacteria
XGBoost,warning_acid_accumulation,BAC_F::Neisseriaceae,0.0,Bacteria
XGBoost,warning_acid_accumulation,BAC_F::Nitrosococcaceae,0.0,Bacteria
XGBoost,warning_acid_accumulation,BAC_F::Nitrosomonadaceae,0.0,Bacteria
XGBoost,warning_acid_accumulation,BAC_F::Nitrospiraceae,0.0,Bacteria
XGBoost,warning_acid_accumulation,BAC_F::OLB14,0.0,Bacteria
XGBoost,warning_acid_accumulation,BAC_F::OPB41,0.0,Bacteria
XGBoost,warning_acid_accumulation,BAC_F::Obscuribacteraceae,0.0,Bacteria
XGBoost,warning_acid_accumulation,BAC_F::Oligosphaeraceae,0.0,Bacteria
XGBoost,warning_acid_accumulation,BAC_F::Omnitrophaceae,0.0,Bacteria
XGBoost,warning_acid_accumulation,BAC_F::Oscillospiraceae,0.12388566881418228,Bacteria
XGBoost,warning_acid_accumulation,BAC_F::Oxalobacteraceae,0.0,Bacteria
XGBoost,warning_acid_accumulation,BAC_F::PB19,0.0,Bacteria
XGBoost,warning_acid_accumulation,BAC_F::PBS-18,0.0,Bacteria
XGBoost,warning_acid_accumulation,BAC_F::PHOS-HE36,0.0,Bacteria
XGBoost,warning_acid_accumulation,BAC_F::PLTA13,0.0,Bacteria
XGBoost,warning_acid_accumulation,BAC_F::Paludibacteraceae,0.0,Bacteria
XGBoost,warning_acid_accumulation,BAC_F::PeH15,0.0,Bacteria
XGBoost,warning_acid_accumulation,BAC_F::PeM15,0.0,Bacteria
XGBoost,warning_acid_accumulation,BAC_F::Pedosphaeraceae,0.0,Bacteria
XGBoost,warning_acid_accumulation,BAC_F::Peptococcaceae,0.0,Bacteria
XGBoost,warning_acid_accumulation,BAC_F::Peptostreptococcaceae,0.0,Bacteria
XGBoost,warning_acid_accumulation,BAC_F::Peptostreptococcales-Tissierellales,0.0,Bacteria
XGBoost,warning_acid_accumulation,BAC_F::Petrotogaceae,0.05772281810641289,Bacteria
XGBoost,warning_acid_accumulation,BAC_F::Phycisphaeraceae,0.0,Bacteria
XGBoost,warning_acid_accumulation,BAC_F::Pirellulaceae,0.0,Bacteria
XGBoost,warning_acid_accumulation,BAC_F::Pla3_lineage,0.0,Bacteria
XGBoost,warning_acid_accumulation,BAC_F::Planococcaceae,0.0,Bacteria
XGBoost,warning_acid_accumulation,BAC_F::Porticoccaceae,0.0,Bacteria
XGBoost,warning_acid_accumulation,BAC_F::Prevotellaceae,0.04180833324790001,Bacteria
XGBoost,warning_acid_accumulation,BAC_F::Prolixibacteraceae,0.0,Bacteria
XGBoost,warning_acid_accumulation,BAC_F::Propionibacteriaceae,0.0,Bacteria
XGBoost,warning_acid_accumulation,BAC_F::Proteiniboraceae,0.0,Bacteria
XGBoost,warning_acid_accumulation,BAC_F::Pseudomonadaceae,0.0,Bacteria
XGBoost,warning_acid_accumulation,BAC_F::RBG-13-54-9,0.0,Bacteria
XGBoost,warning_acid_accumulation,BAC_F::RBG-16-55-12,0.0,Bacteria
XGBoost,warning_acid_accumulation,BAC_F::Reyranellaceae,0.0,Bacteria
XGBoost,warning_acid_accumulation,BAC_F::Rhizobiaceae,0.0,Bacteria
XGBoost,warning_acid_accumulation,BAC_F::Rhizobiales_Incertae_Sedis,0.0,Bacteria
XGBoost,warning_acid_accumulation,BAC_F::Rhodanobacteraceae,0.0,Bacteria
XGBoost,warning_acid_accumulation,BAC_F::Rhodobacteraceae,0.0,Bacteria
XGBoost,warning_acid_accumulation,BAC_F::Rhodocyclaceae,0.0,Bacteria
XGBoost,warning_acid_accumulation,BAC_F::Rickettsiaceae,0.0,Bacteria
XGBoost,warning_acid_accumulation,BAC_F::Rikenellaceae,0.11319320648908615,Bacteria
XGBoost,warning_acid_accumulation,BAC_F::Rubinisphaeraceae,0.0,Bacteria
XGBoost,warning_acid_accumulation,BAC_F::Ruminococcaceae,0.0,Bacteria
XGBoost,warning_acid_accumulation,BAC_F::Run-SP154,0.0,Bacteria
XGBoost,warning_acid_accumulation,BAC_F::S15A-MN91,0.0,Bacteria
XGBoost,warning_acid_accumulation,BAC_F::SB-5,0.0,Bacteria
XGBoost,warning_acid_accumulation,BAC_F::SBR1031,0.0,Bacteria
XGBoost,warning_acid_accumulation,BAC_F::SC-I-84,0.0,Bacteria
XGBoost,warning_acid_accumulation,BAC_F::SHA-41,0.0,Bacteria
XGBoost,warning_acid_accumulation,BAC_F::SJA-15,0.0,Bacteria
XGBoost,warning_acid_accumulation,BAC_F::SJA-28,0.0,Bacteria
XGBoost,warning_acid_accumulation,BAC_F::SM1A07,0.0,Bacteria
XGBoost,warning_acid_accumulation,BAC_F::SRB2,0.03804817795753479,Bacteria
XGBoost,warning_acid_accumulation,BAC_F::ST-12K33,0.0,Bacteria
XGBoost,warning_acid_accumulation,BAC_F::Saccharimonadaceae,0.0,Bacteria
XGBoost,warning_acid_accumulation,BAC_F::Saccharimonadales,0.0,Bacteria
XGBoost,warning_acid_accumulation,BAC_F::Saprospiraceae,0.0,Bacteria
XGBoost,warning_acid_accumulation,BAC_F::Schlesneriaceae,0.0,Bacteria
XGBoost,warning_acid_accumulation,BAC_F::Sedimentibacteraceae,0.0,Bacteria
XGBoost,warning_acid_accumulation,BAC_F::Selenomonadaceae,0.0,Bacteria
XGBoost,warning_acid_accumulation,BAC_F::Smithellaceae,0.0,Bacteria
XGBoost,warning_acid_accumulation,BAC_F::Solibacteraceae,0.0,Bacteria
XGBoost,warning_acid_accumulation,BAC_F::Sphingobacteriaceae,0.0,Bacteria
XGBoost,warning_acid_accumulation,BAC_F::Sphingomonadaceae,0.0,Bacteria
XGBoost,warning_acid_accumulation,BAC_F::Spirochaetaceae,0.0,Bacteria
XGBoost,warning_acid_accumulation,BAC_F::Spongiibacteraceae,0.0,Bacteria
XGBoost,warning_acid_accumulation,BAC_F::Sporichthyaceae,0.0,Bacteria
XGBoost,warning_acid_accumulation,BAC_F::Sporomusaceae,0.0,Bacteria
XGBoost,warning_acid_accumulation,BAC_F::Steroidobacteraceae,0.0,Bacteria
XGBoost,warning_acid_accumulation,BAC_F::Streptococcaceae,0.0,Bacteria
XGBoost,warning_acid_accumulation,BAC_F::Sumerlaeaceae,0.0,Bacteria
XGBoost,warning_acid_accumulation,BAC_F::Sutterellaceae,0.0,Bacteria
XGBoost,warning_acid_accumulation,BAC_F::Sva0485,0.0,Bacteria
XGBoost,warning_acid_accumulation,BAC_F::Symbiobacteraceae,0.0,Bacteria
XGBoost,warning_acid_accumulation,BAC_F::Synergistaceae,0.0642145648598671,Bacteria
XGBoost,warning_acid_accumulation,BAC_F::Syntrophaceae,0.0,Bacteria
XGBoost,warning_acid_accumulation,BAC_F::Syntrophobacteraceae,0.0,Bacteria
XGBoost,warning_acid_accumulation,BAC_F::Syntrophobotulaceae,0.0,Bacteria
XGBoost,warning_acid_accumulation,BAC_F::Syntrophomonadaceae,0.0,Bacteria
XGBoost,warning_acid_accumulation,BAC_F::Syntrophorhabdaceae,0.0,Bacteria
XGBoost,warning_acid_accumulation,BAC_F::Syntrophotaleaceae,0.0,Bacteria
XGBoost,warning_acid_accumulation,BAC_F::TA06,0.0,Bacteria
XGBoost,warning_acid_accumulation,BAC_F::TTA-B1,0.0,Bacteria
XGBoost,warning_acid_accumulation,BAC_F::Tannerellaceae,0.0,Bacteria
XGBoost,warning_acid_accumulation,BAC_F::Thermaceae,0.0,Bacteria
XGBoost,warning_acid_accumulation,BAC_F::Thermacetogeniaceae,0.0,Bacteria
XGBoost,warning_acid_accumulation,BAC_F::Thermoanaerobaculaceae,0.0,Bacteria
XGBoost,warning_acid_accumulation,BAC_F::Thermotaleaceae,0.0,Bacteria
XGBoost,warning_acid_accumulation,BAC_F::Thermovenabulales,0.0,Bacteria
XGBoost,warning_acid_accumulation,BAC_F::Thioalkalispiraceae,0.0,Bacteria
XGBoost,warning_acid_accumulation,BAC_F::Trueperaceae,0.0,Bacteria
XGBoost,warning_acid_accumulation,BAC_F::UCG-010,0.0,Bacteria
XGBoost,warning_acid_accumulation,BAC_F::Veillonellaceae,0.0,Bacteria
XGBoost,warning_acid_accumulation,BAC_F::Vermiphilaceae,0.0,Bacteria
XGBoost,warning_acid_accumulation,BAC_F::Verrucomicrobiaceae,0.0,Bacteria
XGBoost,warning_acid_accumulation,BAC_F::Vibrionaceae,0.0,Bacteria
XGBoost,warning_acid_accumulation,BAC_F::W27,0.0,Bacteria
XGBoost,warning_acid_accumulation,BAC_F::WCHB1-02,0.0,Bacteria
XGBoost,warning_acid_accumulation,BAC_F::WCHB1-41,0.0,Bacteria
XGBoost,warning_acid_accumulation,BAC_F::WCHB1-81,0.0,Bacteria
XGBoost,warning_acid_accumulation,BAC_F::WPS-2,0.0,Bacteria
XGBoost,warning_acid_accumulation,BAC_F::WS1,0.0,Bacteria
XGBoost,warning_acid_accumulation,BAC_F::WWE3,0.0,Bacteria
XGBoost,warning_acid_accumulation,BAC_F::Weeksellaceae,0.0,Bacteria
XGBoost,warning_acid_accumulation,BAC_F::Williamwhitmaniaceae,0.0,Bacteria
XGBoost,warning_acid_accumulation,BAC_F::Wohlfahrtiimonadaceae,0.0,Bacteria
XGBoost,warning_acid_accumulation,BAC_F::Xanthobacteraceae,0.0,Bacteria
XGBoost,warning_acid_accumulation,BAC_F::Xanthomonadaceae,0.0,Bacteria
XGBoost,warning_acid_accumulation,BAC_F::Yersiniaceae,0.0,Bacteria
XGBoost,warning_acid_accumulation,BAC_F::Z4MB62,0.0,Bacteria
XGBoost,warning_acid_accumulation,BAC_F::Zixibacteria,0.0,Bacteria
XGBoost,warning_acid_accumulation,BAC_F::c5LKS83,0.0,Bacteria
XGBoost,warning_acid_accumulation,BAC_F::cvE6,0.0,Bacteria
XGBoost,warning_acid_accumulation,BAC_F::env.OPS_17,0.0,Bacteria
XGBoost,warning_acid_accumulation,BAC_F::p-251-o5,0.0,Bacteria
XGBoost,warning_acid_accumulation,BAC_F::unidentified,0.0,Bacteria
XGBoost,warning_acid_accumulation,ARC_F::Aenigmarchaeales,0.0,Archaea
XGBoost,warning_acid_accumulation,ARC_F::Bathyarchaeia,0.0,Archaea
XGBoost,warning_acid_accumulation,ARC_F::Lokiarchaeia,0.0,Archaea
XGBoost,warning_acid_accumulation,ARC_F::Methanocorpusculaceae,0.03505653142929077,Archaea
XGBoost,warning_acid_accumulation,ARC_F::Methanofastidiosaceae,0.0,Archaea
XGBoost,warning_acid_accumulation,ARC_F::Methanomassiliicoccaceae,0.0,Archaea
XGBoost,warning_acid_accumulation,ARC_F::Methanomethyliaceae,0.0,Archaea
XGBoost,warning_acid_accumulation,ARC_F::Methanomethylophilaceae,0.07545838505029678,Archaea
XGBoost,warning_acid_accumulation,ARC_F::Methanomicrobiaceae,0.0,Archaea
XGBoost,warning_acid_accumulation,ARC_F::Methanomicrobiales,0.0,Archaea
XGBoost,warning_acid_accumulation,ARC_F::Methanoregulaceae,0.0,Archaea
XGBoost,warning_acid_accumulation,ARC_F::Methanosaetaceae,0.0,Archaea
XGBoost,warning_acid_accumulation,ARC_F::Methanosarcinaceae,0.06273281574249268,Archaea
XGBoost,warning_acid_accumulation,ARC_F::Methanospirillaceae,0.0,Archaea
XGBoost,warning_acid_accumulation,ARC_F::Micrarchaeales,0.0,Archaea
XGBoost,warning_acid_accumulation,ARC_F::Nitrososphaeraceae,0.0,Archaea
XGBoost,warning_acid_accumulation,ARC_F::Rhinosporideacae,0.0,Archaea
XGBoost,warning_acid_accumulation,ARC_F::SCGC_AAA011-D5,0.0,Archaea
XGBoost,warning_acid_accumulation,ARC_F::Teleostei,0.0,Archaea
XGBoost,warning_acid_accumulation,ARC_F::Veneroida,0.0,Archaea
XGBoost,warning_acid_accumulation,ARC_F::Woesearchaeales,0.0,Archaea
XGBoost,warning_acid_accumulation,ARC_F::unidentified,0.0,Archaea
XGBoost,warning_ammonia_toxicity,BAC_F::009E01-B-SD-P15,0.0,Bacteria
XGBoost,warning_ammonia_toxicity,BAC_F::0319-6G20,0.0,Bacteria
XGBoost,warning_ammonia_toxicity,BAC_F::053A03-B-DI-P58,0.0,Bacteria
XGBoost,warning_ammonia_toxicity,BAC_F::1-20,0.0,Bacteria
XGBoost,warning_ammonia_toxicity,BAC_F::113B434,0.0,Bacteria
XGBoost,warning_ammonia_toxicity,BAC_F::37-13,0.0,Bacteria
XGBoost,warning_ammonia_toxicity,BAC_F::4572-13,0.0,Bacteria
XGBoost,warning_ammonia_toxicity,BAC_F::67-14,0.0,Bacteria
XGBoost,warning_ammonia_toxicity,BAC_F::A0839,0.0,Bacteria
XGBoost,warning_ammonia_toxicity,BAC_F::A21b,0.0,Bacteria
XGBoost,warning_ammonia_toxicity,BAC_F::AKYH767,0.0,Bacteria
XGBoost,warning_ammonia_toxicity,BAC_F::Absconditabacteriales_(SR1),0.0,Bacteria
XGBoost,warning_ammonia_toxicity,BAC_F::Acetobacteraceae,0.0,Bacteria
XGBoost,warning_ammonia_toxicity,BAC_F::Acetothermiia,0.0,Bacteria
XGBoost,warning_ammonia_toxicity,BAC_F::Acholeplasmataceae,0.03774770349264145,Bacteria
XGBoost,warning_ammonia_toxicity,BAC_F::Acidaminococcaceae,0.0,Bacteria
XGBoost,warning_ammonia_toxicity,BAC_F::Acidobacteriae,0.0,Bacteria
XGBoost,warning_ammonia_toxicity,BAC_F::Actinomycetaceae,0.0,Bacteria
XGBoost,warning_ammonia_toxicity,BAC_F::Aerococcaceae,0.0,Bacteria
XGBoost,warning_ammonia_toxicity,BAC_F::Aeromonadaceae,0.0,Bacteria
XGBoost,warning_ammonia_toxicity,BAC_F::Alcaligenaceae,0.0,Bacteria
XGBoost,warning_ammonia_toxicity,BAC_F::Aminicenantales,0.0,Bacteria
XGBoost,warning_ammonia_toxicity,BAC_F::Anaerofustaceae,0.0,Bacteria
XGBoost,warning_ammonia_toxicity,BAC_F::Anaerolineaceae,0.0,Bacteria
XGBoost,warning_ammonia_toxicity,BAC_F::Anaeromyxobacteraceae,0.0,Bacteria
XGBoost,warning_ammonia_toxicity,BAC_F::Anaerovoracaceae,0.0,Bacteria
XGBoost,warning_ammonia_toxicity,BAC_F::Aquaspirillaceae,0.0,Bacteria
XGBoost,warning_ammonia_toxicity,BAC_F::Arcobacteraceae,0.0,Bacteria
XGBoost,warning_ammonia_toxicity,BAC_F::Ardenticatenaceae,0.0,Bacteria
XGBoost,warning_ammonia_toxicity,BAC_F::Arenicellaceae,0.0,Bacteria
XGBoost,warning_ammonia_toxicity,BAC_F::Atopobiaceae,0.0,Bacteria
XGBoost,warning_ammonia_toxicity,BAC_F::B1-7BS,0.0,Bacteria
XGBoost,warning_ammonia_toxicity,BAC_F::B55-F-B-G02,0.0,Bacteria
XGBoost,warning_ammonia_toxicity,BAC_F::BRH-c20a,0.0,Bacteria
XGBoost,warning_ammonia_toxicity,BAC_F::Babeliales,0.0,Bacteria
XGBoost,warning_ammonia_toxicity,BAC_F::Bacillaceae,0.0,Bacteria
XGBoost,warning_ammonia_toxicity,BAC_F::Bacteriovoracaceae,0.0,Bacteria
XGBoost,warning_ammonia_toxicity,BAC_F::Bacteroidaceae,0.0,Bacteria
XGBoost,warning_ammonia_toxicity,BAC_F::Bacteroidales_UCG-001,0.0255436934530735,Bacteria
XGBoost,warning_ammonia_toxicity,BAC_F::Bacteroidetes_BD2-2,0.0,Bacteria
XGBoost,warning_ammonia_toxicity,BAC_F::Bacteroidetes_VC2.1_Bac22,0.0,Bacteria
XGBoost,warning_ammonia_toxicity,BAC_F::Bacteroidetes_vadinHA17,0.0,Bacteria
XGBoost,warning_ammonia_toxicity,BAC_F::Bdellovibrionaceae,0.0,Bacteria
XGBoost,warning_ammonia_toxicity,BAC_F::Beijerinckiaceae,0.0,Bacteria
XGBoost,warning_ammonia_toxicity,BAC_F::Bifidobacteriaceae,0.0,Bacteria
XGBoost,warning_ammonia_toxicity,BAC_F::Blastocatellaceae,0.0,Bacteria
XGBoost,warning_ammonia_toxicity,BAC_F::Bogoriellaceae,0.0,Bacteria
XGBoost,warning_ammonia_toxicity,BAC_F::Brachyspirales_Incertae_Sedis,0.0,Bacteria
XGBoost,warning_ammonia_toxicity,BAC_F::Bradymonadales,0.0,Bacteria
XGBoost,warning_ammonia_toxicity,BAC_F::Bryobacteraceae,0.0,Bacteria
XGBoost,warning_ammonia_toxicity,BAC_F::Burkholderiaceae,0.0,Bacteria
XGBoost,warning_ammonia_toxicity,BAC_F::Butyricicoccaceae,0.0,Bacteria
XGBoost,warning_ammonia_toxicity,BAC_F::C10-SB1A,0.0,Bacteria
XGBoost,warning_ammonia_toxicity,BAC_F::CCM19a,0.0,Bacteria
XGBoost,warning_ammonia_toxicity,BAC_F::CK-2C2-2,0.0,Bacteria
XGBoost,warning_ammonia_toxicity,BAC_F::Caldatribacteriaceae,0.0,Bacteria
XGBoost,warning_ammonia_toxicity,BAC_F::Caldicoprobacteraceae,0.075823113322258,Bacteria
XGBoost,warning_ammonia_toxicity,BAC_F::Caldilineaceae,0.0,Bacteria
XGBoost,warning_ammonia_toxicity,BAC_F::Caldisericaceae,0.0,Bacteria
XGBoost,warning_ammonia_toxicity,BAC_F::Caloramatoraceae,0.0,Bacteria
XGBoost,warning_ammonia_toxicity,BAC_F::Candidatus_Falkowbacteria,0.0,Bacteria
XGBoost,warning_ammonia_toxicity,BAC_F::Candidatus_Peregrinibacteria,0.0,Bacteria
XGBoost,warning_ammonia_toxicity,BAC_F::Candidatus_Shapirobacteria,0.0,Bacteria
XGBoost,warning_ammonia_toxicity,BAC_F::Carnobacteriaceae,0.0,Bacteria
XGBoost,warning_ammonia_toxicity,BAC_F::Caulobacteraceae,0.0,Bacteria
XGBoost,warning_ammonia_toxicity,BAC_F::Chitinimonadaceae,0.0,Bacteria
XGBoost,warning_ammonia_toxicity,BAC_F::Chitinophagaceae,0.0,Bacteria
XGBoost,warning_ammonia_toxicity,BAC_F::Christensenellaceae,0.0,Bacteria
XGBoost,warning_ammonia_toxicity,BAC_F::Chromobacteriaceae,0.0,Bacteria
XGBoost,warning_ammonia_toxicity,BAC_F::Chthoniobacteraceae,0.0,Bacteria
XGBoost,warning_ammonia_toxicity,BAC_F::Chthonomonadales,0.0,Bacteria
XGBoost,warning_ammonia_toxicity,BAC_F::Cloacimonadaceae,0.06534145027399063,Bacteria
XGBoost,warning_ammonia_toxicity,BAC_F::Cloacimonadales,0.0,Bacteria
XGBoost,warning_ammonia_toxicity,BAC_F::Clostridia_UCG-014,0.0,Bacteria
XGBoost,warning_ammonia_toxicity,BAC_F::Clostridiaceae,0.0,Bacteria
XGBoost,warning_ammonia_toxicity,BAC_F::Comamonadaceae,0.052669964730739594,Bacteria
XGBoost,warning_ammonia_toxicity,BAC_F::Competibacteraceae,0.0,Bacteria
XGBoost,warning_ammonia_toxicity,BAC_F::Coprothermobacteraceae,0.0,Bacteria
XGBoost,warning_ammonia_toxicity,BAC_F::Coriobacteriales_Incertae_Sedis,0.0,Bacteria
XGBoost,warning_ammonia_toxicity,BAC_F::Corynebacteriaceae,0.0,Bacteria
XGBoost,warning_ammonia_toxicity,BAC_F::Crocinitomicaceae,0.0,Bacteria
XGBoost,warning_ammonia_toxicity,BAC_F::D8A-2,0.029399828985333443,Bacteria
XGBoost,warning_ammonia_toxicity,BAC_F::DEV007,0.0,Bacteria
XGBoost,warning_ammonia_toxicity,BAC_F::DS-100,0.0,Bacteria
XGBoost,warning_ammonia_toxicity,BAC_F::DTU014,0.0,Bacteria
XGBoost,warning_ammonia_toxicity,BAC_F::Defluviicoccaceae,0.0,Bacteria
XGBoost,warning_ammonia_toxicity,BAC_F::Defluviitaleaceae,0.0,Bacteria
XGBoost,warning_ammonia_toxicity,BAC_F::Dermatophilaceae,0.0,Bacteria
XGBoost,warning_ammonia_toxicity,BAC_F::Desulfitibacteraceae,0.0,Bacteria
XGBoost,warning_ammonia_toxicity,BAC_F::Desulfobulbaceae,0.0,Bacteria
XGBoost,warning_ammonia_toxicity,BAC_F::Desulfomicrobiaceae,0.0,Bacteria
XGBoost,warning_ammonia_toxicity,BAC_F::Desulfotomaculales,0.0,Bacteria
XGBoost,warning_ammonia_toxicity,BAC_F::Desulfovibrionaceae,0.0,Bacteria
XGBoost,warning_ammonia_toxicity,BAC_F::Dethiobacteraceae,0.0,Bacteria
XGBoost,warning_ammonia_toxicity,BAC_F::Devosiaceae,0.0,Bacteria
XGBoost,warning_ammonia_toxicity,BAC_F::Dietziaceae,0.0,Bacteria
XGBoost,warning_ammonia_toxicity,BAC_F::Diplorickettsiaceae,0.0,Bacteria
XGBoost,warning_ammonia_toxicity,BAC_F::Dongiaceae,0.0,Bacteria
XGBoost,warning_ammonia_toxicity,BAC_F::Dysgonomonadaceae,0.06752047687768936,Bacteria
XGBoost,warning_ammonia_toxicity,BAC_F::Eggerthellaceae,0.0,Bacteria
XGBoost,warning_ammonia_toxicity,BAC_F::Elsteraceae,0.0,Bacteria
XGBoost,warning_ammonia_toxicity,BAC_F::Endomicrobiaceae,0.0,Bacteria
XGBoost,warning_ammonia_toxicity,BAC_F::Enterobacteriaceae,0.0,Bacteria
XGBoost,warning_ammonia_toxicity,BAC_F::Enterococcaceae,0.0,Bacteria
XGBoost,warning_ammonia_toxicity,BAC_F::Erwiniaceae,0.0,Bacteria
XGBoost,warning_ammonia_toxicity,BAC_F::Erysipelatoclostridiaceae,0.040228720754384995,Bacteria
XGBoost,warning_ammonia_toxicity,BAC_F::Erysipelotrichaceae,0.0,Bacteria
XGBoost,warning_ammonia_toxicity,BAC_F::Eubacteriaceae,0.0,Bacteria
XGBoost,warning_ammonia_toxicity,BAC_F::F082,0.0,Bacteria
XGBoost,warning_ammonia_toxicity,BAC_F::FTLpost3,0.0,Bacteria
XGBoost,warning_ammonia_toxicity,BAC_F::Fermentibacteraceae,0.0,Bacteria
XGBoost,warning_ammonia_toxicity,BAC_F::Fervidobacteriaceae,0.0,Bacteria
XGBoost,warning_ammonia_toxicity,BAC_F::Fibrobacteraceae,0.0,Bacteria
XGBoost,warning_ammonia_toxicity,BAC_F::Fibrobacterales,0.0,Bacteria
XGBoost,warning_ammonia_toxicity,BAC_F::Fimbriimonadaceae,0.0,Bacteria
XGBoost,warning_ammonia_toxicity,BAC_F::Flavobacteriaceae,0.0,Bacteria
XGBoost,warning_ammonia_toxicity,BAC_F::Fusibacteraceae,0.0,Bacteria
XGBoost,warning_ammonia_toxicity,BAC_F::Fusobacteriaceae,0.0,Bacteria
XGBoost,warning_ammonia_toxicity,BAC_F::GZKB124,0.0,Bacteria
XGBoost,warning_ammonia_toxicity,BAC_F::GZKB75,0.0,Bacteria
XGBoost,warning_ammonia_toxicity,BAC_F::Gallionellaceae,0.0,Bacteria
XGBoost,warning_ammonia_toxicity,BAC_F::Garciellaceae,0.0,Bacteria
XGBoost,warning_ammonia_toxicity,BAC_F::Gemmataceae,0.0,Bacteria
XGBoost,warning_ammonia_toxicity,BAC_F::Gemmatimonadaceae,0.0,Bacteria
XGBoost,warning_ammonia_toxicity,BAC_F::Geobacteraceae,0.0,Bacteria
XGBoost,warning_ammonia_toxicity,BAC_F::Gracilibacteraceae,0.0,Bacteria
XGBoost,warning_ammonia_toxicity,BAC_F::HOC36,0.0,Bacteria
XGBoost,warning_ammonia_toxicity,BAC_F::Hahellaceae,0.0,Bacteria
XGBoost,warning_ammonia_toxicity,BAC_F::Halanaerobiaceae,0.0,Bacteria
XGBoost,warning_ammonia_toxicity,BAC_F::Haliangiaceae,0.0,Bacteria
XGBoost,warning_ammonia_toxicity,BAC_F::Halomonadaceae,0.0,Bacteria
XGBoost,warning_ammonia_toxicity,BAC_F::Holophagaceae,0.0,Bacteria
XGBoost,warning_ammonia_toxicity,BAC_F::Hungateiclostridiaceae,0.057620175182819366,Bacteria
XGBoost,warning_ammonia_toxicity,BAC_F::Hydrogenedensaceae,0.0,Bacteria
XGBoost,warning_ammonia_toxicity,BAC_F::Hydrogenophilaceae,0.0,Bacteria
XGBoost,warning_ammonia_toxicity,BAC_F::Hydrothermae,0.0,Bacteria
XGBoost,warning_ammonia_toxicity,BAC_F::Hyphomicrobiaceae,0.0,Bacteria
XGBoost,warning_ammonia_toxicity,BAC_F::Hyphomonadaceae,0.0,Bacteria
XGBoost,warning_ammonia_toxicity,BAC_F::IMCC26256,0.0,Bacteria
XGBoost,warning_ammonia_toxicity,BAC_F::Iamiaceae,0.0,Bacteria
XGBoost,warning_ammonia_toxicity,BAC_F::Ignavibacteriaceae,0.0,Bacteria
XGBoost,warning_ammonia_toxicity,BAC_F::Ilumatobacteraceae,0.0,Bacteria
XGBoost,warning_ammonia_toxicity,BAC_F::Incertae_Sedis,0.0,Bacteria
XGBoost,warning_ammonia_toxicity,BAC_F::Intrasporangiaceae,0.0,Bacteria
XGBoost,warning_ammonia_toxicity,BAC_F::Isosphaeraceae,0.0,Bacteria
XGBoost,warning_ammonia_toxicity,BAC_F::Izemoplasmataceae,0.0,Bacteria
XGBoost,warning_ammonia_toxicity,BAC_F::Izemoplasmatales,0.0,Bacteria
XGBoost,warning_ammonia_toxicity,BAC_F::JG36-GS-52,0.0,Bacteria
XGBoost,warning_ammonia_toxicity,BAC_F::JS1,0.0,Bacteria
XGBoost,warning_ammonia_toxicity,BAC_F::KCLunmb-38-53,0.0,Bacteria
XGBoost,warning_ammonia_toxicity,BAC_F::Kapabacteriales,0.0,Bacteria
XGBoost,warning_ammonia_toxicity,BAC_F::Kosmotogaceae,0.0,Bacteria
XGBoost,warning_ammonia_toxicity,BAC_F::LD1-PA32,0.0,Bacteria
XGBoost,warning_ammonia_toxicity,BAC_F::LD1-PB3,0.0,Bacteria
XGBoost,warning_ammonia_toxicity,BAC_F::LF045,0.0,Bacteria
XGBoost,warning_ammonia_toxicity,BAC_F::LWQ8,0.0,Bacteria
XGBoost,warning_ammonia_toxicity,BAC_F::Lachnospiraceae,0.0,Bacteria
XGBoost,warning_ammonia_toxicity,BAC_F::Lactobacillaceae,0.0,Bacteria
XGBoost,warning_ammonia_toxicity,BAC_F::Leeiaceae,0.0,Bacteria
XGBoost,warning_ammonia_toxicity,BAC_F::Lentimicrobiaceae,0.0,Bacteria
XGBoost,warning_ammonia_toxicity,BAC_F::Leptospiraceae,0.0,Bacteria
XGBoost,warning_ammonia_toxicity,BAC_F::Leptotrichiaceae,0.0,Bacteria
XGBoost,warning_ammonia_toxicity,BAC_F::Leuconostocaceae,0.0,Bacteria
XGBoost,warning_ammonia_toxicity,BAC_F::LiUU-11-161,0.0,Bacteria
XGBoost,warning_ammonia_toxicity,BAC_F::Limnochordaceae,0.0,Bacteria
XGBoost,warning_ammonia_toxicity,BAC_F::Limnochordia,0.0,Bacteria
XGBoost,warning_ammonia_toxicity,BAC_F::M55-D21,0.0,Bacteria
XGBoost,warning_ammonia_toxicity,BAC_F::MAT-CR-H4-C10,0.0,Bacteria
XGBoost,warning_ammonia_toxicity,BAC_F::MBA03,0.06601162999868393,Bacteria
XGBoost,warning_ammonia_toxicity,BAC_F::MVP-15,0.0,Bacteria
XGBoost,warning_ammonia_toxicity,BAC_F::Marinifilaceae,0.0,Bacteria
XGBoost,warning_ammonia_toxicity,BAC_F::Marinilabiliaceae,0.0,Bacteria
XGBoost,warning_ammonia_toxicity,BAC_F::Marinimicrobia_(SAR406_clade),0.0,Bacteria
XGBoost,warning_ammonia_toxicity,BAC_F::Methylococcaceae,0.0,Bacteria
XGBoost,warning_ammonia_toxicity,BAC_F::Methylomonadaceae,0.0,Bacteria
XGBoost,warning_ammonia_toxicity,BAC_F::Methylophilaceae,0.0,Bacteria
XGBoost,warning_ammonia_toxicity,BAC_F::MgMjR-022,0.0,Bacteria
XGBoost,warning_ammonia_toxicity,BAC_F::Microbacteriaceae,0.0,Bacteria
XGBoost,warning_ammonia_toxicity,BAC_F::Micrococcaceae,0.0,Bacteria
XGBoost,warning_ammonia_toxicity,BAC_F::Microscillaceae,0.0,Bacteria
XGBoost,warning_ammonia_toxicity,BAC_F::Microtrichaceae,0.0,Bacteria
XGBoost,warning_ammonia_toxicity,BAC_F::Monoglobaceae,0.0,Bacteria
XGBoost,warning_ammonia_toxicity,BAC_F::Moorellaceae,0.0,Bacteria
XGBoost,warning_ammonia_toxicity,BAC_F::Moraxellaceae,0.0,Bacteria
XGBoost,warning_ammonia_toxicity,BAC_F::Morganellaceae,0.0,Bacteria
XGBoost,warning_ammonia_toxicity,BAC_F::Mycobacteriaceae,0.0,Bacteria
XGBoost,warning_ammonia_toxicity,BAC_F::NK-L14,0.0,Bacteria
XGBoost,warning_ammonia_toxicity,BAC_F::NKB15,0.0,Bacteria
XGBoost,warning_ammonia_toxicity,BAC_F::Nannocystaceae,0.0,Bacteria
XGBoost,warning_ammonia_toxicity,BAC_F::Neisseriaceae,0.0,Bacteria
XGBoost,warning_ammonia_toxicity,BAC_F::Nitrosococcaceae,0.0,Bacteria
XGBoost,warning_ammonia_toxicity,BAC_F::Nitrosomonadaceae,0.0,Bacteria
XGBoost,warning_ammonia_toxicity,BAC_F::Nitrospiraceae,0.0,Bacteria
XGBoost,warning_ammonia_toxicity,BAC_F::OLB14,0.0,Bacteria
XGBoost,warning_ammonia_toxicity,BAC_F::OPB41,0.0,Bacteria
XGBoost,warning_ammonia_toxicity,BAC_F::Obscuribacteraceae,0.0,Bacteria
XGBoost,warning_ammonia_toxicity,BAC_F::Oligosphaeraceae,0.0,Bacteria
XGBoost,warning_ammonia_toxicity,BAC_F::Omnitrophaceae,0.0,Bacteria
XGBoost,warning_ammonia_toxicity,BAC_F::Oscillospiraceae,0.0,Bacteria
XGBoost,warning_ammonia_toxicity,BAC_F::Oxalobacteraceae,0.0,Bacteria
XGBoost,warning_ammonia_toxicity,BAC_F::PB19,0.0,Bacteria
XGBoost,warning_ammonia_toxicity,BAC_F::PBS-18,0.0,Bacteria
XGBoost,warning_ammonia_toxicity,BAC_F::PHOS-HE36,0.0,Bacteria
XGBoost,warning_ammonia_toxicity,BAC_F::PLTA13,0.0,Bacteria
XGBoost,warning_ammonia_toxicity,BAC_F::Paludibacteraceae,0.014825720340013504,Bacteria
XGBoost,warning_ammonia_toxicity,BAC_F::PeH15,0.0,Bacteria
XGBoost,warning_ammonia_toxicity,BAC_F::PeM15,0.0,Bacteria
XGBoost,warning_ammonia_toxicity,BAC_F::Pedosphaeraceae,0.0,Bacteria
XGBoost,warning_ammonia_toxicity,BAC_F::Peptococcaceae,0.0,Bacteria
XGBoost,warning_ammonia_toxicity,BAC_F::Peptostreptococcaceae,0.0,Bacteria
XGBoost,warning_ammonia_toxicity,BAC_F::Peptostreptococcales-Tissierellales,0.13401858508586884,Bacteria
XGBoost,warning_ammonia_toxicity,BAC_F::Petrotogaceae,0.02580755390226841,Bacteria
XGBoost,warning_ammonia_toxicity,BAC_F::Phycisphaeraceae,0.0,Bacteria
XGBoost,warning_ammonia_toxicity,BAC_F::Pirellulaceae,0.0,Bacteria
XGBoost,warning_ammonia_toxicity,BAC_F::Pla3_lineage,0.0,Bacteria
XGBoost,warning_ammonia_toxicity,BAC_F::Planococcaceae,0.0,Bacteria
XGBoost,warning_ammonia_toxicity,BAC_F::Porticoccaceae,0.0,Bacteria
XGBoost,warning_ammonia_toxicity,BAC_F::Prevotellaceae,0.0,Bacteria
XGBoost,warning_ammonia_toxicity,BAC_F::Prolixibacteraceae,0.0,Bacteria
XGBoost,warning_ammonia_toxicity,BAC_F::Propionibacteriaceae,0.0,Bacteria
XGBoost,warning_ammonia_toxicity,BAC_F::Proteiniboraceae,0.0,Bacteria
XGBoost,warning_ammonia_toxicity,BAC_F::Pseudomonadaceae,0.0,Bacteria
XGBoost,warning_ammonia_toxicity,BAC_F::RBG-13-54-9,0.0,Bacteria
XGBoost,warning_ammonia_toxicity,BAC_F::RBG-16-55-12,0.0,Bacteria
XGBoost,warning_ammonia_toxicity,BAC_F::Reyranellaceae,0.0,Bacteria
XGBoost,warning_ammonia_toxicity,BAC_F::Rhizobiaceae,0.0,Bacteria
XGBoost,warning_ammonia_toxicity,BAC_F::Rhizobiales_Incertae_Sedis,0.0,Bacteria
XGBoost,warning_ammonia_toxicity,BAC_F::Rhodanobacteraceae,0.0,Bacteria
XGBoost,warning_ammonia_toxicity,BAC_F::Rhodobacteraceae,0.045882150530815125,Bacteria
XGBoost,warning_ammonia_toxicity,BAC_F::Rhodocyclaceae,0.0,Bacteria
XGBoost,warning_ammonia_toxicity,BAC_F::Rickettsiaceae,0.0,Bacteria
XGBoost,warning_ammonia_toxicity,BAC_F::Rikenellaceae,0.0,Bacteria
XGBoost,warning_ammonia_toxicity,BAC_F::Rubinisphaeraceae,0.0,Bacteria
XGBoost,warning_ammonia_toxicity,BAC_F::Ruminococcaceae,0.021268382668495178,Bacteria
XGBoost,warning_ammonia_toxicity,BAC_F::Run-SP154,0.0,Bacteria
XGBoost,warning_ammonia_toxicity,BAC_F::S15A-MN91,0.0,Bacteria
XGBoost,warning_ammonia_toxicity,BAC_F::SB-5,0.0,Bacteria
XGBoost,warning_ammonia_toxicity,BAC_F::SBR1031,0.0,Bacteria
XGBoost,warning_ammonia_toxicity,BAC_F::SC-I-84,0.0,Bacteria
XGBoost,warning_ammonia_toxicity,BAC_F::SHA-41,0.0,Bacteria
XGBoost,warning_ammonia_toxicity,BAC_F::SJA-15,0.0,Bacteria
XGBoost,warning_ammonia_toxicity,BAC_F::SJA-28,0.0,Bacteria
XGBoost,warning_ammonia_toxicity,BAC_F::SM1A07,0.0,Bacteria
XGBoost,warning_ammonia_toxicity,BAC_F::SRB2,0.018314968794584274,Bacteria
XGBoost,warning_ammonia_toxicity,BAC_F::ST-12K33,0.0,Bacteria
XGBoost,warning_ammonia_toxicity,BAC_F::Saccharimonadaceae,0.0,Bacteria
XGBoost,warning_ammonia_toxicity,BAC_F::Saccharimonadales,0.0,Bacteria
XGBoost,warning_ammonia_toxicity,BAC_F::Saprospiraceae,0.0,Bacteria
XGBoost,warning_ammonia_toxicity,BAC_F::Schlesneriaceae,0.0,Bacteria
XGBoost,warning_ammonia_toxicity,BAC_F::Sedimentibacteraceae,0.0,Bacteria
XGBoost,warning_ammonia_toxicity,BAC_F::Selenomonadaceae,0.0,Bacteria
XGBoost,warning_ammonia_toxicity,BAC_F::Smithellaceae,0.0,Bacteria
XGBoost,warning_ammonia_toxicity,BAC_F::Solibacteraceae,0.0,Bacteria
XGBoost,warning_ammonia_toxicity,BAC_F::Sphingobacteriaceae,0.0,Bacteria
XGBoost,warning_ammonia_toxicity,BAC_F::Sphingomonadaceae,0.0,Bacteria
XGBoost,warning_ammonia_toxicity,BAC_F::Spirochaetaceae,0.0,Bacteria
XGBoost,warning_ammonia_toxicity,BAC_F::Spongiibacteraceae,0.0,Bacteria
XGBoost,warning_ammonia_toxicity,BAC_F::Sporichthyaceae,0.0,Bacteria
XGBoost,warning_ammonia_toxicity,BAC_F::Sporomusaceae,0.0,Bacteria
XGBoost,warning_ammonia_toxicity,BAC_F::Steroidobacteraceae,0.0,Bacteria
XGBoost,warning_ammonia_toxicity,BAC_F::Streptococcaceae,0.0,Bacteria
XGBoost,warning_ammonia_toxicity,BAC_F::Sumerlaeaceae,0.0,Bacteria
XGBoost,warning_ammonia_toxicity,BAC_F::Sutterellaceae,0.0,Bacteria
XGBoost,warning_ammonia_toxicity,BAC_F::Sva0485,0.0,Bacteria
XGBoost,warning_ammonia_toxicity,BAC_F::Symbiobacteraceae,0.0,Bacteria
XGBoost,warning_ammonia_toxicity,BAC_F::Synergistaceae,0.0,Bacteria
XGBoost,warning_ammonia_toxicity,BAC_F::Syntrophaceae,0.0,Bacteria
XGBoost,warning_ammonia_toxicity,BAC_F::Syntrophobacteraceae,0.0,Bacteria
XGBoost,warning_ammonia_toxicity,BAC_F::Syntrophobotulaceae,0.0,Bacteria
XGBoost,warning_ammonia_toxicity,BAC_F::Syntrophomonadaceae,0.027454212307929993,Bacteria
XGBoost,warning_ammonia_toxicity,BAC_F::Syntrophorhabdaceae,0.0,Bacteria
XGBoost,warning_ammonia_toxicity,BAC_F::Syntrophotaleaceae,0.0,Bacteria
XGBoost,warning_ammonia_toxicity,BAC_F::TA06,0.0,Bacteria
XGBoost,warning_ammonia_toxicity,BAC_F::TTA-B1,0.0,Bacteria
XGBoost,warning_ammonia_toxicity,BAC_F::Tannerellaceae,0.0,Bacteria
XGBoost,warning_ammonia_toxicity,BAC_F::Thermaceae,0.0,Bacteria
XGBoost,warning_ammonia_toxicity,BAC_F::Thermacetogeniaceae,0.04278336465358734,Bacteria
XGBoost,warning_ammonia_toxicity,BAC_F::Thermoanaerobaculaceae,0.0,Bacteria
XGBoost,warning_ammonia_toxicity,BAC_F::Thermotaleaceae,0.0,Bacteria
XGBoost,warning_ammonia_toxicity,BAC_F::Thermovenabulales,0.0,Bacteria
XGBoost,warning_ammonia_toxicity,BAC_F::Thioalkalispiraceae,0.0,Bacteria
XGBoost,warning_ammonia_toxicity,BAC_F::Trueperaceae,0.0,Bacteria
XGBoost,warning_ammonia_toxicity,BAC_F::UCG-010,0.03179136663675308,Bacteria
XGBoost,warning_ammonia_toxicity,BAC_F::Veillonellaceae,0.0,Bacteria
XGBoost,warning_ammonia_toxicity,BAC_F::Vermiphilaceae,0.0,Bacteria
XGBoost,warning_ammonia_toxicity,BAC_F::Verrucomicrobiaceae,0.0,Bacteria
XGBoost,warning_ammonia_toxicity,BAC_F::Vibrionaceae,0.0,Bacteria
XGBoost,warning_ammonia_toxicity,BAC_F::W27,0.023731915280222893,Bacteria
XGBoost,warning_ammonia_toxicity,BAC_F::WCHB1-02,0.0,Bacteria
XGBoost,warning_ammonia_toxicity,BAC_F::WCHB1-41,0.0,Bacteria
XGBoost,warning_ammonia_toxicity,BAC_F::WCHB1-81,0.0,Bacteria
XGBoost,warning_ammonia_toxicity,BAC_F::WPS-2,0.0,Bacteria
XGBoost,warning_ammonia_toxicity,BAC_F::WS1,0.0,Bacteria
XGBoost,warning_ammonia_toxicity,BAC_F::WWE3,0.0,Bacteria
XGBoost,warning_ammonia_toxicity,BAC_F::Weeksellaceae,0.0,Bacteria
XGBoost,warning_ammonia_toxicity,BAC_F::Williamwhitmaniaceae,0.0,Bacteria
XGBoost,warning_ammonia_toxicity,BAC_F::Wohlfahrtiimonadaceae,0.0,Bacteria
XGBoost,warning_ammonia_toxicity,BAC_F::Xanthobacteraceae,0.0,Bacteria
XGBoost,warning_ammonia_toxicity,BAC_F::Xanthomonadaceae,0.0,Bacteria
XGBoost,warning_ammonia_toxicity,BAC_F::Yersiniaceae,0.0,Bacteria
XGBoost,warning_ammonia_toxicity,BAC_F::Z4MB62,0.0,Bacteria
XGBoost,warning_ammonia_toxicity,BAC_F::Zixibacteria,0.0,Bacteria
XGBoost,warning_ammonia_toxicity,BAC_F::c5LKS83,0.0,Bacteria
XGBoost,warning_ammonia_toxicity,BAC_F::cvE6,0.0,Bacteria
XGBoost,warning_ammonia_toxicity,BAC_F::env.OPS_17,0.0,Bacteria
XGBoost,warning_ammonia_toxicity,BAC_F::p-251-o5,0.0,Bacteria
XGBoost,warning_ammonia_toxicity,BAC_F::unidentified,0.01857091672718525,Bacteria
XGBoost,warning_ammonia_toxicity,ARC_F::Aenigmarchaeales,0.0,Archaea
XGBoost,warning_ammonia_toxicity,ARC_F::Bathyarchaeia,0.0,Archaea
XGBoost,warning_ammonia_toxicity,ARC_F::Lokiarchaeia,0.0,Archaea
XGBoost,warning_ammonia_toxicity,ARC_F::Methanocorpusculaceae,0.0,Archaea
XGBoost,warning_ammonia_toxicity,ARC_F::Methanofastidiosaceae,0.05467705428600311,Archaea
XGBoost,warning_ammonia_toxicity,ARC_F::Methanomassiliicoccaceae,0.0,Archaea
XGBoost,warning_ammonia_toxicity,ARC_F::Methanomethyliaceae,0.0,Archaea
XGBoost,warning_ammonia_toxicity,ARC_F::Methanomethylophilaceae,0.0,Archaea
XGBoost,warning_ammonia_toxicity,ARC_F::Methanomicrobiaceae,0.0,Archaea
XGBoost,warning_ammonia_toxicity,ARC_F::Methanomicrobiales,0.0,Archaea
XGBoost,warning_ammonia_toxicity,ARC_F::Methanoregulaceae,0.0,Archaea
XGBoost,warning_ammonia_toxicity,ARC_F::Methanosaetaceae,0.0,Archaea
XGBoost,warning_ammonia_toxicity,ARC_F::Methanosarcinaceae,0.02296709269285202,Archaea
XGBoost,warning_ammonia_toxicity,ARC_F::Methanospirillaceae,0.0,Archaea
XGBoost,warning_ammonia_toxicity,ARC_F::Micrarchaeales,0.0,Archaea
XGBoost,warning_ammonia_toxicity,ARC_F::Nitrososphaeraceae,0.0,Archaea
XGBoost,warning_ammonia_toxicity,ARC_F::Rhinosporideacae,0.0,Archaea
XGBoost,warning_ammonia_toxicity,ARC_F::SCGC_AAA011-D5,0.0,Archaea
XGBoost,warning_ammonia_toxicity,ARC_F::Teleostei,0.0,Archaea
XGBoost,warning_ammonia_toxicity,ARC_F::Veneroida,0.0,Archaea
XGBoost,warning_ammonia_toxicity,ARC_F::Woesearchaeales,0.0,Archaea
XGBoost,warning_ammonia_toxicity,ARC_F::unidentified,0.0,Archaea
XGBoost,warning_biogas_quality,BAC_F::009E01-B-SD-P15,0.0,Bacteria
XGBoost,warning_biogas_quality,BAC_F::0319-6G20,0.0,Bacteria
XGBoost,warning_biogas_quality,BAC_F::053A03-B-DI-P58,0.0,Bacteria
XGBoost,warning_biogas_quality,BAC_F::1-20,0.0,Bacteria
XGBoost,warning_biogas_quality,BAC_F::113B434,0.0,Bacteria
XGBoost,warning_biogas_quality,BAC_F::37-13,0.0,Bacteria
XGBoost,warning_biogas_quality,BAC_F::4572-13,0.0,Bacteria
XGBoost,warning_biogas_quality,BAC_F::67-14,0.0,Bacteria
XGBoost,warning_biogas_quality,BAC_F::A0839,0.0,Bacteria
XGBoost,warning_biogas_quality,BAC_F::A21b,0.0,Bacteria
XGBoost,warning_biogas_quality,BAC_F::AKYH767,0.0,Bacteria
XGBoost,warning_biogas_quality,BAC_F::Absconditabacteriales_(SR1),0.0,Bacteria
XGBoost,warning_biogas_quality,BAC_F::Acetobacteraceae,0.0,Bacteria
XGBoost,warning_biogas_quality,BAC_F::Acetothermiia,0.0,Bacteria
XGBoost,warning_biogas_quality,BAC_F::Acholeplasmataceae,0.0,Bacteria
XGBoost,warning_biogas_quality,BAC_F::Acidaminococcaceae,0.0,Bacteria
XGBoost,warning_biogas_quality,BAC_F::Acidobacteriae,0.0,Bacteria
XGBoost,warning_biogas_quality,BAC_F::Actinomycetaceae,0.0,Bacteria
XGBoost,warning_biogas_quality,BAC_F::Aerococcaceae,0.0,Bacteria
XGBoost,warning_biogas_quality,BAC_F::Aeromonadaceae,0.0,Bacteria
XGBoost,warning_biogas_quality,BAC_F::Alcaligenaceae,0.046160902827978134,Bacteria
XGBoost,warning_biogas_quality,BAC_F::Aminicenantales,0.0,Bacteria
XGBoost,warning_biogas_quality,BAC_F::Anaerofustaceae,0.0,Bacteria
XGBoost,warning_biogas_quality,BAC_F::Anaerolineaceae,0.0,Bacteria
XGBoost,warning_biogas_quality,BAC_F::Anaeromyxobacteraceae,0.0,Bacteria
XGBoost,warning_biogas_quality,BAC_F::Anaerovoracaceae,0.0,Bacteria
XGBoost,warning_biogas_quality,BAC_F::Aquaspirillaceae,0.0,Bacteria
XGBoost,warning_biogas_quality,BAC_F::Arcobacteraceae,0.0,Bacteria
XGBoost,warning_biogas_quality,BAC_F::Ardenticatenaceae,0.0,Bacteria
XGBoost,warning_biogas_quality,BAC_F::Arenicellaceae,0.0,Bacteria
XGBoost,warning_biogas_quality,BAC_F::Atopobiaceae,0.10834529250860214,Bacteria
XGBoost,warning_biogas_quality,BAC_F::B1-7BS,0.0,Bacteria
XGBoost,warning_biogas_quality,BAC_F::B55-F-B-G02,0.0,Bacteria
XGBoost,warning_biogas_quality,BAC_F::BRH-c20a,0.0,Bacteria
XGBoost,warning_biogas_quality,BAC_F::Babeliales,0.0,Bacteria
XGBoost,warning_biogas_quality,BAC_F::Bacillaceae,0.0,Bacteria
XGBoost,warning_biogas_quality,BAC_F::Bacteriovoracaceae,0.0,Bacteria
XGBoost,warning_biogas_quality,BAC_F::Bacteroidaceae,0.0,Bacteria
XGBoost,warning_biogas_quality,BAC_F::Bacteroidales_UCG-001,0.0,Bacteria
XGBoost,warning_biogas_quality,BAC_F::Bacteroidetes_BD2-2,0.0,Bacteria
XGBoost,warning_biogas_quality,BAC_F::Bacteroidetes_VC2.1_Bac22,0.0,Bacteria
XGBoost,warning_biogas_quality,BAC_F::Bacteroidetes_vadinHA17,0.0,Bacteria
XGBoost,warning_biogas_quality,BAC_F::Bdellovibrionaceae,0.0,Bacteria
XGBoost,warning_biogas_quality,BAC_F::Beijerinckiaceae,0.0,Bacteria
XGBoost,warning_biogas_quality,BAC_F::Bifidobacteriaceae,0.020763499662280083,Bacteria
XGBoost,warning_biogas_quality,BAC_F::Blastocatellaceae,0.0,Bacteria
XGBoost,warning_biogas_quality,BAC_F::Bogoriellaceae,0.0,Bacteria
XGBoost,warning_biogas_quality,BAC_F::Brachyspirales_Incertae_Sedis,0.0,Bacteria
XGBoost,warning_biogas_quality,BAC_F::Bradymonadales,0.0,Bacteria
XGBoost,warning_biogas_quality,BAC_F::Bryobacteraceae,0.0,Bacteria
XGBoost,warning_biogas_quality,BAC_F::Burkholderiaceae,0.0,Bacteria
XGBoost,warning_biogas_quality,BAC_F::Butyricicoccaceae,0.0,Bacteria
XGBoost,warning_biogas_quality,BAC_F::C10-SB1A,0.0,Bacteria
XGBoost,warning_biogas_quality,BAC_F::CCM19a,0.0,Bacteria
XGBoost,warning_biogas_quality,BAC_F::CK-2C2-2,0.0,Bacteria
XGBoost,warning_biogas_quality,BAC_F::Caldatribacteriaceae,0.0,Bacteria
XGBoost,warning_biogas_quality,BAC_F::Caldicoprobacteraceae,0.0,Bacteria
XGBoost,warning_biogas_quality,BAC_F::Caldilineaceae,0.0,Bacteria
XGBoost,warning_biogas_quality,BAC_F::Caldisericaceae,0.0,Bacteria
XGBoost,warning_biogas_quality,BAC_F::Caloramatoraceae,0.0,Bacteria
XGBoost,warning_biogas_quality,BAC_F::Candidatus_Falkowbacteria,0.0,Bacteria
XGBoost,warning_biogas_quality,BAC_F::Candidatus_Peregrinibacteria,0.0,Bacteria
XGBoost,warning_biogas_quality,BAC_F::Candidatus_Shapirobacteria,0.0,Bacteria
XGBoost,warning_biogas_quality,BAC_F::Carnobacteriaceae,0.0,Bacteria
XGBoost,warning_biogas_quality,BAC_F::Caulobacteraceae,0.0,Bacteria
XGBoost,warning_biogas_quality,BAC_F::Chitinimonadaceae,0.0,Bacteria
XGBoost,warning_biogas_quality,BAC_F::Chitinophagaceae,0.0,Bacteria
XGBoost,warning_biogas_quality,BAC_F::Christensenellaceae,0.0,Bacteria
XGBoost,warning_biogas_quality,BAC_F::Chromobacteriaceae,0.0,Bacteria
XGBoost,warning_biogas_quality,BAC_F::Chthoniobacteraceae,0.0,Bacteria
XGBoost,warning_biogas_quality,BAC_F::Chthonomonadales,0.0,Bacteria
XGBoost,warning_biogas_quality,BAC_F::Cloacimonadaceae,0.0,Bacteria
XGBoost,warning_biogas_quality,BAC_F::Cloacimonadales,0.0,Bacteria
XGBoost,warning_biogas_quality,BAC_F::Clostridia_UCG-014,0.0,Bacteria
XGBoost,warning_biogas_quality,BAC_F::Clostridiaceae,0.0,Bacteria
XGBoost,warning_biogas_quality,BAC_F::Comamonadaceae,0.0,Bacteria
XGBoost,warning_biogas_quality,BAC_F::Competibacteraceae,0.0,Bacteria
XGBoost,warning_biogas_quality,BAC_F::Coprothermobacteraceae,0.0,Bacteria
XGBoost,warning_biogas_quality,BAC_F::Coriobacteriales_Incertae_Sedis,0.0,Bacteria
XGBoost,warning_biogas_quality,BAC_F::Corynebacteriaceae,0.0,Bacteria
XGBoost,warning_biogas_quality,BAC_F::Crocinitomicaceae,0.0,Bacteria
XGBoost,warning_biogas_quality,BAC_F::D8A-2,0.0,Bacteria
XGBoost,warning_biogas_quality,BAC_F::DEV007,0.0,Bacteria
XGBoost,warning_biogas_quality,BAC_F::DS-100,0.0,Bacteria
XGBoost,warning_biogas_quality,BAC_F::DTU014,0.0,Bacteria
XGBoost,warning_biogas_quality,BAC_F::Defluviicoccaceae,0.0,Bacteria
XGBoost,warning_biogas_quality,BAC_F::Defluviitaleaceae,0.0,Bacteria
XGBoost,warning_biogas_quality,BAC_F::Dermatophilaceae,0.0,Bacteria
XGBoost,warning_biogas_quality,BAC_F::Desulfitibacteraceae,0.0,Bacteria
XGBoost,warning_biogas_quality,BAC_F::Desulfobulbaceae,0.0,Bacteria
XGBoost,warning_biogas_quality,BAC_F::Desulfomicrobiaceae,0.0,Bacteria
XGBoost,warning_biogas_quality,BAC_F::Desulfotomaculales,0.0,Bacteria
XGBoost,warning_biogas_quality,BAC_F::Desulfovibrionaceae,0.0,Bacteria
XGBoost,warning_biogas_quality,BAC_F::Dethiobacteraceae,0.0,Bacteria
XGBoost,warning_biogas_quality,BAC_F::Devosiaceae,0.0,Bacteria
XGBoost,warning_biogas_quality,BAC_F::Dietziaceae,0.0,Bacteria
XGBoost,warning_biogas_quality,BAC_F::Diplorickettsiaceae,0.0,Bacteria
XGBoost,warning_biogas_quality,BAC_F::Dongiaceae,0.0,Bacteria
XGBoost,warning_biogas_quality,BAC_F::Dysgonomonadaceae,0.022431770339608192,Bacteria
XGBoost,warning_biogas_quality,BAC_F::Eggerthellaceae,0.0,Bacteria
XGBoost,warning_biogas_quality,BAC_F::Elsteraceae,0.0,Bacteria
XGBoost,warning_biogas_quality,BAC_F::Endomicrobiaceae,0.0,Bacteria
XGBoost,warning_biogas_quality,BAC_F::Enterobacteriaceae,0.02871754951775074,Bacteria
XGBoost,warning_biogas_quality,BAC_F::Enterococcaceae,0.0,Bacteria
XGBoost,warning_biogas_quality,BAC_F::Erwiniaceae,0.061523351818323135,Bacteria
XGBoost,warning_biogas_quality,BAC_F::Erysipelatoclostridiaceae,0.0,Bacteria
XGBoost,warning_biogas_quality,BAC_F::Erysipelotrichaceae,0.0,Bacteria
XGBoost,warning_biogas_quality,BAC_F::Eubacteriaceae,0.13114133477210999,Bacteria
XGBoost,warning_biogas_quality,BAC_F::F082,0.0,Bacteria
XGBoost,warning_biogas_quality,BAC_F::FTLpost3,0.0,Bacteria
XGBoost,warning_biogas_quality,BAC_F::Fermentibacteraceae,0.0,Bacteria
XGBoost,warning_biogas_quality,BAC_F::Fervidobacteriaceae,0.0,Bacteria
XGBoost,warning_biogas_quality,BAC_F::Fibrobacteraceae,0.0,Bacteria
XGBoost,warning_biogas_quality,BAC_F::Fibrobacterales,0.0,Bacteria
XGBoost,warning_biogas_quality,BAC_F::Fimbriimonadaceae,0.0,Bacteria
XGBoost,warning_biogas_quality,BAC_F::Flavobacteriaceae,0.0,Bacteria
XGBoost,warning_biogas_quality,BAC_F::Fusibacteraceae,0.0,Bacteria
XGBoost,warning_biogas_quality,BAC_F::Fusobacteriaceae,0.0,Bacteria
XGBoost,warning_biogas_quality,BAC_F::GZKB124,0.0,Bacteria
XGBoost,warning_biogas_quality,BAC_F::GZKB75,0.0,Bacteria
XGBoost,warning_biogas_quality,BAC_F::Gallionellaceae,0.0,Bacteria
XGBoost,warning_biogas_quality,BAC_F::Garciellaceae,0.0,Bacteria
XGBoost,warning_biogas_quality,BAC_F::Gemmataceae,0.0,Bacteria
XGBoost,warning_biogas_quality,BAC_F::Gemmatimonadaceae,0.0,Bacteria
XGBoost,warning_biogas_quality,BAC_F::Geobacteraceae,0.0,Bacteria
XGBoost,warning_biogas_quality,BAC_F::Gracilibacteraceae,0.023469384759664536,Bacteria
XGBoost,warning_biogas_quality,BAC_F::HOC36,0.0,Bacteria
XGBoost,warning_biogas_quality,BAC_F::Hahellaceae,0.0,Bacteria
XGBoost,warning_biogas_quality,BAC_F::Halanaerobiaceae,0.0,Bacteria
XGBoost,warning_biogas_quality,BAC_F::Haliangiaceae,0.0,Bacteria
XGBoost,warning_biogas_quality,BAC_F::Halomonadaceae,0.0,Bacteria
XGBoost,warning_biogas_quality,BAC_F::Holophagaceae,0.0,Bacteria
XGBoost,warning_biogas_quality,BAC_F::Hungateiclostridiaceae,0.0,Bacteria
XGBoost,warning_biogas_quality,BAC_F::Hydrogenedensaceae,0.0,Bacteria
XGBoost,warning_biogas_quality,BAC_F::Hydrogenophilaceae,0.0,Bacteria
XGBoost,warning_biogas_quality,BAC_F::Hydrothermae,0.0,Bacteria
XGBoost,warning_biogas_quality,BAC_F::Hyphomicrobiaceae,0.0,Bacteria
XGBoost,warning_biogas_quality,BAC_F::Hyphomonadaceae,0.0,Bacteria
XGBoost,warning_biogas_quality,BAC_F::IMCC26256,0.0,Bacteria
XGBoost,warning_biogas_quality,BAC_F::Iamiaceae,0.0,Bacteria
XGBoost,warning_biogas_quality,BAC_F::Ignavibacteriaceae,0.0,Bacteria
XGBoost,warning_biogas_quality,BAC_F::Ilumatobacteraceae,0.0,Bacteria
XGBoost,warning_biogas_quality,BAC_F::Incertae_Sedis,0.0,Bacteria
XGBoost,warning_biogas_quality,BAC_F::Intrasporangiaceae,0.0,Bacteria
XGBoost,warning_biogas_quality,BAC_F::Isosphaeraceae,0.0,Bacteria
XGBoost,warning_biogas_quality,BAC_F::Izemoplasmataceae,0.0,Bacteria
XGBoost,warning_biogas_quality,BAC_F::Izemoplasmatales,0.0,Bacteria
XGBoost,warning_biogas_quality,BAC_F::JG36-GS-52,0.0,Bacteria
XGBoost,warning_biogas_quality,BAC_F::JS1,0.0,Bacteria
XGBoost,warning_biogas_quality,BAC_F::KCLunmb-38-53,0.0,Bacteria
XGBoost,warning_biogas_quality,BAC_F::Kapabacteriales,0.0,Bacteria
XGBoost,warning_biogas_quality,BAC_F::Kosmotogaceae,0.0,Bacteria
XGBoost,warning_biogas_quality,BAC_F::LD1-PA32,0.0,Bacteria
XGBoost,warning_biogas_quality,BAC_F::LD1-PB3,0.0,Bacteria
XGBoost,warning_biogas_quality,BAC_F::LF045,0.0,Bacteria
XGBoost,warning_biogas_quality,BAC_F::LWQ8,0.0,Bacteria
XGBoost,warning_biogas_quality,BAC_F::Lachnospiraceae,0.0,Bacteria
XGBoost,warning_biogas_quality,BAC_F::Lactobacillaceae,0.04831462725996971,Bacteria
XGBoost,warning_biogas_quality,BAC_F::Leeiaceae,0.0,Bacteria
XGBoost,warning_biogas_quality,BAC_F::Lentimicrobiaceae,0.0,Bacteria
XGBoost,warning_biogas_quality,BAC_F::Leptospiraceae,0.0,Bacteria
XGBoost,warning_biogas_quality,BAC_F::Leptotrichiaceae,0.0,Bacteria
XGBoost,warning_biogas_quality,BAC_F::Leuconostocaceae,0.0,Bacteria
XGBoost,warning_biogas_quality,BAC_F::LiUU-11-161,0.0,Bacteria
XGBoost,warning_biogas_quality,BAC_F::Limnochordaceae,0.0,Bacteria
XGBoost,warning_biogas_quality,BAC_F::Limnochordia,0.0,Bacteria
XGBoost,warning_biogas_quality,BAC_F::M55-D21,0.0,Bacteria
XGBoost,warning_biogas_quality,BAC_F::MAT-CR-H4-C10,0.0,Bacteria
XGBoost,warning_biogas_quality,BAC_F::MBA03,0.0,Bacteria
XGBoost,warning_biogas_quality,BAC_F::MVP-15,0.0,Bacteria
XGBoost,warning_biogas_quality,BAC_F::Marinifilaceae,0.0,Bacteria
XGBoost,warning_biogas_quality,BAC_F::Marinilabiliaceae,0.0,Bacteria
XGBoost,warning_biogas_quality,BAC_F::Marinimicrobia_(SAR406_clade),0.0,Bacteria
XGBoost,warning_biogas_quality,BAC_F::Methylococcaceae,0.0,Bacteria
XGBoost,warning_biogas_quality,BAC_F::Methylomonadaceae,0.0,Bacteria
XGBoost,warning_biogas_quality,BAC_F::Methylophilaceae,0.0,Bacteria
XGBoost,warning_biogas_quality,BAC_F::MgMjR-022,0.0,Bacteria
XGBoost,warning_biogas_quality,BAC_F::Microbacteriaceae,0.0,Bacteria
XGBoost,warning_biogas_quality,BAC_F::Micrococcaceae,0.0,Bacteria
XGBoost,warning_biogas_quality,BAC_F::Microscillaceae,0.0,Bacteria
XGBoost,warning_biogas_quality,BAC_F::Microtrichaceae,0.0,Bacteria
XGBoost,warning_biogas_quality,BAC_F::Monoglobaceae,0.0,Bacteria
XGBoost,warning_biogas_quality,BAC_F::Moorellaceae,0.0,Bacteria
XGBoost,warning_biogas_quality,BAC_F::Moraxellaceae,0.0,Bacteria
XGBoost,warning_biogas_quality,BAC_F::Morganellaceae,0.0,Bacteria
XGBoost,warning_biogas_quality,BAC_F::Mycobacteriaceae,0.0,Bacteria
XGBoost,warning_biogas_quality,BAC_F::NK-L14,0.0,Bacteria
XGBoost,warning_biogas_quality,BAC_F::NKB15,0.0,Bacteria
XGBoost,warning_biogas_quality,BAC_F::Nannocystaceae,0.0,Bacteria
XGBoost,warning_biogas_quality,BAC_F::Neisseriaceae,0.0,Bacteria
XGBoost,warning_biogas_quality,BAC_F::Nitrosococcaceae,0.0,Bacteria
XGBoost,warning_biogas_quality,BAC_F::Nitrosomonadaceae,0.0,Bacteria
XGBoost,warning_biogas_quality,BAC_F::Nitrospiraceae,0.0,Bacteria
XGBoost,warning_biogas_quality,BAC_F::OLB14,0.0,Bacteria
XGBoost,warning_biogas_quality,BAC_F::OPB41,0.0,Bacteria
XGBoost,warning_biogas_quality,BAC_F::Obscuribacteraceae,0.0,Bacteria
XGBoost,warning_biogas_quality,BAC_F::Oligosphaeraceae,0.0,Bacteria
XGBoost,warning_biogas_quality,BAC_F::Omnitrophaceae,0.0,Bacteria
XGBoost,warning_biogas_quality,BAC_F::Oscillospiraceae,0.0,Bacteria
XGBoost,warning_biogas_quality,BAC_F::Oxalobacteraceae,0.0,Bacteria
XGBoost,warning_biogas_quality,BAC_F::PB19,0.0,Bacteria
XGBoost,warning_biogas_quality,BAC_F::PBS-18,0.0,Bacteria
XGBoost,warning_biogas_quality,BAC_F::PHOS-HE36,0.0,Bacteria
XGBoost,warning_biogas_quality,BAC_F::PLTA13,0.0,Bacteria
XGBoost,warning_biogas_quality,BAC_F::Paludibacteraceae,0.0,Bacteria
XGBoost,warning_biogas_quality,BAC_F::PeH15,0.0,Bacteria
XGBoost,warning_biogas_quality,BAC_F::PeM15,0.0,Bacteria
XGBoost,warning_biogas_quality,BAC_F::Pedosphaeraceae,0.0,Bacteria
XGBoost,warning_biogas_quality,BAC_F::Peptococcaceae,0.0,Bacteria
XGBoost,warning_biogas_quality,BAC_F::Peptostreptococcaceae,0.10767954587936401,Bacteria
XGBoost,warning_biogas_quality,BAC_F::Peptostreptococcales-Tissierellales,0.0,Bacteria
XGBoost,warning_biogas_quality,BAC_F::Petrotogaceae,0.0,Bacteria
XGBoost,warning_biogas_quality,BAC_F::Phycisphaeraceae,0.0,Bacteria
XGBoost,warning_biogas_quality,BAC_F::Pirellulaceae,0.0,Bacteria
XGBoost,warning_biogas_quality,BAC_F::Pla3_lineage,0.0,Bacteria
XGBoost,warning_biogas_quality,BAC_F::Planococcaceae,0.0,Bacteria
XGBoost,warning_biogas_quality,BAC_F::Porticoccaceae,0.0,Bacteria
XGBoost,warning_biogas_quality,BAC_F::Prevotellaceae,0.0,Bacteria
XGBoost,warning_biogas_quality,BAC_F::Prolixibacteraceae,0.0,Bacteria
XGBoost,warning_biogas_quality,BAC_F::Propionibacteriaceae,0.0,Bacteria
XGBoost,warning_biogas_quality,BAC_F::Proteiniboraceae,0.0,Bacteria
XGBoost,warning_biogas_quality,BAC_F::Pseudomonadaceae,0.08622712641954422,Bacteria
XGBoost,warning_biogas_quality,BAC_F::RBG-13-54-9,0.0,Bacteria
XGBoost,warning_biogas_quality,BAC_F::RBG-16-55-12,0.0,Bacteria
XGBoost,warning_biogas_quality,BAC_F::Reyranellaceae,0.0,Bacteria
XGBoost,warning_biogas_quality,BAC_F::Rhizobiaceae,0.0,Bacteria
XGBoost,warning_biogas_quality,BAC_F::Rhizobiales_Incertae_Sedis,0.0,Bacteria
XGBoost,warning_biogas_quality,BAC_F::Rhodanobacteraceae,0.0,Bacteria
XGBoost,warning_biogas_quality,BAC_F::Rhodobacteraceae,0.0,Bacteria
XGBoost,warning_biogas_quality,BAC_F::Rhodocyclaceae,0.0,Bacteria
XGBoost,warning_biogas_quality,BAC_F::Rickettsiaceae,0.0,Bacteria
XGBoost,warning_biogas_quality,BAC_F::Rikenellaceae,0.0,Bacteria
XGBoost,warning_biogas_quality,BAC_F::Rubinisphaeraceae,0.0,Bacteria
XGBoost,warning_biogas_quality,BAC_F::Ruminococcaceae,0.02529105916619301,Bacteria
XGBoost,warning_biogas_quality,BAC_F::Run-SP154,0.0,Bacteria
XGBoost,warning_biogas_quality,BAC_F::S15A-MN91,0.0,Bacteria
XGBoost,warning_biogas_quality,BAC_F::SB-5,0.0,Bacteria
XGBoost,warning_biogas_quality,BAC_F::SBR1031,0.0,Bacteria
XGBoost,warning_biogas_quality,BAC_F::SC-I-84,0.0,Bacteria
XGBoost,warning_biogas_quality,BAC_F::SHA-41,0.0,Bacteria
XGBoost,warning_biogas_quality,BAC_F::SJA-15,0.0,Bacteria
XGBoost,warning_biogas_quality,BAC_F::SJA-28,0.0,Bacteria
XGBoost,warning_biogas_quality,BAC_F::SM1A07,0.0,Bacteria
XGBoost,warning_biogas_quality,BAC_F::SRB2,0.0,Bacteria
XGBoost,warning_biogas_quality,BAC_F::ST-12K33,0.0,Bacteria
XGBoost,warning_biogas_quality,BAC_F::Saccharimonadaceae,0.0,Bacteria
XGBoost,warning_biogas_quality,BAC_F::Saccharimonadales,0.0,Bacteria
XGBoost,warning_biogas_quality,BAC_F::Saprospiraceae,0.0,Bacteria
XGBoost,warning_biogas_quality,BAC_F::Schlesneriaceae,0.0,Bacteria
XGBoost,warning_biogas_quality,BAC_F::Sedimentibacteraceae,0.0,Bacteria
XGBoost,warning_biogas_quality,BAC_F::Selenomonadaceae,0.0,Bacteria
XGBoost,warning_biogas_quality,BAC_F::Smithellaceae,0.0,Bacteria
XGBoost,warning_biogas_quality,BAC_F::Solibacteraceae,0.0,Bacteria
XGBoost,warning_biogas_quality,BAC_F::Sphingobacteriaceae,0.0,Bacteria
XGBoost,warning_biogas_quality,BAC_F::Sphingomonadaceae,0.0,Bacteria
XGBoost,warning_biogas_quality,BAC_F::Spirochaetaceae,0.08076096326112747,Bacteria
XGBoost,warning_biogas_quality,BAC_F::Spongiibacteraceae,0.0,Bacteria
XGBoost,warning_biogas_quality,BAC_F::Sporichthyaceae,0.0,Bacteria
XGBoost,warning_biogas_quality,BAC_F::Sporomusaceae,0.0,Bacteria
XGBoost,warning_biogas_quality,BAC_F::Steroidobacteraceae,0.0,Bacteria
XGBoost,warning_biogas_quality,BAC_F::Streptococcaceae,0.0,Bacteria
XGBoost,warning_biogas_quality,BAC_F::Sumerlaeaceae,0.0,Bacteria
XGBoost,warning_biogas_quality,BAC_F::Sutterellaceae,0.0,Bacteria
XGBoost,warning_biogas_quality,BAC_F::Sva0485,0.0,Bacteria
XGBoost,warning_biogas_quality,BAC_F::Symbiobacteraceae,0.0,Bacteria
XGBoost,warning_biogas_quality,BAC_F::Synergistaceae,0.06154300644993782,Bacteria
XGBoost,warning_biogas_quality,BAC_F::Syntrophaceae,0.0,Bacteria
XGBoost,warning_biogas_quality,BAC_F::Syntrophobacteraceae,0.0,Bacteria
XGBoost,warning_biogas_quality,BAC_F::Syntrophobotulaceae,0.0,Bacteria
XGBoost,warning_biogas_quality,BAC_F::Syntrophomonadaceae,0.0,Bacteria
XGBoost,warning_biogas_quality,BAC_F::Syntrophorhabdaceae,0.0,Bacteria
XGBoost,warning_biogas_quality,BAC_F::Syntrophotaleaceae,0.0,Bacteria
XGBoost,warning_biogas_quality,BAC_F::TA06,0.0,Bacteria
XGBoost,warning_biogas_quality,BAC_F::TTA-B1,0.0,Bacteria
XGBoost,warning_biogas_quality,BAC_F::Tannerellaceae,0.0,Bacteria
XGBoost,warning_biogas_quality,BAC_F::Thermaceae,0.0,Bacteria
XGBoost,warning_biogas_quality,BAC_F::Thermacetogeniaceae,0.0,Bacteria
XGBoost,warning_biogas_quality,BAC_F::Thermoanaerobaculaceae,0.0,Bacteria
XGBoost,warning_biogas_quality,BAC_F::Thermotaleaceae,0.0,Bacteria
XGBoost,warning_biogas_quality,BAC_F::Thermovenabulales,0.0,Bacteria
XGBoost,warning_biogas_quality,BAC_F::Thioalkalispiraceae,0.0,Bacteria
XGBoost,warning_biogas_quality,BAC_F::Trueperaceae,0.0,Bacteria
XGBoost,warning_biogas_quality,BAC_F::UCG-010,0.0,Bacteria
XGBoost,warning_biogas_quality,BAC_F::Veillonellaceae,0.0,Bacteria
XGBoost,warning_biogas_quality,BAC_F::Vermiphilaceae,0.0,Bacteria
XGBoost,warning_biogas_quality,BAC_F::Verrucomicrobiaceae,0.0,Bacteria
XGBoost,warning_biogas_quality,BAC_F::Vibrionaceae,0.0,Bacteria
XGBoost,warning_biogas_quality,BAC_F::W27,0.0,Bacteria
XGBoost,warning_biogas_quality,BAC_F::WCHB1-02,0.0,Bacteria
XGBoost,warning_biogas_quality,BAC_F::WCHB1-41,0.0,Bacteria
XGBoost,warning_biogas_quality,BAC_F::WCHB1-81,0.0,Bacteria
XGBoost,warning_biogas_quality,BAC_F::WPS-2,0.0,Bacteria
XGBoost,warning_biogas_quality,BAC_F::WS1,0.0,Bacteria
XGBoost,warning_biogas_quality,BAC_F::WWE3,0.0,Bacteria
XGBoost,warning_biogas_quality,BAC_F::Weeksellaceae,0.0,Bacteria
XGBoost,warning_biogas_quality,BAC_F::Williamwhitmaniaceae,0.0,Bacteria
XGBoost,warning_biogas_quality,BAC_F::Wohlfahrtiimonadaceae,0.0,Bacteria
XGBoost,warning_biogas_quality,BAC_F::Xanthobacteraceae,0.0,Bacteria
XGBoost,warning_biogas_quality,BAC_F::Xanthomonadaceae,0.0,Bacteria
XGBoost,warning_biogas_quality,BAC_F::Yersiniaceae,0.0,Bacteria
XGBoost,warning_biogas_quality,BAC_F::Z4MB62,0.0,Bacteria
XGBoost,warning_biogas_quality,BAC_F::Zixibacteria,0.0,Bacteria
XGBoost,warning_biogas_quality,BAC_F::c5LKS83,0.0,Bacteria
XGBoost,warning_biogas_quality,BAC_F::cvE6,0.0,Bacteria
XGBoost,warning_biogas_quality,BAC_F::env.OPS_17,0.0,Bacteria
XGBoost,warning_biogas_quality,BAC_F::p-251-o5,0.0,Bacteria
XGBoost,warning_biogas_quality,BAC_F::unidentified,0.07066462188959122,Bacteria
XGBoost,warning_biogas_quality,ARC_F::Aenigmarchaeales,0.0,Archaea
XGBoost,warning_biogas_quality,ARC_F::Bathyarchaeia,0.0,Archaea
XGBoost,warning_biogas_quality,ARC_F::Lokiarchaeia,0.0,Archaea
XGBoost,warning_biogas_quality,ARC_F::Methanocorpusculaceae,0.02731744758784771,Archaea
XGBoost,warning_biogas_quality,ARC_F::Methanofastidiosaceae,0.0,Archaea
XGBoost,warning_biogas_quality,ARC_F::Methanomassiliicoccaceae,0.01445859670639038,Archaea
XGBoost,warning_biogas_quality,ARC_F::Methanomethyliaceae,0.0,Archaea
XGBoost,warning_biogas_quality,ARC_F::Methanomethylophilaceae,0.0,Archaea
XGBoost,warning_biogas_quality,ARC_F::Methanomicrobiaceae,0.0,Archaea
XGBoost,warning_biogas_quality,ARC_F::Methanomicrobiales,0.0,Archaea
XGBoost,warning_biogas_quality,ARC_F::Methanoregulaceae,0.0,Archaea
XGBoost,warning_biogas_quality,ARC_F::Methanosaetaceae,0.0,Archaea
XGBoost,warning_biogas_quality,ARC_F::Methanosarcinaceae,0.0,Archaea
XGBoost,warning_biogas_quality,ARC_F::Methanospirillaceae,0.03519001975655556,Archaea
XGBoost,warning_biogas_quality,ARC_F::Micrarchaeales,0.0,Archaea
XGBoost,warning_biogas_quality,ARC_F::Nitrososphaeraceae,0.0,Archaea
XGBoost,warning_biogas_quality,ARC_F::Rhinosporideacae,0.0,Archaea
XGBoost,warning_biogas_quality,ARC_F::SCGC_AAA011-D5,0.0,Archaea
XGBoost,warning_biogas_quality,ARC_F::Teleostei,0.0,Archaea
XGBoost,warning_biogas_quality,ARC_F::Veneroida,0.0,Archaea
XGBoost,warning_biogas_quality,ARC_F::Woesearchaeales,0.0,Archaea
XGBoost,warning_biogas_quality,ARC_F::unidentified,0.0,Archaea
