SampleID,Season,substrate_type,HRT_d,T_C,Q_total_Tpy,substrate_avg_pH,substrate_avg_ALK,substrate_avg_VS,substrate_avg_COD,substrate_avg_sCOD,substrate_avg_TC,substrate_avg_Protein,substrate_avg_Lipid,substrate_avg_TVFAs,substrate_avg_HAc,substrate_avg_HPro,BAC_P::Abditibacteriota,BAC_P::Acetothermia,BAC_P::Acidobacteriota,BAC_P::Actinobacteriota,BAC_P::Armatimonadota,BAC_P::Bacteroidota,BAC_P::Bdellovibrionota,BAC_P::Caldatribacteriota,BAC_P::Caldisericota,BAC_P::Campilobacterota,BAC_P::Chloroflexi,BAC_P::Cloacimonadota,BAC_P::Coprothermobacterota,BAC_P::Cyanobacteria,BAC_P::Deinococcota,BAC_P::Dependentiae,BAC_P::Desulfobacterota,BAC_P::Elusimicrobiota,BAC_P::Fermentibacterota,BAC_P::Fibrobacterota,BAC_P::Firmicutes,BAC_P::Fusobacteriota,BAC_P::Halanaerobiaeota,BAC_P::Marinimicrobia_(SAR406_clade),BAC_P::Patescibacteria,BAC_P::Planctomycetota,BAC_P::Proteobacteria,BAC_P::Spirochaetota,BAC_P::Synergistota,BAC_P::Thermotogota,BAC_P::Verrucomicrobiota,BAC_P::WS1,BAC_P::unidentified,BAC_G::009E01-B-SD-P15,BAC_G::113B434,BAC_G::AAP99,BAC_G::ADurb.Bin063-1,BAC_G::ADurb.Bin120,BAC_G::AKYH767,BAC_G::AUTHM297,BAC_G::Acetobacter,BAC_G::Acetomicrobium,BAC_G::Acetothermiia,BAC_G::Acholeplasma,BAC_G::Acidovorax,BAC_G::Acinetobacter,BAC_G::Actinomyces,BAC_G::Aeriscardovia,BAC_G::Alkaliphilus,BAC_G::Aminicenantales,BAC_G::Aminobacterium,BAC_G::Anaerococcus,BAC_G::Anaerofustis,BAC_G::Anaerostignum,BAC_G::Anaerovorax,BAC_G::Arenimonas,BAC_G::Atopobium,BAC_G::Azospira,BAC_G::BD1-7_clade,BAC_G::BRH-c20a,BAC_G::Babeliales,BAC_G::Bacillus,BAC_G::Bacteroidales_UCG-001,BAC_G::Bacteroides,BAC_G::Bacteroidetes_VC2.1_Bac22,BAC_G::Bacteroidetes_vadinHA17,BAC_G::Bdellovibrio,BAC_G::Bifidobacterium,BAC_G::Butyrivibrio,BAC_G::Caldicoprobacter,BAC_G::Caldisericum,BAC_G::Candidatus_Accumulibacter,BAC_G::Candidatus_Caldatribacterium,BAC_G::Candidatus_Cloacimonas,BAC_G::Candidatus_Competibacter,BAC_G::Candidatus_Omnitrophus,BAC_G::Candidatus_Soleaferrea,BAC_G::Caproiciproducens,BAC_G::Chthonomonadales,BAC_G::Cloacimonadaceae,BAC_G::Clostridia_UCG-014,BAC_G::Clostridium_sensu_stricto_1,BAC_G::Comamonas,BAC_G::Coprothermobacter,BAC_G::D8A-2,BAC_G::DEV114,BAC_G::DMER64,BAC_G::DTU014,BAC_G::Dechloromonas,BAC_G::Defluviitoga,BAC_G::Denitratisoma,BAC_G::Dialister,BAC_G::Dokdonella,BAC_G::Ellin6067,BAC_G::Endomicrobium,BAC_G::Ercella,BAC_G::Exilispira,BAC_G::Fastidiosipila,BAC_G::Fermentibacteraceae,BAC_G::Fermentimonas,BAC_G::Ferruginibacter,BAC_G::Fervidobacterium,BAC_G::Fonticella,BAC_G::Frisingicoccus,BAC_G::Gelria,BAC_G::Gracilibacter,BAC_G::Guggenheimella,BAC_G::HN-HF0106,BAC_G::Hahella,BAC_G::Halocella,BAC_G::Halomonas,BAC_G::Hungateiclostridiaceae,BAC_G::Hydrogenedensaceae,BAC_G::Irregularibacter,BAC_G::Izemoplasmatales,BAC_G::JS1,BAC_G::Kapabacteriales,BAC_G::Keratinibaculum,BAC_G::LD1-PA32,BAC_G::LD1-PB3,BAC_G::LNR_A2-18,BAC_G::Lactobacillus,BAC_G::Lautropia,BAC_G::Lawsonella,BAC_G::Lentimicrobiaceae,BAC_G::Lentimicrobium,BAC_G::Leptotrichia,BAC_G::Leuconostoc,BAC_G::Longilinea,BAC_G::Luteimonas,BAC_G::Lutispora,BAC_G::MBA03,BAC_G::MVP-15,BAC_G::Macellibacteroides,BAC_G::Marinimicrobia_(SAR406_clade),BAC_G::Mariniphaga,BAC_G::Megasphaera,BAC_G::Mesotoga,BAC_G::Methylotenera,BAC_G::MgMjR-022,BAC_G::Myroides,BAC_G::Nitrosomonas,BAC_G::OLB12,BAC_G::OLB8,BAC_G::Olsenella,BAC_G::Oscillospira,BAC_G::PB19,BAC_G::Paludibacter,BAC_G::Pantoea,BAC_G::Paracoccus,BAC_G::Pedosphaeraceae,BAC_G::Pelotomaculum,BAC_G::Petrimonas,BAC_G::Prevotella,BAC_G::Proteiniphilum,BAC_G::Proteocatella,BAC_G::Pseudomonas,BAC_G::Pseudoramibacter,BAC_G::RBG-16-49-21,BAC_G::Raoultibacter,BAC_G::Rhodobacter,BAC_G::Ruminiclostridium,BAC_G::Ruminococcus,BAC_G::SBR1031,BAC_G::SC-I-84,BAC_G::SC103,BAC_G::SJA-15,BAC_G::SJA-28,BAC_G::ST-12K33,BAC_G::Saccharofermentans,BAC_G::Sedimentibacter,BAC_G::Shuttleworthia,BAC_G::Simplicispira,BAC_G::Smithella,BAC_G::Sphaerochaeta,BAC_G::Stenotrophomonas,BAC_G::Sterolibacterium,BAC_G::Streptococcus,BAC_G::Sutterella,BAC_G::Syner-01,BAC_G::Syntrophaceticus,BAC_G::Syntrophobacter,BAC_G::Syntrophococcus,BAC_G::Syntrophomonas,BAC_G::Syntrophorhabdus,BAC_G::Syntrophus,BAC_G::TTA-B1,BAC_G::Tepidimicrobium,BAC_G::Terrimonas,BAC_G::Tetrasphaera,BAC_G::Thauera,BAC_G::Thermoanaerobaculum,BAC_G::Thermomonas,BAC_G::Thermovirga,BAC_G::Thermus,BAC_G::Tissierella,BAC_G::Treponema,BAC_G::Truepera,BAC_G::UCG-010,BAC_G::W27,BAC_G::W5,BAC_G::W5053,BAC_G::WCHB1-02,BAC_G::WCHB1-41,BAC_G::WCHB1-81,BAC_G::Zoogloea,BAC_G::p-251-o5,BAC_G::unidentified,ARC_P::Aenigmarchaeota,ARC_P::Asgardarchaeota,ARC_P::Crenarchaeota,ARC_P::Cryptomycota,ARC_P::Euryarchaeota,ARC_P::Hadarchaeota,ARC_P::Halobacterota,ARC_P::Holozoa,ARC_P::Iainarchaeota,ARC_P::Micrarchaeota,ARC_P::Mollusca,ARC_P::Nanoarchaeota,ARC_P::Thermoplasmatota,ARC_P::Vertebrata,ARC_P::unidentified,ARC_G::Aenigmarchaeales,ARC_G::Bathyarchaeia,ARC_G::Candidatus_Iainarchaeum,ARC_G::Candidatus_Methanofastidiosum,ARC_G::Candidatus_Methanogranum,ARC_G::Candidatus_Methanomethylicus,ARC_G::Candidatus_Methanomethylophilus,ARC_G::Candidatus_Methanoplasma,ARC_G::Candidatus_Nitrocosmicus,ARC_G::Hadarchaeales,ARC_G::LKM11,ARC_G::Lokiarchaeia,ARC_G::Marine_Benthic_Group_D_and_DHVEG-1,ARC_G::Methanimicrococcus,ARC_G::Methanocorpusculum,ARC_G::Methanoculleus,ARC_G::Methanofollis,ARC_G::Methanogenium,ARC_G::Methanolacinia,ARC_G::Methanolinea,ARC_G::Methanolobus,ARC_G::Methanomassiliicoccus,ARC_G::Methanomethylovorans,ARC_G::Methanoregula,ARC_G::Methanosaeta,ARC_G::Methanosarcina,ARC_G::Methanosphaerula,ARC_G::Methanospirillum,ARC_G::Micrarchaeales,ARC_G::Nitrososphaeraceae,ARC_G::Rhinosporideacae,ARC_G::RumEn_M2,ARC_G::SCGC_AAA011-D5,ARC_G::Teleostei,ARC_G::Veneroida,ARC_G::Woesearchaeales,ARC_G::unidentified
1-1,Summer,FW,36.3,38.0,40179.0,4.38,1.642,24.5,346.61,75.4,73.13,69.657,39.25,7.67,4.36,0.3,0.0,0.0,0.0,2.929,0.0,21.441,0.0,0.872,0.0,0.0,0.0,8.534,0.0,0.0,0.0,0.0,0.0,0.0,0.0,0.0,60.914,0.0,0.0,0.0,0.0,0.0,0.473,1.949,1.061,0.323,0.867,0.0,0.0,0.0,0.0,0.0,0.0,0.0,0.0,0.0,0.0,0.0,0.0,5.002,0.0,0.0,2.326,0.0,3.408,0.0,0.0,1.454,0.0,0.0,0.0,0.0,0.0,0.0,0.0,0.0,0.0,0.0,0.0,0.0,0.0,0.0,0.0,0.0,0.0,0.0,0.0,0.0,0.0,0.0,0.0,0.0,0.0,0.0,0.0,0.0,0.0,0.0,0.0,0.0,0.0,0.0,0.0,2.068,0.0,0.0,0.0,0.0,0.0,0.0,0.0,0.0,0.0,24.994,0.0,0.0,0.0,0.0,0.0,0.0,0.0,0.0,0.0,0.0,0.0,0.0,0.0,0.0,0.0,0.0,0.0,0.0,0.0,1.987,0.0,0.0,0.0,1.394,0.0,0.0,0.0,1.357,0.0,0.0,0.0,0.0,0.0,1.088,0.0,0.0,0.0,0.0,0.0,0.0,0.0,0.0,0.0,0.0,0.0,0.0,0.0,0.0,0.0,0.0,0.0,0.0,0.0,0.0,0.0,0.0,5.417000000000001,0.0,0.0,0.0,0.0,0.0,0.0,0.0,0.0,0.0,0.0,0.0,0.0,0.0,0.0,0.0,0.0,0.0,0.0,0.0,0.0,0.0,0.0,0.0,0.0,0.0,0.0,0.0,0.0,0.0,0.0,0.0,0.0,1.12,0.0,0.0,0.0,0.0,0.0,0.0,0.0,1.346,1.109,0.0,0.0,8.534,0.0,0.0,0.0,0.0,0.0,0.0,0.0,20.724,0.0,0.0,0.204,0.0,0.159,0.0,95.725,0.0,0.0,0.0,0.0,0.0,1.399,0.0,2.511,0.0,0.204,0.0,0.159,0.0,0.0,0.0,0.083,0.0,0.0,0.0,0.0,0.0,0.0,0.0,92.99499999999999,0.0,0.0,0.0,0.0,0.0,1.316,0.0,0.0,0.34,2.239,0.0,0.136,0.0,0.0,0.0,0.0,0.0,0.0,0.0,0.0,2.526
2-1,Fall,FW,36.3,38.0,40179.0,4.48,0.0,28.8,58.82,81.8,57.9,47.374,33.75,4.63,3.96,0.32,0.0,0.0,0.0,2.223,0.0,19.316,0.0,1.322,0.0,0.0,0.0,5.275,0.0,0.0,0.0,0.0,0.0,0.0,0.0,0.0,64.059,0.0,0.0,0.0,0.0,0.0,4.667,1.338,0.842,0.141,0.517,0.0,0.0,0.0,0.0,0.0,0.0,0.0,0.0,0.0,0.0,0.0,0.0,2.49,0.0,0.0,1.319,0.0,2.956,0.0,0.0,0.0,0.0,0.0,0.0,0.0,0.0,0.0,0.0,0.0,0.0,0.0,0.0,0.0,0.0,0.0,0.0,0.0,0.0,0.0,0.0,0.0,1.277,0.0,0.0,0.0,0.0,0.0,0.0,0.0,0.0,2.627,0.0,0.0,1.392,0.0,0.0,1.222,0.0,0.0,0.0,0.0,0.0,0.0,0.0,0.0,0.0,27.213,0.0,0.0,0.0,0.0,0.0,0.0,0.0,0.0,1.63,0.0,0.0,0.0,0.0,0.0,0.0,0.0,0.0,0.0,0.0,0.0,0.0,0.0,0.0,2.121,0.0,0.0,0.0,0.0,0.0,0.0,0.0,0.0,0.0,0.0,0.0,0.0,0.0,0.0,0.0,0.0,0.0,0.0,0.0,0.0,0.0,0.0,0.0,0.0,0.0,0.0,0.0,0.0,0.0,0.0,0.0,0.0,4.618,0.0,0.0,0.0,0.0,0.0,0.0,0.0,0.0,0.0,0.0,0.0,0.0,0.0,0.0,0.0,0.0,0.0,0.0,0.0,0.0,0.0,0.0,1.852,0.0,0.0,0.0,0.0,0.0,0.0,0.0,0.0,0.0,0.0,0.0,0.0,0.0,0.0,0.0,0.0,0.0,1.496,0.0,0.0,0.0,5.275,0.0,1.144,0.0,0.0,0.0,0.0,0.0,24.842,0.0,0.0,0.0,0.0,0.674,0.0,91.614,0.0,0.0,0.0,0.0,0.0,1.742,0.0,5.971,0.0,0.0,0.0,0.674,0.0,0.0,0.0,0.0,0.0,0.0,0.0,0.0,0.0,0.0,0.0,84.659,0.0,0.0,0.0,0.0,0.0,1.742,0.183,0.0,0.0,6.772,0.0,0.0,0.0,0.0,0.0,0.0,0.0,0.0,0.0,0.0,5.971
3-1,Winter,FW,36.3,38.0,40179.0,4.86,0.91,17.7,47.78,10.6,30.16,12.47,5.75,0.21,0.2,0.0,0.0,0.0,0.0,2.66,0.0,19.81,0.0,0.223,0.0,0.0,0.0,8.643,0.0,0.0,0.0,0.0,0.0,0.0,0.0,0.0,65.363,0.0,0.0,0.0,0.0,0.0,0.451,1.593,0.467,0.105,0.433,0.0,0.0,0.0,0.0,0.0,0.0,0.0,0.0,0.0,0.0,0.0,0.0,6.185,0.0,0.0,2.403,0.0,1.351,0.0,0.0,0.0,0.0,0.0,0.0,0.0,0.0,0.0,0.0,0.0,0.0,0.0,0.0,0.0,0.0,0.0,0.0,0.0,0.0,0.0,0.0,0.0,0.0,0.0,0.0,0.0,0.0,0.0,0.0,0.0,0.0,1.86,0.0,0.0,0.0,0.0,0.0,2.233,0.0,0.0,0.0,0.0,0.0,0.0,0.0,0.0,0.0,20.408,0.0,0.0,0.0,0.0,0.0,0.0,0.0,0.0,0.0,0.0,0.0,0.0,0.0,0.0,0.0,0.0,0.0,0.0,0.0,0.0,0.0,0.0,0.0,0.0,0.0,0.0,0.0,1.905,0.0,0.0,0.0,0.0,0.0,2.256,0.0,0.0,0.0,0.0,0.0,0.0,0.0,0.0,0.0,0.0,0.0,0.0,0.0,0.0,0.0,0.0,0.0,0.0,0.0,0.0,0.0,0.0,2.265,0.0,0.0,0.0,0.0,0.0,0.0,0.0,0.0,0.0,0.0,0.0,0.0,0.0,0.0,0.0,0.0,0.0,0.0,0.0,0.0,0.0,0.0,8.008,0.0,0.0,0.0,0.0,0.0,1.512,0.0,0.0,0.0,1.582,0.0,0.0,0.0,0.0,0.0,0.0,0.0,1.797,1.412,0.0,0.0,8.643,0.0,0.0,0.0,0.0,0.0,0.0,0.0,19.773,0.0,0.0,0.0,0.0,0.0,0.0,9.52,0.0,0.0,0.0,0.0,0.0,0.224,0.0,90.256,0.0,0.0,0.0,0.0,0.0,0.0,0.0,0.0,0.0,0.0,0.0,0.0,0.0,0.0,0.0,8.425,0.0,0.0,0.0,0.0,0.0,0.224,0.0,0.0,0.0,1.095,0.0,0.0,0.0,0.0,0.0,0.0,0.0,0.0,0.0,0.0,90.256
4-1,Spring,FW,36.3,38.0,40179.0,4.86,1.21,174.13,60.31,13.4,84.87,10.57,4.45,0.63,0.59,0.0,0.0,0.0,0.0,4.567,0.0,18.526,0.0,2.565,0.0,0.0,0.0,2.703,0.0,0.0,0.0,0.0,0.212,0.0,0.0,0.0,60.36799999999999,0.0,0.0,0.0,0.0,0.0,8.444,0.469,1.068,0.471,0.0,0.0,0.0,0.0,0.0,0.0,0.0,0.0,0.0,0.0,0.0,0.933,0.0,2.579,0.0,0.0,3.458,0.0,1.531,0.0,0.0,0.0,0.0,0.0,0.0,0.0,0.0,0.0,0.0,0.0,0.0,0.0,0.0,0.0,0.0,0.0,0.0,0.0,0.0,0.0,0.0,0.0,2.468,0.0,0.0,0.0,0.0,0.0,0.0,0.0,0.0,0.0,0.0,0.0,1.673,0.0,0.0,0.888,0.0,0.0,0.0,0.0,0.0,0.0,0.0,0.0,0.0,36.588,0.0,0.0,0.0,0.0,0.0,0.0,0.0,0.0,1.488,0.0,0.0,0.0,0.0,0.0,0.0,0.0,0.0,0.0,0.0,0.0,0.0,0.0,0.0,0.0,0.0,0.8180000000000001,0.0,0.0,0.0,0.0,0.0,0.0,0.0,0.0,0.0,0.0,0.0,0.0,0.0,0.0,0.0,0.0,0.0,0.0,0.0,0.0,0.0,0.0,0.0,0.0,0.0,0.0,0.0,0.0,0.0,0.0,10.776,0.0,0.0,0.0,0.0,0.0,0.0,0.0,0.0,0.0,0.0,0.0,0.0,0.0,0.0,0.0,0.0,0.0,0.0,0.0,0.0,0.0,0.0,0.0,0.0,0.0,0.0,0.0,0.0,0.7080000000000001,0.0,0.0,0.0,0.897,0.0,0.0,0.0,0.0,0.0,0.0,0.0,0.747,0.0,0.0,0.0,2.68,0.0,0.0,0.0,0.0,0.0,0.0,0.0,20.355,0.0,0.0,0.0,0.0,0.063,0.0,99.247,0.0,0.0,0.0,0.0,0.0,0.387,0.0,0.301,0.0,0.0,0.0,0.063,0.0,0.0,0.0,0.0,0.0,0.0,0.0,0.0,0.0,0.0,0.0,56.764,0.0,0.0,0.0,0.283,0.0,0.387,0.0,0.0,0.5650000000000001,41.59,0.0,0.045,0.0,0.0,0.0,0.0,0.0,0.0,0.0,0.0,0.301
1-2,Summer,1SC/2SC/Fww,28.0,36.5,124985.0,4.241433359819136,,31.43159411129336,44.958518462215466,19.146981637796536,7.811241909029084,14.72916592391087,3.279976797215666,0.9762711525383044,0.5788549025883105,0.169068128175381,0.0,0.0,0.0,0.9410000000000001,0.0,33.63,0.0,0.0,0.0,0.0,1.965,11.439,0.0,0.0,0.0,0.0,3.026,0.0,0.0,0.0,33.759,0.0,0.0,0.0,0.0,0.0,3.836,0.0,2.847,5.744,0.0,0.0,1.048,0.0,0.0,0.0,0.0,0.0,0.0,0.0,0.0,0.0,0.0,0.0,0.0,0.0,0.0,0.0,0.0,0.0,0.0,0.0,0.0,0.0,0.0,0.0,0.0,0.0,0.0,0.0,0.0,0.0,0.0,0.0,0.0,3.518,0.0,0.0,0.0,0.0,0.0,0.0,0.0,9.165999999999999,0.0,0.0,0.0,0.0,0.0,0.0,0.0,0.0,0.0,0.0,0.0,0.0,0.0,0.0,0.0,0.0,0.0,0.0,0.0,0.0,0.0,0.0,0.0,11.667,0.0,0.0,0.0,0.0,0.0,0.0,0.0,0.0,0.0,0.0,0.0,0.0,0.0,0.0,0.0,0.0,0.0,0.0,0.0,0.0,0.0,0.0,0.0,0.0,0.0,0.0,0.0,0.0,0.0,0.0,0.0,0.0,0.0,0.0,0.0,0.0,0.0,0.0,0.0,4.076000000000001,0.0,0.0,0.0,0.0,0.0,0.0,0.0,0.0,0.0,0.0,0.0,0.0,0.0,2.647,1.884,0.0,0.0,0.0,0.0,0.0,0.0,0.0,0.0,0.0,0.0,0.9750000000000001,0.0,1.668,0.0,0.0,8.557,0.0,4.765,0.0,0.0,1.665,0.0,0.0,0.0,0.0,0.0,0.0,0.0,0.0,0.0,1.217,0.0,0.0,0.0,0.0,0.0,0.0,0.0,0.0,0.0,1.221,0.0,0.0,0.0,0.0,0.0,1.025,1.248,0.0,0.0,0.0,0.0,0.0,0.0,32.081,0.0,0.0,0.193,0.0,9.49,0.0,86.74900000000001,0.0,0.0,0.0,0.0,1.166,0.994,0.0,1.408,0.0,0.193,0.0,9.49,0.0,0.0,0.0,0.0,0.0,0.0,0.0,0.0,0.0,0.0,0.0,1.073,0.0,0.0,0.0,38.497,0.0,0.679,1.352,0.0,40.099,0.057,0.222,5.449,0.0,0.0,0.0,0.0,1.123,0.0,0.0,0.043,1.723
2-2,Fall,MSC/Fww,28.0,36.5,124985.0,4.607741319921299,0.1293477417290074,27.14502356282754,58.79871776613194,19.46071368564228,6.230252830339641,11.85827776933232,4.220537264471736,3.516716085930312,2.761460095211425,0.6052559907188862,0.0,0.0,0.0,1.124,0.0,28.731,0.0,0.0,0.0,0.0,1.208,14.888,0.0,0.0,0.0,0.0,3.25,0.0,0.0,0.0,32.076,0.0,0.0,0.0,0.0,0.0,6.572,0.0,2.139,4.551,0.0,0.0,0.8310000000000001,0.0,0.0,0.0,0.0,0.0,0.0,0.0,0.0,0.0,0.0,0.0,0.0,0.0,0.0,0.0,0.0,0.0,0.0,0.0,0.0,0.0,0.0,0.0,0.0,0.0,0.0,0.0,0.0,0.0,0.0,0.0,0.0,3.301,0.0,0.0,0.0,0.0,0.0,0.0,0.0,10.836,0.0,0.0,0.0,0.0,0.0,0.0,0.0,0.0,0.0,0.0,0.0,0.0,0.0,0.0,0.0,0.0,0.0,0.0,0.0,0.0,0.0,0.0,0.0,10.084,0.0,0.0,0.0,0.0,0.0,0.0,0.0,0.0,0.0,0.0,0.0,0.0,0.0,0.0,0.0,0.0,0.0,0.0,0.0,0.0,0.0,0.0,0.0,0.0,0.0,0.0,0.0,0.0,0.0,0.0,0.0,0.0,0.0,0.0,0.0,0.0,0.0,0.0,0.0,4.023,0.0,0.0,0.0,0.0,0.0,0.0,0.0,0.0,0.0,0.0,0.0,0.0,0.0,1.662,0.0,0.0,0.0,0.0,0.0,0.0,0.0,0.0,0.0,0.0,0.0,0.0,0.0,0.0,0.0,0.0,4.43,0.0,6.325,0.0,0.0,1.227,0.0,0.0,0.0,0.0,0.0,0.0,0.0,0.0,0.0,1.264,0.624,0.0,0.0,0.0,0.0,0.0,0.0,0.0,1.927,0.9510000000000001,0.0,0.0,0.0,0.0,0.0,0.658,3.35,1.59,0.0,0.0,0.0,0.0,0.0,30.575,0.0,0.0,0.0,0.0,12.678,0.0,84.20100000000001,0.0,0.0,0.0,0.0,1.789,0.914,0.0,0.418,0.0,0.0,0.0,12.678,0.0,0.0,0.0,0.0,0.0,0.0,0.0,0.0,0.0,0.0,0.0,0.418,0.0,0.0,0.0,34.939,0.0,0.914,3.316,0.0,37.655,0.0,1.776,6.097,0.0,0.0,0.0,0.0,1.789,0.0,0.0,0.0,0.418
3-2,Winter,MSC/Fww,28.0,36.5,124985.0,4.167396795169511,,38.12026059127095,78.12632851942233,12.60670000400048,13.928364363723649,17.767561627395292,4.590455094611354,1.163222146657599,1.0331399767972158,0.1300821698603832,0.0,0.0,0.0,0.0,0.0,20.418,0.0,0.0,0.0,0.0,1.917,22.348,0.0,0.0,0.0,0.0,3.412,0.834,0.0,0.0,32.486,0.0,0.0,0.0,0.0,0.0,4.015,0.0,2.853,6.63,0.9600000000000001,0.0,0.0,0.0,0.0,0.0,0.0,0.0,0.0,0.0,0.0,0.0,0.0,0.0,0.0,0.0,0.0,0.0,0.0,0.0,0.0,0.0,0.0,0.0,0.0,0.0,0.0,0.0,0.0,0.0,0.0,0.0,0.0,0.0,0.0,3.352,0.0,0.0,0.0,0.0,0.0,0.0,0.0,14.795,0.0,0.0,0.0,0.0,0.0,0.0,0.0,0.0,0.0,0.0,0.0,0.0,0.0,0.0,0.0,0.0,0.0,0.0,0.0,0.0,0.0,0.0,0.0,8.572000000000001,0.0,0.0,0.0,0.0,0.0,0.0,0.0,0.0,0.0,0.0,0.0,0.0,0.0,0.0,0.0,0.0,1.152,0.0,0.0,0.0,0.0,0.0,0.0,0.0,0.0,0.0,0.0,0.0,0.0,0.0,0.0,0.0,0.0,0.0,0.0,0.0,0.0,0.0,0.0,6.352,0.0,0.0,0.0,0.0,0.0,0.0,0.0,0.0,0.0,0.0,0.0,0.0,0.0,1.805,1.551,0.0,0.0,0.0,0.0,0.0,0.0,0.0,0.0,0.0,0.0,0.0,0.0,0.0,1.196,0.0,3.118,0.0,5.591,0.0,0.0,1.7,0.0,0.0,0.0,0.0,0.0,0.0,0.0,0.0,0.0,0.0,0.0,0.0,0.0,0.0,0.0,0.0,0.0,0.0,1.071,1.096,0.0,0.0,0.0,0.0,0.0,1.313,6.159,0.0,0.0,0.0,0.0,0.0,0.0,24.957,0.0,0.0,0.607,0.0,12.028,0.0,85.156,0.0,0.0,0.0,0.0,0.663,1.464,0.0,0.083,0.0,0.607,0.0,12.028,0.0,0.0,0.0,0.0,0.0,0.0,0.0,0.0,0.0,0.0,0.0,0.0,0.0,0.0,0.0,35.036,0.0,1.114,2.061,0.0,37.834,0.0,0.0,10.225,0.0,0.0,0.0,0.0,0.663,0.0,0.0,0.0,0.433
4-2,Spring,MSC/Fww,28.0,36.5,124985.0,4.144186949990515,,31.776919790374848,66.11658767052046,11.306131135736289,19.83080129615553,18.51553410409249,3.1504740568868264,1.8629756370764488,1.178086250350042,0.1924952594311317,0.0,0.0,0.0,2.108,0.0,25.538,0.0,0.0,0.0,0.0,1.003,15.025,0.0,0.0,0.0,0.0,4.018,0.0,0.0,0.0,28.355,0.0,0.0,0.0,0.0,0.0,6.472,0.0,2.741,9.699,0.0,0.0,0.823,0.0,0.0,0.0,0.0,0.0,0.0,0.0,0.0,0.0,0.0,0.0,0.0,0.0,0.0,0.0,0.0,0.0,0.0,0.0,0.0,0.0,0.0,0.0,1.064,0.0,0.0,0.0,0.0,0.0,0.0,0.0,0.0,5.244,0.0,0.0,0.0,0.0,0.0,0.0,0.0,6.604,0.0,0.0,0.0,0.0,0.0,0.0,0.0,0.0,0.0,0.0,0.0,0.0,0.0,0.0,0.0,0.0,0.0,0.0,0.0,0.0,0.0,0.0,0.0,2.009,0.0,0.0,0.0,0.0,0.0,0.0,0.0,0.0,0.0,0.0,0.0,0.0,0.0,0.0,0.0,0.0,0.0,0.0,0.0,0.0,0.0,0.0,0.0,0.0,0.0,0.0,0.0,0.0,0.0,0.0,0.0,0.0,0.0,0.0,0.0,0.0,0.0,0.0,0.0,7.394,0.0,0.0,0.0,0.0,0.0,0.0,0.0,0.0,0.0,0.0,0.0,0.0,0.0,0.0,2.523,0.0,0.991,0.0,0.0,0.0,0.0,0.0,0.0,0.0,0.0,0.0,0.0,2.305,0.0,0.0,3.944,0.0,5.109,0.0,0.0,1.336,0.0,0.0,0.0,0.0,0.0,0.0,0.0,0.0,0.0,1.538,0.0,0.0,0.0,0.0,0.0,0.0,0.0,0.0,2.379,1.187,0.0,0.0,0.0,0.0,0.0,0.0,7.898,0.0,0.0,0.0,0.0,0.0,0.0,31.462,0.0,0.0,0.163,0.0,8.225,0.0,91.524,0.0,0.0,0.038,0.0,0.049,0.0,0.0,0.0,0.0,0.163,0.0,8.225,0.0,0.0,0.0,0.0,0.0,0.0,0.0,0.0,0.0,0.0,0.0,0.021,0.0,0.0,0.0,37.183,0.0,0.0,0.274,0.0,50.609,0.0,0.0,3.42,0.038,0.0,0.0,0.0,0.049,0.0,0.0,0.0,0.017
1-3,Summer,MSC,25.0,35.0,326166.0,5.71,,29.12,53.29,0.3,8.68,12.287,4.43,0.75,0.52,0.1,0.0,0.0,0.0,1.963,0.0,25.081,0.0,0.0,0.0,0.0,0.0,17.62,0.0,0.0,0.0,2.1,5.519,0.0,0.0,0.0,15.366,0.0,0.0,0.0,0.0,0.0,11.596,2.915,6.313,2.699,0.0,0.0,0.0,0.0,0.0,0.0,0.0,0.0,0.0,0.0,0.0,0.0,0.0,0.0,0.0,0.0,0.0,0.0,0.0,0.0,0.0,0.0,0.0,0.0,0.0,0.0,0.0,0.0,0.0,0.0,2.1,0.0,0.0,0.0,0.0,5.125999999999999,0.0,0.0,0.0,0.0,0.0,0.0,0.0,16.192,0.0,0.0,0.0,0.0,0.0,0.0,0.0,0.0,0.0,0.0,0.0,0.0,0.0,3.131,0.0,0.0,0.0,0.0,1.009,0.0,0.0,0.0,0.0,0.0,0.0,0.0,0.0,0.0,0.0,0.0,0.0,0.0,0.0,0.0,0.0,0.0,0.0,0.0,0.0,0.0,0.0,0.0,0.0,0.0,0.0,0.0,0.0,0.0,0.0,0.0,0.0,0.0,0.0,0.0,0.0,0.0,0.0,0.0,0.0,0.0,0.0,0.0,0.0,1.864,0.0,0.0,0.0,0.0,0.0,1.076,0.0,0.0,0.0,0.0,0.0,0.0,0.0,0.0,0.0,0.0,0.0,0.0,0.0,0.0,0.0,0.0,0.0,0.0,0.0,0.0,0.0,0.0,0.0,0.0,4.222,0.0,1.388,0.0,0.0,2.361,0.0,0.0,0.0,0.0,0.0,0.0,0.0,0.0,0.0,1.465,1.239,0.0,0.0,0.0,0.0,0.0,0.0,0.0,1.18,4.312,0.0,0.0,0.0,0.0,0.0,0.0,0.819,0.0,0.0,0.0,0.0,0.0,0.0,29.539,0.0,0.0,0.663,0.0,21.419,0.0,53.749,0.0,0.0,0.0,0.0,0.348,0.5449999999999999,0.0,23.278,0.0,0.663,0.0,21.419,0.0,0.0,0.0,0.238,0.0,0.0,0.0,0.0,0.0,0.0,0.058,1.897,0.0,0.0,0.0,7.218,0.0,0.307,0.187,0.026,34.61,0.267,1.09,8.375,0.0,0.0,0.0,0.0,0.348,0.0,0.0,0.0,23.299
2-3,Fall,MSC,25.0,35.0,326166.0,5.79,0.1198,30.37,55.53,1.4,9.11,12.054,4.6,0.07,0.07,0.0,0.0,0.0,0.0,1.225,0.0,24.745,0.0,0.0,0.0,0.0,0.0,25.723,0.0,0.0,0.0,0.0,5.415,0.0,0.0,0.0,14.857,0.0,0.0,0.0,0.0,0.0,9.984,2.119,5.119,3.613,1.785,0.0,0.0,0.0,0.0,0.0,0.0,0.0,0.0,0.0,0.0,0.0,0.0,0.0,0.0,0.0,0.0,0.0,0.0,0.0,0.0,0.0,0.0,0.0,0.0,0.0,0.0,0.0,0.0,0.0,0.0,0.0,0.0,0.0,0.0,5.417,0.0,0.0,0.0,0.0,0.0,0.0,0.0,24.808,0.0,0.0,0.0,0.0,0.0,0.0,0.0,0.0,0.0,0.0,0.0,0.0,0.0,4.327,0.0,0.0,0.0,0.0,0.0,0.0,0.0,0.0,0.0,0.0,0.0,0.0,0.0,0.0,0.0,0.0,0.0,0.0,0.0,0.0,0.0,0.0,0.0,0.0,0.0,0.0,0.0,0.0,0.0,0.0,0.0,0.0,0.0,0.0,0.0,0.0,0.0,0.0,0.0,0.0,0.0,0.0,0.0,0.0,0.0,0.0,0.0,0.0,0.0,2.576,0.0,0.0,0.0,0.0,0.0,0.773,0.0,0.0,0.0,0.0,0.0,0.0,0.815,0.0,0.0,0.0,0.0,0.0,0.0,0.0,0.0,0.0,0.0,0.0,0.0,0.0,0.0,1.023,0.0,0.0,2.802,0.0,1.196,0.0,1.162,2.069,0.0,0.0,0.0,0.0,0.0,0.0,0.0,0.0,0.0,0.0,1.415,0.0,0.0,0.0,0.0,0.0,0.0,0.0,2.725,3.721,0.0,0.0,0.0,0.0,0.0,0.0,0.0,0.0,0.864,0.0,0.0,0.0,0.0,30.758,0.0,0.0,0.0,0.0,27.643,0.0,71.187,0.0,0.0,0.0,0.0,0.0,1.021,0.0,0.149,0.0,0.0,0.0,27.643,0.0,0.0,0.0,0.0,0.0,0.0,0.0,0.0,0.0,0.0,0.0,0.0,0.0,0.0,0.0,21.762,0.0,0.819,0.0,0.0,34.95,0.425,0.0,14.05,0.0,0.0,0.0,0.0,0.0,0.0,0.0,0.0,0.351
3-3,Winter,MSC,25.0,35.0,326166.0,5.7,1.4717,21.18,81.4,4.8,28.98,34.77,3.92,0.04,0.04,0.0,0.0,0.0,0.0,2.072,0.0,23.636,0.0,0.0,0.0,0.0,0.0,17.619,0.0,0.0,0.0,0.0,6.66,0.0,0.0,0.0,15.01,0.0,0.0,0.0,0.0,0.0,12.909,2.008,8.109,3.502,0.0,0.0,2.179,0.0,0.0,0.0,0.0,0.0,0.0,0.0,0.0,0.0,0.0,0.0,0.0,0.0,0.0,0.0,0.0,0.0,0.0,0.0,0.0,0.0,0.0,0.0,0.0,0.0,0.0,0.0,0.892,0.0,0.0,0.0,0.0,5.434,0.0,0.0,0.0,0.0,0.0,0.0,0.0,16.736,0.0,0.0,0.0,0.0,0.0,0.0,0.0,0.0,0.0,0.0,0.0,0.0,0.0,4.244,0.0,0.0,0.0,0.0,0.0,0.0,0.0,0.0,0.0,0.0,0.0,0.0,0.0,0.0,0.0,0.0,0.0,0.0,0.0,0.0,0.0,0.0,0.0,0.0,0.0,0.0,0.75,0.0,0.0,0.0,0.0,0.0,0.0,0.0,0.0,0.0,0.0,0.0,0.0,0.0,0.0,0.0,0.0,0.0,0.0,0.0,0.0,0.0,0.0,2.871,0.0,0.0,0.0,0.0,0.0,0.0,0.0,0.0,0.0,0.0,0.0,0.0,0.0,0.0,0.0,0.0,0.0,0.0,0.0,0.0,0.0,0.0,0.713,0.0,0.0,0.0,0.0,0.0,0.0,0.0,1.108,0.0,1.189,0.0,2.228,3.197,0.0,0.0,0.0,0.0,0.0,0.704,0.0,0.0,0.0,0.0,1.483,0.0,0.0,0.0,0.0,0.0,0.0,0.0,1.829,5.885,0.0,0.0,0.0,0.0,0.0,0.0,0.0,0.0,0.0,0.0,0.0,0.0,0.0,35.158,0.0,0.0,0.513,0.0,24.799,0.0,68.68599999999999,0.0,0.0,0.055,0.0,0.213,1.011,0.0,4.723,0.0,0.513,0.0,24.799,0.0,0.0,0.0,0.0,0.0,0.0,0.0,0.0,0.0,0.0,0.0,1.572,0.0,0.0,0.0,16.893,0.0,0.0,0.166,0.0,35.595,0.0,0.584,13.837,0.055,0.0,0.0,0.0,0.213,0.0,0.0,0.0,5.773
4-3,Spring,MSC,25.0,35.0,326166.0,5.55,0.9925,31.35,54.34,3.2,15.34,16.11,4.05,0.4,0.22,0.1,0.0,0.0,0.0,3.833,0.0,24.888,0.0,0.0,0.0,0.0,0.0,10.101,0.0,0.0,0.0,0.0,4.294,0.0,0.0,0.0,16.941,0.0,0.0,0.0,0.0,1.56,21.093,2.182,6.016,2.632,0.0,0.0,0.0,0.0,0.0,0.0,0.0,0.0,0.0,0.0,0.0,0.0,0.0,0.0,0.0,0.0,0.0,0.0,0.0,0.0,0.0,0.0,0.0,0.0,0.0,0.0,0.0,0.0,0.0,0.0,1.089,0.0,0.0,0.0,0.0,3.187,0.0,0.0,0.0,0.0,0.0,0.0,0.0,9.471,2.125,0.0,0.0,0.0,0.0,0.0,0.0,0.0,0.0,0.0,0.0,0.0,0.0,3.824,0.0,0.0,0.0,0.0,0.0,0.0,0.0,0.0,0.0,0.0,0.0,0.0,0.0,0.0,0.0,0.0,0.0,0.0,0.0,0.0,0.0,0.0,0.0,0.0,0.0,0.0,0.0,0.0,0.0,0.0,0.0,0.0,0.0,0.0,0.0,0.0,0.0,0.0,0.0,0.0,0.0,0.0,0.0,0.0,0.0,0.0,0.0,0.0,0.0,1.625,0.0,0.0,0.0,0.0,0.0,5.583,0.0,0.0,0.0,0.0,0.0,0.0,0.0,0.0,0.0,0.0,0.0,0.0,0.0,0.0,0.0,0.0,0.0,0.0,0.0,0.0,0.0,0.0,0.0,0.0,1.348,0.0,1.063,0.0,2.278,2.34,0.0,0.0,0.0,0.0,0.0,0.0,0.0,0.0,0.0,1.527,0.0,0.0,0.0,0.0,0.0,1.713,0.0,0.0,1.271,3.42,0.0,0.0,0.0,0.0,0.0,0.0,0.0,0.0,0.0,0.0,0.0,0.0,0.0,34.745,0.0,0.0,0.269,0.0,24.844,0.0,73.902,0.0,0.0,0.069,0.0,0.217,0.395,0.0,0.303,0.0,0.269,0.0,24.844,0.0,0.0,0.0,0.0,0.0,0.0,0.0,0.0,0.0,0.0,0.04,0.681,0.0,0.0,0.0,30.037,0.0,0.395,0.069,0.0,24.867,0.132,0.601,17.435,0.069,0.0,0.0,0.0,0.206,0.0,0.0,0.011,0.343
1-3b,Summer,,25.0,35.0,,,,,,,,,,,,,0.0,0.0,0.0,2.685,0.0,23.126,0.0,0.0,0.0,0.0,2.087,18.009,0.0,0.0,0.0,0.0,6.927,0.0,0.0,0.0,14.619,0.0,0.0,0.0,0.0,0.0,10.944,2.506,7.495,2.976,0.0,0.0,0.0,0.0,0.0,0.0,0.0,0.0,0.0,0.0,0.0,0.0,0.0,0.0,0.0,0.0,0.0,0.0,0.0,0.0,0.0,0.0,0.0,0.0,0.0,0.0,0.0,0.0,0.0,0.0,1.804,0.0,0.0,0.0,0.0,5.632,0.0,0.0,0.0,0.0,0.0,0.0,0.0,16.914,0.0,0.0,0.0,0.0,0.0,0.0,0.0,0.0,0.0,0.0,0.0,0.0,0.0,4.231,0.0,0.0,0.0,0.0,1.062,0.0,0.0,0.0,0.0,0.0,0.0,0.0,0.0,0.0,0.0,0.0,0.0,0.0,0.0,0.0,0.0,0.0,0.0,0.0,0.0,0.0,0.0,0.0,0.0,0.0,0.0,0.0,0.0,0.0,0.0,0.0,0.0,0.0,0.0,0.0,0.0,0.0,0.0,0.0,0.0,0.0,0.0,0.0,0.0,2.09,0.0,0.0,0.0,0.0,0.0,0.0,0.0,0.0,0.0,0.0,0.0,0.0,0.0,0.0,0.0,0.0,0.0,0.0,0.0,0.0,0.0,0.0,0.0,0.0,0.0,0.0,0.0,0.771,0.0,0.0,2.743,0.0,1.394,0.0,0.921,3.227,0.0,0.0,0.0,0.0,0.0,0.0,0.0,0.0,0.0,0.0,1.523,0.0,0.0,0.0,0.0,0.0,0.0,0.0,1.471,5.277,0.0,0.0,0.0,0.0,0.0,0.0,0.0,0.0,0.797,0.0,0.0,0.0,0.0,31.157,0.0,0.0,0.652,0.0,30.17,0.0,64.859,0.0,0.0,0.0,0.0,0.337,1.207,0.0,2.773,0.0,0.652,0.0,30.17,0.0,0.0,0.0,0.016,0.0,0.0,0.0,0.0,0.0,0.0,0.012,1.401,0.0,0.0,0.0,17.615,0.0,0.736,0.134,0.0,30.145,0.212,1.179,14.13,0.0,0.0,0.0,0.0,0.337,0.0,0.0,0.0,3.259
1-4,Summer,MSC+Fww,18.0,37.3,559071.0,4.44,,34.07,49.9,8.8,10.84,14.123,4.43,0.01,0.01,0.0,0.0,0.0,1.56,1.035,0.0,27.865,0.0,0.0,0.0,0.0,6.306999999999999,8.251000000000001,0.0,0.0,0.0,0.0,4.683,0.0,0.0,0.0,22.615,0.0,0.0,0.0,0.0,0.0,15.263,5.427,0.0,0.0,1.526,0.0,0.0,0.0,0.0,0.0,1.056,0.0,0.0,0.0,0.0,0.0,0.0,0.0,0.0,0.0,0.0,0.0,0.0,0.0,0.0,0.0,0.0,0.0,0.0,0.0,0.0,0.0,0.0,0.0,0.0,0.0,0.0,0.0,0.0,4.594,0.0,0.0,0.0,0.0,0.0,0.0,0.0,6.632,0.0,0.0,0.0,0.0,0.0,0.0,0.0,0.0,0.0,0.0,0.0,0.0,0.0,4.546,1.479,0.0,0.0,0.0,0.0,0.0,0.0,0.0,0.0,0.0,0.0,0.0,0.0,0.0,0.0,0.0,0.0,0.0,0.0,0.0,0.0,0.0,0.0,0.0,0.0,0.0,0.0,0.0,0.0,0.0,0.0,0.0,0.0,0.0,0.0,0.0,0.0,0.0,0.0,0.0,0.0,0.0,0.0,0.0,0.0,0.0,0.0,0.0,0.0,0.0,2.032,0.0,0.0,0.0,0.0,0.0,0.0,0.0,0.0,1.817,0.0,0.0,0.0,0.0,0.0,0.0,0.0,0.0,0.0,0.0,0.0,0.0,0.0,0.0,0.0,3.87,0.756,0.0,1.482,1.105,0.0,0.0,4.635,0.0,0.0,2.822,0.0,0.0,0.0,0.0,0.0,0.0,0.0,0.0,0.0,1.511,0.0,0.0,0.0,0.0,0.0,0.0,0.0,0.0,0.0,0.0,0.0,0.0,0.0,0.0,0.0,0.0,1.101,0.0,0.0,0.0,0.0,0.0,0.0,40.08,0.0,0.0,0.55,0.0,21.259,0.0,70.014,0.0,0.0,0.03,0.0,0.671,5.255,0.0,2.222,0.0,0.5,0.0,21.259,0.0,0.05,0.0,0.0,0.0,0.0,0.0,0.0,0.0,0.0,0.0,3.333,0.0,0.0,0.0,4.755,0.0,3.553,1.211,1.041,36.493,0.28,0.871,20.929,0.03,0.0,0.0,0.0,0.671,0.0,0.0,0.0,5.024999999999999
2-4,Fall,MSC+Fww,18.0,37.3,559071.0,5.19,0.0,21.55,33.78,4.9,6.32,10.155,2.33,0.72,0.56,0.13,0.0,0.0,0.897,0.877,0.0,23.606,0.0,0.0,0.0,0.0,12.184,11.198,0.0,0.0,0.0,0.0,3.712,0.0,0.0,0.0,25.377,0.0,0.0,0.0,0.0,0.0,12.841,4.294,0.0,0.831,0.0,0.0,0.0,0.0,0.0,0.0,0.0,0.0,0.0,0.0,0.0,0.0,0.0,0.0,0.0,0.0,0.0,0.0,0.0,0.0,0.0,0.0,0.0,0.0,0.0,0.0,0.0,0.0,0.0,0.0,0.0,0.0,0.0,0.0,0.0,3.574,0.0,0.0,0.0,0.0,0.0,0.0,0.0,10.204,0.0,0.0,0.0,0.0,0.0,0.0,0.0,0.0,0.0,0.0,0.0,0.0,0.0,3.468,0.0,0.0,0.0,0.0,0.0,0.0,0.0,0.0,0.0,0.0,0.0,0.0,0.0,0.0,0.0,0.0,0.0,0.0,0.0,0.0,0.0,0.0,0.0,0.0,0.0,0.0,0.725,0.0,0.0,0.0,0.0,0.0,0.0,0.0,0.0,0.0,0.0,0.0,0.0,0.0,0.0,0.0,0.0,0.0,0.0,0.0,0.0,0.0,0.0,0.0,1.006,0.0,0.0,0.0,0.0,0.0,0.0,0.0,0.0,2.742,0.0,0.0,0.0,0.0,0.0,0.0,0.0,0.0,0.0,0.0,0.0,0.0,0.0,0.0,0.0,8.025,0.9690000000000001,0.0,3.584,0.0,1.09,0.0,4.859,0.0,0.0,1.721,0.0,0.0,0.0,0.0,0.0,0.0,0.0,0.0,0.0,1.708,0.605,0.0,0.0,0.0,0.0,0.0,0.0,0.0,0.0,0.0,0.0,0.0,0.0,0.0,0.0,0.0,0.582,0.0,0.0,0.0,0.0,0.0,0.0,39.755,0.0,0.0,0.085,0.0,17.385,0.0,77.869,0.0,0.0,0.0,0.0,0.479,4.181,0.0,0.0,0.0,0.0,0.0,17.385,0.0,0.085,0.0,0.0,0.0,0.0,0.0,0.0,0.0,0.0,0.0,1.33,0.0,0.0,0.0,2.809,0.0,3.883,2.692,0.0,42.185,0.0,0.0,26.896,0.0,0.0,0.0,0.0,0.479,0.0,0.0,0.0,2.255
3-4,Winter,MSC+Fww,18.0,37.3,559071.0,4.88,0.458,22.12,40.88,9.3,15.19,19.4,4.83,1.52,1.4,0.1,0.0,0.0,0.0,0.0,0.0,21.664,0.0,0.0,0.0,0.0,3.489,16.347,0.0,0.0,0.0,0.0,5.081,0.0,0.0,0.0,25.184,0.0,0.0,0.0,0.0,0.0,13.75,4.739,1.524,1.288,0.0,0.0,1.176,0.0,0.0,0.0,0.0,0.0,0.0,0.0,0.0,0.0,0.0,0.0,0.0,0.0,0.0,0.0,0.0,0.0,0.0,0.0,0.0,0.0,0.0,0.0,0.0,0.0,0.0,0.0,0.0,0.0,0.0,0.0,0.0,2.715,0.0,0.0,0.0,0.0,0.0,0.0,0.0,15.362,0.0,0.0,0.0,0.0,0.0,0.0,0.0,0.0,0.0,0.0,0.0,0.0,0.0,3.107,1.149,0.0,0.0,0.0,0.0,0.0,0.0,0.0,0.861,0.0,0.869,0.0,0.0,0.0,0.0,0.0,0.0,0.0,0.0,0.0,0.0,0.0,0.0,0.0,0.0,0.0,1.384,0.0,0.0,0.0,0.0,0.0,0.0,0.0,0.0,0.0,0.0,0.0,0.0,0.0,0.0,0.0,0.0,0.0,0.0,0.0,0.0,0.0,0.0,0.0,2.436,0.0,0.0,0.0,0.0,0.0,0.0,0.0,0.0,4.844,0.0,0.0,0.0,0.0,0.0,0.0,0.0,0.0,0.0,0.0,0.0,0.0,0.0,0.0,0.0,2.079,0.0,0.838,0.0,0.0,0.0,0.0,3.801,0.0,0.0,3.281,0.0,0.0,0.0,0.0,0.0,0.795,0.0,0.0,0.0,0.0,0.0,0.0,0.0,0.0,0.0,0.0,0.0,0.0,0.0,0.0,0.0,0.0,0.0,0.0,0.0,0.0,0.0,0.0,0.0,0.0,0.0,0.0,1.032,35.512,0.0,0.0,0.34,0.0,19.365,0.0,77.25800000000001,0.0,0.0,0.0,0.0,0.054,2.922,0.0,0.062,0.0,0.29,0.0,19.365,0.0,0.046,0.0,0.0,0.0,0.0,0.0,0.0,0.0,0.0,0.0,1.399,0.0,0.0,0.0,8.097000000000001,0.0,2.609,0.406,0.332,38.735,0.058,0.085,22.287,0.0,0.0,0.0,0.0,0.054,0.0,0.0,0.0,6.238
4-4,Spring,MSC+Fww,18.0,37.3,559071.0,5.05,1.1275,31.65,58.95,13.4,20.41,17.91,4.05,0.37,0.31,0.05,0.0,0.0,0.0,1.977,0.0,21.948,0.0,0.0,0.0,0.0,3.083,17.499,0.0,0.0,0.0,0.0,4.191000000000001,0.0,0.0,0.0,22.548,0.0,0.0,0.0,0.0,0.0,15.33,4.609,0.0,1.59,1.388,0.0,0.0,0.0,0.0,0.0,0.0,0.0,0.0,0.0,0.0,0.0,0.0,0.0,0.0,0.0,0.0,0.0,0.0,0.0,0.0,0.0,0.0,0.0,0.0,0.0,0.0,0.0,0.0,0.0,0.0,0.0,0.0,0.0,0.0,3.785,0.0,0.0,0.0,0.0,0.0,0.0,0.0,16.038,0.0,0.0,0.0,0.0,0.0,0.0,0.0,0.0,0.0,0.0,0.0,0.0,0.0,2.404,1.305,0.0,0.0,0.0,0.0,0.0,0.827,0.0,0.0,0.0,0.0,0.0,0.0,0.0,0.0,0.0,0.0,0.0,0.0,0.0,0.0,0.0,0.0,0.0,0.0,0.0,0.0,0.0,0.0,0.0,0.0,0.0,0.0,0.0,0.0,0.0,0.0,0.0,0.0,0.0,0.0,0.0,0.0,0.0,0.0,0.0,0.0,0.0,0.0,0.0,6.373,0.0,0.0,0.0,0.0,0.0,0.0,0.0,0.0,0.982,0.0,0.0,0.0,0.0,0.0,0.0,0.0,0.0,0.0,0.0,0.0,0.0,0.0,0.0,0.0,2.302,0.0,1.165,0.0,0.0,0.816,0.0,5.485,0.0,0.0,2.826,0.0,0.0,0.0,0.0,0.0,0.0,0.0,0.0,0.0,2.182,0.0,0.0,0.0,0.0,0.0,1.066,0.0,0.0,0.0,0.0,0.0,0.0,0.0,0.0,0.0,0.0,0.797,0.0,0.0,0.0,0.0,0.0,0.0,34.694,0.0,0.0,0.324,0.0,22.429,0.0,73.716,0.0,0.0,0.164,0.0,0.048,3.184,0.0,0.136,0.0,0.324,0.0,22.429,0.0,0.0,0.0,0.0,0.0,0.0,0.0,0.0,0.0,0.0,0.0,0.44,0.0,0.0,0.0,27.883,0.0,2.865,0.203,0.29,23.153,0.0,0.415,18.473,0.164,0.0,0.0,0.0,0.048,0.0,0.0,0.0,3.314
1-5,Summer,1SC/2SC,26.0,34.1,590951.0,5.963888722375614,0.4565190927843425,28.09064404662993,50.16319457958444,0.7002927484681472,11.968881142429744,15.468041709041866,1.7814866037962538,0.6084319850545984,0.3665126719474203,0.1464248474069762,0.0,0.0,0.0,1.755,0.0,25.745,0.0,0.0,0.0,0.0,0.0,23.733,0.0,0.0,0.0,0.0,6.492,0.0,0.0,0.0,12.778,0.0,0.0,0.0,0.0,0.0,14.949,4.012,1.915,1.221,1.994,0.0,0.0,0.0,0.0,0.0,0.0,0.0,0.0,0.0,0.0,0.0,0.0,0.0,0.0,0.0,0.0,0.0,0.0,0.0,0.0,0.0,0.0,0.0,0.0,0.0,0.0,0.0,0.0,0.0,0.0,0.0,0.0,0.0,0.0,3.616,0.0,0.0,0.0,0.0,0.0,0.0,0.0,22.914,0.0,0.0,0.833,0.0,0.0,0.0,0.0,0.0,0.0,0.0,0.0,0.0,0.0,0.0,1.33,0.0,0.0,0.0,0.631,0.0,0.0,0.0,0.0,0.0,0.0,0.0,0.0,0.0,0.0,0.0,0.0,0.0,0.0,0.0,0.0,0.0,0.0,0.0,0.0,0.0,0.0,0.0,0.0,0.0,1.169,0.0,0.0,0.0,0.0,0.0,0.0,0.0,0.0,0.0,0.0,0.0,0.0,0.0,0.0,0.0,0.0,0.0,0.0,0.821,1.932,0.0,0.0,0.0,0.0,0.0,0.0,0.0,0.0,1.473,0.0,0.0,0.0,0.0,0.0,0.0,0.0,0.0,0.0,0.0,0.0,0.0,0.0,0.0,0.0,0.0,0.0,0.0,0.0,0.0,3.437,0.0,3.291,0.0,0.0,2.999,0.0,0.0,0.0,0.0,0.0,0.0,0.0,0.0,0.0,0.0,1.309,0.0,0.0,0.0,0.0,0.0,1.78,0.0,0.0,0.81,0.0,0.0,0.0,0.0,0.0,0.0,0.0,0.0,0.0,0.0,0.0,0.0,0.0,30.781,0.0,0.0,0.845,0.0,28.474,0.0,63.397,0.0,0.0,0.573,0.0,0.8340000000000001,2.979,0.0,2.896,0.0,0.767,0.0,28.474,0.0,0.032,0.0,0.0,0.046,0.0,0.0,0.0,0.0,0.0,0.0,1.315,0.0,0.0,0.0,13.442,0.0,1.849,1.335,0.756,27.041,0.479,1.173,16.548,0.573,0.0,0.0,0.0,0.802,0.0,0.0,0.0,5.294
2-5,Fall,1SC/2SC,26.0,34.1,590951.0,6.264048330034671,0.1473619064863245,25.42491900343683,38.572150719772026,0.6183148856673397,7.097056067254307,12.354975825406845,2.044388434912539,0.0,0.0,0.0,0.0,0.0,0.0,2.275,0.0,28.095,0.0,0.0,0.0,0.0,1.683,11.636,0.0,0.0,0.0,0.0,6.441,0.0,0.0,0.0,12.652,0.0,0.0,0.0,0.0,0.0,18.045,5.472,0.0,2.479,2.515,0.0,0.0,0.952,0.0,0.0,0.0,0.0,0.0,0.0,0.0,0.0,0.0,0.0,0.0,0.0,0.0,0.0,0.0,0.0,0.0,0.0,0.0,0.0,0.0,0.0,0.0,0.0,0.0,0.0,0.0,0.0,0.0,0.0,0.0,4.692,0.0,0.0,0.0,0.0,0.0,0.0,0.0,8.809,0.0,0.0,0.0,0.0,0.0,0.0,0.0,0.0,0.0,0.0,0.0,0.0,0.0,0.0,0.0,0.0,0.0,0.0,0.0,0.0,0.0,0.0,0.0,0.0,0.0,0.0,0.0,0.0,0.0,0.0,0.0,0.0,0.0,0.0,0.0,0.0,0.0,0.0,0.0,0.0,0.0,0.0,0.0,0.0,1.288,0.0,0.0,0.0,0.0,0.0,0.0,0.934,0.0,0.0,0.0,0.0,0.0,0.0,0.0,0.0,0.0,0.0,0.0,1.553,0.0,0.0,0.0,0.0,0.0,0.0,0.0,0.0,0.0,0.0,0.0,0.0,0.0,0.0,0.0,0.0,0.0,0.0,0.0,0.0,0.0,0.0,0.0,0.0,0.0,0.0,1.066,0.926,0.0,1.382,1.373,0.0,4.052,0.0,0.0,2.268,0.0,0.0,0.0,0.0,0.0,0.0,0.0,0.0,0.0,0.0,1.522,0.0,0.0,0.0,0.0,0.0,2.018,0.0,0.0,0.0,0.0,0.0,0.0,0.0,0.0,1.615,0.0,0.0,0.0,0.0,0.0,0.0,0.0,36.11,0.0,0.0,2.976,0.0,16.19,0.0,72.907,0.0,0.0,1.659,0.0,1.87,3.539,0.0,0.8570000000000001,0.0,1.281,0.0,16.19,0.0,1.695,0.0,0.0,0.0,0.0,0.0,0.0,0.0,0.0,3.345,1.917,0.0,0.0,0.0,20.881,0.0,1.926,2.949,0.0,29.515,1.004,1.262,10.781,1.659,0.0,0.0,0.0,1.179,0.0,0.0,0.691,3.548
3-5,Winter,1SC/2SC,26.0,34.1,590951.0,6.017689747890161,0.4226893244956011,28.791206682110705,55.7357102534728,0.7501463742340736,22.905166028993943,26.83931302256871,2.62517244238524,0.0036337022866532,0.0036337022866532,0.0,0.0,0.0,0.0,1.128,0.0,25.184,0.0,0.0,0.0,0.0,0.0,20.842,0.0,0.0,0.0,0.0,5.312,0.0,0.0,0.0,15.868,0.0,0.0,0.0,0.0,0.0,11.139,2.694,3.897,6.935,2.568,0.0,0.0,0.0,0.0,0.0,0.0,0.0,0.0,0.0,0.0,0.0,0.0,2.215,0.0,0.0,0.0,0.0,0.0,0.0,0.0,0.0,0.0,0.0,0.0,0.0,0.0,0.0,0.0,0.0,0.0,0.0,0.0,0.0,0.0,2.079,0.0,0.0,0.0,0.0,0.0,0.0,0.0,18.097,0.0,0.0,0.0,0.0,0.0,0.0,0.0,0.0,0.0,0.0,0.0,0.0,0.0,0.0,0.0,0.0,0.0,0.0,0.0,0.0,0.0,0.0,0.0,0.0,0.0,0.0,0.0,0.0,0.0,0.0,0.0,0.0,0.0,0.0,0.0,0.0,0.0,0.0,0.0,0.0,0.9390000000000001,0.0,0.0,0.0,1.621,0.0,0.0,0.0,0.0,0.0,0.0,0.0,0.0,0.0,0.0,0.0,0.0,0.0,0.0,0.0,0.0,0.0,0.0,4.029,0.0,0.0,0.0,0.0,0.0,0.0,0.0,0.0,0.0,0.0,0.0,0.0,0.0,0.0,0.0,0.0,0.0,0.0,0.0,0.0,0.0,0.0,0.873,0.0,0.0,0.0,0.0,2.764,0.0,0.0,8.672,0.0,3.738,0.0,0.0,2.671,0.0,0.0,0.0,0.0,0.0,1.999,0.0,0.0,0.0,0.0,0.883,0.725,0.0,0.0,0.0,0.0,0.0,0.0,0.0,0.0,0.0,0.0,0.0,0.0,0.0,1.19,0.0,0.0,0.0,0.0,0.0,0.0,0.0,30.377,0.202,0.0,1.322,0.0,27.607,0.0,65.102,0.0,0.0,1.198,0.0,1.388,2.834,0.0,0.347,0.202,0.65,0.0,27.607,0.0,0.672,0.0,0.0,0.0,0.0,0.0,0.0,0.0,0.0,0.034,2.24,0.0,0.0,0.0,18.12,0.0,1.557,0.381,0.0,28.211,0.0,0.19,15.254,1.198,0.0,0.0,0.0,1.142,0.0,0.0,0.246,2.296
4-5,Spring,1SC/2SC,26.0,34.1,590951.0,5.6897498378660405,0.7995787214168348,26.935299576445423,41.3754395372882,1.027618702735083,7.982667632341768,17.917482363173935,3.095640839934275,0.0381977862800807,0.0381977862800807,0.0,0.0,0.0,0.0,1.941,0.0,24.648,0.0,0.0,0.0,0.0,0.0,6.262,0.0,0.0,0.0,0.0,4.562,0.0,0.0,0.0,15.441,0.0,0.0,0.0,0.0,0.0,20.835,1.756,6.037,10.748,2.289,0.0,0.0,0.0,0.0,0.0,0.0,0.0,0.0,0.0,0.0,0.0,0.0,0.739,0.0,0.0,0.0,0.0,0.0,0.0,0.0,0.0,0.0,0.0,0.0,0.0,0.0,0.0,0.0,0.0,0.0,0.0,0.0,0.0,0.0,2.562,0.0,0.0,0.0,0.0,0.0,0.0,0.0,5.095,0.0,0.0,0.0,0.0,0.0,0.0,0.0,0.0,0.0,0.0,0.0,0.0,0.0,0.0,0.0,0.0,0.0,0.0,1.852,0.0,0.0,0.0,0.0,0.0,0.0,0.0,0.0,0.0,0.0,0.0,0.0,0.0,0.0,0.0,0.0,0.0,0.0,0.0,0.0,0.0,0.9349999999999999,0.0,0.0,0.0,1.08,0.0,0.0,0.0,0.0,0.0,0.0,0.0,0.0,0.0,0.0,0.0,0.0,0.0,0.713,0.0,0.0,0.0,0.0,6.005,0.0,0.0,0.0,0.0,0.0,0.0,0.0,0.0,0.0,0.0,0.0,0.0,0.0,0.0,0.0,0.0,0.0,0.0,0.0,0.0,0.0,0.0,0.0,0.0,0.0,0.0,0.0,4.743,0.0,0.0,3.395,0.0,3.345,0.0,0.0,2.251,0.0,0.0,0.0,0.0,0.0,2.46,0.0,0.0,0.0,0.0,0.9530000000000001,0.0,0.0,0.0,0.0,0.0,0.0,0.0,0.0,1.594,0.0,0.0,0.0,0.0,0.0,0.0,0.0,0.0,0.0,0.0,0.0,0.0,0.0,39.457,0.129,0.0,0.594,0.0,22.945,0.0,74.564,0.0,0.0,0.437,0.0,0.067,1.202,0.0,0.062,0.129,0.582,0.0,22.945,0.0,0.012,0.0,0.0,0.0,0.0,0.0,0.0,0.0,0.0,0.0,1.364,0.0,0.0,0.0,24.849,0.0,0.0,0.046,0.195,25.893,0.0,0.0,13.782,0.437,0.0,0.0,0.0,0.0,0.0,0.0,0.067,9.699
1-6,Summer,FW+HM+Aww,40.0,38.0,14645.0,6.6,5.7925,19.23,44.32,15.1,6.11,8.848,2.0,0.38,0.19,0.07,0.0,0.0,0.0,0.45,0.0,27.379,0.0,0.933,0.0,0.0,0.0,3.842,0.0,0.0,0.0,0.0,2.044,0.0,4.523,0.0,57.253,0.0,0.0,0.0,0.0,0.0,0.971,0.0,1.087,0.0,0.957,0.0,0.0,0.0,0.0,0.0,0.0,0.0,0.0,0.0,0.0,0.0,0.0,0.0,0.0,0.0,0.0,0.0,1.479,0.0,0.0,0.0,0.0,0.0,0.0,0.0,0.0,0.0,0.0,0.0,0.0,0.0,4.011,1.701,0.0,0.0,0.0,0.0,0.0,3.923,0.0,0.0,0.0,3.421,0.0,0.0,0.0,0.0,0.0,0.0,0.0,0.0,0.0,0.0,0.0,0.0,0.0,4.271,0.0,0.0,0.0,0.0,0.0,0.0,0.0,0.0,0.0,18.313,4.523,1.281,0.0,0.0,0.0,0.0,1.247,0.0,0.0,1.406,0.0,0.0,0.0,0.0,0.0,0.0,0.0,0.0,0.0,0.0,0.0,0.0,0.0,0.0,0.0,0.0,0.0,0.0,0.0,0.0,0.0,0.0,0.0,6.365,0.0,0.0,0.0,0.0,0.0,0.0,0.0,0.0,0.0,0.0,0.0,0.0,0.0,0.0,0.0,0.0,0.0,0.0,0.0,0.0,0.0,0.0,0.0,0.0,0.0,0.0,0.0,0.0,0.0,0.0,0.0,0.0,0.0,0.0,0.0,0.0,16.332,0.0,1.058,0.0,0.0,0.0,0.0,0.0,0.0,0.0,0.0,0.0,0.0,0.0,0.0,2.764,0.0,0.0,0.0,0.0,0.0,0.0,0.0,0.0,0.0,0.0,0.0,0.0,0.0,0.0,0.0,0.0,0.0,0.0,0.0,0.0,0.0,0.0,0.0,13.725,0.0,0.0,0.78,0.0,22.894,0.0,69.938,0.0,0.0,0.111,0.0,0.264,1.491,0.0,4.524,0.0,0.379,0.0,22.894,0.0,0.0,0.0,0.294,0.39,0.0,0.0,0.0,0.0,0.0,0.355,41.906,0.0,0.0,0.0,0.149,0.0,0.7190000000000001,0.245,0.237,16.219,0.669,0.229,9.546,0.0,0.0,0.0,0.0,0.264,0.0,0.0,0.0,5.026
2-6,Fall,FW+HM+Aww,40.0,38.0,14645.0,6.74,0.797,16.05,28.87,13.3,5.91,6.239,2.2,4.98,2.34,1.15,0.0,0.0,0.0,0.966,0.0,31.887,0.0,0.641,0.0,0.0,0.0,0.9410000000000001,0.0,0.0,0.0,0.0,1.557,0.0,1.863,0.0,57.586,0.0,0.0,0.0,0.0,0.0,1.415,0.0,0.567,0.0,1.219,0.0,0.0,0.0,0.0,0.0,0.0,0.0,0.0,0.0,0.0,0.0,0.0,0.0,0.0,0.0,0.0,0.0,3.134,0.0,0.0,0.0,0.0,0.0,0.0,0.0,0.0,0.0,0.0,0.0,0.0,0.0,1.206,2.106,0.0,0.0,0.0,0.0,0.0,2.466,0.0,0.0,0.0,0.0,0.0,0.0,0.0,0.0,0.0,0.0,0.0,0.0,0.0,0.0,0.0,0.0,0.0,1.972,0.0,0.0,0.0,0.0,0.0,0.0,0.0,0.0,0.0,13.804,1.863,0.0,0.0,0.0,0.0,0.0,1.071,0.0,0.0,0.0,0.0,0.0,0.0,0.0,0.0,0.0,0.0,0.0,0.0,0.0,0.0,0.0,0.0,0.0,0.0,0.0,0.0,0.0,0.0,0.0,0.0,0.0,0.0,5.395,0.0,0.0,0.0,0.0,0.0,0.0,0.0,0.0,0.0,0.0,0.0,0.0,0.0,0.0,0.0,0.0,0.0,0.0,0.0,0.0,0.0,0.0,0.895,0.0,0.0,0.0,0.0,0.0,0.0,0.0,0.0,0.0,0.0,0.0,0.0,0.0,20.807,0.0,3.008,0.0,0.0,0.0,0.0,0.0,0.0,5.632,0.0,0.0,0.0,0.0,0.0,1.952,0.0,0.0,0.0,0.0,0.0,0.0,0.0,0.0,0.0,0.0,0.0,0.0,0.0,0.0,0.0,0.0,0.0,0.0,0.0,0.925,0.0,0.0,0.0,15.368,0.0,0.0,1.08,0.0,16.611,0.0,79.847,0.0,0.0,0.0,0.0,0.0,2.46,0.0,0.0,0.0,0.348,0.0,16.611,0.312,0.0,0.0,0.876,0.732,0.0,0.0,0.0,0.012,0.0,0.252,12.902,0.0,0.0,0.0,0.0,0.0,1.02,0.216,0.0,41.67,1.764,0.408,21.795,0.0,0.0,0.0,0.24,0.0,0.0,0.0,0.0,0.8400000000000001
3-6,Winter,FW+HM+Aww,40.0,38.0,14645.0,7.76,4.5125,22.87,90.55,31.9,11.5,8.29,2.1,5.3,2.3,0.8,0.0,0.0,0.0,0.0,0.0,37.916,0.0,0.73,0.0,0.0,0.48,0.0,0.0,0.0,0.0,0.0,1.351,0.0,4.843,0.0,47.983,0.0,0.0,0.0,0.0,0.0,0.637,2.875,0.904,0.0,1.054,0.0,0.0,0.0,0.0,0.0,0.0,0.0,0.0,0.0,0.0,0.0,0.0,0.8160000000000001,0.0,0.0,0.0,0.0,0.0,0.0,0.0,0.0,0.0,0.0,0.0,0.0,0.0,0.0,0.0,0.0,0.0,0.0,2.4,0.0,0.0,0.0,0.0,0.0,0.0,2.71,0.0,0.0,0.0,0.0,0.0,0.0,0.0,0.0,0.0,0.0,0.0,0.0,0.0,0.0,0.8710000000000001,0.0,0.0,3.965,0.0,0.0,0.0,0.0,0.0,0.0,0.0,0.0,0.0,9.525,4.843,0.0,0.0,0.0,0.0,0.0,1.457,0.0,0.0,0.0,0.0,0.0,0.0,0.0,0.0,0.0,0.0,0.0,0.0,0.0,0.0,0.0,0.0,0.0,0.0,0.0,0.0,0.0,0.0,0.0,0.0,0.0,0.0,5.429,0.0,0.0,0.0,0.0,0.0,0.0,0.0,0.0,0.0,0.0,0.0,0.0,0.0,0.0,0.0,0.0,0.0,0.0,0.0,0.0,0.0,0.0,1.874,0.0,0.0,0.0,0.0,0.0,0.0,0.0,0.0,0.0,0.0,0.0,0.0,0.0,26.255,0.0,1.814,0.0,0.0,0.0,2.748,0.0,0.0,0.0,0.0,0.0,0.0,0.0,0.0,1.61,0.0,0.0,0.0,0.0,0.0,0.0,0.0,0.0,0.0,0.0,0.0,0.0,0.0,0.0,0.0,0.0,0.0,0.0,0.0,0.965,0.0,0.0,0.0,19.209,0.0,0.0,1.183,0.0,22.913,0.0,65.25800000000001,0.0,0.0,0.0,0.0,0.575,3.853,0.0,6.218,0.0,1.132,0.0,22.913,0.0,0.0,0.0,1.876,0.051,0.0,0.0,0.0,0.0,0.0,0.422,22.44,0.0,0.0,0.0,0.0,0.0,1.757,0.338,0.0,29.993,0.0,0.0,11.913,0.0,0.0,0.0,0.22,0.575,0.0,0.0,0.0,6.37
4-6,Spring,FW+HM+Aww,40.0,38.0,14645.0,6.79,9.044,27.88,68.76,24.2,14.6,13.81,3.1,5.45,2.33,1.16,0.0,0.0,0.0,0.626,0.0,34.646,0.0,1.223,0.0,0.0,0.0,0.452,0.0,0.0,0.0,0.0,0.615,0.0,6.461,0.0,53.348,0.0,0.0,0.0,0.0,0.0,0.5479999999999999,0.0,0.348,0.0,0.719,0.0,0.0,0.0,0.0,0.0,0.0,0.0,0.0,0.0,0.0,0.0,0.0,0.0,0.0,0.0,0.0,0.0,0.0,0.0,0.0,0.0,0.0,0.0,0.0,0.0,0.0,0.0,0.0,0.0,0.0,0.0,1.675,0.0,0.0,0.8009999999999999,0.0,0.0,0.0,3.32,0.0,0.0,0.0,0.0,0.0,0.0,0.0,0.0,0.0,0.0,0.0,0.0,0.0,0.0,0.7450000000000001,0.0,0.0,4.256,0.0,0.0,0.0,0.0,0.0,0.0,0.0,0.0,0.0,9.906,6.461,0.882,0.0,0.0,0.0,0.0,2.079,0.0,0.0,1.234,0.0,0.0,0.0,0.0,0.0,0.0,0.0,0.0,0.0,0.0,0.0,0.0,0.0,0.0,0.0,0.0,0.0,0.0,0.0,0.0,0.0,0.0,0.0,7.331,0.0,0.0,0.0,0.0,0.0,0.0,0.0,0.0,0.0,0.0,0.0,0.0,0.0,0.0,0.0,0.0,0.0,0.0,0.0,0.0,0.0,0.0,1.553,0.0,0.0,0.0,0.0,0.0,0.0,0.0,0.0,0.0,0.0,0.0,0.0,0.0,26.199,0.0,1.378,0.0,0.0,0.0,0.0,0.0,0.0,0.0,0.0,0.0,0.0,0.0,0.0,1.363,0.0,0.0,0.0,0.0,0.0,0.0,0.0,0.0,0.0,0.0,0.0,0.0,0.0,0.0,0.0,0.0,0.0,0.0,0.0,0.0,0.0,0.0,0.0,18.356,0.0,0.0,0.5489999999999999,0.0,22.222,0.0,76.343,0.0,0.0,0.0,0.0,0.0,0.488,0.0,0.398,0.0,0.412,0.0,22.222,0.0,0.0,0.0,0.0,0.137,0.0,0.0,0.0,0.0,0.0,0.223,42.971,0.0,0.393,0.0,0.854,0.0,0.488,0.218,0.0,26.996,0.863,0.128,3.612,0.0,0.0,0.0,0.0,0.0,0.0,0.0,0.0,0.483
1-7,Summer,MSC+HM,22.6,35.0,472558.0,6.65,0.856,15.95,20.72,0.2,6.1,7.936,2.2,0.07,0.07,0.0,0.0,0.0,4.504,1.937,0.0,31.499,0.0,0.0,3.581,0.0,5.27,1.838,0.0,0.0,0.0,0.0,8.01,0.0,0.0,0.0,8.024,0.0,0.0,0.0,0.0,0.0,21.814,4.987,0.0,0.0,0.0,0.0,0.0,0.0,0.0,0.0,0.0,0.0,0.0,0.0,0.0,0.0,0.0,0.0,0.0,0.0,0.0,0.0,0.0,1.126,0.0,0.0,0.0,0.0,0.0,0.0,0.0,0.0,0.0,0.0,0.0,0.0,0.0,0.0,0.0,13.858,0.0,0.0,0.0,0.0,2.848,0.0,0.0,0.0,0.0,0.0,0.0,0.0,0.0,0.0,0.0,0.0,0.0,0.0,0.0,0.0,0.0,4.258,3.266,0.0,1.799,0.0,0.0,1.33,0.0,0.0,3.184,0.0,0.0,0.0,0.0,0.0,0.0,0.0,0.0,0.0,0.0,0.0,0.0,0.0,0.0,0.0,0.0,0.0,0.0,0.0,0.0,0.0,0.0,0.0,0.0,0.0,0.0,0.0,4.255,0.0,0.0,0.0,0.0,0.0,0.0,0.0,0.0,0.0,0.0,0.0,0.0,0.0,0.0,0.0,0.0,0.0,0.0,0.0,0.0,0.0,0.0,0.0,0.0,0.0,0.0,0.0,0.0,0.0,0.0,0.0,0.0,0.0,0.0,0.0,0.0,0.0,0.0,0.0,2.137,0.0,1.71,1.135,0.0,0.0,0.0,0.0,0.0,3.497,0.0,0.0,0.0,0.0,0.0,0.0,0.0,0.0,0.0,0.0,1.683,1.177,0.0,0.0,0.0,0.0,0.0,0.0,0.0,0.0,0.0,0.0,0.0,0.0,0.0,0.0,0.0,0.0,0.0,0.0,0.0,0.0,0.0,26.624,0.0,0.12,0.8350000000000001,0.0,14.823,0.0,73.206,0.0,0.0,0.0,0.0,2.73,4.179,0.0,4.109,0.0,0.399,0.0,14.823,0.0,0.436,0.0,0.0,0.0,0.0,0.0,0.074,0.0,0.0,0.0,0.269,0.0,0.0,0.0,9.094999999999999,0.0,2.841,0.383,18.624,36.26600000000001,0.086,0.541,4.86,0.0,0.0,0.0,0.0,2.625,0.0,0.0,0.105,8.535
2-7,Fall,MSC+HM,22.6,35.0,472558.0,6.31,0.0805,17.3,27.11,2.1,1.27,4.82,2.17,0.32,0.11,0.12,0.0,0.0,2.543,0.0,0.0,22.998,0.0,0.0,3.834,0.0,3.065,6.957,0.0,0.0,0.0,0.0,7.505,0.0,0.0,0.0,9.441,0.0,0.0,0.0,0.0,0.0,11.021,19.783,0.0,0.0,3.649,0.0,0.0,0.0,0.0,0.0,1.967,0.0,0.0,0.0,0.0,0.0,0.0,0.0,0.0,0.0,0.0,0.0,0.0,0.0,0.0,0.0,0.0,0.0,0.0,0.0,0.0,0.0,0.0,0.0,0.0,0.0,0.0,0.0,0.0,8.612,0.0,0.0,0.0,0.0,3.176,0.0,0.0,4.302,0.0,1.127,0.0,0.0,0.0,1.303,0.0,0.0,0.0,0.0,0.0,0.0,0.0,4.323,1.826,0.0,0.0,0.0,0.0,0.0,0.0,0.0,4.525,0.0,0.0,0.0,0.0,0.0,0.0,0.0,0.0,0.0,0.0,0.0,0.0,0.0,0.0,0.0,0.0,0.0,0.0,0.0,0.0,0.0,0.0,0.0,0.0,0.0,0.0,0.0,3.051,0.0,0.0,0.0,0.0,0.0,0.0,0.0,0.0,0.0,0.0,0.0,0.0,0.0,0.0,0.0,0.0,0.0,0.0,0.0,0.0,0.0,0.0,2.168,0.0,0.0,0.0,0.0,0.0,0.0,0.0,0.0,0.0,0.0,0.0,0.0,0.0,0.0,0.0,0.0,0.0,0.0,0.0,0.0,0.0,0.0,0.0,0.0,0.0,2.882,0.0,0.0,0.0,0.0,0.0,0.0,0.0,0.0,0.0,0.0,1.374,0.0,0.0,0.0,0.0,0.0,0.0,0.0,0.0,0.0,0.0,0.0,0.0,0.0,0.0,1.061,0.0,0.0,0.0,0.0,0.0,1.404,0.0,31.821,0.0,0.0,4.296,0.0,12.901,0.0,64.797,0.0,0.0,0.0,0.0,1.978,15.838,0.0,0.189,0.0,1.197,0.0,12.901,0.0,3.099,0.0,0.0,0.0,0.0,0.0,0.0,0.013,0.0,0.0,0.0,0.0,0.0,0.0,18.444,0.0,3.44,1.499,8.681,9.891,0.781,0.328,22.477,0.0,0.0,0.0,0.0,1.814,0.0,0.0,0.164,15.27
3-7,Winter,MSC+HM,22.6,35.0,472558.0,6.22,0.302,28.78,49.17,1.2,22.92,11.8,5.7,0.03,0.02,0.01,0.0,0.0,0.0,0.0,0.0,14.01,0.0,0.0,0.0,0.0,4.416,18.477,0.0,0.0,0.0,0.0,6.199,0.0,0.0,0.0,15.442,0.0,0.0,0.0,0.0,0.0,9.976,12.961,0.0,2.813,4.255,0.0,2.211,0.0,0.0,0.0,3.821,0.0,0.0,0.0,0.0,0.0,0.0,0.0,0.0,0.0,0.0,0.0,0.0,0.0,0.0,0.0,0.0,0.0,0.0,0.0,0.0,0.0,0.0,0.0,0.0,0.0,0.0,0.0,0.0,4.683,0.0,0.0,0.0,0.0,0.0,0.0,0.0,10.17,0.0,0.0,0.0,0.0,0.0,6.067,0.0,0.0,0.0,0.0,0.0,0.0,0.0,8.333,0.0,0.0,0.0,0.0,0.0,0.0,0.0,0.0,2.425,0.0,0.0,0.0,0.0,0.0,0.0,0.0,0.0,0.0,0.0,0.0,0.0,0.0,0.0,0.0,0.0,0.0,0.0,0.0,0.0,0.0,0.0,0.0,0.0,0.0,0.929,0.0,0.0,0.0,0.0,0.0,1.381,0.0,0.0,0.0,0.0,0.0,0.0,0.0,0.0,0.0,0.0,0.0,0.0,0.0,0.0,0.0,0.0,0.0,0.0,0.0,0.0,0.0,0.0,0.0,0.0,0.0,0.0,0.0,0.0,0.0,0.0,0.0,0.0,0.0,0.0,1.222,0.0,2.403,1.062,0.0,0.0,0.0,2.137,0.0,0.0,2.628,0.0,0.0,0.0,0.0,0.0,0.0,0.0,0.0,0.0,0.0,1.749,0.0,0.0,0.0,0.0,0.0,0.0,0.0,0.0,0.0,0.0,0.0,0.0,0.0,0.0,1.201,0.0,0.0,0.0,0.0,0.0,0.0,0.0,27.525,0.0,0.0,4.714,0.0,20.705,0.0,69.682,0.0,0.0,0.0,0.0,1.4,2.078,0.0,1.421,0.0,0.886,0.0,20.705,0.0,3.828,0.0,0.0,0.0,0.0,0.0,0.0,0.0,0.0,0.0,0.0,0.0,0.0,0.0,18.955,0.0,1.389,0.0,0.0,33.348,0.0,0.0,16.898,0.0,0.0,0.0,0.0,1.4,0.0,0.0,0.0,2.591
4-7,Spring,MSC/HM,22.6,35.0,472558.0,6.347221430366251,0.6793545003999508,24.51559478413232,39.52903696477469,0.9612904659322242,14.089463959979517,15.401937476457917,2.4268819912053123,0.0,0.0,0.0,0.0,0.0,1.79,2.045,0.0,25.489,0.0,0.0,0.0,0.0,1.937,16.988,0.0,0.0,0.0,0.0,5.633999999999999,0.0,0.0,0.0,17.817,0.0,0.0,0.0,0.0,0.0,12.56,5.943,0.0,2.789,0.0,0.0,0.0,0.833,0.0,0.0,0.0,0.0,0.0,0.0,0.0,0.0,0.0,0.0,0.0,0.0,0.0,0.0,0.0,0.816,0.0,0.0,0.0,0.0,0.0,0.0,0.0,0.0,0.0,0.0,0.0,0.0,0.0,0.0,0.0,5.019,0.0,0.0,0.0,0.0,0.0,0.0,0.0,15.045,0.0,0.0,0.0,0.0,0.0,0.0,0.0,0.0,0.0,0.0,0.0,0.0,0.0,3.328,1.91,0.0,0.0,0.0,0.0,0.0,0.0,0.0,0.0,0.0,0.0,0.0,0.0,0.0,0.0,0.0,0.0,0.0,0.0,0.0,0.0,0.0,0.0,0.0,0.0,0.0,0.0,0.0,0.802,0.0,0.0,0.0,0.0,0.0,0.783,0.0,0.0,0.0,0.0,0.0,0.0,0.0,0.0,0.0,0.0,0.0,0.0,0.0,0.0,0.0,0.0,0.0,0.0,0.0,0.0,0.0,0.0,0.0,0.0,0.0,0.0,0.0,0.0,0.0,0.0,0.0,0.0,0.0,0.0,0.0,0.0,0.0,0.0,0.0,0.0,0.0,0.0,2.442,0.0,0.0,0.0,0.0,8.674,0.0,0.0,2.491,0.0,0.0,0.0,0.0,0.0,0.0,0.0,0.0,0.0,1.189,1.89,0.0,0.0,0.0,0.0,0.0,0.0,0.0,0.763,0.0,0.0,0.0,0.0,0.0,0.0,0.745,0.0,0.0,0.0,0.0,0.0,0.0,0.0,35.028,0.0,0.0,0.0,0.0,23.193,0.0,75.925,0.0,0.0,0.0,0.0,0.0,0.881,0.0,0.0,0.0,0.0,0.0,23.193,0.0,0.0,0.0,0.0,0.0,0.0,0.0,0.0,0.0,0.0,0.0,0.363,0.0,0.0,0.0,23.798,0.0,0.577,0.0,0.0,33.154,0.0,1.312,13.9,0.0,0.0,0.0,0.0,0.0,0.0,0.0,0.0,3.702
1-8,Summer,MSC/Fww,14.4,35.1,694137.0,4.4586347284557855,,24.165641321525865,35.68516985839971,9.482391804499688,12.058587209729492,8.244452750681782,4.526770623090255,0.0425797789197233,0.0461928120817648,0.0,0.0,0.0,0.0,0.0,0.0,24.105,0.0,0.0,0.0,0.0,9.822,9.119,0.0,0.0,0.0,0.0,9.67,0.0,0.0,0.0,26.092,0.0,0.0,0.0,0.0,0.0,5.854,2.204,2.624,3.179,0.0,0.0,1.431,0.0,0.0,0.0,0.0,0.0,0.0,0.0,0.0,0.0,0.0,0.0,0.0,0.0,0.0,0.0,0.0,0.0,0.0,0.0,0.0,0.0,0.0,0.0,0.0,0.0,0.0,0.0,0.0,0.0,0.0,0.0,0.0,6.118,0.0,0.0,0.0,0.0,0.0,0.0,0.0,6.393,0.0,0.0,0.0,0.0,0.0,0.0,0.0,0.0,0.0,0.0,0.0,0.0,0.0,6.48,0.0,0.0,0.0,0.0,0.0,0.0,0.0,0.0,0.0,0.0,0.0,0.0,0.0,0.0,0.0,0.0,0.0,0.0,0.0,0.0,0.0,0.0,0.0,0.0,0.0,0.0,0.0,0.0,0.0,0.0,0.0,0.0,0.0,0.0,0.0,0.0,0.0,0.0,0.0,0.0,0.0,0.0,0.0,0.0,0.0,0.0,0.0,0.0,0.0,0.881,0.0,0.0,0.0,0.0,0.0,0.0,0.0,0.0,0.0,0.8949999999999999,0.0,0.0,0.0,0.0,0.0,0.0,0.0,0.0,0.0,0.0,0.0,0.0,0.0,0.0,0.0,3.947,0.997,2.251,5.267,0.0,0.0,0.0,6.19,0.0,0.0,5.849,0.0,0.0,0.0,0.0,0.0,1.033,0.0,0.0,0.0,1.913,1.32,0.0,0.0,0.0,0.0,0.0,0.0,0.0,0.0,0.0,0.0,0.0,0.0,0.0,0.0,1.388,0.0,0.0,0.0,0.0,0.0,0.0,0.0,33.34,0.0,0.02,0.828,0.012,13.683,0.0,77.56700000000001,0.0,0.01,0.004,0.0,0.163,4.691,0.0,3.019,0.0,0.533,0.0,13.683,0.0,0.275,0.0,0.0,0.02,0.0,0.0,0.0,0.0,0.0,0.0,0.229,0.0,0.0,0.0,25.46,0.0,3.739,0.328,2.307,20.494,0.286,0.249,27.381,0.0,0.0,0.0,0.0,0.102,0.0,0.0,0.061,4.824
2-8,Fall,MSC/Fww,14.4,35.1,694137.0,4.362912848224593,0.0200710781877352,31.525108444010336,48.19389804894424,9.621780426630478,4.4686342033345,9.044369100047971,3.4806872850748483,1.6592925748087195,1.3775518953751205,0.133869668379585,0.0,0.0,0.0,0.0,0.0,20.731,0.0,0.0,0.0,0.0,18.248,10.937,0.0,0.0,0.0,0.0,2.765,0.0,0.0,0.0,20.699,0.0,0.0,0.0,0.0,0.0,2.943,13.249,1.192,3.771,0.982,0.0,0.0,0.0,0.0,0.0,0.0,0.0,0.0,0.0,0.0,0.0,0.0,0.0,0.0,0.0,0.0,0.0,0.0,0.0,0.0,0.0,0.0,0.0,0.0,0.0,0.0,0.0,0.0,0.0,0.0,0.0,0.0,0.0,0.0,2.535,0.0,0.0,0.0,0.0,0.0,0.0,0.0,8.61,0.0,0.0,0.0,0.0,0.0,0.0,0.0,0.0,0.0,0.0,0.0,0.0,0.0,5.022,0.0,0.0,0.0,0.0,0.0,0.0,0.0,0.0,0.0,0.0,0.0,0.0,0.0,0.0,0.0,0.0,0.0,0.0,0.0,0.0,0.0,0.0,0.0,0.0,0.0,0.0,0.0,0.0,0.0,0.0,0.0,0.0,0.0,0.0,0.0,0.0,0.0,0.0,0.0,0.0,0.0,0.0,0.0,0.0,0.0,0.0,0.0,0.0,0.0,2.109,0.0,0.0,0.0,0.0,0.0,0.0,0.0,0.0,0.0,1.724,0.0,0.0,0.0,1.192,0.0,0.0,0.0,0.0,1.181,0.0,0.0,0.0,0.0,0.0,0.0,16.806,0.0,1.328,0.777,0.0,2.067,0.0,9.270999999999999,0.0,0.0,0.0,0.0,0.0,0.0,0.0,0.0,0.0,0.0,0.0,0.0,1.251,0.987,0.0,0.0,0.0,0.0,0.0,0.0,0.0,0.0,0.0,0.0,0.0,0.0,0.0,0.0,0.0,1.177,0.0,0.0,0.0,0.0,0.0,0.0,30.892,0.0,0.0,1.139,0.0,16.493,0.0,70.553,0.0,0.0,0.0,0.0,0.548,11.266,0.0,0.0,0.0,0.942,0.0,16.493,0.0,0.197,0.0,0.0,0.0,0.0,0.0,0.0,0.0,0.0,0.0,1.063,0.0,0.0,0.0,10.795,0.0,4.888,0.471,2.323,13.195,0.0,0.427,30.356,0.0,0.0,0.0,0.0,0.548,0.0,0.0,0.0,18.301
3-8,Winter,MSC/Fww,14.4,35.1,694137.0,5.618137831260198,0.3853737994084741,17.618437988466255,30.73300630855292,1.6232314370217984,33.31835895507659,10.801907980701216,9.236607975082729,0.1359361768642213,0.0493550552700691,0.047226066324083,0.0,0.0,0.0,0.0,0.8,18.504,0.0,0.0,0.0,0.0,23.722,15.162,0.0,0.0,0.0,0.0,3.816,0.0,0.0,0.0,16.8,0.0,0.0,0.0,0.0,0.0,3.601,4.467000000000001,2.669,5.779,0.0,0.0,0.0,0.0,0.0,0.0,0.0,0.0,0.0,3.931,0.0,0.0,0.0,0.0,0.0,0.0,0.0,0.0,0.0,0.0,0.0,0.0,0.0,0.0,0.0,0.0,0.0,0.0,0.0,0.0,0.0,0.0,0.0,0.0,0.0,2.549,0.0,0.0,0.0,0.0,0.0,0.0,0.0,13.952,0.0,0.0,0.0,0.0,0.0,0.0,0.0,0.0,0.0,0.0,0.0,0.0,0.0,1.753,1.076,0.0,0.0,0.0,0.0,0.0,0.0,0.0,0.0,0.0,0.0,0.0,0.0,0.0,0.0,0.0,0.0,0.0,0.0,0.0,0.0,0.0,0.0,0.0,0.0,0.0,1.684,0.0,0.0,0.0,0.0,0.0,0.0,0.0,0.0,0.0,0.917,1.74,0.0,0.0,0.0,0.0,0.0,0.0,0.0,0.0,0.0,0.0,0.0,1.43,0.0,0.0,0.0,0.0,0.0,0.0,0.0,0.0,0.0,2.093,0.0,0.0,0.0,0.0,0.0,0.0,0.0,0.0,0.0,0.0,0.0,0.0,0.0,0.0,0.0,22.207,0.0,0.0,0.0,0.0,0.0,0.0,2.743,0.0,0.0,2.537,0.0,0.0,0.0,0.0,0.0,1.167,0.0,0.0,0.0,1.507,0.0,0.0,0.0,0.0,0.0,0.0,0.0,0.0,0.0,0.0,0.0,0.0,0.0,0.0,0.0,0.0,0.0,0.0,0.0,0.0,0.0,0.0,0.0,25.052,0.0,0.0,0.0,0.0,18.247,0.0,77.143,0.0,0.0,0.0,0.0,0.552,3.133,0.0,0.925,0.0,0.0,0.0,18.247,0.0,0.0,0.0,0.0,0.0,0.0,0.0,0.0,0.0,0.0,0.0,1.461,0.0,0.0,0.0,12.37,0.0,2.419,0.179,0.0,29.172,0.0,0.0,28.734,0.0,0.0,0.0,0.0,0.552,0.0,0.0,0.0,6.866000000000001
4-8,Spring,MSC/Fww,14.4,35.1,694137.0,4.601160080989902,,25.271983887906856,49.15995041324695,8.72115562201698,12.567482701541628,13.85909170668038,3.686442733927164,0.3513523699212115,0.2175451820029763,0.0708390994861245,0.0,0.0,0.0,0.0,0.0,17.643,0.0,0.0,0.0,0.0,12.724,19.971,0.0,0.0,0.0,0.0,7.949000000000001,0.0,0.0,0.0,19.665,0.0,0.0,0.0,0.0,0.0,4.934,1.982,4.046,4.237,1.438,0.0,0.0,0.0,0.0,0.0,0.639,0.0,0.0,0.0,0.0,0.0,0.0,0.0,0.0,0.0,0.0,0.0,0.0,0.0,0.0,0.0,0.0,0.0,0.0,0.0,0.0,0.0,0.0,0.0,0.0,0.0,0.0,0.0,0.0,4.69,0.0,0.0,0.0,0.0,0.0,0.0,0.0,17.373,0.0,0.0,0.0,0.0,0.0,0.0,0.0,0.0,0.0,0.0,0.0,0.0,0.0,4.036,0.696,0.0,0.0,0.0,0.0,0.0,0.0,0.0,0.0,0.0,0.0,0.0,0.0,0.0,0.0,0.0,0.0,0.0,0.0,0.0,0.0,0.0,0.0,0.0,0.0,0.0,0.0,0.0,0.0,0.0,0.0,0.0,0.0,0.0,0.0,0.0,0.0,0.0,0.0,0.0,0.0,0.0,0.0,0.0,0.0,0.0,0.0,0.0,0.0,0.0,0.0,0.0,0.0,0.0,0.0,0.0,0.0,0.0,0.0,0.0,0.0,0.0,0.0,0.0,0.0,0.0,0.0,0.0,0.0,0.0,0.0,0.0,0.0,0.0,0.0,10.09,0.0,3.449,1.171,0.0,3.902,0.0,4.337,0.0,0.0,4.93,0.0,0.0,0.0,0.0,0.0,1.642,0.0,0.0,0.0,2.141,1.229,0.0,0.0,0.0,0.0,0.0,0.0,0.0,0.0,0.0,0.0,0.0,0.0,0.0,0.0,1.022,0.0,0.0,0.0,0.0,0.0,0.0,0.0,23.51,0.0,0.0,0.489,0.0,18.902,0.0,79.98599999999999,0.0,0.0,0.419,0.0,0.061,0.0,0.0,0.141,0.0,0.353,0.0,18.902,0.0,0.136,0.0,0.0,0.0,0.0,0.0,0.0,0.0,0.0,0.0,1.02,0.0,0.0,0.0,27.829,0.0,0.0,0.0,0.0,24.837,0.0,0.108,25.581,0.419,0.0,0.0,0.0,0.0,0.0,0.0,0.061,0.752
1-9,Summer,FW,39.0,36.2,72778.0,4.14,,21.75,43.49,15.6,18.4,7.685,3.83,2.49,2.39,0.2,0.0,0.0,0.0,0.279,0.0,32.653,0.0,0.156,0.0,0.0,0.0,0.827,0.0,0.0,0.0,0.0,0.0,0.0,0.0,0.0,60.781,0.0,1.061,0.0,0.0,0.0,1.325,0.0,1.599,0.935,0.242,0.0,0.0,0.0,0.0,0.0,0.0,0.0,0.0,0.0,0.0,1.296,0.0,0.0,0.0,0.0,0.0,0.0,1.626,0.0,0.0,0.0,0.0,0.0,0.0,0.0,0.0,0.0,0.0,0.0,0.0,0.0,0.0,0.0,0.0,0.0,0.0,0.0,0.0,2.357,0.0,0.0,0.0,0.0,0.0,0.0,0.0,0.0,0.0,0.0,0.0,4.908,0.0,0.0,0.0,0.0,0.0,1.619,0.0,0.0,0.0,0.0,0.0,0.0,0.0,0.0,0.0,10.972,0.0,1.646,0.0,0.0,0.0,0.0,1.803,0.0,0.0,2.8,0.0,0.0,0.0,0.0,0.0,0.0,0.0,0.0,0.0,0.0,0.0,0.0,0.0,0.0,0.0,0.0,0.0,2.779,0.0,0.0,0.0,0.0,0.0,1.507,0.0,0.0,0.0,0.0,0.0,0.0,0.0,0.0,0.0,0.0,0.0,0.0,0.0,0.0,0.0,0.0,0.0,0.0,0.0,0.0,0.0,0.0,15.221,0.0,0.0,0.0,0.0,0.0,0.0,0.0,0.0,0.0,0.0,0.0,0.0,0.0,0.0,0.0,0.0,0.0,0.0,0.0,0.0,0.0,0.0,0.0,0.0,0.0,0.0,0.0,0.0,6.266,0.0,0.0,0.0,4.884,0.0,0.0,0.0,0.0,0.0,0.0,0.0,1.534,0.0,0.0,0.0,0.0,0.0,0.0,0.0,0.0,0.0,0.0,0.0,22.0,0.0,0.0,0.069,0.0,0.144,0.0,91.379,0.0,0.0,0.0,0.0,0.0,2.876,0.0,5.532,0.0,0.069,0.0,0.144,0.0,0.0,0.0,1.107,0.0,0.0,0.0,0.0,0.0,20.29,0.0,70.057,0.0,0.0,0.0,0.052,0.0,1.769,0.03,0.0,0.453,0.292,0.0,0.205,0.0,0.0,0.0,0.0,0.0,0.0,0.0,0.0,5.532
2-9,Fall,FW,39.0,36.2,72778.0,4.46,0.0,31.02,334.51,107.0,67.11,31.334,3.13,3.46,2.61,0.67,0.0,0.0,0.0,0.135,0.0,43.274,0.0,0.204,0.0,0.0,0.0,0.05,0.0,0.0,0.0,0.0,0.0,0.0,0.0,0.0,48.727,0.0,1.182,0.0,0.0,0.0,0.179,0.037,3.463,2.741,0.0,0.0,0.0,0.0,0.0,0.0,0.0,0.0,0.0,0.0,0.0,3.463,0.0,2.723,0.0,0.0,0.0,0.0,0.0,0.0,0.0,0.0,0.0,0.0,0.0,0.0,0.0,0.0,0.0,0.0,0.0,0.0,0.0,0.0,0.0,0.0,0.0,0.0,0.0,2.98,0.0,0.0,0.0,0.0,0.0,0.0,0.0,0.0,0.0,0.0,0.0,2.86,0.0,0.0,2.502,0.0,0.0,3.908,0.0,2.726,0.0,0.0,0.0,0.0,0.0,0.0,0.0,0.889,0.0,0.0,0.0,0.0,0.0,0.0,0.0,0.0,0.0,3.181,0.0,1.182,0.0,0.0,0.0,0.0,0.0,0.0,0.0,0.0,0.0,0.0,0.0,0.0,0.0,0.0,0.0,7.68,0.0,0.0,0.0,0.0,0.0,3.401,0.0,0.0,0.0,0.0,0.0,0.0,0.0,0.0,0.0,0.0,0.0,0.0,0.0,0.0,0.0,0.0,0.0,0.0,0.0,0.0,0.0,0.0,35.36,0.0,0.0,0.0,0.0,0.0,0.0,0.0,0.0,0.0,0.0,0.0,0.0,0.0,0.0,0.0,0.0,0.0,0.0,0.0,0.0,0.0,0.0,0.0,0.0,0.0,0.0,0.0,0.0,0.0,0.0,0.0,0.0,3.338,0.0,0.0,0.0,0.0,0.0,0.0,0.0,2.808,0.0,0.0,0.0,0.0,0.0,0.0,0.0,0.0,0.0,0.0,0.0,13.619,0.0,0.0,0.225,0.0,0.0,0.0,83.16099999999999,0.0,0.0,0.0,0.0,0.0,13.6,0.0,3.013,0.0,0.225,0.0,0.0,0.0,0.0,0.0,0.568,0.0,0.0,0.0,0.0,0.0,18.583,0.0,63.336,0.0,0.0,0.0,0.159,0.0,13.032,0.079,0.0,1.004,0.0,0.0,0.0,0.0,0.0,0.0,0.0,0.0,0.0,0.0,0.0,3.013
3-9,Winter,FW,39.0,36.2,72778.0,4.93,0.533,16.24,222.01,85.4,174.02,44.06,5.77,3.7,3.7,0.0,0.0,0.0,0.0,0.345,0.0,27.269,0.0,0.0,0.0,0.0,0.0,11.241,0.0,0.0,0.0,0.0,0.0,0.0,0.0,0.0,56.526,0.0,0.0,0.0,0.105,0.0,0.034,0.745,1.181,2.348,0.15,0.0,0.0,0.0,0.0,0.0,0.0,0.0,0.0,0.0,0.0,1.005,0.0,12.02,0.0,0.0,0.0,0.0,0.0,0.0,0.0,0.0,0.0,0.0,0.0,0.0,0.0,0.0,0.0,0.0,0.0,0.0,0.0,0.0,0.0,0.0,0.0,0.0,0.0,1.563,0.0,0.0,0.0,0.0,0.0,0.0,0.0,0.0,0.0,0.0,0.0,0.0,0.0,0.0,0.0,0.0,0.0,3.483,0.0,2.348,0.0,0.0,0.0,0.0,0.0,0.0,0.0,18.723,0.0,1.433,0.0,0.0,0.0,0.0,0.0,0.0,0.0,0.0,0.0,0.0,0.0,0.0,0.0,0.0,0.0,0.0,0.0,0.0,0.0,0.0,0.0,0.0,0.0,0.0,1.204,0.0,0.0,0.0,0.0,0.0,0.0,6.451,0.0,0.0,0.0,0.0,0.0,0.0,0.0,0.0,0.0,0.0,0.0,0.0,0.0,0.0,0.0,0.0,0.0,0.0,0.0,0.0,0.0,0.0,18.91,0.0,0.0,0.0,0.0,0.0,0.0,0.0,0.0,0.0,0.0,0.0,0.0,0.0,0.0,0.0,0.722,0.0,0.0,0.0,0.0,0.0,0.0,0.0,0.0,0.0,0.0,0.0,0.0,0.8160000000000001,0.0,0.0,0.0,0.96,0.0,0.0,0.0,0.0,0.0,0.0,0.0,1.867,0.0,0.0,0.0,11.241,0.0,0.0,0.0,0.0,0.0,0.0,0.0,10.266,0.0,0.0,0.0,0.0,0.05,0.0,20.339,0.0,0.0,0.0,0.0,0.0,8.616,0.0,70.99600000000001,0.0,0.0,0.0,0.05,0.0,0.0,0.0,0.845,0.0,0.0,0.0,0.0,0.0,8.834,0.0,11.505,0.0,0.0,0.0,0.0,0.0,7.771,0.0,0.0,0.0,0.0,0.0,0.0,0.0,0.0,0.0,0.0,0.0,0.0,0.0,0.0,70.99600000000001
4-9,Spring,FW,39.0,36.2,72778.0,4.75,0.0,162.13,287.64,110.6,122.91,12.69,4.35,0.69,0.69,0.0,0.0,0.0,0.0,0.188,0.0,24.31,0.0,0.099,0.0,0.0,0.0,1.11,0.0,0.0,0.0,0.0,0.0,0.0,0.0,0.0,70.05199999999999,0.0,0.0,0.0,0.732,0.0,0.0,1.419,1.343,0.372,0.152,0.0,0.0,0.0,0.0,0.0,0.0,0.0,0.0,0.0,0.0,0.0,0.0,2.872,0.0,0.0,0.0,0.0,0.0,0.0,1.139,0.0,0.0,0.0,0.0,0.0,0.0,0.0,0.0,0.0,0.0,0.0,0.0,0.0,0.0,0.0,0.0,0.0,0.0,1.777,0.0,0.0,0.0,0.0,0.0,0.0,0.0,0.0,0.0,0.0,0.0,0.0,0.0,0.0,0.0,0.0,0.0,4.255,0.0,0.0,0.0,0.0,0.0,0.0,0.0,0.0,0.0,28.588,0.0,5.352,0.0,0.0,0.0,0.0,0.0,0.0,0.0,0.0,0.0,0.0,0.0,0.0,0.0,0.0,0.0,0.0,0.0,0.0,0.0,0.0,0.0,0.0,0.0,0.0,2.576,1.043,0.0,0.0,0.0,0.0,0.0,1.628,0.0,0.0,0.0,0.0,0.0,0.0,0.0,0.0,0.0,0.0,0.0,0.0,0.0,0.0,0.0,0.0,0.0,0.0,0.0,0.0,0.0,0.0,3.171,0.0,0.0,0.0,0.0,0.0,0.0,0.0,0.0,0.0,0.0,0.0,0.0,0.0,0.0,0.0,6.151,0.0,0.0,0.0,1.063,0.0,0.0,0.0,0.0,0.0,0.0,0.0,0.0,2.735,0.0,0.0,0.0,0.0,0.0,0.0,0.0,0.0,0.0,0.0,0.0,2.57,0.0,0.0,0.0,1.11,0.0,0.0,0.0,0.0,0.0,0.0,0.0,24.309,0.0,0.0,0.17,0.0,1.407,0.0,86.145,0.0,0.0,0.0,0.0,0.043,11.967,0.0,0.268,0.0,0.17,0.0,1.407,0.0,0.0,0.0,7.707000000000001,0.0,0.0,0.0,0.0,0.0,0.405,0.0,77.184,0.0,0.0,0.0,1.493,0.0,3.797,0.0,0.0,6.484,0.0,0.0,0.412,0.0,0.0,0.0,0.463,0.043,0.0,0.0,0.0,0.435
1-10,Summer,1SC/2SC,22.3,36.6,182865.0,6.785671791217049,0.6690466628387061,18.6360556147978,13.428875946736664,0.2,7.648541875153803,4.877314576326799,2.047436141415799,0.1020109917151997,0.0828839307685997,0.0191270609465999,0.0,5.548,2.082,2.503,0.0,30.075,0.0,0.0,1.546,0.0,0.0,20.503,0.0,0.0,0.0,0.0,9.281,0.0,0.0,0.0,6.403,0.0,0.0,0.0,0.0,0.0,6.788,7.868,0.0,0.0,0.0,0.0,0.0,0.0,0.0,0.0,0.0,0.0,0.0,0.0,0.0,0.0,5.548,0.0,0.0,0.0,0.0,0.0,0.0,1.654,0.0,0.0,0.0,0.0,0.0,0.0,0.0,0.0,0.0,0.0,0.0,0.0,0.0,0.0,0.0,28.088,0.0,0.0,0.0,0.0,0.0,0.0,0.786,20.503,0.0,0.0,0.0,0.0,0.7929999999999999,0.0,0.0,0.0,0.0,0.0,0.0,0.0,0.0,4.203,0.0,0.0,0.0,0.0,0.0,0.0,0.0,0.0,3.838,0.0,0.0,0.0,0.0,0.0,0.0,0.0,0.0,0.0,0.0,0.0,0.0,0.0,0.0,0.0,0.0,0.0,0.0,0.0,0.0,0.0,0.0,0.0,0.0,0.0,0.0,0.0,0.0,0.0,0.0,0.0,0.0,0.0,0.0,0.0,0.0,0.0,0.0,0.0,0.0,0.0,0.0,0.0,0.0,0.0,0.0,0.0,0.0,0.0,0.0,0.0,0.0,0.0,0.0,0.0,0.0,0.0,0.0,0.0,0.0,0.0,0.0,0.0,0.0,0.0,0.0,0.0,1.357,0.695,0.702,0.0,0.0,0.0,0.0,0.0,0.0,3.392,0.0,0.0,0.0,0.0,0.0,0.0,0.0,0.0,0.0,0.0,3.084,0.0,0.0,0.0,0.0,0.0,0.0,0.0,0.0,0.0,0.0,0.0,0.0,0.0,0.0,0.0,0.0,0.0,0.765,0.0,0.656,0.0,0.0,14.13,0.0,0.642,4.534,0.0,27.767,0.0,50.798,0.0,0.0,0.0,0.0,0.199,2.884,0.0,13.175,0.0,0.753,0.0,27.767,0.0,3.777,0.0,0.0,0.004,0.0,0.0,0.642,0.0,0.0,0.0,0.432,0.0,0.0,0.0,6.2,0.0,2.164,0.281,3.749,28.797,0.044,0.058,10.555,0.0,0.0,0.0,0.0,0.199,0.0,0.0,0.0,14.577
2-10,Fall,MSC,22.3,36.6,182865.0,7.08,0.6265,16.9,37.8,1.0,4.12,7.765,2.77,0.04,0.01,0.01,0.0,0.0,6.018,2.336,0.0,10.511,0.0,0.0,2.672,0.0,1.753,19.545,0.0,0.0,0.0,0.0,8.24,0.0,0.0,0.0,8.904,0.0,0.0,0.0,0.0,0.0,8.905000000000001,23.251,0.0,0.0,0.0,0.0,0.0,1.65,0.0,0.0,1.049,0.0,0.0,0.0,0.0,0.0,0.0,0.0,0.0,0.0,0.0,0.0,0.0,4.954,0.0,0.0,0.0,0.0,0.0,0.0,0.0,0.0,0.0,0.0,0.0,0.0,0.0,0.0,0.0,5.572,0.0,0.0,0.0,0.0,0.0,0.0,0.0,10.887,0.0,0.0,0.0,0.0,0.0,0.0,0.0,0.0,0.0,0.0,0.0,0.0,0.0,1.947,0.0,0.0,0.0,0.0,0.0,0.0,0.0,0.0,6.769,0.0,0.0,0.0,0.0,0.0,0.0,0.0,0.0,0.0,0.0,0.0,0.0,0.0,0.0,0.0,0.728,0.0,0.0,0.0,0.0,0.0,0.0,0.0,0.0,0.0,0.0,0.0,0.0,0.0,0.0,0.0,0.0,0.0,0.0,0.0,0.0,0.0,0.0,0.0,0.0,0.0,0.0,0.0,0.0,0.0,0.0,0.0,0.0,0.0,0.0,0.0,0.0,0.0,0.0,0.0,0.0,0.0,0.0,0.0,0.0,0.0,0.0,0.0,0.0,0.0,0.0,0.0,1.243,0.0,0.0,0.943,0.0,0.0,3.131,0.0,0.0,4.05,0.0,0.0,0.0,0.0,0.0,0.0,0.0,0.0,0.0,0.0,2.834,0.0,0.0,0.0,0.0,0.0,0.0,0.0,0.0,0.0,0.0,0.0,0.0,0.0,0.0,0.0,8.064,0.0,1.747,0.0,0.0,0.0,0.0,28.081,0.0,0.0,0.158,0.0,36.2,0.0,56.997,0.0,0.0,0.0,0.0,0.0,5.394,0.0,1.253,0.0,0.0,0.0,36.2,0.0,0.158,0.0,0.0,0.0,0.0,0.0,0.0,0.0,0.0,0.0,0.271,0.0,0.0,0.0,3.882,0.0,3.498,0.575,3.938,26.01,2.415,0.361,16.08,0.0,0.0,0.0,0.0,0.0,0.0,0.0,0.0,6.614
3-10,Winter,MSC,22.3,36.6,182865.0,7.2,1.466,19.37,32.26,0.7,10.44,12.87,3.25,0.02,0.01,0.01,0.0,0.0,2.86,2.347,0.0,9.562,0.0,0.0,2.451,0.0,1.752,18.347,0.0,0.0,0.0,0.0,9.212,0.0,0.0,0.0,10.678,0.0,0.0,0.0,0.0,0.0,10.247,24.98,0.0,0.0,0.0,0.0,0.0,1.847,0.0,0.0,0.0,0.0,0.0,0.0,0.0,0.0,0.0,0.0,0.0,0.0,0.0,0.0,0.0,2.26,0.0,0.0,0.0,0.0,0.0,0.0,0.0,0.0,0.0,0.0,0.0,0.0,0.0,0.0,0.0,4.54,0.0,0.0,0.0,0.0,0.0,0.0,0.0,10.975,0.0,0.0,0.0,0.0,1.108,0.0,0.0,0.0,0.0,0.0,0.0,0.0,0.0,2.165,0.0,0.0,0.0,0.0,0.0,0.0,0.0,0.0,1.934,0.0,0.0,0.0,0.0,1.005,0.0,0.0,0.0,0.0,0.0,0.0,0.0,0.0,0.0,0.0,0.758,0.0,0.0,0.0,0.0,0.0,0.0,0.0,0.0,0.0,0.0,0.0,0.0,0.0,0.0,0.0,0.0,0.0,0.0,0.0,0.0,0.0,0.0,0.0,0.0,0.0,0.0,0.0,0.0,0.0,0.0,0.0,0.0,0.0,0.0,0.0,0.0,0.0,0.0,0.0,0.0,0.0,0.0,0.0,0.0,0.0,0.0,0.0,0.0,0.0,0.0,0.0,1.061,0.0,0.0,0.0,0.0,0.0,6.387,0.0,0.0,4.636,0.0,0.0,0.0,0.0,0.0,0.0,0.0,0.0,0.0,0.0,2.952,0.0,0.0,0.0,0.0,0.0,0.0,0.0,0.0,0.0,0.0,0.0,0.0,0.0,0.0,0.0,6.935,0.0,1.807,0.0,0.0,0.0,0.0,35.418,0.0,0.0,0.552,0.0,21.587,0.0,61.069,0.0,0.0,0.0,0.0,0.0,5.446,0.0,11.346,0.0,0.0,0.0,21.587,0.0,0.552,0.0,0.0,0.0,0.0,0.0,0.0,0.0,0.0,0.0,1.165,0.0,0.0,0.0,10.572,0.0,3.238,0.0,0.0,34.736,0.245,0.589,10.561,0.0,0.0,0.0,0.0,0.0,0.0,0.0,0.0,16.755
4-10,Spring,MSC,22.3,36.6,182865.0,6.37,1.615,21.75,34.79,0.8,8.23,10.75,2.55,0.66,0.05,0.44,0.0,0.0,1.505,2.256,0.0,3.118,0.0,0.0,0.0,0.0,0.0,33.025,13.986,0.0,0.0,0.0,0.0,0.0,0.0,0.0,23.234,0.0,0.0,0.0,1.243,0.0,12.155,0.0,1.43,2.693,0.0,0.0,0.0,0.0,0.0,0.0,0.0,0.0,0.0,0.0,0.0,0.984,0.0,0.0,0.0,0.0,0.0,0.0,0.0,1.047,0.0,0.0,0.0,0.0,0.0,0.0,0.0,0.0,0.0,0.0,0.0,0.0,0.0,0.0,0.0,0.0,0.0,0.0,0.0,6.474,0.0,0.0,0.9380000000000001,0.0,0.0,0.0,0.0,0.0,0.0,0.0,0.0,0.0,0.0,13.986,1.821,0.0,0.0,2.08,0.0,0.0,0.0,0.0,0.0,0.0,0.0,0.0,0.0,0.0,0.0,0.0,0.0,2.416,0.0,0.0,0.0,0.0,0.0,0.0,0.0,0.0,0.0,0.0,0.0,0.0,0.0,0.0,0.0,0.0,0.0,0.0,0.0,0.0,0.0,0.0,0.0,0.0,0.0,0.0,0.0,0.0,0.0,1.161,0.0,0.0,0.0,0.0,0.0,0.0,0.0,0.0,0.0,0.0,0.0,0.0,0.0,0.0,0.0,0.0,0.0,1.09,0.0,0.0,0.0,0.0,0.0,0.0,0.0,0.0,0.0,0.0,1.201,0.0,0.0,0.0,0.0,0.0,0.0,0.0,0.0,0.0,1.87,0.0,0.0,0.0,0.0,0.0,0.0,0.0,0.0,0.0,0.0,0.0,0.0,1.516,0.0,0.0,0.0,0.0,0.0,0.929,0.0,0.0,0.0,0.0,0.0,0.0,0.0,0.0,0.0,0.0,32.399,0.0,0.0,0.0,0.0,0.0,0.0,13.38,0.0,0.0,0.013,0.0,5.491,0.0,90.824,0.0,0.0,0.0,0.0,0.0,3.098,0.0,0.573,0.0,0.0,0.0,5.491,0.0,0.013,0.0,0.0,0.0,0.0,0.0,0.0,0.0,0.0,0.013,3.045,0.0,0.0,0.0,41.73,0.0,2.269,0.066,0.313,20.967,6.438,2.234,15.538,0.0,0.0,0.0,0.0,0.0,0.0,0.0,0.0,1.882
1-11,Summer,(HM)1S/2S,36.0,33.0,93343.0,6.818351705702864,0.4880992024190367,21.881162627634865,11.462972084666289,2.119825583943205,8.53389938209387,4.524946448135325,2.425448967965292,0.5509882115780709,0.4530549103816994,0.0135536175993689,0.0,0.0,2.539,2.725,0.0,13.88,0.0,0.0,0.0,0.0,0.0,3.242,0.0,0.0,0.0,0.0,8.957,0.0,0.0,0.0,15.887,0.0,0.0,0.0,0.0,0.0,27.967,2.247,0.0,5.246,0.0,0.0,4.463,0.0,0.0,0.0,0.0,0.0,0.0,0.0,0.0,0.0,1.105,0.0,0.0,0.0,0.0,0.0,0.0,0.0,0.0,0.0,0.0,0.0,0.0,0.0,0.0,0.0,0.0,0.0,0.0,0.0,0.0,0.0,0.0,6.11,0.0,0.0,0.0,0.0,1.099,0.0,0.0,1.713,0.0,0.0,0.0,0.0,0.0,0.0,0.0,0.0,0.0,0.0,0.0,0.0,0.0,1.643,0.0,0.0,0.0,0.0,0.0,0.0,0.0,0.0,0.0,0.0,0.0,0.0,0.0,0.0,0.0,0.0,0.0,0.0,0.0,0.0,0.0,0.0,0.0,0.0,0.0,0.0,0.0,0.0,0.0,0.0,0.0,0.0,0.0,0.0,0.0,0.0,1.067,0.0,0.0,0.0,0.0,0.0,0.0,0.0,0.0,0.0,0.0,0.0,0.0,5.211,4.112,0.0,0.0,0.0,0.0,0.0,0.0,0.0,0.0,0.0,0.0,0.0,0.0,0.0,0.0,0.0,0.0,0.0,0.0,0.0,0.0,0.0,0.0,0.0,0.0,0.0,4.225,0.0,0.0,1.649,0.0,0.0,12.14,0.0,0.0,4.19,0.0,0.0,0.0,0.0,0.0,0.0,0.0,0.0,0.0,0.0,1.66,0.0,0.0,0.0,0.0,0.0,0.0,0.0,0.0,0.0,0.0,0.0,0.0,0.0,0.0,0.0,0.0,0.0,0.0,0.0,0.0,0.0,0.0,24.391,0.0,0.115,2.204,0.0,18.857,0.0,70.743,0.0,0.0,0.0,0.0,0.355,3.306,0.0,4.418,0.0,0.5780000000000001,0.0,18.857,0.0,1.619,0.0,0.0,0.0,0.0,0.0,0.115,0.0,0.0,0.0,0.289,0.0,0.0,0.0,21.813,0.0,1.0,0.571,2.323,32.25,0.116,0.101,12.24,0.0,0.0,0.0,0.0,0.275,0.0,0.0,0.08,7.706
2-11,Fall,(HM)1SC/2SC,36.0,33.0,93343.0,6.913574507875924,0.17836974012884,15.654419562645169,34.56312853323984,0.3,3.761580262062316,8.473856873657917,1.6527306192208246,0.0401652131995267,0.0167768087996844,0.01,0.0,7.904,0.0,0.0,0.0,12.153,0.0,0.0,2.133,0.0,0.0,9.595,0.0,0.0,0.0,0.0,5.311,0.0,0.0,0.0,4.322,0.0,0.0,0.0,0.0,0.0,25.453,8.217,0.0,6.714,0.0,0.0,4.675,0.0,0.0,0.0,0.0,0.0,0.0,0.0,0.0,0.0,7.904,0.0,0.0,0.0,0.0,0.0,0.0,0.0,0.0,0.0,0.0,0.0,0.0,0.0,0.0,0.0,0.0,0.0,0.0,0.0,0.0,0.0,0.0,4.915,0.0,0.0,0.0,0.0,1.308,0.0,0.0,9.249,0.0,0.0,0.0,0.0,0.0,0.0,0.0,0.0,0.0,0.0,0.0,0.0,0.0,1.616,0.0,0.0,0.0,0.0,0.0,0.0,0.0,0.0,1.398,0.0,0.0,0.0,0.0,0.0,0.0,0.0,0.0,0.0,0.0,0.0,0.0,0.0,0.0,0.0,0.0,0.0,0.0,0.0,0.0,0.0,0.0,0.0,0.0,0.0,0.0,0.0,0.0,0.0,0.0,0.0,0.0,0.0,0.0,0.0,0.0,0.0,0.0,0.0,0.0,6.698,0.0,0.0,0.0,0.0,0.0,0.0,0.0,0.0,0.0,0.0,0.0,0.0,0.0,0.0,0.0,0.0,0.0,0.0,0.0,0.0,0.0,0.0,0.0,0.0,0.0,0.0,2.678,0.0,0.0,1.514,0.0,0.0,0.0,0.0,0.0,1.022,0.0,0.0,0.0,0.0,0.0,0.0,0.0,0.0,0.0,0.0,1.556,0.0,0.0,0.0,0.0,0.0,0.0,0.0,0.0,0.0,0.0,0.0,0.0,0.0,0.0,0.0,0.0,0.0,0.0,0.0,0.0,0.0,0.0,25.731,0.0,0.0,8.575,0.0,20.16,0.0,66.186,0.0,0.0,0.0,0.0,0.0,3.653,0.0,1.426,0.0,0.0,0.0,20.16,0.0,7.288,0.0,0.0,1.287,0.0,0.0,0.0,0.0,0.0,0.0,0.0,0.0,0.0,0.0,18.925,0.0,2.557,1.548,0.0,31.536,0.0,0.0,14.02,0.0,0.0,0.0,0.0,0.0,0.0,0.0,0.0,2.679
3-11,Winter,(HM)1SC/2SC,36.0,33.0,93343.0,6.487773150777418,0.3688011306367501,25.92332880494325,50.89161707349139,0.5338840439984224,19.80309478942986,20.344226740873832,3.840324291160875,0.01,0.01,0.0,0.0,2.743,3.026,0.0,0.0,20.232,0.0,0.0,0.0,0.0,0.0,9.524,0.0,0.0,0.0,0.0,7.578,0.0,0.0,0.0,6.273,0.0,0.0,0.0,0.0,0.0,28.679,5.548,0.0,4.12,1.922,0.0,0.0,0.0,0.0,0.0,0.0,0.0,0.0,0.0,0.0,0.0,2.743,0.0,0.0,0.0,0.0,0.0,0.0,0.0,0.0,0.0,0.0,0.0,0.0,0.0,0.0,0.0,0.0,0.0,0.0,0.0,0.0,0.0,0.0,4.97,0.0,0.0,0.0,0.0,0.0,0.0,0.0,9.162999999999998,0.0,0.0,0.0,0.0,0.0,0.0,0.0,0.0,0.0,0.0,0.0,0.0,0.0,0.0,0.0,0.0,0.0,0.0,0.0,0.0,0.0,0.0,2.468,0.0,0.0,0.0,1.334,0.0,0.0,0.0,0.0,0.0,0.0,0.0,0.0,0.0,0.0,0.0,0.0,0.0,0.0,0.0,0.0,0.0,0.0,0.0,0.0,0.0,0.0,0.0,1.317,0.0,0.0,0.0,0.0,0.0,0.0,0.0,0.0,0.0,0.0,0.0,0.0,4.011,2.942,0.0,0.0,0.0,0.0,0.0,0.0,0.0,0.0,0.0,0.0,0.0,0.0,0.0,0.0,0.0,0.0,0.0,0.0,0.0,0.0,0.0,0.0,0.0,0.0,0.0,2.166,0.0,0.0,1.088,0.0,0.0,3.155,0.0,0.0,4.121,0.0,0.0,0.0,0.0,0.0,0.0,0.0,0.0,0.0,0.0,0.0,0.0,0.0,0.0,0.0,0.0,1.347,0.0,0.0,0.0,0.0,0.0,0.0,0.0,0.0,0.0,0.0,0.0,0.0,0.0,0.0,0.0,0.0,28.725,0.0,0.0,4.543,0.0,10.221,0.0,56.424,0.0,0.0,0.194,0.0,1.371,2.149,0.0,25.097,0.0,0.0,0.0,10.221,0.0,3.254,0.0,0.0,1.289,0.0,0.0,0.0,0.0,0.0,0.0,0.0,0.0,0.0,0.0,25.577,0.0,0.0,0.184,0.143,22.724,0.0,0.0,7.489,0.194,0.0,0.0,0.0,1.064,0.0,0.0,0.307,27.553
4-11,Spring,(HM)1SC/2SC,36.0,33.0,93343.0,6.526029727975622,0.9171267364915202,23.911052631578947,55.90476970945265,0.6694202199921119,11.782153906832026,17.117153249485078,1.5805797800078882,0.0,0.0,0.0,0.0,4.199,2.346,2.143,0.0,13.133,0.0,0.0,0.0,0.0,0.0,16.385,0.0,0.0,0.0,0.0,6.098,0.0,0.0,0.0,12.035,0.0,0.0,0.0,0.0,0.0,19.759,7.144000000000001,0.0,8.341999999999999,0.0,0.0,0.0,3.186,0.0,0.0,0.727,0.0,0.0,0.0,0.0,0.0,4.199,0.0,0.0,0.0,0.0,0.0,0.0,1.22,0.0,0.0,0.0,0.0,0.0,0.0,0.0,0.0,0.0,0.0,0.0,0.0,0.0,0.0,0.0,2.756,0.0,0.0,0.0,0.0,0.0,0.0,0.0,14.8,0.0,0.0,0.0,0.0,0.0,0.0,0.0,0.0,0.0,0.0,0.0,0.0,0.0,0.0,0.0,0.0,0.0,0.0,0.0,0.0,0.0,0.0,1.953,0.0,0.0,0.0,0.0,0.0,0.0,0.0,0.0,0.0,0.0,0.0,0.0,0.0,0.0,0.0,0.0,0.0,0.0,0.0,0.0,0.0,0.0,0.0,0.0,0.0,0.0,0.0,0.0,0.0,0.0,0.0,0.0,0.0,0.0,0.0,0.0,0.0,0.0,0.0,0.0,8.277,1.598,0.0,0.0,0.0,0.0,0.0,0.0,0.0,0.0,0.0,0.0,0.0,0.0,0.0,0.0,0.0,0.0,0.0,0.0,0.0,0.0,0.0,0.0,0.0,0.0,0.0,2.005,0.0,0.0,1.735,0.0,0.0,8.690999999999999,0.0,0.0,2.752,0.0,0.0,0.0,0.0,0.0,0.0,0.0,0.0,0.0,0.0,1.395,0.0,0.0,0.0,0.0,0.0,0.0,0.0,0.0,0.0,0.0,0.0,0.0,0.0,0.0,0.0,0.0,0.0,1.023,0.0,0.0,0.0,0.0,28.099,0.0,0.0,2.848,0.0,12.235,0.0,84.158,0.0,0.0,0.0,0.0,0.0,0.661,0.0,0.099,0.0,0.383,0.0,12.235,0.0,1.09,0.0,0.0,1.375,0.0,0.0,0.0,0.0,0.0,0.0,0.98,0.0,0.0,0.0,42.314,0.0,0.661,0.0,0.447,24.946,0.0,0.226,14.955,0.0,0.0,0.0,0.0,0.0,0.0,0.0,0.0,0.389
1-11b,Summer,(HM)1S/2S,40.0,35.0,93394.0,6.949700179751519,,23.55,,,,,,,,,0.0,13.999,0.0,3.502,0.0,13.382,0.0,0.0,0.0,0.0,0.0,0.0,0.0,0.0,0.0,0.0,9.794,0.0,0.0,0.0,3.593,0.0,0.0,0.0,0.0,0.0,23.206,2.356,0.0,4.542999999999999,0.0,0.0,2.326,0.0,0.0,0.0,0.0,0.0,0.0,0.0,0.0,0.0,13.999,0.0,0.0,0.0,0.0,0.0,0.0,0.0,0.0,0.0,0.0,0.0,0.0,0.0,0.0,0.0,0.0,0.0,0.0,0.0,0.0,0.0,0.0,7.098,0.0,0.0,0.0,0.0,0.0,0.0,0.0,0.0,0.0,0.0,0.0,0.0,0.0,0.0,0.0,0.0,0.0,0.0,0.0,0.0,0.0,0.0,0.0,0.0,0.0,0.0,0.0,0.984,0.0,0.0,1.149,0.0,0.0,0.0,0.0,0.0,0.0,0.0,0.0,0.0,0.0,0.0,0.0,0.0,0.0,0.0,0.0,0.0,0.0,0.0,0.0,0.0,0.0,0.0,0.0,0.0,0.0,0.0,0.0,0.0,0.0,0.0,0.0,0.0,0.0,0.0,0.0,0.0,0.0,0.0,0.0,4.523,1.034,0.0,0.0,0.0,0.0,0.0,0.0,0.0,0.0,0.0,0.0,0.0,0.0,0.0,0.0,0.0,0.0,0.0,0.0,0.0,0.0,0.0,0.0,0.0,0.0,0.0,2.759,0.0,0.0,0.0,0.0,0.0,0.0,0.0,0.0,5.137,0.0,0.0,0.0,0.0,0.0,0.0,0.0,0.0,0.0,0.0,1.076,0.0,0.0,0.0,0.0,0.0,2.054,0.0,0.0,0.0,0.0,0.0,0.0,0.0,0.0,0.0,0.0,0.0,0.0,0.0,0.0,0.0,0.0,19.221,0.0,0.0,3.949,0.0,14.887,0.0,72.136,0.0,0.0,0.0,0.0,1.234,3.792,0.0,4.002,0.0,1.151,0.0,14.887,0.0,2.753,0.0,0.0,0.0,0.0,0.0,0.0,0.0,0.0,0.233,0.421,0.0,0.0,0.0,18.145,0.0,1.016,0.685,4.927,34.304,0.188,0.158,11.088,0.0,0.0,0.0,0.0,0.181,0.0,0.0,1.053,8.765
1-12,Summer,FW+Aww,24.0,36.5,36812.0,5.41,5.23,32.48,96.81,45.8,7.87,12.644,9.8,21.17,4.17,0.64,0.0,0.0,0.0,0.0,0.0,41.585,0.0,0.7870000000000001,0.0,0.0,0.0,2.621,0.0,0.0,0.0,0.68,0.577,0.0,0.0,0.0,49.079,0.0,0.0,0.0,0.0,0.0,0.149,2.884,0.753,0.0,0.583,0.0,0.0,0.0,0.0,0.0,0.0,0.0,0.0,0.0,0.0,0.0,0.0,3.916,0.0,0.0,0.0,0.0,1.18,0.0,0.0,0.0,0.0,0.0,0.864,0.0,0.0,0.0,0.0,1.185,0.0,0.0,3.016,0.0,0.0,0.0,0.0,0.0,0.0,0.911,0.0,0.0,0.0,0.0,0.0,0.0,0.0,0.0,0.0,0.0,0.0,0.0,0.0,0.0,0.0,0.0,0.0,0.0,0.0,0.0,0.0,0.0,0.0,0.0,0.0,0.0,0.0,11.601,0.0,0.0,0.0,0.0,0.0,0.0,0.0,0.0,2.074,0.0,0.0,0.0,0.0,0.0,0.0,0.0,0.0,0.0,0.0,0.0,0.0,0.0,0.0,0.0,0.0,0.0,0.0,0.0,0.0,0.0,0.0,0.0,1.555,0.0,0.0,0.0,0.0,1.046,0.0,0.0,0.0,0.0,0.0,0.0,0.0,0.0,0.0,0.0,0.0,0.0,0.0,0.0,0.0,0.0,0.0,0.0,0.0,0.0,0.0,0.0,0.0,0.0,0.0,0.0,0.0,0.0,0.0,0.0,0.0,0.0,28.655,0.0,0.0,0.0,0.0,0.0,2.193,0.0,0.0,0.0,0.0,0.0,0.0,0.0,1.389,6.134,0.0,0.0,0.0,0.0,0.0,0.0,0.0,0.0,0.0,0.0,0.0,0.0,0.0,0.0,0.0,2.599,0.0,0.0,0.0,0.0,0.0,0.0,0.0,19.16,0.0,0.0,0.081,0.0,0.216,0.0,93.785,0.0,0.0,0.0,0.0,0.043,3.816,0.0,2.059,0.0,0.065,0.0,0.216,0.399,0.016,0.0,2.91,0.0,0.0,0.0,0.0,0.0,0.0,0.0,5.561999999999999,0.0,0.022,0.0,0.156,0.0,0.016,0.0,0.0,79.293,0.49,0.0,8.009,0.0,0.0,0.0,0.086,0.043,0.0,0.0,0.0,2.717
2-12,Fall,FW+Aww,24.0,36.5,36812.0,5.25,3.2,70.33,128.28,32.9,14.59,14.79,12.78,6.97,3.85,1.49,0.0,0.0,0.0,0.0,0.0,29.873,0.0,1.387,0.0,0.0,0.0,2.156,0.0,0.0,0.0,1.498,0.318,0.0,0.0,0.0,57.557,0.0,0.0,0.0,0.0,0.0,0.291,4.079,1.84,0.0,0.47,0.0,0.0,0.0,0.0,0.0,0.0,0.0,0.0,0.0,0.0,0.0,0.0,6.215,0.0,0.0,0.0,0.0,0.0,0.0,0.0,0.0,0.0,0.0,0.0,0.0,0.0,0.0,0.0,0.0,1.498,0.0,1.117,0.0,0.0,2.325,0.0,0.0,0.0,0.0,0.0,0.0,0.0,0.0,0.0,0.0,0.0,0.0,0.0,0.0,0.0,0.0,0.0,0.0,0.0,0.0,0.0,0.0,0.0,0.0,0.0,0.0,0.0,0.0,0.0,0.0,0.0,19.183,0.0,0.0,0.0,0.0,0.0,0.0,0.0,0.0,1.64,0.0,0.0,0.0,0.0,0.0,0.0,0.0,0.0,1.318,0.0,0.0,0.0,0.0,0.0,0.0,0.0,0.0,0.0,0.0,0.0,0.0,0.0,0.0,1.733,0.0,0.0,0.0,0.0,0.0,0.0,0.0,0.0,0.0,0.0,0.0,0.0,0.0,0.0,0.0,0.0,0.0,0.0,0.0,0.0,0.0,0.0,0.0,0.0,0.0,0.0,0.0,1.355,0.0,0.0,0.0,0.0,0.0,0.0,0.0,0.0,0.0,13.511,0.0,0.0,0.0,0.0,0.0,2.497,0.0,0.0,0.0,0.0,0.0,0.0,0.0,1.402,2.837,0.0,0.0,0.0,0.0,0.0,0.0,0.0,0.0,0.0,0.0,0.0,0.0,0.0,0.0,1.463,2.156,0.0,0.0,0.0,0.0,0.0,0.0,0.0,23.404,0.0,0.0,0.06,0.0,0.169,0.0,96.84800000000001,0.0,0.0,0.891,0.0,0.0,1.674,0.0,0.361,0.0,0.06,0.0,0.169,0.169,0.0,0.0,1.469,0.0,0.0,0.0,0.0,0.0,0.0,0.0,1.264,0.048,0.0,0.0,0.0,0.0,0.0,0.0,0.0,81.123,1.987,0.0,10.523,0.891,0.0,0.0,0.0,0.0,0.0,0.0,0.0,2.3
3-12,Winter,FW+Aww,24.0,36.5,36812.0,4.32,0.0,46.02,115.59,42.8,16.18,15.8,12.75,4.7,2.53,0.412,0.0,0.0,0.0,0.0,0.0,25.365,0.0,0.26,0.0,0.0,0.0,0.521,0.0,0.0,0.0,0.313,0.393,0.0,0.0,0.0,69.8,0.0,0.0,0.0,0.0,0.101,0.0,1.955,0.98,0.0,0.242,0.0,0.0,0.0,0.0,0.0,0.0,0.0,0.0,0.0,0.0,0.0,0.0,0.878,0.0,0.0,0.0,0.0,0.0,0.0,0.64,0.0,0.0,0.0,0.0,0.0,0.0,0.0,0.0,0.0,0.0,0.0,0.671,0.0,0.0,0.979,0.0,0.0,0.0,0.8479999999999999,0.0,0.0,0.0,0.0,0.0,0.0,0.0,0.0,0.0,0.0,0.0,0.0,0.0,0.0,0.0,0.0,0.0,1.31,0.0,0.0,0.0,0.0,0.0,0.0,0.0,0.0,0.0,47.093,0.0,2.14,0.0,0.0,0.0,0.0,0.0,0.0,0.86,0.0,0.0,0.0,0.0,0.0,0.0,0.0,0.0,0.0,0.0,0.0,0.0,0.0,0.0,0.0,0.0,0.0,0.0,0.0,0.0,0.0,0.0,0.0,0.0,0.627,0.0,0.0,0.0,0.0,0.0,0.0,0.0,0.0,0.0,0.0,0.0,0.0,0.0,0.0,0.0,0.0,0.0,0.0,0.0,0.0,0.0,0.0,0.0,0.0,0.0,0.0,0.0,0.0,0.0,0.0,0.0,0.0,0.0,0.0,0.0,0.0,15.623,0.0,0.728,0.0,0.0,0.0,1.699,0.0,0.0,0.0,0.0,0.0,0.0,0.0,0.0,1.205,0.0,0.0,0.0,0.0,0.0,0.0,0.0,0.0,0.0,0.0,0.0,0.0,0.0,0.0,0.0,0.0,0.0,3.137,0.0,0.0,0.0,0.0,0.0,14.543,0.0,0.0,0.0,0.0,0.218,0.0,82.959,0.0,0.0,0.389,0.0,0.0,3.313,0.0,13.119,0.0,0.0,0.0,0.218,0.665,0.0,0.0,1.215,0.0,0.0,0.0,0.0,0.0,0.0,0.0,5.924,0.0,0.0,0.0,0.0,0.0,0.0,0.0,0.0,45.547,11.695,0.0,16.974,0.389,0.0,0.0,0.873,0.0,0.0,0.0,0.0,16.498
4-12,Spring,FW+Aww,24.0,36.5,36812.0,5.53,4.3733,29.33,98.87,36.6,10.53,15.39,2.3,9.13,2.73,0.26,0.0,0.0,0.0,0.0,0.0,21.071,0.0,0.403,0.0,0.0,0.0,0.564,0.0,0.0,0.0,1.002,0.226,0.0,0.0,0.0,71.99,0.0,0.0,0.246,0.0,0.0,0.0,2.431,0.773,0.0,0.96,0.0,0.0,0.0,0.0,0.0,0.0,0.0,0.0,0.0,0.0,0.0,0.0,5.141,0.0,0.0,0.0,0.0,0.0,0.0,0.0,0.0,0.0,0.0,0.0,0.0,0.0,0.0,0.0,0.0,1.002,0.0,1.159,0.0,0.0,0.0,0.0,0.0,0.0,0.998,0.0,0.0,0.0,0.0,0.0,0.0,0.0,0.0,0.0,0.0,0.0,0.0,0.0,0.0,0.773,0.0,0.0,1.071,0.0,0.0,0.0,0.0,0.0,0.0,0.0,0.0,0.0,43.61,0.0,0.996,0.0,0.0,0.0,0.0,0.0,0.0,0.927,0.0,0.0,0.0,0.0,0.0,0.0,0.0,0.0,0.0,0.0,0.0,0.0,0.0,0.0,0.0,0.0,0.0,0.0,0.0,0.0,0.0,0.0,0.0,0.0,0.934,0.0,0.0,0.0,0.0,0.0,0.0,0.0,0.0,0.0,0.0,0.0,0.0,0.0,0.0,0.0,0.0,0.0,0.0,0.0,0.0,0.0,0.0,0.0,0.0,0.0,0.0,0.0,0.0,0.0,0.0,0.0,0.0,0.0,0.0,0.0,0.0,9.837,0.0,0.0,0.0,0.0,0.0,2.214,0.0,0.0,0.0,0.0,0.0,0.0,0.0,0.0,1.202,0.0,0.0,0.0,0.0,0.0,0.0,0.0,0.0,0.0,0.0,0.0,0.0,0.0,0.0,1.093,0.0,0.0,3.383,0.0,0.0,0.0,0.0,0.0,16.253,0.0,0.0,0.0,0.0,0.358,0.0,89.318,0.0,0.0,0.0,0.0,0.0,10.149,0.0,0.175,0.0,0.0,0.0,0.358,0.572,0.0,0.0,5.378,0.0,0.0,0.0,0.0,0.0,0.0,0.0,11.212,0.0,0.0,0.0,0.66,0.0,0.0,0.009,0.0,57.819,3.644,0.0,13.632,0.0,0.0,0.0,2.875,0.0,0.0,0.0,0.0,3.841
1-13,Summer,1SC/FW,30.0,39.5,125460.0,3.965102369621513,,56.16535222381636,99.50293400286942,38.77959827833572,26.55893543758967,18.15994928263989,8.99211262553802,2.695095408895266,1.833517934002869,0.5535523672883788,0.0,0.0,0.0,0.0,0.0,22.835,0.0,1.232,0.0,0.0,7.771,5.811,0.0,0.0,0.0,0.0,0.0,0.0,0.0,0.0,43.003,0.0,0.0,1.612,0.0,0.0,1.571,0.0,5.873,4.598999999999999,1.181,0.0,0.0,0.0,0.0,0.0,0.0,0.0,0.0,0.0,0.0,0.0,0.0,0.0,0.0,0.0,0.0,0.0,0.0,0.0,0.0,0.0,0.0,0.0,0.0,0.0,0.0,0.0,0.0,0.0,0.0,0.0,0.0,0.0,0.0,2.815,0.0,0.0,0.0,4.585,0.0,0.0,0.0,0.0,0.0,0.0,0.0,0.0,0.0,0.0,0.0,0.0,0.0,0.0,0.0,0.0,0.0,1.385,0.0,0.0,0.0,0.0,0.0,0.0,0.0,0.0,0.0,15.402,0.0,0.0,0.0,0.0,0.0,0.0,0.0,0.0,0.0,0.0,0.0,0.0,0.0,0.0,0.0,0.0,0.0,0.0,0.0,0.0,0.0,1.003,0.0,0.0,0.0,0.0,0.0,0.0,0.0,0.0,0.0,0.0,0.0,1.974,0.0,0.0,1.612,0.0,0.0,4.497,0.0,0.0,0.0,0.0,0.0,0.0,0.0,0.0,0.0,0.0,0.0,0.0,0.0,1.156,0.0,0.0,0.0,0.0,0.0,0.0,0.0,0.0,0.0,0.0,0.0,7.545,0.0,0.0,0.0,0.0,6.174,0.0,6.268,0.0,0.0,0.0,0.0,0.0,0.0,0.0,0.0,0.0,0.0,0.0,0.0,2.305,0.0,0.0,0.0,0.0,0.0,0.0,0.0,0.0,0.0,4.197,0.0,0.0,0.0,0.0,0.0,0.0,5.186,0.0,0.0,0.0,0.0,0.0,0.0,19.56,0.0,0.0,0.652,0.0,13.639,0.0,80.908,0.0,0.0,0.0,0.0,0.491,1.39,0.0,2.921,0.0,0.652,0.0,13.541,0.0,0.0,0.0,0.0,0.0,0.0,0.0,0.0,0.0,0.0,0.334,3.822,0.085,0.0,0.019,10.746,0.0,1.371,1.427,0.0,32.283,0.265,0.0,31.927,0.0,0.0,0.0,0.0,0.491,0.0,0.0,0.0,3.038
2-13,Fall,1SC/FW,30.0,39.5,125460.0,4.480789964928878,,80.53181850789096,107.39091032998564,31.790107604017216,25.46212769010043,21.549695337159253,37.415982065997134,3.043755380200861,2.4469619799139166,0.4080423242467718,0.0,0.0,0.0,0.0,0.0,25.762,0.0,1.407,0.0,0.0,7.858000000000001,2.201,0.0,0.0,0.0,0.0,0.0,0.0,0.0,0.0,44.025,0.0,0.0,1.639,0.0,0.0,2.539,1.409,3.428,5.042,0.0,0.0,0.0,0.0,0.0,0.0,0.0,0.0,0.0,0.0,0.0,0.0,0.0,0.0,0.0,0.0,0.0,0.0,0.0,0.0,0.0,0.0,0.0,0.0,0.0,0.0,0.0,0.0,0.0,0.0,0.0,0.0,0.0,0.0,0.0,3.459000000000001,0.0,0.0,0.0,3.831,0.0,0.0,1.066,0.0,0.0,0.0,0.0,0.0,0.0,0.0,0.0,0.0,0.0,0.0,0.0,0.0,0.0,1.36,0.0,0.0,0.0,0.0,0.0,0.0,0.0,0.0,0.0,5.191,0.0,0.0,0.0,0.0,0.0,0.0,0.0,0.0,0.0,0.0,0.0,0.0,0.0,0.0,0.0,0.0,0.0,0.0,0.0,0.0,0.0,0.0,0.0,0.0,0.0,0.0,0.0,0.0,0.0,0.0,0.0,0.0,0.0,2.851,0.0,0.0,1.639,0.0,0.0,4.846,0.0,0.0,0.0,0.0,0.0,0.0,0.0,0.0,0.0,0.0,0.0,0.0,0.0,1.424,0.0,0.0,0.0,0.0,0.0,0.0,0.0,0.0,0.0,0.0,0.0,7.576000000000001,0.0,0.0,0.0,0.0,11.318,0.0,16.291,0.0,0.0,0.0,0.0,0.0,0.0,0.0,0.0,0.0,0.0,0.0,0.0,1.613,0.0,0.0,0.0,0.0,0.0,0.0,0.0,0.0,0.0,2.244,0.0,0.0,0.0,0.0,0.0,0.0,2.201,0.0,0.0,0.0,0.0,0.0,0.0,16.867,0.0,0.0,0.93,0.0,16.736,0.0,79.711,0.0,0.0,0.0,0.0,0.0,2.066,0.0,0.558,0.0,0.93,0.0,16.715,0.0,0.0,0.0,0.0,0.0,0.0,0.0,0.0,0.0,0.0,0.0,1.219,0.0,0.0,0.0,6.55,0.0,2.066,1.508,0.0,36.301,0.0,0.0,33.988,0.0,0.0,0.0,0.0,0.0,0.0,0.0,0.0,0.7240000000000001
3-13,Winter,1SC/FW,30.0,39.5,125460.0,4.602454878833282,,59.80983428981348,119.1094268292683,38.017065997130565,54.597096843615496,22.102804160688667,0.0,0.514835724533716,0.514835724533716,0.0,0.0,0.0,0.0,0.0,0.0,17.183,0.0,0.0,0.0,0.0,28.39,2.951,0.0,0.0,0.0,0.0,0.0,0.0,0.0,0.0,29.134,0.0,0.0,1.75,0.0,0.0,0.0,3.132,2.639,7.774,1.257,0.0,1.338,0.0,0.0,0.0,0.0,0.0,0.0,0.0,0.0,0.0,0.0,1.435,0.0,0.0,0.0,0.0,0.0,0.0,0.0,0.0,0.0,0.0,0.0,0.0,0.0,0.0,0.0,0.0,0.0,0.0,0.0,0.0,0.0,2.935,0.0,0.0,0.0,1.686,0.0,0.0,0.0,0.0,0.0,0.0,0.0,0.0,0.0,0.0,0.0,0.0,0.0,0.0,0.0,0.0,0.0,0.0,0.0,0.0,0.0,0.0,0.0,0.0,0.0,0.0,0.0,11.38,0.0,0.0,0.0,0.0,0.0,0.0,0.0,0.0,0.0,0.0,0.0,0.0,0.0,0.0,0.0,0.0,0.0,0.0,0.0,0.0,0.0,0.912,0.0,0.0,0.0,0.0,0.0,0.0,0.0,0.0,0.0,0.0,0.0,0.0,0.0,0.0,1.75,0.0,0.0,7.733,0.0,0.0,0.0,0.0,0.0,0.0,0.0,0.0,0.0,0.0,0.0,0.0,0.0,0.0,0.0,0.0,0.0,0.0,0.0,0.0,0.0,0.0,0.0,0.0,0.0,28.312,0.0,0.0,0.0,0.0,3.647,0.0,3.74,0.0,0.0,0.0,2.839,0.0,0.0,0.0,0.0,0.0,0.0,0.0,0.0,1.093,0.0,0.0,0.0,0.0,0.0,0.0,0.0,0.0,0.0,1.601,0.0,0.0,0.0,0.0,0.0,0.0,2.532,0.0,0.738,0.0,0.0,0.0,0.0,16.879,0.0,0.0,0.908,0.0,14.244,0.0,51.098,0.0,0.0,0.0,0.0,3.95,2.795,0.0,27.004,0.0,0.908,0.0,14.244,0.0,0.0,0.0,0.0,0.0,0.0,0.0,0.0,0.0,0.0,0.485,6.776,0.0,0.0,0.0,9.603,0.0,2.795,0.505,0.0,21.166,0.0,0.0,12.563,0.0,0.0,0.0,0.0,3.95,0.0,0.0,0.0,27.004
4-13,Spring,1SC/FW,30.0,39.5,125460.0,4.525369670193403,,45.36544117647059,69.26868555714968,22.56276398852224,16.534875657580105,17.281223577235775,6.775950502152081,0.8701599713055954,0.4674935437589669,0.116067431850789,0.0,0.0,0.0,0.0,0.0,18.079,0.0,0.0,0.0,0.0,31.726,4.975,0.0,0.0,0.0,0.0,0.0,0.0,0.0,0.0,20.005,0.0,0.0,2.459,0.0,0.0,0.0,2.444,5.308,6.712,1.746,0.0,1.208,0.0,0.0,0.0,0.0,0.0,0.0,0.0,0.0,0.0,0.0,1.102,0.0,0.0,0.0,0.0,0.0,0.0,0.0,0.0,0.0,0.0,0.0,0.0,0.0,0.0,0.0,0.0,0.0,0.0,0.0,0.0,0.0,3.653,0.0,0.0,0.0,1.354,0.0,0.0,0.0,1.597,0.0,0.0,0.0,0.0,0.0,0.0,0.0,0.0,0.0,0.0,0.0,0.0,0.0,0.0,0.0,0.0,0.0,0.0,0.0,0.0,0.0,0.0,0.0,4.265,0.0,0.0,0.0,0.0,0.0,0.0,0.0,0.0,0.0,0.0,0.0,0.0,0.0,0.0,0.0,0.0,0.0,0.0,0.0,0.0,0.0,1.457,0.0,0.0,0.0,0.0,0.0,0.0,0.0,0.0,0.0,0.0,0.0,0.0,0.0,0.0,2.459,0.0,0.0,6.655,0.0,0.0,0.0,0.0,0.0,0.0,0.0,0.0,0.0,0.0,0.0,0.0,0.0,0.0,0.0,0.0,0.0,0.0,0.0,0.0,0.0,0.0,0.0,0.0,0.0,31.375,0.0,0.0,0.0,0.0,1.486,0.0,3.398,0.0,0.0,0.0,2.218,0.0,0.0,0.0,0.0,0.0,0.0,0.0,0.0,1.683,0.0,0.0,0.0,0.0,0.0,0.0,0.0,0.0,0.0,3.932,0.0,0.0,0.0,0.0,0.0,0.0,3.378,0.0,0.0,0.0,0.0,0.0,0.0,17.89,0.0,0.0,1.0,0.0,7.246,0.0,90.65599999999999,0.0,0.0,0.0,0.0,1.037,0.0,0.0,0.06,0.0,1.0,0.0,7.246,0.0,0.0,0.0,0.0,0.0,0.0,0.0,0.0,0.0,0.0,1.391,10.275,0.0,0.0,0.0,4.930000000000001,0.0,0.0,0.308,0.0,44.881,0.0,0.0,28.871,0.0,0.0,0.0,0.0,0.03,0.0,0.0,1.007,0.06
1-14,Summer,Fww,8.0,37.5,131768.0,3.25,,378.56,172.74,93.1,26.26,21.112,15.18,9.04,8.08,0.48,0.0,0.0,0.0,0.085,0.0,32.123,0.0,0.112,0.0,0.0,0.0,0.646,0.0,0.0,0.0,0.0,0.0,0.0,0.0,0.0,65.54899999999999,0.0,0.0,0.0,0.057,0.0,0.0,0.1,1.017,0.137,0.08,0.0,0.0,0.0,0.0,0.0,0.0,0.0,0.0,0.0,0.0,0.0,0.0,0.0,0.0,0.0,0.0,0.0,0.0,0.0,0.0,0.0,0.0,0.0,0.0,0.0,0.0,0.0,0.0,0.0,0.0,0.0,0.0,0.0,0.0,0.0,0.0,0.0,0.0,1.252,0.0,0.0,0.0,0.0,0.0,0.0,0.0,0.0,0.0,0.0,0.0,0.0,0.0,0.0,0.71,0.0,0.0,1.022,0.0,0.0,0.0,0.0,0.0,0.0,0.0,0.0,0.0,5.799,0.0,2.884,0.0,0.0,0.0,0.0,1.242,0.0,0.0,0.0,0.0,0.0,0.0,0.0,0.0,0.0,0.0,0.0,0.0,20.61,0.0,0.0,0.0,0.0,0.0,0.0,0.0,0.0,0.0,0.0,0.0,0.0,0.0,0.0,0.0,0.0,0.0,0.0,0.0,0.0,0.0,0.0,0.0,0.0,0.0,0.0,0.0,0.0,0.0,0.0,0.0,0.0,0.0,0.0,0.0,0.0,13.917,0.0,0.0,0.0,0.0,0.0,0.0,0.0,0.0,0.0,0.0,0.0,0.0,0.0,0.0,0.0,2.52,0.0,0.0,0.0,0.0,0.0,0.0,0.0,0.0,0.0,4.893,0.0,0.0,6.895,0.0,0.0,0.0,2.737,0.0,0.0,0.0,0.0,0.0,0.0,0.0,2.692,0.0,0.0,1.089,0.646,0.0,0.0,0.0,0.0,0.0,0.0,0.0,22.794,0.0,0.0,0.118,0.0,0.088,0.0,74.853,0.0,0.0,0.0,0.0,0.123,13.319,0.0,11.499,0.0,0.118,0.0,0.088,0.0,0.0,0.0,10.636,0.0,0.0,0.0,0.0,0.0,0.0,0.0,74.14399999999999,0.0,0.0,0.0,0.06999999999999999,0.0,2.604,0.0,0.0,0.425,0.0,0.0,0.214,0.0,0.0,0.0,0.079,0.123,0.0,0.0,0.0,11.499
2-14,Fall,Fww,8.0,37.5,131768.0,3.71,,83.98,176.87,104.2,15.79,21.392,17.38,9.33,8.23,0.83,0.0,0.0,0.0,0.0,0.0,27.336,0.0,0.0,0.0,0.0,0.0,0.963,0.0,0.0,0.0,0.0,0.0,0.0,0.0,0.0,68.657,0.0,0.0,0.0,0.226,0.04,0.123,0.51,1.539,0.468,0.103,0.0,0.0,0.0,0.0,0.0,0.0,0.0,0.0,0.0,0.0,0.0,0.0,1.003,0.0,0.0,0.0,0.0,0.0,0.0,0.0,0.0,0.0,0.0,0.0,0.0,0.0,0.0,0.0,0.0,0.0,0.0,0.0,0.0,0.0,0.0,0.0,0.0,0.0,1.102,0.0,0.0,0.0,0.0,0.0,0.0,0.0,0.0,0.0,0.0,0.0,0.0,0.0,0.0,0.0,0.0,0.0,0.0,0.0,0.0,0.0,0.0,0.0,0.0,0.0,0.0,0.0,1.686,0.0,3.201,0.0,0.0,0.0,0.0,0.0,0.0,0.0,1.637,0.0,0.0,0.0,0.0,0.0,0.0,0.0,0.0,0.0,24.634,0.0,0.0,0.0,0.0,0.0,0.0,1.414,0.0,0.0,0.0,0.0,0.0,0.0,0.0,0.0,0.0,0.0,0.0,0.0,0.0,0.0,0.0,0.0,0.0,0.0,0.0,0.0,0.0,0.0,0.0,0.0,0.0,0.0,0.0,0.0,0.0,5.359,0.0,0.0,0.0,0.0,0.0,0.0,1.819,0.0,0.0,0.0,0.0,0.0,0.0,0.0,0.0,3.287,0.0,0.0,0.0,0.0,0.0,0.0,0.0,0.0,0.0,2.484,0.0,0.0,4.56,0.0,0.0,0.0,5.306,0.0,0.0,0.0,0.0,0.0,0.0,0.0,2.394,0.0,0.0,0.0,0.963,0.0,0.0,0.0,0.0,0.0,0.0,0.0,25.538,0.0,0.0,0.0,0.0,0.245,0.0,81.56700000000001,0.0,0.0,0.0,0.0,0.0,17.095,0.0,1.093,0.0,0.0,0.0,0.245,0.0,0.0,0.0,11.787,0.0,0.0,0.0,0.0,0.0,0.0,0.0,81.56700000000001,0.0,0.0,0.0,0.0,0.0,5.096,0.0,0.0,0.0,0.0,0.0,0.0,0.0,0.0,0.0,0.212,0.0,0.0,0.0,0.0,1.093
3-14,Winter,Fww,8.0,37.5,131768.0,3.52,,73.57,170.88,106.6,36.99,20.59,22.45,4.81,4.17,0.57,0.0,0.0,0.0,0.324,0.0,22.028,0.0,0.08399999999999999,0.0,0.0,0.0,6.794,0.0,0.0,0.0,0.0,0.0,0.0,0.0,0.0,66.503,0.0,0.0,0.0,0.0,0.045,0.0,1.833,1.356,0.425,0.48,0.0,0.0,0.0,0.0,0.0,0.0,0.0,0.0,0.0,0.0,0.0,0.0,4.263,0.0,0.0,0.0,0.0,0.0,0.0,0.0,0.0,0.0,0.0,0.9450000000000001,0.0,0.0,0.0,0.0,0.0,0.0,0.0,0.0,0.0,0.0,0.0,0.0,0.0,0.0,0.9219999999999999,0.0,0.0,0.0,0.0,0.0,0.0,0.0,0.0,0.0,0.0,0.0,0.0,0.0,0.0,0.0,0.0,0.0,3.933,0.0,0.0,0.0,0.0,0.0,0.0,0.0,0.0,0.0,18.64,0.0,3.482,0.0,0.0,0.0,0.0,0.0,0.0,0.0,0.0,0.0,0.0,0.0,0.0,0.0,0.0,0.0,0.0,0.0,1.392,0.0,0.0,0.0,0.0,0.0,0.0,0.0,0.0,0.0,0.0,0.0,0.0,0.0,0.0,0.0,0.0,0.0,0.0,0.0,0.0,0.0,0.0,0.0,0.0,0.0,0.0,0.0,0.0,0.0,0.0,0.0,0.0,0.0,0.0,0.0,0.0,2.126,0.0,0.0,0.0,0.0,0.0,0.0,0.0,0.0,0.0,0.0,0.0,0.0,0.0,0.0,0.0,3.693,0.0,0.0,0.0,1.45,0.0,0.0,0.0,0.0,0.0,2.132,0.0,0.0,6.326999999999999,0.0,0.0,0.0,0.0,0.0,0.0,0.0,0.0,0.0,0.0,0.0,2.174,0.0,0.0,0.912,6.629,0.0,0.0,0.0,0.0,0.0,0.0,0.0,29.745,0.0,0.0,0.0,0.0,0.0,0.0,62.031,0.0,0.0,0.0,0.0,1.213,34.06,0.0,2.697,0.0,0.0,0.0,0.0,0.0,0.0,0.0,22.629,0.0,0.0,0.0,0.0,0.0,0.0,0.0,55.206,0.0,0.0,0.0,0.0,0.0,3.264,0.0,0.0,0.89,0.0,0.0,5.883,0.0,0.0,0.0,8.167,1.213,0.0,0.0,0.0,2.749
4-14,Spring,Fww,8.0,37.5,131768.0,3.33,,77.6,106.61,66.5,29.97,23.17,20.65,37.1,34.7,1.06,0.0,0.0,0.0,0.517,0.0,21.355,0.0,0.08600000000000001,0.0,0.0,0.051,6.508999999999999,0.0,0.0,0.0,0.0,0.0,0.0,0.0,0.0,65.244,0.0,0.0,0.0,0.0,0.0,0.0,0.054,1.785,4.239,0.117,0.0,0.0,0.0,0.0,0.0,0.0,0.0,0.0,0.0,0.0,0.0,0.0,1.445,0.0,0.0,0.0,0.0,0.0,0.0,0.811,0.0,0.0,0.0,0.0,0.0,0.0,0.0,0.0,0.0,0.0,0.0,0.0,0.0,0.0,0.0,0.0,0.0,0.0,2.686,0.0,0.0,0.0,0.0,0.0,0.0,0.0,0.0,0.0,0.0,0.0,0.0,0.0,0.0,0.0,0.0,0.0,4.102,0.0,4.239,0.0,0.0,0.0,0.0,0.0,0.0,0.0,14.475,0.0,4.796,0.0,0.0,0.0,0.0,0.0,0.0,0.0,0.0,0.0,0.0,0.0,0.0,0.0,0.0,0.0,0.0,0.0,16.899,0.0,0.0,0.0,0.0,0.0,0.0,0.0,0.0,0.0,0.0,0.0,0.0,0.0,2.672,0.0,0.0,0.0,0.0,0.0,0.0,0.0,0.0,0.0,0.0,0.0,0.0,0.0,0.0,0.0,0.0,0.0,0.0,0.0,0.0,0.0,0.0,9.472000000000001,0.0,0.0,0.0,0.0,0.0,0.0,0.0,0.0,0.0,0.0,0.0,0.0,0.0,0.0,0.0,2.798,0.0,0.0,0.0,0.0,0.0,0.0,0.0,0.0,0.0,2.812,0.0,0.0,2.957,0.0,0.0,0.0,0.0,0.0,0.0,0.0,0.0,0.0,0.0,0.0,2.341,0.0,0.0,0.0,6.012,0.0,0.0,0.0,0.0,0.0,0.0,0.0,11.614,0.0,0.0,0.0,0.0,0.226,0.0,95.441,0.0,0.0,0.0,0.0,0.0,4.282999999999999,0.0,0.05,0.0,0.0,0.0,0.226,0.0,0.0,0.0,3.696,0.0,0.0,0.0,0.0,0.0,0.0,0.0,92.63300000000001,0.0,0.0,0.0,0.101,0.0,0.587,0.0,0.0,1.886,0.0,0.0,0.796,0.0,0.0,0.0,0.0,0.0,0.0,0.0,0.0,0.07500000000000001
1-15,Summer,MSC,21.8,35.0,43070.0,6.95,0.249,12.23,30.3,0.1,2.07,6.702,0.98,0.0,0.0,0.0,0.0,0.0,2.628,1.808,0.0,23.288,0.0,0.0,0.0,0.0,2.129,10.72,0.0,0.0,0.0,0.0,7.079,0.0,0.0,0.0,13.329,0.0,0.0,0.0,0.0,0.0,23.82,3.362,0.0,4.011,0.0,0.0,0.0,1.163,0.0,0.0,0.0,0.0,0.0,0.0,0.0,0.0,0.0,0.0,0.0,0.0,0.0,0.0,0.0,0.0,0.0,0.0,0.0,0.0,0.0,0.0,0.0,0.0,0.0,0.0,0.0,0.0,0.0,0.0,0.0,2.303,0.0,0.0,0.0,0.0,0.0,1.374,0.0,9.32,1.795,0.0,0.0,0.0,0.0,0.0,0.0,0.0,0.0,0.0,0.0,0.0,0.0,5.303,1.668,0.0,0.0,0.0,0.0,0.0,0.0,0.0,1.369,0.0,0.0,0.0,0.0,0.0,0.0,0.0,0.0,0.0,0.0,0.0,0.0,0.0,0.0,0.0,0.0,0.0,1.166,0.0,0.0,0.0,0.0,0.0,0.0,0.0,0.0,0.0,0.0,0.0,0.0,0.0,0.0,0.0,0.0,0.0,0.0,0.0,0.0,0.0,0.0,0.0,0.0,0.0,0.0,0.0,0.0,0.0,0.0,0.0,0.0,0.0,0.0,0.0,0.0,0.0,0.0,0.0,0.0,0.0,0.0,0.0,0.0,0.0,0.0,0.0,0.0,0.0,0.977,2.894,0.0,1.365,4.731,0.0,0.0,0.0,0.0,2.322,0.0,0.0,0.0,0.0,0.0,0.0,0.0,0.0,0.0,0.0,1.917,0.0,0.0,0.0,0.0,0.0,0.0,0.0,0.0,0.0,0.0,0.0,0.0,0.0,0.0,0.0,0.0,0.0,0.0,0.0,0.0,0.0,0.0,26.673,0.0,0.051,0.658,0.0,25.136,0.0,66.15,0.023,0.0,0.079,0.0,0.215,2.94,0.0,4.752,0.0,0.652,0.0,25.136,0.0,0.0,0.0,0.0,0.0,0.0,0.0,0.0,0.0,0.0,0.0,3.478,0.0,0.0,0.0,13.389,0.0,2.94,0.057,0.289,23.873,0.278,3.795,20.973,0.079,0.0,0.023,0.0,0.181,0.0,0.0,0.034,4.821
2-15,Fall,MSC,21.8,35.0,43070.0,5.41,0.2585,41.18,11.2,4.6,9.48,17.728,5.2,2.34,0.98,0.64,0.0,0.0,2.23,0.0,0.0,28.936,0.0,0.0,0.0,0.0,1.867,15.279,0.0,0.0,0.0,0.0,7.941,0.0,0.0,0.0,14.034,0.0,0.0,0.0,0.0,0.0,11.866,4.806,1.557,2.882,0.0,0.0,0.0,0.0,0.0,0.0,0.0,0.0,0.0,1.438,0.0,0.0,0.0,0.0,0.0,0.0,0.0,0.0,0.0,0.0,0.0,0.0,0.0,0.0,0.0,0.0,0.0,0.0,0.0,0.0,0.0,0.0,0.0,0.0,0.0,4.947,0.0,0.0,0.0,0.0,0.0,0.0,0.0,13.341,0.0,0.0,0.0,0.0,0.0,0.0,0.0,0.0,0.0,0.0,0.0,0.0,0.0,1.835,0.962,0.0,0.0,0.0,0.0,0.0,0.0,0.0,2.123,0.0,0.0,0.0,0.0,0.0,0.0,0.0,0.0,2.466,0.0,0.0,0.0,0.0,0.0,0.0,0.0,0.0,0.0,0.0,0.0,0.0,0.0,0.0,0.0,0.0,0.0,0.0,0.0,0.0,0.0,0.0,0.0,0.0,0.0,0.0,0.0,0.0,0.0,0.0,0.0,0.0,0.0,0.0,0.0,0.0,0.0,0.0,0.0,0.0,0.0,0.0,0.0,0.0,0.0,0.0,0.0,0.9790000000000001,0.0,0.0,0.0,0.0,0.0,0.0,0.0,0.0,0.0,0.0,0.0,1.35,0.0,1.139,8.652,0.0,0.0,0.0,0.0,3.281,0.0,0.0,0.0,0.0,0.0,0.0,0.0,0.0,0.0,1.07,1.688,0.0,0.0,0.0,0.0,0.0,0.0,0.0,0.0,0.967,0.0,0.0,0.0,0.0,0.0,0.0,0.0,0.0,0.0,0.0,0.0,0.0,0.0,22.886,0.0,0.0,0.627,0.0,24.03,0.0,63.912,0.0,0.0,0.0,0.0,0.0,2.608,0.0,8.823,0.0,0.627,0.0,24.03,0.0,0.0,0.0,0.0,0.0,0.0,0.0,0.0,0.0,0.0,0.0,0.694,0.0,0.0,0.0,8.298,0.0,2.608,0.0,0.0,27.333,0.0,1.558,25.707,0.0,0.0,0.0,0.0,0.0,0.0,0.0,0.0,9.145
3-15,Winter,MSC,21.8,35.0,43070.0,5.6,0.7725,42.73,70.77,2.2,20.79,14.14,0.0,0.02,0.01,0.01,0.0,0.0,0.0,0.993,0.0,32.921,0.0,0.0,0.0,0.0,0.0,16.878,0.0,0.0,0.0,0.0,9.725,0.0,0.0,0.0,17.95,0.0,0.0,0.0,0.0,0.0,10.216,1.188,2.526,2.08,1.1,0.0,0.0,1.166,0.0,0.0,0.0,0.0,0.0,0.0,0.0,0.0,0.0,0.0,0.0,0.0,0.0,0.0,0.0,0.0,0.0,0.0,0.0,0.0,0.0,0.0,0.0,0.653,0.0,0.0,0.0,0.0,0.0,0.0,0.0,4.981,0.0,0.0,0.0,0.0,0.0,0.0,0.0,15.712,0.0,0.0,0.0,0.0,0.0,0.0,0.0,0.0,0.0,0.0,0.0,0.0,0.0,4.234,0.675,0.0,0.0,0.0,0.0,0.0,0.0,0.0,0.0,0.0,0.0,0.0,0.0,0.0,0.0,0.0,0.0,0.0,0.0,0.0,0.0,0.0,0.0,0.0,0.0,0.0,0.0,0.0,0.0,0.0,0.0,0.0,0.0,0.0,0.0,0.0,0.0,0.0,0.0,0.0,0.0,0.0,0.0,0.0,0.0,0.0,0.0,0.0,0.0,0.0,0.0,0.0,0.0,0.0,0.0,0.0,0.0,0.0,0.0,0.0,0.0,0.0,0.0,0.0,0.0,0.0,0.0,0.668,0.0,0.0,0.0,0.0,0.0,0.0,0.982,0.0,0.0,1.618,0.0,0.0,14.384,0.0,1.086,0.0,0.0,5.257,0.0,0.0,0.0,0.0,0.0,0.0,0.0,0.0,0.0,0.835,1.48,0.0,0.0,0.0,0.0,0.0,0.0,0.0,0.0,1.601,0.0,0.0,0.0,0.0,0.0,0.0,0.0,0.0,0.0,0.0,0.0,0.0,0.0,26.213,0.0,0.0,0.328,0.0,13.991,0.0,57.399,0.0,0.0,0.0,0.0,0.0,1.333,0.0,26.948,0.0,0.328,0.0,13.991,0.0,0.0,0.0,0.0,0.0,0.0,0.0,0.0,0.0,0.0,0.0,2.677,0.0,0.0,0.0,7.503,0.0,1.333,0.0,0.0,29.187,0.0,0.189,17.843,0.0,0.0,0.0,0.0,0.0,0.0,0.0,0.0,26.948
4-15,Spring,MSC,21.8,35.0,43070.0,5.43,0.926,33.88,86.75,2.7,19.4,24.17,2.2,0.27,0.06,0.0,0.0,0.0,0.0,1.449,0.0,27.127,0.0,0.0,0.0,0.0,0.0,11.229,0.0,0.0,0.0,0.0,13.032,0.0,0.0,0.0,20.31,0.0,0.0,0.0,0.0,0.0,6.846,1.713,5.995,5.288,1.112,0.0,0.0,1.796,0.0,0.0,0.0,0.0,0.0,0.0,0.0,0.0,0.0,0.0,0.0,0.0,0.0,0.0,0.0,0.0,0.0,0.0,0.0,0.0,0.0,0.0,0.0,0.0,0.0,0.0,0.712,0.0,0.0,0.0,0.0,4.064,0.0,0.0,0.0,0.0,0.0,0.0,0.0,10.291,0.0,0.0,0.0,0.0,0.0,0.0,0.0,0.0,0.0,0.0,0.0,0.0,0.0,4.805,0.934,0.0,0.0,0.0,0.0,0.0,0.0,0.0,0.0,0.0,0.0,0.0,0.0,0.0,0.0,0.0,0.0,0.0,0.0,0.0,0.0,0.0,0.0,0.0,0.0,0.0,0.0,0.0,0.0,0.0,0.0,0.0,0.0,0.0,0.0,0.0,0.0,0.0,0.0,0.0,0.0,0.0,0.0,0.0,0.0,0.0,0.0,0.0,0.0,0.0,0.0,0.0,0.0,0.0,0.0,0.0,0.0,0.0,0.0,0.0,0.0,0.0,0.0,0.0,0.0,0.968,0.0,0.0,0.0,0.0,0.0,0.0,0.0,0.0,0.0,0.0,0.0,4.998,0.0,0.0,7.163,0.0,0.968,0.0,0.0,7.877,0.0,0.0,0.0,0.0,0.0,0.0,0.0,0.0,0.0,1.53,1.622,0.0,0.0,0.0,0.0,0.735,0.0,0.0,0.0,3.651,0.0,0.0,0.0,0.0,0.0,0.0,0.0,0.0,0.0,0.0,0.0,0.0,0.0,29.914,0.0,0.0,0.0,0.0,14.451,0.0,83.899,0.0,0.0,0.0,0.0,0.0,1.651,0.0,0.0,0.0,0.0,0.0,14.451,0.0,0.0,0.0,0.0,0.0,0.0,0.0,0.0,0.0,0.0,0.0,1.275,0.0,0.0,0.0,13.346,0.0,1.651,0.0,0.0,53.044,0.0,0.553,15.652,0.0,0.0,0.0,0.0,0.0,0.0,0.0,0.0,0.029
1-16,Summer,1S,31.0,35.0,36865.0,5.23,0.43,15.35,25.88,1.7,10.56,5.652,1.75,0.98,0.5,0.28,0.0,0.0,0.0,0.728,0.0,23.096,2.001,0.0,0.0,0.0,0.0,10.038,0.687,0.0,0.0,0.0,1.434,0.0,0.0,0.0,4.923,0.0,0.0,0.0,0.0,0.0,47.077,1.969,0.0,0.0,2.709,0.0,0.0,0.0,0.0,0.0,0.0,0.0,1.55,0.0,0.0,0.0,0.0,0.0,0.0,0.0,0.0,0.0,0.0,0.0,0.0,0.0,0.0,0.0,0.0,0.734,0.0,0.0,0.892,0.0,0.0,0.0,0.0,0.0,0.0,0.0,0.796,0.0,0.0,0.0,0.0,0.0,0.0,0.0,0.0,0.0,0.0,0.0,0.0,0.0,0.0,0.0,0.0,0.687,0.0,0.0,0.0,0.0,0.0,0.0,0.0,0.0,8.511,0.0,0.0,0.0,0.0,0.0,0.0,0.0,0.0,0.0,0.0,0.0,0.0,0.0,0.0,0.0,0.972,0.0,1.211,0.0,0.0,0.0,0.0,0.0,0.0,0.0,0.0,0.0,0.0,0.0,0.0,0.0,0.0,2.131,0.0,0.0,0.0,0.0,0.0,0.0,0.0,0.0,0.0,0.0,0.0,0.0,0.0,0.0,0.0,1.061,1.082,4.534,0.0,0.0,0.0,0.0,0.0,0.0,0.0,0.0,0.0,0.0,0.0,0.0,0.0,0.0,0.0,0.0,0.0,0.0,0.0,0.0,0.0,0.0,0.0,0.0,0.0,0.0,0.0,0.0,0.0,0.0,0.0,0.0,0.0,0.0,0.0,0.0,0.0,0.0,0.0,0.0,0.0,0.0,0.0,0.0,3.505,0.0,21.111,0.0,0.0,0.0,0.0,0.0,0.0,0.0,0.0,0.0,10.038,0.0,0.0,0.0,0.0,0.0,0.0,19.006,0.0,0.0,0.408,0.0,1.147,0.0,92.09,0.0,0.0,0.0,0.0,0.246,2.568,0.0,3.538,0.0,0.267,0.0,1.147,0.0,0.0,0.0,0.0,0.141,0.0,0.0,0.0,0.0,0.0,0.113,0.921,0.0,0.0,0.0,16.125,0.077,1.407,0.134,1.829,56.61300000000001,0.281,0.211,15.414,0.0,0.0,0.0,0.0,0.246,0.0,0.0,0.0,5.036
2-16,Fall,1S,31.0,35.0,36865.0,5.06,0.0004,23.73,38.96,1.8,14.47,7.639,4.6,1.1,0.44,0.32,0.0,0.0,3.02,0.0,0.0,25.922,0.0,0.0,2.548,0.0,2.026,15.55,2.406,0.0,0.0,0.0,6.197,0.0,0.0,0.0,6.181,0.0,0.0,0.0,0.0,0.0,24.144,3.264,0.0,0.0,0.0,0.0,0.0,0.0,0.0,0.0,0.0,0.0,10.077,0.0,0.0,0.0,0.0,0.0,0.0,0.0,0.0,0.0,0.0,2.065,0.0,0.0,0.0,0.0,0.0,0.0,0.0,0.0,0.0,0.0,0.0,0.0,0.0,0.0,0.0,0.0,0.0,0.0,0.0,0.0,0.0,0.0,1.814,0.0,0.0,0.0,0.0,0.0,0.0,0.0,0.0,0.0,1.13,2.406,0.0,0.0,0.0,0.0,0.0,0.0,0.0,0.0,1.155,0.0,0.0,0.0,0.0,0.0,0.0,0.0,0.0,0.0,0.0,0.0,0.0,0.0,0.0,0.0,0.0,0.0,0.0,0.0,0.0,0.0,0.0,0.0,0.0,0.0,0.0,0.0,0.0,0.0,0.0,0.0,0.0,3.394,0.0,0.0,0.0,0.0,0.0,0.0,0.0,0.0,0.0,0.0,0.0,0.0,0.0,0.0,0.0,0.0,0.0,2.345,0.0,0.0,2.598,0.0,0.0,0.0,0.0,0.0,0.0,0.0,0.0,0.0,0.0,0.0,0.0,0.0,0.0,0.0,0.0,0.0,0.0,0.0,0.0,0.0,0.0,0.0,0.0,0.0,0.0,1.501,0.0,0.0,2.721,0.0,0.0,0.0,0.0,0.0,0.0,0.0,0.0,0.0,1.016,0.0,1.345,0.0,3.602,0.0,0.0,0.0,0.0,0.0,0.0,0.0,0.0,0.0,15.55,0.0,0.0,0.0,0.0,0.0,0.0,19.139,0.0,0.0,0.159,0.0,0.297,0.0,97.561,0.0,0.0,0.0,0.0,0.0,1.378,0.0,0.604,0.0,0.159,0.0,0.297,0.0,0.0,0.0,0.0,0.0,0.0,0.0,0.0,0.0,0.0,0.0,0.0,0.0,0.0,0.0,12.341,0.0,0.605,0.139,0.0,74.72200000000001,0.0,0.0,10.042,0.0,0.0,0.0,0.0,0.0,0.0,0.0,0.0,1.694
3-16,Winter,1S,31.0,35.0,36865.0,6.03,0.4563,0.98,3.21,0.2,0.62,11.62,0.3,0.0,0.0,0.0,0.0,0.0,2.259,0.0,0.0,23.791,0.0,1.262,1.853,0.0,1.422,25.498,0.0,0.0,0.0,0.0,0.0,0.0,0.0,0.0,15.674,0.0,0.0,0.0,0.0,0.0,9.919,9.182,0.0,0.0,1.445,0.0,0.0,1.221,0.0,0.0,1.013,0.0,0.0,0.0,0.0,0.0,0.0,0.0,1.887,0.0,0.0,0.0,0.0,1.795,0.0,0.0,0.0,0.0,0.0,0.0,0.0,0.0,0.0,0.0,0.0,0.0,0.0,0.0,0.0,0.0,0.0,0.0,0.0,0.0,0.0,0.0,1.262,17.505,0.0,0.0,0.0,0.0,0.0,0.0,0.0,0.0,0.0,1.013,0.0,0.0,0.0,0.0,0.0,0.0,0.0,0.0,0.0,0.0,0.0,0.0,0.0,0.0,0.0,0.0,0.0,0.0,0.0,0.0,0.0,0.0,0.0,0.0,0.0,0.0,0.0,0.0,0.0,0.0,0.0,0.0,0.0,0.0,0.0,0.0,0.0,0.0,0.0,0.0,0.0,2.825,0.0,0.0,0.0,0.0,0.0,0.0,0.0,0.982,0.985,0.0,0.0,0.0,0.0,0.0,0.0,0.0,0.0,0.0,0.0,0.0,0.0,0.0,0.0,0.0,0.0,0.0,0.0,6.199,0.0,0.0,0.0,0.0,0.0,0.0,0.0,0.0,4.042,0.0,0.0,0.0,0.0,0.0,0.0,2.144,0.0,0.0,0.0,0.0,0.0,0.0,0.0,0.0,0.0,0.0,0.0,0.0,0.0,0.0,0.0,0.0,0.0,0.0,0.0,0.0,0.0,0.0,0.0,0.0,0.0,0.0,0.0,0.0,0.0,0.0,7.909,0.0,0.0,0.0,0.0,0.0,4.717,21.588,0.0,0.0,0.0,0.0,8.628,0.0,83.457,0.0,0.0,0.0,0.0,0.0,5.457,0.0,2.458,0.0,0.0,0.0,8.628,0.0,0.0,0.0,0.0,0.0,0.0,0.0,0.0,0.0,0.0,0.0,0.0,0.0,0.0,0.0,17.761,0.0,3.38,0.0,0.0,40.401,0.541,0.0,24.668,0.0,0.0,0.0,0.0,0.0,0.0,0.0,0.0,4.621
4-16,Spring,1S,31.0,35.0,36865.0,5.77,0.127,24.8,27.98,1.7,28.5,12.08,5.15,0.37,0.16,0.13,0.0,0.0,5.015,0.0,0.0,16.64,0.0,0.0,1.498,0.0,2.238,9.464,0.0,0.0,0.0,0.0,3.057,0.0,0.0,0.0,27.221,0.0,0.0,0.0,0.0,0.0,7.653,0.0,2.425,0.0,16.875,0.0,0.0,0.0,0.0,0.0,0.0,0.0,0.0,0.0,0.0,0.0,0.0,0.0,2.215,0.0,0.0,0.0,0.0,4.573,0.0,0.0,0.0,0.0,0.0,0.0,0.0,0.0,0.0,0.0,0.0,0.0,0.0,0.0,0.0,2.192,0.0,0.0,3.524,0.0,0.0,0.0,0.0,3.602,0.0,0.0,0.0,0.0,0.0,0.0,0.0,0.0,0.0,0.0,0.0,0.0,0.0,0.0,0.0,0.0,0.0,0.0,0.0,0.0,0.0,0.0,0.0,0.0,0.0,0.0,0.0,0.0,0.0,0.0,0.0,0.0,0.0,0.0,0.0,0.0,0.0,0.0,0.0,0.0,0.0,0.0,0.0,0.0,0.0,14.868,0.0,0.0,0.0,0.0,0.0,0.0,1.465,0.0,0.0,0.0,0.0,0.0,0.0,0.0,0.0,0.0,0.0,0.0,0.0,0.0,0.0,0.0,0.0,0.0,0.0,0.0,0.0,1.751,0.0,0.0,0.0,0.0,0.0,4.348,0.0,0.0,0.0,0.0,0.0,0.0,0.0,0.0,1.562,0.0,0.0,0.0,0.0,0.0,0.0,5.94,0.0,0.0,0.0,1.267,0.0,0.0,0.0,0.0,0.0,0.0,0.0,0.0,0.0,1.446,0.0,0.0,0.0,0.0,0.0,0.0,0.0,0.0,0.0,0.0,0.0,0.0,0.0,0.0,0.0,0.0,5.862,0.0,0.0,1.134,0.0,0.0,0.0,19.513,0.0,0.0,0.0,0.0,9.338,0.0,90.608,0.0,0.0,0.0,0.0,0.0,0.0,0.0,0.054,0.0,0.0,0.0,9.338,0.0,0.0,0.0,0.0,0.0,0.0,0.0,0.0,0.0,0.0,0.0,0.333,0.0,0.0,0.0,31.55,0.0,0.0,0.0,0.0,37.305,0.0,0.0,21.42,0.0,0.0,0.0,0.0,0.0,0.0,0.0,0.0,0.054
1-17,Summer,MS(AwwB3),30.0,37.0,25915.0,7.3,6.38,32.43,48.73,3.6,16.95,15.252,3.75,3.22,1.63,0.61,0.0,0.0,0.0,0.0,0.0,24.016,0.0,0.878,0.0,0.0,0.0,10.807,0.0,0.0,0.0,0.0,4.303,0.0,5.331,0.0,43.453,0.0,0.0,0.0,0.0,0.0,5.556999999999999,1.469,1.231,0.0,1.048,0.0,0.0,0.0,0.0,0.0,0.0,0.0,0.0,0.0,0.0,0.0,0.0,0.0,0.0,0.0,0.0,0.0,0.0,0.0,0.0,0.0,0.0,0.0,0.0,0.0,0.0,0.0,0.0,0.0,0.0,0.0,5.672,0.0,0.0,0.846,0.0,0.0,0.0,1.543,0.0,0.0,0.0,7.281,0.0,0.0,0.0,0.0,0.0,0.0,0.0,0.0,0.0,0.0,0.9970000000000001,0.0,0.0,0.0,0.0,0.0,0.0,0.0,0.0,0.0,0.0,0.0,0.0,22.304,5.331,0.0,0.0,0.0,0.0,0.0,0.0,0.0,0.0,0.0,0.0,0.0,0.0,0.0,0.0,0.0,0.0,0.0,0.0,0.0,0.0,0.0,0.907,0.0,0.0,0.0,0.0,0.0,0.0,0.0,0.0,0.0,0.0,0.0,0.0,0.0,0.0,0.0,0.0,0.0,0.0,0.0,0.0,0.0,0.0,0.0,0.0,0.0,0.0,0.0,0.0,0.0,0.0,0.0,0.0,0.0,0.0,0.0,0.0,0.0,0.0,0.0,0.0,0.0,0.0,0.0,0.0,0.0,0.0,0.0,4.69,0.0,0.9039999999999999,0.0,0.0,3.362,0.91,0.0,0.0,0.0,0.0,0.0,0.0,0.0,0.0,2.007,0.0,0.0,0.0,0.0,0.0,0.0,0.0,0.0,0.0,0.0,0.0,0.0,0.0,0.0,0.0,2.276,0.0,0.0,0.0,0.886,0.0,0.0,0.0,19.535,0.0,0.0,0.306,0.0,17.117,0.0,77.92699999999999,0.0,0.0,0.04,0.0,0.106,0.904,0.0,3.602,0.0,0.306,0.0,17.117,0.186,0.0,0.0,0.337,0.0,0.0,0.0,0.0,0.0,0.0,0.102,2.822,0.0,0.182,0.0,0.0,0.0,0.124,0.146,0.0,47.493,0.793,1.24,24.741,0.0,0.0,0.0,0.204,0.106,0.0,0.0,0.0,4.063
2-17,Fall,MS(AwwB3),30.0,37.0,25915.0,7.24,4.618,24.12,45.12,16.8,5.37,9.31,3.78,5.68,2.67,0.98,0.0,0.0,0.0,0.0,0.0,28.188,0.0,0.0,0.0,0.0,0.0,16.382,0.0,0.0,0.0,0.0,3.049,0.0,1.235,0.0,36.004,0.0,0.0,0.0,0.0,0.878,6.226,1.787,1.182,0.0,1.109,0.0,0.0,0.0,0.0,0.0,0.0,0.0,0.0,0.0,0.0,0.0,0.0,0.911,0.0,0.0,0.0,0.0,0.0,0.0,0.0,0.0,0.0,0.0,0.0,0.0,0.0,0.0,0.0,0.0,0.0,0.0,4.079,0.0,0.0,0.992,0.0,0.0,0.0,0.892,0.0,0.0,0.0,14.269,0.0,0.0,0.0,0.0,0.0,0.0,0.0,0.0,0.0,0.0,0.0,0.0,0.0,0.0,0.0,0.0,0.0,0.0,0.0,0.0,0.0,0.0,0.0,15.574,1.235,0.0,0.0,0.0,0.0,0.0,0.0,0.0,0.0,0.0,0.0,0.0,0.0,0.0,0.0,0.0,0.0,0.0,0.0,0.0,0.0,0.0,0.0,0.0,0.0,0.0,0.0,0.0,0.0,0.0,0.0,0.0,0.822,0.0,0.0,0.0,0.0,0.8580000000000001,0.0,0.0,0.0,0.0,0.0,0.0,0.0,0.0,0.0,0.0,0.0,0.0,0.0,0.0,0.0,0.0,0.0,0.0,0.0,0.0,0.0,0.0,0.0,0.0,0.0,0.0,0.0,0.0,0.0,0.0,0.0,0.0,6.616,0.0,1.336,0.0,0.0,2.132,1.037,0.0,0.0,0.0,0.0,0.0,0.0,0.0,0.0,1.804,0.0,0.0,0.0,0.0,0.0,0.0,0.0,0.0,0.0,0.0,0.0,0.0,0.0,0.0,0.854,0.0,0.0,0.0,0.0,0.0,0.0,0.0,0.0,22.352,0.0,0.0,0.0,0.0,25.441,0.0,70.681,0.0,0.0,0.0,0.0,0.0,2.16,0.0,1.718,0.0,0.0,0.0,25.441,0.11,0.0,0.0,1.025,0.0,0.0,0.0,0.0,0.0,0.0,0.205,0.835,0.0,0.0,0.0,0.0,0.0,0.205,0.315,0.0,41.63,0.0,3.547,23.345,0.0,0.0,0.0,0.82,0.0,0.0,0.0,0.0,2.522
3-17,Winter,1S/2S/AwwB3,30.0,37.0,25916.0,6.043755089352565,1.0360452384627257,9.554442043525237,14.378772958789938,0.3524617996604414,3.283778360858157,4.230058651026393,1.7944976076555024,0.0068405618150949,0.0068405618150949,0.0,0.0,0.0,0.0,0.0,0.0,20.635,0.0,0.382,0.0,0.0,0.0,24.841,0.0,0.0,0.0,0.0,2.103,0.0,2.327,0.0,40.151,0.0,0.0,0.0,0.0,0.0,4.089,1.646,1.455,0.0,0.805,0.0,0.0,0.0,0.0,0.0,0.0,0.0,0.0,0.0,0.0,0.0,0.0,0.0,0.0,0.0,0.0,0.0,0.0,0.0,0.0,0.0,0.0,0.0,0.0,0.0,0.0,0.0,0.0,0.0,0.0,0.0,3.769,0.0,1.234,0.0,0.0,0.0,0.0,0.875,0.0,0.0,0.0,22.926,0.0,0.0,0.0,0.0,0.0,0.0,2.138,0.0,0.0,0.0,0.0,0.0,0.0,0.0,0.0,0.0,0.0,0.0,0.0,0.0,0.0,0.0,0.0,18.113,2.327,0.0,0.0,0.0,0.0,0.0,0.0,0.0,0.0,0.0,0.0,0.0,0.0,0.0,0.0,0.0,0.0,0.0,0.0,0.0,0.0,0.0,0.0,0.0,0.0,0.0,0.0,0.0,0.0,0.0,0.0,0.0,0.991,0.0,0.0,0.0,0.0,0.0,0.0,0.0,0.0,0.0,0.0,0.0,0.0,0.0,0.0,0.0,0.0,0.0,0.0,0.0,0.0,0.0,0.0,0.0,0.0,0.0,0.0,0.0,0.0,0.0,0.0,0.0,0.0,0.0,0.0,0.0,0.0,0.0,1.714,0.0,1.348,0.0,0.0,1.491,1.111,0.0,0.0,0.0,0.0,0.0,0.0,0.0,0.0,1.051,0.0,0.0,0.0,0.0,0.0,0.0,0.0,0.0,0.0,0.0,0.0,0.0,0.0,0.0,0.7070000000000001,0.784,0.0,0.0,0.0,0.0,0.0,0.0,0.0,22.524,0.0,0.0,0.575,0.0,21.941,0.0,65.137,0.0,0.0,1.53,0.0,0.0,2.716,0.0,8.101,0.0,0.575,0.0,21.941,0.122,0.0,0.0,1.285,0.0,0.0,0.0,0.0,0.0,0.0,0.0,4.234,0.0,0.0,0.0,0.0,0.0,0.0,0.0,0.0,25.367,0.0,1.15,33.933,1.53,0.0,0.0,1.26,0.0,0.0,0.0,0.0,8.603
4-17,Spring,MS(AwwB3),30.0,37.0,25915.0,6.92,5.97,27.57,56.54,2.4,9.57,11.95,4.6,1.96,0.89,0.37,0.0,0.0,0.0,1.342,0.0,21.968,0.0,0.0,0.0,0.0,0.0,20.735,0.0,0.0,0.0,0.0,0.754,0.0,0.0,0.0,38.166,0.0,0.0,0.0,0.352,0.0,10.047,2.101,1.156,0.0,1.241,0.0,0.0,0.0,0.0,0.0,0.0,0.0,0.0,0.0,0.0,0.0,0.0,0.0,0.0,0.0,0.0,0.0,0.0,0.0,0.0,0.0,0.0,0.0,0.0,0.0,0.0,0.0,0.741,0.0,0.0,0.0,2.425,0.0,0.8,0.8360000000000001,0.0,0.0,0.0,0.857,0.0,0.0,0.0,19.021,0.0,0.0,0.0,0.0,0.0,0.0,0.0,0.0,0.0,0.0,0.0,0.0,0.0,0.0,1.506,0.0,0.0,0.0,0.0,0.0,0.0,0.0,0.0,16.062,0.0,0.0,0.0,0.0,0.0,0.0,0.0,0.0,0.0,0.0,0.0,0.0,0.0,0.0,0.0,0.0,0.0,0.0,0.0,0.0,0.0,0.0,0.0,0.0,0.0,0.0,0.0,0.0,0.0,0.0,0.0,0.0,1.268,0.0,0.0,0.0,0.0,0.0,0.0,0.0,0.0,0.0,0.0,0.0,0.0,0.0,0.0,0.0,0.0,0.0,0.0,0.0,0.0,0.0,0.0,0.0,0.0,0.0,0.0,0.0,0.0,0.0,0.0,0.0,0.0,0.0,0.0,0.0,0.0,0.0,2.769,0.0,1.746,0.0,0.0,0.0,1.381,0.0,0.0,0.0,0.0,0.0,0.0,0.0,0.0,0.889,0.0,0.0,0.0,0.0,0.0,0.869,0.0,0.0,0.0,0.0,0.0,0.0,0.0,0.0,0.0,0.0,0.0,0.0,0.0,0.756,0.0,0.0,0.0,25.977,0.0,0.0,0.296,0.0,11.957,0.0,84.636,0.0,0.0,1.695,0.0,0.05,1.289,0.0,0.077,0.0,0.296,0.0,11.957,0.097,0.0,0.0,0.789,0.0,0.0,0.0,0.0,0.0,0.0,0.17,3.564,0.0,0.263,0.0,0.623,0.0,0.0,0.0,0.0,48.501,0.979,0.766,29.4,1.695,0.0,0.0,0.3,0.05,0.0,0.0,0.0,0.5499999999999999
1-18,Summer,1S/HM/Aww,20.0,35.0,69497.0,5.227107714129346,0.6165258431011721,11.705090690882908,16.53625267032044,0.677134856182742,5.008924110893307,6.045303236388366,1.2591534984198105,1.4253868864263712,0.9735689082689925,0.2037145257430891,0.0,0.0,0.0,1.946,0.0,15.355,0.0,0.0,0.0,0.0,0.0,25.796,0.0,0.0,0.0,0.0,1.38,0.0,0.0,0.0,34.884,0.0,0.0,0.0,0.0,0.0,11.01,3.11,1.132,0.0,1.405,0.0,0.784,0.0,0.0,0.0,0.0,0.0,0.0,0.0,0.0,0.0,0.0,0.0,0.0,0.0,0.0,0.0,0.0,0.0,0.0,0.0,0.0,0.0,0.0,0.0,0.0,0.0,0.0,0.0,0.0,0.0,0.0,0.0,1.448,2.416,0.0,0.0,0.0,0.0,0.0,0.0,0.0,22.639,1.424,0.0,1.198,0.0,0.0,0.0,0.0,0.0,0.0,0.0,0.0,0.0,0.0,0.0,1.785,0.0,0.0,0.0,0.0,0.0,0.0,0.0,0.0,6.102,0.0,0.0,0.0,0.0,0.0,0.0,0.0,0.0,0.0,0.0,0.0,0.0,0.0,0.0,0.0,0.0,0.0,0.0,0.0,0.0,0.0,0.0,2.042,0.0,0.0,0.0,0.0,1.047,0.0,0.0,0.0,0.0,0.0,0.0,0.0,0.0,0.0,0.0,0.0,0.0,0.0,0.0,0.0,0.0,0.0,0.0,0.0,0.0,0.0,0.0,0.0,0.0,0.0,0.0,0.0,0.0,1.008,0.0,0.0,0.0,1.675,0.0,0.0,0.0,0.0,0.0,0.0,0.0,0.0,0.0,0.0,0.0,4.154,0.0,0.0,0.0,0.0,0.0,0.0,0.0,0.0,0.0,0.0,0.0,0.0,1.809,0.0,0.0,0.0,0.0,0.0,1.025,1.468,0.0,0.0,0.0,0.0,0.0,0.0,0.0,0.0,0.0,0.0,0.0,0.0,0.0,0.0,0.0,0.0,25.896,0.0,0.0,6.974,0.0,4.568000000000001,0.0,84.661,0.0,0.0,0.0,0.0,0.034,0.921,0.0,2.843,0.0,1.138,0.0,4.568000000000001,0.075,0.0,0.0,0.239,5.836,0.0,0.0,0.0,0.0,0.0,0.593,2.407,0.0,0.068,0.0,0.198,0.0,0.273,0.15,0.0,59.101,0.116,3.525,18.135,0.0,0.0,0.0,0.0,0.0,0.0,0.0,0.0,3.545
2-18,Fall,1S/HM/Aww,20.0,35.0,69497.0,5.49902931476224,0.1297025713340144,13.714977768824554,18.3289208167259,1.4483776278112723,0.7102781415025109,4.445406204584371,1.9812593349353207,0.6388533317984948,0.3385687151963394,0.1151769141114005,0.0,0.0,0.0,0.0,0.0,17.765,0.0,0.0,0.0,0.0,0.0,26.281,0.0,0.0,0.0,0.0,4.849,0.0,0.0,0.0,21.323,0.0,0.0,0.0,0.0,0.0,15.237,1.992,1.172,1.895,1.928,0.0,2.828,0.0,0.0,0.0,0.0,0.0,0.0,0.0,0.0,0.0,0.0,0.0,0.0,0.0,0.0,0.0,0.0,0.0,0.0,0.0,0.0,0.0,0.0,0.0,0.0,0.0,0.0,0.0,0.0,0.0,0.0,0.0,2.852,2.146,0.0,0.0,0.0,0.0,0.0,0.0,0.0,24.762,0.0,0.0,0.0,0.0,0.0,0.0,0.0,0.0,0.0,0.0,0.0,0.0,0.0,0.982,1.689,0.0,0.0,0.0,0.0,0.0,0.0,0.0,0.0,1.838,0.0,0.0,0.0,0.0,0.0,0.0,0.0,0.0,0.0,0.0,0.0,0.0,0.0,0.0,0.0,0.0,0.0,0.0,0.0,0.0,0.0,0.0,0.0,0.0,0.0,0.0,0.0,1.2,0.0,0.0,0.0,0.0,0.0,0.0,0.787,0.0,0.0,0.0,0.0,0.0,0.0,0.0,0.0,0.0,0.0,0.0,0.0,0.0,0.0,1.122,0.0,0.0,0.0,0.0,0.0,0.0,0.0,0.0,0.0,0.0,0.0,0.0,0.0,0.0,0.0,0.0,0.0,1.856,0.0,0.0,0.0,0.0,2.7,0.0,0.0,3.345,0.0,0.0,0.0,0.0,0.0,0.0,0.0,0.0,0.0,0.0,0.0,0.0,0.0,0.0,0.0,0.0,1.853,0.0,0.0,0.0,0.0,0.0,0.0,0.0,0.784,0.931,0.0,0.0,0.0,0.0,0.0,0.0,0.0,25.375,0.0,0.0,3.668,0.0,19.111,0.0,71.005,0.0,0.0,0.0,0.0,0.0,1.894,0.0,4.321,0.0,2.521,0.0,19.111,0.0,0.0,0.0,0.0,1.147,0.0,0.0,0.0,0.0,0.0,0.0,4.495,0.0,0.0,0.0,0.0,0.0,1.454,0.32,0.0,32.155,0.0,6.068,27.967,0.0,0.0,0.0,0.0,0.0,0.0,0.0,0.0,4.761
3-18,Winter,1S/HM/Aww,20.0,35.0,69497.0,5.6024109992936655,0.7388368202944011,20.17791803962761,33.37154841216167,1.0074607537015987,11.104462350892844,10.363001568413026,0.0,0.0166859001107961,0.008865562542268,0.0,0.0,0.0,0.0,0.9309999999999999,0.0,14.785,0.0,0.0,0.0,0.0,0.0,27.683,0.0,0.0,0.0,0.0,5.321999999999999,0.0,0.0,0.0,23.166,0.0,0.0,0.0,0.0,0.0,14.013,2.439,1.492,5.592,1.847,0.0,0.0,0.0,0.0,0.0,0.0,0.0,0.0,0.0,0.0,0.0,0.0,0.0,0.0,0.0,0.0,0.0,0.0,0.0,0.0,0.0,0.0,0.0,0.0,0.0,0.0,0.0,0.0,0.0,0.0,0.0,0.0,0.0,2.316,1.634,0.0,0.0,0.0,0.0,0.0,0.0,0.0,25.743,0.0,0.0,0.0,0.0,0.0,0.0,0.0,0.0,0.0,0.0,0.0,0.0,0.0,1.695,1.86,0.0,0.0,0.0,0.0,0.0,0.0,0.0,0.0,0.885,0.0,0.0,0.0,0.0,0.0,0.0,0.0,0.0,0.0,0.0,0.0,0.0,0.0,0.0,0.0,0.0,0.0,0.0,0.0,0.0,0.972,0.0,1.08,0.0,0.0,0.0,0.0,0.0,0.0,0.0,0.0,0.0,0.0,0.0,1.15,0.0,0.0,0.0,0.0,0.0,0.0,0.0,0.0,0.0,0.0,0.0,0.0,0.0,0.0,0.0,0.0,0.0,0.0,0.0,0.0,0.0,0.0,0.0,0.0,0.0,0.0,0.0,0.0,0.0,0.7909999999999999,0.0,0.0,5.563,0.0,0.0,0.0,0.0,2.08,0.0,0.0,4.144,0.653,0.0,0.0,0.0,0.0,0.0,0.0,0.0,0.0,0.0,0.0,0.0,0.0,0.0,0.0,0.0,1.189,0.0,0.0,0.0,0.0,0.0,0.0,0.0,0.0,0.0,0.0,0.0,0.0,0.0,0.0,0.0,0.0,30.082,0.0,0.0,1.076,0.0,16.248,0.0,58.287,0.0,0.0,0.0,0.0,0.31,2.563,0.0,21.515,0.0,1.061,0.0,16.248,0.0,0.0,0.0,0.0,0.015,0.0,0.0,0.0,0.0,0.0,0.0,4.414,0.0,0.0,0.0,0.0,0.0,1.084,0.0,0.0,30.987,0.0,0.225,22.638,0.0,0.0,0.0,0.0,0.31,0.0,0.0,0.0,23.017
4-18,Spring,1S/HM/Aww,20.0,35.0,69497.0,5.744342918923431,1.319373355684418,22.73241420492971,29.721808135602977,0.9029382563276116,11.878332014331551,10.568749730204182,2.907183763327913,0.3142870915291307,0.1495939393067326,0.0880764637322474,0.0,0.0,0.0,1.953,0.0,22.068,0.0,0.0,0.0,0.0,0.0,16.583,0.0,0.0,0.0,0.0,1.977,0.0,0.0,0.0,24.241,0.0,0.0,0.0,0.0,0.0,14.698,2.906,2.207,2.72,3.843,0.0,0.0,0.0,0.0,0.0,0.0,0.0,0.0,0.0,0.0,0.0,0.0,0.0,0.0,0.0,0.0,0.0,0.0,0.0,0.0,0.0,0.0,0.0,0.0,0.0,0.0,0.0,0.0,0.0,0.0,0.0,0.0,0.0,0.0,1.584,0.0,0.0,0.0,0.0,0.0,0.0,0.0,15.854,0.0,0.0,0.0,0.0,0.0,0.0,0.0,0.0,0.0,0.0,0.0,2.225,5.738,1.603,1.954,0.0,0.0,0.0,0.0,0.0,0.0,0.0,0.0,0.0,0.0,0.0,0.0,0.0,0.0,0.0,0.0,0.0,0.0,0.0,0.0,0.0,0.0,0.0,0.0,0.0,0.0,0.0,0.0,0.0,0.0,0.0,0.0,0.0,0.0,0.0,0.0,0.0,1.025,0.0,0.0,0.0,0.0,0.0,1.515,0.0,0.0,0.0,0.0,0.0,0.0,0.0,0.0,0.0,0.0,0.0,0.0,0.0,0.0,0.0,0.0,0.0,0.0,0.0,0.0,2.939,0.0,0.0,0.0,0.0,0.999,0.0,0.0,0.0,1.204,0.0,0.0,2.65,0.0,0.0,0.0,0.0,1.325,0.0,0.0,0.0,0.0,0.0,0.0,0.0,0.0,0.0,0.0,0.0,0.0,0.0,0.0,0.0,0.0,0.0,0.0,1.102,1.318,0.0,0.0,0.0,0.0,0.0,0.0,0.0,0.0,0.0,0.0,0.0,0.0,0.0,0.0,0.0,0.0,26.336,0.0,0.0,1.262,0.0,15.77,0.0,79.909,0.127,0.0,0.436,0.0,0.513,1.839,0.0,0.145,0.0,1.262,0.0,15.77,0.0,0.0,0.0,0.0,0.0,0.0,0.0,0.0,0.0,0.0,0.0,9.024,0.0,0.064,0.0,1.085,0.0,1.008,0.0,0.213,49.551,0.0,2.251,17.721,0.436,0.0,0.127,0.0,0.513,0.0,0.0,0.0,0.9760000000000001
1-19,Summer,FW,33.0,38.0,21295.0,3.75,,153.67,102.41,34.5,0.0,20.191,8.28,0.01,0.01,0.0,0.0,0.0,0.0,1.674,0.0,22.18,0.0,0.0,0.0,0.0,0.0,2.645,0.0,0.0,0.0,0.0,0.0,0.0,0.0,0.0,67.476,0.0,0.0,0.0,0.0,0.131,1.216,0.178,3.014,0.286,0.908,0.0,0.0,0.0,0.0,0.0,0.0,0.0,0.0,0.0,0.0,1.814,0.0,0.0,0.0,0.0,0.0,0.0,3.239,0.0,1.2,0.0,0.0,0.0,0.0,0.0,0.0,0.0,0.0,0.0,0.0,0.0,0.0,0.0,0.0,0.0,0.0,0.0,0.0,3.687,0.0,0.0,0.0,0.0,0.0,0.0,0.0,0.0,0.0,0.0,0.0,0.0,0.0,0.0,0.0,0.0,0.0,1.303,0.0,0.0,0.0,0.0,0.0,0.0,0.0,0.0,0.0,18.101,0.0,1.281,0.0,0.0,0.0,0.0,0.0,0.0,0.0,0.0,0.0,0.0,0.0,0.0,0.0,0.0,0.0,0.0,0.0,0.0,0.0,0.0,0.0,0.0,0.0,0.0,0.0,0.0,0.0,0.0,0.0,0.0,0.0,0.0,0.0,0.0,0.0,0.0,0.0,0.0,0.0,0.0,0.0,0.0,0.0,0.0,1.212,0.0,0.0,0.0,0.0,0.0,0.0,0.0,0.0,0.0,7.818000000000001,0.0,0.0,0.0,0.0,0.0,0.0,0.0,0.0,0.0,0.0,0.0,0.0,0.0,0.0,0.0,1.203,2.559,0.0,0.0,0.0,0.0,0.0,0.0,0.0,0.0,6.312,0.0,0.0,3.904,0.0,0.0,0.0,3.29,0.0,0.0,0.0,0.0,0.0,0.0,0.0,0.0,0.0,0.0,0.0,2.645,0.0,0.0,0.0,0.0,0.0,0.0,0.0,23.361,0.0,0.0,0.0,0.0,0.111,0.0,84.076,0.0,0.0,0.0,0.0,0.0,9.027,0.0,6.785,0.0,0.0,0.0,0.111,0.0,0.0,0.0,4.249,0.0,0.0,0.0,0.0,0.0,0.082,0.0,83.132,0.0,0.0,0.0,0.096,0.0,0.125,0.0,0.0,0.445,0.114,0.0,0.207,0.0,0.0,0.0,4.653,0.0,0.0,0.0,0.0,6.785
2-19,Fall,FW,33.0,38.0,21295.0,5.51,2.91,44.42,129.82,53.0,15.4,17.762,4.98,15.66,5.49,6.23,0.0,0.0,0.0,0.081,0.0,31.389,0.0,0.0,0.0,0.0,0.0,0.756,0.0,0.0,0.0,0.0,0.0,0.0,0.0,0.0,65.637,0.0,0.0,0.0,0.093,0.0,0.198,0.457,0.909,0.191,0.186,0.0,0.0,0.0,0.0,0.0,0.0,0.0,0.0,0.0,0.0,0.0,0.0,1.152,0.0,0.0,0.0,0.0,1.667,0.0,0.0,0.0,0.0,0.0,0.0,0.0,0.0,0.0,0.0,0.0,0.0,0.0,0.0,0.0,0.0,0.0,0.0,0.0,0.0,3.402,0.0,0.0,0.0,0.0,0.0,0.0,0.0,0.0,0.0,0.0,0.0,0.0,0.0,0.0,0.0,0.0,0.0,0.0,0.0,0.0,0.0,0.0,0.0,0.0,0.0,0.0,0.0,30.919,0.0,3.084,0.0,0.0,0.0,0.0,0.0,0.0,1.19,0.0,0.0,0.0,0.0,0.0,0.0,0.0,0.0,0.0,0.0,0.0,0.0,0.0,0.0,0.886,0.0,0.0,2.986,0.0,0.0,0.0,0.0,0.0,0.0,0.0,0.0,0.0,0.0,0.0,0.0,0.0,0.0,0.0,0.0,0.0,0.0,0.0,0.0,0.0,0.0,0.0,0.0,0.0,0.0,0.0,0.0,0.0,3.136,0.0,0.0,0.0,0.0,0.0,0.0,1.61,0.0,0.0,0.0,0.0,0.0,0.0,0.0,0.0,1.13,0.0,0.0,0.0,0.0,0.0,0.0,0.0,0.0,0.0,1.075,0.0,0.0,2.833,0.0,0.0,0.0,1.142,0.0,0.0,0.0,0.0,0.0,0.0,0.0,1.283,0.0,0.0,0.0,0.0,0.0,0.0,0.0,0.0,0.0,0.0,0.0,30.905,0.0,0.0,0.0,0.0,0.45,0.0,64.673,0.0,0.0,0.0,0.0,0.0,32.329,0.0,2.548,0.0,0.0,0.0,0.45,0.0,0.0,0.0,23.246,0.0,0.0,0.0,0.0,0.0,0.0,0.0,63.489,0.0,0.0,0.0,0.0,0.0,0.21,0.0,0.0,1.184,0.0,0.0,0.0,0.0,0.0,0.0,8.873,0.0,0.0,0.0,0.0,2.548
3-19,Winter,FW,33.0,38.0,21295.0,5.32,2.9175,40.72,68.53,24.5,5.15,19.17,0.0,1.96,1.03,0.17,0.0,0.0,0.0,0.295,0.0,32.993,0.0,0.0,0.0,0.0,0.021,3.373,0.0,0.0,0.0,0.0,0.0,0.0,0.0,0.0,59.881,0.0,0.0,0.0,0.075,0.0,0.0,0.7860000000000001,1.236,1.042,0.257,0.0,0.0,0.0,0.0,0.0,0.0,0.0,0.0,0.0,0.0,0.0,0.0,3.237,0.0,0.0,0.0,0.0,0.0,0.0,0.822,0.0,0.0,0.0,0.0,0.0,0.0,0.0,0.0,0.0,0.0,0.0,0.0,0.0,0.0,0.0,0.0,0.0,0.0,0.798,0.0,0.0,0.0,0.0,0.0,0.0,0.0,0.0,0.0,0.0,0.0,0.0,0.0,0.0,0.0,0.0,0.0,3.069,0.0,1.042,0.0,0.0,0.0,0.0,0.0,0.0,0.0,32.926,0.0,2.051,0.0,0.0,0.0,0.0,0.0,0.0,0.767,0.0,0.0,0.0,0.0,0.0,0.0,0.0,0.0,0.0,0.0,0.0,0.0,0.0,0.0,0.0,0.0,0.0,1.529,0.0,0.0,0.0,0.0,0.0,0.0,0.754,0.0,0.0,0.0,0.0,0.0,0.0,0.0,0.0,0.0,0.0,0.0,0.0,0.0,0.0,0.0,0.0,0.0,0.0,0.0,0.0,0.0,0.0,8.35,0.0,0.0,0.0,0.0,0.0,0.0,0.0,0.0,0.0,0.0,0.0,0.0,0.0,0.0,0.0,2.069,0.0,0.0,0.0,0.0,0.0,0.0,0.0,0.0,0.0,1.894,0.0,0.0,0.791,0.0,0.0,0.0,0.0,0.0,0.0,0.0,0.0,0.0,0.0,0.0,0.0,0.0,0.0,0.0,3.373,0.0,0.0,0.0,0.0,0.0,0.0,0.0,30.076,0.0,0.0,0.0,0.0,0.0,0.0,59.044,0.0,0.0,0.0,0.0,0.0,17.015,0.0,23.94,0.0,0.0,0.0,0.0,0.0,0.0,0.0,12.746,0.0,0.0,0.0,0.0,0.0,0.0,0.0,59.044,0.0,0.0,0.0,0.0,0.0,0.403,0.0,0.0,0.0,0.0,0.0,0.0,0.0,0.0,0.0,3.866,0.0,0.0,0.0,0.0,23.94
1-20,Summer,FW+Fww+Aww,38.0,38.0,84678.0,5.64,3.824,37.98,111.12,84.6,11.56,15.318,3.43,0.0,0.0,0.0,0.0,0.0,0.0,0.286,0.0,23.899,0.0,0.634,0.0,0.0,0.0,11.08,0.0,0.0,0.0,0.0,0.0,0.0,0.351,0.0,61.876,0.0,0.0,0.0,0.0,0.0,0.117,0.138,0.7869999999999999,0.0,0.5349999999999999,0.0,0.0,0.0,0.0,0.0,0.0,0.0,0.0,0.0,0.0,0.0,0.0,2.552,0.0,0.0,0.0,0.0,0.0,0.0,0.0,0.0,0.0,0.0,0.0,0.0,0.0,0.0,0.0,0.0,0.0,0.0,0.0,0.0,0.0,0.0,0.0,0.0,0.0,2.156,0.0,0.0,0.0,0.0,0.0,0.0,0.0,0.0,0.0,0.0,0.0,0.0,0.0,0.0,1.108,0.0,0.0,2.792,0.0,0.0,0.0,0.0,0.0,0.0,0.0,0.0,0.0,22.698,0.0,0.961,0.0,0.0,0.0,0.0,2.007,0.0,1.548,0.0,0.0,0.0,0.0,0.0,0.0,1.28,0.0,0.0,0.0,0.0,0.0,0.0,0.0,0.0,0.0,0.0,0.0,0.0,0.0,0.0,0.0,0.0,0.0,1.431,0.0,0.0,0.0,0.0,0.0,0.0,0.0,0.0,0.0,0.0,0.0,0.0,0.0,0.0,0.0,0.0,0.0,0.0,0.0,0.0,0.0,0.0,0.8330000000000001,0.0,0.0,0.0,0.0,0.0,0.0,0.0,0.0,0.0,0.0,0.0,0.0,0.0,9.418,0.0,0.0,0.0,0.0,0.0,0.0,0.0,0.0,0.0,0.0,0.0,0.0,0.0,0.0,7.064,0.0,0.0,0.0,0.0,0.0,0.0,0.0,0.0,0.0,0.0,0.0,0.0,0.0,0.0,1.026,11.029,0.0,0.0,0.0,0.0,0.0,0.0,0.0,23.353,0.0,0.0,0.009,0.0,0.477,0.0,93.319,0.0,0.0,0.0,0.0,0.0,1.814,0.0,4.379,0.0,0.009,0.0,0.477,0.0,0.0,0.0,0.441,0.0,0.0,0.0,0.0,0.0,0.045,0.0,53.215,0.0,0.0,0.0,0.114,0.0,1.296,0.0,0.0,38.922,0.1,0.0,0.923,0.0,0.0,0.0,0.0,0.0,0.0,0.0,0.0,4.456
2-20,Fall,FW+Fww+Aww,38.0,38.0,84678.0,5.91,0.9628,29.75,105.48,57.6,13.25,10.894,3.77,17.01,3.88,0.47,0.0,0.0,0.0,0.168,0.0,18.957,0.0,0.24,0.0,0.0,0.0,8.946,0.0,0.0,0.0,0.0,0.0,0.0,0.0,0.0,68.515,0.0,0.0,0.0,0.482,0.0,0.288,0.169,0.734,0.0,1.319,0.0,0.0,0.0,0.0,0.0,0.0,0.0,0.0,0.0,0.0,0.0,0.0,1.227,0.0,0.0,0.0,0.0,12.263,0.0,0.0,0.0,0.0,0.0,0.0,0.0,0.0,0.0,0.0,0.0,0.0,0.0,0.0,0.0,0.0,0.0,0.0,0.0,0.0,1.786,0.0,0.0,0.0,0.0,0.0,0.0,0.0,0.0,0.0,0.0,0.0,0.0,0.0,0.0,0.0,0.0,0.0,6.809,0.0,0.0,0.0,0.0,0.0,0.0,0.0,0.0,0.0,17.067,0.0,1.895,0.0,0.0,0.0,0.0,1.2,0.0,0.0,0.0,0.0,0.0,0.0,0.0,0.0,1.632,0.0,0.0,0.0,0.0,0.0,0.0,0.0,0.0,0.0,0.0,0.0,0.0,0.0,0.0,0.0,0.0,0.0,4.281000000000001,0.0,0.0,0.0,0.0,0.0,0.0,0.0,0.0,0.0,0.0,0.0,0.0,0.0,0.0,0.0,0.0,0.0,0.0,0.0,0.0,0.0,0.0,7.294,0.0,0.0,0.0,0.0,0.0,0.0,0.0,0.0,0.0,0.0,0.0,0.0,0.0,0.0,0.0,0.0,0.0,0.0,0.0,0.0,0.0,0.0,0.0,0.0,0.0,0.0,0.0,1.215,2.797,0.0,0.0,0.0,0.0,0.0,0.0,0.0,0.0,0.0,0.0,0.0,0.0,0.0,0.0,1.097,8.902,0.0,0.0,0.0,1.242,0.0,0.0,0.0,18.524,0.0,0.0,0.0,0.0,0.317,0.0,88.509,0.0,0.0,0.0,0.0,0.0,6.229,0.0,4.945,0.0,0.0,0.0,0.317,0.0,0.0,0.0,2.783,0.0,0.0,0.0,0.0,0.0,0.0,0.0,55.969,0.0,0.0,0.0,0.0,0.0,3.446,0.0,0.0,15.542,9.429,0.0,6.185,0.0,0.0,0.0,0.0,0.0,0.0,0.0,0.0,6.329000000000001
3-20,Winter,FW+Fww+Aww,38.0,38.0,84678.0,5.775,2.3934,33.864999999999995,108.3,71.1,12.405,13.106,3.6,0.0,0.0,0.0,0.0,0.0,0.0,0.0,0.0,9.931000000000001,0.0,0.42,0.0,0.0,0.0,21.441,0.0,0.0,0.0,0.0,0.281,0.0,0.0,0.0,66.30199999999999,0.0,0.0,0.0,0.061,0.0,0.0,0.554,0.483,0.0,0.496,0.019,0.0,0.0,0.0,0.0,0.0,0.0,0.0,0.0,0.0,0.0,0.0,3.413,0.0,0.0,0.0,0.0,2.908,0.0,0.0,0.0,0.536,0.0,0.0,0.0,0.0,0.0,0.0,0.0,0.0,0.0,0.0,0.0,0.0,0.0,0.0,0.0,0.0,1.02,0.0,0.0,0.0,0.0,0.0,0.0,0.0,0.0,0.0,0.0,0.0,0.0,0.0,0.0,0.0,0.0,0.0,5.444,0.0,0.0,0.0,0.0,0.0,0.0,0.0,0.0,0.0,34.39,0.0,1.004,0.0,0.0,0.0,0.0,0.0,0.0,1.378,0.0,0.0,0.0,0.0,0.0,0.0,0.0,0.0,0.0,0.0,0.0,0.0,0.0,0.0,0.0,0.0,0.0,0.0,0.0,0.0,0.0,0.0,0.0,0.0,2.859,0.0,0.0,0.0,0.0,0.0,0.0,0.0,0.0,0.0,0.0,0.0,0.0,0.0,0.0,0.0,0.0,0.0,0.0,0.0,0.0,0.0,0.0,2.224,0.0,0.0,0.0,0.0,0.0,0.0,0.0,0.0,0.0,0.0,0.0,0.0,0.0,0.916,0.0,2.211,0.0,0.0,0.0,0.0,0.0,0.0,0.0,0.0,0.0,0.0,0.0,0.0,0.917,0.0,0.0,0.0,0.0,0.0,0.0,0.0,0.0,0.0,0.0,0.0,0.0,0.0,0.0,0.0,21.328,0.0,0.0,0.0,0.374,0.0,0.0,0.0,12.854,0.0,0.0,0.0,0.0,0.0,0.0,80.733,0.0,0.0,0.0,0.0,0.0,6.045,0.0,13.222,0.0,0.0,0.0,0.0,0.0,0.0,0.0,0.0,0.0,0.0,0.0,0.0,0.0,0.0,0.0,64.32000000000001,0.0,0.0,0.0,0.0,0.0,6.045,0.0,0.0,1.739,14.674,0.0,0.0,0.0,0.0,0.0,0.0,0.0,0.0,0.0,0.0,13.222
1-21,Summer,(HM)1SC,13.0,34.0,17605.0,5.87,0.507,9.27,27.56,0.5,0.69,4.265,0.82,0.73,0.37,0.21,0.0,0.0,1.1,0.0,0.0,30.573,0.0,0.0,0.0,0.0,4.79,9.156,0.0,0.0,0.0,0.0,9.842,0.0,0.0,0.0,20.76,0.0,0.0,0.0,0.0,0.0,11.795,3.0,1.033,0.0,1.883,0.0,0.0,0.0,0.0,0.0,1.276,0.0,0.0,0.0,0.0,0.0,0.0,0.0,0.0,0.0,0.0,0.0,0.0,0.0,0.0,0.0,0.0,0.0,0.0,0.0,0.0,0.0,0.0,0.0,0.0,0.0,0.0,0.0,0.0,3.355,0.0,0.0,0.0,0.0,0.0,0.0,0.0,6.893,0.0,0.0,0.0,0.0,0.0,1.4,0.0,0.0,0.0,0.0,0.0,0.0,0.0,14.364,0.0,0.0,0.0,0.0,0.0,0.0,0.0,0.0,0.0,0.0,0.0,0.0,0.0,0.0,0.0,0.0,0.0,0.0,0.0,0.0,0.0,0.0,0.0,0.0,0.0,0.0,0.0,0.0,0.0,0.0,0.0,0.0,0.0,0.0,0.0,0.0,8.016,1.434,0.0,0.0,0.0,0.0,0.0,0.0,0.0,0.0,0.0,0.0,0.0,0.0,0.0,0.0,0.0,0.0,0.0,0.0,0.0,0.0,0.0,1.326,0.0,0.0,0.0,0.0,0.0,0.0,0.0,0.0,0.0,0.0,0.0,0.0,0.0,0.0,0.0,2.349,0.0,0.0,0.858,1.37,0.0,0.0,0.0,0.0,0.0,5.68,0.0,0.0,0.0,0.0,0.0,0.0,0.0,0.0,0.0,0.9949999999999999,1.708,0.0,0.0,0.0,0.0,0.0,0.0,0.0,0.0,0.0,0.0,0.0,0.0,0.0,0.0,0.0,0.0,0.0,0.0,0.0,0.0,0.0,0.0,26.12,0.0,0.0,0.432,0.0,23.484,0.0,72.244,0.0,0.0,0.0,0.0,0.028,1.242,0.0,2.569,0.0,0.432,0.0,23.484,0.0,0.0,0.0,0.0,0.0,0.0,0.0,0.0,0.0,0.0,0.047,0.33,0.0,0.0,0.0,21.59,0.0,0.935,0.079,0.149,39.03299999999999,0.144,0.54,9.894,0.0,0.0,0.0,0.0,0.028,0.0,0.0,0.0,3.309
2-21,Fall,(HM)1SC,13.0,34.0,17605.0,6.38,0.2708,5.9,6.82,0.6,1.38,3.004,1.05,0.01,0.01,0.0,0.0,0.0,0.0,2.341,0.0,22.232,0.0,0.0,0.0,0.0,3.123,4.752,0.0,0.0,0.0,0.0,8.662,0.0,0.0,0.0,21.351,0.0,0.0,0.0,0.0,0.0,27.709,1.121,1.059,0.0,2.243,0.0,0.0,0.0,0.0,0.0,2.051,0.0,0.0,0.0,0.0,0.0,0.0,0.0,0.843,0.0,0.0,0.0,0.0,0.0,0.0,0.0,0.0,0.0,0.0,0.0,0.0,0.0,0.756,0.0,0.0,0.0,0.0,0.0,0.0,3.499,0.0,0.0,0.0,0.0,0.0,0.0,0.0,3.941,0.0,0.0,0.0,0.0,0.0,0.0,0.0,0.0,0.0,0.0,0.0,0.0,0.0,14.427,0.0,0.0,0.0,0.0,0.0,0.0,0.0,0.0,0.0,0.0,0.0,0.0,0.0,0.0,0.0,0.0,0.0,0.0,0.0,0.0,0.0,0.0,0.0,0.0,0.0,0.0,0.0,0.0,0.0,0.0,0.0,0.0,0.0,0.0,0.0,0.0,4.04,0.0,0.0,0.0,0.0,0.0,0.0,0.0,0.0,0.0,0.0,0.0,0.0,0.0,0.0,0.0,0.0,0.0,0.0,0.0,0.0,0.0,0.0,1.65,0.0,0.0,0.0,0.0,0.0,0.0,0.0,0.0,0.0,0.0,0.0,0.0,0.0,0.0,0.0,1.193,0.0,0.921,1.122,0.0,0.0,0.0,0.0,0.0,0.0,4.008,0.0,0.0,0.0,0.0,0.0,0.0,0.0,0.0,0.0,0.0,1.378,0.0,0.0,0.0,0.0,0.0,0.0,0.0,0.0,0.0,0.0,0.0,0.0,0.0,0.0,0.0,0.0,0.0,0.0,0.0,0.0,0.0,0.0,34.24,0.0,0.0,0.479,0.0,24.782,0.0,71.901,0.0,0.0,0.0,0.0,0.0,2.081,0.0,0.758,0.0,0.479,0.0,24.782,0.0,0.0,0.0,0.0,0.0,0.0,0.0,0.0,0.0,0.0,0.01,0.0,0.0,0.0,0.0,24.859,0.0,1.199,0.182,0.0,37.547,0.0,1.745,6.876,0.0,0.0,0.0,0.0,0.0,0.0,0.0,0.0,2.322
3-21,Winter,(HM)1SC,13.0,34.0,17605.0,5.83,0.0549,23.97,37.33,0.6,7.91,13.82,0.0,0.01,0.01,0.0,0.0,0.0,0.0,1.652,0.0,30.479,0.0,0.0,0.0,0.0,1.574,2.743,0.0,0.0,0.0,0.0,5.179,0.0,0.0,0.0,20.028,0.0,0.0,0.0,0.0,0.0,26.688,2.293,1.204,0.0,1.844,0.0,0.0,0.0,0.0,0.0,0.0,0.0,0.0,0.0,0.0,0.0,0.0,0.0,0.0,0.0,0.0,0.0,0.0,0.0,0.0,0.0,0.0,0.0,0.0,0.0,0.0,0.0,0.0,0.0,0.0,0.0,0.0,0.0,0.0,4.162,0.0,0.0,0.0,0.0,0.0,0.0,0.0,1.617,2.772,0.0,0.0,0.0,0.0,0.0,0.0,0.0,0.0,0.0,0.0,0.0,0.0,7.293,1.429,0.0,0.0,0.0,0.0,0.0,0.0,0.0,0.0,0.0,0.0,0.0,0.0,0.0,0.0,0.0,0.0,0.0,0.0,0.0,0.0,0.0,0.0,0.0,0.0,0.0,0.0,0.0,0.0,0.0,0.0,0.0,0.0,0.0,0.0,0.0,0.0,2.254,0.0,0.0,0.0,0.0,0.0,0.0,1.305,0.0,0.0,0.0,0.0,0.0,0.0,0.0,0.0,0.0,0.0,0.0,0.0,0.0,0.0,4.201,0.0,0.0,0.0,0.0,0.0,0.0,0.0,0.0,0.0,0.0,0.0,0.0,0.0,0.0,0.0,0.0,0.0,0.0,0.0,2.333,0.0,2.208,2.201,0.0,0.0,2.643,0.0,0.0,0.0,0.0,0.0,0.0,0.0,0.0,0.0,0.0,0.0,0.0,0.0,0.0,0.0,0.0,1.339,0.0,0.0,0.0,0.0,0.0,0.0,0.0,0.0,0.0,0.0,0.0,0.0,0.0,0.0,0.0,0.0,26.497,0.0,0.0,0.276,0.0,17.478,0.0,73.81099999999999,0.0,0.0,0.0,0.0,0.0,0.524,0.0,7.911,0.0,0.276,0.0,17.478,0.0,0.0,0.0,0.0,0.0,0.0,0.0,0.0,0.0,0.0,0.0,0.0,0.0,0.0,0.0,19.189,0.0,0.0,0.0,0.607,45.414,0.0,1.674,6.614,0.0,0.0,0.0,0.0,0.0,0.0,0.0,0.0,8.748
4-21,Spring,(HM)1SC,13.0,34.0,17605.0,6.27,0.5041,21.17,38.59,0.6,7.57,22.66,2.0,0.0,0.0,0.0,0.0,0.0,0.0,0.0,0.0,31.799,0.0,0.0,0.0,0.0,1.388,10.358,0.0,0.0,0.0,0.0,6.479,0.0,0.0,0.0,15.594,0.0,0.0,0.0,1.73,0.0,19.437,1.872,1.369,0.0,2.635,0.0,0.0,0.0,0.0,0.0,1.748,0.0,0.0,0.0,0.0,0.0,0.0,0.0,0.0,0.0,0.0,0.0,0.0,0.0,0.0,0.0,0.0,0.0,0.0,0.0,0.0,0.0,0.0,0.0,0.0,0.0,0.0,0.0,0.0,1.542,0.0,0.0,0.0,0.0,0.0,0.0,0.0,6.092,0.0,0.0,0.0,0.0,0.0,0.0,0.0,0.0,0.0,0.0,0.0,0.0,10.148,7.716,2.423,0.0,0.0,0.0,0.0,0.0,0.0,0.0,0.0,0.0,0.0,0.0,1.392,0.0,0.0,0.0,0.0,0.0,0.0,0.0,0.0,0.0,0.0,0.0,0.0,0.0,0.0,0.0,0.0,0.0,0.0,0.0,0.0,0.0,0.0,0.0,1.888,2.099,0.0,0.0,0.0,0.0,0.0,0.0,0.0,0.0,0.0,0.0,0.0,0.0,0.0,0.0,0.0,0.0,0.0,0.0,0.0,0.0,0.0,3.176,0.0,0.0,0.0,0.0,0.0,0.0,0.0,0.0,0.0,0.0,0.0,0.0,0.0,0.0,0.0,0.0,0.0,0.0,0.0,1.976,0.0,0.0,1.579,0.0,0.0,3.349,0.0,0.0,0.0,0.0,0.0,0.0,0.0,0.0,0.0,0.0,1.446,0.0,0.0,0.0,0.0,0.0,0.0,0.0,0.0,0.0,0.0,0.0,0.0,0.0,0.0,2.313,0.0,0.0,0.0,0.0,0.0,0.0,0.0,23.082,0.0,0.255,0.829,0.0,15.542,0.0,80.361,0.0,0.0,0.0,0.0,1.84,0.95,0.0,0.224,0.0,0.829,0.0,15.542,0.0,0.0,0.0,0.0,0.0,0.0,0.0,0.0,0.0,0.0,0.0,0.236,0.0,0.0,0.0,37.17599999999999,0.0,0.38,0.0,0.0,26.762,0.0,1.938,14.074,0.0,0.0,0.0,0.0,1.84,0.0,0.0,0.0,0.9689999999999999
1-22,Summer,FW+HM+Aww,35.0,31.0,17134.0,5.82,4.77,27.9,75.75,36.3,8.55,11.687,4.63,0.74,0.22,0.1,0.0,0.0,0.0,0.0,0.0,22.929,0.0,1.527,0.0,0.0,0.0,19.223,0.0,0.0,0.0,1.048,0.878,0.0,0.0,0.0,46.526,0.0,0.0,0.0,0.0,0.0,0.0,4.273,1.681,0.0,0.625,0.0,0.436,0.0,0.0,0.0,0.0,0.0,0.0,0.0,0.0,0.0,0.0,1.543,0.0,0.0,0.0,0.0,0.0,0.0,0.0,0.0,0.0,0.0,0.0,0.0,0.0,0.0,0.0,0.0,0.0,0.0,1.985,0.0,0.0,1.339,0.0,0.0,0.0,0.0,0.0,0.0,0.0,16.054,0.0,0.0,0.0,0.0,0.0,0.0,1.114,0.0,0.0,0.0,0.0,0.0,0.0,0.0,0.0,0.0,0.0,0.0,0.0,0.0,0.0,0.0,0.0,20.083,0.0,0.0,0.0,0.0,0.0,0.0,0.0,0.0,1.331,0.0,0.0,0.0,0.0,0.0,0.0,0.0,0.0,1.498,0.0,0.0,0.0,0.0,0.0,0.0,0.0,0.0,0.0,0.0,0.0,0.0,0.0,0.0,0.0,0.0,0.0,0.0,0.0,1.42,0.0,0.0,0.0,0.0,0.0,0.0,0.0,0.0,0.0,0.0,0.0,0.0,0.0,0.0,0.0,0.0,0.0,0.0,0.0,0.0,0.0,0.0,0.0,0.0,0.0,0.0,0.0,0.0,0.0,0.0,0.0,0.0,12.583,0.0,2.224,0.0,0.0,0.0,2.902,0.0,0.0,0.0,0.0,0.0,0.0,0.0,0.0,1.775,0.0,0.0,0.0,0.0,0.0,0.0,0.0,0.0,0.0,0.0,0.0,0.0,0.0,0.0,0.0,2.421,0.0,1.552,0.0,0.0,0.0,0.0,0.0,17.015,0.0,0.0,0.516,0.0,0.26,0.0,92.55999999999999,0.0,0.0,0.228,0.0,0.01,4.188,0.0,2.236,0.0,0.511,0.0,0.26,1.309,0.0,0.0,1.468,0.005,0.0,0.0,0.0,0.0,0.0,0.0,0.711,0.0,0.0,0.0,0.079,0.0,0.0,0.082,0.0,14.691,4.904,0.0,71.24499999999999,0.228,0.0,0.0,1.255,0.01,0.0,0.0,0.0,3.24
2-22,Fall,FW+HM+Aww,35.0,31.0,17134.0,6.03,0.8525,32.08,85.01,11.2,8.17,12.644,0.38,8.91,3.63,2.15,0.0,0.0,0.0,0.215,0.0,26.191,0.0,1.515,0.0,0.0,0.0,6.180000000000001,0.0,0.0,0.0,0.964,0.463,0.0,0.0,0.0,56.905,0.0,0.0,0.322,0.0,0.0,0.0,4.707,1.448,0.0,0.0,0.0,0.0,0.0,0.0,0.0,0.0,0.0,0.0,0.0,0.0,0.0,0.0,3.291,0.0,0.0,0.0,0.0,0.0,0.0,0.0,0.0,0.0,0.0,0.0,0.0,0.0,0.0,0.0,0.0,0.964,0.0,1.371,0.0,0.0,2.385,0.0,0.0,0.0,0.0,0.0,0.0,0.0,5.921,0.0,0.0,0.0,0.0,0.0,0.0,0.0,0.0,0.0,0.0,0.0,0.0,0.0,0.0,0.0,0.0,0.0,0.0,0.0,0.0,0.0,0.0,0.0,23.533,0.0,1.523,0.0,0.0,0.0,0.0,0.0,0.0,0.0,0.0,0.0,0.0,0.0,0.0,0.0,0.0,0.0,1.485,0.0,0.0,0.0,0.0,0.0,0.0,0.0,0.0,0.0,0.0,0.0,0.0,0.0,0.0,0.0,0.0,0.0,0.0,0.0,0.0,0.0,0.0,0.0,0.0,0.0,0.0,0.0,0.0,0.0,0.0,0.0,0.0,0.0,0.0,0.0,0.0,0.763,0.0,0.0,0.0,0.0,0.0,1.889,0.0,0.0,0.0,0.0,0.0,0.0,0.0,0.0,0.0,9.584,0.0,1.231,0.0,0.0,0.0,2.479,0.0,0.0,0.0,0.0,0.0,0.0,0.0,0.0,1.757,0.0,0.0,0.0,0.0,0.0,0.0,0.0,0.0,0.0,0.0,0.0,0.0,0.0,0.0,0.0,0.0,0.0,4.007,0.0,0.0,0.0,0.0,0.0,25.471,0.0,0.0,0.0,0.0,8.396,0.0,75.68700000000001,0.0,0.0,0.0,0.0,0.0,2.68,0.0,13.237,0.0,0.0,0.0,8.396,1.041,0.0,0.0,1.196,0.0,0.0,0.0,0.0,0.0,0.0,0.0,0.0,0.0,0.0,0.0,0.0,0.0,0.0,0.0,0.0,41.593,0.266,0.0,33.773,0.0,0.0,0.0,0.443,0.0,0.0,0.0,0.0,13.292
3-22,Winter,FW+HM+Aww,35.0,31.0,17134.0,6.3,0.0,32.8,57.5,28.3,8.36,12.51,2.505,2.81,1.54,0.29,0.0,0.0,0.0,0.725,0.0,31.264,0.0,0.408,0.0,0.0,0.0,0.37,0.0,0.0,0.0,0.0,0.327,0.0,0.0,0.0,62.391,0.0,0.0,0.0,0.455,0.0,1.611,0.0,1.312,0.0,0.787,0.0,0.0,0.0,0.0,0.0,0.0,0.0,0.0,0.0,0.0,0.0,0.0,0.0,0.0,0.0,0.0,0.0,0.0,0.0,0.0,0.0,0.0,0.0,0.0,0.0,0.0,0.0,0.0,0.0,0.0,0.0,0.0,1.028,0.0,0.0,0.0,0.0,0.0,0.0,0.0,0.0,0.0,0.0,0.0,0.0,0.0,0.0,0.0,0.0,3.611,0.0,0.0,0.0,0.0,0.0,0.0,0.0,0.0,0.0,0.0,0.0,0.0,0.0,0.0,0.0,0.0,9.24,0.0,5.833,0.0,0.0,0.0,0.0,0.0,0.0,0.0,0.0,0.0,0.0,0.0,0.0,0.0,0.0,0.0,0.0,0.0,0.0,0.0,0.0,0.0,1.497,0.0,0.0,0.0,0.0,0.0,0.0,0.0,0.0,0.0,0.0,0.0,0.0,0.0,0.0,0.621,0.0,0.0,0.0,0.0,0.0,0.0,0.0,0.0,0.0,0.0,0.0,0.0,0.0,0.0,0.0,0.611,10.206,6.359,0.0,0.0,2.364,0.0,0.0,0.0,0.0,0.0,0.0,0.0,0.0,0.0,0.0,0.0,0.995,0.479,0.0,0.0,0.0,0.0,0.0,0.0,0.0,0.0,0.0,0.0,0.0,0.0,0.0,0.0,0.0,0.0,0.0,0.0,0.0,0.0,0.0,0.0,0.0,0.0,0.44,0.0,0.0,0.0,0.0,0.0,3.023,0.0,0.0,0.0,0.0,0.0,43.836,0.0,0.0,0.0,0.0,0.328,0.0,27.544,0.0,0.0,0.0,0.0,0.0,0.0,0.0,72.127,0.0,0.0,0.0,0.328,0.0,0.0,0.0,0.0,0.0,0.0,0.0,0.0,0.0,0.0,0.0,0.0,0.0,0.0,0.0,0.0,0.0,0.0,0.0,0.0,7.411,0.347,0.0,19.698,0.0,0.0,0.0,0.0,0.0,0.0,0.0,0.0,72.215
4-22,Spring,FW+HM+Aww,35.0,31.0,17134.0,6.41,3.79,31.08,60.63,29.8,20.03,13.07,4.3,1.72,1.24,0.33,0.0,0.0,0.0,0.245,0.0,33.912,0.0,0.0,0.0,0.0,0.0,1.537,0.0,0.0,0.0,0.0,0.146,0.0,0.0,0.0,57.645,0.0,0.0,0.0,0.284,0.0,0.391,3.717,0.8939999999999999,0.0,1.066,0.0,0.0,0.0,0.0,0.0,0.0,0.0,0.0,0.0,0.0,0.0,0.0,2.151,0.0,0.0,0.0,0.0,0.0,0.0,0.0,0.0,0.0,0.0,0.0,0.0,0.0,0.0,0.0,0.0,0.0,0.0,0.0,1.025,0.0,0.0,0.0,0.0,0.0,0.0,0.0,0.0,0.0,0.911,0.0,0.0,0.0,0.0,0.0,0.0,2.22,0.0,0.0,0.0,0.0,0.0,5.868,0.0,0.0,0.0,0.0,0.0,0.0,0.0,0.0,0.0,0.0,9.011,0.0,3.839,0.0,0.0,0.0,0.0,0.0,0.0,0.0,0.0,0.0,0.0,0.0,0.0,0.0,0.0,0.0,0.0,0.0,0.0,0.0,0.0,0.0,0.0,0.0,0.0,0.0,0.0,0.0,0.0,0.0,0.0,0.0,0.0,0.0,0.0,0.0,0.0,0.0,0.0,0.0,0.0,0.0,0.0,0.0,0.0,0.0,0.0,0.0,0.0,0.0,0.0,0.0,0.0,1.143,0.0,5.497999999999999,0.0,0.0,0.0,0.0,0.0,0.0,0.0,0.0,0.0,0.0,0.0,0.0,0.0,0.0,0.6950000000000001,2.334,0.0,0.0,0.0,2.834,0.0,0.0,0.0,0.0,0.0,0.0,0.0,0.0,0.0,0.0,0.0,0.0,0.0,0.0,0.0,0.0,0.0,0.0,0.0,0.0,0.78,0.0,0.0,0.0,0.0,0.0,3.749,0.0,0.0,0.0,0.0,0.0,42.818,0.0,0.0,0.0,0.0,0.366,0.0,97.68900000000001,0.0,0.0,0.0,0.0,0.0,1.882,0.0,0.066,0.0,0.0,0.0,0.366,1.467,0.0,0.0,0.0,0.0,0.0,0.0,0.0,0.0,0.0,0.033,1.04,0.0,0.0,0.0,0.374,0.0,0.0,0.033,0.058,4.426,16.539,0.0,74.278,0.0,0.0,0.0,0.415,0.0,0.0,0.0,0.0,0.974
1-23,Summer,1SC/2SC,27.0,35.0,251394.0,5.1231981788971135,0.4975,20.815,39.595,1.8,5.75,10.444,1.62,0.895,0.585,0.155,0.0,0.0,0.0,0.0,0.0,21.499,0.0,0.0,0.0,0.0,22.58,5.868,0.0,0.0,0.0,0.0,1.522,0.0,0.0,0.0,20.812,0.0,0.0,0.0,0.0,0.0,9.847999999999999,2.971,4.331,5.234,0.774,0.0,0.0,0.0,0.0,0.0,0.0,0.0,0.0,0.0,0.0,0.0,0.0,0.0,0.0,0.0,0.0,0.0,0.0,0.0,0.0,0.0,0.0,0.0,0.0,0.0,0.0,0.0,0.0,0.0,0.0,0.0,0.0,0.0,0.0,2.752,0.0,0.0,0.0,0.0,0.0,0.0,0.0,3.228,0.0,0.0,0.0,0.0,0.0,0.0,0.0,0.0,0.0,0.0,0.0,0.0,0.0,1.491,0.0,0.0,0.0,0.0,0.0,0.0,0.0,0.0,0.0,0.0,0.0,0.0,0.0,0.0,0.0,0.0,0.0,0.0,0.0,0.0,0.0,0.0,0.0,0.0,0.0,0.0,0.0,0.0,0.0,0.0,0.0,0.0,0.0,0.0,0.0,0.0,0.0,0.906,0.0,0.0,0.0,0.0,0.0,0.0,0.0,0.0,0.0,0.0,0.0,1.289,0.0,0.0,0.0,0.0,0.0,0.0,0.0,0.0,0.0,0.0,0.0,0.0,0.0,1.571,0.0,0.0,1.178,0.0,0.0,0.0,0.0,0.0,0.0,0.0,0.0,21.034,0.0,3.566,0.0,0.0,3.415,0.0,3.236,0.0,0.0,0.0,0.0,0.0,0.0,0.0,0.0,1.709,0.0,0.0,0.0,2.365,0.0,0.0,0.0,0.0,0.0,0.0,0.0,0.0,0.0,0.0,0.0,0.0,0.0,0.0,0.0,0.0,2.328,0.0,0.0,0.0,0.0,1.022,0.0,28.216,0.0,0.0,0.422,0.0,18.417,0.0,75.33800000000001,0.0,0.0,0.0,0.0,0.547,3.086,0.0,2.189,0.0,0.422,0.0,18.417,0.0,0.0,0.0,0.0,0.0,0.0,0.0,0.0,0.0,0.0,0.0,7.304,0.0,0.0,0.0,3.492,0.0,1.219,1.41,0.083,22.313,0.309,0.916,39.183,0.0,0.0,0.0,0.0,0.547,0.0,0.0,0.0,4.384
2-23,Fall,1SC/2SC/FW,27.0,35.0,297967.0,4.930866332730551,0.0734438635822087,36.09114549597775,60.55881184829192,8.557143911909709,17.88870760856068,12.760135102209304,3.757428809230552,0.8885042303342316,0.6607059170982021,0.1349915930287582,0.0,0.0,0.0,0.0,0.0,18.866,0.0,0.0,0.0,0.0,43.377,12.626,0.0,0.0,0.0,0.0,0.375,0.4,0.0,0.0,10.139,0.0,0.0,0.0,0.0,0.0,3.285,3.584,1.955,3.478,0.0,0.0,0.0,0.516,0.0,0.0,0.0,0.0,0.0,0.0,0.0,0.0,0.0,0.0,0.0,0.0,0.0,0.0,0.0,0.0,0.0,0.0,0.0,0.0,0.0,0.0,0.0,0.0,0.0,0.0,0.0,0.0,0.0,0.0,0.0,0.0,0.0,0.0,0.664,0.0,0.0,0.0,0.0,1.763,0.0,0.0,0.0,0.0,0.0,0.0,0.0,0.0,0.0,0.0,0.0,0.0,0.0,0.0,0.0,0.0,0.0,0.0,0.0,0.0,0.0,0.0,0.0,0.0,0.0,0.0,0.0,0.0,0.0,0.0,0.0,0.0,0.0,0.0,0.0,0.0,0.0,0.0,0.0,0.0,0.0,0.0,0.0,0.0,0.0,0.0,0.0,0.822,0.0,0.0,0.0,0.482,0.0,0.0,0.0,0.0,0.0,0.0,0.0,0.0,0.0,0.0,0.0,1.225,0.0,0.0,0.0,0.0,0.0,0.0,0.0,0.0,0.0,0.0,0.0,0.0,0.0,0.825,0.0,0.0,2.04,0.0,0.0,0.0,0.0,0.0,0.0,0.0,0.0,42.423,0.0,2.159,0.881,0.0,0.0,0.0,2.046,0.0,0.0,0.0,0.0,0.0,0.0,0.0,0.0,1.083,0.0,0.0,0.0,0.799,0.0,0.0,0.0,0.0,0.0,0.0,0.0,0.0,0.0,0.0,0.0,0.0,0.0,0.0,0.0,0.0,10.731,0.0,0.0,0.0,0.0,0.0,0.0,21.496,0.0,0.0,0.0,0.0,20.638,0.0,77.208,0.0,0.0,0.0,0.0,0.0,1.94,0.0,0.215,0.0,0.0,0.0,20.638,0.0,0.0,0.0,0.0,0.0,0.0,0.0,0.0,0.0,0.0,0.0,7.298,0.0,0.0,0.0,3.975,0.0,1.137,0.882,0.0,36.863,1.495,0.0,25.789,0.0,0.0,0.0,0.0,0.0,0.0,0.0,0.0,1.924
3-23,Winter,1SC/2SC/FW,27.0,35.0,297967.0,4.58344482313256,,,,,,,,,,,0.0,0.0,0.0,0.0,0.0,17.094,0.0,0.0,0.0,0.0,31.552,10.765,0.0,0.0,0.0,0.0,0.845,0.0,0.0,0.0,14.856,0.0,0.0,0.0,0.0,0.0,10.169,2.362,4.098,3.799,0.0,0.0,0.857,0.942,0.0,0.0,0.0,0.0,0.0,0.0,0.0,0.0,0.0,0.0,0.0,0.0,0.0,0.0,0.0,0.0,0.0,0.0,0.0,0.0,0.0,0.0,0.0,0.0,0.0,0.0,0.0,0.0,0.0,0.0,0.0,1.985,0.0,0.0,0.0,0.0,0.0,0.0,0.0,8.411,0.0,0.0,0.0,0.0,0.0,0.0,0.0,0.0,0.0,0.0,0.0,0.0,0.0,1.084,0.0,0.0,0.0,0.0,0.0,0.0,0.0,0.0,0.0,0.0,0.0,0.0,0.887,0.0,0.872,0.0,0.0,0.0,0.0,0.0,0.0,0.0,0.0,0.0,0.0,0.0,0.0,0.0,0.0,0.0,0.0,0.0,0.0,0.0,0.0,0.0,0.0,0.0,0.0,0.0,0.0,0.0,0.0,0.0,0.0,0.0,0.0,0.0,0.0,0.0,1.222,0.0,0.0,0.0,0.0,0.0,0.0,0.0,0.0,0.0,0.0,0.0,0.0,0.0,0.0,0.0,0.0,0.0,0.0,0.0,0.0,0.0,0.0,0.0,0.0,30.722,0.0,3.006,0.0,0.0,0.0,0.0,2.265,0.0,0.0,0.0,0.0,0.0,0.0,0.0,0.0,1.286,0.0,0.0,0.0,0.98,0.0,0.0,0.0,0.0,0.0,0.0,1.076,0.0,0.0,0.0,0.0,0.0,0.0,0.0,0.0,0.726,1.371,0.0,0.0,0.0,0.0,0.0,0.0,26.489,0.0,0.0,0.0,0.0,21.312,0.0,73.017,0.0,0.0,0.608,0.0,0.601,3.316,0.0,1.147,0.0,0.0,0.0,21.312,0.0,0.0,0.0,0.0,0.0,0.0,0.0,0.0,0.0,0.0,0.0,8.783999999999999,0.0,0.0,0.0,7.192,0.0,2.247,1.038,0.0,34.878,0.0,0.0,20.789,0.608,0.0,0.0,0.0,0.601,0.0,0.0,0.0,2.552
4-23,Spring,1SC/2SC/FW,27.0,35.0,297967.0,4.458966381757881,,38.30707719311199,54.57657311044511,7.267731997167471,28.010438236449,15.700269090201264,4.312017270368867,0.6131596787563723,0.3600504418274506,0.1434285675930556,0.0,0.0,0.0,2.303,0.0,26.335,0.0,0.0,0.0,0.0,17.132,9.629,0.0,0.0,0.0,0.0,2.038,0.0,0.0,0.0,19.574,0.0,0.0,0.0,0.0,0.0,8.372,1.179,3.936999999999999,3.009,0.0,0.0,0.0,0.0,0.0,0.0,0.0,0.0,0.0,0.0,0.0,0.0,0.0,0.0,0.0,0.0,0.0,0.0,0.0,0.0,0.0,0.0,0.0,0.0,0.0,0.0,1.468,0.0,0.0,0.0,0.0,0.0,0.0,0.0,0.0,3.639,0.0,0.0,0.0,0.0,0.0,0.0,0.0,7.916,0.0,0.0,0.0,0.0,0.0,0.0,0.0,0.0,0.0,0.0,0.0,0.0,3.226,1.284,0.0,0.0,0.0,0.0,0.0,0.0,0.0,0.0,0.0,0.0,0.0,0.0,1.176,0.0,0.0,0.0,0.0,0.0,0.0,0.0,0.0,0.0,0.0,0.0,0.0,0.0,0.0,0.0,0.0,0.0,0.0,0.0,0.0,0.0,0.0,0.0,0.0,0.0,0.0,0.0,0.0,0.0,0.0,0.0,0.0,0.0,0.0,0.0,0.0,0.0,1.01,0.0,0.0,0.0,0.0,0.0,0.0,0.0,0.0,0.0,0.0,0.0,0.0,1.179,0.0,0.0,0.0,0.0,0.0,0.0,0.0,0.0,0.0,0.0,0.0,16.059,0.0,2.454,0.0,0.0,2.182,0.0,1.625,0.0,0.0,0.9710000000000001,0.0,0.0,0.0,0.0,0.0,1.384,0.0,0.0,0.0,1.04,0.0,0.0,0.0,0.0,0.0,0.0,0.0,0.0,0.0,0.0,0.0,0.0,0.0,0.0,0.0,0.0,0.0,0.0,0.0,0.0,0.0,0.0,0.0,32.725,0.0,0.0,0.169,0.0,11.214,0.0,88.369,0.0,0.0,0.0,0.0,0.056,0.0,0.0,0.19,0.0,0.169,0.0,11.214,0.0,0.0,0.0,0.0,0.0,0.0,0.0,0.0,0.0,0.0,0.0,2.037,0.0,0.0,0.0,3.475,0.0,0.0,0.261,0.113,66.589,0.0,0.127,15.697,0.0,0.0,0.0,0.0,0.0,0.0,0.0,0.056,0.26
1-24,Summer,1S,34.0,36.0,39709.0,5.62,0.4909,23.67,36.19,1.7,5.06,4.569,4.68,1.0,0.15,0.53,0.0,0.0,0.0,1.025,0.0,19.85,0.0,0.0,0.0,0.0,2.784,7.779000000000001,0.0,0.0,0.0,0.0,21.18,0.0,0.0,0.0,25.015,0.0,0.0,0.0,0.0,0.0,7.629,6.337000000000001,2.324,0.0,1.718,0.0,0.0,0.0,0.0,0.0,0.0,0.0,0.0,0.0,0.0,0.0,0.0,0.0,0.0,0.0,0.0,0.0,0.0,0.0,0.0,0.0,0.0,0.0,0.0,0.0,0.0,0.0,0.0,0.0,0.0,0.0,0.0,0.0,0.0,5.756,0.0,0.0,0.0,0.0,0.0,0.0,0.0,6.979,0.0,0.0,0.0,0.0,0.0,0.0,0.0,0.0,0.0,0.0,0.0,0.0,0.0,3.174,0.0,0.0,0.0,0.0,0.0,0.0,0.0,0.0,0.0,0.0,0.0,0.0,0.0,0.0,0.0,0.0,0.0,0.0,0.0,0.0,0.0,0.0,0.0,0.0,0.0,0.0,0.0,0.0,0.0,0.0,1.141,0.0,0.0,0.0,0.0,0.0,0.0,0.9820000000000001,0.0,0.0,0.0,0.0,0.0,0.0,0.0,0.0,0.0,0.0,0.0,0.0,0.0,0.0,0.0,0.0,0.0,0.0,0.0,0.0,0.0,0.0,0.0,0.0,0.0,0.0,0.0,0.0,0.0,0.0,0.0,0.0,0.0,0.0,0.0,0.0,0.0,2.292,0.0,0.0,0.0,0.0,1.846,1.346,1.247,0.0,0.0,13.989,0.0,0.0,0.0,0.0,0.0,0.0,0.0,1.169,0.0,2.851,2.161,2.469,0.0,0.0,0.0,0.0,0.0,0.0,0.0,1.226,0.0,0.0,0.0,0.0,0.0,0.0,0.0,0.0,0.0,0.0,0.0,0.0,0.0,30.085,0.0,0.0,0.11,0.0,10.947,0.0,83.765,0.0,0.0,0.0,0.0,0.06,0.538,0.0,4.582,0.0,0.11,0.0,10.947,0.0,0.0,0.0,0.0,0.0,0.0,0.0,0.0,0.0,0.0,0.0,0.618,0.0,0.0,0.0,39.741,0.0,0.538,0.0,0.369,27.52,0.239,0.468,14.661,0.0,0.0,0.0,0.0,0.0,0.0,0.0,0.06,4.731
2-24,Fall,1S,34.0,36.0,39709.0,5.16,0.0808,19.37,33.41,2.3,7.7,7.005,2.78,1.06,0.33,0.48,0.0,0.0,1.883,0.0,0.0,20.128,0.0,0.0,0.0,0.0,1.624,5.952,0.0,0.0,0.0,0.0,18.719,0.0,0.0,0.0,25.375,0.0,0.0,0.0,0.0,0.0,8.129,8.062,1.64,0.0,2.4,0.0,0.0,0.0,0.0,0.0,0.0,0.0,0.0,0.0,0.0,0.0,0.0,0.0,0.0,0.0,0.0,0.0,0.0,0.0,0.0,0.0,0.0,0.0,0.0,0.0,0.0,0.0,0.0,0.0,0.0,0.0,0.0,0.0,0.0,4.98,0.0,0.0,0.0,0.0,0.0,0.0,0.0,4.872,0.0,0.0,0.0,0.0,0.0,0.0,0.0,0.0,0.0,0.0,0.0,0.0,0.0,1.488,0.0,0.0,0.0,0.0,0.0,0.0,0.0,0.0,0.0,0.0,0.0,0.0,0.0,0.0,0.0,0.0,0.0,0.0,0.0,0.0,0.0,0.0,0.0,0.0,0.0,0.0,0.0,0.0,0.0,0.0,1.173,0.0,0.0,0.0,0.0,0.0,0.0,1.15,0.0,0.0,0.0,0.0,0.0,0.0,0.0,1.605,0.0,0.0,0.0,0.0,0.0,0.0,0.0,0.0,0.0,0.0,0.0,0.0,0.0,2.028,0.0,0.0,0.0,0.0,0.0,0.0,0.0,0.0,0.0,0.0,1.069,0.0,0.0,0.0,0.0,0.0,0.0,0.0,0.0,0.0,0.0,1.69,2.149,0.0,0.0,10.575,0.0,0.0,0.0,2.242,0.0,0.0,0.0,0.0,0.0,2.456,2.261,2.429,0.0,0.0,0.0,0.0,0.0,0.0,0.0,0.0,0.0,0.0,0.0,0.0,0.0,0.0,0.0,0.0,0.0,0.0,0.0,0.0,0.0,30.061,0.0,0.0,0.0,0.0,15.819,0.0,78.237,0.0,0.0,0.0,0.0,0.0,1.966,0.0,3.978,0.0,0.0,0.0,15.819,0.0,0.0,0.0,0.0,0.0,0.0,0.0,0.0,0.0,0.0,0.0,0.244,0.0,0.0,0.0,26.324,0.0,1.024,0.0,0.0,34.989,0.0,0.523,16.157,0.0,0.0,0.0,0.0,0.0,0.0,0.0,0.0,4.92
3-24,Winter,1S,34.0,36.0,39709.0,4.48,0.457,22.57,42.35,3.2,13.22,9.98,6.52,1.86,0.82,0.63,0.0,0.0,0.396,0.0,0.0,14.922,0.0,0.0,0.0,0.0,1.495,11.418,0.0,0.0,0.0,0.0,21.522,0.0,0.0,0.0,30.81,0.0,0.0,0.0,0.0,0.0,4.825,8.624,2.001,0.0,1.628,0.0,0.0,0.0,0.0,0.0,0.0,0.0,0.0,0.0,0.0,0.0,0.0,0.0,1.408,0.0,0.0,0.0,0.0,0.0,0.0,0.0,0.0,0.0,0.0,0.0,0.0,0.0,0.0,0.0,0.0,0.0,0.0,0.0,0.0,2.288,0.0,0.0,3.527,0.0,0.0,0.0,0.0,10.421,0.0,0.0,0.0,0.0,0.0,0.0,0.0,0.0,0.0,0.0,0.0,0.0,0.0,2.992,0.0,0.0,0.0,0.0,0.0,0.0,0.0,0.0,0.0,0.0,0.0,0.0,0.0,0.0,0.0,0.0,0.0,0.0,0.0,0.0,0.0,0.0,0.0,0.0,0.0,0.0,0.0,0.0,0.0,0.0,0.0,0.0,0.0,0.0,0.0,0.0,0.0,1.187,0.0,0.0,0.0,0.0,0.0,0.0,0.0,0.0,0.0,0.0,0.0,0.0,0.0,0.0,0.0,0.0,0.0,0.0,0.0,0.0,0.0,0.0,0.0,0.0,0.0,0.0,0.0,0.0,2.354,0.0,0.0,0.0,0.0,0.0,0.0,0.0,2.86,0.924,0.0,0.0,0.0,0.0,1.034,2.193,1.313,0.0,0.0,17.46,0.0,0.0,0.0,0.0,0.0,0.0,0.0,0.0,0.0,1.335,0.0,0.0,0.0,0.0,0.0,0.0,0.0,0.0,0.0,1.078,0.0,0.0,0.0,0.0,0.0,0.0,0.0,0.0,0.0,0.0,0.0,0.0,0.0,30.83,0.0,0.0,0.194,0.0,15.372,0.0,74.882,0.0,0.0,0.0,0.0,0.0,0.746,0.0,8.806000000000001,0.0,0.194,0.0,15.372,0.0,0.0,0.0,0.0,0.0,0.0,0.0,0.0,0.0,0.0,0.0,0.0,0.0,0.0,0.0,42.065,0.0,0.746,0.0,0.0,17.155,0.0,0.525,15.068,0.0,0.0,0.0,0.0,0.0,0.0,0.0,0.0,8.875
1-25,Summer,2S,34.0,36.0,100200.0,6.23,1.8301,6.97,11.12,0.1,2.72,2.958,0.68,0.0,0.0,0.0,0.0,0.0,0.0,5.988,0.0,24.654,0.0,0.0,1.876,0.0,2.01,16.02,0.0,0.0,0.0,0.0,3.171,0.0,0.0,0.0,15.82,0.0,0.0,0.0,0.0,1.192,18.132,0.0,6.915999999999999,0.0,0.0,0.0,0.0,0.0,0.0,1.327,0.0,0.993,0.0,0.0,0.0,0.0,0.0,0.992,0.0,0.0,0.0,0.0,0.0,0.0,0.0,0.0,0.0,0.0,0.0,0.0,0.0,0.0,0.0,0.0,0.0,0.0,0.0,0.0,0.0,2.581,0.0,0.0,0.0,0.0,0.0,0.931,0.0,15.362,1.266,0.0,0.0,0.0,0.0,0.0,0.0,0.0,0.0,0.0,0.0,0.0,0.0,3.526,2.219,0.0,0.0,0.0,0.0,0.0,0.0,0.0,0.0,0.0,0.0,0.0,0.0,0.0,0.0,0.0,0.0,0.0,0.0,0.0,0.0,0.0,0.0,0.0,0.0,0.0,0.0,0.0,0.0,0.0,0.0,0.0,0.0,0.0,0.0,0.0,0.0,0.0,0.0,0.0,0.0,0.0,0.0,0.0,0.0,0.0,0.0,0.0,0.0,0.0,0.0,0.0,0.0,0.0,0.0,0.0,0.0,0.0,0.0,0.0,0.0,0.0,0.0,0.0,0.0,0.0,0.0,0.0,0.0,0.0,0.0,0.0,0.0,0.0,0.0,0.0,0.0,0.0,0.0,0.0,10.441,0.0,0.0,0.0,0.0,1.6,0.0,0.0,0.0,0.0,0.0,0.0,0.0,0.0,0.0,0.0,0.0,0.0,0.0,0.0,0.0,3.748,0.0,0.0,1.111,6.403,0.0,0.0,0.0,0.0,0.0,0.0,0.0,0.0,1.876,0.0,0.0,0.0,0.0,28.462,0.0,0.0,0.012,0.0,17.981,0.0,75.83500000000001,0.0,0.0,0.0,0.0,0.0,3.196,0.0,2.978,0.0,0.0,0.0,17.981,0.0,0.0,0.0,0.0,0.012,0.0,0.0,0.0,0.0,0.0,0.958,0.855,0.0,0.0,0.0,63.032,0.0,3.117,0.152,0.0,7.241,0.158,0.109,2.032,0.0,0.0,0.0,0.0,0.0,0.0,0.0,0.0,4.355
2-25,Fall,2SC,34.0,36.0,100200.0,6.37,0.2555,46.5,34.83,0.3,16.97,25.11,3.48,0.0,0.0,0.0,0.0,0.0,0.0,4.695,0.0,21.343,0.0,5.101999999999999,0.0,0.0,6.049,3.548,0.0,0.0,0.0,0.0,4.109999999999999,0.0,0.0,0.0,17.138,0.0,0.0,0.0,0.0,3.145,19.092,0.0,10.111,0.0,0.0,0.0,0.0,0.0,0.0,0.0,0.0,2.271,0.0,0.0,0.0,0.0,0.0,0.0,0.0,0.0,0.0,0.0,0.0,0.0,0.0,0.0,0.0,0.0,0.0,0.0,0.0,0.0,0.0,0.0,0.0,0.0,0.0,0.0,0.0,5.644,0.0,0.0,0.0,0.0,0.0,1.672,0.0,2.193,1.573,0.0,0.0,0.0,0.0,0.0,0.0,0.0,0.0,0.0,0.0,0.0,0.0,2.232,1.878,0.0,0.0,0.0,0.0,0.0,0.0,0.0,0.0,0.0,0.0,0.0,0.0,0.0,0.0,0.0,0.0,0.0,0.0,0.0,0.0,0.0,0.0,0.0,0.0,0.0,0.0,4.672,0.0,0.0,0.0,0.0,0.0,0.0,0.0,0.0,0.0,0.0,0.0,0.0,0.0,0.0,0.0,0.0,0.0,0.0,0.0,0.0,0.0,0.0,0.0,0.0,0.0,0.0,0.0,0.0,0.0,0.0,0.0,0.0,0.0,0.0,0.0,0.0,0.0,0.0,0.0,0.0,0.0,0.0,0.0,0.0,0.0,0.0,0.0,1.805,1.194,0.0,0.0,0.0,5.764,0.0,0.0,0.0,0.0,0.0,0.0,0.0,0.0,0.0,0.0,0.0,0.0,0.0,0.0,0.0,1.418,0.0,0.0,0.0,0.0,1.977,0.0,0.0,0.0,9.226,0.0,0.0,0.0,0.0,0.0,0.0,0.0,0.0,1.205,0.0,0.0,0.0,0.0,29.188,0.0,0.0,0.0,0.0,16.826,0.0,79.748,0.0,0.0,0.0,0.0,0.0,1.965,0.0,1.46,0.0,0.0,0.0,16.826,0.0,0.0,0.0,0.0,0.0,0.0,0.0,0.0,0.0,0.0,0.682,0.0,0.0,0.0,0.0,57.764,0.0,1.965,0.355,0.0,17.372,0.0,0.0,3.425,0.0,0.0,0.0,0.0,0.0,0.0,0.0,0.0,1.61
3-25,Winter,2SC,34.0,36.0,100200.0,6.38,2.7,9.02,17.04,0.7,5.42,14.59,1.83,0.03,0.01,0.01,0.0,0.0,0.0,4.112,0.0,23.079,0.0,0.0,2.496,0.0,1.521,20.984,0.0,0.0,0.0,0.0,2.522,0.0,0.0,0.0,13.859,0.0,0.0,0.0,0.0,0.0,17.866,1.712,7.391,0.0,0.0,0.0,0.0,0.0,0.0,1.016,0.0,0.798,0.0,0.0,0.0,0.0,0.0,0.0,0.0,0.0,0.0,0.0,0.0,0.0,0.0,0.0,0.0,0.0,0.0,0.0,0.0,0.0,0.0,0.0,0.0,0.0,0.0,0.0,0.0,2.182,0.0,0.0,0.0,0.0,0.0,1.897,0.0,17.873,0.0,0.0,0.0,0.0,0.0,0.0,0.0,0.0,0.0,0.0,0.0,0.0,0.0,2.48,3.8,0.0,0.0,0.0,0.0,0.0,0.0,0.0,0.0,0.0,0.0,0.0,0.0,0.0,0.0,0.0,0.0,0.0,0.0,0.0,0.0,0.0,0.0,0.0,0.0,0.0,0.0,1.076,0.0,0.0,0.0,0.0,2.83,0.0,0.0,0.0,0.0,0.0,0.0,0.0,0.0,0.0,0.0,0.0,0.0,0.0,0.0,0.0,0.0,0.0,0.0,0.0,0.0,0.0,0.0,0.0,0.0,0.0,0.0,0.0,0.0,0.0,0.0,0.0,0.0,0.0,0.0,0.0,0.0,0.0,0.0,0.0,0.0,0.0,0.0,0.0,0.993,0.0,0.0,0.0,10.16,0.0,0.0,0.0,0.0,1.064,0.0,0.0,0.0,0.0,0.0,0.0,0.0,0.0,0.0,0.0,0.0,0.0,0.0,0.0,0.0,2.481,0.0,0.0,0.0,6.724,0.0,0.0,0.0,0.0,0.0,0.0,0.0,0.0,2.496,0.0,0.0,0.0,0.0,25.606,0.0,0.0,0.0,0.0,24.855,0.0,70.43299999999999,0.0,0.0,0.0,0.0,0.0,3.855,0.0,0.856,0.0,0.0,0.0,24.855,0.0,0.0,0.0,0.0,0.0,0.0,0.0,0.0,0.0,0.0,2.119,3.288,0.0,0.0,0.0,51.933,0.0,3.855,0.0,0.0,10.28,0.0,0.0,2.755,0.0,0.0,0.0,0.0,0.0,0.0,0.0,0.0,0.914
4-25,Spring,2SC,34.0,36.0,100200.0,6.11,2.535,29.13,70.3,1.1,9.61,24.27,3.1,1.92,0.68,0.42,0.0,0.0,0.0,4.494,0.0,16.048,0.0,0.9550000000000001,0.0,0.0,1.276,28.465,0.0,0.0,0.0,0.0,3.042,0.0,0.0,0.0,16.798,0.0,0.0,0.0,0.0,0.0,18.359,1.121,4.77,0.0,0.0,0.0,0.0,0.0,0.0,0.967,0.0,0.0,0.0,0.0,0.0,0.0,0.0,0.0,0.0,0.0,0.0,0.0,0.0,0.0,0.0,0.0,0.0,0.0,0.0,0.0,0.0,0.0,0.0,0.0,0.0,0.0,0.0,0.0,0.0,2.017,0.0,0.0,0.0,0.0,0.0,1.793,0.0,28.273,1.762,0.0,0.0,0.0,0.0,0.0,0.0,0.0,0.0,0.0,0.893,0.0,1.359,3.681,4.323,0.0,0.0,0.0,0.0,0.0,0.0,0.0,0.0,2.064,0.0,0.0,0.0,0.0,0.0,0.0,0.0,0.0,0.0,0.0,0.0,0.0,0.0,0.0,0.0,0.0,0.0,0.0,0.0,0.0,0.0,0.0,0.0,0.0,0.0,0.0,0.0,0.0,0.0,0.0,0.0,0.0,0.0,0.0,0.0,0.0,0.0,0.0,0.0,0.0,0.0,0.0,0.0,0.0,0.0,0.0,0.0,0.0,0.0,0.0,0.0,0.0,0.0,0.0,0.0,0.0,0.0,0.0,0.0,0.0,0.0,0.0,0.0,0.0,0.0,0.0,0.0,0.0,0.0,0.0,4.77,0.0,0.0,0.0,0.0,1.911,0.0,0.0,0.0,0.0,0.0,0.0,0.0,0.0,0.0,0.0,0.0,0.0,0.0,0.0,0.0,2.107,0.0,0.0,0.666,4.37,0.0,0.0,0.0,0.0,0.0,0.0,0.0,0.0,0.0,0.0,0.0,0.0,0.0,21.093,0.0,0.0,0.0,0.0,21.601,0.0,74.77,0.0,0.0,0.0,0.0,0.0,3.508,0.0,0.119,0.0,0.0,0.0,21.601,0.0,0.0,0.0,0.0,0.0,0.0,0.0,0.0,0.0,0.0,0.109,5.681,0.0,0.0,0.0,44.558,0.0,3.508,0.0,0.0,21.612,0.0,0.0,2.723,0.0,0.0,0.0,0.0,0.0,0.0,0.0,0.0,0.206
1-26,Summer,(HM)1SC/2SC,33.9,36.0,124168.0,5.301309149232297,3.928943326783068,36.34836374911411,70.18653501707364,8.261156658720443,11.365112992075254,15.980492961149409,6.989372302042395,65.33911402293667,32.165468880871074,17.25173176663875,0.0,0.0,0.278,0.708,0.0,33.368,0.0,2.596,0.0,0.0,0.0,0.0,3.277,0.0,2.167,0.0,0.0,0.0,0.0,0.0,51.07,0.0,0.0,0.0,0.0,0.0,3.484,0.0,1.154,0.458,0.0,0.0,0.0,0.0,0.0,0.0,0.0,0.0,0.0,0.0,0.0,0.9750000000000001,0.0,0.0,0.0,0.0,0.0,0.0,0.0,0.0,0.0,0.0,0.0,0.0,0.0,0.0,0.0,0.0,0.0,0.0,0.0,0.0,0.0,0.0,0.0,0.0,0.0,0.0,0.0,0.858,0.0,0.0,2.596,0.0,0.0,0.0,0.0,0.0,0.0,0.0,0.0,0.0,0.0,3.277,2.797,0.0,0.0,36.186,0.0,0.458,0.0,0.0,0.0,0.0,0.0,0.0,0.0,0.0,0.0,0.0,0.0,0.0,0.0,0.0,0.0,0.0,0.0,0.0,0.0,0.0,0.0,0.327,0.0,0.0,0.0,0.0,0.0,0.0,0.0,0.0,0.0,0.0,0.0,0.0,0.0,29.824,0.0,0.0,0.0,0.0,0.0,0.0,0.0,0.0,0.0,0.0,0.0,0.0,0.0,0.0,0.0,0.0,0.0,0.0,0.0,0.0,0.0,0.0,0.0,0.0,0.0,0.0,0.0,0.0,2.625,0.0,0.0,0.0,0.0,0.0,0.352,0.608,0.0,0.0,0.0,0.0,0.0,0.0,0.0,0.0,0.0,0.0,0.0,0.0,0.0,0.0,0.0,0.361,0.0,0.0,0.0,0.0,0.0,2.543,0.0,0.0,0.0,0.0,0.0,0.0,0.0,0.0,0.0,0.0,2.167,0.0,0.0,0.0,0.0,0.0,0.0,0.0,0.0,0.0,0.0,0.0,0.0,6.473,0.0,0.0,0.729,0.0,0.408,0.0,92.62100000000001,0.0,0.0,0.0,0.0,0.0,1.03,0.0,5.212,0.0,0.0,0.0,0.408,0.0,0.0,0.0,0.0,0.0,0.0,0.0,0.0,0.0,0.0,0.0,16.689,0.0,0.0,0.0,1.201,0.0,1.03,0.0,0.0,3.088,25.976,0.493,45.174,0.0,0.729,0.0,0.0,0.0,0.0,0.0,0.0,5.212
2-26,Fall,(HM)MSC,33.9,36.0,124168.0,8.36,1.031,26.28,15.25,5.9,9.63,14.44,2.57,0.14,0.14,0.0,0.0,0.0,0.0,0.648,0.0,6.91,0.0,3.0,0.402,0.0,0.0,47.48,5.771,0.0,3.43,0.0,0.0,0.0,0.0,0.0,21.373,0.0,0.0,0.0,0.0,0.0,6.548,0.0,2.366,0.0,0.0,0.0,0.0,0.0,0.0,0.0,0.0,0.0,0.0,0.0,0.0,2.266,0.0,0.0,0.0,0.0,0.0,0.0,0.0,0.0,0.0,0.0,0.0,0.0,0.0,0.0,0.0,0.0,0.0,0.0,0.0,0.0,0.0,0.0,0.0,0.0,0.0,0.0,0.0,0.0,0.0,0.0,3.0,0.0,0.0,0.0,0.0,0.0,0.0,0.0,0.0,0.0,0.0,5.771,3.404,0.0,0.0,7.018000000000001,0.0,0.0,0.0,0.0,0.0,0.0,0.0,0.0,0.0,0.0,0.0,0.0,0.0,0.0,0.0,0.0,0.0,0.0,0.0,0.0,0.0,0.0,0.0,0.0,0.0,0.0,0.0,0.0,0.0,0.0,0.0,0.0,0.0,0.0,0.0,0.0,0.0,2.6,0.0,0.0,0.0,2.406,0.0,1.663,0.0,0.0,0.0,0.0,0.0,0.0,0.0,0.0,0.0,0.0,0.0,0.0,0.0,0.0,0.0,0.0,0.0,0.0,0.0,0.0,0.411,0.0,2.529,0.0,0.0,0.0,0.0,0.0,0.0,0.0,0.0,0.0,0.0,0.0,0.0,0.0,0.0,0.0,0.0,0.0,0.0,0.0,0.0,0.0,0.0,0.4349999999999999,0.0,0.0,0.0,0.0,0.0,0.886,0.0,0.0,0.0,0.0,0.0,0.0,0.0,0.0,0.0,0.0,3.013,0.0,0.0,0.417,0.0,0.0,47.48,0.0,0.0,0.0,0.0,0.0,0.0,6.774,0.0,0.0,1.14,0.0,1.257,0.0,94.199,0.0,0.0,0.0,0.0,0.0,2.881,0.0,0.524,0.0,0.0,0.0,1.257,0.0,0.0,0.0,0.0,0.0,0.0,0.0,0.0,0.0,0.0,0.0,12.636,0.0,0.0,0.0,0.995,0.0,2.881,0.0,0.733,6.272,26.987,4.452,42.124,0.0,1.061,0.0,0.0,0.0,0.0,0.0,0.0,0.603
3-26,Winter,(HM)MSC,33.9,36.0,124168.0,8.84,4.5433,25.83,49.44,9.9,12.56,31.77,3.92,0.04,0.04,0.0,0.0,0.0,0.0,3.435,0.0,14.107,0.0,3.096,0.0,0.0,0.0,18.905,6.291,0.0,0.0,0.0,0.0,0.0,0.0,0.0,35.174,0.0,0.0,0.0,0.0,0.731,9.701,0.0,3.516,1.948,0.0,0.0,0.0,0.0,0.0,1.09,0.0,0.0,0.0,0.0,0.0,3.215,0.0,0.0,0.0,0.0,0.0,0.0,0.0,0.0,0.0,0.0,0.0,0.0,0.0,0.0,0.0,0.0,0.0,0.0,0.0,2.576,0.0,0.0,0.0,0.0,0.0,0.0,0.0,0.0,0.0,0.0,3.075,0.0,0.0,0.0,0.0,0.0,0.0,0.0,0.0,0.0,0.0,6.291,4.338,0.0,0.0,12.111,1.932,1.948,0.0,0.0,0.0,0.0,0.0,0.0,0.0,0.0,0.0,0.0,0.0,0.0,0.0,0.0,0.0,0.0,0.0,0.0,0.0,0.0,0.0,0.0,0.0,0.0,0.0,0.0,0.0,0.0,0.0,0.0,0.0,0.0,0.0,0.0,0.0,8.936,0.0,0.0,0.0,0.0,0.0,1.498,0.0,0.0,0.0,0.0,0.0,0.0,0.0,0.0,0.0,0.0,0.0,0.0,0.0,0.0,0.0,0.0,0.0,0.0,0.0,0.0,0.0,1.085,2.315,0.0,0.0,0.0,0.0,0.0,0.0,0.0,0.0,0.0,0.0,0.0,0.0,0.0,0.0,0.0,0.0,0.0,0.0,0.0,0.0,0.0,0.0,0.0,0.0,0.0,0.0,0.0,0.0,2.423,0.0,0.0,0.0,0.0,0.0,0.0,0.0,0.0,0.0,0.0,0.0,0.0,0.0,0.0,0.0,0.0,18.905,0.0,0.0,0.0,0.0,0.0,0.0,9.459,0.0,0.0,0.753,0.0,1.917,0.0,88.794,0.0,0.0,0.0,0.0,0.0,6.618,0.0,1.916,0.0,0.0,0.0,1.917,0.0,0.0,0.0,0.0,0.0,0.0,0.0,0.0,0.0,0.0,0.0,37.985,0.0,0.0,0.0,5.842,0.0,6.618,0.0,0.0,7.314,11.604,5.26,20.778,0.0,0.673,0.0,0.0,0.0,0.0,0.0,0.0,2.007
4-26,Spring,(HM)1SC/2SC,33.9,36.0,124168.0,5.350701349416727,3.928943326783068,29.47636428065202,66.63163890857548,1.7355373365118223,14.377356082082338,21.310060240963857,3.8142701823336127,0.984677775272212,0.3215592584240706,0.3160771696411313,0.0,0.0,0.0,1.758,0.0,11.895,0.0,4.489,0.975,0.0,0.0,29.94,4.324000000000001,0.0,0.0,0.0,0.0,0.0,0.0,0.0,33.034,0.0,0.0,0.0,0.0,0.0,6.403,0.0,3.247,0.88,0.0,0.0,0.0,0.0,0.0,0.0,0.0,0.0,0.0,0.0,0.0,2.979,0.0,0.0,0.0,0.0,0.0,0.0,0.0,0.0,0.0,0.0,0.0,0.0,0.0,0.0,0.0,0.0,0.0,0.0,0.0,1.193,0.0,0.0,0.0,0.0,0.0,0.0,1.255,1.201,0.0,0.0,4.489,0.0,0.0,0.0,0.0,0.0,0.0,0.0,0.0,0.0,0.0,4.324000000000001,2.217,0.0,0.0,15.256,1.37,0.0,0.0,0.0,0.0,0.0,0.0,0.0,0.0,0.0,0.0,0.0,0.0,0.0,0.0,0.0,0.0,0.0,0.0,0.0,0.0,0.0,0.0,0.0,0.0,0.0,0.0,0.0,0.0,0.0,0.0,0.0,0.0,0.0,0.0,0.0,0.0,3.23,0.0,0.0,0.0,0.0,0.0,2.164,0.0,0.0,0.0,0.0,0.0,0.0,0.0,0.0,0.0,0.0,0.0,0.0,0.0,0.0,0.0,0.0,0.0,0.0,0.0,0.0,0.0,0.0,5.931999999999999,0.0,0.0,0.0,0.0,0.0,0.0,0.0,0.0,0.0,0.0,0.0,0.0,0.0,0.0,0.0,0.0,0.0,0.0,0.0,0.0,0.0,0.0,0.0,0.0,0.0,0.0,0.0,0.0,1.946,0.0,0.0,0.0,0.0,0.0,0.0,0.0,0.0,0.0,0.0,0.0,0.0,0.0,0.0,0.0,0.0,29.907,0.0,0.975,0.0,0.0,0.0,0.0,6.867,0.0,0.0,0.466,0.0,0.818,0.0,95.343,0.0,0.0,0.0,0.0,0.0,3.021,0.0,0.351,0.0,0.0,0.0,0.818,0.0,0.0,0.0,0.0,0.0,0.0,0.0,0.0,0.0,0.0,0.0,34.417,0.0,0.0,0.0,2.004,0.0,3.021,0.0,0.344,8.482,14.134,3.564,32.398,0.0,0.382,0.0,0.0,0.0,0.0,0.0,0.0,0.435
1-27,Summer,Fww,25.0,38.0,25578.0,3.53,,81.43,184.61,119.8,38.22,25.816,6.93,0.07,0.07,0.0,0.0,0.0,0.0,0.0,0.0,30.248,0.0,1.55,0.0,0.0,0.152,6.138,0.0,0.0,0.0,0.0,0.0,0.0,0.0,0.0,58.406,0.0,0.0,0.0,0.0,0.069,0.136,0.734,1.68,0.0,0.6910000000000001,0.0,0.0,0.0,0.0,0.0,0.0,0.0,0.0,0.0,0.0,0.0,0.0,1.326,0.0,0.0,0.0,0.0,0.0,0.0,1.05,0.0,0.0,0.0,0.0,0.0,0.0,0.0,0.0,0.0,0.0,0.0,0.0,0.0,0.0,0.825,0.0,0.0,0.0,1.191,0.0,0.0,0.0,5.404,0.0,0.0,0.0,0.0,0.0,0.0,0.0,0.0,0.0,0.0,0.0,0.0,0.0,0.0,0.0,0.0,0.0,0.0,0.0,0.0,0.0,0.0,0.0,32.153,0.0,4.419,0.0,0.0,0.0,0.0,0.0,0.0,0.95,0.0,0.0,0.0,0.0,0.0,0.0,0.0,0.0,1.473,0.0,0.0,0.0,0.0,0.0,0.0,0.0,0.0,0.0,0.0,0.0,0.0,0.0,0.0,0.0,0.0,0.0,0.0,0.0,0.0,0.0,0.0,0.0,0.0,0.0,0.0,0.0,0.0,0.0,0.0,0.0,0.0,0.0,0.0,0.0,0.0,0.0,0.0,0.73,0.0,0.0,0.0,0.0,0.0,0.0,0.0,0.0,0.0,0.0,0.0,0.0,0.0,5.687,0.0,1.39,0.0,0.0,0.0,0.0,0.0,0.0,0.0,0.0,0.0,2.468,0.0,0.0,2.003,0.0,0.0,0.0,0.0,0.0,0.0,0.0,0.0,0.0,0.0,0.0,0.0,0.0,0.0,0.0,0.0,0.0,2.093,0.0,0.0,0.0,0.0,0.0,26.285,0.0,0.0,0.0,0.0,1.431,0.0,88.14,0.0,0.0,0.0,0.0,0.0,3.016,0.0,7.412999999999999,0.0,0.0,0.0,1.431,0.0,0.0,0.0,3.016,0.0,0.0,0.0,0.0,0.0,0.0,0.0,82.311,0.0,0.0,0.0,1.892,0.0,0.0,0.0,0.0,1.892,0.0,0.0,2.045,0.0,0.0,0.0,0.0,0.0,0.0,0.0,0.0,7.412999999999999
2-27,Fall,Fww,25.0,38.0,25578.0,3.73,,79.72,176.28,94.4,5.76,27.632,10.18,3.94,3.5,0.39,0.0,0.0,0.0,0.0,0.0,28.136,0.0,1.282,0.0,0.0,0.065,1.598,0.0,0.0,0.0,0.0,0.0,0.0,0.0,0.0,67.243,0.0,0.0,0.0,0.075,0.0,0.153,0.123,1.221,0.0,0.072,0.0,0.0,0.0,0.0,0.0,0.0,0.0,0.0,0.0,0.0,0.0,0.0,0.0,0.0,0.0,0.0,0.0,1.077,0.0,0.0,0.0,0.0,0.0,0.992,0.0,0.0,0.0,0.0,0.0,0.0,0.0,0.0,0.0,0.0,0.0,0.0,0.0,0.0,2.939,0.0,0.0,0.0,0.0,0.0,0.0,0.0,0.0,0.0,0.0,0.0,0.0,0.0,0.0,0.0,0.0,0.0,0.974,0.0,0.0,0.0,0.0,0.0,0.0,0.0,0.0,0.0,36.121,0.0,5.993,0.0,0.0,0.0,0.0,0.0,0.0,1.715,0.0,0.0,0.0,0.0,0.0,0.0,0.0,0.0,1.21,0.0,0.0,0.0,0.0,0.0,0.0,0.0,0.0,0.0,0.0,0.0,0.0,0.0,0.0,0.0,0.0,0.0,0.0,0.0,0.0,0.0,0.0,0.0,0.0,0.0,0.0,0.0,0.0,0.0,0.0,0.0,0.0,0.0,0.0,0.0,0.0,0.0,0.0,2.737,0.0,0.0,0.0,0.0,0.0,0.0,0.0,0.0,0.0,0.0,0.0,0.0,0.0,0.0,0.0,1.244,0.0,0.0,0.0,0.0,0.0,0.0,0.0,0.0,0.0,2.778,0.0,0.0,1.624,0.0,0.0,0.0,0.9550000000000001,0.0,0.0,0.0,0.0,0.0,0.0,0.0,0.0,0.0,0.0,0.0,0.0,0.92,5.125999999999999,0.0,0.0,0.0,0.0,0.0,24.187,0.0,0.0,0.0,0.0,3.085,0.0,80.833,0.0,0.0,0.0,0.0,0.0,6.38,0.0,9.704,0.0,0.0,0.0,3.085,0.0,0.0,0.0,3.744,0.0,0.0,0.0,0.0,0.0,0.0,0.0,78.616,0.0,0.0,0.0,0.0,0.0,2.636,0.0,0.0,2.007,0.0,0.0,0.0,0.0,0.0,0.0,0.0,0.0,0.0,0.0,0.0,9.914
3-27,Winter,Fww,25.0,38.0,25578.0,3.41,,76.13,141.24,91.9,25.24,18.49,8.555,3.02,3.02,0.0,0.0,0.0,0.0,0.0,0.0,25.563,0.0,0.264,0.0,0.0,0.0,7.884,0.0,0.0,0.0,0.0,0.0,0.0,0.0,0.0,63.535,0.0,0.0,0.0,0.029,0.06,0.0,1.042,1.156,0.261,0.152,0.0,0.0,0.0,0.0,0.0,0.0,0.0,0.0,0.0,0.0,0.95,0.0,2.48,0.0,0.0,0.0,0.0,0.0,0.0,0.0,0.0,0.0,0.0,0.0,0.0,0.0,0.0,0.0,0.0,0.0,0.0,0.0,0.0,0.0,0.0,0.0,0.0,0.0,1.005,0.0,0.0,0.0,0.0,0.0,0.0,0.0,0.0,0.0,0.0,0.0,0.0,0.0,0.0,0.0,0.0,0.0,1.278,0.0,0.0,0.0,0.0,0.0,0.0,0.0,0.0,0.0,38.431,0.0,3.391,0.0,0.0,0.0,0.0,0.0,0.0,0.7180000000000001,0.0,0.0,0.0,0.0,0.0,0.0,0.0,0.0,0.0,0.0,0.0,0.0,0.0,0.0,0.0,0.0,0.0,0.772,0.0,0.0,0.0,0.0,0.0,0.0,0.672,0.0,0.0,0.0,0.0,0.0,0.0,0.0,0.0,0.0,0.0,0.0,0.0,0.0,0.0,0.0,0.0,0.0,0.0,0.0,0.0,0.0,0.0,1.409,0.0,0.0,0.0,0.0,0.0,0.0,0.0,0.0,0.0,0.0,0.0,0.0,0.0,0.0,0.0,0.988,0.0,0.0,0.0,0.844,0.0,0.0,0.0,0.0,0.0,3.075,0.0,0.0,3.785,0.0,0.0,0.0,0.0,0.0,0.0,0.0,0.0,0.0,0.0,0.0,0.0,0.0,0.0,0.0,7.806,0.0,0.0,0.0,0.0,0.0,0.0,0.0,27.113,0.0,0.0,0.0,0.0,0.0,0.0,83.778,0.0,0.0,0.0,0.0,0.0,13.339,0.0,2.883,0.0,0.0,0.0,0.0,0.0,0.0,0.0,4.97,0.0,0.0,0.0,0.0,0.0,0.0,0.0,83.778,0.0,0.0,0.0,0.0,0.0,8.369,0.0,0.0,0.0,0.0,0.0,0.0,0.0,0.0,0.0,0.0,0.0,0.0,0.0,0.0,2.883
4-27,Spring,Fww,25.0,38.0,25578.0,3.41,,78.55,197.72,128.6,35.15,24.69,10.45,3.87,3.87,0.0,0.0,0.0,0.0,0.0,0.0,27.01,0.0,0.698,0.0,0.0,0.0,6.601,0.0,0.0,0.0,0.0,0.0,0.0,0.0,0.0,63.504,0.0,0.0,0.0,0.053,0.0,0.0,0.544,1.072,0.217,0.264,0.021,0.0,0.0,0.0,0.0,0.0,0.0,0.0,0.0,0.0,0.671,0.0,2.545,0.0,0.0,0.0,0.0,0.0,0.0,0.0,0.0,0.0,0.0,0.0,0.0,0.0,0.0,0.0,0.0,0.0,0.0,0.0,0.0,0.0,0.554,0.0,0.0,0.0,0.517,0.0,0.0,0.0,0.0,0.0,0.0,0.0,0.0,0.0,0.0,0.0,0.0,0.0,0.0,0.0,0.0,9.516,0.972,0.0,0.0,0.0,0.0,0.0,0.0,0.0,0.0,0.0,47.056,0.0,1.732,0.0,0.0,0.0,0.0,0.0,0.0,0.55,0.0,0.0,0.0,0.0,0.0,0.0,0.0,0.0,0.576,0.0,0.0,0.0,0.0,0.0,0.0,0.0,0.0,0.887,0.0,0.0,0.0,0.0,0.0,0.0,0.0,0.0,0.0,0.0,0.0,0.0,0.0,0.0,0.0,0.0,0.0,0.0,0.0,0.0,0.0,0.0,0.0,0.0,0.0,0.0,0.0,0.0,0.0,0.0,0.0,0.0,0.0,0.0,0.0,0.0,0.0,0.0,0.0,0.0,0.0,0.0,0.0,0.0,0.0,0.0,0.0,0.0,0.0,0.0,0.0,0.0,0.0,0.0,0.0,2.551,0.0,0.0,1.22,0.0,0.0,0.0,0.0,0.0,0.0,0.0,0.0,0.0,0.0,0.0,0.0,0.0,0.0,0.0,6.511,0.0,1.42,0.0,0.0,0.0,0.0,0.0,17.896,0.0,0.0,0.0,0.0,0.342,0.0,89.748,0.0,0.0,0.0,0.0,0.0,9.911000000000001,0.0,0.0,0.0,0.0,0.0,0.342,0.0,0.0,0.0,3.317,0.0,0.0,0.0,0.0,0.0,0.101,0.0,86.9,0.0,0.0,0.0,0.355,0.0,6.594,0.0,0.0,1.648,0.0,0.0,0.69,0.0,0.0,0.0,0.0,0.0,0.0,0.0,0.0,0.054
1-28,Summer,FW+Aww,35.0,35.0,23843.0,6.08,3.491,46.23,171.65,120.1,8.32,2.773,4.9,1.43,0.47,0.14,0.0,0.0,0.0,0.252,0.0,32.778,0.0,1.342,0.0,0.0,0.0,6.372,0.0,0.0,0.0,0.0,0.0,0.0,0.357,0.0,53.693,0.0,0.0,0.0,0.0,0.0,0.51,1.844,1.57,0.0,0.487,0.0,0.0,0.0,0.0,0.0,0.0,0.0,0.0,0.0,0.0,0.0,0.0,1.283,0.0,0.0,0.0,0.0,1.669,0.0,0.0,0.0,0.0,0.0,0.0,0.0,0.0,0.0,0.0,0.0,0.0,0.0,0.963,0.0,0.0,0.0,0.0,0.0,0.0,1.278,0.0,0.0,0.0,1.224,0.0,0.0,0.0,0.0,0.0,0.0,0.0,0.0,0.0,0.0,0.0,0.0,0.0,0.0,0.0,0.0,0.0,0.0,0.0,0.0,0.0,0.0,0.0,22.338,0.0,1.948,0.0,0.0,0.0,0.0,0.0,0.0,1.433,0.0,0.0,0.0,0.0,0.0,0.0,0.0,0.0,1.283,0.0,0.0,0.0,0.0,0.0,0.0,0.0,0.0,0.0,0.0,0.0,0.0,0.0,0.0,0.926,0.0,0.0,0.0,0.0,0.0,0.0,0.0,0.0,0.0,0.0,0.0,0.0,0.0,0.0,0.0,0.0,0.0,0.0,0.0,0.0,0.0,0.0,0.0,0.0,0.0,0.0,0.0,0.0,0.0,0.0,0.0,0.0,0.0,0.0,0.0,0.0,0.0,18.427,0.0,1.866,0.0,0.0,0.0,1.708,0.0,0.0,0.0,0.0,0.0,0.0,0.0,0.0,4.957,0.0,0.0,0.0,0.0,0.0,0.0,0.0,0.0,0.0,0.0,0.0,0.0,0.0,0.0,0.0,4.887,0.0,0.0,0.0,0.0,0.0,0.0,0.0,22.677,0.0,0.0,0.199,0.0,3.34,0.0,86.969,0.0,0.0,0.118,0.0,0.044,5.379,0.0,3.951,0.0,0.199,0.0,3.34,0.883,0.0,0.0,3.046,0.0,0.0,0.0,0.0,0.0,0.0,0.0,27.715,0.0,0.125,0.0,0.316,0.0,0.162,0.743,0.0,36.97,0.559,0.0,20.409,0.118,0.0,0.0,0.14,0.044,0.0,0.0,0.0,5.231
2-28,Fall,FW+Aww,35.0,35.0,23843.0,6.25,1.23,24.47,60.55,27.4,6.21,9.772,2.9,11.0,3.61,2.37,0.0,0.0,0.0,2.301,0.0,0.421,0.0,0.0,0.0,0.0,0.629,0.232,0.0,0.0,0.181,0.0,0.215,0.0,0.0,0.0,1.737,0.0,0.0,0.0,0.0,0.0,93.509,0.0,0.254,0.0,0.523,0.0,0.0,0.0,0.0,0.0,0.523,0.0,0.0,0.0,0.0,0.0,0.0,0.0,0.0,0.0,0.0,0.0,0.0,0.0,0.0,0.0,0.0,0.0,0.0,0.0,0.0,0.0,0.0,0.0,0.0,0.0,0.0,0.0,0.0,0.0,0.0,0.0,0.0,0.344,0.0,0.0,0.0,0.0,0.0,0.0,0.0,0.0,0.0,0.0,0.0,0.0,0.0,0.0,0.0,0.0,0.0,0.0,0.0,0.0,0.0,0.0,0.0,0.0,0.0,0.0,0.0,0.0,0.0,0.0,0.0,0.0,0.0,0.0,0.0,0.0,0.0,0.0,0.0,0.0,0.0,0.0,0.0,0.0,0.0,0.0,0.0,0.0,0.0,0.0,0.0,0.0,0.0,0.0,0.0,0.0,0.0,0.0,0.0,0.0,0.0,0.0,0.0,0.0,0.0,0.0,0.0,0.0,6.823,0.0,0.0,0.0,0.0,0.0,0.0,0.0,0.0,0.0,0.0,0.0,0.0,0.0,0.0,0.0,0.0,0.0,0.0,0.0,0.0,0.0,0.0,0.0,0.0,0.0,0.0,0.0,0.0,0.0,0.0,0.0,0.0,0.0,0.0,0.0,0.0,0.0,0.0,0.0,0.0,0.0,0.0,0.0,0.0,0.0,0.0,0.0,0.0,0.0,0.0,0.0,0.0,0.0,0.0,0.0,0.0,0.0,0.0,0.0,0.0,0.0,0.0,0.0,0.0,0.0,0.0,0.0,0.0,50.005,0.0,0.0,0.081,0.0,12.576,0.0,82.532,0.0,0.0,0.486,0.0,0.0,4.297000000000001,0.0,0.027,0.0,0.081,0.0,12.576,0.957,0.0,0.0,2.453,0.0,0.0,0.0,0.0,0.0,0.0,0.0,6.383,0.0,0.0,0.0,1.194,0.0,0.0,0.832,0.0,55.61199999999999,0.0,0.0,18.354,0.486,0.0,0.0,0.0,0.0,0.0,0.0,0.0,1.071
3-28,Winter,FW+Aww,35.0,35.0,23843.0,5.15,3.262,61.45,110.5,43.5,51.25,25.28,11.3,4.47,2.57,0.72,0.0,0.0,0.0,0.0,0.0,24.548,0.0,0.4979999999999999,0.0,0.0,0.0,8.128,0.0,0.0,0.0,0.0,0.222,0.0,0.921,0.0,61.532,0.0,0.0,0.0,0.0,0.0,0.313,1.771,1.192,0.0,0.378,0.0,0.0,0.0,0.0,0.0,0.0,0.0,0.0,0.0,0.0,0.0,0.0,3.394,0.0,0.0,0.0,0.0,0.0,0.0,0.0,0.0,0.0,0.0,0.0,0.0,0.0,0.0,0.0,0.0,0.0,0.0,0.0,0.0,0.0,0.614,0.0,0.0,0.0,0.732,0.0,0.0,0.0,0.831,0.0,0.0,0.0,0.0,0.0,0.0,0.0,0.0,0.0,0.0,0.0,0.0,0.0,0.674,0.0,0.0,0.0,0.0,0.0,0.0,0.0,0.0,0.0,38.11799999999999,0.921,1.843,0.0,0.0,0.0,0.0,0.0,0.0,0.0,0.0,0.0,0.0,0.0,0.0,0.0,0.0,0.0,0.0,0.0,0.0,0.0,0.0,0.0,0.0,0.0,0.0,0.0,0.0,0.0,0.0,0.0,0.0,0.0,0.0,0.0,0.0,0.0,0.0,0.0,0.0,0.0,0.0,0.0,0.0,0.0,0.0,0.0,0.0,0.0,0.0,0.0,0.0,0.0,0.0,0.0,0.0,0.0,0.0,0.0,0.0,0.0,0.0,0.0,0.0,0.0,0.0,0.0,0.0,0.0,0.0,7.222,0.0,2.307,0.0,0.0,0.0,1.593,0.0,0.0,0.0,0.0,0.0,0.0,0.0,0.0,1.406,0.0,0.0,0.0,0.0,0.0,0.0,0.0,0.0,0.0,0.6010000000000001,0.0,0.0,0.0,0.0,0.516,7.289000000000001,0.0,0.0,0.0,0.0,0.0,0.0,0.0,24.781,0.0,0.0,0.075,0.0,12.861,0.0,81.68,0.0,0.0,0.517,0.0,0.06,4.709,0.0,0.097,0.0,0.075,0.0,12.861,0.945,0.0,0.0,2.902,0.0,0.0,0.0,0.0,0.0,0.0,0.09,7.642,0.0,0.09,0.0,0.0,0.0,0.0,0.922,0.0,56.371,0.172,0.0,16.363,0.517,0.0,0.0,0.0,0.06,0.0,0.0,0.0,0.989
4-28,Spring,FW+Aww,35.0,35.0,23843.0,6.97,6.2625,39.58,97.65,38.4,17.03,15.38,7.0,4.79,2.08,0.61,0.0,0.0,0.0,0.0,0.0,19.103,0.0,0.471,0.0,0.0,0.0,12.929,0.0,0.0,0.0,0.0,0.132,0.0,2.899,0.0,61.927,0.0,0.0,0.0,0.0,0.0,0.335,1.221,0.415,0.0,0.245,0.0,0.0,0.0,0.0,0.0,0.0,0.0,0.0,0.0,0.0,0.0,0.0,1.745,0.0,0.0,0.0,0.0,0.0,0.0,0.0,0.0,0.0,0.0,0.0,0.0,0.0,0.0,0.0,0.0,0.0,0.0,0.0,0.0,0.0,0.0,0.0,0.0,0.0,0.6769999999999999,0.0,0.0,0.0,0.0,0.0,0.0,0.0,0.0,0.0,0.0,0.0,0.0,0.0,0.0,0.565,0.0,1.365,0.441,0.0,0.0,0.0,0.0,0.0,0.0,0.0,0.0,0.0,45.496,2.899,2.443,0.0,0.0,0.0,0.0,0.0,0.0,0.0,0.0,0.0,0.0,0.0,0.0,0.0,0.0,0.0,0.441,0.0,0.0,0.0,0.0,0.0,0.0,0.0,0.0,0.0,0.0,0.0,0.0,0.0,0.0,0.0,0.0,0.0,0.0,0.0,0.0,0.0,0.0,0.0,0.0,0.0,0.0,0.0,0.0,0.0,0.0,0.0,0.0,0.0,0.0,0.0,0.0,0.0,0.0,0.0,0.0,0.0,0.0,0.0,0.0,0.0,0.0,0.0,0.0,0.0,0.0,0.0,0.0,1.459,0.0,1.319,0.0,0.0,0.0,1.119,0.0,0.0,0.0,0.0,0.0,0.0,0.0,0.0,2.086,0.0,0.0,0.0,0.0,0.0,0.0,0.0,0.0,0.0,0.0,0.0,0.0,0.0,0.0,0.0,12.511,0.0,0.878,0.0,0.0,0.0,0.0,0.0,18.65,0.0,0.0,0.0,0.0,3.641,0.0,93.533,0.0,0.0,0.0,0.0,0.0,2.638,0.0,0.188,0.0,0.0,0.0,3.641,0.204,0.0,0.0,1.002,0.0,0.0,0.0,0.0,0.0,0.0,0.0,8.389,0.0,0.083,0.0,0.595,0.0,0.0,0.965,0.0,59.094,0.204,0.0,24.097,0.0,0.0,0.0,0.0,0.0,0.0,0.0,0.0,1.726
1-29,Summer,(HM)1SC/2SC/Fww,61.0,35.3,45113.0,4.307835079290033,,39.02312077449293,23.958781693803257,10.88680161619394,23.51739408729048,17.22792261471377,2.9402756330759687,2.1766299955994723,1.0466587990558869,0.3255481057726927,0.0,0.0,0.0,0.0,0.0,30.022,0.0,1.784,0.0,3.575,6.928999999999999,11.375,0.0,0.0,0.0,0.0,6.663,0.0,0.0,0.0,14.659,0.0,0.0,0.0,0.0,0.0,9.781,0.0,7.866000000000001,1.873,0.0,0.0,0.0,0.0,0.0,0.0,0.0,0.0,0.0,0.0,0.0,0.0,0.0,0.0,0.0,0.0,0.0,0.0,0.0,0.0,0.0,0.0,0.0,0.0,0.0,0.0,0.0,0.0,0.0,0.0,0.0,0.0,0.0,0.0,0.0,5.477,0.0,0.0,0.0,0.0,0.0,0.0,0.0,9.1,0.0,0.0,0.0,0.0,0.0,0.0,0.0,0.0,0.0,0.0,0.0,0.0,0.0,1.349,0.0,0.0,0.0,0.0,0.0,0.0,0.0,0.0,0.0,0.0,0.0,0.0,0.0,0.0,0.0,0.0,0.0,0.0,0.0,0.0,0.0,0.0,0.0,0.0,0.0,0.0,0.0,1.568,0.0,0.0,0.0,0.0,0.0,0.0,0.0,0.0,0.0,0.0,0.0,0.0,0.0,0.0,0.0,0.0,0.0,0.0,0.0,0.0,0.0,0.94,1.468,0.0,0.0,0.0,0.0,0.0,0.0,0.0,0.0,0.0,0.0,0.0,0.0,0.0,1.312,0.0,0.0,0.0,0.0,0.0,0.0,0.0,0.0,0.0,0.0,6.12,0.0,0.0,0.0,0.0,8.135,0.0,0.0,0.0,0.0,3.541,0.0,0.0,0.0,0.0,0.0,1.524,0.0,0.0,0.0,1.754,0.0,0.0,0.0,0.0,0.0,0.0,0.0,0.0,0.0,4.633,0.0,0.0,0.0,0.0,0.0,0.0,0.0,0.0,0.0,0.0,0.0,0.0,0.0,28.194,0.0,0.0,0.529,0.0,19.946,0.0,75.159,0.0,0.0,0.0,0.0,0.649,1.758,0.0,1.958,0.0,0.529,0.0,19.946,0.0,0.0,0.0,0.0,0.0,0.0,0.0,0.0,0.0,0.0,0.459,1.948,0.0,0.0,0.0,35.907,0.07,0.879,0.709,0.15,18.487,0.16,0.18,16.25,0.0,0.0,0.0,0.0,0.649,0.0,0.0,0.0,3.676
2-29,Fall,(HM)1SC/2SC/Fww,61.0,35.3,45113.0,4.138044055548884,,38.95870702458272,85.72401325560259,15.894666725777494,8.02606255403099,16.69231396714916,33.78577860040343,7.440056968057987,3.780870037461486,1.1563035045330614,0.0,0.0,0.0,0.5569999999999999,0.0,28.285,0.0,0.0,0.0,16.348,0.0,0.667,0.0,0.0,0.0,0.0,3.556,0.0,0.0,0.0,21.108,0.0,0.0,0.0,0.0,0.0,24.764,1.652,0.937,0.0,0.367,0.0,0.0,0.0,0.0,0.0,0.0,0.0,0.0,0.0,0.0,0.0,0.0,0.0,3.275,0.0,0.0,0.0,0.0,0.0,0.0,0.0,0.0,0.0,0.0,0.0,0.0,0.0,0.0,0.0,0.0,0.0,0.0,2.75,0.0,0.0,0.0,0.0,0.0,0.0,0.0,0.0,0.0,0.0,0.0,0.0,0.0,0.0,0.0,0.0,0.0,0.0,0.0,0.0,0.0,0.0,0.0,0.0,0.0,0.0,0.0,0.0,0.0,0.0,0.0,0.0,0.0,0.0,0.0,0.0,0.0,0.0,0.0,0.0,0.0,0.0,0.0,0.0,0.0,0.0,0.0,0.0,0.0,0.0,0.0,0.0,0.0,0.0,0.0,0.0,0.0,0.0,0.0,0.0,0.0,0.0,0.0,0.0,0.0,0.0,0.0,0.0,0.0,4.288,0.0,0.0,0.0,0.0,0.0,0.0,0.0,0.0,0.0,0.0,0.0,0.0,0.0,2.965,0.0,0.0,0.0,0.0,0.0,0.0,0.0,0.0,0.0,0.0,0.0,0.0,0.0,0.0,3.06,0.0,0.0,0.0,0.0,0.0,0.0,2.158,0.0,0.0,0.0,0.0,0.0,0.0,0.0,2.004,0.0,0.0,0.0,0.0,0.0,0.0,0.0,0.0,0.0,0.0,0.0,0.0,0.0,0.0,0.0,0.0,0.0,0.0,0.0,0.0,0.0,0.0,0.0,0.0,0.0,0.0,0.0,1.529,0.0,23.156,0.033,0.0,0.354,0.0,15.448,0.0,80.351,0.0,0.0,0.0,0.0,1.41,2.241,0.0,0.164,0.033,0.354,0.0,15.438,0.0,0.0,0.0,0.0,0.0,0.0,0.0,0.0,0.0,0.0,0.207,1.047,0.0,0.0,0.0,41.709,0.0,1.142,0.844,0.129,19.92,0.073,0.066,16.098,0.0,0.0,0.0,0.0,1.41,0.0,0.0,0.0,1.531
3-29,Winter,(HM)1SC/2SC/Fww,61.0,35.3,45113.0,4.166063608828473,0.5766033737503602,40.0389847715736,79.93283000465497,26.38090794227828,18.56330636401924,14.989127080885776,1.1528517278833152,0.6554381220490767,0.6226174273491011,0.0,0.0,0.0,0.0,0.0,0.0,33.029,0.0,1.86,0.0,0.0,8.981,5.897,0.0,0.0,0.0,0.0,5.73,0.0,0.0,0.0,20.766,0.0,0.0,0.0,0.0,0.0,5.058,2.431,7.422,2.195,0.0,0.0,0.0,0.0,0.0,0.0,0.0,0.0,0.0,0.0,0.0,0.0,0.0,0.0,0.0,0.0,0.0,0.0,0.0,0.0,0.0,0.0,0.0,0.0,0.0,0.0,0.0,0.0,0.0,0.0,0.0,0.0,0.0,0.0,0.0,3.622,0.0,0.0,0.0,0.0,0.0,0.0,0.0,3.988,0.0,0.0,0.0,0.0,0.0,0.0,0.0,0.0,0.0,0.0,0.0,0.0,0.0,1.827,0.0,0.0,0.0,0.0,0.0,0.0,0.0,0.0,0.0,1.853,0.0,0.0,0.0,0.0,0.0,0.0,0.0,0.0,0.0,0.0,0.0,0.0,0.0,0.0,0.0,0.0,0.0,1.729,0.0,0.0,0.0,0.0,0.0,0.0,0.0,0.0,0.0,0.0,0.0,0.0,0.0,0.0,0.0,0.0,0.0,0.0,0.0,0.0,0.0,1.289,1.298,0.0,0.0,0.0,0.0,0.0,0.0,0.0,0.0,0.0,0.0,0.0,0.0,1.24,1.264,0.0,0.0,0.0,0.0,0.0,0.0,0.0,0.0,0.0,0.0,7.165,0.0,0.0,0.0,0.0,8.353,0.0,1.705,0.0,0.0,3.969,1.943,0.0,0.0,0.0,0.0,0.0,0.0,0.0,0.0,0.0,0.0,0.0,0.0,0.0,0.0,0.0,0.0,0.0,0.0,4.678,0.0,0.0,0.0,0.0,0.0,0.0,0.0,0.0,0.0,0.0,0.0,0.0,0.0,33.412,0.0,0.0,0.42,0.0,14.799,0.0,81.72200000000001,0.0,0.0,0.0,0.0,1.198,1.652,0.0,0.21,0.0,0.42,0.0,14.799,0.0,0.0,0.0,0.0,0.0,0.0,0.0,0.0,0.0,0.0,0.184,1.101,0.026,0.0,0.0,46.565,0.0,0.752,0.962,0.0,17.001,0.0,0.0,15.787,0.0,0.0,0.0,0.0,1.198,0.0,0.0,0.0,1.206
4-29,Spring,(HM)1SC/2SC/Fww,61.0,35.3,45113.0,4.067500442482541,,50.43825726508989,93.010197725711,33.61936913971583,14.61850597388779,19.63130272870348,15.608318001462994,0.9537969099816016,0.7550892204021014,0.0,0.0,0.0,0.0,0.0,0.0,32.618,0.0,1.672,0.0,0.0,11.857,5.845,0.0,0.0,0.0,0.0,6.447,0.0,0.0,0.0,23.697,0.0,0.0,0.0,0.0,0.0,3.303,0.0,6.592,1.737,1.134,0.0,0.0,0.0,0.0,0.0,0.0,0.0,0.0,0.0,0.0,0.0,0.0,0.0,0.0,0.0,0.0,0.0,0.0,0.0,0.0,0.0,0.0,0.0,0.0,0.0,0.0,0.0,0.0,0.0,0.0,0.0,0.0,0.0,0.0,5.008,0.0,0.0,0.0,0.0,0.0,0.0,0.0,4.210000000000001,0.0,0.0,0.0,0.0,0.0,0.0,0.0,0.0,0.0,0.0,0.0,0.0,4.706,0.838,0.0,0.0,0.0,0.0,0.0,0.0,0.0,0.0,0.0,6.169,0.0,0.0,0.0,0.0,0.0,0.0,0.0,0.0,0.0,0.0,0.0,0.0,0.0,0.0,0.0,0.0,0.0,1.573,0.0,0.0,0.0,0.0,0.0,0.0,0.0,0.0,0.0,0.0,0.0,0.0,0.0,0.0,0.0,0.0,0.0,0.0,0.0,0.0,0.0,0.0,0.0,0.0,0.0,0.0,0.0,0.0,0.0,0.0,0.0,0.0,0.0,0.0,0.0,0.0,1.277,0.0,0.0,0.0,0.0,0.0,0.0,0.0,0.0,0.0,0.0,10.463,0.0,0.964,0.0,0.0,4.843,0.0,0.0,0.0,0.0,4.195,0.823,0.0,0.0,0.0,0.0,0.0,0.0,0.0,0.0,1.707,0.0,0.0,0.0,0.0,0.0,0.0,0.0,0.0,0.0,5.709000000000001,0.0,0.0,0.0,0.0,0.0,0.0,1.307,0.0,0.0,0.0,0.0,0.0,0.0,31.541,0.0,0.0,0.0,0.0,17.474,0.0,81.28999999999999,0.0,0.0,0.0,0.0,0.389,0.847,0.0,0.0,0.0,0.0,0.0,17.474,0.0,0.0,0.0,0.0,0.0,0.0,0.0,0.0,0.0,0.0,0.295,0.404,0.0,0.0,0.0,46.553,0.0,0.847,0.482,0.0,21.664,0.0,0.0,11.745,0.0,0.0,0.0,0.0,0.389,0.0,0.0,0.0,0.147
1-30,Summer,(HM)1SC/2SC,24.8,35.0,194589.0,6.2500338228701455,1.2253759359470475,24.098421801849025,46.98915087697661,0.6463921393295612,1.523706119050923,14.149616761481893,1.39741598959859,8.63820884017082,4.532198479872963,1.7844464486687324,0.0,0.0,2.436,2.279,0.0,20.728,0.0,0.0,0.0,0.0,5.595,21.259,0.0,0.0,0.0,0.0,3.915,0.0,0.0,0.0,10.144,0.0,0.0,0.0,0.0,0.0,17.672,8.181,1.593,0.0,0.0,0.0,0.0,2.974,0.0,3.378,0.0,0.0,2.822,0.0,0.0,0.0,0.0,0.0,0.0,0.0,0.0,0.0,0.0,1.21,0.0,0.0,0.0,0.0,0.0,0.0,0.0,0.0,0.0,0.0,0.0,0.0,0.0,0.0,0.0,2.155,0.0,0.0,0.0,0.0,0.0,0.0,0.0,20.422,1.384,0.0,0.0,0.0,0.0,0.0,0.0,0.0,0.0,0.0,0.0,0.0,0.0,0.97,1.434,0.0,0.0,0.0,0.0,0.0,0.0,0.0,0.0,0.0,0.0,0.0,0.0,0.0,0.0,0.0,0.0,0.0,0.0,0.0,0.0,0.0,0.0,0.0,0.0,0.0,0.0,0.0,0.0,0.0,0.0,0.0,0.0,0.0,0.0,0.0,0.0,0.0,0.0,0.0,0.0,0.0,0.0,0.0,0.0,0.0,0.0,0.0,0.0,0.0,0.0,0.0,0.0,0.0,0.0,0.0,0.0,0.0,0.0,0.0,0.0,0.0,0.0,0.0,0.0,0.0,0.0,0.0,0.0,0.0,0.0,0.0,0.0,0.0,0.0,2.55,0.0,0.0,2.159,0.0,0.0,0.0,5.632,0.0,0.0,1.498,0.0,0.0,0.0,0.0,0.0,0.0,0.0,0.0,0.0,0.0,0.0,0.0,0.0,0.0,0.0,0.0,0.0,0.0,0.0,1.343,0.0,0.0,0.0,0.0,0.0,0.0,0.0,0.0,0.967,0.0,0.0,0.0,0.0,32.088,0.0,0.0,0.095,0.159,25.549,0.0,66.938,0.0,0.0,0.0,0.0,0.0,3.859,0.0,3.398,0.0,0.095,0.0,25.549,0.0,0.0,0.0,0.0,0.0,0.0,0.159,0.0,0.0,0.0,0.0,0.6120000000000001,0.0,0.0,0.0,36.29,0.0,3.74,0.111,0.318,15.126,0.581,0.342,7.925,0.0,0.0,0.0,0.0,0.0,0.0,0.0,0.0,9.15
2-30,Fall,(HM)MSC,24.8,35.0,194589.0,6.25,0.167,26.88,49.63,0.8,3.04,29.201,5.23,0.01,0.01,0.0,0.0,0.0,2.752,4.027,0.0,32.774,0.0,0.0,0.0,0.0,2.742,11.46,0.0,0.0,0.0,0.0,4.909,0.0,0.0,0.0,11.865,0.0,0.0,0.0,0.0,0.0,16.745,1.737,4.768,0.0,0.0,0.0,0.0,4.896,0.0,3.523,0.0,0.0,0.0,0.0,0.0,0.0,0.0,0.0,0.0,0.0,0.0,0.0,0.0,0.0,0.0,0.0,0.0,0.0,0.0,0.0,0.0,0.0,0.0,0.0,0.0,0.0,0.0,0.0,0.0,12.188,0.0,0.0,0.0,0.0,0.0,0.0,0.0,11.2,0.0,0.0,0.0,0.0,0.0,0.0,0.0,0.0,0.0,0.0,0.0,0.0,0.0,1.884,1.313,0.0,0.0,0.0,0.0,0.0,0.0,0.0,0.0,0.0,0.0,0.0,0.9420000000000001,0.0,0.0,0.0,0.0,0.0,0.0,0.0,0.0,0.0,0.0,0.0,0.0,0.0,0.0,0.0,0.0,0.0,0.0,0.0,0.0,0.0,0.0,0.0,0.0,0.0,0.0,0.0,0.0,0.0,0.0,0.0,0.0,0.0,0.0,0.0,0.0,0.0,0.0,0.0,0.0,0.0,0.0,0.0,0.0,0.0,0.0,0.0,0.0,0.0,0.0,0.0,0.0,0.0,0.0,0.0,0.0,0.0,0.0,0.0,0.0,0.0,0.0,1.132,0.0,0.901,0.0,0.0,0.0,0.0,5.447,0.0,0.0,1.259,0.0,0.0,0.0,0.0,0.0,0.0,0.0,0.0,0.0,0.0,1.024,0.0,0.0,0.0,0.0,1.963,0.0,1.766,0.0,4.556,0.0,0.0,0.0,0.0,0.0,0.0,0.0,0.0,0.0,0.0,0.0,0.0,0.0,25.991,0.0,0.0,0.0,0.0,37.236,0.0,58.433,0.0,0.0,0.0,0.0,0.0,3.649,0.0,0.6829999999999999,0.0,0.0,0.0,37.236,0.0,0.0,0.0,0.0,0.0,0.0,0.0,0.0,0.0,0.0,0.0,0.0,0.0,0.0,0.0,26.919,0.0,3.649,0.263,0.0,17.364,0.276,0.0,11.944,0.0,0.0,0.0,0.0,0.0,0.0,0.0,0.0,2.35
3-30,Winter,(HM)MSC,24.8,35.0,194589.0,7.53,6.882,20.53,38.04,1.7,9.75,9.31,2.27,0.0,0.0,0.0,0.0,0.0,1.033,6.026,0.0,19.225,0.0,0.0,0.0,0.0,3.086,10.553,0.0,0.0,0.0,0.0,5.562,0.0,0.0,0.0,17.402,0.0,0.0,0.0,0.0,0.0,23.4,2.977,5.18,0.0,0.0,0.0,0.0,6.635,0.0,6.347,0.0,1.224,0.0,0.0,0.0,0.0,0.0,0.0,0.0,0.0,0.0,0.0,0.0,0.0,0.0,0.0,0.0,0.0,0.0,0.0,0.0,0.0,0.0,0.0,0.0,0.0,0.0,0.0,0.0,2.58,0.0,0.0,0.0,0.0,0.0,1.142,0.0,9.979,1.187,0.0,0.0,0.0,0.0,0.0,0.0,0.0,0.0,0.0,0.0,0.0,0.0,3.851,1.758,0.0,0.0,0.0,0.0,0.0,0.0,0.0,0.0,0.0,0.0,0.0,0.0,0.0,0.0,0.0,0.0,0.0,0.0,0.0,0.0,0.0,0.0,0.0,0.0,0.0,0.0,0.0,0.0,0.0,0.0,0.0,0.0,0.0,0.0,0.0,0.0,0.0,0.0,0.0,0.0,0.0,0.0,0.0,0.0,0.0,0.0,0.0,0.0,0.0,0.0,0.0,0.0,0.0,0.0,0.0,0.0,0.0,0.0,0.0,0.0,0.0,0.0,0.0,0.0,0.0,0.0,0.0,0.0,0.0,0.0,0.0,0.0,0.96,0.0,0.0,0.0,0.0,0.0,0.0,0.0,0.0,3.695,0.0,0.0,3.283,0.0,0.0,0.0,0.0,0.0,0.0,0.0,0.0,0.0,0.0,0.0,0.0,0.0,0.0,0.0,3.241,0.0,0.0,0.0,4.393,0.0,0.0,0.0,0.0,0.0,0.0,0.0,0.0,0.0,0.0,0.0,0.0,0.0,24.83,0.0,0.0,0.0,0.0,12.971,0.0,84.118,0.0,0.0,0.0,0.0,0.0,2.912,0.0,0.0,0.0,0.0,0.0,12.971,0.0,0.0,0.0,0.0,0.0,0.0,0.0,0.0,0.0,0.0,0.0,0.21,0.0,0.0,0.0,75.319,0.0,2.912,0.105,0.0,3.465,0.42,0.35,3.983,0.0,0.0,0.0,0.0,0.0,0.0,0.0,0.0,0.266
4-30,Spring,(HM)MSC,24.8,35.0,194589.0,6.19,0.316,66.12,89.44,4.0,30.15,46.14,1.7,0.0,0.0,0.0,0.0,0.0,0.0,4.787,0.0,29.904,0.0,0.0,2.199,0.0,1.921,7.172000000000001,0.0,0.0,0.0,0.0,7.234000000000001,0.0,0.0,0.0,17.775,0.0,0.0,0.0,0.0,0.0,19.599,3.562,0.0,0.0,1.175,0.0,0.0,10.076,0.0,2.645,0.0,1.171,0.0,0.0,0.0,0.0,0.0,1.189,0.0,0.0,0.0,0.0,0.0,0.0,0.0,0.0,0.0,0.0,0.0,0.0,0.0,0.0,0.0,0.0,0.0,0.0,0.0,0.0,0.0,2.458,0.0,0.0,0.0,0.0,0.0,0.0,0.0,4.942,2.073,0.0,0.0,0.0,0.0,0.0,0.0,0.0,0.0,0.0,0.0,0.0,0.0,4.758,1.434,0.0,0.0,0.0,0.0,0.0,0.0,0.0,0.0,0.0,0.0,0.0,0.0,0.0,0.0,0.0,0.0,0.0,0.0,0.0,0.0,0.0,0.0,0.0,0.0,0.0,0.0,0.0,0.0,0.0,0.0,0.0,0.0,0.0,0.0,0.0,0.0,2.475,0.0,0.0,0.0,0.0,0.0,0.0,0.0,0.0,0.0,0.0,0.0,0.0,0.0,0.0,0.0,0.0,0.0,0.0,0.0,0.0,0.0,0.0,0.0,0.0,0.0,0.0,0.0,0.0,0.0,0.0,0.0,0.0,0.0,0.0,0.0,0.0,0.0,0.0,0.0,0.0,0.0,0.0,0.0,0.0,3.155,0.0,0.0,4.897,0.0,0.0,0.0,0.0,0.0,0.0,0.0,0.0,0.0,0.0,0.0,0.0,0.0,0.0,0.0,2.976,0.0,0.0,0.0,0.0,0.0,0.0,0.0,0.0,0.0,0.0,2.105,0.0,2.087,0.0,0.0,0.0,0.0,25.968,0.0,0.0,0.0,0.0,14.874,0.0,82.098,0.0,0.0,0.0,0.0,0.0,3.029,0.0,0.0,0.0,0.0,0.0,14.874,0.0,0.0,0.0,0.0,0.0,0.0,0.0,0.0,0.0,0.0,0.0,0.0,0.0,0.0,0.0,68.232,0.0,3.029,0.149,0.0,8.097,0.0,0.014,5.606,0.0,0.0,0.0,0.0,0.0,0.0,0.0,0.0,0.0
1-31,Summer,FW+Aww,30.0,41.2,40415.0,5.25,3.496,35.1,72.01,36.0,8.71,12.875,2.55,0.02,0.02,0.0,0.0,0.0,0.0,0.0,0.065,35.45099999999999,0.0,0.0,0.0,0.0,0.0,6.786,0.0,0.0,0.0,0.0,0.127,0.0,0.0,0.0,55.525,0.0,0.0,0.0,0.0,0.162,0.072,0.406,1.13,0.0,0.11,0.0,0.0,0.0,0.0,0.0,0.0,0.0,0.0,0.0,0.0,0.0,0.0,0.854,0.0,0.0,0.0,0.0,2.107,0.0,0.854,0.0,0.0,0.0,0.0,0.0,0.0,0.0,0.0,0.0,0.0,0.0,0.0,0.0,0.0,0.7470000000000001,0.0,0.0,0.0,2.072,0.0,0.0,0.0,0.0,0.0,0.0,0.0,0.0,0.0,0.0,0.0,0.0,0.0,0.0,0.991,0.0,0.0,0.699,0.0,0.0,0.0,0.0,0.0,0.0,0.0,0.0,0.0,16.91,0.0,0.909,0.0,0.0,0.0,0.0,0.6950000000000001,0.0,0.0,0.0,0.0,0.0,0.0,0.0,0.0,0.0,0.0,0.0,0.0,0.0,0.0,0.0,0.0,0.0,0.0,0.0,0.0,0.0,0.0,0.0,0.0,0.0,0.0,0.0,0.0,0.0,0.0,0.0,0.0,0.0,0.0,0.0,0.0,0.0,0.0,0.0,0.0,0.0,0.0,0.0,0.0,0.0,0.0,0.0,0.0,0.0,0.0,0.0,0.0,0.0,0.0,0.0,0.0,1.652,0.0,0.0,0.0,0.0,0.0,0.0,0.0,0.0,7.043,0.0,0.0,0.0,0.0,0.0,0.0,0.0,0.0,0.0,0.0,0.0,0.0,5.095,0.0,0.0,0.0,0.0,0.0,0.0,0.0,0.0,0.0,0.0,0.0,0.0,0.0,0.0,2.341,6.321,0.0,0.0,0.0,0.0,0.0,0.0,0.0,42.642,0.0,0.0,0.045,0.0,0.124,0.0,94.64599999999999,0.0,0.0,0.0,0.0,0.397,1.11,0.0,3.679,0.0,0.045,0.0,0.124,0.0,0.0,0.0,0.023,0.0,0.0,0.0,0.0,0.0,0.0,0.03,11.517,0.0,0.0,0.0,0.197,0.0,1.079,0.013,0.0,1.084,80.615,0.0,0.869,0.0,0.0,0.0,0.008,0.369,0.0,0.0,0.028,4.0
2-31,Fall,FW+Aww,30.0,41.2,40415.0,4.97,0.148,49.1,101.12,41.9,6.59,14.856,10.48,6.99,3.01,0.51,0.0,0.0,0.0,0.0,0.0,32.048,0.0,0.0,0.0,0.0,0.078,1.086,0.0,0.0,0.0,0.0,0.0,0.0,0.0,0.0,61.279,0.0,0.0,0.0,0.101,0.053,0.05,3.474,1.629,0.0,0.121,0.0,0.0,0.0,0.0,0.0,0.0,0.0,0.0,0.0,0.0,0.0,0.0,1.476,0.0,0.0,0.0,0.0,2.662,0.0,0.0,0.0,0.0,0.0,0.0,0.0,0.0,0.0,0.0,0.0,0.0,0.0,0.0,0.0,0.0,0.0,0.0,0.0,0.0,3.22,0.0,0.0,0.0,0.0,0.0,0.0,0.0,0.0,0.0,0.0,0.0,0.0,0.0,0.0,0.0,0.0,0.0,1.1,0.0,0.0,0.0,0.0,0.0,0.0,0.0,0.0,0.0,4.499000000000001,0.0,5.898,0.0,0.0,0.0,0.0,0.0,0.0,0.0,1.592,0.0,0.0,0.0,0.0,0.0,0.0,0.0,0.0,0.0,0.0,0.0,0.0,0.0,0.0,0.0,0.0,2.102,0.0,0.0,0.0,0.0,0.0,0.0,0.0,0.0,0.0,0.0,0.0,0.0,0.0,0.0,0.0,0.0,0.0,0.0,0.0,0.0,0.0,0.0,0.0,0.0,0.0,0.0,0.0,0.0,0.0,0.0,0.0,0.0,0.0,0.0,0.0,0.0,1.884,0.0,0.0,0.0,0.0,0.0,0.0,0.0,0.0,16.922,0.0,0.0,0.0,3.296,0.0,0.0,0.0,0.0,0.0,1.72,0.0,0.0,4.594,0.0,0.0,0.0,0.0,0.0,0.0,0.0,0.0,0.0,0.0,0.0,0.0,0.0,0.0,2.163,1.086,0.0,0.0,0.0,0.0,0.0,0.0,0.0,34.014,0.0,0.0,0.0,0.0,0.198,0.0,83.696,0.0,0.0,0.0,0.0,0.0,13.038,0.0,3.068,0.0,0.0,0.0,0.198,0.0,0.0,0.0,7.933,0.0,0.0,0.0,0.0,0.0,0.269,0.184,39.168,0.0,0.0,0.0,0.0,0.0,5.105,0.0,0.0,1.64,40.95,0.0,1.089,0.0,0.0,0.0,0.0,0.0,0.0,0.0,0.0,3.464
3-31,Winter,FW+Aww,30.0,41.2,40415.0,4.56,2.114,46.92,103.92,40.7,12.56,14.89,11.98,3.36,2.32,0.37,0.0,0.0,0.0,0.1,0.0,22.024,0.0,0.0,0.0,0.0,0.0,12.632,0.0,0.0,0.0,0.0,0.0,0.0,0.0,0.0,62.024,0.0,0.0,0.0,0.053,0.0,0.062,2.227,0.461,0.0,0.285,0.0,0.05,0.0,0.0,0.0,0.0,0.0,0.0,0.0,0.0,0.0,0.0,1.796,0.0,0.0,0.0,0.0,2.411,0.0,0.0,0.0,0.0,0.0,0.0,0.0,0.0,0.0,0.0,0.0,0.0,0.0,0.0,0.0,0.0,0.0,0.0,0.0,0.0,1.57,0.0,0.0,0.0,0.0,0.0,0.0,0.0,0.0,0.0,0.0,0.0,0.0,0.0,0.0,0.0,0.0,0.0,0.608,0.0,0.0,0.0,0.0,0.0,0.0,0.0,0.0,0.0,7.486000000000001,0.0,2.294,0.0,0.0,0.0,0.0,0.0,0.0,0.0,1.08,0.0,0.0,0.0,0.0,0.0,0.0,0.0,0.0,0.0,0.0,0.0,0.0,0.0,0.0,0.0,0.0,1.047,0.0,0.0,0.0,0.0,0.0,0.0,0.0,0.0,0.0,0.0,0.0,0.0,0.0,0.0,0.921,0.0,0.0,0.0,0.0,0.0,0.0,0.0,0.0,0.0,0.0,0.0,0.0,0.0,0.0,0.0,0.0,0.0,0.0,0.0,0.0,0.0,0.0,0.0,0.0,0.0,0.0,0.0,0.0,0.0,0.0,24.612,0.0,0.0,0.0,2.001,0.0,0.0,0.0,0.0,0.0,0.948,0.0,0.0,4.078,0.0,0.0,0.0,0.0,0.0,0.0,0.0,0.0,0.0,0.0,0.0,0.0,0.0,0.0,0.68,12.632,0.0,0.0,0.0,0.0,0.0,0.0,0.0,28.93,0.0,0.0,0.04,0.0,0.069,0.0,90.802,0.0,0.0,0.0,0.0,0.0,8.872,0.0,0.218,0.0,0.04,0.0,0.069,0.0,0.0,0.0,1.236,0.0,0.0,0.0,0.0,0.0,0.0,0.03,55.766,0.0,0.0,0.0,0.0,0.0,7.478,0.0,0.0,1.009,30.663,0.0,3.126,0.0,0.0,0.0,0.158,0.0,0.0,0.0,0.0,0.426
4-31,Spring,FW+Aww,30.0,41.2,40415.0,5.44,6.052,47.95,100.36,39.3,22.74,16.94,10.1,8.61,2.31,1.61,0.0,0.0,0.0,0.037,0.0,35.92599999999999,0.0,0.0,0.0,0.0,0.0,9.757,0.0,0.0,0.0,0.0,0.179,0.0,0.0,0.138,50.182,0.0,0.0,0.0,0.0,0.037,0.0,2.604,0.681,0.0,0.431,0.0,0.0,0.0,0.0,0.0,0.0,0.0,0.0,0.0,0.0,0.0,0.0,2.27,0.0,0.0,0.0,0.0,0.759,0.0,0.629,0.0,0.0,0.0,0.0,0.0,0.0,0.0,0.0,0.0,0.0,0.0,0.696,0.0,0.0,0.0,0.0,0.0,0.0,0.863,0.0,0.0,0.0,0.0,0.0,0.0,0.0,0.0,0.0,0.0,0.0,0.0,0.0,0.0,0.0,0.0,0.703,1.053,0.0,0.0,0.0,0.0,0.0,0.0,0.0,0.0,0.0,14.238,0.0,3.074,0.0,0.0,0.0,0.0,0.0,0.0,0.0,0.0,0.0,0.0,0.0,0.0,0.0,0.0,0.0,0.0,0.0,0.0,0.0,0.0,0.0,0.0,0.0,0.0,0.692,0.0,0.0,0.0,0.0,0.0,0.0,0.0,0.0,0.0,0.0,0.0,0.0,0.0,0.0,0.0,0.0,0.0,0.0,0.0,0.0,0.0,0.0,0.0,0.0,0.0,0.0,0.0,0.0,0.0,0.0,0.0,0.0,0.0,0.0,0.0,0.0,0.0,0.0,0.0,0.0,0.0,0.0,0.0,0.0,0.0,2.147,0.0,0.0,0.0,2.448,0.0,0.0,0.0,0.0,0.0,0.0,0.0,0.0,1.068,0.0,0.0,0.0,0.0,0.0,0.0,0.0,0.0,0.0,0.0,0.0,0.0,0.0,0.0,0.484,9.556,0.0,0.0,0.0,0.0,0.0,0.0,0.0,53.226,0.0,0.0,0.0,0.0,0.256,0.0,87.864,0.0,0.0,0.0,0.0,0.0,11.796,0.0,0.083,0.0,0.0,0.0,0.256,0.0,0.0,0.0,7.745,0.0,0.0,0.0,0.0,0.0,0.0,0.0,28.344,0.0,0.0,0.0,0.744,0.0,3.955,0.0,0.0,1.205,56.744,0.0,0.737,0.0,0.0,0.0,0.096,0.0,0.0,0.0,0.0,0.173
1-32,Summer,(HM)MSC,16.6,37.0,261716.0,5.88,0.579,20.97,48.62,4.2,9.79,10.26,0.0,0.46,0.15,0.18,0.0,0.0,11.054,0.0,0.0,16.244,0.0,0.0,0.0,0.0,2.359,19.208,0.0,0.0,0.0,0.0,7.354,0.0,0.0,0.0,10.758,0.0,0.0,0.0,0.0,0.0,12.337,10.756,1.507,2.125,0.0,0.0,0.0,2.634,0.0,0.0,0.0,0.0,0.0,0.0,0.0,0.0,0.0,0.0,0.0,0.0,0.0,0.0,0.0,0.0,0.0,0.0,0.0,0.0,0.0,0.0,0.0,0.0,0.0,0.0,0.0,0.0,0.0,0.0,0.0,3.422,0.0,0.0,0.0,0.0,0.0,0.0,0.0,18.303,0.0,0.0,0.0,0.0,0.0,0.0,0.0,0.0,0.0,0.0,0.0,0.0,0.0,2.747,1.636,0.0,0.0,0.0,0.0,0.0,0.0,0.0,0.0,0.0,0.0,0.0,0.0,0.0,0.0,0.0,0.0,0.0,0.0,0.0,0.0,0.0,0.0,0.0,0.0,0.0,0.0,0.0,0.0,0.0,0.0,0.0,0.0,0.0,0.0,0.0,0.0,0.0,0.0,0.0,0.0,0.0,0.0,0.0,0.0,0.0,0.0,0.0,0.0,0.0,0.0,0.0,0.0,0.0,0.0,0.0,0.0,0.0,0.0,0.0,0.0,0.0,0.0,0.0,0.0,0.0,0.0,0.0,0.0,0.0,0.0,0.0,0.0,0.0,0.0,1.391,0.908,1.863,0.0,0.9189999999999999,0.0,0.0,1.082,0.0,0.0,3.659,0.0,0.0,0.0,0.0,0.0,0.0,0.0,0.0,0.0,1.685,1.32,0.0,0.0,0.0,0.0,0.0,0.0,10.387,0.0,1.005,0.0,0.0,0.0,0.0,0.0,0.0,0.0,0.0,0.0,0.0,0.0,0.0,0.0,28.565,0.0,0.0,0.655,0.0,16.065,0.0,74.401,0.0,0.0,0.0,0.0,0.11,5.623,0.0,3.146,0.0,0.631,0.0,16.065,0.0,0.024,0.0,0.0,0.0,0.0,0.0,0.0,0.0,0.0,0.013,1.877,0.0,0.0,0.0,20.348,0.0,5.569,0.11,0.388,17.073,0.313,0.402,33.564,0.0,0.0,0.0,0.0,0.086,0.0,0.0,0.024,3.513
2-32,Fall,(HM)MSC,16.6,37.0,261716.0,5.4,0.74,28.9,62.21,3.2,11.72,13.799,4.28,1.29,0.58,0.39,0.0,0.0,6.375,0.0,0.0,21.036,0.0,0.0,0.0,0.0,2.92,15.072,0.0,0.0,0.0,0.0,6.631,0.0,0.0,0.0,15.325,0.0,0.0,0.0,0.0,0.0,12.449,8.857000000000001,1.495,0.0,2.212,0.0,0.0,2.037,0.0,0.0,0.0,0.0,0.0,0.0,0.0,0.0,0.0,0.0,0.0,0.0,0.0,0.0,0.0,0.0,0.0,0.0,0.0,0.0,0.0,0.0,0.0,0.0,0.0,0.0,0.0,0.0,0.0,0.0,0.0,6.843,0.0,0.0,0.0,0.0,0.0,0.0,0.0,14.131,0.0,0.0,0.0,0.0,0.0,0.0,0.0,0.0,0.0,0.0,0.0,0.0,0.0,1.672,2.334,0.0,0.0,0.0,0.0,0.0,0.0,0.0,0.0,0.0,0.0,0.0,0.0,0.0,0.0,0.0,0.0,0.0,0.0,0.0,0.0,0.0,0.0,0.0,0.0,0.0,0.0,0.0,0.0,0.0,0.0,0.0,0.0,0.0,0.0,0.0,0.0,1.339,0.0,0.0,0.0,0.0,0.0,0.0,0.0,0.0,0.0,0.0,0.0,0.0,0.0,0.0,0.0,0.0,0.0,0.0,0.0,0.0,0.0,0.0,0.0,0.0,0.0,0.0,0.0,0.0,0.0,0.0,0.0,0.0,0.0,0.0,0.0,0.0,1.583,1.738,0.0,1.025,0.0,0.0,0.0,0.0,1.608,0.0,0.0,2.749,0.0,0.0,0.0,0.0,0.0,0.0,0.0,0.0,0.0,1.598,1.61,0.0,0.0,0.0,0.0,0.0,0.0,5.436,0.0,0.9189999999999999,0.0,0.0,0.0,0.0,0.0,0.0,0.0,0.0,0.0,0.0,0.0,0.0,0.0,29.479,0.0,0.0,0.0,0.0,17.697,0.0,76.649,0.0,0.0,0.0,0.0,1.006,4.023,0.0,0.624,0.0,0.0,0.0,17.697,0.0,0.0,0.0,0.0,0.0,0.0,0.0,0.0,0.0,0.0,0.0,1.422,0.0,0.0,0.0,20.205,0.0,4.023,0.208,0.0,27.141,0.0,0.0,27.384,0.0,0.0,0.0,0.0,1.006,0.0,0.0,0.0,0.913
3-32,Winter,(HM)MSC,16.6,37.0,261716.0,5.84,0.776,20.32,37.7,1.6,12.34,11.91,4.45,0.06,0.0,0.0,0.0,0.0,5.217000000000001,0.0,0.0,17.957,0.0,0.0,0.0,0.0,2.615,29.397,0.0,0.0,0.0,0.0,4.976,0.0,0.0,0.0,13.996,0.0,0.0,0.0,0.0,0.0,11.389,5.349,2.312,1.588,0.0,0.0,0.0,5.096,0.0,0.0,0.0,0.0,0.0,0.0,0.0,0.0,0.0,0.0,0.0,0.0,0.0,0.0,0.0,0.0,0.0,0.0,0.0,0.0,0.0,0.0,0.0,0.0,0.0,0.0,0.0,0.0,0.0,0.0,0.0,2.949,0.0,0.0,0.0,0.0,0.0,0.0,0.0,27.658,0.821,0.0,0.0,0.0,0.0,0.0,0.0,0.0,0.0,0.0,0.0,0.0,0.0,1.618,0.855,0.0,0.0,0.0,0.0,0.0,0.0,0.0,0.0,0.0,0.0,0.0,0.0,0.0,0.0,0.0,0.0,0.0,0.0,0.0,0.0,0.0,0.0,0.0,0.0,0.0,0.0,0.0,0.0,0.0,0.0,0.0,0.0,0.0,0.0,0.0,0.0,0.794,0.0,0.0,0.0,0.0,0.0,0.0,0.0,0.0,0.0,0.0,0.0,0.0,0.0,0.0,0.0,0.0,0.0,0.0,0.0,0.0,0.0,0.0,0.0,0.0,0.0,0.0,0.0,0.0,0.0,0.0,0.0,0.0,0.0,0.0,0.0,0.0,0.0,1.847,0.0,1.434,0.0,0.0,0.0,0.0,2.361,0.0,0.0,2.664,0.0,0.0,0.0,0.0,0.0,0.0,0.0,0.0,0.0,0.784,1.006,0.0,0.0,0.0,0.0,0.0,0.0,4.598,0.0,1.559,0.0,0.0,0.0,0.0,0.0,0.0,0.0,0.0,0.0,0.0,0.0,0.0,0.0,24.46,0.0,0.0,0.058,0.0,15.692,0.0,80.329,0.0,0.0,0.0,0.0,0.0,3.827,0.0,0.093,0.0,0.058,0.0,15.692,0.0,0.0,0.0,0.0,0.0,0.0,0.0,0.0,0.0,0.0,0.0,1.038,0.0,0.0,0.0,36.367,0.0,3.827,0.0,0.0,23.078,0.0,0.0,19.589,0.0,0.0,0.0,0.0,0.0,0.0,0.0,0.0,0.35
4-32,Spring,(HM)MSC,16.6,37.0,261716.0,5.27,0.878,25.98,54.21,2.3,10.28,13.18,2.5,0.66,0.31,0.15,0.0,0.0,2.462,2.038,0.0,21.854,0.0,0.0,0.0,0.0,0.0,26.546,0.0,0.0,0.0,0.0,6.54,0.0,0.0,0.0,15.1,0.0,0.0,0.0,0.0,0.0,8.447,3.571,0.0,3.811,1.86,0.0,0.0,4.948,0.0,0.0,0.0,0.0,0.0,0.0,0.0,0.0,0.0,0.0,0.0,0.0,0.0,0.0,0.0,0.0,0.0,0.0,0.0,0.0,0.0,0.0,0.0,0.0,0.0,0.0,0.0,0.0,0.0,0.0,0.0,4.282999999999999,0.0,0.0,0.0,0.0,0.0,0.0,0.0,25.96,1.372,0.0,0.0,0.0,0.0,0.0,0.0,0.0,0.0,0.0,0.0,0.0,1.089,2.6,1.267,0.0,0.0,0.0,0.0,0.0,0.0,0.0,0.0,0.0,0.0,0.0,0.0,0.0,0.0,0.0,0.0,0.0,0.0,0.0,0.0,0.0,0.0,0.0,0.0,0.0,0.0,0.0,0.0,0.0,0.0,0.0,0.0,0.0,0.0,0.0,0.0,0.0,0.0,0.0,0.0,0.0,0.0,0.0,0.0,0.0,0.0,0.0,0.0,0.0,0.0,0.0,0.0,0.0,0.0,0.0,0.0,0.0,0.0,0.0,0.0,0.0,0.0,0.0,0.0,0.0,0.0,0.0,0.0,0.0,0.0,0.0,0.0,0.0,0.0,0.0,0.0,3.662,0.0,1.53,0.0,0.0,1.872,0.0,0.0,3.803,0.0,0.0,0.0,0.0,0.0,0.0,0.0,0.0,0.0,2.278,1.381,0.0,0.0,0.0,0.0,0.0,0.0,2.103,0.0,1.34,0.0,0.0,0.0,0.0,0.0,0.0,0.0,0.0,0.0,0.0,0.0,0.0,0.0,20.495,0.0,0.0,0.0,0.0,19.192,0.0,75.751,0.0,0.0,0.0,0.0,0.0,5.057,0.0,0.0,0.0,0.0,0.0,19.192,0.0,0.0,0.0,0.0,0.0,0.0,0.0,0.0,0.0,0.0,0.0,1.325,0.0,0.0,0.0,31.387,0.0,5.057,0.058,0.0,21.441,0.11,0.901,20.529,0.0,0.0,0.0,0.0,0.0,0.0,0.0,0.0,0.0
2-32',Fall,Fww,8.96,29.5,26626.0,4.9,,48.88,,,,,,,,,0.0,0.0,0.0,17.101,0.0,5.029,0.0,0.0,0.0,0.362,0.0,0.051,0.0,0.0,0.0,0.0,0.0,0.0,0.0,0.0,40.81,0.401,0.0,0.0,0.0,0.046,35.761,0.0,0.258,0.0,0.053,0.0,0.0,0.0,0.0,0.0,0.0,0.0,0.0,0.0,0.826,0.0,0.0,0.0,0.0,5.64,0.0,16.146,0.0,0.0,0.0,0.0,0.0,0.0,0.0,0.0,0.0,0.0,0.0,0.0,0.0,0.0,0.0,0.7909999999999999,0.0,0.0,0.0,0.0,0.0,0.0,0.0,0.0,0.0,0.0,0.0,0.0,0.0,4.041,0.0,0.0,0.0,0.0,1.5,0.0,0.0,0.0,0.0,0.0,0.0,0.0,0.0,0.0,0.0,0.0,0.0,0.0,0.0,0.0,0.0,0.0,0.0,0.0,0.0,0.0,0.0,0.0,0.0,0.0,0.0,0.0,0.0,0.0,0.0,0.0,0.0,0.0,0.0,0.0,0.0,0.0,0.0,21.82,0.0,0.0,0.0,0.0,0.0,0.0,0.0,0.0,0.0,0.0,0.0,0.0,0.0,0.0,0.0,0.0,0.0,0.0,1.258,0.0,0.0,0.0,0.707,0.0,0.0,0.0,0.717,0.0,0.0,0.0,0.0,1.031,0.0,0.0,6.149,1.31,0.0,0.0,0.0,0.0,0.0,0.0,0.0,0.0,0.0,0.0,0.0,0.0,0.0,0.0,0.0,0.0,0.0,1.082,0.0,0.0,0.0,0.0,0.0,0.0,4.102,0.0,0.0,0.0,0.0,0.0,0.0,0.0,0.0,0.0,0.0,0.0,0.0,0.0,0.0,0.0,0.0,0.0,0.0,0.0,0.0,0.0,0.0,0.0,0.0,20.693,0.0,0.0,0.0,0.0,12.386,0.0,64.56,0.0,0.0,0.0,0.928,0.0,12.663,0.0,9.465,0.0,0.0,0.0,12.386,0.0,0.0,1.18,1.555,0.0,0.0,0.0,0.0,0.0,0.0,0.0,15.674,3.768,0.0,0.0,0.627,0.0,1.253,1.978,0.0,10.636,10.148,0.0,21.729,0.0,0.0,0.0,5.794,0.0,0.0,0.928,0.0,12.346
3-32',Winter,Fww,8.96,29.5,26626.0,5.58,7.338,24.67,91.2,64.1,3.7,10.04,3.98,6.550555555555556,1.5455555555555556,0.5633333333333334,0.0,0.0,0.0,35.139,0.0,12.985,0.0,0.0,0.0,0.0,0.0,0.018,0.0,0.014,0.0,0.0,0.0,0.0,0.0,0.0,46.626,0.0,0.0,0.0,0.0,0.0,5.031,0.032,0.042,0.0,0.0,0.0,0.112,0.0,0.0,0.0,0.0,0.0,0.0,0.0,0.0,0.0,0.0,0.0,0.0,0.0,0.0,0.0,0.0,0.0,0.0,0.147,0.0,0.088,0.0,0.0,29.707,0.0,0.0,0.0,0.0,0.0,0.0,0.0,0.0,0.0,0.0,0.334,0.0,0.0,0.0,0.0,0.0,0.0,0.0,0.0,0.0,18.573,0.0,0.0,0.0,0.0,0.0,0.0,0.0,0.0,0.0,0.0,0.0,0.0,0.0,3.111,0.0,0.0,0.0,0.0,0.0,0.165,0.0,0.0,0.0,0.0,0.0,0.0,0.0,0.0,0.0,0.0,0.0,0.0,0.0,0.0,0.0,0.0,0.0,0.0,0.0,0.0,0.0,0.0,0.0,23.506,0.0,0.0,0.0,0.0,0.0,0.193,0.0,0.0,0.0,0.0,0.0,0.0,0.0,0.0,0.0,0.0,0.0,0.0,0.0,0.0,0.0,0.0,5.031,0.614,0.0,0.0,0.119,0.0,0.0,0.0,0.0,12.819,0.0,0.0,3.392,0.0,0.0,0.0,0.0,0.0,0.0,0.0,0.0,0.0,0.0,0.0,0.0,0.0,0.0,0.0,0.0,0.0,0.0,0.151,0.0,0.0,0.0,0.0,0.0,0.0,0.0,0.0,0.0,0.0,0.0,0.0,0.0,0.0,0.0,0.0,0.0,0.0,0.0,0.0,0.0,0.0,0.0,0.0,0.0,0.0,0.0,0.0,0.0,0.0,0.0,1.588,0.0,0.0,0.414,0.0,0.0,0.0,74.929,0.0,0.0,0.0,0.353,0.0,11.153,0.797,12.354,0.0,0.0,0.0,0.0,0.0,0.414,0.0,4.548,0.0,0.0,0.0,0.0,0.0,0.0,0.252,5.184,3.459,0.0,0.0,0.0,0.0,0.605,0.0,0.0,17.88,3.106,0.0,45.048,0.0,0.0,0.0,2.41,0.0,0.797,0.353,0.0,15.944
4-32',Spring,Fww,8.96,29.5,26626.0,6.26,9.004,41.4,132.3,5.4,3.2,7.66,11.7,9.07,2.14,0.78,0.0,0.0,0.0,13.924,0.0,30.276,0.0,0.0,0.0,0.013,0.0,0.012,0.0,0.048,0.0,0.0,0.0,0.0,0.0,0.0,39.438,0.0,0.0,0.0,0.0,0.0,15.77,0.127,0.04,0.0,0.0,0.0,0.343,0.0,0.0,0.0,0.0,0.0,0.0,0.0,0.0,0.0,0.0,0.0,0.0,0.8999999999999999,0.0,0.0,0.0,0.0,0.0,0.0,0.0,0.0,0.0,0.0,5.436,0.0,0.0,0.0,0.0,0.0,0.0,0.0,0.0,0.0,0.0,1.174,0.0,0.0,0.0,0.0,0.0,0.0,0.0,0.0,0.0,18.404,0.0,0.0,0.0,0.0,0.0,0.0,0.0,0.0,0.0,0.0,0.0,0.0,0.0,1.47,0.0,0.0,0.0,0.0,0.0,0.0,0.0,0.0,0.0,0.0,0.0,0.0,0.0,0.0,0.0,0.0,0.0,0.0,0.0,0.0,0.0,0.0,0.0,0.0,0.0,0.0,0.0,0.0,0.0,11.634,0.0,0.0,0.0,0.0,0.0,0.0,0.0,0.0,0.0,0.0,0.0,0.0,0.0,0.0,2.523,0.0,0.0,0.0,0.0,0.0,0.0,0.0,6.098000000000001,0.0,0.0,0.0,0.413,0.0,0.0,0.0,0.0,29.963,0.0,0.0,5.126,0.0,0.0,0.906,0.0,0.0,0.0,0.0,0.0,0.0,0.0,0.0,0.0,0.0,0.0,0.0,0.0,0.0,0.0,0.428,0.0,0.0,1.731,0.0,0.0,0.0,0.563,0.0,0.0,0.0,0.0,0.0,0.0,0.0,0.0,0.0,0.0,0.0,0.0,0.0,0.0,0.0,0.0,0.0,0.0,0.0,0.0,0.0,0.0,0.0,0.0,9.21,0.0,0.0,0.375,0.0,4.012,0.0,90.766,0.0,0.0,0.0,0.0,0.0,1.476,0.0,3.37,0.0,0.375,0.0,4.012,0.0,0.0,0.0,0.717,0.0,0.0,0.0,0.0,0.0,0.0,0.492,1.885,2.06,0.0,0.0,6.197,0.0,0.0,0.0,0.0,23.455,0.726,0.0,55.951,0.0,0.0,0.0,0.759,0.0,0.0,0.0,0.0,3.37
1-33,Summer,(HM+Aww)1SC,20.0,36.0,414670.0,5.51,0.2499,7.43,23.68,1.3,1.5,3.783,1.25,0.44,0.4,0.01,0.0,0.0,0.0,2.158,0.0,10.87,0.0,0.0,0.0,0.0,2.186,10.656,0.0,0.0,0.0,0.0,11.522,0.0,0.0,0.0,3.171,0.0,0.0,0.0,0.0,0.0,10.172,0.0,0.0,32.859,3.197,0.0,3.88,0.887,0.0,0.0,0.0,0.0,0.0,0.0,0.0,0.0,0.0,0.0,0.0,0.0,0.0,0.0,0.0,0.897,0.0,0.0,0.0,0.0,0.0,0.0,0.0,0.0,0.0,0.0,0.0,0.0,0.0,0.0,0.0,4.545,0.0,0.0,0.0,0.0,1.069,0.0,0.0,10.16,0.0,0.0,0.0,0.0,0.0,0.0,0.0,0.0,0.0,0.0,0.0,0.0,0.0,0.0,0.0,0.0,0.0,0.0,0.0,0.0,0.0,0.0,0.0,0.0,0.0,0.0,0.0,0.0,0.0,0.0,0.0,0.0,0.0,0.0,0.0,0.0,0.0,0.0,0.0,0.0,0.0,0.0,0.0,0.0,0.742,0.0,0.0,0.0,0.0,0.0,0.0,0.0,0.0,0.0,0.0,0.0,0.0,0.0,0.0,0.0,0.849,0.0,0.0,32.496,0.0,0.0,0.0,0.0,0.0,0.0,0.0,0.0,0.0,0.0,0.0,0.0,0.0,0.0,0.0,0.0,0.0,0.0,0.0,0.0,0.0,0.0,0.0,0.0,0.0,0.875,0.0,0.0,0.0,0.0,0.0,0.0,0.0,0.0,0.0,4.784000000000001,0.0,0.0,0.0,0.0,0.0,0.0,0.0,0.0,0.0,0.0,1.066,0.0,0.0,0.0,0.0,0.0,0.0,0.0,0.0,1.328,0.0,0.0,0.0,0.0,0.0,0.0,0.0,0.0,0.0,1.48,0.0,0.968,0.0,16.99,0.0,0.05400000000000001,1.19,0.0,14.992,0.006,48.682,0.0,0.0,0.0,0.0,25.006,1.864,0.0,8.203,0.0,0.869,0.0,14.988,0.0,0.296,0.0,0.0,0.025,0.0,0.0,0.0,0.0,0.0,2.54,0.32,0.0,0.0,0.0,26.119,0.0,0.576,0.134,0.25,16.486,0.162,0.143,2.166,0.0,0.0,0.0,0.0,0.0,0.0,0.0,25.006,9.857
2-33,Fall,(HM+Aww)1SC,20.0,36.0,414670.0,6.76,0.2013,9.17,24.42,1.2,2.8,16.206,0.97,0.02,0.01,0.0,0.0,0.0,2.292,2.008,0.0,16.091,0.0,0.0,3.658,0.0,2.172,0.0,0.0,0.0,0.0,0.0,12.202,0.0,0.0,0.0,3.51,0.0,0.0,0.0,0.0,0.0,12.45,0.0,0.0,32.382,0.0,0.0,4.966,0.0,0.0,0.0,0.0,0.0,0.0,0.0,0.0,0.0,0.994,0.0,0.0,0.0,0.0,0.0,0.0,1.593,0.0,0.0,0.0,0.0,0.0,0.0,0.0,0.0,0.0,0.0,0.0,0.0,0.0,0.0,0.0,10.325,0.0,0.0,0.0,0.0,2.581,0.0,0.0,0.0,0.0,0.0,0.0,0.0,0.0,0.0,0.0,0.0,0.0,0.0,0.0,0.0,0.0,0.0,0.0,0.0,0.0,0.0,0.0,0.0,0.0,0.0,0.0,0.0,0.0,0.0,0.0,0.0,0.0,0.0,0.0,0.0,0.0,0.0,0.0,0.0,0.0,0.0,0.0,0.0,0.0,0.0,0.0,0.0,0.0,0.0,0.0,0.0,0.0,0.0,0.0,0.0,0.0,0.0,0.0,0.0,0.0,0.0,0.0,0.0,0.0,0.0,0.0,29.578,0.0,0.0,0.0,0.0,0.0,0.0,0.0,0.0,0.0,0.0,0.0,0.0,0.0,0.0,0.0,0.0,0.0,0.0,0.0,0.0,0.0,0.0,0.0,0.0,0.0,0.0,0.0,2.804,0.0,0.0,0.0,0.0,0.0,0.0,0.0,1.911,0.0,0.0,0.0,0.0,0.0,0.0,0.0,0.762,0.0,0.0,1.345,0.768,0.0,0.0,0.0,0.0,1.251,0.0,0.0,0.0,0.0,0.0,0.0,0.0,0.0,0.0,0.0,0.0,0.0,0.0,0.0,1.076,0.0,20.703,0.0,0.0,0.8180000000000001,0.0,9.85,0.0,37.149,0.0,0.0,0.0,0.0,2.127,3.078,0.0,46.979,0.0,0.543,0.0,9.85,0.0,0.259,0.0,0.0,0.016,0.0,0.0,0.0,0.0,0.0,0.321,0.0,0.0,0.0,0.0,19.384,0.0,0.983,0.372,0.109,14.289,0.0,0.0,2.369,0.0,0.0,0.0,0.0,0.0,0.0,0.0,2.127,49.379
3-33,Winter,(HM+Aww)1SC,20.0,36.0,414670.0,6.1,0.296,7.92,11.29,0.1,3.79,6.73,0.22,0.0,0.0,0.0,0.0,4.753,0.0,0.0,0.0,11.792,0.0,0.0,2.81,0.0,3.273,0.0,0.0,0.0,0.0,0.0,12.254,0.0,0.0,0.0,4.502,0.0,0.0,0.0,0.0,0.0,9.025,0.0,0.0,31.043,3.237,0.0,3.658,0.0,0.0,0.0,0.0,0.0,0.0,0.0,0.0,0.0,4.753,0.0,0.703,0.0,0.0,0.0,0.0,0.8540000000000001,0.0,0.0,0.0,0.0,0.0,0.0,0.0,0.0,0.0,0.0,0.0,0.0,0.0,0.863,0.0,6.457,0.0,0.0,0.0,0.0,1.837,0.0,0.0,1.811,0.0,0.0,0.0,0.0,0.0,0.0,0.0,0.0,0.0,0.0,0.0,0.0,0.0,0.0,0.0,0.0,0.0,0.0,0.0,0.0,0.0,0.0,0.0,0.0,0.0,0.0,0.0,0.0,0.0,0.0,0.0,0.0,0.0,0.0,0.0,0.0,0.0,0.0,0.0,0.0,0.0,0.0,0.0,0.0,0.0,1.611,0.0,0.0,0.0,0.0,0.0,0.0,0.0,0.0,0.0,0.0,0.0,0.0,0.0,0.0,0.0,0.0,0.0,28.924,0.0,0.0,0.0,0.0,0.0,0.0,0.0,0.0,0.0,0.0,0.0,0.0,0.0,0.0,0.0,0.0,0.0,0.0,0.0,0.0,0.0,0.0,0.0,0.0,0.0,1.312,0.0,2.047,0.0,0.0,0.0,0.0,0.0,0.0,0.0,3.871,0.0,0.0,0.0,0.0,0.0,0.0,0.0,0.0,0.0,0.0,0.995,0.7000000000000001,0.0,0.0,0.0,0.0,0.0,0.0,0.0,1.679,0.0,0.0,0.0,0.0,0.0,0.0,0.0,0.0,0.0,0.0,0.0,0.0,0.0,17.075,0.0,0.078,0.748,0.0,15.355,0.0,72.663,0.0,0.0,0.0,0.0,7.970000000000001,2.556,0.0,0.631,0.0,0.475,0.0,15.355,0.0,0.273,0.0,0.0,0.0,0.0,0.0,0.0,0.0,0.0,0.421,0.0,0.0,0.0,0.0,40.908,0.0,0.834,0.086,0.935,27.438,0.0,0.117,2.758,0.0,0.0,0.0,0.0,0.07,0.0,0.0,7.9,2.431
4-33,Spring,(HM+Aww)1SC,20.0,36.0,414670.0,6.47,0.2525,7.75,10.89,0.1,2.79,8.54,1.05,0.0,0.0,0.0,0.0,0.0,0.0,0.0,0.0,30.018,0.0,0.0,0.0,0.0,1.504,3.082,0.0,0.0,0.0,0.0,5.762,0.0,0.0,0.0,10.424,0.0,0.0,0.0,0.0,0.0,11.889,0.0,4.246,18.571,2.118,0.0,3.966,0.0,0.0,0.0,0.0,0.0,0.0,0.0,0.0,0.0,1.042,0.0,0.0,0.0,0.0,0.0,0.0,0.0,0.0,0.0,0.0,0.0,0.0,0.0,0.0,0.0,0.0,0.0,0.0,0.0,0.0,1.201,0.0,4.217,0.0,0.0,0.0,0.0,0.0,0.0,0.0,1.738,0.0,0.0,0.0,0.0,0.0,0.0,0.0,0.0,0.0,0.0,0.0,0.0,8.546,0.0,0.0,0.0,0.0,0.0,0.0,0.0,0.0,0.0,0.0,0.0,0.0,0.0,0.0,0.0,0.0,0.0,0.0,0.0,0.0,0.0,0.0,0.0,0.0,0.0,0.0,0.0,0.0,0.0,0.0,0.0,1.091,0.0,0.9490000000000001,0.0,0.0,0.0,0.0,1.622,0.0,0.0,0.0,0.0,0.0,0.0,0.0,1.317,0.0,0.0,0.0,15.58,0.0,0.0,0.0,0.0,0.0,0.0,0.0,0.0,0.0,0.0,0.0,0.0,0.0,0.0,0.0,0.0,0.0,0.0,0.0,0.0,0.0,0.0,0.0,0.0,0.0,0.0,0.0,2.799,0.0,0.0,0.0,0.0,0.0,0.0,0.0,2.245,0.0,0.0,0.0,0.0,0.0,0.0,0.0,0.0,0.0,0.0,1.177,0.0,0.0,0.0,0.0,0.0,0.0,0.0,0.0,3.957,0.0,0.0,0.0,0.0,0.0,0.0,0.0,0.0,0.0,0.0,0.0,0.0,0.0,24.807,0.0,0.0,0.383,0.0,11.173,0.0,85.545,0.0,0.0,0.0,0.0,0.895,2.004,0.0,0.0,0.0,0.369,0.0,11.173,0.0,0.0,0.0,0.0,0.014,0.0,0.0,0.0,0.0,0.0,0.121,0.0,0.0,0.0,0.0,56.151,0.0,1.137,0.0,0.0,22.191,0.0,0.0,6.862,0.0,0.0,0.0,0.0,0.043,0.0,0.0,0.852,1.087
1-34,Summer,Fww,35.0,37.0,20518.0,3.72,,42.7,101.31,49.2,12.06,15.965,8.8,22.48,21.19,0.59,0.0,0.0,0.0,0.0,0.0,31.313,0.0,0.343,0.0,0.0,0.223,17.2,0.0,0.0,0.0,0.0,0.3070000000000001,0.0,0.0,0.0,46.329,0.0,0.0,0.0,0.0,0.0,0.0,0.476,2.474,0.381,0.457,0.0,0.0,0.0,0.377,0.0,0.0,0.0,0.0,0.0,0.0,0.0,0.0,0.0,0.0,0.0,0.0,0.0,1.585,0.0,0.0,0.0,1.677,0.0,0.0,0.0,0.0,0.0,0.0,0.0,0.0,0.0,0.0,0.0,0.0,2.544,0.0,0.0,0.0,0.0,0.0,0.0,0.0,17.2,0.0,0.0,0.0,0.0,0.0,0.0,0.0,0.0,0.0,0.0,0.0,0.0,0.0,0.659,0.0,0.0,0.0,0.0,0.0,0.0,0.0,0.0,0.0,9.243,0.0,1.585,0.0,0.0,0.0,0.393,0.0,0.0,0.0,0.376,0.0,0.0,0.0,0.0,0.0,0.0,0.0,0.0,0.0,0.0,0.0,0.0,0.0,0.374,0.0,0.0,0.0,0.0,0.0,0.0,0.0,0.0,0.0,0.0,0.0,0.0,0.0,0.0,0.0,0.0,0.0,0.0,0.0,0.0,0.0,0.0,0.0,0.0,0.0,0.0,0.0,0.0,0.0,0.0,1.671,0.0,0.0,0.0,0.0,0.0,0.0,0.0,0.0,0.0,0.0,0.0,0.0,0.0,0.0,0.0,14.321,0.0,13.844,0.0,0.0,0.0,0.0,0.0,0.0,0.0,0.0,0.0,0.0,0.0,0.0,3.243,0.0,0.0,0.0,0.0,0.0,0.0,0.0,0.0,0.0,0.0,0.0,0.0,0.0,0.0,0.0,0.0,0.0,0.0,0.0,0.0,0.0,0.0,0.0,24.581,0.0,0.0,0.0,0.0,10.828,0.0,86.46,0.0,0.0,0.0,0.0,0.138,0.756,0.0,1.819,0.0,0.0,0.0,10.828,0.0,0.0,0.0,0.308,0.0,0.0,0.0,0.0,0.0,0.0,0.0,16.78,0.0,0.0,0.0,0.146,0.0,0.424,0.301,0.0,55.237,0.186,0.0,13.782,0.0,0.0,0.0,0.0,0.138,0.0,0.0,0.0,1.871
2-34,Fall,Fww,35.0,37.0,20518.0,3.71,,11.0,134.43,55.9,2.39,12.545,12.07,3.44,3.32,0.11,0.0,0.0,0.0,0.264,0.0,34.075,0.0,0.199,0.0,0.0,0.452,10.294,0.0,0.0,0.0,0.0,0.101,0.0,0.0,0.0,51.075,0.0,0.0,0.0,0.0,0.0,0.0,1.192,1.796,0.158,0.0,0.0,0.0,0.0,0.0,0.0,0.0,0.0,0.0,0.0,0.0,0.0,0.0,0.0,0.0,0.0,0.0,0.0,4.297000000000001,0.0,0.0,0.0,1.003,0.0,0.0,0.0,0.0,0.0,0.0,0.0,0.0,0.0,0.0,0.0,0.0,1.217,0.0,0.0,0.0,0.0,0.0,0.0,0.0,10.294,0.0,0.0,0.0,0.0,0.0,0.0,0.0,0.0,0.0,0.0,0.0,0.0,0.0,1.172,0.0,0.0,0.0,0.0,0.0,0.0,0.0,0.438,0.0,8.403,0.0,2.776,0.0,0.0,0.0,0.0,0.0,0.0,0.646,0.0,0.0,0.0,0.0,0.0,0.0,0.0,0.0,0.0,0.0,0.0,0.0,0.0,0.0,0.0,0.0,0.0,0.0,0.0,0.0,0.0,0.0,0.0,0.0,0.0,0.0,0.0,0.0,0.0,0.0,0.0,0.0,0.0,0.0,0.0,0.0,0.0,0.0,0.0,0.0,0.0,0.0,0.0,0.0,0.0,1.913,0.0,0.0,0.0,0.0,0.0,0.0,0.0,0.0,0.0,0.0,0.0,0.0,0.0,0.0,0.0,14.154,0.0,16.729,0.0,0.0,0.0,0.998,0.0,0.0,0.0,0.0,0.0,0.0,0.0,0.0,3.201,0.0,0.0,0.0,0.0,0.0,0.0,0.0,0.0,0.0,0.0,0.0,0.0,0.0,0.0,0.0,0.0,0.0,1.272,0.0,0.0,0.0,0.0,0.0,24.814,0.0,0.0,0.0,0.0,9.012,0.0,88.149,0.0,0.0,0.0,0.0,0.525,1.728,0.0,0.586,0.0,0.0,0.0,9.012,0.0,0.0,0.0,0.833,0.0,0.0,0.0,0.0,0.0,0.0,0.0,23.889,0.0,0.0,0.0,0.0,0.0,0.895,0.0,0.0,56.667,0.031,0.0,7.562,0.0,0.0,0.0,0.0,0.525,0.0,0.0,0.0,0.586
3-34,Winter,Fww,35.0,37.0,20518.0,3.81,,34.77,68.7,20.1,27.31,12.39,7.9,1.84,1.84,0.0,0.0,0.0,0.0,2.793,0.0,38.681,0.0,0.0,0.0,0.0,0.308,9.782,0.0,0.0,0.0,0.0,0.351,0.0,0.0,0.0,41.485,0.0,0.0,0.0,0.0,0.0,0.0,2.48,2.055,0.606,0.363,0.0,0.0,0.0,0.0,0.0,0.0,0.0,0.0,0.0,0.0,0.0,0.0,2.973,0.0,0.0,0.0,0.0,0.895,0.0,0.0,0.0,0.0,0.0,0.0,0.0,2.725,0.0,0.0,0.0,0.0,0.0,0.0,0.0,0.0,1.79,0.0,0.0,0.0,0.0,0.0,0.0,0.0,9.782,0.0,0.0,0.0,0.0,0.0,0.0,0.0,0.0,0.0,0.0,0.0,0.0,0.0,1.353,0.0,0.0,0.0,0.0,0.0,0.0,0.0,0.0,0.0,10.233,0.0,0.88,0.0,0.0,0.0,0.0,0.0,0.0,0.0,0.0,0.0,0.0,0.0,0.0,0.0,0.0,0.0,0.0,0.0,0.0,0.0,0.0,0.0,0.0,0.0,0.0,0.0,0.0,0.0,0.0,0.0,0.0,0.0,0.0,0.0,0.0,0.0,0.0,0.0,0.0,0.0,0.0,0.0,0.0,0.0,0.0,0.0,0.0,0.0,0.0,0.0,0.0,0.0,0.72,2.583,0.0,0.0,0.0,0.0,0.0,0.0,0.0,0.0,0.0,0.0,0.0,0.0,0.0,0.0,0.0,15.95,0.0,8.648,0.0,0.0,0.0,2.371,0.0,0.0,0.0,0.0,0.0,0.0,0.0,0.0,1.494,0.0,0.0,0.0,0.0,0.0,0.0,0.0,0.0,0.0,0.0,0.0,0.0,0.0,0.0,0.0,0.0,0.0,0.446,0.0,0.0,0.0,0.0,0.0,30.171,0.0,0.0,0.0,0.0,21.429,0.0,76.321,0.0,0.0,0.0,0.0,0.812,0.162,0.0,1.275,0.0,0.0,0.0,21.429,0.0,0.0,0.0,0.0,0.0,0.0,0.0,0.0,0.0,0.0,0.0,4.923,0.0,0.0,0.0,0.0,0.0,0.0,0.6,0.0,67.137,0.0,0.0,3.661,0.0,0.0,0.0,0.162,0.812,0.0,0.0,0.0,1.275
4-34,Spring,Fww,35.0,37.0,20518.0,3.64,,46.48,115.32,33.7,20.57,14.95,11.7,1.74,1.74,0.0,0.0,0.0,0.0,4.268000000000001,0.0,49.11,0.0,0.9560000000000001,0.0,0.0,0.0,0.722,0.0,0.0,0.0,0.0,0.0,0.0,0.0,0.0,35.067,0.0,0.0,0.0,0.0,0.0,0.0,2.398,1.778,1.572,0.862,0.0,1.061,0.0,0.0,0.0,0.0,0.0,0.0,0.0,0.0,0.0,0.0,0.76,0.0,0.0,0.0,0.0,0.0,0.0,0.0,0.0,0.0,0.0,0.0,0.0,3.999,0.0,0.0,0.0,0.0,0.0,0.0,0.0,0.0,1.794,0.0,0.0,0.0,0.0,0.0,0.0,0.0,0.0,0.0,0.0,0.0,0.0,0.0,0.0,0.0,0.0,0.0,0.0,0.0,0.0,4.528,0.867,0.0,0.918,0.0,0.0,0.0,0.0,0.0,0.0,0.0,9.845,0.0,1.306,0.0,0.0,0.0,0.0,0.0,0.0,0.0,0.0,0.0,0.0,0.0,0.0,0.0,0.0,0.0,0.798,0.0,0.0,0.0,0.0,0.0,0.0,0.0,0.0,0.0,0.0,0.0,0.0,0.0,0.0,0.0,0.0,0.0,0.0,0.0,0.0,0.0,0.0,0.0,0.0,0.0,0.0,0.0,0.0,0.0,0.0,0.0,0.0,0.0,0.0,0.0,0.798,2.98,0.0,0.0,0.0,0.0,0.0,0.0,0.0,0.0,0.0,0.0,0.0,0.0,0.0,0.0,0.0,24.601,0.0,4.078,0.0,0.0,0.0,2.252,0.0,0.0,0.0,0.0,0.0,0.0,0.0,0.0,2.106,0.0,0.0,0.0,0.0,0.0,0.0,0.0,0.0,0.0,0.0,0.0,0.0,0.0,0.0,0.0,0.0,0.0,0.0,0.0,0.0,0.0,0.0,0.0,27.424,0.0,0.0,0.037,0.0,10.797,0.0,84.711,0.0,0.0,0.0,0.0,1.528,2.927,0.0,0.0,0.0,0.037,0.0,10.797,0.0,0.0,0.0,0.0,0.0,0.0,0.0,0.0,0.0,0.0,0.0,22.812,0.0,0.0,0.0,0.528,0.0,0.51,3.796,0.0,47.971,0.193,0.0,9.374,0.0,0.0,0.0,2.417,1.528,0.0,0.0,0.0,0.037
