SampleID,F00000,F00001,F00002,F00003,F00004,F00005,F00006,F00007,F00008,F00009,F00010,F00011,F00012,F00013,F00014,F00015,F00016,F00017,F00018,F00019,F00020,F00021,F00022,F00023,F00024,F00025,F00026,F00027,F00028,F00029,F00030,F00031,F00032,F00033,F00034,F00035,F00036,F00037,F00038,F00039,F00040,F00041,F00042,F00043,F00044,F00045,F00046,F00047,F00048,F00049,F00050,F00051,F00052,F00053,F00054,F00055,F00056,F00057,F00058,F00059,F00060,F00061,F00062,F00063,F00064,F00065,F00066,F00067,F00068,F00069,F00070,F00071,F00072,F00073,F00074,F00075,F00076,F00077,F00078,F00079,F00080,F00081,F00082,F00083,F00084,F00085,F00086,F00087,F00088,F00089,F00090,F00091,F00092,F00093,F00094,F00095,F00096,F00097,F00098,F00099,F00100,F00101,F00102,F00103,F00104,F00105,F00106,F00107,F00108,F00109,F00110,F00111,F00112,F00113,F00114,F00115,F00116,F00117,F00118,F00119,F00120,F00121,F00122,F00123,F00124,F00125,F00126,F00127,F00128,F00129,F00130,F00131,F00132,F00133,F00134,F00135,F00136,F00137,F00138,F00139,F00140,F00141,F00142,F00143,F00144,F00145,F00146,F00147,F00148,F00149,F00150,F00151,F00152,F00153,F00154,F00155,F00156,F00157,F00158,F00159,F00160,F00161,F00162,F00163,F00164,F00165,F00166,F00167,F00168,F00169,F00170,F00171,F00172,F00173,F00174,F00175,F00176,F00177,F00178,F00179,F00180,F00181,F00182,F00183,F00184,F00185,F00186,F00187,F00188,F00189,F00190,F00191,F00192,F00193,F00194,F00195,F00196,F00197,F00198,F00199,F00200,F00201,F00202,F00203,F00204,F00205,F00206,F00207,F00208,F00209,F00210,F00211,F00212,F00213,F00214,F00215,F00216,F00217,F00218,F00219,F00220,F00221,F00222,F00223,F00224,F00225,F00226,F00227,F00228,F00229,F00230,F00231,F00232,F00233,F00234,F00235,F00236,F00237,F00238,F00239,F00240,F00241,F00242,F00243,F00244,F00245,F00246,F00247,F00248,F00249,F00250,F00251,F00252,F00253,F00254,F00255,F00256,F00257,F00258,F00259,F00260,F00261,F00262,F00263,F00264,F00265,F00266,F00267,F00268,F00269,F00270,F00271,F00272,F00273,F00274,F00275,F00276,F00277,F00278,F00279,F00280,F00281,F00282,F00283,F00284,F00285,F00286,F00287,F00288,F00289,F00290,F00291,F00292,F00293,F00294,F00295,F00296,F00297,F00298,F00299,F00300,F00301,F00302,F00303,F00304,F00305,F00306,F00307,F00308,F00309,F00310,F00311,F00312,F00313,F00314,F00315,F00316,F00317,F00318,F00319,F00320,F00321,F00322,F00323,F00324,Group
1-1,0.0,0.0,0.0,0.0,0.0,0.0,0.0,0.0,0.0,0.0053844497092397,0.0015076459185871,0.0030691363342666,0.0,0.0,0.0,0.0,0.0,0.0,0.0,0.0200301529183717,0.0,0.0,0.0,0.0,0.0,0.0204070643980185,0.0013616763749148,0.0,0.0,0.0072151626103812,0.0016153349127719,0.0,0.0006999784622011,0.0,0.0,0.0,0.0,0.0,0.0,0.0,0.0,0.0,0.0049171646871926,0.0,0.0,0.0,0.0,0.0001512973749905,0.0,0.0,0.0,0.0032845143226362,0.0,0.0,0.0,0.0023451093123534,0.0,0.0,0.0,0.0,0.0,0.0,0.0,0.0,0.0011845789360327,0.0,0.0,0.0,0.0,0.0,0.0,0.0,0.0,0.0,0.0,0.0,0.0065690286452724,0.0395218608658193,0.0044690932586688,0.0,0.0,0.0,0.0176071505492138,0.0,0.0,0.003122980831359,0.0,0.0,0.0,0.0,0.0,0.0,0.0,0.0,0.0,0.0011307344389403,0.0,0.0,0.0,0.0,0.0,0.0020425145623723,0.0,0.0,0.0,0.0,0.0075382295929356,0.0,0.0,0.0,0.0087228085289683,0.0,0.0,0.0,0.0,0.0,0.0015886224374007,0.0,0.0,0.0,0.0015614904156795,0.0,0.0,0.0,0.0,0.0,0.0,0.0,0.0,0.0,0.0193840189532629,0.0012922679302175,0.0,0.0032306698255438,0.0,0.0006999784622011,0.0002692224854619,0.0,0.0,0.0,0.0,0.0,0.1895326297652377,0.0,0.0044152487615765,0.0020999353866034,0.0,0.0,0.0,0.0081305190609518,0.0019922463924186,0.0,0.0,0.0,0.0009692009476631,0.0,0.0,0.0002692224854619,0.0,0.0,0.0,0.0,0.0,0.0069997846220115,0.0,0.0,0.0030691363342666,0.0,0.013568813267284,0.0,0.0,0.0,0.0065690286452724,0.0,0.0,0.0,0.0,0.0,0.0,0.8616385505711474,0.0,0.0,0.0,0.0,0.0,0.0107421136243286,0.0,0.0,0.0,0.0021938119373628,0.0,0.0012103789999243,0.0206520916862092,0.0,0.0013616763749148,0.0,0.0056536721947017,0.0,0.0,0.0,0.0,0.0,0.0,0.0009692009476631,0.0,0.0,0.0,0.0,0.0,0.0,0.0,0.0,0.0,0.0530368296360109,0.0,0.0,0.0087228085289683,0.065636441955632,0.0,0.0,0.0,0.0,0.0,0.0,0.0,0.0,0.0,0.0,0.0,0.0,0.0,0.0,0.0,0.0,0.0,0.0,0.0019922463924186,0.0,0.0,0.0,0.0,0.0015076459185871,0.0,0.0092612534998923,0.0,0.0,0.0,0.0,0.0,0.0027999138488046,0.0,0.0,0.0024768468662502,0.0076459185871203,0.0,0.0,0.0,0.0,0.0,0.0,0.0111996553952185,0.0,0.0,0.0,0.0,0.0,0.0,0.0,0.0131919017876372,0.0,0.0110919664010338,0.0,0.0008076674563859,0.0008076674563859,0.0,0.0853435278914494,0.003661425802283,0.0,0.0,0.0,0.0033383588197286,0.0,0.0,0.0,0.0074843850958431,0.0,0.0,0.0,0.0,0.0,0.0048460047383157,0.0021181632498676,0.0,0.0,0.0042363264997352,0.0,0.0,0.0,0.0,0.0,0.0,0.0,0.0,0.0,0.0,0.0004846004738315,0.0,0.0088843420202455,0.0,0.0,0.0,0.0,0.0,0.0,0.0,0.0045389212497163,0.0,0.0,0.0,0.0,0.0,0.0,0.0,0.0,0.0,Normal
1-10,0.0,0.0025507105550832,0.0,0.0,0.0,0.0,0.0023077857403133,0.0010931616664642,0.0,0.0,0.0,0.0,0.0,0.0028097575215749,0.0,0.0,0.0,0.0,0.0,0.0,0.0009716992590793,0.0,0.0,0.0,0.0,0.0,0.0048897078946888,0.0,0.0,0.0,0.0,0.0,0.0,0.0010947107226915,0.0046160302140159,0.0,0.0,0.0,0.0,0.0,0.0,0.0003643872221547,0.0098888868616468,0.0,0.0,0.0001824517871152,0.0010324304627717,0.0,0.0,0.0,0.0,0.0,0.0018219361107737,0.0004554840276934,0.0,0.0056924957579959,0.002004129721851,0.0330074092068504,0.0,0.0,0.0,0.0,0.0,0.0,0.0,0.0004378842890766,0.0,0.0154864569415765,0.0019737641200048,0.0,0.0,0.0,0.0033402162030851,0.0,0.0,0.0,0.0,0.0,0.0,0.0,0.0,0.0,0.0,0.0,0.015304263330499,0.0,0.0,0.0,0.0,0.0,0.0,0.0,0.0,0.0,0.0,0.0,0.0,0.0,0.0,0.0169743714320417,0.0218935989311306,0.006531773978726,0.0,0.0,0.0,0.000273290416616,0.0,0.0,0.0017004737033888,0.0,0.0,0.0,0.0,0.1928519373253976,0.0,0.0,0.2094364064296008,0.0334799029356492,0.0,0.0016397424996963,0.0006073120369245,0.0057087331470909,0.0,0.0,0.0,0.0,0.0,0.0006984088424632,0.0,0.000941333657233,0.0416312401311792,0.0,0.000668043240617,0.0,0.0044333778695493,0.0,0.0,0.0,0.0,0.0,0.0,0.0383821207336329,0.0004554840276934,0.0,0.0,0.0,0.0,0.0,0.0,0.0,0.0,0.0,0.003734969027086,0.0003340216203085,0.0,0.0,0.0,0.0,0.0,0.0,0.0006376776387708,0.0,0.0010324304627717,0.0,0.0,0.0041904530547795,0.0,0.0,0.0,0.0,0.0007895056480019,0.0,0.0,0.0,0.0006984088424632,0.0005769464350783,0.0,0.0010020648609255,0.0,0.0043241073546313,0.0185188563921982,0.0079001623820905,0.0012041817949606,0.0283165173602875,0.0049079530734003,0.0216022915944461,0.0018792534072871,0.0,0.0128081154554908,0.2594464412778918,0.0,0.0007115619697494,0.0004378842890766,0.0005473553613457,0.0921381524932031,0.0,0.0,0.0008502368516944,0.0014575488886189,0.0,0.0,0.0064982387950929,0.0008806024535406,0.0,0.0,0.0,0.0,0.0006073120369245,0.0,0.0,0.0,0.0,0.0,0.0,0.0,0.0,0.0,0.0001821936110773,0.0,0.0,0.0,0.0,0.0,0.0,0.0,0.0007591400461557,0.0029758289809304,0.0069537228227863,0.0,0.0124498967569535,0.0064071419895541,0.0003947528240009,0.0012146240738491,0.0,0.0008806024535406,0.0,0.0027632697680068,0.0,0.013026843192032,0.0,0.0,0.0,0.0,0.0,0.0,0.0,0.0003340216203085,0.0,0.0,0.0,0.0,0.0,0.0,0.0,0.0,0.0279667193003765,0.0,0.0029150977772379,0.0,0.0,0.0,0.0,0.0,0.0012146240738491,0.0,0.0,0.0,0.0,0.0,0.0,0.0,0.0,0.0,0.0,0.0,0.0,0.0,0.0,0.0,0.0059212923600144,0.0,0.0,0.0,0.0,0.0009716992590793,0.0,0.0,0.0,0.0,0.0016397424996963,0.0,0.0074622780930139,0.0,0.0,0.0079001623820905,0.0,0.0033206225254976,0.0,0.0006750716123264,0.0,0.0071662820357099,0.0,0.0,0.0037949971719972,0.0,0.0,0.000383148752942,0.0,0.0,0.0,0.0,0.0020434600156908,0.0,0.0,0.007044819628325,0.006841942016822,0.0002125592129236,0.0,0.0,0.0,0.0,0.0,0.0,0.0,0.0,Normal
1-11,0.0,0.0011340176208891,0.0,0.0,0.0,0.0,0.0038091361111918,0.0,0.0,0.0,0.0,0.0012794044953621,0.0,0.0024340281961682,0.0,0.0,0.0,0.0,0.0,0.0,0.0,0.0,0.0010467854962054,0.0,0.0,0.0,0.0033016026027232,0.0,0.0,0.0,0.0,0.0,0.0,0.0027955175322327,0.0030606097120134,0.0011630949957837,0.0,0.0,0.0,0.0,0.0,0.0,0.0072297867212917,0.0,0.0,0.0004337872032775,0.0029949696141432,0.0,0.0034892849873513,0.0,0.0,0.0,0.0,0.0,0.0,0.0031570068682973,0.0,0.0070367247244918,0.0,0.0,0.0,0.0009013986217324,0.001715565118781,0.005873629728708,0.0,0.0002409928907097,0.0,0.0064260998517053,0.0,0.0,0.0,0.0,0.0006106248727864,0.0,0.0,0.0,0.0,0.0,0.0,0.002791427989881,0.0004652379983135,0.0014538687447297,0.0,0.0,0.0041289872350323,0.0,0.0,0.0,0.0,0.0,0.0,0.0,0.0005524701229972,0.0,0.0,0.0,0.0,0.0,0.0,0.0173882701869675,0.0127649675787267,0.005157247861188,0.0002907737489459,0.0074438079730161,0.0,0.004012677735454,0.0,0.0,0.0067459509755459,0.0,0.0009886307464162,0.0,0.0,0.0166613358146026,0.0,0.0,0.0053982407518977,0.0145318713097962,0.0,0.0020644936175162,0.0018900293681486,0.0,0.0003198511238405,0.0,0.0,0.0,0.0,0.0004652379983135,0.0,0.0055247012299729,0.0141316041987729,0.0,0.0038382134860864,0.0,0.0006978569974702,0.0,0.0022098804919891,0.0,0.0,0.0,0.0,0.0058445523538134,0.000785089122154,0.0,0.0,0.0,0.0005233927481027,0.0,0.0,0.0,0.0,0.0,0.0,0.0,0.0,0.0,0.0,0.0,0.0003198511238405,0.0,0.0006687796225756,0.0,0.0,0.0,0.0,0.0013375592451513,0.0,0.0,0.0022389578668837,0.0,0.0,0.0,0.0,0.0,0.000930475996627,0.0,0.0,0.0521066558111133,0.0,0.0028919146885165,0.1105675382576213,0.0476924930714543,0.0,0.0472587058681768,0.0021448367273165,0.0087962405109049,0.0048198578141944,0.0,0.0143872755753703,0.2786118809495115,0.0,0.0020725388601036,0.0010362694300518,0.0009398722737679,0.1145439209543315,0.0411154081009566,0.0,0.0008141664970486,0.0,0.0,0.0,0.0030531243639324,0.0025297316158296,0.0,0.0,0.0,0.0,0.0,0.0,0.0,0.0,0.0,0.0,0.0008432438719432,0.0,0.0,0.0,0.0002035416242621,0.0,0.0,0.0,0.0,0.0016864877438864,0.0356488616207728,0.0,0.0,0.000785089122154,0.0003489284987351,0.0,0.0225058881684161,0.0008141664970486,0.0007560117472594,0.0032566659881945,0.0008723212468378,0.0009886307464162,0.0,0.1134308394638132,0.0,0.0212846384228431,0.003867290860981,0.0,0.0,0.0,0.0,0.0,0.0,0.0,0.0,0.0,0.0,0.0023552673664621,0.0,0.0,0.0,0.0,0.0060480939780755,0.0,0.0031112791137216,0.0048849989822918,0.0,0.0,0.0,0.0,0.0,0.007879968596435,0.0,0.0,0.0002907737489459,0.0,0.000639702247681,0.0,0.0,0.0,0.0,0.0,0.0,0.0,0.0,0.0,0.0052048501061324,0.0,0.0,0.0,0.0042452967346107,0.0,0.0,0.0029077374894594,0.0,0.0,0.0,0.0,0.0048439571032654,0.0020644936175162,0.0,0.0047957585251235,0.0001744642493675,0.0036630919387878,0.0,0.0022171345945294,0.0,0.0109621703352621,0.0,0.0,0.019207133389565,0.0,0.0,0.0005301843595613,0.0,0.0,0.0,0.0,7.229786721291722e-05,0.0,0.0,0.0038091361111918,0.0044583684781298,0.0,0.0020935709924108,0.0,2.4099289070972408e-05,0.0009595533715216,0.0,0.0,0.0,0.0,Normal
1-11b,0.0,0.0,0.0,0.0,0.0,0.0,0.0008686636590355,0.0,0.0,0.0,0.0,0.0012609633760192,0.0,0.0012788685774467,0.0,0.0,0.0,0.0,0.0,0.0,0.0,0.0,0.0011208563342393,0.0,0.0,0.0,0.0021815993379974,0.0,0.0,0.0,0.0,0.0,0.0,0.0036109230422026,0.0030843300985481,0.0007565780256115,0.0,0.0005884495754756,0.0,0.0,0.0,0.0,0.0067704807041299,0.0,0.0,0.0016550063943428,0.0009807492924594,0.0,0.0020175414016308,0.0006444923921876,0.0,0.0,0.0,0.0,0.0,0.0042127435492364,0.0,0.0012609633760192,0.0,0.0,0.0,0.0,0.0014010704177991,0.0037268473113458,0.0,0.0003761378168961,0.0,0.0049317678706531,0.0,0.0,0.0,0.0,0.0,0.0,0.0,0.0,0.0,0.0,0.0,0.0012329419676632,0.0008126208423235,0.0,0.0,0.0003362569002718,0.0035867402695659,0.0,0.0,0.0,0.0,0.0,0.0005604281671196,0.0,0.0,0.0,0.0,0.0,0.0,0.0,0.0,0.0154958388208591,0.0140387255863477,0.0085759422252312,0.0,0.0252753103370975,0.0,0.0008966850673914,0.0,0.0,0.0037548687197018,0.0,0.001737327318071,0.0,0.0,0.0008126208423235,0.0,0.0,0.0046641089295117,0.0073723012111636,0.0,0.0043152968868215,0.0009527278841034,0.0,0.0005043853504077,0.0,0.0,0.0010648135175273,0.0,0.0,0.0,0.0024378625269706,0.0011768991509513,0.0,0.0050998963207889,0.0001961498584918,0.0026620337938184,0.0,0.0027460980188864,0.0003642783086277,0.0,0.0,0.0,0.005155939137501,0.0007005352088995,0.0,0.0,0.0,0.0007845994339675,0.0,0.0,0.0,0.0,0.0,0.0,0.0,0.0,0.0,0.0004203211253397,0.0,0.0,0.0,0.0,0.0,0.0,0.0,0.0,0.0,0.0,0.0,0.001597220276291,0.0,0.0009247064757474,0.0,0.0,0.0,0.0022977554851906,0.0,0.0,0.0452265530865581,0.0,0.0042127435492364,0.1183329571955164,0.0355074099149928,0.0,0.0251260061686601,0.0023320544647558,0.0101557210561948,0.0052659294365455,0.0,0.034905589407959,0.3398029037839461,7.522756337922214e-05,0.0030843300985481,0.0018806890844805,0.0015797788309636,0.1108854284209729,0.010339899683358,0.0,0.0012329419676632,0.0,0.0,0.0,0.0123013982682769,0.0042312326617534,0.0,0.0,0.0,0.0,0.0,0.0,0.0,0.0,0.0,0.0,0.0014571132345111,0.0011488777425952,0.0007005352088995,0.0,0.0,0.0,0.0,0.0,0.0,0.0003922997169837,0.0115448202426653,0.0,0.0,0.0004763639420517,0.0,0.0,0.0130579762938885,0.0018213915431389,0.0008406422506795,0.0025219267520385,0.0,0.0004483425336957,0.0008126208423235,0.0081822512399473,0.0,0.0174573374057778,0.0025499481603945,0.0,0.0,0.0,0.0,0.0,0.0001961498584918,0.0,0.0,0.0002802140835598,0.0,0.0027460980188864,0.0,0.0,0.0,0.0,0.0036147616779219,0.0,0.0013170061927312,0.0017933701347829,0.0,0.0,0.0,0.0,0.0,0.0153557317790791,0.0,0.0,0.0,0.0,0.0,0.0,0.0,0.0,0.0,0.0,0.0,0.0,0.0,0.0,0.0026340123854623,0.0,0.0,0.0033100127886857,0.0069493092722839,0.0,0.0,0.0013730490094432,0.0,0.0,0.0,0.0,0.0043631986759948,0.0,0.0,0.0036861506055818,0.0,0.0,0.0,0.0033852403520649,0.0,0.0030823549191582,0.0,0.0,0.0255773715489355,0.0,0.0,0.0006770480704129,0.0,0.0,0.0,0.0,0.0001504551267584,0.0,0.0,0.0011768991509513,0.0034604679154442,0.0,0.0014290918261551,0.0,7.522756337922214e-05,0.0003642783086277,0.0,0.0,0.0,0.0,Normal
1-12,0.0,0.0,0.0014639670745518,0.0,0.0,0.0,0.0,0.0,0.0,0.0016020771759246,0.0009667707096097,0.0,0.0,0.0,0.0,0.0,0.0,0.0,0.0,0.0063254426428749,0.0,0.0,0.0,0.0,0.0,0.0,0.0004311738708634,0.0,0.0,0.01452918266442,0.0,0.0,0.0008010385879623,0.0,0.0012396248787323,0.0,0.0019335414192194,0.0,0.0,0.0031765323315747,0.0072922133524846,0.0,0.0017785922173116,0.0,0.0,0.0,0.0,0.0025331464913226,0.0,0.0,0.0,0.0,0.0,0.0,0.0,0.0016707987495957,0.0,0.0,0.0,0.0,0.0126508852857498,0.0,0.0,0.0,0.0009391486893351,0.0,0.0,0.0,0.0,0.0034803745545949,0.0,0.0,0.0,0.0,0.0,0.0,0.0,0.0203574289423526,0.0024031157638869,0.0,0.0,0.0,0.0117946026572382,0.0,0.0,0.0038118387978896,0.0,0.0,0.0003038422230201,0.0002762202027456,0.0,0.0,0.0,0.0,0.0,0.028809767146369,0.0,0.0,0.0,0.0,0.0044471452642045,0.0006467608062951,0.0,0.0,0.0,0.0,0.0037565947573405,0.0028726901085545,0.0,0.0,0.000690550506864,0.0,0.0,0.0,0.0,0.0,0.0021558693543171,5.389673385792821e-05,0.007437749272394,0.0,0.0232853630914561,0.0,0.0,0.0,0.0,0.0,0.0,0.0,0.0,0.0,0.0025964699058089,0.000248598182471,0.0,0.0001657321216473,0.0,0.0057730022373836,0.0,0.0,0.0,0.0,0.0,0.0,0.1066486202800866,0.0,0.0040051929398116,0.0020716515205922,0.0,0.0020992735408667,0.0,0.020467917023451,0.0017125652570227,0.0,0.0,0.0,0.0,0.0,0.0071817252713862,0.0,0.0,0.0,0.0,0.0,0.0,0.0,0.0,0.0,0.0,0.0,0.0,0.0,0.0,0.000441952324393,0.0032870204126729,0.0,0.0,0.0,0.0027345800071817,0.0,0.0,0.0541123207933598,0.0,0.0,0.0,0.0015630052818799,0.0,0.0,0.0,0.0,0.0,0.7229168912363908,0.0,0.0,0.0049046027810714,0.0,0.0800905465128811,0.0,0.0012153688920807,0.0,0.0,0.0,0.0,0.0,0.0,0.0019059193989448,0.0,0.0,0.0,0.0,0.0,0.0005800624257658,0.0,0.0,0.0,0.0038394608181642,0.0,0.0,0.0058282462779327,0.0042537911222826,0.0008623477417268,0.0,0.0,0.0,0.0,0.0,0.0,0.0,0.0,0.0,0.0,0.0,0.0,0.0,0.0,0.2036019114438028,0.0,0.0,0.0048062315277739,0.0,0.0,0.0,0.0,0.0181200453001131,0.0,0.0,0.0,0.0,0.0,0.0,0.0,0.0,0.0,0.0,0.0104411236637847,0.0386432063641134,0.0,0.0,0.0021268955611413,0.0,0.0,0.0,0.0,0.0,0.0,0.0,0.0,0.0,0.0,0.0,0.0012982349529044,0.0,0.0007457945474131,0.0,0.0003038422230201,0.0020992735408667,0.0,0.0253846366323232,0.0019059193989448,0.0,0.0,0.0,0.0018782973786702,0.0,0.0,0.0,0.0,0.0,0.0,0.0,0.0,0.0,0.006822639007817,0.0017785922173116,0.0,0.0,0.0010240379433006,0.0,0.0,0.0012982349529044,0.0,0.0,0.0,0.0,0.0,0.0,0.0,0.0,0.0,0.0013534789934535,0.0,0.0,0.0,0.0,0.0,0.0,0.0,0.0011857281448744,0.0,0.0,0.0,0.0,0.0,0.0,0.0,0.0,0.0,Normal
1-13,0.0074770590234507,0.0,0.0,0.0036535629319134,0.0,0.0,0.0,0.0,0.0,0.0016143650164268,0.0,0.0,0.0015010762433442,0.0012286947481175,0.0,0.0,0.0,0.0005381216721422,0.0009912767644726,0.0,0.0,0.0009912767644726,0.0,0.0,0.0,0.0220913107511045,0.0016067546706152,0.0,0.0004248328990597,0.0525376685170499,0.0054095389146935,0.0,0.0,0.0,0.0019533095995715,0.0006514104452248,0.0,0.0005381216721422,0.0,0.0,0.0,0.0,0.0032765193283135,0.0,0.0,0.0,0.0,0.0,0.0,0.0,0.0087232355273592,0.0028888637136059,0.0,0.0,0.0007930214115781,0.0021423395608203,0.0,0.0,0.0,0.0,0.0,0.0,0.0,0.0,0.0009063101846607,0.0,0.0,0.0,0.0,0.0,0.0,0.0,0.0,0.0,0.0,0.0001699331596238,0.0,0.0020675201087572,0.0033986631924776,0.0,0.0,0.0,0.0,0.0,0.0,0.0017559759827801,0.0018126203693214,0.0,0.0,0.0,0.0,0.0007646992183074,0.0,0.0,0.0,0.0026906083607114,0.0,0.0001132887730825,0.0,0.0190608360711452,0.0075903477965333,0.0065215336630854,0.0,0.0017842981760507,0.0,0.0,0.001840942562592,0.0302197802197801,0.0,0.0,0.0080151806955929,0.0,0.0,0.004644839696386,0.0,0.0,0.1354084622412651,0.0,0.0,0.0005097994788716,0.0101959895774327,0.0,0.0002265775461651,0.0,0.0,0.0,0.0,0.0,0.0034269853857482,0.0,0.0129432423246855,0.0007080548317661,0.0,0.0008496657981194,0.0,0.0013311430837204,0.0008213436048487,0.0,0.0,0.0002548997394358,0.0010195989577432,0.0,0.1540160870057773,0.0,0.0,0.0036252407386428,0.0,0.0,0.0,0.0,0.0022374532683811,0.0,0.0,0.0,0.0,0.0025489973943581,0.0041067180242437,0.0,0.0,0.0100260564178089,0.0,0.0,0.0,0.0001132887730825,0.0,0.0,0.0,0.0,0.0,0.0001132887730825,0.0,0.0007363770250368,0.0150674068199841,0.0,0.0008213436048487,0.0084116914013821,0.0002832219327064,0.0449756429137871,0.0,0.0373649223401905,0.0002835449418732,0.1041555086481207,0.0,0.0004725749031221,0.0,0.0,0.0141142371065813,0.0001575249677073,0.0,0.01707570649948,0.0011656847610346,0.0,0.0026464194574839,0.0,0.3038971677010803,0.0,0.0,0.0009346323779313,0.0,0.0,0.0,0.0,0.0004531550923303,0.0014727540500736,0.0,0.0,0.0,0.0115554548544239,0.0021241644952985,0.0,0.0,0.0,0.0,0.0016426872096974,0.0,0.0,0.003115441259771,0.0094312903591253,0.0,0.0020675201087572,0.0,0.0,0.0,0.0111589441486346,0.0,0.0737793134700349,0.0,0.0,0.0049147789924703,0.0,0.0,0.0,0.0,0.0617423813300101,0.0,0.0008213436048487,0.0626770137079415,0.0,0.0,0.0,0.0,0.0050979947887164,0.0022940976549223,0.0,0.0,0.0,0.0,0.0002832219327064,0.0,0.0,0.0,0.0,0.0153506287526904,0.0046165175031153,0.0017559759827801,0.0,0.0,0.0,0.0,0.0,0.0,0.0,0.0,0.0,0.0009346323779313,0.0,0.0,0.040019259091424,0.0,0.0,0.0,0.0,0.0,0.0,0.0,0.0016143650164268,0.0,0.041860201654016,0.0090347796533363,0.0030304746799592,0.0015010762433442,0.0049563838223632,0.0,0.0005947660586835,0.0002548997394358,0.0,0.0,0.0,0.0033703409992069,0.0,0.0043332955704089,0.0024888944897766,0.0031720856463124,0.0,0.0023943795091522,0.0,0.0,0.0028322193270646,0.0,0.0,0.0,0.0,0.0,0.0,0.0,0.0044749065367622,0.0,0.0077036365696159,0.0,0.0,0.0005381216721422,0.0,0.0,0.0,0.0,0.0020793295737374,0.0,0.0,0.0,0.0,0.0002832219327064,0.0010195989577432,0.0,0.0,0.0,Normal
1-14,0.0,0.0,0.0,0.0002991250592018,0.0014706982077423,0.0,0.0,0.0,0.0,0.0010469377072064,0.0003739063240022,0.0,0.0,0.0,0.0,0.0,0.0,0.0,0.0,0.0035645736221551,0.0,0.0,0.0,0.0,0.0,0.012289054515542,0.0024511949575418,0.0,0.0006979584714709,0.0046364384176284,0.0018695316200114,0.0,0.0033900840042874,0.0,0.0027575943272345,0.0,0.0,0.0,0.0,0.0,0.0097215644240596,0.0,0.0042458198371706,0.0,0.0,0.0,0.0,0.0,0.0,0.0,0.0,0.0007228855597377,0.0,0.0,0.0,0.0017508535411012,0.0,0.0,0.0,0.0,0.0,0.0,0.0,0.0,0.0001744896178677,0.0,0.0,0.0,0.0,0.0,0.0,0.0,0.0,0.0,0.0,0.0,0.0050103447416307,0.0028167609741505,0.0007976668245382,0.0,0.0,0.0,0.0018446045317446,0.0,0.0,0.0033651569160206,0.0,0.0,0.0,0.002617344268016,0.0,0.0,0.0,0.0,0.0,0.0010718647954732,0.0,0.0,0.0,0.0,0.0,0.0003939420467477,4.985417653363911e-05,0.0,0.0,0.0,0.0047860009472293,0.0,0.0,0.0,0.00109679188374,0.0,0.0,0.0,0.0,0.0,0.0008754267705506,0.0,0.0856605094983804,0.0,0.0117406585736719,0.0,0.0,0.0,0.0015454794725428,0.0,0.0,0.0,0.0033651569160206,0.0,0.0092230226587232,0.0007727397362714,0.0,0.0011466460602736,0.0,0.0,0.0,0.0,0.0,0.0,0.0,0.0,0.0290151307425778,0.0,0.0202158685843906,0.0082259391280504,0.0,0.0,0.0013959169429418,0.0,0.0018695316200114,0.0,0.0,0.0,0.0,0.0,0.0,0.0007976668245382,0.0,0.0,0.0,0.0,0.0,0.0003739063240022,0.0,0.0,0.0048607822120298,0.0,0.0004736146770695,0.0,0.0,0.0004985417653363,0.0037639903282897,0.0,0.0,0.0,0.0006231772066704,0.0002243437944013,0.0,0.6908868073185673,0.0,0.0,8.754267705506434e-05,0.0,0.0,0.0260439464238816,0.0,0.0,0.0,0.0037205637748401,0.0,0.0005252560623303,0.0,0.0,0.002144795587849,0.0,0.0,0.0,0.0,0.0,0.0,0.0,0.0,0.0032654485629533,0.0,0.0,0.0,0.0,0.0014208440312087,0.0,0.0,0.0,0.0,0.1217688261834133,0.0,0.0,0.0050851260064309,0.0933519455592389,0.0,0.0032155943864197,0.0,0.0,0.0,0.0,0.0,0.0,0.0,0.0,0.0,0.0,0.0,0.0,0.0,0.0002492708826681,0.0,0.0,0.0252012862377545,0.0,0.0,0.0,0.0,0.0006979584714709,0.0,0.0,0.0,0.0,0.0,0.0,0.0,0.0399331954034449,0.0,0.0,0.057033177954483,0.005384251065633,0.0,0.0,0.0054341052421666,0.0,0.0,0.0,0.0244784006780167,0.0,0.0,0.0,0.0,0.0,0.0,0.0,0.0246030361193508,0.0,0.0002991250592018,0.0,0.0,0.0106189396016651,0.0,0.0064561158611061,0.0,0.0,0.0,0.0,0.0007976668245382,0.0,0.0,0.0,0.0012962085898746,0.0,0.0,0.0,0.0,0.0,0.0018944587082782,0.0030639936969272,0.0,0.0,0.002801365665762,0.0,0.0,0.0,0.0,0.0,0.0,0.0,0.0021437295909464,0.0,0.0,0.0021686566792133,0.0,0.0118403669267392,0.0,0.0,0.0,0.0,0.0003489792357354,0.0,0.0,0.0029764510198721,0.0,0.0,0.0,0.0,0.0,0.0008724480893386,0.0,0.0,0.0,Normal
1-15,0.0116290777285541,0.0014221707611759,0.0,0.0006166935159081,0.0,0.002114377768828,0.0035743052758759,0.0038386024969794,0.0007928916633105,0.0,0.0,0.0,0.0008306484091824,0.0016425011327594,0.0044804671768022,0.0,0.0,0.0048328634716069,0.0,0.0,0.001220801449859,0.0004656665324204,0.0008054772452678,0.0,0.0022402335884011,0.0,0.0031717263253285,0.0006418646798227,0.0,0.0003775674587192,0.0024038461538461,0.0013592428513894,0.0,5.663797009515179e-05,0.0043611236973266,0.0005789367700362,0.0,0.0003901530406766,0.0,0.0,0.0,0.0002768828030608,0.0070797462618939,0.0015228554168344,0.0056635118807893,0.0,0.0030582964156262,0.0,0.0,0.0018249093838099,0.0014599275070479,0.0,0.0007173781715666,0.0008054772452678,0.0014347563431333,0.0039080199365654,0.0112011679420056,0.0083064840918244,0.000490837696335,0.0009313330648409,0.0,0.0015228554168344,0.0,0.0016864679822795,0.0001510269834877,0.0,0.0005789367700362,0.0,0.0029576117599677,0.0,0.0007551349174385,0.0089357631896898,0.0010320177204993,0.0,0.0029072694321385,0.0089483487716472,0.0,0.0,0.0,0.0014347563431333,0.0,0.0041028997180829,6.292790978654854e-05,0.0004404953685058,0.0022905759162303,0.0,0.0001761981474023,0.0,0.0,0.0014473419250906,0.0005034232782923,0.0,0.0061165928312525,0.0008809907370116,0.0006796214256947,0.0004530809504631,0.0005915223519935,0.0,0.0,0.0132777889649616,0.0074129077728552,0.0052106932487539,0.0174562021747885,0.0003146395489327,0.0005915223519934,0.0005034232782923,0.0,0.0,0.0,0.0,0.0014599275070479,0.0,0.0039141159887233,0.0785340314136125,0.0061669351590817,0.00809252919855,0.2513593112822835,0.0,0.0,0.0012837293596455,0.0057138542086182,0.0,0.0008809907370116,0.0,0.0,0.0,0.0,0.0032848368908578,0.0003523962948046,0.0022402335884011,0.0449556987515101,0.0,0.0089231776077324,0.0,0.0008306484091824,0.0,0.0002768828030608,0.000855819573097,0.0,0.0091623036649214,0.0013718284333467,0.0102320781312927,0.0006418646798227,0.0,0.0,0.0,0.0004656665324204,0.0,0.0,0.0,0.0,0.0,0.0,0.0001887837293596,0.0,0.0014850986709625,0.0018626661296818,0.0,0.0,0.0,0.0,0.0004153242045912,0.0005915223519935,0.0,0.0,0.0014221707611759,0.0,0.0005789367700362,0.0021269633507853,0.0001132702376157,0.0,0.0,0.0,0.0006292790978654,0.0016487112364075,0.000163612565445,0.0,0.0004153242045912,0.0,0.0347757136384229,0.1330992297236066,0.0007929315813321,0.0,0.0,0.0,0.0293384685092886,0.0005663797009515,0.0,0.0,0.2380493883099227,0.0,0.0,0.0027752605346624,0.0379474399637516,0.2060489352061618,0.0,0.0,0.0006166935159081,0.0011075312122432,0.0003020539669754,0.0053237011679419,0.0,0.0029198550140956,0.0,0.0003020539669754,0.0002013693113169,0.0027436568666935,0.0001887837293596,0.0,0.0,0.0,0.00032722513089,0.0,0.0,0.0,0.0027688280306081,0.0,0.0006418646798227,0.0,0.0,0.0007173781715666,0.0,0.0018249093838099,0.0003649818767619,0.0009061619009262,0.0028443415223519,0.0001510269834877,0.028934252919855,0.0018124150430448,0.0054998993153441,0.0005537656061216,0.0,0.004845449053564,0.0397830245670556,0.0019759363672976,0.000528594442207,0.0031338099073701,0.0,0.0047321788159483,0.0114151228352798,0.0044301248489728,0.0,0.0008935763189689,0.0,0.001585783326621,0.0002642972211035,0.0027184857027788,0.0,0.0011075312122432,0.0,0.0011452879581151,0.0,0.0004782521143777,0.002240233588401,0.0,0.0187651026983487,0.0,0.0018878372935964,0.000692207007652,0.0,0.0,0.0031967378171566,0.0039644583165525,0.001384414015304,0.0066829440193314,0.0070101691502215,0.0026429722110349,0.006909484494563,0.0,0.0,0.0,0.0009439186467982,0.0,0.0,0.0092629883205799,0.0,0.0,0.0002391260571888,0.0,0.0024793596455898,0.0004027386226339,0.0,0.0,0.0011578735400724,0.0003398107128473,0.0,0.0046944220700765,0.0,0.0,0.0012837293596455,0.0,0.0040212958767557,0.0029953685058397,0.0006292790978654,0.0040212958767557,0.0,0.0,0.0,0.0,0.0006041079339508,0.001950765203383,0.0,0.0,0.0,0.0029324405960531,0.0,0.0,0.0,0.0113521949254933,0.0008432339911397,0.0,0.0,0.0,0.0011452879581151,0.0004656665324204,0.0049841413683733,0.0008180628272251,0.0,0.000490837696335,0.0,0.0,0.0009942609746274,0.0008684051550543,0.0,0.0003146395489327,Normal
1-16,0.0,0.0,0.0,0.0,0.0,0.0,0.0,0.0,0.0,0.0,0.0,0.0001129917967955,0.0,0.0030251864359082,0.0,0.0,0.0,0.0,0.0,0.0,0.0,0.0028925899979661,0.0,0.0,0.0,0.0,0.0026030673983396,0.0,0.0,0.0,0.0,0.0,0.0,0.0002110595187842,0.0029548332629801,0.0,0.0,0.0020112539829608,0.0,0.0,0.0,0.0,0.0066131982552413,0.0,0.0,0.002884480090052,0.0,0.0,0.0,4.519671871822106e-05,0.0039547128878443,0.0,0.0,0.0,0.0,0.0032362459546925,0.0,0.0135364172561072,0.0,0.0,0.0,0.0,0.0,0.0087003683532575,0.0,0.0,0.0,0.0011525163273146,0.0,0.0,0.0,0.0,0.0,0.0,0.0,0.0,0.0003163770310275,0.0,0.0,0.0007005491401324,0.0,0.0,0.0,0.0,0.002666606404375,0.0,0.0,0.0,0.0,0.0,0.0,0.0,0.0,0.0,0.0,0.0,0.0,0.0,0.0,0.0008135409369279,0.0014236966396239,0.0026734205712677,0.0,0.0021694424984746,0.0,0.0,0.0,0.0,0.0,0.0,0.0025310162482203,0.0,0.0,0.0,0.0,0.0,0.0,0.0,0.0,0.0003841721091048,0.0001581885155137,0.0,0.0,0.0,0.0,0.0,0.0068699012451696,0.0,0.0046778603873358,0.0,0.001039524530519,0.0,0.0003389753903866,0.0,0.0,0.0,0.003073376872839,0.0,0.000836139296287,0.0,0.0,0.0002033852342319,0.0042710899188717,0.0,0.0,0.0,0.0,0.0,0.0,0.0,0.0,0.0,0.0002485819529502,0.0003163770310275,0.0,0.0,0.0,0.0,0.0,0.0,0.0,0.0,0.0,0.0,0.0,0.0,0.0,0.0,0.0204741135793541,0.0002937786716684,0.0,0.0,0.0,0.0,0.0003841721091048,0.000632754062055,0.0,0.0,0.0,0.0092162656535807,0.1599831152384972,0.0,0.0,0.0,0.0008442380751371,0.0140706345856197,0.0013367102856338,0.0,0.0119600393977768,0.1714506824257771,0.0,0.0009145912480652,0.0028141269171239,0.0021105951878429,0.1250175882932317,0.0007457458588506,0.0,0.0,0.0,0.0,0.0433662516101331,0.0,0.0,0.0,0.0,0.0003389753903866,0.0,0.0010169261711599,0.0,0.0,0.0,0.003480147341303,0.0,0.0002259835935911,0.0009491310930826,0.0,0.0,0.0,0.0003517658646404,0.0,0.0,0.0,0.0007909425775688,0.0,0.0,0.0,0.0,0.0,0.0,6.779507807733158e-05,0.0,0.0004067704684639,0.0,0.0002711803123093,0.0,0.0,0.0029377867166843,0.0,0.0,0.0,0.0,0.0,0.0010621228898781,0.0,0.0,0.0,0.0,0.0,0.0,0.0,0.0,0.0,0.0,0.0,0.0,0.0020338523423199,0.0,0.0,0.0,0.0,0.0,0.0,0.0018078687487288,0.0,0.1741881539400239,0.0,0.0,0.0,0.0,0.0,0.0,0.0,0.0,0.0,0.0,0.0,0.0004293688278231,0.0878172244695035,0.0,0.0022146392171928,0.0,0.0,0.0,0.0006779507807733,0.0,0.0,0.0,0.0,0.0,0.0006553524214142,0.0,0.0037287181651892,0.0051750242932363,0.0,0.0041508372027578,0.0,0.0,0.0,0.0006331785563528,0.0,0.0,0.0,0.0,0.0111861544955677,0.0,0.0,0.0,0.0,0.0,0.0,0.0,0.0,0.0,0.0,0.0,0.0023216547066272,0.0,0.0,0.0,0.0,0.0,0.0,0.0,0.0,0.0,Normal
1-17,0.0,0.0,0.0004909605498758,0.0,0.0009819210997516,0.0003176803558019,0.0,0.0004909605498758,0.0,0.0023392826199965,0.0,0.0,0.0029457632992548,0.0018605475325595,0.0,0.0,0.0,0.0315658753537803,0.0,0.0,0.0,0.0,0.0,0.0,0.0,0.0,0.0017719500310091,0.0,0.0010974412291341,0.0040720845607347,0.0,0.0,0.0,0.0,0.0022149375387614,0.0,0.0031479235256743,0.0010974412291341,0.0,0.0007220008086409,0.0,0.0,0.0032781075573668,0.0,0.0013284814878992,0.0015061575263577,0.0006931207762952,0.0022592362895366,0.0,0.0,0.0,0.0004620805175301,0.0,0.0,0.0007220008086409,0.0019934437848852,0.0016172818113556,0.0,0.0003465603881476,0.0,0.0043320048518454,0.0031479235256743,0.0,0.0,0.0,0.0,0.0,0.0,0.0,0.0006642407439496,0.0,0.0011552012938254,0.0,0.0006353607116039,0.0003465603881476,0.0,0.0,0.0015017616819729,0.000866400970369,0.0017616819730838,0.0,0.0006353607116039,0.0078842488303586,0.0,0.0,0.0,0.0,0.0,0.0,0.0021082423612314,0.0009241610350603,0.0,0.0,0.0,0.0,0.0527060590307861,0.000548720614567,0.0004620805175301,0.0054005660486339,0.0028880032345636,0.0028591232022179,0.0030566138034907,0.0124761739733148,0.0044475249812279,0.001819442037775,0.0,0.0098769710622075,0.0012996014555536,0.0,0.0,0.001184081326171,0.0,0.0,0.0,0.0699474383411309,0.0004332004851845,0.1694427217152476,0.0,0.0,0.0,0.0153930572402237,0.0,0.0018483220701207,0.0019638421995032,0.0,0.000866400970369,0.0,0.0,0.0074221683128284,0.0,0.0050828856928319,0.0006931207762952,0.0036100040432044,0.0,0.0,0.0,0.0,0.0002888003234563,0.0008375209380234,0.0024259227170333,0.0,0.0,0.2156183214925194,0.0533125397100444,0.0,0.0045630451106105,0.0008952810027147,0.0,0.0,0.0,0.0051406457575232,0.0,0.0,0.0,0.0,0.0004043204528389,0.0070178478599896,0.0007797608733321,0.0,0.0,0.0,0.0,0.0,0.0,0.0010396811644429,0.0004909605498758,0.0,0.0,0.0004909605498758,0.0002021602264194,0.0,0.0005776006469127,0.0051406457575232,0.0005198405822214,0.0031768035580199,0.0,0.0063824871483854,0.0,0.0010188712678302,0.024142819172499,0.0,0.0,0.0,0.0,0.0,0.0012403650217063,0.0014618587755825,0.0,0.0,0.4345707451049876,0.0,0.0003100912554265,0.0063347213608575,0.0124036502170638,0.247408523079649,0.0,0.0008375209380234,0.0,0.0,0.0,0.0,0.0,0.003783284237278,0.0003754404204932,0.0005198405822214,0.0003754404204932,0.0,0.0028880032345636,0.0,0.0,0.0003465603881476,0.0,0.0015306417143187,0.0,0.0,0.0018772021024663,0.0017328019407381,0.0051117657251776,0.0020377425356604,0.0028013631375265,0.0,0.0,0.0,0.0,0.0,0.0,0.0,0.0004043204528389,0.0010631700186054,0.001501761681973,0.0,0.0,0.000866400970369,0.0465257321088199,0.0004909605498758,0.0,0.0036677641078958,0.0,0.0,0.0,0.0335297175532836,0.007768728700976,0.0,0.0,0.0,0.0,0.0,0.0,0.0,0.0,0.0,0.0,0.0019060821348119,0.0121007335528215,0.0,0.000866400970369,0.0,0.0,0.0,0.0,0.0,0.0014440016172818,0.0015884017790099,0.0,0.0010108011320972,0.0,0.0017905620054294,0.0036388840755501,0.0,0.0,0.0,0.0,0.0,0.0,0.0,0.0075954485069022,0.0015306417143187,0.0,0.0,0.0,0.0030324033962918,0.0002021602264194,0.0,0.0014151215849361,0.0044475249812279,0.0007797608733321,0.0,0.0012996014555536,0.0112054525501068,0.0,0.0009819210997516,0.0026136262957384,0.0030035233639461,0.0,0.0028794188003898,0.0,0.0,0.0,0.0,0.0,0.0,0.0,0.0010685611967885,0.0,0.0005776006469127,0.0038988043666608,0.0,0.0,0.0007508808409865,0.0,0.0,0.0,0.0,0.0,0.0008375209380234,0.0022149375387614,0.0006931207762952,0.0,0.0,0.0,0.0,0.007537688442211,0.0,0.0,0.0,Normal
1-18,0.0,0.0,0.0,0.0,0.0,0.0,0.0,0.0,0.0,0.0,0.0,0.0,0.0,0.0,0.0007006773214106,0.0,0.0,0.0,0.0,0.0,0.0,0.0,0.0,0.0,0.0,0.0,0.0026588491955276,0.0026692469387074,0.0,0.0,0.0,0.0,0.0,0.0,0.0026588491955276,0.0,0.0043375262753995,0.0026025157652397,0.0,0.0,0.0,0.0,0.0049086446686664,0.0,0.0021353975509659,0.0036133078811017,0.0,0.0,0.0071736011477761,0.0306963397951352,0.0,0.0,0.0,0.0,0.0,0.001908917371148,0.0063728270661639,0.0,0.0017683760968936,0.0,0.0058723432651563,0.0,0.0,0.0,0.0,0.0,0.0008675052550799,0.0,0.0,0.0,0.0,0.0049714724233425,0.0,0.0,0.0,0.0,0.0,0.0,0.0013346234693537,0.0032698274999165,0.0005338493877414,0.0,0.0041706983417303,0.0,0.0,0.0,0.0,0.0006673117346768,0.0,0.001267892295886,0.0011677955356844,0.0,0.0,0.0,0.0,0.0013679890560875,0.0010009676020152,0.0023022254846351,0.009542557805879,0.0086750525507991,0.0062059991324946,0.0081128988273792,0.0,0.0004671182142737,0.0,0.0,0.0,0.0,0.0,0.0009676020152814,0.0,0.0,0.0,0.0,0.0,0.0126121917853925,0.0040223616034905,0.0,0.0,0.0026692469387074,0.0056054185712852,0.0,0.0018351072703613,0.0017683760968936,0.0,0.0,0.0,0.0020019352040305,0.0,0.0,0.0014013546428213,0.0,0.0150812452036968,0.0,0.0,0.0013012578826198,0.000834139668346,0.0010343331887491,0.0011010643622168,0.0,0.0007006773214106,0.0,0.0500483801007639,0.0,0.0,0.0040706015815288,0.0,0.0,0.0,0.0,0.0,0.0,0.0,0.0,0.0,0.0,0.0018684728570951,0.0,0.0,0.0,0.0,0.0,0.0,0.0,0.0011010643622168,0.0010343331887491,0.0,0.0,0.0,0.0008007740816122,0.0,0.0,0.0013012578826198,0.002535784591772,0.0032030963264489,0.0,0.0010676987754829,0.0,0.0059312789746386,0.0218843741478046,0.0019770929915462,0.0,0.0,0.0,0.0,0.0002045268611944,0.0014998636487592,0.0,0.0,0.578197436596673,0.0,0.0005454049631851,0.0011589855467684,0.0352467957458412,0.1783474229615485,0.0,0.0,0.0005338493877414,0.0010009676020152,0.0013346234693537,0.0008675052550799,0.0,0.0049714724233424,0.0,0.0,0.0008007740816122,0.0,0.0,0.0,0.0,0.0004003870408061,0.0,0.0021353975509659,0.0,0.0139468152547462,0.0,0.0,0.0,0.0,0.0,0.0020019352040305,0.0,0.0004003870408061,0.0,0.0,0.000633946147943,0.0,0.0017016449234259,0.0,0.0,0.0,0.0,0.0033031930866503,0.0009676020152814,0.0,0.001468085816289,0.0,0.0,0.0031029995662473,0.0039037736478594,0.0,0.0007674084948783,0.0018351072703613,0.0,0.0,0.0,0.0,0.0,0.001468085816289,0.0,0.0,0.0,0.0,0.0092756331120082,0.0,0.0,0.0,0.0,0.0,0.0,0.0,0.0,0.0093089986987419,0.0,0.0063060958926962,0.0,0.001468085816289,0.0004337526275399,0.0,0.0008007740816122,0.0,0.0018017416836275,0.0,0.0,0.0011344299489506,0.0072736979079777,0.0020686663774982,0.0,0.0,0.0004337526275399,0.0,0.0,0.0,0.0040372359947949,0.0039037736478595,0.0,0.0,0.0015681825764906,0.0,0.0,0.0,0.0028633760567221,0.005505321811084,0.0029361716325781,0.0020452686119443,0.0,0.0033406053995091,0.0,0.0,0.0,0.0,0.0,0.001267892295886,0.0,0.0058389776784224,0.0,0.0,0.0,0.0,0.0007340429081445,0.0,0.0,0.0,0.0,0.0,0.0028633760567221,0.0015348169897567,0.0,0.0,6.817562039814562e-05,0.0015681825764906,0.0,0.0,0.0,0.0,Normal
1-19,0.0,0.0,0.0,0.0,0.0,0.0,0.0,0.0,0.0,0.001583641263579,0.0005556636012557,0.0,0.0,0.0013192141762042,0.0,0.0,0.0,0.0,0.0,0.0007501458616953,0.0,0.0,0.0,0.0044730919901091,0.0,0.0141416386519601,0.0010339786786465,0.0,0.0007223626816325,0.0018614730642069,0.0009446281221348,0.0,0.0012502431028255,0.0,0.0013548686133989,0.0,0.0,0.0,0.0021670880448976,0.0,0.0021670880448976,0.0,0.0032802082219132,0.0,0.0,0.0,0.0,0.0,0.0,0.0,0.0,0.0011113272025115,0.0,0.0,0.0,0.0017470674225407,0.0,0.0,0.0,0.0,0.0,0.0,0.0,0.0,0.0050843219514905,0.0,0.0,0.0,0.0,0.0,0.0,0.0,0.0,0.0,0.0,0.0,0.0181424165810018,0.0075014586169531,0.0012502431028255,0.0,0.0,0.0,0.0077515072375184,0.0,0.0,0.0120023337871252,0.0,0.0,0.0,0.0048620565109882,0.0,0.0,0.0,0.0,0.0,0.0,0.0,0.0,0.0,0.0,0.0,0.0,0.0,0.0,0.0,0.0,0.0353402050398685,0.0,0.0,0.0,0.0010835440224488,0.0,0.0,0.0,0.0,0.0,0.0011052875530359,0.0,0.0341212963953363,0.0,0.015197399494346,0.0,0.0,0.0,0.0,0.0,0.0,0.0,0.0018059067040813,0.0,0.0076403745172672,0.0,0.0,0.0028616675464673,0.0,0.000527880421193,0.0,0.0,0.0,0.0,0.0,0.0,0.1580862945572745,0.0,0.0112799711054927,0.0015280749034534,0.0,0.0,0.0,0.0053899369321812,0.0031117161670324,0.0,0.0,0.0,0.0,0.0,0.0,0.0006390131414441,0.0,0.0,0.0,0.0,0.0,0.0094184980412858,0.0,0.0,0.0072791931764509,0.0,0.0054732864723696,0.0,0.0,0.0002500486205651,0.0072236268163253,0.0,0.0,0.0,0.0,0.0,0.0,0.730167219310443,0.0,0.0,0.0,0.0,0.0,0.0012479053018148,0.0,0.0,0.0,0.003422825970692,0.0,0.0,0.0011409419902306,0.0,0.002067957357293,0.0,0.0009446281221348,0.0,0.0,0.0,0.0,0.0,0.0,0.0016114244436418,0.0,0.0,0.0,0.0,0.0,0.0,0.0,0.0,0.0,0.0760147806517932,0.0,0.0,0.0009168449420719,0.0737643430667072,0.0,0.0068902286555719,0.0,0.0,0.0,0.0,0.0,0.0,0.0,0.0,0.0,0.0,0.0,0.0,0.0,0.0002778318006278,0.0,0.0,0.012030116967188,0.0,0.0,0.0,0.0,0.000388964520879,0.0,0.0007779290417581,0.0,0.0,0.0,0.0,0.0,0.0547328647236962,0.0,0.0,0.005417720112244,0.0290612063456783,0.0,0.0,0.0063901314144416,0.0,0.0,0.0011391103825743,0.0251159947767621,0.0,0.0,0.0,0.0,0.0,0.0,0.0,0.008723918539716,0.0,0.0013058094629511,0.0,0.0,0.0016114244436418,0.0,0.026449587419776,0.0008334954018836,0.0,0.0,0.0,0.0065012641346928,0.0,0.0,0.0,0.0036673797682881,0.0,0.0,0.0,0.0,0.0,0.0022226544050231,0.0018896851713195,0.0,0.0,0.0015331407993724,0.0,0.0,0.0,0.0,0.0,0.0,0.0,0.0,0.0,0.0,0.000916844942072,0.0,0.0150307004139693,0.0,0.0,0.0,0.0,0.0044175256299836,0.0,0.0,0.0022818839804613,0.0,0.0,0.0,0.0,0.0,0.0,0.0,0.0,0.0,Normal
1-2,0.0027741388610618,0.0,0.0,0.0021961932650073,0.0020806041457964,0.0,0.0,0.0052400400708946,0.0,0.0014255991369345,0.0010403020728982,0.0,0.0046620944748401,0.0009297003504255,0.0,0.0,0.0,0.1138552824227479,0.0010403020728982,0.0,0.0,0.0,0.0,0.0,0.0,0.0,0.0010727311735679,0.0,0.0,0.0112121445634584,0.0010788317793018,0.0,0.0,0.0,0.0,0.0,0.0,0.0,0.0,0.0,0.0,0.0,0.0035757705785596,0.0,0.0,0.0,0.0,0.0,0.0,0.0,0.0038915003467673,0.0,0.0,0.0,0.0011173614857054,0.0012872774082814,0.0,0.0,0.0,0.0,0.0,0.0,0.0,0.0,0.0,0.0,0.0,0.0,0.0,0.0,0.0,0.0,0.0,0.0,0.0003852970640363,0.0,0.0,0.0002697079448254,0.0014641288433382,0.0,0.0,0.0,0.0,0.0,0.0,0.0,0.0024659012098327,0.0,0.0003852970640363,0.0009632426600909,0.0,0.0040456191723819,0.0,0.0,0.0,0.0010403020728982,0.0,0.0,0.0,0.0202666255683131,0.0106341989674038,0.0019309161124222,0.0140633428373275,0.0,0.0,0.0,0.0,0.0014255991369345,0.0,0.0,0.0006164753024581,0.0,0.0,0.0851121214456344,0.0065500500886183,0.0,0.0949009511549738,0.0,0.0,0.0010017723664945,0.054211296909917,0.0,0.0,0.0,0.00169530708176,0.0,0.0,0.0,0.0014255991369345,0.0,0.0071665253910764,0.0,0.0,0.0,0.0,0.0,0.0,0.0,0.0,0.0013100100177236,0.0008861832472836,0.0,0.1161285351005622,0.0,0.0019650150265854,0.00084765354088,0.0,0.0,0.0,0.0023888417970255,0.0,0.0,0.0,0.0007320644216691,0.0,0.0037373815211527,0.0021576635586035,0.0,0.0,0.0,0.0,0.0,0.0,0.0,0.0,0.0,0.0,0.0,0.0,0.0,0.0,0.0009632426600909,0.00084765354088,0.0,0.0011944208985127,0.0,0.0003852970640363,0.0407644293750481,0.0,0.0107273117356786,0.0,0.3669455767717943,0.0,0.0,0.0,0.0067939640992633,0.0135164127869555,0.0,0.0,0.011871558320818,0.0,0.3615819209039548,0.0005721232925695,0.0022169777587069,0.0543517127941071,0.0,0.0,0.0005394158896509,0.0,0.0,0.0,0.0,0.0,0.0,0.0,0.0,0.0,0.0252369576943823,0.0,0.0188410264313785,0.0,0.0,0.0,0.0,0.0,0.0,0.0006935347152654,0.0090159512984511,0.0,0.0,0.0,0.0,0.0,0.0100177236649456,0.0,0.0077830006935345,0.0,0.0166833628727748,0.0112279196166773,0.0,0.0079371195191492,0.0,0.0021576635586036,0.0855744779224781,0.0,0.0,0.0473530091700701,0.0058950450797564,0.0,0.0,0.015604531093473,0.0022732526778145,0.0002697079448254,0.0,0.0,0.0,0.0,0.00084765354088,0.004353856823611,0.0,0.00084765354088,0.0037373815211528,0.0010403020728982,0.0031594359250981,0.0029282576866764,0.0044309162364182,0.0,0.0,0.0,0.0,0.0,0.0,0.0,0.0,0.0,0.0,0.0071665253910765,0.0090930107112583,0.0,0.0,0.0,0.0,0.0,0.0,0.0102489019033674,0.0,0.0,0.0102874316097711,0.0021961932650073,0.0022347229714109,0.0021191338522,0.0014641288433382,0.0004290924694271,0.0,0.0022732526778145,0.0,0.0,0.0,0.0,0.0,0.0015797179625491,0.0019309161124222,0.0,0.0,0.0022884931702781,0.0,0.0031466781091325,0.0,0.0,0.0,0.0030053170994837,0.0,0.0,0.0,0.0,0.0,0.0,0.0060876936117746,0.0,0.0,0.0016182476689527,0.0,0.0,0.0,0.0020806041457964,0.0016448544661374,0.0,0.0,0.0,0.0,0.0031594359250982,0.0035447329891346,0.0,0.0,0.0006164753024581,Normal
1-20,0.0,0.0,0.002129880087751,0.0,0.0034291069412792,0.0,0.0,0.0,0.0,0.0096270579966347,0.0,0.0,0.0,0.0018644838562983,0.0,0.0,0.0,0.0,0.0,0.0568252007411982,0.0,0.0,0.0,0.0012566292517731,0.0,0.0017252028710783,0.0026830377444292,0.0,0.0019807884816084,0.0029818321228514,0.0008306532342229,0.0,0.0014483184596707,0.0,0.0027285129604365,0.0,0.0,0.0,0.0,0.0043449553790121,0.0078805563246789,0.0,0.0068667576170986,0.0,0.0,0.0,0.0,0.0,0.0,0.0,0.0,0.0017678004728333,0.0,0.0,0.0,0.0033196907685311,0.0,0.0,0.0,0.0,0.0,0.0,0.0,0.0,0.0005963664245702,0.0,0.0,0.0,0.0,0.0011927328491405,0.0,0.0,0.0,0.0,0.0,0.0,0.0028540393175864,0.0201060680283698,0.0044088517816446,0.0,0.0,0.0,0.0,0.0,0.0,0.0008945496368554,0.0,0.0,0.0,0.001128836446508,0.0,0.0,0.0,0.0,0.0,0.0014057208579156,0.0,0.0,0.0,0.0,0.0023002704947711,0.0,0.0002555856105301,0.0,0.0,0.0,0.0078592575238012,0.0108836872484077,0.0,0.0,0.0017465016719557,0.0,0.0,0.0005111712210602,0.0,0.0,0.0047748976807639,0.0,0.0044110959527057,0.0,0.0040041745649717,0.0,0.0,0.0,0.0,0.0,0.0,0.0,0.0049413218035823,0.0,0.025281676641605,0.0019381908798534,0.0,0.0,0.0,0.0009371472386104,0.0,0.0,0.0,0.0,0.0007028604289578,0.0,0.2144576260356535,0.0035143021447892,0.0096057591957572,0.0,0.0,0.0091584843773295,0.0028327405167089,0.0154842282379501,0.0013631232561606,0.0,0.0,0.0,0.0128005793273838,0.0,0.0046005409895421,0.0,0.0,0.0,0.0,0.0,0.0,0.0,0.0,0.0,0.0,0.0,0.0018316968754659,0.0,0.0,0.0008519520351004,0.0107345956422651,0.0,0.0,0.0,0.0045366445869096,0.0,0.0,0.5040018190086399,0.0,0.0,0.0,0.0,0.0,0.0129604365620736,0.0,0.0,0.0,0.3651205093224191,0.0,0.0009549795361527,0.00100045475216,0.0,0.009231468849477,0.0,0.0,0.0,0.0,0.0,0.0,0.0,0.0,0.0,0.0,0.0,0.0,0.0038763817597069,0.0,0.0,0.0,0.0,0.0005750676236927,0.0074119827053735,0.0,0.0,0.0018103980745883,0.0559519499052203,0.0,0.0024919597026687,0.0,0.0003194820131626,0.0,0.0,0.0,0.0,0.0,0.0,0.0,0.0,0.0,0.0,0.0,0.0873676811995484,0.0,0.0,0.0036420949500543,0.0,0.0,0.0,0.0,0.0011927328491405,0.0,0.0,0.0,0.0,0.0,0.0,0.0,0.0,0.0,0.0,0.032587165342591,0.0317139145066131,0.0003833784157951,0.0,0.0,0.0,0.0,0.0,0.0,0.0,0.0,0.0,0.0,0.0,0.0,0.0018103980745883,0.0025345573044237,0.0,0.0001916892078975,0.0,0.0002342868096526,0.0097335520010223,0.0,0.1035547698664565,0.0004259760175502,0.0,0.0,0.0,0.0030670273263615,0.0003407808140401,0.0,0.0,0.0032800153351365,0.0,0.0,0.0,0.0039402781623394,0.0,0.0095631615940022,0.0040018190086402,0.0,0.0,0.0040927694406548,0.0,0.0,0.0,0.0,0.0,0.0,0.0,0.0,0.0,0.0,0.0086686119571468,0.0,0.0,0.0,0.0,0.0,0.0,0.0,0.0,0.0,0.0048203728967712,0.0,0.0,0.0,0.0,0.0,0.0006602628272028,0.0,0.0,0.0,Normal
1-21,0.0,0.0047026699029126,0.0,0.0001733703190013,0.0,0.0,0.0,0.0,0.0,0.0,0.0,0.0010618932038834,0.0005417822468793,0.0014427328151905,0.0,0.0,0.001126907073509,0.0,0.0,0.0,0.0,0.0,0.0,0.0,0.0029039528432732,0.0,0.0015358123516544,0.008256761442441,0.0,0.0,0.0,0.0,0.0,0.0,0.0019081304975101,0.0,0.0,0.0006501386962552,0.0,0.0,0.0,0.0,0.0037697212267882,0.0,0.0031206657420249,0.0,0.0,0.0,0.0007801664355062,0.0,0.0,0.0,0.0,0.0007151525658807,0.0,0.0020942895704379,0.0014953190013869,0.0092753120665742,0.0,0.0,0.0,0.0,0.0,0.0040308599167822,0.0,0.0004188579140875,0.0007368238557558,0.0,0.0024705270457697,0.0,0.0,0.0012352635228848,0.0102721914008321,0.0,0.0009752080443828,0.003250693481276,0.0,0.0,0.0,0.0062630027739251,0.0004334257975034,0.0,0.0,0.0,0.0,0.0,0.0,0.0003684119278779,0.0,0.0,0.0007801664355062,0.0,0.0,0.0,0.0,0.0,0.0009752080443828,0.0004984396671289,0.0,0.018637309292649,0.0112907420249652,0.0018150509610462,0.0916912274618585,0.0085601595006934,0.0003900832177531,0.0012135922330097,0.0,0.0,0.0,0.0,0.001126907073509,0.0,0.0517293689320388,0.0080183772538141,0.0,0.0,0.2158049052915714,0.0,0.0,0.0024921983356449,0.0096003814147016,0.0,0.0018637309292649,0.0,0.0,0.0010618932038834,0.0,0.0,0.0,0.0,0.1311763176144243,0.0,0.0028822815533979,0.0,0.0,0.0,0.0,0.0004334257975034,0.0007151525658807,0.0,0.0006934812760055,0.0082350901525658,0.0013436199722607,0.0,0.0002383841886269,0.0,0.0,0.0,0.0,0.0,0.0,0.0,0.0011919209431345,0.0,0.0,0.0005634535367545,0.0,0.0,0.0,0.0,0.0003684119278779,0.0034240638002773,0.0029689667128987,0.0,0.0,0.00125693481276,0.0,0.0,0.0063063453536754,0.0002817267683772,0.0014303051317614,0.0,0.0,0.0,0.0017770457697642,0.0,0.0,0.0,0.0,0.0033043235444685,0.0089356355005351,0.009121794573463,0.0,0.1941173732954809,0.0013031135104947,0.0093544934146227,0.0007911760599432,0.0,0.0,0.3691534416158605,0.0,0.0,0.0014427328151905,0.0053520733466746,0.0989435472611342,0.0,0.0,0.0005851248266296,0.0,0.0007151525658807,0.0014953190013869,0.0,0.0129377600554783,0.0,0.0,0.0004334257975034,0.0,0.0,0.0,0.0,0.000130027739251,0.0,0.0,0.0,0.0,0.0,0.0,0.0002817267683772,0.0,0.0,0.003380721220527,0.0,0.0005851248266296,0.0009318654646324,0.0,0.006393030513176,0.0,0.0032073509015256,0.0,0.0,0.0041608876560332,0.0,0.0,0.0003467406380027,0.0,0.0031423370319001,0.0052227808599167,0.0,0.00125693481276,0.0473084257975033,0.0,0.0,0.0,0.0,0.0,0.0,0.0,0.0,0.0,0.0,0.0,0.0009535367545076,0.0,0.0012786061026351,0.0,0.0123743065187239,0.0,0.0014086338418862,0.0017770457697642,0.0,0.0,0.0,0.0,0.0,0.0028606102635227,0.0,0.0,0.0009318654646324,0.0,0.0011052357836338,0.0,0.0003467406380027,0.0,0.0,0.0009752080443828,0.0,0.0,0.0,0.0,0.0050927531206657,0.0,0.0011052357836338,0.0,0.0054611650485436,0.0,0.0,0.0,0.0,0.0,0.0,0.0,0.0025131474845255,0.0110740291262135,0.002253814147018,0.0022804486433657,0.0061763176144244,0.0,0.0,0.0,0.0,0.0,0.0,0.0,0.0030716247033089,0.0,0.0,0.0015358123516544,0.0,0.0058079056865464,0.0,0.0,0.0005584772187834,0.0,0.006631414701803,0.0,0.0025131474845255,0.0,0.0,0.000758495145631,0.0,0.0,0.0,0.0,0.0,0.0,Normal
1-22,0.0,0.0,0.0,0.0,0.0,0.0,0.0,0.0,0.0,0.0013837847647565,0.0,0.0,0.0,0.0008430239765936,0.0,0.0,0.0,0.0,0.0036749693752552,0.0,0.0,0.0,0.0,0.0,0.0,0.0,0.0014380997247774,0.0,0.0003629599382968,0.0094823283880041,0.0,0.0,0.0,0.0,0.0017356375988693,0.0,0.0,0.0,0.0016333197223356,0.0,0.0,0.0,0.0033225062606927,0.0,0.0,0.0,0.0,0.0084798294116188,0.0,0.0050360691438682,0.0,0.0,0.0,0.0,0.0,0.0015372790161414,0.0,0.0,0.0,0.0,0.0149720974547434,0.0,0.0,0.0,0.0,0.0,0.0,0.0,0.0,0.0006124948958758,0.0,0.0,0.0,0.0,0.0,0.0,0.0,0.0061022639626149,0.0041286692981262,0.0,0.0,0.0,0.0,0.0,0.0,0.0029944194909486,0.0,0.0,0.0005671249035887,0.0044008892518488,0.0,0.0,0.0,0.0,0.0,0.0189419717798647,0.0,0.0,0.0035161744022503,0.0010661948187468,0.0072818837620797,0.0027026356896678,0.0001134249807177,0.0,0.0003629599382968,0.0,0.0,0.0,0.0,0.0,0.0002949049498661,0.0,0.0,0.0,0.1446168504151353,0.0,0.0012645359648905,0.0,0.0019587910044382,0.0,0.0198040016333195,0.0,0.0,0.0111383331064833,0.0,0.0,0.0,0.0,0.0,0.0,0.0015879497300485,0.0,0.0,0.0,0.0,0.0057166190281747,0.0,0.0,0.0,0.0,0.0006124948958758,0.0,0.1871058481920052,0.0,0.0,0.0011796197994646,0.0,0.0,0.0,0.0104350982260332,0.0005898098997323,0.0,0.0,0.0,0.0,0.0008166598611678,0.0079624336463862,0.0009527698380291,0.0,0.0,0.0,0.0,0.0,0.0,0.0,0.0,0.0,0.0,0.0003629599382968,0.0,0.0,0.0003175899460097,0.0011342498071775,0.0027448845333696,0.0,0.0,0.0114332380563494,0.0,0.0,0.0064714487614983,0.0007934343309116,0.0,0.0,0.0,0.0,0.0,0.0007190498623887,9.91792913639632e-05,0.0,0.1467605563958244,0.0,0.0,0.0490441595794798,0.0,0.5208152537750115,0.0,0.0005444399074452,0.0,0.0,0.0,0.0,0.0,0.0,0.0013157297763259,0.0,0.0,0.0,0.0005898098997323,0.0,0.0003856449344403,0.0,0.0,0.0007486048727371,0.0,0.0,0.0,0.0047411641940019,0.0017013747107662,0.0124965907118593,0.0,0.0,0.0,0.0,0.0,0.0,0.0,0.0,0.0,0.0,0.0,0.0,0.0,0.0,0.0960029036795062,0.0,0.0,0.0,0.0,0.0,0.0,0.0,0.0278571752642801,0.0,0.0,0.0,0.0,0.0,0.0,0.0,0.0,0.0,0.0,0.0049680141554375,0.0019509096683453,0.0030851594755228,0.0,0.0,0.0,0.0,0.0,0.0,0.0,0.0,0.0,0.0,0.0,0.0,0.0009981398303162,0.0,0.0,0.0,0.0,0.0004990699151581,0.0,0.0,0.0224354611859716,0.0075314187196587,0.0,0.005603194047457,0.0,0.0013837847647565,0.0,0.0,0.0,0.0,0.001361099768613,0.0,0.0,0.0,0.0,0.0025634045642212,0.0023059185242121,0.0,0.0,0.0017108427760283,0.0,0.0,0.0,0.0,0.0,0.0,0.0,0.0,0.0,0.0,0.0,0.0,0.0,0.0,0.0,0.0,0.0,0.0,0.0,0.0,0.0022811237013711,0.0,0.0,0.0,0.0,0.0003402749421532,0.0,0.0,0.0,0.0,Normal
1-23,0.0054014504293184,0.0019798144999892,0.0,0.0168929824183864,0.0,0.002130452559771,0.0027975639673761,0.0010544664184725,0.0,0.0,0.0,0.0002367169510856,0.0015709397662958,0.0,0.0,0.0012481439239062,0.0012051044782543,0.0200133422281521,0.0,0.0,0.0,0.0009683875271686,0.0002797563967376,0.0,0.0,0.0,0.0021414549997025,0.0,0.0,0.0110611375325485,0.0010329466956465,0.0019367750543373,0.0,0.0,0.0017250609719826,0.0,0.0,0.0005164733478232,0.0,0.0,0.0,0.0,0.0039854856938909,0.0026469259075943,0.0,0.0,0.0023886892336826,0.0001189697222056,0.0,0.0,0.0225526695216165,0.0,0.0,0.0,0.0009899072499946,0.0018440306941883,0.0,0.0098560330542942,0.0,0.0,0.0,0.0,0.0179904882825109,0.0021734920054229,0.0010544664184725,0.0004163940277199,0.0004519141793453,0.0,0.0065204760162689,0.0,0.0024532484021605,0.0,0.0016785383804256,0.0,0.0007962297445608,0.0009468678043426,0.0,0.0,0.0,0.0087370074673438,0.0,0.0007316705760829,0.0,0.0010329466956465,0.0005595127934752,0.0,0.001377262260862,0.0,0.0,0.0,0.0006240719619531,0.0014633411521659,0.0018291764402074,0.0,0.0,0.0,0.0003873550108674,0.0003873550108674,0.0,0.0092104413695151,0.0163765090705631,0.0042234251383022,0.0191740730379392,0.0015709397662958,0.0005164733478232,0.000710150853257,0.0,0.0,0.0,0.0,0.0023456497880307,0.0045191417934537,0.0,0.0264692590759431,0.0012911833695582,0.0,0.1841651299744215,0.0,0.0,0.0020658933912931,0.0195183886031544,0.0,0.0012911833695582,0.0,0.0,0.0010975058641244,0.0,0.0,0.0007316705760829,0.0011835847554283,0.0148055693042672,0.0,0.0034646753749811,0.0,0.0,0.0,0.0015709397662958,0.0002582366739116,0.0,0.0009253480815167,0.0014848608749919,0.0,0.0009468678043426,0.0,0.0,0.0,0.0039165895543265,0.0,0.0,0.0,0.0,0.0011835847554283,0.0031203598097656,0.0,0.0,0.001248143923906,0.0011835847554283,0.0,0.0009038283586907,0.0,0.0,0.0,0.0,0.0003658352880414,0.0,0.0,0.0,0.0009899072499946,0.0075319029890895,0.0003658352880414,0.0012051044782543,0.0006240719619531,0.0,0.0,0.0034001162065032,0.0019152553315113,0.0,0.012890313972756,0.0,0.0722146213788589,0.0338468859675211,0.0,0.0,0.0,0.0,0.0121943965260839,0.0139194574980667,0.0001784545833085,0.0008327880554398,0.1788114924751647,0.0002379394444113,0.04342394860508,0.0013086669442626,0.0091606686098386,0.3863541728630058,0.0017000581032516,0.0001075986141298,0.0,0.0,0.0,0.0030773203641137,0.0,0.0083711721793021,0.0,0.0004734339021713,0.0,0.0,0.0157093976629581,0.0009899072499946,0.0,0.0,0.0085218102390841,0.0,0.0,0.0025823667391164,0.0009038283586907,0.0,0.0009683875271686,0.0,0.0007962297445608,0.0,0.000688631130431,0.0,0.0055090490434483,0.002130452559771,0.1764402074501279,0.0,0.0356581807226322,0.0054726072214621,0.0011190255869503,0.0088876455271254,0.0,0.0010544664184725,0.0341087606791624,0.0010329466956465,0.0,0.0310529600378747,0.0,0.0,0.0,0.0032064387010695,0.0002151972282597,0.0036798726032408,0.0009253480815167,0.0,0.0004734339021713,0.0,0.0007962297445608,0.0162473907336073,0.0,0.0004088747336934,0.0022595708967268,0.0081129355053906,0.0080268566140866,0.0015709397662958,0.0036368331575888,0.0,0.0,0.0,0.0,0.0,0.001398781983688,0.0,0.0,0.0025823667391163,0.0,0.0,0.004928016527147,0.0,0.0,0.0,0.0,0.0,0.0,0.0031203598097656,0.0,0.0,0.0072951860380038,0.0090813230325593,0.0034861950978071,0.0016139792119477,0.0005810325163011,0.0,0.0091674019238631,0.0069293507499623,0.0,0.0,0.0,0.0,0.0,0.0,0.0023793944441139,0.0044545826249757,0.0,0.003926000832788,0.0,0.0099339718041758,0.0,0.0,0.0,0.0017430975489035,0.0,0.0,0.0087442745821188,0.0,0.0,0.0,0.0003227958423895,0.0,0.0020013342228152,0.001420301706514,0.0011302123609541,0.0,0.0,0.0057457659945339,0.0036285765272738,0.0015494200434698,0.0008392691902128,0.0,0.0,0.000667111407605,0.0023241300652047,0.0,0.0,0.0,Normal
1-24,0.0017003188097768,0.0088204038257173,0.0,0.0017711654268508,0.0,0.0,0.0,0.0035777541622387,0.0079702444208289,0.0,0.0,0.0,0.0014169323414806,0.0,0.0,0.0044987601842012,0.0013460857244066,0.0169677647892313,0.0,0.0,0.0,0.0008147360963513,0.0002479631597591,0.0,0.0046404534183492,0.0,0.0046812749003984,0.0009210060219624,0.0,0.0025859015232022,0.0,0.0,0.0004250797024442,0.0,0.0039840637450199,0.0022670917463691,0.0,0.0013460857244066,0.0,0.0,0.0,0.0,0.0058764940239043,0.0057385759829968,0.0,0.0,0.0037902940134608,0.0,0.0002479631597591,0.0,0.0,0.0,0.0,0.0019482819695359,0.0,0.0038844621513944,0.0028338646829613,0.0365922777187389,0.0,0.0,0.0,0.0,0.0011689691817215,0.0009564293304994,0.0,0.0,0.0,0.0003188097768331,0.0027275947573503,0.0,0.0,0.0011335458731845,0.0004250797024442,0.0,0.0,0.0019128586609989,0.0,0.0,0.0,0.0084307474318101,0.0,0.0,0.0,0.0015940488841657,0.0045696068012752,0.0,0.0007438894792773,0.0,0.0,0.0005667729365922,0.0,0.0,0.0,0.0,0.0,0.0015232022670917,0.0016648955012398,0.0,0.0,0.0359900814736095,0.0145944031172509,0.0010956175298804,0.0018420120439249,0.0,0.0030464045341833,0.0004959263195182,0.0,0.0,0.0,0.0,0.0012398157987956,0.0065533120793482,0.0,0.0568544102019128,0.0063761955366631,0.0017357421183138,0.1094621513944222,0.0,0.0,0.0354587318455543,0.0144172865745659,0.0004959263195182,0.0009210060219624,0.0,0.0,0.0014523556500177,0.0002125398512221,0.0,0.0009918526390364,0.0,0.0316330145235564,0.0,0.0049592631951824,0.0,0.0,0.0,0.0,0.0023025150549061,0.0,0.0,0.0030109812256464,0.0028338646829613,0.0020191285866099,0.0,0.0,0.0,0.0,0.0,0.0,0.0,0.0,0.0,0.0,0.0009564293304994,0.0,0.002054551895147,0.0006376195536663,0.0,0.0110874955720864,0.0,0.0,0.0,0.0019837052780729,0.0,0.0,0.0,0.0,0.0,0.0055260361317747,0.0003188097768331,0.0031172511512575,0.0,0.0,0.0,0.0048884165781083,0.0013106624158696,0.0,0.0004605030109812,0.0,0.0061752988047807,0.0197211155378484,0.3408366533864542,0.0002988047808764,0.0118525896414342,0.0,0.0053784860557768,0.0,0.0,0.0,0.2744023904382469,0.0,0.0,0.0023904382470118,0.0029880478087647,0.1465139442231069,0.0,0.0,0.0014169323414806,0.0013460857244066,0.0,0.0,0.0,0.0088558271342542,0.0,0.0059865391427559,0.0,0.0,0.0,0.0,0.0,0.0019482819695359,0.0008147360963513,0.0,0.0003542330853701,0.0013460857244066,0.0006021962451292,0.0,0.0009210060219624,0.0,0.0,0.0019837052780729,0.0,0.0032589443854055,0.0019482819695359,0.0,0.0223521076868578,0.0,0.0003542330853701,0.0,0.0,0.0,0.0,0.0,0.0175345377258235,0.0,0.0078285511866808,0.0124690046050301,0.0,0.0546227417640806,0.0755933404179949,0.0018774353524619,0.0,0.0075805880269217,0.0,0.0,0.0029755579171094,0.0004605030109812,0.0,0.0018774353524619,0.0,0.0013815090329436,0.0,0.0015586255756287,0.0223875309953948,0.0019128586609989,0.0181367339709528,0.0,0.0009210060219624,0.0008855827134254,0.0,0.0,0.0,0.0013106624158696,0.0,0.0008855827134254,0.0,0.0033652143110166,0.0122564647538079,0.0,0.0,0.0,0.0008147360963513,0.0,0.0,0.0023025150549061,0.0,0.0,0.0010626992561105,0.0,0.0015586255756287,0.0,0.0,0.0005976095617529,0.0072263549415514,0.0192702798441374,0.0,0.0,0.0,0.0,0.0007438894792773,0.0,0.0043824701195219,0.0049592631951824,0.0,0.0044820717131474,0.0007793127878143,0.0,0.0,0.0013944223107569,0.0,0.0011335458731845,0.004179950407368,0.0,0.0,0.0,0.0,0.0,0.0,0.002160821820758,0.0,0.0,0.0,0.0,0.0010626992561105,0.0004605030109812,0.0052788844621513,0.0010626992561105,0.0,0.0,0.0,0.0003896563939071,0.0,0.0,0.006163655685441,0.0009918526390364,Normal
1-25,0.0024,0.0006814814814814,0.0,0.000474074074074,0.0,0.0,0.0,0.0079703703703703,0.0,0.0005925925925925,0.0,0.0,0.0028148148148148,0.0,0.0030222222222222,0.0,0.0021333333333333,0.0104296296296296,0.0,0.0,0.0013925925925925,0.0,0.0005037037037037,0.0,0.0,0.0,0.0024257125530624,0.0,0.0,0.0012148148148148,0.0,0.0019555555555555,0.0,0.0,0.0022437841115827,0.0,0.0,0.0,0.0,0.0,0.0,0.0041777777777777,0.0031534263189812,0.0,0.0009777777777777,0.0,0.0026074074074074,0.0,0.0,0.0005037037037037,0.0,0.0,0.0,0.000474074074074,0.0013629629629629,0.002061855670103,0.0096,0.0016,0.0009777777777777,0.0001777777777777,0.0,0.0,0.0,0.0019259259259259,0.0,0.0,0.0010666666666666,0.0,0.003437037037037,0.0,0.0,0.013274074074074,0.0005925925925925,0.0091555555555555,0.0,0.0,0.0,0.0083555555555554,0.0015703703703703,0.0,0.0,0.0,0.0,0.0,0.0,0.0,0.0,0.0,0.0,0.0,0.0,0.0,0.0,0.0065777777777777,0.0,0.0,0.0,0.0,0.0,0.0119703703703703,0.0118814814814814,0.0,0.0712,0.0,0.0,0.0,0.0,0.0014518518518518,0.0,0.0029925925925925,0.0021629629629629,0.0,0.0,0.0036148148148148,0.1408296296296295,0.0090962962962962,0.179805942995755,0.0,0.0,0.0002666666666666,0.0037629629629627,0.0,0.0,0.0,0.0,0.0,0.0,0.0005037037037037,0.0068444444444443,0.0,0.0329185185185184,0.0,0.0139259259259259,0.0,0.0,0.0,0.0003555555555555,0.0,0.0017185185185185,0.0004444444444444,0.0005925925925925,0.0,0.0045629629629629,0.0,0.0,0.0,0.0011259259259259,0.0006518518518518,0.0,0.0,0.0,0.0,0.0,0.0008592592592592,0.0,0.0005629629629629,0.0082074074074074,0.0,0.0,0.0,0.0,0.0,0.0,0.0,0.0,0.0007703703703703,0.0,0.0,0.0004148148148148,0.0,0.0,0.0005629629629629,0.0,0.0,0.0005333333333333,0.0,0.0,0.0,0.0095815645845967,0.0085506367495451,0.5403881140084899,0.0021831412977562,0.0,0.0,0.0,0.028623408126137,0.001516070345664,0.0,0.0,0.072043662825955,0.0,0.0003638568829593,0.0,0.0010915706488781,0.020315342631898,0.0,0.0,0.0009185185185185,0.0017481481481481,0.0006814814814814,0.0,0.0,0.0002962962962962,0.0,0.0,0.0,0.0005925925925925,0.0015111111111111,0.0012148148148148,0.0,0.0,0.0,0.0,0.0004148148148148,0.0,0.0013037037037037,0.0,0.0025185185185185,0.0,0.0,0.0,0.0002074074074074,0.0,0.0,0.0048,0.0,0.0,0.0005925925925925,0.0,0.0,0.0,0.0,0.0010370370370369,0.1013925925925925,0.0015111111111111,0.0,0.0088296296296296,0.0,0.0,0.0,0.016,0.0,0.0,0.0,0.0006814814814814,0.0002074074074074,0.0,0.0,0.0,0.0,0.0,0.0,0.001274074074074,0.0,0.0,0.0054518518518518,0.0,0.0,0.0,0.0,0.0,0.0,0.0325925925925925,0.0036444444444444,0.0,0.0,0.0097777777777776,0.0640296296296296,0.0,0.0,0.0,0.0,0.0,0.0,0.0006814814814814,0.0,0.0,0.0,0.0,0.0187555555555555,0.0010666666666666,0.0005629629629629,0.0,0.0,0.0016592592592592,0.0002074074074074,0.0,0.0009777777777777,0.0,0.0,0.0021629629629629,0.0018799272286234,0.004,0.0,0.0030927835051546,0.0,0.0,0.0,0.0,0.0018666666666666,0.0038518518518518,0.0,0.0,0.0,0.0003259259259259,0.0,0.0,0.0,0.0,0.0,0.0,0.0,0.0,0.0,0.0079111111111111,0.0018192844147968,0.0,0.0,0.0,0.0,0.0,0.0030814814814814,0.0,0.0,0.0009777777777777,Normal
1-26,0.0,0.0,0.0,0.0,0.0,0.0,0.0,0.0,0.0,0.0006870848862145,0.0,0.0,0.0,0.0068640068640068,0.0,0.0,0.0,0.0,0.0,0.0012804763788544,0.0005517499843844,0.0,0.0,0.0024152074788148,0.0,0.0002498490495325,0.0,0.0,0.0,0.0,0.0,0.0,0.0,0.0,0.0,0.0004476462137458,0.0,0.0,0.0,0.0,0.0,0.0008224197880447,0.0128700128700128,0.0,0.0,0.0,0.000655853755023,0.0,0.0,0.0,0.0,0.0,0.0,0.0,0.0,0.0,0.000801599033917,0.0,0.0,0.0,0.0,0.0,0.0,0.0,0.0,0.0,0.0,0.0,0.0,0.0,0.0,0.0029044952008161,0.0,0.0,0.0,0.0,0.0078077827978929,0.0,0.0,0.0,0.0,0.0,0.0,0.0,0.0,0.0,0.0,0.0,0.0,0.0,0.0,0.0,0.0,0.000364363197235,0.0,3.123113119157176e-05,0.0001665660330217,0.0,0.0,0.0,0.0,0.0,9.369339357471528e-05,0.0002394386724687,0.0005517499843844,0.0,0.001821815986175,0.000437235836682,0.0,0.0005621603614482,0.0126486081325865,0.0,0.0,0.0,0.0,0.0,0.004075504075504,0.0,0.0,0.0011867829852797,0.0009681650669387,0.0,8.328301651085802e-05,0.0,0.0,0.0004892877220012,0.0262549709550479,0.0,0.0167502966957463,0.0,0.2394282620916529,0.0,0.0010514480834495,0.0045805659080971,0.0,0.0,0.0,0.0005205188531928,0.0,0.0,0.0,0.0,0.0013325282641737,0.0,0.0,0.0,0.0,0.0,0.000364363197235,0.0,0.0,0.0008848820504278,0.0,0.0,0.0,0.0,0.0,0.0,0.0,0.0,0.0,0.0,5.2051885319286265e-05,0.0,0.0,0.0,0.0,0.0,0.2428845072768535,0.000145745278894,0.0,0.0,0.0022486414457931,0.0,9.369339357471528e-05,0.0,0.0,0.0,0.0,0.1668811668811666,0.0120120120120119,0.0,0.0,0.0,0.0,0.0,0.0,0.0,0.0,0.0308880308880308,0.0,0.0,0.1134706134706133,0.0049335049335049,0.4517374517374515,0.0,0.0,0.0008432405421724,0.0003539528201711,0.0,4.164150825542901e-05,0.0,0.0001665660330217,0.0,0.0009265235586832,0.0006662641320868,0.0,0.0003019009348518,0.0012180141164712,0.0,0.0001873867871493,0.0,0.0,0.0247662870349162,0.0,0.0031855753815402,0.0,0.0,0.0,0.0039871744154573,0.0,0.0007599575256615,0.0,0.0,0.0,0.0,0.0,0.0,0.0,0.0,0.0,0.0,9.369339357471528e-05,0.0002498490495325,0.0,0.0,0.0007703679027254,0.0,0.0,0.0,0.0,0.0,0.00291490557788,0.0,0.0,0.0010306273293218,0.0,0.0,0.0,0.0,0.0,0.0,0.0105769430968788,0.0009161131816194,0.0,0.0,0.0,0.0,0.0,0.0,0.0,0.0,0.0,0.000874471673364,0.0,0.0,0.0,0.0001353349018301,0.0,0.0,0.0,0.0,0.0,0.0,0.0,0.0,0.0,0.0001249245247662,0.0,0.0021549480522184,0.0001873867871494,0.0,0.0,0.0005413396073205,0.0,0.0,0.0,0.0002602594265964,0.0,0.0,0.0,0.0,0.0013221178871098,0.0,0.0111540111540111,0.0,0.0,0.0,0.0,0.0,0.0002810801807241,0.0,0.0,0.0,0.0,0.0,0.0,0.0,0.0,0.0,0.0,0.0,0.0,0.0,0.0,0.0,0.0,0.0,0.0,0.0,0.0,0.0,0.0,0.0,0.0,Normal
1-27,0.0,0.0,0.0060203010150507,0.0,0.0061463073153657,0.0,0.0,0.0,0.0,0.0009660483024151,0.0002800140007,0.000294014700735,0.0,0.0,0.0,0.0,0.0,0.0,0.0,0.0,0.0,0.0,0.0,0.0044662233111655,0.0,0.0547147357367868,0.0199386503067484,0.0,0.0009240462023101,0.0069163458172908,0.0014280714035701,0.0,0.0076443822191109,0.0,0.0,0.0,0.0,0.0,0.0,0.0045642282114105,0.0202590129506475,0.0,0.0,0.0,0.0,0.0,0.0,0.0,0.0,0.0,0.0,0.00053202660133,0.0,0.0,0.0,0.0,0.0,0.0,0.0,0.0,0.0,0.0,0.0,0.0,0.00036401820091,0.0,0.0,0.0,0.0,0.0,0.0,0.0,0.0,0.0,0.0,0.0,0.0042562128106405,0.0087504375218759,0.0039061953097654,0.0,0.0,0.0,0.0018340917045851,0.0,0.0,0.0105005250262513,0.0,0.0,0.00072803640182,0.0036821841092054,0.0,0.0,0.0,0.0,0.0,0.0008120406020301,0.0,0.0,0.0,0.000546027301365,0.0075463773188659,0.0,0.0,0.0,0.0,0.0,0.0076303815190758,0.0009100455022751,0.0,0.0,0.000770038501925,0.0,0.0,0.0,0.0540427021351066,0.0,0.0143149284253578,0.0,0.030163599182004,0.0,0.0587189359467971,0.0,0.0,0.0,0.0012320616030801,0.0,0.0,0.0,0.0023241162058102,0.0,0.0031221561078053,0.0012600630031501,0.0,0.000658032901645,0.0,0.0,0.0,0.0,0.0,0.0,0.000742037101855,0.0,0.2821001050052497,0.0,0.0395659782989149,0.0046202310115505,0.0,0.0,0.0,0.0095064753237661,0.0,0.0,0.0,0.0,0.0,0.0,0.0147287364368218,0.0020581029051452,0.0,0.0,0.0,0.0,0.0,0.0019460973048651,0.0,0.0,0.0041022051102555,0.0,0.000294014700735,0.0,0.0,0.00033601680084,0.0053062653132655,0.0,0.0,0.0,0.0,0.0,0.0,0.8231083844580775,0.0189161554192229,0.0,0.0,0.0,0.0,0.0,0.0,0.0,0.0,0.0189161554192229,0.0,0.0,0.0,0.0,0.0204498977505112,0.0,0.0020441022051102,0.0,0.0,0.0,0.0,0.0,0.0,0.0011340567028351,0.0,0.0,0.0,0.0,0.0,0.0,0.0,0.0,0.000742037101855,0.0065663283164157,0.0,0.0,0.0081624081204059,0.0235071753587678,0.0,0.000630031501575,0.0,0.0,0.0,0.0,0.0,0.0,0.0,0.0,0.0,0.0,0.0,0.0,0.0,0.0565348267413367,0.0,0.0,0.0139026951347567,0.0,0.0,0.0,0.0,0.0021841092054602,0.0,0.0,0.0,0.0,0.0,0.0,0.0,0.0182849142457122,0.0,0.0,0.0170528526426321,0.0027721386069303,0.0,0.0,0.00047602380119,0.0,0.0,0.0,0.0025481274063702,0.0,0.0,0.0,0.0,0.0,0.0,0.0,0.0058942947147356,0.0,0.0040882044102205,0.0,0.0,0.0011900595029751,0.0,0.0039761988099404,0.0133706685334266,0.0,0.0031641582079103,0.0,0.0056142807140357,0.00014000700035,0.0,0.0,0.001414070703535,0.0,0.0,0.0,0.0,0.0,0.0154147707385369,0.0189161554192229,0.0,0.0,0.0,0.0,0.0,0.0,0.0,0.0,0.0,0.0,0.0,0.0,0.0,0.0013580679033951,0.0,0.0048722436121806,0.0,0.0,0.0,0.0,0.0,0.0,0.0,0.0122699386503067,0.0,0.0,0.0,0.0,0.0,0.0021001050052502,0.0,0.0,0.0,Normal
1-28,0.0,0.0,0.0065215837621498,0.0,0.0,0.0,0.0,0.0,0.0,0.0015008576329331,0.0006253573470554,0.0,0.0,0.0020600353148911,0.0,0.0,0.0,0.0,0.0,0.0,0.0,0.0,0.0,0.0,0.0,0.0106310748999428,0.0031636256621542,0.0,0.0,0.0110598913664951,0.0,0.0,0.0022870211549456,0.0,0.0029429075927015,0.0,0.001447255574614,0.0,0.001393653516295,0.0091480846197827,0.0165987707261292,0.0,0.0059593878752207,0.0,0.0,0.0,0.0,0.0012507357268981,0.0,0.0009827044025157,0.0,0.0016080617495711,0.0,0.0,0.0,0.0022071806945261,0.0,0.0,0.0,0.0,0.0100950543167524,0.0,0.0,0.0,0.0004109491137793,0.0,0.0,0.0,0.0,0.0013400514579759,0.0,0.0,0.0,0.0,0.0,0.0,0.0,0.0095590337335618,0.0021083476272155,0.0,0.0,0.0,0.016348627787307,0.0,0.0,0.0,0.0,0.0,0.0002322755860491,0.0043596340766152,8.933676386506575e-05,0.0,0.0,0.0,0.0,0.009630503144654,0.0,0.0,0.0005717552887364,0.0,0.0058426243567752,0.0,0.0003394797026872,0.0,0.0,0.0,0.005538879359634,0.0047705831903945,0.0,0.0,0.0005896226415094,0.0,0.0,0.0,0.0076829616923956,0.0,0.033402001177163,0.0,0.0250147145379634,0.0,0.0377001143510574,0.0,0.0,0.0005896226415094,0.0003037449971412,0.0,0.0,0.0,0.0048420526014865,0.0,0.0060570325900514,0.0,0.0,0.0,0.0,0.0012149799885648,0.0,0.0,0.0,0.0,0.0003573470554602,0.0,0.2102987421383635,0.0035734705546026,0.0175993424814179,0.0018760720411663,0.0,0.0007682961692395,0.0,0.0137578616352201,0.0019832761578043,0.0,0.0,0.0,0.0006610920526014,0.0,0.0108812178387648,0.0,0.0,0.0,0.0,0.0,0.0,0.0001965408805031,0.0,0.0,0.0,0.0,0.0006968267581475,0.0,0.0,0.0004645511720983,0.0018582046883933,0.0,0.0,0.0,0.0043596340766151,0.0,0.0,0.2606680400235431,0.0017657445556209,0.0,0.0,0.0,0.0,0.0,0.0074308416715715,0.0,0.0,0.3528546203649202,0.0,0.0005150088287227,0.0031636256621542,0.0,0.2040906415538551,0.0,0.0002144082332761,0.0,0.0,0.0,0.0,0.0,0.0,0.0006253573470554,0.0,0.0,0.0,0.0031089193825042,0.0,0.0,0.0,0.0,0.0004824185248713,0.0012507146941108,0.0,0.0,0.005449542595769,0.0114708404802744,0.0013978811065332,0.0007146941109205,0.0,0.0,0.0,0.0,0.0,0.0,0.0,0.0,0.0,0.0,0.0,0.0,0.0,0.1354345340194394,0.0,0.0,0.0169382504288164,0.0,0.0,0.0,0.0,0.0152408519153801,0.0,0.0,0.0,0.0,0.0,0.0,0.0,0.0,0.0,0.0,0.0171169239565465,0.0310713264722697,0.0,0.0,0.0,0.000125071469411,0.0,0.0,0.0,0.0,0.0,0.0,0.0,0.0,0.0,0.0052530017152657,0.0003573470554602,0.0,0.0004824185248713,0.0,0.0003930817610062,0.005467409948542,0.0,0.0020904802744425,0.0033590623213264,0.0,0.0021083476272155,0.0,0.001447255574614,0.0003394797026872,0.0,0.0,0.0042881646655231,0.0,0.0,0.0,0.0,0.0,0.0096841052029731,0.0045615067686874,0.0005717552887364,0.0,0.0042672160094173,0.0,0.0,0.0,0.0,0.0,0.0,0.0,0.0,0.0,0.0,0.0012328473413379,0.0,0.0066287878787878,0.0,0.0,0.0,0.0,0.0,0.0,0.0,0.0030164802825191,0.0,0.0,0.0,7.357268981753973e-05,0.0,0.0034483990851915,0.0,0.0,0.0,Normal
1-29,0.0020066889632107,0.0,0.0,0.0030471943515421,0.0,0.0,0.0,0.0011891490152359,0.0,0.0025641025641025,0.0,0.0,0.0062430323299888,0.0,0.0,0.0,0.0,0.0495726495726495,0.0013006317354143,0.0,0.0,0.0,0.0,0.0,0.0048680787811222,0.0,0.0005992808629644,0.0,0.0,0.0433667781493868,0.0004087699739873,0.0,0.0,0.0,0.0,0.0,0.0,0.0,0.0,0.0,0.0,0.0,0.0048941270475429,0.0,0.0,0.0078905313623651,0.0,0.0002996404314822,0.0,0.0,0.0017837235228539,0.0,0.0110739502043849,0.0,0.001226309921962,0.0028965241709948,0.0,0.0,0.0,0.0,0.0,0.0,0.0,0.0,0.0,0.0,0.0,0.0,0.0,0.0,0.0,0.0,0.0013749535488665,0.0015979189892233,0.0,0.0,0.0,0.0008547008547008,0.001523597175771,0.0006688963210702,0.0,0.0,0.0,0.0,0.0039390561129691,0.0,0.0016350798959494,0.0,0.0,0.0010405053883314,0.0,0.0004830917874396,0.0,0.0,0.00182088442958,0.0002229654403567,0.0,0.0,0.0,0.0362690449646969,0.0163136380527683,0.0052936476228525,0.0087699739873652,0.0,0.0,0.0,0.0,0.0,0.0,0.0,0.0021553325901151,0.015570419918246,0.0014121144555927,0.055109624674842,0.0162021553325901,0.0,0.1975629244906112,0.0,0.0,0.0008547008547008,0.0257525083612037,0.0,0.0,0.0,0.0,0.0033816425120772,0.0,0.0,0.0020810107766629,0.0,0.0130063173541434,0.0,0.0,0.0,0.0,0.0,0.0,0.0,0.0,0.0,0.0017837235228539,0.0,0.0073578595317724,0.0,0.0,0.0,0.0,0.0,0.0,0.0,0.0,0.0,0.0,0.0002972872538089,0.0,0.0060200668896319,0.0105165366034929,0.0,0.0,0.0,0.0,0.0,0.0,0.0,0.0,0.0,0.0,0.0,0.0,0.0,0.0,0.0,0.0,0.0038647342995169,0.0004459308807134,0.0005574136008918,0.0,0.0094017094017092,0.0,0.0194766280463441,0.3215141829804233,0.0211745904914103,0.0,0.0,0.0,0.0087894526568117,0.0070914902117459,0.0,0.0,0.1493208150219735,0.0,0.0355573312025569,0.0015980823012385,0.0017978425888933,0.1625049940071911,0.0,0.0008175399479747,0.0,0.0,0.0,0.0,0.0,0.0,0.0,0.0,0.0,0.0014864362690449,0.0052396878483835,0.0,0.0131178000743218,0.0,0.0,0.0,0.0008918617614269,0.0,0.0007432181345224,0.0075436640654031,0.0052396878483835,0.0,0.001226309921962,0.0,0.0003344481605351,0.0,0.0056484578223708,0.0,0.0595689334819769,0.0,0.0076179858788553,0.0064922093487814,0.0005574136008918,0.0003716090672612,0.0,0.0020438498699368,0.0813452248234856,0.0,0.0,0.0054998141954663,0.0,0.0017837235228539,0.0,0.031475287997027,0.0039018952062428,0.0,0.0,0.0,0.0,0.0,0.0016350798959494,0.0136008918617614,0.0,0.0017465626161278,0.0,0.00182088442958,0.0092530657748046,0.0049424005945745,0.0080267558528428,0.0,0.0,0.0,0.0,0.0,0.0,0.0,0.0022668153102935,0.0,0.0,0.0007432181345224,0.0419175027870677,0.0,0.0,0.0,0.0,0.0,0.0,0.0079152731326644,0.0,0.0006688963210702,0.0,0.0078409513192121,0.0072463768115941,0.001523597175771,0.0013377926421404,0.0,0.0007803790412486,0.0007803790412486,0.0,0.0,0.0,0.0010033444816053,0.0,0.0064288368636194,0.0024970035956851,0.0028242289111854,0.0,0.0040950858969236,0.0,0.0087894526568118,0.0014492753623188,0.0,0.0,0.0,0.0,0.0,0.0,0.0,0.0,0.0,0.027870680044593,0.0003716090672612,0.0,0.0044593088071348,0.0,0.0,0.0,0.003010033444816,0.0034958050339592,0.0,0.0,0.0,0.0,0.0064288368636194,0.003010033444816,0.0,0.0,0.0,Normal
1-3,0.0051467199262559,0.0027141906078762,0.0,0.0016643621652071,0.0014083064474829,0.0,0.0,0.0100885952783325,0.0006401392943104,0.0020228401700209,0.0,0.0,0.0075792492446356,0.0027851140456182,0.0,0.0010242228708967,0.0008961950120346,0.0318277257131151,0.0,0.0,0.0019204178829313,0.0013827008757105,0.0,0.0,0.0015107287345726,0.0,0.0034573829531812,0.0,0.0,0.0023045014595175,0.0007169560096276,0.0,0.0,2.4009603841536614e-05,0.0044657863145258,0.0004609002919035,0.0,0.0010498284426691,0.000128027858862,0.0,0.0,0.0,0.0093637454981992,0.0,0.0098837507041532,0.0,0.0,0.0,0.0,0.0036103856199108,0.0022020791724279,0.0,0.0,0.0,0.0019972345982485,0.0048259303721488,0.0,0.0058380703641112,0.000614533722538,0.0,0.0,0.0,0.0024325293183796,0.0,0.0,0.0,0.0,0.0,0.0033543299021867,0.0,0.0,0.0,0.0016387565934347,0.0051723254980283,0.0016131510216623,0.0019972345982485,0.0,0.0,0.0,0.0020740513135658,0.0,0.0011778563015312,0.0,0.0006913504378552,0.0009730117273518,0.0,0.0004609002919035,0.0,0.0,0.0007681671531725,0.0006657448660828,0.0,0.0,0.0,0.0208685409945204,0.0006657448660828,0.0005377170072207,0.0,0.0,0.03103395298817,0.0141342756183744,0.006626650660264,0.0196138679776719,0.0,0.0002048445741793,0.0004352947201311,0.0,0.0,0.0,0.0,0.0013570953039381,0.0,0.002944640753828,0.0794028780662672,0.0795821170686741,0.0061709427971525,0.1907803121248497,0.0,0.0020408163265306,0.0019972345982485,0.0274235673682587,0.0,0.0008705894402622,0.0,0.0,0.0,0.0,0.0,0.0021764736006555,0.0,0.0312644031341219,0.0,0.0007425615814001,0.0,0.0,0.0,0.0006657448660828,0.0002304501459517,0.001229067445076,0.0093716392687047,0.0018948123111589,0.0,0.0005633225789931,0.0,0.0,0.0,0.0,0.0,0.0,0.0,0.0,0.0,0.0,0.0009730117273518,0.0,0.0046090029190351,0.0007937727249449,0.0,0.0,0.0060173093665181,0.0,0.0,0.0006657448660828,0.0,0.0,0.0006401392943104,0.0,0.0007169560096276,0.0023557126030624,0.000307266861269,0.0,0.0006657448660828,0.0,0.0071183489527321,0.0044553694884006,0.0,0.0006657448660828,0.0186408562503199,0.0005762304921968,0.0189195678271304,0.0415366146458583,0.0306362545018007,0.0,0.0,0.0,0.0024489795918367,0.0018727490996398,0.0,0.0002641056422569,0.0904201680672266,0.0,0.2119567827130852,0.0026650660264105,0.0109003601440575,0.0837454981992793,0.0,0.0,0.0015107287345726,0.0009986172991242,0.0004352947201311,0.0103958621396015,0.0,0.0024581348901519,0.0,0.0006401392943104,0.0006657448660828,0.0040456803400419,0.0008193782967173,0.0,0.0,0.0,0.0,0.0,0.0,0.0002304501459517,0.0042761304859936,0.0,0.0306754749833563,0.0,0.0,0.0010498284426691,0.0,0.0,0.009934961847698,0.0,0.0002048445741793,0.0,0.0063501817995595,0.0034813925570228,0.0,0.0,0.0,0.0022788958877451,0.0422235878527167,0.0011266451579863,0.0,0.0138782199006503,0.0071695600962769,0.0072719823833666,0.0114969017258155,0.0040968914835866,0.00540277564398,0.0030982741844625,0.0,0.0,0.0006401392943104,0.0002048445741793,0.0018179955958416,0.0037384134787729,0.0,0.0016899677369795,0.0,0.0005889281507656,0.0121882521636707,0.0014083064474829,0.0121882521636707,0.0,0.0009730117273518,0.0,0.0,0.0,0.0021764736006555,0.0038152301940902,0.0,0.0008449838684897,0.0,0.0097301172735187,0.0421979822809441,0.0,0.0003840835765862,0.0,0.0009730117273518,0.0,0.0,0.0016131510216623,0.0,0.0,0.0035079633328212,0.0,0.0069647155220976,0.0005633225789931,0.0,0.0,0.0023813181748347,0.0037128079070005,0.0021252624571106,0.0,0.0005633225789931,0.0,0.0,0.0,0.0060744297719087,0.003866441337635,0.0,0.0050420168067226,0.0,0.0,0.0,0.0,0.0006657448660828,0.0037896246223178,0.0,0.0,0.0,0.0011010395862139,0.0,0.0,0.0,0.0,0.0,0.0,0.0,0.0,0.0,0.0040456803400419,0.0060744297719087,0.0009474061555794,0.0,0.0,4.801920768307323e-05,0.0016387565934347,0.0060941260818354,0.0032775131868694,0.0001792390024069,0.0007169560096276,Normal
1-30,0.0297380147267958,0.0021805770628575,0.0,0.0012325000790064,0.0,0.0,0.0,0.0079006415320924,0.0,0.0,0.0,0.0,0.0,0.0,0.0029390386499383,0.0,0.0017065385709319,0.0,0.0,0.0,0.0022753847612426,0.0018645514015738,0.0,0.0,0.0037291028031476,0.0,0.0012730744748567,0.0,0.0,0.0,0.0,0.0,0.0,0.0,0.0,0.0,0.0,0.0,0.0,0.0,0.0,0.000347628227412,0.0073201782304264,0.0022121796289858,0.0037923079354043,0.0,0.0,0.0,0.0,0.0,0.0052776285434377,0.0,0.0017381411370603,0.0,0.0,0.0028644175684277,0.0048351926176405,0.0658281452453939,0.0,0.0007584615870808,0.0,0.0,0.0019593590999589,0.003255064311222,0.0,0.0018300445576066,0.0010428846822361,0.0018645514015738,0.0041399361628164,0.0,0.0028442309515532,0.0234175015011218,0.0014853206080333,0.0,0.0,0.0,0.0,0.0,0.0,0.0,0.0,0.0,0.0,0.000347628227412,0.0,0.0,0.0002212179628985,0.0,0.0,0.0,0.0003160256612836,0.0,0.0,0.0,0.0,0.0004424359257971,0.0004424359257971,0.0,0.0,0.0109976930126725,0.0059728849982617,0.0009548058561425,0.0378282716556584,0.0,0.0,0.0008532692854659,0.0,0.0013905129096482,0.0,0.0010744872483645,0.001453718041905,0.0,0.0077110261353221,0.1888885377492652,0.0001896153967702,0.0115665392029832,0.2554901336728198,0.0,0.0,0.0014853206080333,0.0008848718515943,0.0002212179628985,0.0,0.0,0.0,0.0,0.0,0.0038871156337894,0.0,0.0,0.0085010902885312,0.0,0.0123882059223208,0.0,0.0,0.0,0.0002528205290269,0.0002844230951553,0.0,0.0,0.0,0.0008848718515943,0.0,0.0,0.0,0.0,0.0010744872483645,0.0,0.0,0.0,0.0,0.0,0.0,0.0,0.0,0.0,0.0015169231741617,0.0,0.0,0.0,0.0,0.0,0.0,0.0,0.0,0.0,0.0,0.0,0.0055936542047214,0.0,0.0,0.0017697437031886,0.0,0.0,0.0,0.0004424359257971,0.0,0.001453718041905,0.0,0.0060471037555696,0.3415022278803307,0.0,0.0010343730108211,0.0011139401654996,0.0,0.0373965626989176,0.0011139401654996,0.0,0.0027848504137491,0.151257161043921,0.0,0.0,0.005808402291534,0.0034213876511775,0.079248886059834,0.0,0.0,0.0008848718515943,0.0011060898144929,0.0017381411370603,0.0002844230951553,0.0,0.0015169231741617,0.0,0.0,0.0,0.0,0.0015801283064184,0.0011376923806213,0.0,0.0,0.0,0.0,0.0,0.0,0.0,0.0,0.0,0.0,0.0,0.0,0.0,0.0,0.0013905129096482,0.0,0.0213949372689062,0.0014221154757766,0.0,0.0,0.0,0.0007268590209525,0.0013273077773915,0.0006636538886957,0.000600448756439,0.0002212179628985,0.0,0.0563157728407546,0.0,0.0132414752077868,0.0,0.0,0.0,0.0,0.0,0.000600448756439,0.0,0.0,0.0,0.0,0.0,0.0,0.0,0.0,0.002401795025756,0.0,0.0065417311885723,0.0,0.0,0.0,0.0,0.0,0.00290743608381,0.0056252567708497,0.0,0.0,0.0091331416110988,0.0017065385709319,0.013431090604557,0.0,0.0,0.0,0.0,0.0,0.0,0.0,0.0,0.0,0.0036342951047625,0.0,0.0096703852352811,0.0,0.0,0.0,0.0012957052112631,0.0086275005530449,0.0,0.0,0.0,0.0,0.0053724362418228,0.0,0.0027848504137492,0.0132414752077868,0.0,0.0042966263526416,0.0,0.0,0.0,0.0,0.0023701924596277,0.0017697437031886,0.0,0.0,0.0011935073201782,0.0,0.0,0.000159134309357,0.0,0.0,0.0,0.0,0.0541056651814131,0.0,0.0,0.0014853206080333,0.0031031190324633,0.0018961539677021,0.0,0.0,0.0,0.0,0.0,0.0,0.0,0.0,Normal
1-31,0.0,0.0,0.0055083141116122,0.0011705167487175,0.0,0.0,0.0,0.0,0.0,0.0021344717182497,0.00113608978552,0.0,0.0,0.0014150347441566,0.0,0.0,0.0,0.0,0.0,0.0237201776431301,0.0,0.0,0.0,0.0064034151547491,0.0,0.0067476847867249,0.0018193303853442,0.0,0.0004475505215684,0.0037181120253382,0.001377078527903,0.0,0.0011705167487175,0.0,0.0017687934301958,0.0,0.0,0.0,0.00454435914208,0.0,0.0089165834681722,0.0,0.0037650031585596,0.0,0.0,0.0,0.0,0.0031838281743524,0.0,0.0,0.0,0.0011016628223224,0.0,0.0,0.0,0.0021730890713834,0.0,0.0,0.0,0.0,0.0,0.0,0.0,0.0,0.0007229662271491,0.0,0.0,0.0,0.0,0.0,0.0,0.0,0.0,0.0,0.0,0.0,0.0002754157055806,0.007539504940269,0.0009983819327297,0.0,0.0,0.0,0.0210693014769167,0.0,0.0,0.0082624711674183,0.0,0.0,0.0,0.0022033256446448,0.0,0.0,0.0,0.0,0.0,0.0016524942334836,0.0,0.0,0.0,0.0,0.00681653871312,0.000454832596336,0.0,0.0,0.0,0.0,0.008124763314628,0.0029607188349915,0.0,0.0,0.0,0.0,0.0,0.0,0.0046476400316728,0.0,0.001238155401137,0.0,0.0,0.0,0.0157675491444895,0.0,0.0,0.0,0.0,0.0,0.0,0.0,0.0099149654009019,0.0,0.0058870107067855,0.0011016628223224,0.0,0.0,0.0,0.0012737976383103,0.0,0.0,0.0,0.0,0.0008262471167418,0.0,0.1675904568458013,0.0,0.0058870107067855,0.0030984266877818,0.0,0.0053017523324267,0.0016524942334836,0.0010328088959272,0.0,0.0,0.0,0.0,0.0006196853375563,0.0015147863806933,0.0,0.0004475505215684,0.0,0.0,0.0,0.0,0.0,0.0,0.0,0.0,0.0058181567803904,0.0,0.0001032808895927,0.0,0.0,0.0044066512892897,0.0009295280063345,0.0,0.0,0.0,0.0004475505215684,0.0,0.0,0.1150221099178768,0.0012634238787112,0.0003537586860391,2.5268477574226153e-05,0.0003284902084649,0.0,0.0107896399241945,0.0,0.0001263423878711,0.0,0.0102842703727099,0.0,0.000227416298168,0.6547820593809223,0.0,0.0085660138976626,0.0,0.0068853926395152,0.0,0.0,0.0,0.0,0.0,0.0,0.0010672358591248,0.0,0.0,0.0,0.0033394154301649,0.0014803594174957,0.0,0.0,0.0,0.0,0.0006885392639515,0.0,0.0,0.0012737976383103,0.2399903604503045,0.0,0.0160773918132681,0.0,0.0017902020862739,0.0,0.0,0.0,0.0,0.0,0.0,0.003689197725837,0.0,0.0,0.0,0.0,0.0006196853375563,0.0,0.0,0.066065342376149,0.0,0.0,0.0,0.0,0.0023066065342376,0.0,0.0,0.0,0.0,0.0,0.0,0.0,0.0024443143870279,0.0,0.0,0.0352876372775155,0.0109133473336317,0.0,0.0,0.0019967638654594,0.0,0.0,0.0007573931903466,0.0,0.0,0.0,0.0,0.0,0.0,0.0,0.0,0.0,0.0,0.0015836403070885,0.0,0.0,0.0217578407408682,0.0,0.06320790443075,0.0,0.0,0.0,0.0,0.0007229662271491,0.0003442696319757,0.0002779532533164,0.0,0.0,0.0,0.0,0.0,0.0,0.0,0.0033738423933624,0.0024510423246999,0.0,0.0,0.0024763108022741,0.0,0.0,0.0,0.0,0.0,0.0,0.0,0.0088133025785795,0.0,0.0,0.0066444038971322,0.0,0.0075395049402692,0.0,0.0,0.0,0.0,0.0029262918717939,0.0,0.0,0.0027037271004421,0.0,0.0,0.0,2.5268477574226153e-05,0.0,0.0008606740799394,0.0,0.0,0.0,Normal
1-32,0.0263369521511861,0.0061318858061921,0.0,0.001239780190323,0.0,0.0,0.0,0.0131014609301702,0.0008041817450743,0.0004355984452486,0.0,0.0006031363088057,0.0020439619353973,0.0011513642327362,0.0007371665996515,0.0006366438815172,0.0,0.0060313630880579,0.0,0.0,0.0,0.0012732877630344,0.0013738104811687,0.0,0.0027811285350489,0.0,0.0024633839398077,0.0,0.0,0.0004355984452486,0.0007371665996515,0.0,0.0,0.0002409832115029,0.0021420729911371,0.0,0.0,0.0007706741723629,0.0,0.0,0.0,0.0,0.0042573700698851,0.0087789840503953,0.0,0.0001874313867245,0.0032167269802975,0.0001606554743352,0.0,0.0,0.004724567752312,0.0,0.0,0.0,0.00070365902694,0.0028114708008675,0.0149778850020104,0.0782401822811955,0.0,0.0006366438815172,0.0,0.0027811285350489,0.0035518027074118,0.0016753786355716,0.0,0.0001071036495568,0.0,0.0030826966894518,0.0078742795871867,0.0,0.0015748559174373,0.0057968100790778,0.0018429164991288,0.0,0.0014408256265916,0.0008376893177858,0.0,0.0,0.0,0.0,0.0,0.0009717196086315,0.0,0.0016418710628602,0.0,0.0,0.0008041817450743,0.0,0.0,0.0005361211633829,0.0,0.0,0.002479560380646,0.0,0.0,0.0001675378635571,0.0012732877630344,0.0,0.0,0.0216123843988741,0.0086784613322609,0.0052748547406751,0.0223830585712371,0.0011057498994772,0.0,0.0006366438815172,0.0,0.0,0.0,0.0,0.0011392574721887,0.0,0.0045570298887548,0.1682750301568153,0.0101863021042755,0.0076397265782064,0.1606019225105094,0.0002409832115029,0.0,0.0046575526068891,0.0061653933789035,0.0001340302908457,0.00070365902694,0.0,0.0,0.0,0.0,0.0044229995979091,0.0006701514542286,0.0,0.0271411338962605,0.0,0.0160166197560647,0.0,0.0008041817450743,0.0,0.0006366438815172,0.00070365902694,0.0,0.0012062726176115,0.0007706741723629,0.0029821739713175,0.00070365902694,0.0,0.0,0.0,0.0,0.0,0.0,0.0,0.0,0.0,0.002948666398606,0.0006031363088057,0.0,0.0005026135906714,0.0,0.0,0.0,0.0,0.0,0.0,0.0002680605816914,0.0,0.0,0.0004020908725371,0.0,0.0,0.0085109234687039,0.0003015681544028,0.0,0.0,0.0,0.0,0.0030826966894518,0.0010722423267658,0.0,0.0017759013537059,0.0,0.018769914584839,0.120545157576244,0.0741960532305138,0.0004016386858382,0.0013655715318499,0.0009371569336225,0.0556938977695664,0.0010442605831793,5.3551824778429326e-05,0.0024633839398077,0.1704554582697402,0.0,0.0002677591238921,0.0025169357645861,0.0036682999973222,0.3125552253193021,0.0,0.0,0.0013738104811687,0.0010722423267658,0.0,0.0015413483447259,0.0,0.0083433856051466,0.0,0.0009382120359201,0.0,0.0056292722155207,0.0,0.0,0.0,0.0,0.0,0.0,0.0,0.0009382120359201,0.0,0.0,0.0005026135906714,0.0,0.0,0.0,0.0,0.0,0.0021444846535316,0.0058973327972121,0.0080083098780323,0.0007371665996515,0.0186302104275565,0.0008568291964548,0.0041884465889289,0.0011727650449001,0.0007371665996515,0.0056962873609435,0.0038868784345262,0.0010387347540544,0.0,0.0092815976410668,0.0,0.0055287494973863,0.0219474601259884,0.0059978555153462,0.0,0.0,0.0,0.0019769467899745,0.0,0.0041214314435062,0.0,0.0,0.0,0.0,0.0,0.0017423937809945,0.0104543626859668,0.0025800830987803,0.0128669079211901,0.0,0.0005361211633829,0.0,0.0,0.0,0.0013403029084573,0.0022450073716659,0.0,0.0,0.1038734754054416,0.0018429164991288,0.0100522718134297,0.0,0.0,0.0,0.0,0.0,0.0,0.0034177724165661,0.0,0.0,0.0027476209623374,0.0,0.0020774695081087,0.0,0.0002680605816914,0.0002409832115029,0.0028481436804717,0.00070365902694,0.0,0.0,0.0,0.0,0.002714113389626,0.0,0.0035076445229871,0.0036523254255461,0.0,0.0032666613114841,0.0,0.0,0.0,0.0,0.0,0.0032837421257204,0.0,0.0,0.0005355182477842,0.0,0.0,0.0001071036495568,0.0,0.0,0.0017759013537059,0.0,0.0007229496345087,0.0,0.001474333199303,0.0014073180538801,0.0028114708008675,0.0041214314435062,0.0,0.0003350757271143,5.3551824778429326e-05,0.0,0.0011727650449001,0.0,0.0,0.0004020908725371,Normal
1-33,0.0,0.0,0.0,0.0,0.0,0.0,0.0,0.0,0.0,0.0,0.0,0.0004529718186818,0.0,0.0012603718096838,0.0,0.0,0.0,0.0,0.0,0.0,0.0,0.0042708771475717,0.0,0.0,0.0038826155887015,0.0,0.0024997374225396,0.0013265603261397,0.0,0.0,0.0,0.0,0.0,0.0006301859048419,0.0028778489654448,0.0061798298120166,0.0,0.0020707283139741,0.0,0.0,0.0,0.0,0.0051045058292196,0.0,0.0,0.0,0.0,8.402478731225712e-05,0.0003559064289643,0.000614747468211,0.0014236257158572,0.0,0.0,0.0,0.0,0.0029828799495851,0.0,0.0119713980651632,0.0,0.0,0.0,0.0,0.0,0.0,0.0009382987672695,0.0,0.0,0.002944316821432,0.0,0.0,0.0,0.0,0.0048209143559711,0.0,0.000841233377552,0.0019089526644449,0.0,0.0,0.0,0.003785550198984,0.0005500372083993,0.0007765231177403,0.0,0.0006471025981169,0.0060827644222991,0.0,0.0,0.0013912705859514,0.0,0.0,0.0006471025981169,0.0,0.0,0.0,0.0,0.0,0.0004853269485876,0.0014883359756689,0.0,0.0043355874073834,0.0023619244831266,0.0084024787312256,0.0001294205196233,0.0007441679878344,0.0,0.0,0.0,0.0,0.0076358106577797,0.0,0.0,0.0072151939690037,0.0035267091597372,0.0904972983466528,0.0002588410392467,0.0055974374737114,0.0157126352273919,0.002961873752757,0.0,0.0022001488335975,0.0013265603261397,0.0,0.0026531206522794,0.0,0.0,0.0,0.0,0.0003882615588701,0.0,0.0,0.0,0.0,0.0048856246157828,0.0,0.0,0.0,0.0020707283139741,0.000194130779435,0.0,0.0031708027307728,0.0008735885074578,0.0022972142233151,0.0,0.0,0.0,0.0,0.0,0.0,0.0,0.0,0.0,0.0,0.0,0.0012294949364221,0.0,0.0,0.0058562785129582,0.0,0.0037208399391723,0.001455980845763,0.0023295693532209,0.0,0.0,0.0,0.0,0.0,0.0,0.0,0.0031384476008671,0.0002911961691526,0.0011000744167987,0.0,0.0,0.0,0.0067622221503219,0.0084770440353318,0.0,0.2617853560682045,0.001008297447747,0.0031929419178654,0.0629345656968805,0.0584812519693309,0.0,0.1159962188845709,0.0,0.0057556979308895,0.0013443965969961,0.0,0.0012603718096837,0.1522529146098094,4.201239365612856e-05,0.0108812099569372,0.0016174771557608,0.0014284213843083,0.0213422959773128,0.0,0.0,0.0026531206522794,0.0,0.0010030090270812,0.0018118872747274,0.0,0.0051768207849354,0.0,0.0,0.0005176820784935,0.0,0.0,0.0,0.0,0.0,0.0,0.0,0.0003882615588701,0.0,0.0,0.0,0.0003559064289643,0.0,0.0,0.0,0.0,0.0027501860419969,0.0377260814702171,0.0,0.0075387452680622,0.0,0.0017148218850098,0.0,0.0,0.0044973630569126,0.0,0.0008735885074578,0.0,0.0,0.0007118128579286,0.0,0.0005823923383052,0.0221632639855047,0.0240722166499498,0.0,0.0,0.0033972886401138,0.0,0.0,0.0,0.0,0.0005823923383052,0.0,0.0,0.0044650079270068,0.0,0.0,0.0040120361083249,0.0,0.0013265603261397,0.0,0.0020383731840683,0.0,0.0,0.0,0.000841233377552,0.0019413077943507,0.0010677192868929,0.0044650079270067,0.0,0.0034619988999255,0.0125214352735626,0.0,0.0,0.0,0.0009382987672695,0.0,0.0,0.0,0.0,0.0,0.0010677192868929,0.0,0.0006794577280227,0.0,0.0,0.1523789517907783,0.0088005953343901,0.0,0.0,0.0,0.0,0.0,0.0,0.0,0.0038231278227076,0.0064386708512634,0.0,0.0031929419178657,0.0021677937036917,0.0029408675559289,0.0,0.0010713160382312,0.0011000744167987,0.0010677192868929,0.0,0.0,0.009179708013864,0.0,0.0,0.0002100619682806,0.0,0.0,0.0,0.0,0.0,0.0,0.0,0.00630925033164,0.0033399852956622,0.0002588410392467,0.001035364156987,0.0,0.0,0.0018765975345391,0.0,0.0,0.0,0.000420616688776,Normal
1-34,0.0,0.0,0.0010043802137097,0.0034316323968417,0.0033200345953184,0.0,0.0,0.0,0.0,0.0008648829618056,0.0070027620455877,0.0,0.0026225483357977,0.0010282369690737,0.0,0.0,0.0,0.0441648299528499,0.0123315570683257,0.0,0.0,0.0,0.0,0.0,0.0,0.0,0.0020564739381475,0.0,0.0,0.0036548279998884,0.0,0.0,0.0017297659236113,0.0,0.0021355690896148,0.0,0.0,0.0,0.0008927824121864,0.0,0.0,0.0,0.0029660681800205,0.0,0.0,0.0,0.0,0.0,0.0,0.0,0.0,0.0,0.0,0.0,0.0,0.0014632603021434,0.0,0.0002231956030466,0.0,0.0,0.001450771419803,0.0,0.0,0.0,0.000474290656474,0.0,0.0,0.0,0.0,0.0003626928549507,0.0,0.0,0.0,0.0,0.0,0.0,0.0002789945038082,0.0006695868091398,0.0003626928549507,0.0,0.0,0.0,0.0156236922132633,0.0,0.0,0.0010322796640906,0.0,0.0,0.0167675696788773,0.0012554752671371,0.0,0.0003905923053315,0.0,0.0,0.0,0.0011438774656139,0.0,0.0,0.0,0.0028736433892252,0.0202829004268614,0.0,0.0003626928549507,0.0,0.0,0.0,0.0,0.0022319560304661,0.0,0.0,0.0009485813129481,0.0,0.0,0.0004184917557124,0.15880367156767,0.0,0.1082812623586174,0.0,0.0030847109072213,0.0,0.0446949195100853,0.0,0.0,0.0,0.0041570181067432,0.0,0.0,0.0,0.0,0.0,0.0065842702898752,0.0,0.0,0.0020645593281812,0.0,0.0007811846106631,0.0,0.0,0.0,0.0,0.0011438774656139,0.0,0.0923750802109194,0.0,0.014228719694222,0.0016181681220879,0.0,0.0010322796640906,0.0,0.0011996763663755,0.0034316323968416,0.0,0.0,0.0,0.0,0.0005579890076165,0.0019529615266579,0.0,0.0,0.0,0.0,0.0,0.0,0.0,0.0,0.0,0.0,0.0,0.0005579890076165,0.0,0.0,0.0003347934045699,0.0005021901068548,0.0006137879083782,0.0,0.0,0.0,0.0003347934045699,0.0,0.1674048880803602,0.0014632603021434,0.0,0.0,0.0,0.0,0.0029265206042869,0.0030056157557541,0.0,0.0,0.4470853436684327,0.0,0.0738353238946452,0.0018587360594795,0.0,0.137823301431622,0.0,0.0019808609770387,0.0,0.0,0.0,0.0,0.0,0.0,0.0015623692213263,0.0,0.0,0.0,0.0022040565800853,0.0,0.0101553999386212,0.0,0.0,0.0,0.0005021901068548,0.0,0.0,0.0136149317858438,0.0280668470831123,0.0,0.000474290656474,0.0,0.0,0.0,0.0,0.0,0.0,0.0,0.0014228719694222,0.0013841651506762,0.0,0.0,0.0,0.0,0.1164523058895738,0.0,0.0,0.1247384426526797,0.0,0.0,0.0,0.0,0.0034316323968417,0.0,0.0,0.0,0.0,0.0,0.0,0.0,0.0031247384426526,0.0,0.0,0.0243841196328431,0.0036548279998883,0.0040454203052199,0.0,0.0,0.0,0.0,0.0023156543816086,0.0,0.0,0.0,0.0,0.0,0.0,0.0,0.0017297659236113,0.0,0.0,0.0003905923053315,0.0,0.001450771419803,0.0,0.0,0.0,0.0020087604274194,0.0,0.0,0.0,0.000474290656474,0.0005021901068548,0.0,0.0,0.0002789945038082,0.0,0.0,0.0,0.0,0.0,0.0029573417403677,0.0022937593925492,0.0,0.0,0.0024914972712172,0.0,0.0,0.0,0.0,0.0,0.0,0.0,0.0,0.0,0.0,0.0073654549005384,0.0,0.0198644086711491,0.0,0.0,0.0,0.0,0.0003626928549507,0.0,0.0,0.0016214506050779,0.0,0.0,0.0,0.0,0.0017576653739921,0.0012275758167564,0.0,0.0,0.0,Normal
1-3b,0.0033716885202033,0.0029702970297029,0.0,0.0015788065293015,0.0008830612791008,0.0,0.0,0.0146641691196146,0.0005084292213005,0.0009098207118009,0.0,0.0,0.0101953438587101,0.0017471608635966,0.0,0.0011238961734011,0.0008830612791008,0.032994380519133,0.0,0.0,0.0023280706449023,0.0,0.0,0.0,0.0012041744715012,0.0,0.0020591538749532,0.0,0.0,0.002033716885202,0.0,0.0,0.0,0.0,0.0027767378010732,0.0006422263848006,0.0,0.0004816697886004,0.0,0.0,0.0,0.0,0.0056158742044178,0.0,0.0097136740701097,0.0,0.0,0.0,0.0,0.0046829007225046,0.0015252876639015,0.0,0.0,0.0,0.0038801177415038,0.0031511294147011,0.0,0.0067701364731067,0.0011238961734011,0.0,0.0,0.0,0.0018999197217019,0.0,0.0,0.0,0.0,0.0,0.0035590045491035,0.0,0.0,0.0,0.002033716885202,0.007091249665507,0.0018196414236018,0.0011506556061011,0.0,0.0,0.0,0.0,0.0,0.0004549103559004,0.0,0.0,0.0016590848274016,0.0,0.0007492641156007,0.0,0.0,0.0012309339042012,0.0,0.0,0.0,0.0,0.0178485416109178,0.0008295424137008,0.0005084292213005,0.0,0.0,0.0352421728659352,0.0152796360717151,0.0065206539373516,0.0259834091517259,0.0,0.0,0.0008563018464008,0.0,0.0,0.0,0.0,0.0014717687985014,0.0,0.0022745517795022,0.0726786192132726,0.09009900990099,0.0019801980198019,0.2851304130787468,0.0,0.0,0.0015788065293015,0.0283114797966275,0.0,0.0,0.0,0.0004549103559004,0.0,0.0,0.0007225046829007,0.0033449290875033,0.0,0.0423066630987422,0.0,0.0,0.0,0.0,0.0,0.0,0.0,0.0012041744715012,0.01016858442601,0.0017928819909017,0.0,0.0013647310677011,0.0,0.0,0.0,0.0,0.0,0.0,0.0,0.0,0.0,0.0,0.0016590848274016,0.0,0.0045223441263043,0.0003478726251003,0.0,0.0,0.0023548300776023,0.0,0.0,0.0,0.0,0.0,0.0006689858175006,0.0,0.0008295424137008,0.0016055659620016,0.0,0.0,0.0004816697886004,0.0,0.0035590045491035,0.0015520470966015,0.0004549103559004,0.0007225046829007,0.0208991169387208,0.0001247972045426,0.0140084862099086,0.0899787844752277,0.083988518657182,0.0,0.0,0.0,0.0073630350680144,0.0013415699488331,0.0,0.0,0.0544739797828527,0.0007799825283913,0.2152751778360164,0.0021215524772244,0.0117933358292773,0.1393672781729686,0.0,0.0,0.0009365801445009,0.0008563018464008,0.0011238961734011,0.0052716082419052,0.0,0.0003211131924003,0.0,0.0,0.0,0.0055659620016055,0.0006422263848006,0.0,0.0,0.0,0.0,0.0,0.0,0.0,0.0034787262510034,0.0,0.0327267861921326,0.0,0.0,0.0,0.0,0.0,0.0137275889751137,0.0,0.0,0.0,0.0077067166176077,0.0033695245226506,0.0,0.0,0.0,0.0017928819909017,0.0274284185175274,0.0013112122023013,0.0,0.0139416644367139,0.0092052448488092,0.0078940326465077,0.0174471501204174,0.0058067968959056,0.0053518865400052,0.0007492641156007,0.0,0.0,0.0004013914905004,0.0001873160289001,0.0018999197217019,0.0043885469628043,0.0,0.0009900990099009,0.0,0.0004549103559004,0.004174471501204,0.0,0.0150655606101149,0.0,0.0012309339042012,0.0,0.0,0.0,0.0018464008563018,0.0044688252609043,0.0,0.0008295424137008,0.0,0.013085362590313,0.0517795022745517,0.0,0.0,0.0,0.0007760235483007,0.0,0.0,0.0016858442601016,0.0,0.0,0.0035322451164035,0.0,0.0075996788868076,0.0,0.0,0.0,0.0006154669521006,0.0032914102221032,0.0015252876639015,0.0,0.0004281509232004,0.0,0.0,0.0,0.0026831398976662,0.0027027027027027,0.0,0.0032135280169724,0.0,0.0044926993635342,0.0,0.0,0.0005619480867005,0.0025689055392025,0.0,0.0,0.0,0.0,0.0,0.0,0.0,0.0005084292213005,0.0,0.0,0.0,0.0,0.0,0.0045491035590045,0.0029639336078871,0.0005619480867005,0.0,0.0,0.0,0.0014985282312014,0.007091249665507,0.0032914102221032,0.0,0.0003211131924003,Normal
1-4,0.0061712686092378,0.0076663697671459,0.0,0.0035627942486321,0.0,0.0015905331467107,0.0016541544725792,0.0011451838656317,0.0,0.0,0.0,0.0,0.0,0.0,0.0004135386181448,0.0021313144165924,0.0,0.0391271154090851,0.0,0.0,0.0018132077872502,0.0,0.000445349281079,0.0,0.0010815625397633,0.0,0.0014012611350215,0.0,0.0,0.0021631250795266,0.0007316452474869,0.004580735462527,0.0,0.0005004504053648,0.0,0.0003499172922763,0.0,0.0007952665733553,0.0,0.0,0.0,0.0013996691691054,0.0068061255129616,0.0049624634177376,0.0,0.0,0.0,0.0,0.0004135386181448,0.0,0.0214403868176612,0.0,0.0,0.0,0.0008588878992238,0.0016014412971674,0.0067120498791194,0.0304746150909784,0.0008270772362896,0.0029902023158162,0.0,0.0008270772362896,0.0019086397760529,0.0,0.0,0.0008007206485837,0.0040717648555795,0.0003181066293421,0.0020040717648555,0.0,0.0040717648555795,0.006203079272172,0.0105611400941595,0.0,0.0012724265173686,0.0012088051915001,0.0,0.0,0.0,0.0,0.0,0.0032764982822242,0.0,0.0003181066293421,0.0016223438096449,0.0,0.0038172795521058,0.0,0.0,0.0,0.000159053314671,0.0,0.0045489247995928,0.0,0.0,0.0,0.0,0.0,0.0,0.0322560122152944,0.0091296602621198,0.0050045040536481,0.0465708105356915,0.0,0.0,0.0009861305509606,0.0,0.0,0.0,0.0,0.0,0.0,0.0027039063494083,0.0466344318615599,0.0167960300292658,0.0011451838656317,0.212591332198979,0.0005004504053648,0.0,0.0030856343046189,0.0473978877719809,0.0,0.0,0.0,0.0007952665733553,0.0,0.0,0.0052169487212113,0.0,0.000445349281079,0.0454574373329938,0.0,0.0111337320269754,0.0,0.0,0.0,0.0013996691691054,0.0,0.0,0.0026084743606056,0.0021949357424608,0.0037854688891716,0.000445349281079,0.0,0.0,0.0,0.0,0.0,0.0,0.0,0.0,0.0,0.0026402850235398,0.0,0.0,0.0069983458455273,0.0,0.0,0.0,0.000763455910421,0.0011133732026975,0.0,0.0,0.0,0.0,0.0009225092250922,0.0,0.0013042371803028,0.0032764982822242,0.0,0.0014632904949739,0.0,0.0,0.0016223438096449,0.000890698562158,0.0,0.0,0.0027993383382109,0.0,0.0272245020518466,0.0023020718646781,0.0389350415373836,0.0,0.0063056751075968,0.0,0.0355319787809026,0.0121108998098288,0.0,0.0104093684315883,0.3605244720248221,0.0002001801621459,0.0042037834050645,0.002802522270043,0.0087078370533479,0.2040836753077764,0.0195635577045425,0.0,0.000445349281079,0.0,0.0,0.001781397124316,0.0,0.016541544725792,0.0,0.0,0.0,0.0,0.0025766636976714,0.0,0.0,0.0,0.0,0.0,0.0,0.0022585570683293,0.0015587224837763,0.0,0.0032764982822242,0.0,0.0,0.0,0.0,0.0018450184501845,0.0055350553505534,0.0,0.0278343300674384,0.0012088051915001,0.0059485939686982,0.0067060354318887,0.0032764982822241,0.0126288331848835,0.0004771599440132,0.0055668660134876,0.0003817279552105,0.0014314798320396,0.0,0.0450757093777834,0.0,0.0012406158544344,0.0256393943249777,0.0,0.0003817279552105,0.0,0.0,0.0032764982822242,0.0,9.543198880264664e-05,0.0,0.0037218475633032,0.0,0.0,0.0064893752385799,0.0,0.0032446876192899,0.0037218475633032,0.0063939432497773,0.0,0.0,0.0,0.0,0.0,0.003403740933961,0.0050578954065402,0.0010497518768291,0.000890698562158,0.0046125461254612,0.0011133732026975,0.0,0.0,0.0,0.0,0.0,0.0,0.0,0.0,0.0,0.0,0.0064893752385799,0.0045171141366586,0.0036582262374347,0.000159053314671,0.0,0.0,0.0041035755185137,0.0081753403740933,0.0,0.0009543198880264,0.0,0.0,0.0,0.0,0.0025022520268241,0.0079526657335538,0.0,0.0034030627564808,0.0,0.0,0.0,0.0,0.0,0.0028311490011451,0.0,0.0,0.0170153137824041,0.0,0.0,0.0003002702432188,0.0007316452474869,0.0,0.0007952665733553,0.0,0.0038034230807726,0.0,0.0,0.0016859651355134,0.0034030627564808,0.0004135386181448,0.0079526657335538,0.0012406158544344,0.0002001801621459,0.0002862959664079,0.0037854688891716,0.0,0.0,0.0,Normal
1-5,0.002279701885138,0.0043255881923133,0.0,0.0011983048370597,0.0,0.0,0.0008768084173608,0.0075990062837936,0.0,0.0,0.0,0.0,0.0027473330410638,0.0019376194192524,0.0,0.0007014467338886,0.0,0.0102002045886307,0.0,0.0,0.0,0.0,0.0009644892590968,0.0,0.0,0.0,0.0018568852767835,0.0032441911442349,0.0,0.0013152126260412,0.0,0.0,0.0,0.0011571893753868,0.0022067332274819,0.0004676311559257,0.0,0.000730673681134,0.0,0.0,0.0,0.0,0.0056244785919965,0.006576063130206,0.0,0.0104416157593046,0.0,0.0,0.0011983048370597,0.002279701885138,0.0,0.0,0.0,0.0009060353646061,0.0,0.0025296697973573,0.0,0.0194066929709191,0.0009060353646061,0.0006429928393979,0.0,0.0049685810317112,0.0030396025135174,0.0,0.0,0.0,0.0,0.0006137658921525,0.0065176092357153,0.0,0.0,0.0,0.0016659359929855,0.0,0.0013152126260412,0.0002338155779628,0.0,0.0,0.0,0.0010813970480783,0.0,0.0022504749378927,0.0,0.0004384042086804,0.0027181060938185,0.0,0.0009060353646061,0.0,0.0,0.0006722197866432,0.0003799503141896,0.0,0.0,0.0,0.0,0.0005553119976618,0.0,0.0,0.0,0.0136782113108285,0.0134736226801108,0.0071315159180817,0.1002192021043402,0.0,0.0,0.0009060353646061,0.0,0.0,0.0,0.0,0.0,0.0,0.0,0.012421452579278,0.1969896244337277,0.0045594037702761,0.2724508194515459,0.0003229365698754,0.0,0.0054654391348823,0.0169224024550633,0.0,0.0005845389449072,0.0,0.0,0.0,0.0,0.00365336840567,0.0,0.0,0.0033903258804617,0.0,0.0094403039602513,0.0,0.0,0.0,0.0014321204150226,0.0,0.0,0.0063130206049977,0.0005845389449072,0.0,0.0007599006283793,0.0,0.0,0.0,0.0,0.0,0.0,0.0,0.0,0.0,0.0046763115592576,0.0,0.0,0.0034487797749524,0.0,0.0,0.011690778898144,0.0028350138827998,0.0013736665205319,0.0,0.0,0.0,0.0,0.0012275317843051,0.0,0.0002630425252082,0.0014028934677772,0.0,0.0009352623118515,0.0,0.0,0.0017828437819669,0.0039748648253689,0.0005553119976618,0.0,0.0082127721759462,0.0,0.0115449823730454,0.003713770553567,0.0104416157593046,0.0,0.1163378992976129,0.0008611641863344,0.0184881186253666,0.009661185715439,0.0,0.0050324282138916,0.2364433919104387,0.0001076455232918,0.0338545170752711,0.0041712640275572,0.0106838181867111,0.1530181113592935,0.0193190121291831,0.0,0.0018412976764576,0.0010521701008329,0.0,0.0015782551512494,0.0019874324126844,0.0145842466754345,0.0,0.0,0.000409177261435,0.0,0.001870524623703,0.0,0.0,0.0,0.0,0.0,0.000409177261435,0.0,0.0015782551512494,0.0,0.0012567587315504,0.0,0.0,0.0,0.0,0.0012859856787958,0.0059915241852988,0.0,0.0011983048370597,0.0,0.0037702761946514,0.0080195914852391,0.0025427444103463,0.0010229431535876,0.0,0.004150226508841,0.0343708899605436,0.0021043402016659,0.0020751132544205,0.0328218617565393,0.0,0.0080666374397194,0.0190851965512202,0.0019582054654391,0.000409177261435,0.0,0.0,0.0,0.0,0.0003507233669443,0.0010229431535876,0.0045594037702761,0.0,0.0009937162063422,0.0009644892590968,0.0,0.0031857372497442,0.0,0.0128014028934676,0.0,0.0025719713575916,0.0,0.0,0.0,0.0022212479906473,0.0,0.0,0.0175946222417067,0.0,0.0,0.0080081835452286,0.0,0.0,0.0,0.00081835452287,0.0,0.0,0.0027765599883092,0.0,0.0,0.0,0.0,0.0021043402016658,0.0,0.0018997515709484,0.0,0.0045594037702761,0.0018120707292122,0.0,0.0,0.0,0.0,0.0,0.0,0.0036330364110982,0.0040917726143504,0.0,0.0039828843617966,0.0,0.0,0.0,0.001049543852095,0.0,0.0105217010083296,0.0,0.0,0.0111413116607013,0.0,0.0,0.0,0.0,0.0,0.0016074820984948,0.0,0.0,0.0,0.0,0.0047347654537483,0.0028526063672327,0.0015782551512494,0.0,0.0006137658921525,0.0001614682849377,0.0009937162063422,0.0008475814701154,0.0,0.0002338155779628,0.0004968581031711,Normal
1-6,0.0,0.0,0.0,0.0,0.0,0.0,0.0,0.0,0.0,0.0038173471853104,0.0,0.0,0.0,0.0028660959951085,0.0,0.0,0.0,0.0,0.0,0.0298139647257791,0.0,0.0,0.0,0.0,0.0,0.0,0.0026750229287679,0.0,0.0013046629620681,0.0035274220826286,0.0,0.0,0.0,7.642922653622745e-05,0.0026750229287679,0.0,0.008891036482242,0.0,0.0,0.0,0.0016912297656438,0.0,0.00607612350963,0.0,0.0,0.0014521553041883,0.0,0.0003057169061449,0.0,0.0,0.0,0.0036723846339695,0.0,0.0,0.0005798502053636,0.0035157444206664,0.0,0.0004832085044696,0.0,0.0,0.0,0.0,0.0,0.0,0.0,7.642922653622745e-05,0.0,0.0,0.0,0.0,0.0,0.0,0.0,0.001497946363856,0.0,0.0,0.0,0.0009180961584923,0.0003865668035757,0.0,0.0,0.0,0.0147861802367721,0.0,0.0,0.0002899251026818,0.0,0.0,0.0,0.0,0.0,0.0,0.0,0.0,0.0,0.0380285093017637,0.0,0.0,0.0006281710558105,0.0013046629620681,0.0085527905291132,0.0033628859675938,0.001449625513409,0.0,0.0005798502053636,0.0,0.0180719980671659,0.0105822662478859,0.0,0.0,0.0023677216719014,0.0,0.0,0.0,0.0342111621164531,0.0,0.2253897890553346,0.0,0.0029425252216447,0.0,0.0033824595312875,0.0,0.0,0.0028509301763711,0.0,0.0,0.0,0.0,0.0080695820246435,0.0,0.0395747765160666,0.0019811548683256,0.0,0.0,0.0,0.0,0.0,0.0,0.0,0.0,0.0,0.0,0.1711041314327127,0.0452283160183619,0.0020294757187726,0.0101473785938632,0.0,0.0082145445759845,0.0031891761294998,0.0,0.0115486832568252,0.0,0.0,0.0,0.0,0.0,0.0069582024643633,0.0,0.0,0.0,0.0,0.0,0.0,0.0009664170089393,0.0,0.0,0.0,0.0,0.0012080212611741,0.0,0.0,0.0004348876540227,0.0545059193041796,0.0,0.0,0.0,0.0027542884754771,0.0,0.0,0.3981580556404765,0.000687863038826,0.0,0.0,0.0008025068786303,0.0,0.0068404157749922,0.002369306022623,7.642922653622745e-05,0.0023693060226229,0.1584760012228674,0.0,0.0005732191990217,0.0066875573219196,0.0022928767960868,0.0937404463466828,0.0,0.0,0.0,0.0,0.0,0.0,0.0,0.0,0.0,0.0,0.0,0.0,0.0066682773616815,0.0,0.0,0.0,0.0,0.002995892727712,0.0019811548683256,0.0,0.0,0.0,0.0,0.001375726077652,0.0066682773616814,0.0,0.0028026093259241,0.0,0.0,0.0,0.0,0.0,0.0,0.0026368083154998,0.0,0.0,0.0,0.0012563421116211,0.1586856728678423,0.0,0.0,0.0095675283884996,0.0,0.0,0.0,0.0060401063058709,0.0008214544575984,0.0,0.0,0.0,0.0,0.0,0.0,0.0,0.0,0.0,0.0,0.0162358057501811,0.0078279777724087,0.0035274220826286,0.0,0.0,0.0,0.0,0.0,0.0,0.0,0.0,0.0,0.0,0.0,0.0,0.0097608117902874,0.0,0.0,0.0,0.0,0.0,0.0055568978014013,0.0,0.0,0.0022710799710074,0.0,0.0,0.0,0.0066682773616815,0.0,0.0,0.0,0.0,0.0,0.0,0.0,0.0,0.0,0.0019328340178787,0.0047003974319779,0.0,0.0,0.0047003974319779,0.0,0.001681442983797,0.0,0.0,0.0,0.0,0.0,0.0,0.0,0.0,0.0013046629620681,0.0,0.0075863735201739,0.0,0.0,0.0,0.0001528584530724,0.0,0.0,0.0,0.0044328951391011,0.0,0.0,0.0,7.642922653622745e-05,0.0,0.0057018603527422,0.0,0.0,0.0,Normal
1-7,0.0,0.0010879218472468,0.0,0.0,0.0,0.0,0.0,0.0020648312611012,0.0,0.0,0.0,0.0,0.0,0.0020821502933939,0.0,0.0,0.0013765541740674,0.0009547069271758,0.0,0.0,0.0015985790408525,0.0,0.0005772646536412,0.0,0.0,0.0,0.0026920731066103,0.0,0.0,0.0001110124333925,0.0,0.0054174067495559,0.0,0.0084127284581571,0.0031758049929543,0.0,0.0,0.0,0.0,0.0,0.0,0.0033969804618117,0.0063095463436178,0.0005328596802841,0.0024200710479573,0.0150798157612467,0.0048845470692717,0.0,0.0004662522202486,0.0,0.0,0.0,0.0,0.0,0.0004884547069271,0.003533345952426,0.0032859680284191,0.0045959147424511,0.0007104795737122,0.0023756660746003,0.0,0.0055284191829484,0.0,0.0007992895204262,0.0,4.206364229078596e-05,0.0022868561278863,0.0035746003552397,0.0,0.0,0.0,0.0019538188277087,0.0022424511545293,0.0,0.0021536412078152,0.0,0.0,0.0,0.0,0.0,0.0003774422735346,0.0023534635879218,0.0,0.0005550621669626,0.0018650088809944,0.0,0.0,0.0,0.0,0.0,0.0,0.0,0.0,0.0,0.0,0.0,0.0004662522202486,0.0,0.0,0.0660079928952042,0.0242895204262876,0.0029023913180641,0.0041074600355239,0.0,0.0,0.0003552397868561,0.0,0.0,0.0007104795737122,0.0,0.0009103019538188,0.0,0.0,0.0011767317939609,0.0,0.0023312611012433,0.142322333690874,0.0043535869770962,0.0,0.0013321492007104,0.0045959147424509,0.0013099467140319,0.000177619893428,0.0,0.0,0.0,0.0,0.0032193605683836,0.0,0.0060834813499111,0.0173179396092361,0.0,0.0274200710479572,0.0,0.0114786856127886,0.0,0.0008214920071047,0.0,0.0,0.0,0.0,0.0297957371225577,0.0002442273534635,0.0,0.0,0.0,0.0,0.0,0.0,0.0,0.0,0.0,0.0,0.0025310834813499,0.0,0.0,0.0,0.0,0.0,0.0,0.0007992895204262,0.0004218472468916,0.0027309058614564,0.0,0.0,0.0018872113676731,0.0,0.0,0.0003774422735346,0.0,0.0009325044404973,0.0,0.0,0.0,0.0017539964476021,0.0,0.0,0.0,0.0,0.0026920731066102,0.0099270195806253,0.0185921298925273,0.0,0.0530843165709718,0.0054682734978021,0.0284139903674259,0.0031758049929543,0.0,0.1020463961974466,0.3435758302311394,0.0,6.309546343617894e-05,0.0008623046669611,0.0051527961806212,0.0357330641260223,0.0,0.0,0.0018428063943161,0.0012655417406749,0.0006438721136767,0.0003552397868561,0.0,0.0038410301953817,0.0,0.0,0.0,0.0,0.0,0.0,0.0,0.0,0.0,0.0,0.0,0.0,0.0017539964476021,0.0,0.0,0.0,0.0,0.0,0.0,0.0011545293072824,0.0,0.0004440497335701,0.0005106571936056,0.0,0.0033303730017761,0.0,0.0155861456483124,0.0021980461811722,0.0,0.0033081705150976,0.0002442273534635,0.0017317939609236,0.0003996447602131,0.0020648312611012,0.0,0.0021980461811722,0.0055506216696268,0.0,0.0,0.0,0.0,0.007082593250444,0.0,0.0,0.0,0.0,0.0,0.0007992895204262,0.0,0.0,0.0,0.0,0.008792184724689,0.0,0.0027309058614564,0.0051287744227353,0.0,0.0,0.0007104795737122,0.0013321492007104,0.0004440497335701,0.0,0.000222024866785,0.0011989342806394,0.0,0.0,0.0,0.0,0.000222024866785,0.0,0.0,0.0025088809946714,0.0,0.0,0.0,0.0,0.0027531083481349,0.0,0.0,0.0001892863903085,0.0010657193605683,0.0,0.0,0.0,0.0,0.0,0.0,0.0,0.0044797779039687,0.0,0.0,0.0038698550907523,0.0,0.00990598775948,0.0,0.0007150819189433,0.0,0.0136767317939609,0.0,0.0,0.0033861232044082,0.0,0.0,8.412728458157192e-05,0.0,0.0,0.0008436944937833,0.0,8.412728458157192e-05,0.0,0.0,0.0022202486678507,0.0044166824405325,0.0006438721136767,0.0,0.0018650088809946,4.206364229078596e-05,0.0,0.0,0.0,0.0,0.0,Normal
1-8,0.0005436358364743,0.0029718759060597,0.0,0.0068498115395766,0.0,0.0,0.0,0.0063786604812989,0.0,0.0,0.0,0.0,0.0018121194549144,0.001346416695567,0.0,0.0051826616410553,0.0,0.0014496955639315,0.0,0.0,0.0013047260075384,0.0,0.0012684836184401,0.0,0.0038779356335169,0.0,0.001652420490014,0.0009060597274572,0.0,0.0282690634966657,0.0,0.0032255726297477,0.0,0.0043248536281849,0.002244027825945,0.0,0.0,0.0,0.0,0.0,0.0,0.000761090171064,0.0048756604581896,0.0014134531748332,0.0010872716729486,0.000306003794447,0.0011959988402435,0.0,0.0007248477819657,0.0,0.0295375471151058,0.0,0.0,0.0,0.000761090171064,0.0019380240314979,0.0043128443026964,0.0063424180922006,0.0,0.0,0.0,0.0,0.0,0.0008698173383589,0.0,8.160101185254697e-05,0.0,0.0030806030733545,0.0,0.0,0.0025732096259785,0.0005798782255726,0.0027181791823717,0.0,0.0,0.0003624238909828,0.0,0.0,0.0,0.0,0.0,0.0011235140620469,0.0,0.0003261815018846,0.0006523630037692,0.0,0.005146419251957,0.0,0.0,0.0,0.0,0.0,0.0,0.0,0.0,0.0,0.0,0.0,0.0,0.0346477239779645,0.0155842273122642,0.0053244660233786,0.0432734125833574,0.0,0.0,0.0019570890113076,0.0,0.0,0.0,0.0,0.0017033922876196,0.0052189040301536,0.0034430269643374,0.0529138880835024,0.0023195129022905,0.0,0.1306840204818538,0.0027540341500233,0.0,0.002138300956799,0.0579515801681643,0.0,0.0,0.0,0.0,0.0,0.0,0.0007973325601623,0.0,0.0032980574079443,0.0603073354595532,0.0,0.0031530878515511,0.0001087271672948,0.0067773267613801,0.0,0.0,0.0,0.0,0.0,0.0012684836184401,0.0059437518121194,0.0013772107857349,0.0,0.0,0.0,0.0,0.0,0.0,0.0,0.0,0.0,0.0021020585677007,0.0002899391127863,0.0,0.005146419251957,0.0,0.0,0.0056900550884314,0.0003624238909828,0.0010872716729486,0.0,0.0,0.0,0.0,0.0011235140620469,0.0,0.0008335749492606,0.0,0.0,0.0011597564511452,0.0,0.0,0.0,0.0007248477819657,0.0,0.0,0.0088069005508843,0.0,0.002284828331871,0.0069768865133926,0.0132397641730757,0.0,0.1719945327322058,0.0008364103714886,0.0373936636814296,0.0032844407270649,0.0,0.0130561618964074,0.1831330708500781,0.0,0.000448805565189,0.0028152349089128,0.0022644280789079,0.2361941288071964,0.0,0.0,0.0008335749492606,0.0,0.0,0.0,0.0,0.0084444766599013,0.0,0.0,0.0,0.0,0.0084807190489997,0.0,0.0,0.0,0.0,0.0,0.0,0.0,0.0004711510582777,0.0,0.0008335749492606,0.0,0.0,0.0,0.0,0.0,0.0057262974775297,0.0,0.0155117425340676,0.000507393447376,0.0200782835604522,0.0009180113833411,0.0091330820527688,0.0036604812989271,0.0009060597274572,0.0012684836184401,0.0024282400695853,0.0011235140620469,0.0,0.0563569150478399,0.0,0.0011597564511452,0.050739344737605,0.0,0.0,0.0,0.0,0.0013047260075384,0.0,0.0,0.0,0.0103290808930124,0.0,0.0022832705131922,0.0056900550884314,0.0027544215714699,0.0061612061467091,0.0023195129022905,0.0127210785734994,0.0,0.0010510292838503,0.0026456944041751,0.0,0.0,0.0,0.0,0.0014496955639315,0.0,0.0009423021165555,0.0006523630037692,0.0010872716729486,0.0,0.0,0.0,0.0,0.0,0.0,0.0138808350246448,0.0,0.0,0.0,0.0,0.0024282400695853,0.0,0.0007248477819657,0.0006120075888941,0.0,0.0039504204117135,0.0,0.0020658161786024,0.0,0.0,0.0,0.0,0.0031824394622493,0.0,0.0005798782255726,0.003733246292254,0.0,0.0017340215018666,0.0,0.0007140088537097,0.0,0.0040591475790084,0.0,0.0,0.0077928966319182,0.0,0.0,0.000754809359636,0.0,0.0,0.0033342997970426,0.0015221803421281,0.0005508068300046,0.0,0.0,0.0,0.0029784369326179,0.0012322412293418,0.0123948970716149,0.0014496955639315,8.160101185254697e-05,0.0031168454624528,0.0,0.0,0.0,0.0,Normal
1-9,0.0,0.0,0.0,0.0,0.0070745892996836,0.0,0.0,0.0,0.0,0.0010883983537974,0.0012924730451345,0.0,0.0,0.0023522237226118,0.0,0.0,0.0,0.0,0.0,0.0033332199585048,0.0,0.0,0.0,0.0,0.0,0.0830583993741709,0.0029620595025482,0.0,0.0013264854936906,0.0017006224278085,0.0,0.0,0.0044216183123023,0.0,0.0027878207082806,0.0,0.0,0.0,0.0,0.0,0.0059181660487738,0.0,0.0063597159907653,0.0,0.0,0.0,0.0,0.0,0.0,0.0,0.0,0.0007142614196796,0.0,0.0,0.0,0.0030056192011151,0.0,0.0,0.0,0.0,0.0,0.0,0.0,0.0,0.0075847760280262,0.0,0.0,0.0,0.0,0.0,0.0,0.0,0.0,0.0,0.0,0.0,0.0129587428999013,0.0033332199585047,0.0,0.0,0.0,0.0,0.0,0.0,0.0,0.0030271079214992,0.0,0.0,0.0,0.001802659773477,0.0,0.0,0.0,0.0,0.0,0.0,0.0,0.0,0.0,0.0,0.0,0.0,0.0,0.0,0.0,0.0,0.0188088840515628,0.0,0.0,0.0,0.0015645726335838,0.0,0.0,0.0,0.0,0.0,0.0014374700527072,0.0,0.0,0.0,0.0052719295262064,0.0,0.0,0.0,0.0,0.0,0.0,0.0,0.0009523485595728,0.0,0.0112241080235366,0.0025169211931566,0.0,0.0093534233529471,0.0,0.0,0.0,0.0,0.0,0.0,0.0,0.0,0.0794870922757726,0.0,0.0153736267473895,0.0010883983537974,0.0,0.0,0.0006802489711234,0.0017006224278085,0.0027550083330498,0.0,0.0,0.0,0.0,0.0,0.0,0.0,0.0,0.0,0.0,0.0,0.0,0.0056800789088805,0.0,0.0,0.0107819461923063,0.0,0.0277881704703921,0.0,0.0,0.0001700622427808,0.0098636100812897,0.0,0.0,0.0,0.0,0.0,0.0,0.6012980790172928,0.0,0.0,0.0,0.0003920372871019,0.0,0.0144182602256392,0.0,0.0,0.0,0.004530208650956,0.0,0.0,0.0013939103541403,0.0,0.0020473058326436,0.0,0.0,0.0,0.0,0.0,0.0,0.0,0.0,0.0036733444440665,0.0,0.0,0.0,0.0,0.0,0.0,0.0,0.0,0.0,0.1447909935036222,0.0,0.0,0.0016666099792523,0.0088772490731606,0.0,0.005169892180538,0.0,0.0,0.0,0.0,0.0,0.0,0.0,0.0,0.0,0.0,0.0,0.0,0.0,0.000612224074011,0.0,0.0,0.0057140913574368,0.0,0.0,0.0,0.0,0.0006462365225672,0.0,0.0034692697527294,0.0,0.0,0.0,0.0,0.0,0.0057821162545491,0.0,0.0,0.0143872657392605,0.0425495731437706,0.0,0.0,0.00159858508214,0.0,0.0,0.0075167511309139,0.0444882827114723,0.0,0.0,0.0,0.0,0.0,0.0,0.0,0.0149994898132715,0.0,0.0007482738682357,0.0,0.0005441991768987,0.0028230332301622,0.0,0.0082650249991496,0.0,0.0,0.0,0.0,0.00159858508214,0.0,0.0,0.0,0.006360327880004,0.0,0.0,0.0,0.0,0.0,0.002380871398932,0.0048786862394912,0.0,0.0,0.0047044474452236,0.0,0.0,0.0,0.0,0.0,0.0,0.0,0.0,0.0,0.0,0.0009523485595728,0.0,0.0013264854936906,0.0,0.0,0.0,0.0,0.0069385395054589,0.0,0.0,0.0043124101581217,0.0,0.0,0.0,0.0,0.0,0.0,0.0,0.0,0.0,Normal
2-1,0.0,0.0,0.0,0.0,0.0,0.0,0.0,0.0,0.0,0.0026570542001895,0.0007060703469035,0.0371615972054478,0.0,0.0,0.0,0.0,0.0,0.0,0.0,0.0188223489845593,0.0,0.0,0.0,0.0,0.0,0.0258644716549917,0.0,0.0,0.0006503279510953,0.0054813355878035,0.0011705903119716,0.0,0.0002601311804381,0.0,0.0,0.0,0.0,0.0,0.0,0.0,0.0,0.0,0.0085698229839842,0.0,0.0,0.0,0.0,0.0,0.0,0.0,0.0,0.0025269886099704,0.0,0.0,0.0,0.0032312447316661,0.0,0.0004087775692599,0.0,0.0,0.0,0.0,0.0,0.0,0.0007989743399171,0.0,0.0,0.0,0.0,0.0,0.0,0.0,0.0,0.0,0.0,0.0,0.0058715323584607,0.0184321522139019,0.0031401549638602,0.0,0.0,0.0,0.0240807149891301,0.0,0.0,0.0025455694085731,0.0,0.0,0.0,0.0006317471524926,0.0,0.0,0.0,0.0,0.0,0.0006317471524926,0.0,0.0,0.0,0.0,0.0,0.0,7.432319441089577e-05,0.0,0.0,0.0,0.0089931065237183,0.0001672271874245,0.0,0.0,0.0105167320091417,0.0,0.0,0.0,0.0,0.0,0.0067434672660859,0.0,0.0,0.0,0.010219439231498,0.0,0.0,0.0,0.0,0.0,0.0,0.0,0.0,0.0,0.0109812519742098,0.0010405247217525,0.0,0.001412140693807,0.0,0.0,0.0,0.0,0.0,0.0,0.0,0.0,0.2389862316282349,0.0,0.0030658317694494,0.0018580798602723,0.0,0.0010962671175607,0.0,0.0162953603745888,0.0,0.0,0.0,0.0,0.0005388431594789,0.0,0.0,0.0002787119790408,0.0,0.0,0.0,0.0,0.0,0.0108326055853879,0.0,0.0,0.0010405247217525,0.0,0.0024340846169568,0.0,0.0,0.0002043887846299,0.0037161597205447,0.0,0.0,0.0,0.0004273583678626,0.0,0.0,0.7552683338016296,0.0,0.0,0.0,0.0,0.0,0.0174206237707221,0.0018263557178982,0.0,0.0,0.0,0.0,0.0,0.0677156504636133,0.0,0.0,0.0,0.0007989743399171,0.0,0.0,0.0,0.0,0.0,0.0,0.0003530351734517,0.0,0.0,0.0,0.0,0.0,0.0,0.0001486463888217,0.0,0.0,0.0449655326185919,0.0,0.0,0.000668908749698,0.0772032181943179,0.0,0.0,0.0,0.0004087775692599,0.0,0.0,0.0,0.0,0.0,0.0,0.0,0.0,0.0,0.0,0.0,0.0013378174993961,0.0,0.0,0.0014493022910124,0.0,0.0,0.0,0.0002043887846299,0.0019695646518887,0.0,0.0174659506865605,0.0,0.0,0.0,0.0,0.0,0.0028986045820249,0.0,0.0,0.0026570542001895,0.008008324197774,0.0,0.0,0.0012820751035879,0.0,0.0,0.0,0.00457087645627,0.0,0.0,0.0,0.0,0.0,0.0,0.0,0.0145116037087273,0.0,0.0093275608985674,0.0,0.0005016815622735,0.0013378174993961,0.0,0.0527508872331331,0.0061130827402961,0.0,0.0,0.0,0.0016722718742451,0.0,0.0,0.0,0.0046266188520782,0.0,0.0,0.0,0.0009847823259443,0.0,0.0029915085750385,0.0,0.0,0.0,0.0043551559426805,0.0,0.0,0.0,0.0,0.0,0.0,0.0,0.0,0.0,0.0,0.0001672271874245,0.0,0.0094390456901837,0.0,0.0,0.0,0.0,0.0024526654155595,0.0,0.0,0.0051980893509412,0.0,0.0,0.0,0.0,0.0,0.0,0.0,0.0,0.0,Normal
2-10,0.014084020849874,0.004936311229245,0.0,0.0007594324968069,0.0,0.0004832752252407,0.0012427077220477,0.0,0.0,0.0,0.0,0.0,0.0,0.0,0.0,0.0,0.0,0.0,0.0,0.0,0.0,0.0023128171493665,0.0008629914736442,0.0,0.0,0.0,0.0023696682464454,0.0,0.0,0.0,0.0,0.0045220753218958,0.0,0.0010155721056194,0.0,0.001035589768373,0.0,0.0008629914736442,0.0,0.0,0.0,0.0,0.0,0.0,0.0,0.0068833220491988,0.0044185163450585,0.0,0.0,0.0,0.0011391487452103,0.0,0.001346266698885,0.0,0.0,0.0,0.0036590838482515,0.1358348579516034,0.0,0.0,0.0,0.0005523145431323,0.0059719009976181,0.0,0.0,0.0030467163168584,0.0,0.0075252856501777,0.0049708308881908,0.0,0.0008629914736442,0.0,0.0104939763195139,0.0,0.0,0.0,0.0,0.0,0.0,0.0,0.0,0.0004142359073492,0.0,0.0008629914736442,0.0484656011598604,0.0,0.0,0.0,0.0,0.0,0.0003797162484034,0.0,0.0,0.0,0.0,0.0,0.0,0.0,0.0,0.00269253339777,0.03745382995616,0.0,0.0,0.0,0.0,0.0011391487452103,0.0,0.0054886257723773,0.0,0.0,0.0,0.0,0.0,0.1079429735234215,0.0,0.0,0.3513879485443464,0.0,0.0,0.0037626428250888,0.0008629914736442,0.0041768787324381,0.0,0.0,0.0,0.0,0.0,0.0,0.0019676205599088,0.0059719009976181,0.0194690876454139,0.0,0.0009320307915357,0.0,0.0017259829472884,0.0,0.000448755566295,0.0,0.0,0.0,0.0,0.0654492733611791,0.0006213538610238,0.0,0.0,0.0,0.0,0.0,0.0,0.0,0.0,0.0,0.0042804377092753,0.0026580137388242,0.0,0.0,0.0003797162484034,0.0,0.0,0.0,0.0,0.0,0.0002416376126203,0.0,0.0,0.0007594324968069,0.0,0.0,0.0031067693051192,0.0,0.0013117470399392,0.0,0.0,0.0,0.0036245641893058,0.0027615727156615,0.0,0.0005523145431323,0.0,0.0027081922816519,0.0294515910629654,0.0,0.0,0.0049650191830286,0.0033852403520649,0.0349808169713382,0.0057549085985104,0.0,0.0363349131121642,0.2600993003836604,0.0,0.0,0.0241480478447303,0.0036109230422026,0.1544798013992321,0.0,0.0,0.0030722496461734,0.0,0.0,0.0,0.0025889744209327,0.0024508957851495,0.0,0.0,0.0,0.0,0.00179502226518,0.0,0.0,0.0,0.0,0.0,0.0,0.0,0.0,0.0,0.0,0.0,0.0,0.0,0.0,0.0011736684041561,0.0,0.0,0.0025544547619869,0.0028306120335531,0.0016569436293969,0.0,0.0114605267699953,0.0060754599744552,0.0042459180503296,0.001346266698885,0.0002071179536746,0.0012772273809934,0.0,0.0313093306638129,0.0,0.0165349166350236,0.0,0.0,0.0,0.0,0.0,0.0010701094273188,0.0,0.0003106769305119,0.0,0.0,0.0,0.0,0.0,0.0,0.0,0.0,0.0260968621630017,0.0,0.0,0.0,0.0,0.0,0.0,0.0,0.0017605026062342,0.0007939521557527,0.0,0.0,0.0,0.0,0.0,0.0,0.0,0.0,0.0,0.0059373813386723,0.0,0.0,0.0783251061479512,0.0,0.0173288687907763,0.0,0.0,0.0,0.0,0.0,0.0,0.001346266698885,0.0,0.0,0.0024508957851496,0.0,0.0034980816971338,0.0,0.0,0.0,0.0,0.0189573459715639,0.0,0.0,0.0,0.0111498498394835,0.0,0.0,0.0,0.0002761572715661,0.0,0.0004513653802753,0.0,0.0,0.0,0.0,0.0229067930489731,0.0,0.0,0.0017605026062342,0.0,0.0016914632883427,0.0,0.0012427077220477,0.0003385240352064,0.0,0.0,0.0,0.0,0.0,Warning
2-11,0.0034417878940847,0.0043825432518012,0.0,0.0002753430315267,0.0,0.0,0.0022945252627231,0.0,0.0,0.0,0.0,0.000206507273645,0.0,0.0,0.0,0.0,0.0,0.0,0.0,0.0,0.0,0.0006195218209352,0.0008260290945803,0.0,0.0015832224312789,0.0,0.0,0.0,0.0,0.0,0.0,0.0,0.0,0.0015654896503739,0.0029570360062619,0.0,0.0,0.0,0.0,0.0,0.0,0.0,0.0,0.0013767151576338,0.0,0.0,0.0029140470836583,0.0,0.0,0.0,0.0001376715157633,0.0,0.0,0.0,0.0,0.0012176030614019,0.0,0.0447891331283557,0.0,0.0,0.0,0.0015143866733972,0.0033041163783213,0.0039006929466293,0.0,0.0,0.0,0.0131476297554036,0.0044054885044284,0.0,0.0,0.0,0.0006883575788169,0.0,0.0016979486944151,0.0,0.0,0.0,0.0,0.0014226056628883,0.0003671240420357,0.0,0.0,0.0,0.0044972695149373,0.0,6.883575788169428e-05,0.0,0.0,0.0,0.000504795557799,0.0,0.0013078793997521,0.0,0.0,0.0,0.000206507273645,0.0,0.0,0.002776375567895,0.009545225092928,0.0,0.0,0.0043137074939195,0.0,0.0007801385893258,0.0,0.0016979486944151,0.0087880317562296,0.0,0.0,0.0,0.0,0.0906566931301913,0.0,0.0,0.0,0.0547921377630892,0.0,0.0015832224312789,0.0010554816208525,0.0004130145472901,0.000504795557799,0.0,0.0,0.0,0.0,0.0,0.0,0.0027993208205222,0.0123445459134505,0.0,0.0032352806204396,0.0,0.0,0.0,0.0,0.0,0.0,0.0,0.0,0.0077784406406314,0.0006424670735624,0.0,0.0,0.0,0.0021109632417052,0.0,0.0,0.0,0.0,0.0,0.0,0.0,0.0,0.0,0.0003212335367812,0.0,0.0,0.0,0.0007113028314441,0.0,0.0011472626313615,0.0,0.0,0.0008489743472075,0.0,0.0,0.0026157587995043,0.0,0.0,0.0,0.0,0.0,0.0014226056628883,0.0,0.0,0.0669771924188885,0.0,0.0,0.1007131675073925,0.0474865193946773,0.0,0.0410506174986954,0.0,0.0255696642894415,0.0154809532092537,0.0,0.0,0.3153591929031136,0.0,0.0,0.0,0.0,0.1401982953557139,0.0078013858932586,0.0,0.0009637006103437,0.0,0.0,0.0,0.0006424670735624,0.0019274012206873,0.0,0.0,0.0,0.0,0.0,0.0,0.0,0.0,0.0,0.0,0.0005506860630535,0.0,0.0,0.0,0.0002294525262723,0.0,0.0,0.0,0.0,0.0003900692946629,0.0041301454729016,0.0,0.0003900692946629,0.0012619888944977,0.0001606167683906,0.0,0.0141113303657472,0.0032582258730668,0.0007342480840714,0.0016520581891604,0.0002753430315267,0.0006654123261897,0.0,0.0091092652930108,0.0,0.0052315175990085,0.0,0.0,0.0,0.0,0.0,0.0,0.0,0.0,0.0,0.0,0.0,0.0020191822311963,0.0,0.0,0.0008260290945803,0.0,0.0129870129870129,0.0,0.0007571933366986,0.0,0.0,0.0,0.0,0.0,0.0,0.0073195355880868,0.0,0.0,0.0,0.0,0.000206507273645,0.0,0.0,0.0,0.0,0.0,0.0,0.0,0.0010325363682254,0.0,0.0034647331467119,0.0,0.0,0.0,0.0046578862833278,0.0,0.0,0.0012849341471249,0.0,0.0,0.0,0.0,0.0,0.0,0.0,0.0,0.0,0.0,0.0,0.0,0.0,0.0085585792299573,0.0,0.0,0.0109584275526178,0.0,0.0,0.0,0.0,0.0,0.0007571933366986,0.0,0.0,0.0,0.0,0.0023404157679776,0.0,0.0,0.0,0.0,0.0,0.0,0.0,0.0,0.0,0.0,Normal
2-12,0.0,0.0,0.0022117165685217,0.0,0.0,0.0,0.0,0.0,0.0,0.0023499488540543,0.0017417267977108,0.0,0.0,0.0,0.0,0.0,0.0,0.0,0.0,0.0014652622266456,0.0,0.0,0.0,0.0,0.0,0.0,0.0,0.0,0.0,0.0347792430400044,0.001962898454563,0.0,0.0009399795416217,0.0,0.0,0.0,0.0018523126261369,0.0,0.0016311409692847,0.0074645434187608,0.0080451190179978,0.0,0.0,0.0,0.0,0.0,0.0,0.0143269925355164,0.0,0.0,0.0,0.0003317574852782,0.0,0.0,0.0,0.0,0.0,0.0,0.0,0.0,0.0151226120372674,0.0,0.0,0.0,0.0003317574852782,0.0,0.0,0.0,0.0,0.0050040087362804,0.0,0.0,0.0,0.0,0.0,0.0,0.0003870503994913,0.0458378258826129,0.0041193221088717,0.0,0.0,0.0,0.0098697851870282,0.0,0.0,0.0063586851345,0.0,0.0,0.0010782118271543,0.0030964031959303,0.0,0.0,0.0,0.0,0.0,0.0111691686710348,0.0,0.0,0.0,0.0,0.0161455309502087,0.0006019744762822,0.0,0.0,0.0,0.0,0.0036493323380607,0.0016034945121782,0.0,0.0,0.000691161427663,0.0,0.0,0.0,0.0,0.0,0.0016855285335901,0.0,0.0,0.0,0.0352492328108149,0.0,0.0,0.0,0.0,0.0,0.0,0.0,0.0038152110807,0.0,0.0025711205109065,0.0011887976555804,0.0,0.0,0.0,0.002598766968013,0.0,0.0,0.0,0.0,0.000691161427663,0.0,0.1811672334190367,0.0,0.0072157253048021,0.0022117165685217,0.0,0.0030411102817173,0.0,0.0152331978656935,0.0014929086837521,0.0,0.0,0.0,0.0,0.0,0.0127726631832129,0.0016587874263913,0.0,0.0,0.0,0.0,0.0,0.0,0.0,0.0,0.0,0.0,0.0002488181139586,0.0,0.0,0.0011335047413673,0.0028199386248652,0.0,0.0,0.0,0.005142241021813,0.0,0.0,0.0124006742114134,0.0,0.0,0.0,0.0,0.0,0.0,0.0,0.0,0.0,0.7566819166867325,0.0,0.0,0.0198651577173127,0.0,0.1052251384541294,0.0,0.0024052417682673,0.0,0.0,0.0,0.0,0.0,0.0,0.0022393630256282,0.0,0.0,0.0,0.0,0.0,0.0,0.0,0.0,0.0005529291421304,0.0041746150230847,0.0,0.0,0.0074645434187608,0.0040916756517651,0.0,0.0,0.0,0.0,0.0,0.0,0.0,0.0,0.0,0.0,0.0,0.0,0.0,0.0,0.0,0.1266207735478696,0.0,0.0,0.0074645434187608,0.0,0.0,0.0,0.0,0.0211771861435954,0.0,0.0,0.0,0.0,0.0,0.0,0.0,0.0003041110281717,0.0,0.0,0.0068839678195238,0.0151779049514803,0.0,0.0,0.0026817063393326,0.0,0.0,0.0,0.0,0.0,0.0,0.0,0.0,0.0,0.0,0.0,0.0023775953111608,0.0,0.0004146968565978,0.0,0.0009676259987282,0.0103674214149456,0.0,0.021564236543087,0.0023499488540543,0.0,0.0,0.0,0.0002764645710652,0.0,0.0,0.0,0.0009123330845151,0.0,0.0,0.0,0.0,0.0,0.0103121285007326,0.0,0.0,0.0,0.0018059234288466,0.0,0.0,0.0,0.0,0.0,0.0,0.0,0.0,0.0,0.0,0.0010782118271543,0.0,0.0017417267977108,0.0,0.0,0.0,0.0,0.0002488181139586,0.0,0.0,0.0,0.0,0.0,0.0,0.0,0.0,0.0,0.0,0.0,0.0,Normal
2-13,0.0007551180221501,0.0,0.0,0.0027128314129097,0.0,0.0,0.0,0.0,0.0,0.0109911623224074,0.0,0.0,0.0,0.0,0.0,0.0,0.0,0.0,0.0,0.0,0.0,0.0010347913636872,0.0,0.0,0.0,0.0076910168922698,0.0,0.0,0.0005313793489204,0.0298131782078532,0.001622105380915,0.0,0.0,0.0,0.0,0.0006432486855352,0.0,0.0006991833538427,0.0019297460566058,0.0,0.0,0.0,0.0,0.0,0.0,0.0,0.0,0.0014462809917355,0.0,0.0,0.0083062982436514,0.0014822687101465,0.0,0.0,0.0006991833538427,0.0,0.0,0.0,0.0,0.0,0.0,0.0,0.0,0.0,0.0005593466830741,0.0,0.0,0.0,0.0,0.0,0.0,0.0,0.0,0.0,0.0,0.0004474773464593,0.0004195100123056,0.0074393108848863,0.0017060073833762,0.0010347913636872,0.0006432486855352,0.0,0.0,0.0,0.0,0.0014263340418391,0.0020695827273744,0.0,0.0,0.0,0.0009788566953797,0.0,0.0,0.0,0.0,0.0022094193981429,0.0,0.0007551180221501,0.0,0.0231849200134243,0.0113827050005592,0.009297520661157,0.0,0.0024611254055263,0.0,0.0,0.0018458440541447,0.0236323973598835,0.0,0.0,0.0106555543125629,0.0,0.0,0.0,0.0,0.0,0.1671487603305785,0.0,0.0,0.0,0.0137319610694705,0.0,0.0021255173956818,0.0,0.0,0.0,0.0,0.0,0.0033560800984449,0.0,0.0110470969907148,0.0017060073833762,0.0004474773464593,0.0015102360443002,0.0,0.0006432486855352,0.0,0.0,0.0,0.0,0.0012585300369168,0.0,0.0519073721892829,0.0,0.0,0.0027687660812171,0.0,0.0002237386732296,0.0,0.0,0.0024331580713726,0.000950889361226,0.0,0.0002237386732296,0.0,0.0010907260319945,0.0034120147667524,0.0005873140172278,0.0,0.0070477682067345,0.0,0.0,0.0,0.0015382033784538,0.0,0.0,0.0,0.0,0.0,0.0009788566953797,0.0,0.000950889361226,0.0204720886005145,0.0028247007495245,0.0031043740910616,0.0093690569414923,0.0,0.0484673900883766,0.0,0.012190082644628,0.0,0.065495867768595,0.0,0.0,0.0,0.0,0.0142561983471074,0.0008264462809917,0.0,0.2489669421487602,0.0,0.0,0.0,0.0,0.3398760330578511,0.0,0.0003076406756907,0.0013144647052242,0.0,0.0,0.0,0.0,0.0016221053809149,0.0029925047544468,0.0,0.0,0.0,0.0142353730842376,0.0048663161427452,0.0,0.0,0.0,0.0,0.0023212887347577,0.0,0.0,0.0029925047544467,0.0088376775925718,0.0,0.0037196554424431,0.0,0.000475444680613,0.0,0.0087817429242643,0.0,0.072882872804564,0.0,0.0,0.0,0.0,0.0,0.0,5.593466830741694e-05,0.1131838013200581,0.0,0.0009788566953797,0.1629097214453518,0.0,0.0,0.0,0.0,0.0100682402953349,0.0032721780959838,0.0,0.0,0.0,0.0,0.0,0.0,0.0,0.0,0.0,0.0070198008725807,0.0052578588208971,0.0024331580713726,0.0,0.0,0.0,0.0,0.0,0.0,0.0,0.0,0.0,0.0027128314129097,0.0,0.000671216019689,0.0199686765857478,0.0,0.0,0.0003635753439982,0.0,0.0,0.0003915426781519,0.0,0.0,0.0,0.0208356639445128,0.0011746280344557,0.00248909273968,0.0009788566953797,0.0006432486855352,0.0,0.0,0.0002517060073833,0.0,0.0,0.0,0.0015382033784539,0.0,0.0100123056270276,0.0,0.0029086027519856,0.0,0.0,0.0,0.0,0.0014263340418391,0.0,0.0,0.0007271506879964,0.0,0.0,0.0,0.0,0.0069918335384271,0.0,0.0043629041279785,0.0,0.0,0.0004195100123056,0.0,0.0,0.0,0.0,0.0020661157024793,0.0,0.0,0.0,0.0,0.0,0.0,0.0,0.0,0.0,Normal
2-14,0.0,0.0,0.0,0.000302402940287,0.0012793970550605,0.0,0.0,0.0,0.0,0.0048617088092302,0.0001860941170997,0.0,0.0,0.0,0.0,0.0,0.0,0.0,0.0,0.0035125264602572,0.0,0.0,0.0,0.0,0.0,0.0114447882016329,0.0031222123104371,0.0,0.0,0.0135383470190048,0.0019307264649096,0.0,0.0014422294075228,0.0,0.0,0.0,0.0,0.0,0.0,0.0,0.0081416176231128,0.0,0.0,0.0,0.0,0.0,0.0,0.0,0.0,0.0,0.0,0.0016748470538975,0.0,0.0,0.0,0.0,0.0,0.0001395705878247,0.0,0.0,0.0,0.0,0.0,0.0,0.0005117588220242,0.0,0.0,0.0,0.0,0.0,0.0,0.0,0.0,0.0,0.0,0.0,0.0044662588103933,0.0068156970387772,0.0007443764683988,0.0,0.0,0.0,0.0007443764683988,0.0,0.0,0.0049082323385051,0.0,0.0,0.0,0.00165158528926,0.0,0.0,0.0,0.0,0.0,0.0012328735257856,0.0,0.0,0.0,0.0,0.0,0.0,0.0001395705878247,0.0,0.0,0.0,0.0061876293935657,0.0,0.0,0.0,0.0,0.0,0.0,0.0,0.0,0.0,0.0024531668153434,0.0,0.0975691347011596,0.0,0.0090488264439739,0.0,0.0,0.0,0.0007211147037614,0.0,0.0,0.0,0.0025820558747586,0.0,0.0054199911605294,0.0,0.0,0.0046756146921305,0.0,0.0,0.0,0.0,0.0,0.0,0.0006745911744864,0.0,0.0117937146711949,0.0,0.0216334411128428,0.0103049617343971,0.0,0.0,0.00165158528926,0.0,0.002349438228384,0.0,0.0,0.0,0.0,0.0,0.0,0.0016050617599851,0.0,0.0,0.0,0.0,0.0,0.002256391169834,0.0,0.0,0.0141431528995789,0.0,0.0022098676405592,0.0,0.0,0.0002326176463746,0.0033962176370699,0.0,0.0,0.0,0.0,0.0,0.0,0.7564674397859051,0.0,0.0,0.0,0.0,0.0,0.0509589652096342,0.0,0.0,0.0,0.0,0.0,0.0,0.0,0.0,0.0,0.0,0.0026983646979459,0.0,0.0,0.0,0.0,0.0,0.0,0.0034660029309823,0.0,0.0,0.0,0.0,0.0021633441112842,0.0,0.0,0.0,0.0,0.0535951057247199,0.0,0.0,0.0173532764195491,0.0847426085742862,0.0,0.0175858940659238,0.0,0.0,0.0,0.0,0.0,0.0,0.0,0.0,0.0,0.0,0.0,0.0,0.0,0.0004652352927493,0.0,0.0,0.0324966851985391,0.0,0.0,0.0,0.0,0.0018376794063597,0.0,0.0,0.0,0.0,0.0,0.0,0.0,0.0220056293470422,0.0,0.0,0.0327525646095512,0.0043964735164809,0.0,0.0,0.0032101235199702,0.0,0.0,0.0016283235246225,0.0521296145525599,0.0,0.0,0.0,0.0,0.0,0.0,0.0,0.0225173881690665,0.0,0.0031170764614203,0.0,0.000651329409849,0.0072576705668892,0.0,0.0096303705599106,0.0,0.0,0.0,0.0,0.0007676382330363,0.0,0.0,0.0,0.0008374235269487,0.0,0.0,0.0,0.0,0.0,0.0094210146781734,0.0054638715432649,0.0,0.0,0.0,0.0,0.0,0.0,0.0,0.0,0.0,0.0,0.0008839470562236,0.0,0.0,0.0023726999930214,0.0,0.0018609411709972,0.0,0.0,0.0,0.0,0.0014887529367977,0.0,0.0,0.0,0.0,0.0,0.0,0.0,0.0,0.0,0.0,0.0,0.0,Normal
2-15,0.0095884716641263,0.0018844395178051,0.0,0.0006096716087016,0.0,0.0036026049605099,0.0013301926008036,0.0093944852431758,0.0010253567964528,0.0,0.0,0.0006650963004018,0.0013579049466537,0.0057578323454699,0.0014964666759041,0.0019121518636552,0.0,0.0162948593598448,0.0,0.0,0.0006928086462519,0.0,0.002577248164057,0.0,0.0020507135929056,0.0,0.0111769686706181,0.0010253567964528,0.0,0.0,0.0,0.0027435222391575,0.0,0.0,0.0074513124470787,0.0,0.0,0.0,0.0,0.0,0.0,0.0015518913676042,0.0179508890770533,0.0,0.0,0.0,0.0057364555909657,0.0,0.0,0.0003602604960509,0.0003325481502009,0.0,0.0017458777885548,0.000748233337952,0.0016073160593044,0.0074513124470787,0.0074823333795205,0.0131356519329361,0.0,0.0,0.0,0.0006650963004018,0.0013856172925038,0.001468754330054,0.0,0.0025402201524132,0.0,0.0,0.0,0.0,0.0,0.0052653457115144,0.0082859914091727,0.0,0.0032700568103089,0.0143827074961895,0.0,0.0,0.0,0.0026326728557572,0.0,0.0020507135929056,0.0,0.0020230012470555,0.002189275322156,0.0,0.0006650963004018,0.0,0.0,0.001468754330054,0.0011639185257032,0.0,0.0078980185672717,0.0,0.0017458777885548,0.001108493834003,0.0014410419842039,0.0011362061798531,0.0,0.0362754607177496,0.0067618123874185,0.0062658763759525,0.0111126506858805,0.0007759456838021,0.0038243037273103,0.0007205209921019,0.0,0.0,0.0,0.0,0.0012470555632534,0.0,0.0027712345850076,0.1020091450741305,0.0284882915338783,0.0,0.2403048264182896,0.0,0.0,0.0041014271858112,0.00368574199806,0.0,0.001468754330054,0.0,0.0,0.0008590827213523,0.0,0.0010253567964528,0.0004156851877511,0.0027435222391575,0.016405708743245,0.0,0.0085354025218234,0.0,0.002216987668006,0.0,0.0004711098794512,0.0015518913676042,0.0,0.001829014826105,0.0013024802549535,0.0161008729388942,0.0003602604960509,0.0,0.0,0.0,0.0010807814881529,0.0,0.0,0.0,0.0,0.0,0.0004988222253013,0.0012193432174033,0.0,0.0006096716087016,0.0054039074407648,0.0,0.0,0.0,0.0,0.0,0.0023278370514064,0.0,0.0,0.0012747679091035,0.0,0.0001939864209505,0.0047665234862131,0.0,0.0,0.0,0.0,0.0,0.0035748926146598,0.0,0.0,0.0005819592628516,0.0,0.0069432684165961,0.0829805249788314,0.0,0.0,0.0,0.0,0.0260795935647756,0.0,0.0,0.0,0.2733276883996612,0.0,0.0,0.0,0.015580016934801,0.244707874682472,0.0,0.0,0.0008313703755022,0.0006373839545517,0.0,0.0052653457115144,0.0,0.0041291395316612,0.0,0.0024663987806567,0.0,0.0017458777885548,0.0,0.0,0.0,0.005847304974366,0.0,0.0,0.0001108493834003,0.0,0.0017458777885547,0.0,0.0001385617292503,0.0,0.0,0.0,0.0,0.0,0.0012193432174033,0.0024386864348067,0.0015241790217541,0.0004988222253013,0.013495912428987,0.0,0.005126783982264,0.0004988222253013,0.0,0.0055424691700151,0.0865179437439378,0.0022447000138561,0.0,0.0014964666759041,0.0,0.0061244284328668,0.0072606346127197,0.0152140778716916,0.0,0.0015241790217541,0.0,0.0015518913676042,0.0020784259387557,0.0050159345988637,0.0,0.0,0.0,0.0008313703755022,0.0,0.0008867950672024,0.00737148399612,0.0019398642095053,0.0165996951641956,0.0,0.0013024802549535,0.0009699321047526,0.0,0.0,0.0029652210059581,0.0,0.0011639185257032,0.0020507135929055,0.0057918802826659,0.0008590827213523,0.0085631148676735,0.0,0.0,0.0,0.000748233337952,0.0,0.0,0.0092559235139254,0.0,0.0,0.0,0.0,0.0020230012470554,0.0009145074130525,0.0,0.0,0.0030483580435083,0.0144935568795898,0.0,0.00365802965221,0.0,0.0,0.0021615629763059,0.0,0.0143945808636748,0.0,0.0013024802549535,0.0099915325994919,0.0,0.0,0.0,0.0,0.0,0.0019675765553554,0.0,0.0,0.0,0.0013024802549535,0.0,0.0,0.0,0.0053761950949147,0.0008867950672024,0.0,0.0,0.0,0.0024663987806567,0.0,0.0096528365791701,0.0013579049466537,0.0,0.0005265345711514,0.0,0.0,0.0,0.0,0.0,0.000387972841901,Normal
2-16,0.0,0.0,0.0,0.0,0.0,0.0,0.0,0.0,0.0,0.0,0.0,0.0006867969212551,0.0,0.0,0.0,0.0,0.0016577856719952,0.0,0.0,0.0,0.0,0.0114624037892243,7.104795737122558e-05,0.0,0.0,0.0,0.0,0.0,0.0,0.0,0.0,0.0,0.0,0.0,0.0021808088818398,0.000639431616341,0.0,0.0026287744227353,0.0,0.0,0.0,0.0,0.0,0.0,0.0,0.0031720856463124,0.0011604499703966,0.0,0.0,0.0,0.0084310242747187,0.0,0.0,0.0,0.0,0.0,0.0,0.0243694493783303,0.0,0.0,0.0,0.0,0.0,0.0064416814683244,0.000639431616341,0.0,0.0,0.0054233274126702,0.0,0.0,0.0,0.0,0.0,0.0,0.0,0.0,0.0004026050917702,0.0,0.0,0.0042155121373593,0.0,0.0,0.0,0.0005920663114268,0.0176198934280639,0.0,0.0,0.0,0.0,0.0,0.0010183540556542,0.0,0.0,0.0,0.0,0.0,0.0018709295441089,0.0008999407933688,0.0004262877442273,0.0,0.0009236234458259,0.0,0.0,0.0016814683244523,0.0012078152753107,0.0,0.0,0.0,0.0,0.0,0.0090941385435168,0.0,0.0,0.0,0.0,0.0,0.0029738302934179,0.0,0.0,0.0017761989342806,0.00097098875074,0.0,0.0026998223801065,0.0,0.0,0.0,0.0232326820603907,0.0,0.0071284783895796,0.0,0.0,0.0,0.0021551213735938,0.0,0.0,0.0,0.0006867969212551,0.0010894020130254,0.0,0.0,0.0,0.0002368265245707,0.0011604499703966,0.0,0.0,0.0,0.0,0.0,0.0,0.0,0.0,0.0,0.0,0.0,0.0,0.0,0.0,0.0,0.0,0.0002368265245707,0.0,0.0,0.0003552397868561,0.0,0.0,0.0,0.0,0.0,0.0339372409709887,0.0010894020130254,0.0,0.0,0.0,0.0,0.0035287152161042,0.0023919478981645,0.0,0.0,0.0,0.0,0.1192505947660586,0.0,0.0,0.0,0.0,0.006046788263283,0.0013877874702616,0.0,0.0,0.0498612212529738,0.0,0.0,0.0,0.0,0.0495638382236318,0.0,0.0,0.0015156897572528,0.0,0.0,0.0234458259325044,0.0,0.0028182356423919,0.0,0.0007578448786264,0.0006867969212551,0.0,0.0037655417406749,0.0,0.0,0.0015393724097098,0.000331557134399,0.0,0.0,0.004097098875074,0.0014920071047957,0.0,0.0002368265245707,0.0,0.0,0.0,0.0001420959147424,0.0020367081113084,0.0,0.0,0.0,0.000331557134399,0.0,0.0,0.0,0.0,0.0025814091178211,0.0,0.0002368265245707,0.0,0.0,0.0056364712847838,0.0,0.0,0.0,0.0,0.0,0.0059443457667258,0.0,0.0,0.0,0.0,0.0,0.0,0.0,0.0,0.0,0.0,0.0,0.0,0.0048786264061574,0.0,0.0,0.0,0.0,0.0,0.0,0.0,0.0,0.0346240378922438,0.0,0.0,0.0,0.0,0.0,0.0,0.0,0.0,0.0,0.0,0.0,0.0,0.129496743635287,0.0,0.0093309650680876,0.0004973357015985,0.0,0.0,0.0052575488454706,0.0049259917110716,0.0,0.0,0.0,0.0,0.0008762581409117,0.0,0.0,0.0067258732978093,0.0002605091770278,0.0,0.0,0.0,0.0,0.0,0.0,0.0,0.0015156897572528,0.0,0.0077319587628865,0.0,0.0,0.0,0.0,0.0,0.0,0.0,0.0,0.0,0.0,0.0,0.0,0.0,0.0,0.0,0.0,0.0,0.0,0.0,0.0003078744819419,0.000331557134399,Normal
2-17,0.0,0.0,0.0,0.0,0.0009498533314708,0.0010616007822321,0.0,0.0,0.0,0.0032965497974577,0.0,0.0,0.0015924011733482,0.0,0.0,0.0,0.0,0.0275736834753457,0.0,0.0,0.0,0.0,0.000530800391116,0.0,0.0,0.0,0.0026796973518284,0.0,0.0009777901941611,0.0054476882246123,0.0,0.0,0.0,0.0,0.0,0.0,0.0023187596032965,0.0011174745076127,0.0,0.0013409694091353,0.0,0.0004749266657354,0.0066204287515762,0.0,0.0,0.0,0.0016762117614191,0.0080390920554854,0.0,0.0015085905852772,0.0,0.0002514317642128,0.0,0.0011454113703031,0.0008939796060902,0.0,0.0020952647017739,0.0,0.0,0.0,0.0039390976393351,0.0007263584299483,0.0,0.0,0.0,0.0,0.0,0.0,0.0,0.0014527168598966,0.0,0.0,0.0,0.0008101690180192,0.0019835172510127,0.0,0.0,0.0042184662662381,0.0032406760720771,0.0,0.0,0.0,0.0070121525352702,0.0,0.0,0.0,0.0005028635284257,0.0,0.0,0.001313032546445,0.0008381058807095,0.0,0.0012012850956837,0.0,0.0,0.0405084509009638,0.0015085905852772,0.0003352423522838,0.0051962564603994,0.0046375192065931,0.0036597290124318,0.0,0.0182148344740885,0.0050565721469478,0.0,0.0,0.0044419611677607,0.0012571588210643,0.0,0.0,0.0007542952926386,0.0,0.0,0.0,0.127336220142478,0.0,0.2544136191677175,0.0,0.0,0.0034921078362899,0.0153932113423655,0.0,0.0014527168598966,0.0020393909763933,0.0,0.0,0.0,0.0002514317642128,0.0023466964659868,0.0011733482329934,0.0065092890068444,0.0006704847045676,0.0057549937142057,0.0,0.0006425478418773,0.0005587372538063,0.0,0.0,0.0,0.0013968431345159,0.000530800391116,0.0,0.1516412906830557,0.0123480933091213,0.0,0.0038832239139544,0.0026819388182707,0.0,0.0,0.0,0.0031009917586255,0.0,0.0,0.0,0.0,0.0010336639195418,0.0046933929319737,0.0006984215672579,0.0,0.0,0.0,0.0,0.0,0.0,0.0011733482329934,0.0007822321553289,0.0,0.0,0.0008939796060902,0.0,0.0,0.0032127392093867,0.0029054337197931,0.0007822321553289,0.0062857941053219,0.0,0.0071797737114121,0.0,0.0020491803278688,0.007093316519546,0.0,0.0,0.0,0.0,0.0,0.0020491803278688,0.0,0.0031525851197982,0.0,0.4162988650693566,0.0,0.0,0.0,0.0354665825977301,0.2334489281210591,0.0,0.0006704847045676,0.0007542952926386,0.0,0.0,0.0003073054895935,0.0,0.0068165944964378,0.0004469898030451,0.0003911160776644,0.0,0.0,0.0017041486241095,0.0,0.0004190529403547,0.0,0.0,0.0005866741164967,0.0,0.0,0.0014806537225868,0.0009219164687805,0.0103645760581086,0.0081967213114754,0.0,0.0,0.0003911160776644,0.0,0.0,0.0,0.0,0.0,0.0014247799972063,0.0,0.0,0.0,0.0,0.0057829305768961,0.065679564184942,0.0009498533314708,0.0005587372538063,0.0065372258695348,0.0,0.0,0.0,0.0213158262327139,0.0086045537086184,0.0,0.0,0.0001676211761419,0.0,0.0,0.0,0.0,0.0,0.0,0.0,0.0051124458723284,0.0095823439027796,0.0,0.0016482748987288,0.0,0.0,0.0,0.0,0.0,0.0017041486241095,0.0,0.0006984215672579,0.0027936862690319,0.0,0.0,0.00262606509289,0.0,0.0,0.0,0.0005028635284257,0.0004749266657354,0.0,0.0,0.0052241933230898,0.0015085905852772,0.0006704847045676,0.0,0.0,0.0021790752898448,0.0004469898030451,0.0,0.0,0.0053638776365413,0.0018438329375611,0.0,0.0,0.0045816454812124,0.0,0.0013409694091353,0.0023644388398486,0.0,0.0,0.0050441361916771,0.0,0.0,0.0,0.0,0.0,0.001313032546445,0.0,0.0008101690180192,0.0,0.0006704847045676,0.0024584439167481,0.0,0.0,0.0007263584299483,0.0,0.0,0.0,0.0,0.0003073054895935,0.0,0.0,0.0014806537225869,0.0,0.000614610979187,0.0,0.0,0.0065372258695348,0.0,0.0,0.0,Normal
2-18,0.0,0.0,0.0,0.0,0.0,0.0006515129578688,0.0015684571207953,0.0,0.0,0.0,0.0,0.0007239032865209,0.000796293615173,0.0026673779674579,0.0004102118623618,0.0,0.0,0.0055499251966603,0.0,0.0,0.0,0.0,0.0005067323005646,0.0,0.0,0.0,0.0044011736463056,0.0041021186236185,0.0,0.0,0.0,0.0018338883258529,0.0,0.0,0.0046679114430514,0.0,0.0014236764634911,0.0,0.0,0.0,0.0,0.0,0.0080021339023739,0.0,0.0,0.0,0.0050914531151971,0.0,0.0273394141209401,0.0192799575310071,0.0,0.0,0.0,0.0014236764634911,0.0,0.0040010669511869,0.0058394865112687,0.0,0.0003619516432604,0.0019786689831571,0.0011823753679841,0.0,0.0,0.0016649775589981,0.0005791226292167,0.0,0.0006756430674195,0.0,0.0,0.0,0.0,0.0020751894213599,0.0,0.0,0.0,0.0,0.0,0.0,0.0006515129578688,0.0036677766517059,0.0,0.0011823753679841,0.0014478065730418,0.0,0.0,0.0,0.0,0.0017373678876502,0.0,0.0017614979972009,0.0035471261039525,0.0,0.0,0.0,0.0,0.0003619516432604,0.0014960667921432,0.0017373678876502,0.0248540128372182,0.0104724675450026,0.0047053713623859,0.0252067217924779,0.0027508324887794,0.0006032527387674,0.0021958399691134,0.0,0.0,0.0,0.0,0.0013271560252883,0.0003860817528111,0.0,0.0,0.0,0.0,0.0038608175281115,0.0433448919711923,0.0,0.0,0.0020751894213599,0.0040055981854156,0.0,0.0049949326769943,0.0010858549297813,0.0,0.0,0.0,0.0018821485449543,0.0,0.0,0.0095313932725254,0.0,0.0168186863568359,0.0,0.0,0.002388880845519,0.0013271560252883,0.0012306355870855,0.0004826021910139,0.0,0.001592587230346,0.0,0.0164084744944738,0.0,0.0,0.0022441001882148,0.0,0.0,0.0,0.0,0.0,0.0,0.0,0.0,0.0,0.0,0.0013995463539404,0.0,0.0065151295786882,0.0,0.0,0.0018338883258529,0.0,0.0,0.0013030259157376,0.0017132377780995,0.0,0.0,0.0010858549297813,0.0011341151488827,0.0,0.0,0.0,0.0031369142415906,0.0062255682640799,0.0,0.0,0.0003860817528111,0.0,0.044945318751667,0.0,0.0,0.0,0.0,0.0,0.0140037343291544,0.0032008535609495,0.0,0.0,0.3215524139770604,0.0,0.0,0.0,0.0606828487596692,0.279141104294478,0.0,0.0,0.0004343419719125,0.0006273828483181,0.0,0.0004102118623618,0.0,0.0087109695478016,0.0,0.0013995463539404,0.0,0.0,0.0,0.0,0.0,0.0051397133342984,0.0,0.0004584720814632,0.0,0.0055257950871096,0.0022682302977655,0.0,0.0,0.0,0.0,0.002147579750012,0.0,0.0009652043820278,0.0,0.0,0.0003619516432604,0.0,0.0185560542444862,0.0,0.0,0.0,0.0,0.0038125573090101,0.0008928140533758,0.0006756430674195,0.0014478065730418,0.0,0.0,0.0057670961826166,0.0198832102697745,0.0,0.0018338883258529,0.003426475556199,0.0,0.0012547656966362,0.0012547656966362,0.0,0.0,0.0011823753679841,0.0,0.0,0.0,0.0,0.0005791226292167,0.0,0.0002413010955069,0.0,0.0,0.0,0.0,0.0,0.0015684571207953,0.0019786689831571,0.0,0.0137782925534481,0.0,0.0008445538342744,0.0018097582163023,0.0,0.0025577916123739,0.0,0.0008686839438251,0.0,0.0,0.0043675498286762,0.0040538584045171,0.0007721635056223,0.0,0.0,0.005019062786545,0.0,0.0007721635056223,0.0,0.0056947058539645,0.0010375947106799,0.0,0.0,0.0008445538342744,0.0,0.0,0.0,0.0064017071218991,0.0054534047584576,0.0052362337725013,0.0050680181381701,0.0,0.0041344358495598,0.0,0.0,0.0,0.0,0.0012306355870855,0.0,0.0,0.002147579750012,0.0,0.0,0.0,0.0013754162443897,0.0002171709859562,0.0,0.0,0.0,0.0,0.0,0.0064017071218991,0.0011823753679841,0.0,0.0009410742724771,0.0,0.0011341151488827,0.0,0.0008928140533758,0.0001930408764055,0.0005308624101153,Normal
2-19,0.0,0.0,0.0,0.0,0.0,0.0,0.0,0.0,0.0,0.001054666901037,0.001330889184642,0.0009542224342716,0.0,0.0,0.0,0.0,0.0,0.0,0.0,0.0014815558847901,0.0,0.0,0.0,0.0010295557843457,0.0,0.0197875599527911,0.0,0.0,0.0005524445672099,0.0037164452703211,0.0014564447680988,0.0,0.003641111920247,0.0,0.0,0.0,0.0,0.0,0.0015820003515556,0.0,0.00517289003842,0.0,0.0,0.0,0.0,0.0,0.0,0.0,0.0,0.0,0.0,0.0003013334002963,0.0,0.0,0.0,0.0,0.0,0.0,0.0,0.0,0.0,0.0,0.0,0.0,0.0010295557843457,0.0,0.0,0.0,0.0,0.0,0.0,0.0,0.0,0.0,0.0,0.0,0.0046957788212841,0.0111493358109632,0.0003766667503703,0.0,0.0,0.0,0.0023604449689876,0.0,0.0,0.0043944454209878,0.0,0.0,0.0,0.0026366672525927,0.0,0.0,0.0,0.0,0.0,0.0006528890339753,0.0,0.0,0.0,0.0,0.0,0.0,0.0,0.0,0.0,0.0,0.0333726740828164,0.0003013334002963,0.0,0.0,0.0004017778670617,0.0,0.0,0.0,0.0,0.0,0.0044964028776978,0.0,0.1771582733812948,0.0,0.0336740074831126,0.0,0.0,0.0,0.0002511111669135,0.0,0.0,0.0,0.0014564447680988,0.0,0.0051226678050372,0.0,0.0,0.0019084448685433,0.0,0.0,0.0,0.0,0.0,0.0,0.0003013334002963,0.0,0.2782311729402601,0.0,0.0278984506441001,0.002938000652889,0.0,0.0,0.0,0.0119026693117042,0.0042437787208397,0.0,0.0,7.533335007407779e-05,0.0002260000502222,0.0,0.0,0.0006277779172839,0.0,0.0,0.0,0.0,0.0,0.003992667553926,0.0,0.0,0.0298571177460261,0.0,0.0010295557843457,0.0,0.0,0.0002762222836049,0.0023353338522964,0.0,0.0,0.0,0.0,0.0,0.0,0.6119604316546761,0.0,0.0,0.0,0.0,0.0,0.0020983213429256,0.0,0.0,0.0,0.0118405275779376,0.0,0.0,0.0,0.0,0.0,0.0,0.0020340004520001,0.0,0.0,0.0,0.0,0.0,0.0,0.0024357783190618,0.0,0.0,0.0,0.0,0.0,0.0,0.0,0.0,0.0,0.0313637847475076,0.0,0.0,0.0013057780679506,0.1474022549782788,0.0,0.0159957813323958,0.0,0.0,0.0,0.0,0.0,0.0,0.0,0.0,0.0,0.0,0.0,0.0,0.0,0.0,0.0,0.0,0.0101197800266177,0.0,0.0,0.0,0.0,0.0016573337016297,0.0,0.0004268889837531,0.0,0.0,0.0,0.0,0.0,0.0107475579439017,0.0,0.0,0.0049468899881976,0.0197373377194083,0.0,0.0,0.0014062225347161,0.0,0.0,0.0005524445672099,0.0080355573412349,0.0,0.0,0.0,0.0,0.0,0.0,0.0,0.0118775581950128,0.0,0.0024608894357532,0.0,0.0002511111669135,0.0058508901890867,0.0,0.0075584461240991,0.0025613339025186,0.0,0.0,0.0,0.0018582226351605,0.0,0.0,0.0,0.0022851116189136,0.0,0.0,0.0,0.0,0.0,0.0064786681063706,0.0,0.0,0.0,0.0020983213429256,0.0,0.0,0.0,0.0,0.0,0.0,0.0,0.0,0.0,0.0,0.0008537779675062,0.0,0.0149913366647414,0.0,0.0,0.0,0.0,0.0041433342540742,0.0,0.0,0.0,0.0,0.0,0.0,0.0,0.0,0.0,0.0,0.0,0.0,Normal
2-2,0.001631110190555,0.0002847970173985,0.0,0.0034693454846727,0.0006472659486329,0.0,0.0,0.0051781275890637,0.0,0.003495236122618,0.0,0.0003624689312344,0.0022524855012427,0.0,0.0,0.0008802816901408,0.0,0.1154981358740679,0.0007508285004142,0.0,0.0,0.0,0.0006731565865782,0.0,0.0,0.0,0.0,0.0,0.0,0.0053334714167357,0.0006731565865782,0.0,0.0,0.0,0.0,0.0,0.0,0.0005178127589063,0.0,0.0,0.0,0.0,0.0041780911346128,0.0,0.0,0.0,0.0,0.0,0.0,0.0,0.0067574565037282,0.0,0.0,0.0,0.0007767191383595,0.0,0.0,0.0,0.0,0.0,0.0,0.0,0.0,0.0,0.0005178127589063,0.0,0.0,0.0,0.0,0.0,0.0,0.0,0.0003883595691797,0.0005954846727423,0.0040130488815244,0.0,0.0,0.0,0.0,0.0,0.0,0.0,0.0,0.0,0.0007249378624689,0.0,0.0016828914664457,0.0,0.0010097348798674,0.000491922120961,0.0,0.0009061723280861,0.0,0.0,0.0,0.0002071251035625,0.0,0.0,0.0,0.0235863711681855,0.0093724109362054,0.0,0.0092688483844241,0.0,0.0,0.0001553438276719,0.0,0.0,0.0,0.0,0.0011132974316487,0.0,0.0,0.0863970588235294,0.0219552609776304,0.0010874067937033,0.1267789528659094,0.0,0.0,0.0008285004142502,0.0239488400994195,0.0,0.0003624689312344,0.0,0.0011909693454846,0.0,0.0,0.0,0.0011909693454846,0.0,0.0060066280033138,0.0,0.0,0.0,0.0,0.0,0.0007508285004142,0.0,0.0,0.0008543910521955,0.0010356255178127,0.0,0.1005074565037279,0.0,0.0008026097763048,0.004634424192212,0.0,0.0,0.0,0.0,0.0,0.0005178127589063,0.0006990472245236,0.000491922120961,0.0,0.0041942833471416,0.0032363297431647,0.0,0.0,0.0021230323115161,0.0,0.0,0.0,0.0002071251035625,0.0,0.0,0.0,0.0,0.0014757663628831,0.0,0.0,0.0004660314830157,0.000491922120961,0.0,0.0028220795360397,0.0004401408450704,0.0003106876553438,0.0402340513670256,0.0,0.0041780911346128,0.0,0.3277190233711973,0.0,0.0,0.0,0.0091395743569656,0.0331635983809896,0.0,0.0,0.0107063585324454,0.0,0.3403838621229925,0.0,0.0177568873221047,0.0605823214518866,0.0,0.0005437033968516,0.0004401408450704,0.001139188069594,0.0,0.0,0.0,0.0017346727423363,0.0,0.0,0.0,0.0,0.0166217895608947,0.000491922120961,0.0044272990886495,0.0,0.0,0.0,0.0005178127589063,0.0,0.0,0.0028997514498755,0.0049192212096104,0.0,0.0,0.0,0.0,0.0,0.0074565037282517,0.0,0.0022265948632973,0.0,0.005281690140845,0.0178874526700613,0.0,0.003003314001657,0.0,0.0041166114333057,0.0442988815244407,0.0,0.0,0.0632508285004142,0.0006472659486329,0.0016828914664457,0.0,0.0103821458160728,0.0015275476387737,0.0006213753106876,0.0,0.0,0.0,0.0,0.0,0.0031068765534382,0.0,0.0018382352941176,0.0039612676056338,0.0006213753106876,0.0030550952775475,0.0039094863297431,0.0062396437448218,0.0,0.0,0.0,0.0,0.0,0.0,0.0,0.0,0.0021489229494614,0.0,0.0187966031483015,0.0093724109362053,0.0,0.0,0.0,0.0,0.0005178127589063,0.0,0.006576222038111,0.0,0.0,0.0078189726594862,0.0250103562551781,0.0034175642087821,0.0010874067937033,0.0015275476387738,0.0,0.0,0.0013722038111018,0.0,0.0,0.0,0.0,0.0,0.0007767191383595,0.0,0.0029774233637116,0.0,0.0,0.0,0.0,0.0,0.0,0.0,0.0016828914664457,0.0,0.0,0.0,0.0,0.0,0.0,0.0025113918806959,0.0,0.0,0.0008285004142502,0.0,0.0,0.0,0.0024078293289146,0.0,0.0,0.0,0.0009579536039768,0.0,0.0009320629660314,0.0031327671913835,0.0,0.0,0.0001812344656172,Normal
2-20,0.0,0.0,0.0025720620842572,0.0,0.0,0.0,0.0,0.0,0.0,0.0117960088691796,0.0,0.0012712490761271,0.0,0.0,0.0,0.0,0.0,0.0,0.0,0.0431929046563192,0.0,0.0,0.0,0.0008869179600886,0.0,0.0017147080561714,0.0,0.0,0.0022764227642276,0.0060310421286031,0.0007686622320768,0.0,0.0004138950480413,0.0,0.0070645905420991,0.0,0.0,0.0,0.0014781966001478,0.0,0.0117664449371766,0.0,0.0,0.0,0.0,0.0,0.0,0.0138408304498269,0.0,0.0,0.0,0.0020399113082039,0.0,0.0,0.0,0.0,0.0,0.0,0.0,0.0,0.0,0.0,0.0,0.0,0.0010051736881005,0.0,0.0,0.0,0.0,0.0007686622320768,0.0,0.0,0.0,0.0004730229120473,0.0,0.0,0.0043163340724316,0.00860310421286,0.0036659275683665,0.0002069475240206,0.0,0.0,0.1100665188470066,0.0,0.0,0.0008573540280857,0.0,0.0,0.0,0.0011529933481152,0.0,0.0,0.0,0.0,0.0,0.0031633407243163,0.0,0.0,0.0,0.0,0.0,0.0,8.869179600886918e-05,0.0,0.0,0.0,0.008721359940872,0.0041389504804138,0.0,0.0,0.0016851441241684,0.0,0.0,0.0,0.0,0.0,0.0031718569780853,0.0,0.0278258362168396,0.0,0.0,0.0,0.0,0.0,0.0,0.0,0.0,0.0,0.0020990391722099,0.0,0.0530672579453067,0.0111456023651145,0.0,0.0,0.0,0.0,0.0,0.0,0.0,0.0,0.0010347376201034,0.0,0.170613451589061,0.0,0.0166444937176644,0.0019216555801921,0.0,0.0059719142645971,0.003370288248337,0.0083665927568366,0.0010347376201034,0.0,0.0,0.0,0.0163192904656319,0.0,0.0007095343680709,0.0019216555801921,0.0,0.0,0.0,0.0,0.0,0.0,0.0,0.0,0.0,0.0,0.0023651145602365,0.0,0.0,0.000620842572062,0.0353288987435327,0.0,0.0,0.0,0.0,0.0,0.0,0.5389273356401383,0.0,0.0,0.0,0.0,0.0,0.0344579008073817,0.0,0.0,0.0,0.155420991926182,0.0,0.0,0.0942906574394463,0.0,0.0618512110726642,0.0,0.0014486326681448,0.0,0.0,0.0,0.0,0.0,0.0,0.0004138950480413,0.0,0.0,0.0,0.0033111603843311,0.0,0.0,0.0,0.0,0.0,0.0729342202512932,0.0,0.0,0.0,0.0237398373983739,0.0,0.00130081300813,0.0,0.0011825572801182,0.0,0.0,0.0,0.0,0.0,0.0,0.0,0.0,0.0,0.0,0.0,0.0051736881005173,0.0,0.0,0.0017442719881744,0.0,0.0,0.0,0.0,0.0007686622320768,0.0,0.0,0.0,0.0,0.0,0.0,0.0,0.0039320029563932,0.0,0.0,0.0152845528455284,0.0099334811529933,0.0,0.0,0.0051736881005173,0.0,0.0,0.0,0.0,0.0,0.0,0.0,0.0,0.0,0.0,0.0021581670362158,0.0049076127124907,0.0,0.0009164818920916,0.0,0.0011825572801182,0.0104656319290465,0.0,0.0871544715447154,0.0,0.0004434589800443,0.0,0.0,0.0096378418329637,0.0003843311160384,0.0,0.0,0.0021286031042128,0.0,0.0,0.0,0.001330376940133,0.0,0.0091352549889135,0.0,0.0,0.0,0.0,0.0,0.0,0.0,0.0,0.0,0.0,0.0,0.0,0.0,0.0,0.0032224685883222,0.0,0.0,0.0,0.0,0.0,0.0,0.0,0.0,0.0,0.0,0.0,0.0,0.0,0.0,0.0,0.0005321507760532,0.0,0.0,0.0,Normal
2-21,0.0,0.0005903652392947,0.0,0.0,0.0,0.0,0.0,0.0,0.0,0.0,0.0,0.0017317380352644,0.0009052267002518,0.0,0.0,0.0,0.0,0.0010232997481108,0.0,0.0003148614609571,0.0,0.0,0.0,0.0,0.0025976070528967,0.0,0.0015344777980243,0.0010626574307304,0.0,0.0,0.0,0.0,0.0,0.00220581183466,0.0,0.0,0.0,0.001220088161209,0.0,0.0,0.0,0.0,0.0,0.0,0.0027156801007556,0.0,0.0027550377833753,0.0,0.0005116498740554,0.0,0.0,0.0,0.0,0.0,0.0017317380352644,0.0,0.0036209068010075,0.0015743073047858,0.0009839420654911,0.0,0.0,0.0,0.0,0.0062185138539042,0.000551007556675,0.0008631437613887,0.006021725440806,0.0,0.0011413727959697,0.0,0.0,0.0010626574307304,0.0205053526448362,0.0,0.0003542191435768,0.0,0.0,0.0,0.0,0.0084225440806045,0.0,0.0,0.0,0.0007084382871536,0.0007477959697732,0.0,0.0,0.0005903652392947,0.0,0.0,0.0018498110831234,0.0,0.0,0.0,0.0,0.0003935768261964,0.0017710957178841,0.0,0.0,0.0192459068010075,0.0127912468513852,0.004795243118826,0.0732840050377833,0.0202298488664987,0.0,0.000551007556675,0.0,0.0,0.0,0.0,0.0022433879093198,0.0,0.0249134130982367,0.0085012594458438,0.0,0.0,0.2478181643809341,0.0,0.0,0.0031092569269521,0.0055100755667504,0.0,0.0016530226700251,0.0,0.0,0.0,0.0,0.0,0.0,0.0,0.1385784005037783,0.0,0.0046048488664986,0.0,0.0,0.0,0.0,0.0014562342569269,0.000551007556675,0.0,0.0,0.0044867758186397,0.0014168765743073,0.0,0.0,0.0,0.0022827455919395,0.0,0.0,0.0,0.0,0.0,0.0007871536523929,0.0,0.0,0.0,0.0,0.0,0.0,0.0,0.0020465994962216,0.0012988035264483,0.0022433879093198,0.0,0.0007084382871536,0.0014168765743073,0.0,0.0,0.0012988035264483,0.0010626574307304,0.0008265113350125,0.0,0.0,0.0,0.0056281486146095,0.0014168765743073,0.0,0.0,0.0,0.0,0.0,0.0142898244941018,0.0,0.2342955787858444,0.0,0.0119881077970652,0.0018221923851539,0.0,0.0,0.3435312170327033,0.0,0.0,0.0,0.017454684952527,0.0681883571497071,0.0,0.0,0.0008658690176322,0.0004722921914357,0.0,0.0,0.0,0.015388853904282,0.0,0.0009839420654911,0.0,0.0,0.0,0.0,0.0,0.0008658690176322,0.0,0.0,0.0,0.0,0.0002361460957178,0.0,0.0005116498740554,0.0,0.0,0.0,0.0,0.0005116498740554,0.0029911838790931,0.0,0.0059823677581863,0.0,0.0092096977329973,0.0,0.0,0.0068482367758185,0.0,0.0005116498740554,0.0,0.0004329345088161,0.0022040302267002,0.0058249370277076,0.0,0.0065333753148612,0.0280620277078084,0.0012988035264483,0.0,0.0009052267002518,0.0,0.0,0.0,0.0001180730478589,0.0,0.0,0.0,0.0,0.0019678841309823,0.0,0.0,0.0,0.0129880352644835,0.0,0.001889168765743,0.002676322418136,0.0,0.0,0.0010232997481108,0.0,0.0,0.0024008186397984,0.0,0.0,0.0050771410579344,0.0,0.0015349496221662,0.0,0.0,0.0,0.0,0.0022040302267002,0.0,0.0,0.0005903652392947,0.0,0.0030305415617128,0.0,0.0022040302267002,0.0,0.0052739294710326,0.0,0.0,0.0,0.0,0.0,0.0,0.0,0.0,0.0900110201511335,0.0,0.0009590486237652,0.0005903652392947,0.0,0.0,0.0,0.0,0.0,0.0,0.0,0.00882324733864,0.0001967884130982,0.0,0.0015344777980243,0.0,0.0010232997481108,0.0004329345088161,0.0,0.0,0.0,0.0129880352644836,0.0,0.0,0.0011020151133501,0.0,0.0009839420654911,0.00220581183466,0.0,0.0,0.0,0.0029518261964735,0.0,Normal
2-22,0.0,0.0,0.0,0.0,0.0,0.0,0.0,0.0,0.0,0.0009914351023105,0.001156674286029,0.0014320729255597,0.0,0.0109658839167035,0.0,0.0,0.0,0.0,0.0011015945581228,0.0,0.0,0.0,0.0,0.0,0.0,0.0,0.010522817899867,0.0,0.0,0.0217289526589738,0.0,0.0,0.0,0.0,0.0121843154630039,0.0,0.0,0.0,0.0032221640825094,0.0,0.000798656054639,0.0,0.0272485600354452,0.0,0.0,0.0,0.0,0.0005538325210456,0.0,0.0010740546941698,0.0001376993197653,0.0,0.0,0.0,0.0,0.0150642445724412,0.0,0.0,0.0,0.0,0.0137423921125829,0.0,0.0,0.0,0.0,0.0,0.0,0.0,0.0,0.0019828702046211,0.0,0.0,0.0,0.0,0.0,0.0,0.0,0.0077937814987193,0.0025887472115887,0.0,0.0,0.0,0.000771116190686,0.0,0.0,0.00421359918482,0.0002478587755776,0.0,0.0022307289801988,0.0055905923824736,0.0,0.0,0.0,0.0,0.0,0.0137148522486298,0.0,0.0,0.0,0.001184214149982,0.0185894081683235,0.0,0.0,0.0,0.0003304783674368,0.0,0.0014320729255597,0.0,0.0,0.0,0.0003029385034837,0.0,0.0,0.0,0.0587425298119026,0.0,0.0839610101905183,0.0,0.0,0.0,0.0556856049131112,0.0,0.0,0.0005507972790614,0.0012392938778882,0.0,0.0,0.0,0.0008812756464983,0.0,0.001542232381372,0.0,0.0,0.0,0.0,0.0022582688441519,0.0,0.0,0.0,0.0,0.0011015945581228,0.0,0.2266806201977355,0.0,0.0,0.0148439866707058,0.0,0.0,0.0,0.0051774944231774,0.0009638952383575,0.0,0.0,0.0,0.0,0.0006058770069675,0.009198314560326,0.0005783371430145,0.0,0.0,0.0,0.0,0.0,0.0005232574151083,0.0,0.0,0.0,0.0,0.0002478587755776,0.0,0.0,0.0004681776872022,0.0018727107488089,0.0,0.0,0.0,0.0040483600011015,0.0,0.0,0.0,0.0,0.0,0.0,0.0,0.0,0.0,0.0,0.0,0.0,0.4159282233052724,0.0,0.0,0.002658396101019,0.0,0.3300841825431989,0.0,0.0,0.0,0.0,0.0,0.0,0.0,0.0,0.0024235080278703,0.0,0.0,0.0,0.0044614579603976,0.0,0.0076285423150009,0.0004957175511552,0.0,0.0,0.000413097959296,0.0,0.0,0.0209302966043346,0.0080416402742969,0.0027691626052281,0.0,0.0,0.0,0.0,0.0,0.0,0.000771116190686,0.0,0.0,0.0,0.0,0.0,0.0,0.0,0.0884305031533144,0.0,0.0,0.0080141004103439,0.0,0.0,0.0,0.0,0.021839112114786,0.0,0.0,0.0,0.0,0.0,0.0,0.0,0.0,0.0,0.0,0.0093635537440443,0.0032221640825094,0.0,0.0,0.0,0.0,0.0,0.0,0.0,0.0,0.0,0.0,0.0,0.0,0.0,0.0,0.0,0.0,0.0,0.0,0.0010740546941698,0.0,0.0,0.0,0.0320564016413758,0.0003580182313899,0.0,0.0,0.0,0.0003580182313899,0.0,0.0,0.003084464762744,0.0,0.0,0.0,0.0,0.0,0.0039657404092423,0.0198272042534337,0.0,0.0,0.0147319450598139,0.0,0.0,0.0,0.0,0.0,0.0,0.0,0.0,0.0,0.0,0.0,0.0,0.0013769931976536,0.0,0.0,0.0,0.0,0.0,0.0,0.0,0.021821001329198,0.0,0.0,0.0,0.0,0.0,0.005370273470849,0.0,0.0,0.0,Normal
2-23,0.0051624276001007,0.0055716444220599,0.0,0.0073973810123394,0.0,0.0014165197683203,0.0013535633341727,0.0,0.0,0.000283303953664,0.0,0.0,0.0,0.0,0.0,0.0,0.0008184336439184,0.0,0.0,0.0,0.0,0.0,0.0,0.0,0.0,0.0,0.0,0.0,0.0,0.0134097204734323,0.0,0.0014794762024678,0.0,0.0,0.0,0.0,0.0,0.0,0.0,0.0,0.0,0.0,0.0,0.0,0.0,0.0,0.0016683455049106,0.0,0.0,0.0,0.1071203727020901,0.0,0.0,0.0,0.0,0.0,0.0,0.016683455049106,0.0,0.0,0.0,0.0,0.00232938806346,0.0019516494585746,0.0,0.0010334684792113,0.0,0.0004092168219592,0.007460337446487,0.0,0.0005666079073281,0.0,0.0002518257365902,0.0,0.0,0.0009443465122135,0.0,0.0,0.0,0.0031792999244522,0.0,0.0005666079073281,0.0,0.0,0.0,0.0,0.0014794762024678,0.0,0.0,0.0,0.0003777386048854,0.0,0.0,0.0,0.0,0.0,0.0003147821707378,0.0006610425585494,0.0,0.0,0.0008813900780659,0.0,0.0019516494585746,0.0007554772097708,0.0005036514731805,0.000283303953664,0.0,0.0,0.0,0.0,0.0004092168219592,0.0,0.0,0.0176278015613195,0.0,0.0,0.206375705540981,0.0,0.0,0.0006610425585494,0.0003462603878116,0.0,0.0005980861244019,0.0,0.0,0.0,0.0,0.0,0.0,0.0004721732561067,0.00232938806346,0.0,0.0008813900780659,0.0,0.0,0.0,0.0,0.0,0.0,0.0009758247292873,0.0006925207756232,0.0,0.0004406950390329,0.0,0.0,0.0,0.0013850415512465,0.0,0.0,0.0,0.0,0.0,0.0007869554268446,0.0,0.0,0.0004406950390329,0.0,0.0,0.0,0.0,0.0,0.0,0.0,0.0,0.0,0.0,0.0,0.0,0.004816167212289,0.0,0.0,0.0,0.0,0.0010073029463611,0.0008499118609921,0.0012906069000251,0.0,0.0122450264417023,0.0,0.0729787741473882,0.0297320931711582,0.0,0.0,0.0,0.0,0.0113681532713251,0.0088242308609587,0.0,0.0,0.3365132363462912,0.0,0.0228953016932983,0.0,0.0,0.2543127434613241,0.0039347771342231,0.0,0.0,0.0,0.0007554772097708,0.002486779148829,0.0,0.0025497355829765,0.0,0.0,0.0,0.0,0.0082472928733316,0.0013850415512465,0.0,0.0,0.0090027700831024,0.0,0.0,0.0,0.0006925207756232,0.0,0.0,0.0,0.0,0.0,0.0,0.0,0.0018572148073533,0.0,0.2778582221102995,0.0002203475195164,0.0214366658272474,0.0,0.0010702593805086,0.0084991186099219,0.0,0.0007869554268446,0.0001573910853689,0.0,0.0,0.0168408461344749,0.0,0.0,0.0,0.0,0.0,0.0,0.0015424326366154,0.0,0.0,0.0,0.0,0.0006925207756232,0.0,0.0,0.0,0.0018572148073532,0.0040292117854444,0.0006610425585494,0.0011017375975824,0.0,0.0,0.0,0.0,0.0,0.0010387811634349,0.0,0.0,0.0007869554268445,0.0,0.0,0.0,0.0,0.0,0.0,0.0,0.0,0.0,0.0013220851170989,0.0,0.0,0.001888693024427,0.0974880382775119,0.0031792999244522,0.0003147821707378,0.0,0.0,0.0028959959707881,0.0023608662805338,0.0,0.0,0.0,0.0,0.0,0.0,0.001510453931155,0.0,0.0,0.0,0.0,0.0,0.0024238227146814,0.0,0.0,0.0012276504658776,0.0,0.0,0.0080292551077192,0.0,0.0,0.0,0.0,0.0,0.000723998992697,0.0,0.0079497575323952,0.0,0.0,0.0008499118609921,0.0,0.0,0.0,0.0,7.949757532395262e-05,0.0,0.0,0.0,0.0,0.0,Normal
2-24,0.0019815059445178,0.0090916155101406,0.0,0.0016706814826326,0.0,0.0,0.0,0.0017872406558396,0.0064884606418525,0.0,0.0,0.0012044447898049,0.0003885305773564,0.0032569500988716,0.0,0.0053228689097832,0.0,0.0092470277410832,0.0,0.0,0.0,0.0011655917320693,0.0,0.0,0.0,0.0,0.0034895893916482,0.004468101639599,0.0,0.000427383635092,0.0,0.0,0.0,0.0,0.0,0.0024865956950812,0.0,0.0017095345403683,0.0,0.0,0.0,0.0,0.0122135628707688,0.0026420079260237,0.0,0.0,0.0071489626233584,0.0,0.0,0.0,0.0,0.0,0.0,0.0017483875981039,0.0,0.0031406304524834,0.0,0.0504701219986012,0.0,0.0,0.0,0.0,0.0,0.0,0.000543942808299,0.0,0.0,0.0005827958660346,0.0036910404848861,0.0,0.0,0.0,0.0022923304064029,0.0,0.0003108244618851,0.002719714041495,0.0,0.0,0.0,0.0087030849327842,0.000427383635092,0.0,0.0,0.0058668117180821,0.0039630118890356,0.0,0.0006216489237703,0.0,0.0,0.0,0.000427383635092,0.0,0.0,0.0,0.0,0.0020203590022534,0.003263656849794,0.0,0.0,0.0318595073432278,0.0112673867433365,0.0,0.0,0.0,0.0024477426373455,0.0,0.0,0.0,0.0,0.0,0.0011655917320693,0.0047400730437485,0.0,0.0439816613567487,0.0,0.0006993550392415,0.1581947190880538,0.0,0.0,0.024205454969306,0.0142202191312455,0.0005050897505633,0.0031470976765871,0.0,0.0,0.0019815059445178,0.0,0.0,0.0,0.0,0.0145310435931307,0.0,0.0031082446188515,0.0,0.0,0.0,0.0008547672701841,0.0033413629652653,0.0,0.0,0.0030305385033802,0.0018649467713109,0.0008936203279198,0.0,0.0,0.0,0.0,0.0,0.0,0.0,0.0,0.0,0.0,0.0007770611547128,0.0,0.0,0.0,0.0,0.0117336234361644,0.0010101795011267,0.0,0.0,0.0035744813116792,0.0,0.0,0.0,0.0,0.0,0.0076151993161861,0.0009324733856554,0.0069546973346802,0.0,0.0,0.0,0.0148418680550159,0.0020203590022534,0.0,0.0008547672701841,0.0,0.0024427125741537,0.0048854251483075,0.2304292194951727,0.0,0.0126788414563219,0.0,0.0102361288821679,0.0,0.0,0.0,0.3498894963359309,0.0,0.0,0.0,0.0,0.1615679888333133,0.0,0.0,0.0031470976765871,0.0010101795011267,0.0,0.0,0.0,0.0178335535006604,0.0,0.0053228689097832,0.0019426528867821,0.0,0.0,0.0,0.0,0.0017483875981038,0.0,0.0,0.0,0.0064884606418525,0.0,0.0,0.0014764161939544,0.0,0.0,0.004468101639599,0.0,0.0045458077550703,0.0034967751962079,0.0,0.0069546973346801,0.0,0.0,0.0,0.0,0.0,0.0,0.0,0.0070712565078871,0.0,0.0097909705493822,0.0213303286968684,0.0,0.0352008703084931,0.0634858963400419,0.0,0.0,0.0152303986323723,0.0,0.0,0.0066050198150594,0.0003108244618851,0.0,0.0015152692516901,0.0,0.0,0.0,0.0011655917320693,0.0218354184474316,0.0008547672701841,0.0190768513482009,0.0,0.0014764161939544,0.0007382080969772,0.0,0.0,0.0,0.000543942808299,0.0,0.0012821509052762,0.0,0.0,0.0037687466003574,0.0,0.0,0.0,0.0012821509052762,0.0,0.0,0.004468101639599,0.0,0.0,0.0049343383324267,0.0,0.0012432978475405,0.0,0.0,0.0,0.007731758489393,0.0111119745123941,0.0,0.0,0.0,0.0,0.0003108244618851,0.0,0.0052343840874723,0.0054782811407257,0.0009324733856554,0.0054670233802489,0.0054782811407257,0.0,0.0,0.0,0.0,0.0,0.0048954852746911,0.0,0.0090729324182854,0.0,0.0,0.0,0.0,0.012432978475406,0.0007770611547128,0.0,0.0,0.0,0.0,0.0,0.003838548330813,0.0012432978475406,0.0,0.0,0.0,0.0003496775196207,0.0,0.0,0.0006993550392415,0.0005050897505633,Normal
2-25,0.0016782766627583,0.0002758810952479,0.0,0.0012414649286157,0.0,0.0,0.0007356829206611,0.0117249465480377,0.0,0.0009885739246384,0.0,0.0009425937420971,0.0047819389842977,0.0,0.001356415384969,0.0,0.0017932271191116,0.0009655838333678,0.0,0.0,0.0020920983056302,0.0,0.0020461181230889,0.0,0.0,0.0,0.0032751091703056,0.0,0.0,0.0006437225555785,0.0,0.0022530289445249,0.0,0.0,0.0,0.0002758810952479,0.0,0.0,0.0,0.0,0.0,0.008506333770145,0.0,0.0,0.0,0.0,0.0025059199485021,0.0,0.0,0.0,0.0009196036508264,0.0,0.0010115640159091,0.0,0.0021380784881715,0.0,0.001494355932593,0.0019081775754649,0.0015173460238637,0.0,0.0,0.0,0.0,0.0022530289445249,0.0,0.0,0.0014023955675104,0.0,0.0034944938731406,0.0,0.0,0.0082304526748971,0.0008506333770145,0.0219095569809412,0.0089891256868289,0.0002988711865186,0.0,0.0020231280318182,0.0015173460238637,0.0,0.0,0.0,0.0,0.0,0.0,0.0,0.0,0.0,0.0,0.0003448513690599,0.0,0.0,0.0008046531944731,0.0052647309009816,0.0,0.0005977423730372,0.0,0.0,0.0,0.0302089799296501,0.0197944685840401,0.0,0.0483941421247442,0.0,0.0,0.0003218612777892,0.0,0.0034485136905993,0.0,0.0015173460238637,0.0041382164287192,0.0,0.0,0.0,0.0219325470722118,0.0121387681909096,0.1682587336244541,0.0,0.0,0.0,0.0118628870956616,0.0,0.0,0.0,0.0,0.0,0.0,0.0005977423730372,0.0083913833137917,0.0,0.0207600524174079,0.0,0.0167367864450421,0.0,0.0,0.0,0.0005517621904958,0.0,0.0012414649286157,0.0,0.0001839207301652,0.0,0.0067820769248452,0.0,0.0,0.0,0.0033105731429753,0.0014483757500517,0.0,0.0,0.0,0.0002299009127066,0.0,0.0031726325953514,0.0,0.0006207324643078,0.043842104053153,0.0,0.0,0.0,0.0,0.0,0.0,0.0,0.0,0.0022070487619835,0.0,0.0,0.0,0.0,0.0,0.0007586730119318,0.0,0.0001609306388946,0.0005517621904958,0.0,0.0,0.0,0.0068231441048034,0.0,0.509961790393013,0.0,0.0,0.0,0.0,0.019650655021834,0.0035480349344978,0.0,0.0,0.1737172489082968,0.0,0.0,0.0,0.0,0.0342521834061134,0.0,0.0,0.0009655838333678,0.0009885739246384,0.0,0.0,0.0,0.0,0.0,0.0,0.0,0.0,0.0040922362461778,0.0,0.0,0.0,0.0,0.0,0.0003218612777892,0.0,0.0013794054762397,0.0,0.0007356829206611,0.0,0.0008276432857438,0.0,0.0,0.0,0.0,0.0161620341632756,0.0002988711865186,0.0,0.0026208704048555,0.0,0.001287445111157,0.0,0.0,0.0028737614088327,0.0576361588155504,0.0018392073016529,0.0,0.0055406119962296,0.0,0.0,0.0,0.0091500563257234,0.0002528910039772,0.0003218612777892,0.0,0.0,0.0,0.0,0.0,0.0,0.0,0.0,0.0,0.0018621973929236,0.0004138216428719,0.0006207324643078,0.0140929259489159,0.0,0.0,0.0,0.0,0.0,0.001287445111157,0.0153343908775316,0.0026208704048555,0.0,0.0,0.0020461181230889,0.0909028208841987,0.0,0.0,0.0001609306388946,0.0,0.0,0.0,0.0015173460238637,0.0,0.0,0.0003908315516012,0.0,0.012046807825827,0.0,0.0005287720992252,0.0,0.0,0.0029197415913741,0.0012184748373451,0.0,0.0,0.0,0.0,0.0008276432857438,0.0043668122270742,0.0024599397659608,0.0,0.0,0.0,0.0,0.0,0.0,0.0011265144722624,0.001563326206405,0.0,0.0,0.0,0.0,0.0,0.0,0.0,0.0,0.0002988711865186,0.0,0.0,0.0,0.0,0.0027588109524794,0.0043668122270742,0.0,0.0,0.0,0.0015010917030567,0.0,0.0017242568452996,0.0,0.0,0.0006667126468492,Normal
2-26,0.0,0.0,0.0,0.0,0.0,0.0,0.0,0.0,0.0,0.0,0.0,0.0005803053298812,0.0,0.0,0.0,0.0,0.0,0.0,0.0,0.0030800821355236,0.0,0.0,0.0,0.0,0.0,0.0,0.0,0.0,0.0,0.0,0.0,0.0,0.0,0.0,0.0,0.0004463887152932,0.0,0.0007811802517632,0.0,0.0,0.0,0.0002231943576466,0.0,0.0,0.0,0.0,0.001986429783055,0.0,0.0,0.0,0.0,0.0,0.0,0.0,0.0,0.0,0.0,0.0,0.0,0.0,0.0,0.0,0.0,0.0,0.0,0.0,0.0,0.0,0.0,0.0,0.0,0.0031916793143469,0.0,0.0,0.0,0.0,0.0217168109990179,0.0,0.0,0.0031470404428176,0.0002008749218819,0.0,0.0,0.0,0.0,0.0,0.0,0.0,0.0,0.0,0.0,0.0,0.0,0.0,0.0,0.0001115971788233,0.0001562360503526,0.0,0.0,0.0,0.0,0.0,0.0,0.0009150968663512,0.0037273457726988,0.0,0.0,0.0010490134809392,0.0,0.0,0.0131907865369163,0.0,0.0,0.0,0.0,0.0005133470225872,0.0125703810396752,0.0,0.0,0.0039505401303455,0.0012945272743503,0.0,0.0002008749218819,0.0,0.0,0.0006472636371752,0.0518034104097848,0.0,0.0105347736809213,0.0001115971788233,0.0672707793946969,0.0,0.0035041514150521,0.0025444156771716,0.0,0.0,0.0,0.0006919025087045,0.0,0.0,0.0,0.0,0.0006026247656459,0.0,0.0,0.0,0.0,0.0,0.0,0.0,0.0,0.0011829300955271,0.0,0.0,0.0,0.0,0.0,0.0,0.0,0.0,0.0,0.0,0.0,0.0,0.0,0.0,0.0,0.0,0.0249531291848941,0.0004240692795286,0.0,0.0010713329167038,0.0158244799571466,0.0,0.0006249442014105,0.0,0.0,0.0,0.0,0.126358517742569,0.009689668718083,0.0,0.0002618829383265,0.0,0.0,0.0,0.0,0.0,0.0073327222731438,0.0581380123084981,0.0,0.0,0.0925756186984418,0.0445200995155165,0.4212387062982843,0.0,0.0,0.0002008749218819,0.0002678332291759,0.0,0.0,0.0,0.0004463887152932,0.0,0.0018971520399964,0.0007142219444692,0.0,0.0016739576823497,0.0041067761806981,0.0,0.0004017498437639,0.0,0.0,0.0233014909383089,0.0006249442014105,0.0011829300955271,0.0,0.0,0.0,0.0020087492188197,0.0,0.0014284438889384,0.0,0.0,0.0,0.0002678332291759,0.0,0.0,0.0,0.0007811802517632,0.0,0.0,0.0002231943576466,0.0,0.0,0.0,0.0017185965538791,0.0,0.0,0.0,0.0,0.0,0.0034818319792875,0.0,0.0,0.0005579858941165,0.0,0.0,0.0,0.0,0.0,0.0,0.0027229711632889,0.0,0.0,0.0,0.0,0.0,0.0,0.0,0.0,0.0,0.0,0.0013614855816444,0.0006919025087045,0.0,0.0,0.0,0.0,0.0,0.0,0.0,0.0,0.0,0.0,0.0,0.0,0.3443888938487635,0.0,0.0029908043924649,0.0010266940451745,0.0,0.0,0.0025220962414069,0.0,0.0,0.0,0.0,0.0,0.0,0.0,0.0,0.0024774573698776,0.0,0.0,0.0,0.0,0.0,0.0,0.0,0.0,0.0,0.0,0.0,0.0,0.0,0.0,0.0,0.0,0.0,0.0,0.0,0.0,0.0,0.0,0.0044520099515516,8.927774305865548e-05,0.0,0.0,0.0,0.0,0.0,0.0,0.0,0.0,Normal
2-27,0.0,0.0,0.002522583944094,0.0,0.002522583944094,0.0,0.0,0.0,0.0,0.0006817794443497,0.0006476904721322,0.0015340037497869,0.0,0.001497454327643,0.0,0.0,0.0,0.0,0.0,0.0,0.0,0.0,0.0,0.0071586841656724,0.0,0.097937617180842,0.0,0.0,0.0012272029998295,0.0016021816942219,0.001261291972047,0.0,0.0174194648031361,0.0,0.0,0.0,0.0,0.0,0.0,0.0,0.0117947843872507,0.0,0.0032943995208146,0.0,0.0,0.0,0.0,0.0,0.0,0.0,0.0,0.0005454235554798,0.0,0.0,0.0,0.0,0.0,0.0,0.0,0.0,0.0,0.0,0.0,0.0,0.0,0.0,0.0,0.0,0.0,0.0,0.0,0.0,0.0,0.0,0.0,0.0,0.0089653996931992,0.002522583944094,0.0,0.0,0.0,0.0,0.0023521390830064,0.0,0.0,0.0032384523606613,0.0,0.0,0.0016362706664394,0.0045679222771433,0.0,0.0,0.0,0.0,0.0,0.0,0.0,0.0,0.0,0.0,0.0007840463610022,0.0,0.0,0.0,0.0,0.0,0.0268280211351627,0.0014658258053519,0.0,0.0,0.0006817794443497,0.0,0.0,0.0,0.0,0.0,0.0308475591494459,0.0,0.037436358191075,0.0,0.0251235725242882,0.0,0.0,0.0,0.0,0.0,0.0,0.0,0.0038861428327935,0.0,0.0047724561104482,0.0034770751661837,0.0,0.0003408897221748,0.0,0.0,0.0,0.0,0.0,0.0,0.0,0.0,0.3301857848985847,0.0,0.0557695585478097,0.0041588546105334,0.0,0.002590761888529,0.0,0.0171467530253962,0.0010226691665246,0.0,0.0,0.0,0.0,0.0,0.0121015851372081,0.001329469916482,0.0,0.0,0.0,0.0,0.0,0.0006476904721322,0.0,0.0,0.0022498721663541,0.0,0.0,0.0,0.0,0.0001704448610874,0.0038861428327935,0.0,0.0,0.0,0.0,0.0,0.0,0.7861635220125786,0.0,0.0,0.0,0.0,0.0,0.0263551961665169,0.0,0.0,0.0,0.0200658879904162,0.0,0.0,0.0,0.0,0.0,0.0,0.0,0.0,0.0,0.0,0.0,0.0,0.0,0.0019430714163967,0.0,0.0,0.0,0.0,0.0,0.0,0.0,0.0,0.0,0.0273734446906425,0.0,0.0,0.0031020964717912,0.0410772115220724,0.0,0.0083858871655019,0.0,0.0,0.0,0.0,0.0,0.0004090676666098,0.0,0.0,0.0,0.0,0.0,0.0,0.0,0.0019430714163967,0.0,0.0,0.0124424748593829,0.0,0.0,0.0,0.0,0.0,0.0,0.0,0.0,0.0,0.0,0.0,0.0,0.0221919209135844,0.0,0.0,0.0124083858871655,0.0037156979717061,0.0,0.0,0.0010567581387421,0.0,0.0,0.0,0.0076359297767171,0.0,0.0,0.0,0.0,0.0,0.0,0.0,0.0023862280552241,0.0,0.0012272029998295,0.0,0.0,0.0048065450826657,0.0,0.00678370547128,0.0092722004431566,0.0,0.0092040224987216,0.0,0.0007158684165672,0.0,0.0,0.0,0.002454405999659,0.0,0.0,0.0,0.0,0.0,0.0032043633884438,0.0,0.0,0.0,0.0,0.0,0.0,0.0,0.0,0.0,0.0,0.0,0.0,0.0,0.0,0.001261291972047,0.0,0.0027952957218339,0.0,0.0,0.0,0.0,0.0007840463610022,0.0,0.0,0.0,0.0,0.0,0.0,0.0,0.0,0.0,0.0,0.0,0.0,Normal
2-28,0.0,0.0,0.0,0.0,0.0,0.0,0.0,0.0,0.0,0.0,0.0,0.4352770384708444,0.0,0.0,0.0,0.0,0.0,0.0,0.0,0.0,0.0,0.0,0.0,0.0,0.0,0.0,0.0,0.0,0.0,0.0,0.0,0.0,0.0,0.0,0.0,0.0,0.0,0.0,0.0,0.0,0.0,0.0,0.0,0.0,0.0,0.0,0.0,0.0015673134086364,0.0,0.0,0.0,0.0,0.0,0.0,0.0,0.0,0.0,0.0,0.0,0.0,0.0,0.0,0.0,0.0,0.0,0.0,0.0,0.0,0.0,0.0,0.0,0.0,0.0052262279216065,0.0,0.0,0.0,0.0,0.0,0.0,0.0,0.0,0.0,0.0,0.0,0.0,0.0,0.0,0.0,0.0,0.0,0.0,0.0,0.0,0.0,0.0,0.0,0.0,0.0,0.0,0.0,0.0,0.0008106793492947,0.0,0.0,0.0,0.0,0.0,0.0017178804742317,0.0,0.0,0.0,0.0,0.0,0.0023227679651584,0.0,0.0,0.1257633897205858,0.0,0.0176728098146246,0.0,0.0,0.0,0.0,0.0,0.0,0.0,0.0,0.0,0.0,0.0,0.0,0.0,0.0020808129687878,0.0,0.0,0.0,0.0,0.0,0.0,0.0,0.0,0.0,0.0002661504960077,0.0,0.0,0.0,0.0,0.0,0.0,0.0,0.0,0.0,0.0,0.0,0.0,0.0,0.0,0.0,0.0,0.0,0.0,0.0,0.0,0.0,0.0,0.0,0.0,0.0,0.0,0.0,0.0,0.0,0.0,0.0,0.0,0.0,0.0,0.0,0.0,0.0593957736583255,0.0057288007350159,0.0013511322488245,0.0008647246392476,0.0018915851483543,0.0,0.0,0.0071880235637464,0.0011349510890125,0.0,0.4590066475706639,0.0,0.0024320380478841,0.0,0.0,0.183537804680322,0.0,0.0,0.0037986934430195,0.0,0.0,0.0,0.0,0.0,0.0,0.0,0.0,0.0,0.0,0.0,0.0,0.0,0.0,0.0,0.0,0.0,0.0,0.0,0.0,0.0,0.0,0.0,0.0,0.0,0.0,0.0,0.0005323009920154,0.0,0.0,0.0,0.0,0.0,0.0,0.0,0.0001935639970965,0.0,0.0,0.0002177594967336,0.0,0.0,0.0,0.0,0.0,0.0,0.0,0.0,0.0,0.0,0.0,0.0,0.0,0.0,0.0,0.0,0.0,0.0,0.0,0.0,0.0,0.0,0.0,0.0,0.0,0.0,0.0,0.0,0.0,0.0,0.0,0.0,0.0,0.0,0.0,0.0,0.0,0.0,0.0,0.0,0.0,0.0,0.0,0.0,0.0,0.0,0.0,0.0,0.0,0.0,0.0,0.0,0.0,0.0,0.0,0.0,0.0,0.0,0.0,0.0,0.0,0.0,0.0,0.0,0.0,0.0,0.0,0.0,0.0,0.0,0.0,0.0,0.0,0.0,0.0,0.0,0.0,0.0,0.0,0.0,0.0,0.0,0.0,0.0,0.0,0.0,0.0,0.0,Normal
2-29,0.0,0.0,0.0,0.0,0.0,0.0,0.0,0.0,0.0,0.0,0.0,0.001477226097661,0.0,0.0,0.0,0.0,0.0,0.0005197647380659,0.0,0.0,0.0,0.0,0.0,0.0,0.0,0.0,0.0,0.0,0.0,0.0002735603884557,0.0,0.0,0.0,0.0,0.0,0.0,0.0,0.003282724661469,0.0,0.0,0.0,0.0,0.0007835207885757,0.0,0.0,0.0025527612789081,0.0,0.0,0.0,0.0002462043496101,0.0,0.0,0.0,0.0,0.0,0.0,0.0,0.0,0.0,0.0,0.0,0.0,0.0,0.0042675420599097,0.0,0.0,0.0,0.0,0.0,0.0,0.0,0.0,0.0,0.0,0.0,0.0,0.0,0.0,0.0,0.0326357543427711,0.0025167555737929,0.0,0.0,0.0006565449322938,0.0,0.0,0.0,0.0,0.0,0.0,0.0180002735603884,0.0,0.0,0.0,0.0,0.0,0.0061003966625632,0.010559430994392,0.0,0.0050335111475858,0.0023799753795649,0.0035384809806647,0.0001641362330734,0.0152373136369853,0.0026808918068662,0.0,0.0,0.0,0.0,0.0,0.0,0.0,0.0,0.0008480372042128,0.0,0.0,0.1504865411348413,0.0,0.0,0.0044043222541376,0.0048420188756667,0.0,0.0415811790452742,0.0,0.0,0.0053891396525783,0.0,0.0,0.0,0.0,0.0,0.0,0.0067295855560114,0.0,0.0,0.0,0.0026808918068663,0.0037204212829982,0.0,0.0,0.0,0.0,0.0009848173984407,0.0,0.0002735603884557,0.0,0.0,0.0,0.0,0.0,0.0,0.0,0.0,0.0,0.0,0.0,0.0,0.0,0.0,0.0012583777868964,0.0,0.0,0.0011763096703597,0.0,0.0035836410887703,0.0,0.0,0.0,0.0,0.0028997401176309,0.0,0.0,0.0,0.0,0.0390370674326357,0.0,0.0,0.0,0.0,0.0104637937571082,0.1937065588272461,0.1082775180083407,0.0007582459244281,0.0015417667130039,0.0,0.007354985466953,0.0084418046253001,0.0,0.0,0.1787943889801588,0.0,0.0203968153671174,0.0007329710602805,0.0006571464678377,0.1511436876026789,0.0,0.0,0.0009027492819039,0.0,0.0009301053207495,0.0,0.0,0.0219942552318422,0.0,0.0019422787580358,0.0008206811653672,0.0,0.0001094241553823,0.0,0.0,0.0055259198468061,0.0,0.0,0.0,0.0006291888934482,0.0,0.0,0.0,0.0,0.0,0.0013130898645876,0.0,0.0006018328546026,0.0,0.0,0.0,0.0,0.0004103405826836,0.0141033741943637,0.0,0.0,0.0,0.0,0.0,0.0,0.0156202981808234,0.0,0.0015866502530433,0.0,0.0006839009711393,0.0,0.0,0.0055532758856517,0.0,0.0,0.0,0.0,0.002571467651484,0.0,0.0,0.0,0.0,0.0,0.0,0.0,0.0,0.0,0.0,0.0,0.0,0.0,0.0,0.0,0.0,0.0010395294761318,0.0,0.0002462043496101,0.0003556285049924,0.0,0.0133771029954862,0.0,0.0016960744084256,0.0,0.0,0.0,0.0,0.0,0.0002735603884557,0.0,0.0,0.0,0.0,0.0,0.0123102174805087,0.0,0.0,0.0,0.0,0.0,0.0,0.0,0.0,0.0057174121187252,0.0,0.0,0.0,0.0109945659042082,0.0,0.0,0.0,0.0,0.003857201477226,0.0,0.0,0.0,0.0,0.0,0.0,0.0,0.0,0.0,0.0,0.0,0.0,0.0,0.0,0.0,0.0,0.0,0.0,0.0,0.0,0.0,0.0,0.0006018328546026,Normal
2-3,0.0053049478173433,0.0031205575396137,0.0,0.0006241115079227,0.0009361672618841,0.0,0.0060330779099199,0.01591484345203,0.0004854200617176,0.0009361672618841,0.0,0.0,0.0045421448632155,0.0,0.0,0.0008321486772303,0.0040913976630491,0.0282930550258312,0.0,0.0,0.0023230817239346,0.0,0.0003467286155126,0.0,0.0025311188932422,0.0,0.0,0.0,0.0,0.0029471932318574,0.0,0.0,0.0,0.0,0.0,0.0,0.0,0.0,0.0,0.0,0.0,0.0,0.0,0.0,0.0,0.0,0.0,0.0,0.0,0.0045421448632155,0.0017336430775631,0.0,0.0,0.0,0.002635137477896,0.0,0.0009708401234353,0.0081827953260982,0.0,0.0,0.0,0.0,0.0,0.0,0.0,0.0,0.0,0.0,0.0026004646163447,0.0,0.0,0.0,0.0030165389549599,0.0018029888006657,0.0040913976630491,0.000138691446205,0.0,0.0,0.0,0.0,0.0,0.0,0.0,0.0,0.0010748587080891,0.0,0.0007628029541278,0.0,0.0,0.000658784369474,0.0,0.0,0.0,0.0,0.0067958808640477,0.0007281300925765,0.0,0.0,0.0,0.0350889358898789,0.0138344717589541,0.0,0.0220172670850525,0.0009708401234353,0.0006241115079227,0.0004854200617176,0.0,0.0,0.0,0.0,0.0015256059082556,0.0,0.0030512118165112,0.0933740161575534,0.1456953642384105,0.0008321486772303,0.2764305466921931,0.0,0.0,0.0017683159391144,0.0413300509691059,0.0,0.0003120557539613,0.0,0.0004854200617176,0.0,0.0,0.0,0.0022190631392808,0.0,0.0432023854928746,0.0,0.0,0.0,0.0,0.0,0.0,0.0,0.0010748587080891,0.0026004646163447,0.0009361672618841,0.0,0.0016296244929093,0.0,0.0,0.0,0.0,0.0,0.0,0.0,0.0,0.0,0.0,0.0007628029541278,0.0,0.0022884088623832,0.0013175687389479,0.0,0.0,0.0011788772927429,0.0,0.0,0.0,0.0,0.0,0.0,0.0,0.000658784369474,0.0024617731701397,0.0,0.0,0.0008668215387815,0.0,0.0032245761242674,0.0010401858465379,0.0,0.0006934572310252,0.0257619361325888,0.0,0.0,0.0932780259519251,0.1243352478196128,0.0,0.0,0.0,0.0081897468623695,0.0,0.0,0.0,0.0676451818761963,0.0,0.2616464582003829,0.0042544139544777,0.0,0.1405020208466283,0.0,0.0,0.0003814014770639,0.0005547657848202,0.0,0.0077320481259317,0.0,0.0,0.0,0.0,0.0,0.0081481224645469,0.0012135501542942,0.0,0.0,0.0,0.0,0.0,0.0003120557539613,0.0,0.0030165389549597,0.0,0.0449013557088864,0.0,0.0,0.0,0.0,0.0,0.0089802711417773,0.0002427100308588,0.0,0.0,0.0102284941576228,0.0,0.0,0.0,0.0,0.0005200929232689,0.0280156721334211,0.0005200929232689,0.0,0.011962137235186,0.0116154086196733,0.004611490586318,0.0090842897264311,0.0058250407406122,0.0029818660934086,0.0006241115079227,0.0,0.0,0.0003814014770639,0.0002427100308588,0.001317568738948,0.0046808363094206,0.0,0.0004507472001664,0.0,0.0,0.0026351374778959,0.0,0.0136957803127492,0.0,0.0009014944003328,0.0,0.0,0.0,0.0033285947089213,0.0010401858465379,0.0,0.0022884088623834,0.0,0.0255192261017301,0.0359210845671091,0.0,0.0,0.0,0.0,0.0,0.0,0.0,0.0,0.0,0.0032592489858187,0.000797475815679,0.0052702749557921,0.0,0.0,0.0,0.0,0.0027044832009984,0.0007628029541278,0.0,0.0,0.0,0.0,0.0,0.0014890448840672,0.0034326132935751,0.0,0.0,0.0,0.0020208466283769,0.0,0.0,0.0010401858465379,0.0020456988315245,0.0,0.0,0.0,0.0,0.0,0.0,0.0005894386463714,0.0,0.0009014944003328,0.0,0.0,0.0,0.0,0.0115113900350195,0.0,0.0,0.0,0.0,0.0,0.001976353108422,0.0061717693561249,0.0041260705246003,0.0001040185846537,0.0002427100308588,Normal
2-30,0.0489568140021561,0.0006024478407001,0.0,0.0004439089352527,0.0,0.0,0.0,0.01766123406684,0.0,0.0004756167163421,0.0,0.0010146489948633,0.0,0.0,0.0,0.000729278965058,0.0021244213329951,0.0123660346248969,0.0,0.0,0.0,0.0018073435221003,0.0002853700298053,0.0,0.0008244023083264,0.0,0.0,0.0,0.0,0.0005390322785211,0.0,0.0,0.0,0.0,0.0,0.0,0.0,0.0,0.0,0.0,0.0,0.001458557930116,0.0,0.0,0.0,0.0,0.0,0.0,0.0,0.0,0.000729278965058,0.0,0.004565920476885,0.0002536622487158,0.000665863402879,0.0,0.0035195637009322,0.0075147441182066,0.0004756167163421,0.0045342126957955,0.0,0.0,0.0031390703278584,0.001395142367937,0.0,0.0,0.0009512334326843,0.0006975711839685,0.0011097723381317,0.0,0.0009829412137738,0.0271735683936838,0.0028219925169636,0.0014268501490265,0.0,0.0,0.0,0.0,0.0,0.0,0.0,0.0,0.0,0.0,0.0024732069249793,0.0,0.0006341556217895,0.0,0.0,0.0,0.0001585389054473,0.0,0.0006975711839685,0.0018390513031898,0.0,0.0003170778108947,0.0007609867461475,0.0,0.0,0.0930623374976218,0.0124611579681652,0.0,0.0717230008244023,0.0,0.0,0.0,0.0,0.0,0.0,0.0010146489948633,0.0031707781089479,0.0,0.0032659014522163,0.1087259813558246,0.0,0.0027268691736951,0.3723585772411077,0.0,0.0,0.0007609867461475,0.0061196017502694,0.0,0.0011731879003107,0.0,0.0,0.0,0.0005707400596106,0.0035512714820216,0.000665863402879,0.0,0.0159807216690975,0.0,0.0131270213710444,0.0,0.0,0.0,0.0,0.0,0.0006975711839685,0.0,0.0002219544676263,0.0,0.0007926945272369,0.0,0.0,0.0,0.0058342317204642,0.0,0.0,0.0,0.0,0.0,0.0008561100894159,0.0,0.0,0.0003487855919842,0.0050098294121377,0.0,0.0,0.0,0.0,0.0,0.0,0.0,0.0,0.0008244023083264,0.0,0.0,0.0026634536115162,0.0,0.0,0.0017756357410108,0.0005707400596106,0.000729278965058,0.0008244023083264,0.0001268311243579,0.0,0.0002219544676263,0.0,0.0,0.2531828323927024,0.0081375508596928,0.0014437590234938,0.0014437590234938,0.0,0.0364877280483003,0.0026250164063525,0.0,0.0,0.1736448352802204,0.0,0.0,0.0027562672266701,0.0,0.1194382464890402,0.0,0.0,0.0019024668653687,0.0015853890544739,0.0009829412137738,0.0,0.0,0.0019658824275477,0.0,0.0,0.0,0.0013317268057581,0.0012683112435791,0.0,0.0,0.0,0.0010463567759528,0.0,0.0,0.0,0.0,0.0,0.0,0.0,0.0,0.0,0.0,0.0,0.0008244023083264,0.0011097723381317,0.0066586340287906,0.0,0.0090050098294121,0.0,0.0,0.0004122011541632,0.0,0.0007926945272369,0.0012366034624896,0.000665863402879,0.0,0.0542203056630096,0.0,0.0046927516012429,0.0,0.0070391274018643,0.0,0.0005073244974316,0.0,0.000729278965058,0.0,0.0010780645570422,0.0,0.0,0.0,0.0002219544676263,0.0,0.0,0.0010780645570422,0.0,0.0096391654512017,0.0,0.0,0.0,0.0,0.0,0.0008561100894159,0.0,0.0,0.0,0.01766123406684,0.0023463758006214,0.0454689580823133,0.0,0.0002853700298053,0.0,0.0,0.0,0.0,0.0,0.0,0.0,0.0017756357410108,0.0,0.002980531422411,0.0007926945272369,0.0,0.0,0.0009512334326843,0.0037415181685585,0.0,0.0,0.0,0.0,0.0028537002980531,0.0,0.0,0.0052000760986746,0.0,0.0,0.0,0.0,0.0,0.0,0.0017122201788318,0.0029488236413215,0.0,0.0,0.0,0.0,0.0,0.0,0.0,0.0,0.0,0.0,0.0162751017193857,0.0,0.0,0.0,0.0045937787111169,0.0001902466865368,0.0,0.0009512334326843,0.0,0.0,0.001458557930116,0.0,0.0,0.0005073244974316,Normal
2-31,0.0,0.0,0.0,0.0024812231759656,0.0,0.0,0.0,0.0,0.0,0.0072089592274678,0.0,0.0,0.0,0.0,0.0,0.0,0.0,0.0,0.0,0.0028835836909871,0.0,0.0,0.0,0.0047277360515021,0.0,0.0048283261802575,0.0,0.0,0.0010729613733905,0.0137808476394849,0.0022800429184549,0.0,0.0007711909871244,0.0,0.0,0.0,0.0,0.0,0.0044594957081545,0.0,0.0121378755364806,0.0,0.0,0.0,0.0,0.0,0.0,0.0026866515837104,0.0,0.0,0.0,0.0041577253218884,0.0,0.0,0.0,0.0,0.0,0.0,0.0,0.0,0.0,0.0,0.0,0.0,0.0005029506437768,0.0,0.0,0.0,0.0,0.0,0.0,0.0,0.0,0.0004358905579399,0.0,0.0,0.0012741416309012,0.0133784871244633,0.0013747317596566,0.0,0.0,0.0,0.0266228540772532,0.0,0.0,0.0083154506437768,0.0,0.0,0.0,0.000670600858369,0.0,0.0,0.0,0.0,0.0,0.0047277360515021,0.0,0.0,0.0,0.0,0.0,0.0,0.0001341201716738,0.0,0.0,0.0,0.0142502682403431,0.0053648068669527,0.0,0.0,0.0002682403433476,0.0,0.0,0.0,0.0,0.0,0.0019796380090497,0.0,0.079326923076923,0.0,0.0240410407725319,0.0,0.0,0.0,0.0,0.0,0.0,0.0,0.0065718884120171,0.0,0.0033530042918454,0.0071083690987124,0.0,0.0,0.0,0.0,0.0,0.0,0.0,0.0,0.0,0.0,0.0449973175965663,0.0,0.012607296137339,0.0449302575107296,0.0,0.0022465128755364,0.0022465128755364,0.0008717811158798,0.0082819206008583,0.0,0.0,0.0,0.0021123927038626,0.0012741416309012,0.0,0.0,0.0,0.0,0.0,0.0,0.0,0.0,0.0,0.0,0.0210233369098712,0.0,0.0001341201716738,0.0,0.0,0.0021123927038626,0.005532457081545,0.0,0.0,0.0,0.0,0.0,0.0,0.3916855203619906,0.0,0.0,0.0,0.0,0.0,0.0500565610859728,0.0,0.0,0.0,0.0164027149321266,0.0,0.0,0.3994626696832578,0.0,0.0108880090497737,0.0,0.007745439914163,0.0,0.0,0.0,0.0,0.0,0.0,0.0033530042918454,0.0,0.0,0.0,0.0023806330472103,0.0086507510729613,0.0,0.0,0.0,0.0,0.0054653969957081,0.0,0.0,0.0083489806866952,0.1171539699570815,0.0,0.0188438841201716,0.0,0.0021459227467811,0.0,0.0,0.0,0.0,0.0,0.0,0.0,0.0,0.0,0.0,0.0,0.0003353004291845,0.0,0.0,0.1501810622317596,0.0,0.0,0.0,0.0,0.0329600321888411,0.0,0.0,0.0,0.0,0.0,0.0,0.0,0.0142502682403433,0.0,0.0,0.0385930793991414,0.0071754291845493,0.0,0.0,0.0027829935622317,0.0,0.0,0.0015759120171673,0.0,0.0,0.0,0.0,0.0,0.0,0.0,0.0,0.0039230150214592,0.0,0.0017770922746781,0.0,0.0004694206008583,0.0176703326180257,0.0,0.0108637339055793,0.0,0.0,0.0,0.0,0.0009053111587982,0.0,0.0,0.0,0.0,0.0,0.0,0.0,0.0,0.0,0.0255498927038626,0.0052319004524886,0.0,0.0,0.0,0.0,0.0,0.0,0.0,0.0,0.0,0.0,0.0170667918454935,0.0,0.0,0.0090531115879828,0.0,0.0185421137339055,0.0,0.0,0.0,0.0,0.0040236051502145,0.0,0.0,0.0026866515837104,0.0,0.0,0.0,0.0,0.0,0.0017100321888412,0.0,0.0,0.0,Warning
2-32,0.0203703703703703,0.0034074074074074,0.0,0.0019259259259259,0.0,0.0,0.0008641975308641,0.0085432098765432,0.0002469135802469,0.0,0.0,0.0008148148148148,0.0018518518518518,0.0,0.0,0.0,0.0014814814814814,0.0136543209876543,0.0,0.0,0.0005185185185185,0.0026666666666666,0.0029135802469135,0.0,0.001753086419753,0.0,0.0,0.0,0.0,0.0015308641975308,0.0005432098765432,0.0,0.0,0.000346780718992,0.0,0.000395061728395,0.0,0.0013827160493827,0.0,0.0,0.0,0.0005679012345679,0.0045081493468963,0.0143703703703703,0.0,0.0,0.0041975308641975,0.0,0.0,0.0,0.0050864197530864,0.0,0.0,0.0,0.0003703703703703,0.0,0.0044691358024691,0.060716049382716,0.0,0.0017283950617283,0.0,0.0,0.0090617283950617,0.0016296296296296,0.0004938271604938,0.0,0.0,0.0019753086419753,0.0066172839506172,0.0,0.0023209876543209,0.0025432098765432,0.0085185185185185,0.0004938271604938,0.0020493827160493,0.0006419753086419,0.0,0.0,0.0,0.0026172839506172,0.0,0.0006419753086419,0.0,0.0003456790123456,0.0013827160493827,0.0,0.0006666666666666,0.0,0.0,0.0004444444444444,0.0004197530864197,0.0,0.0052098765432098,0.0,0.0019259259259259,0.0,0.0025679012345679,0.0017283950617283,0.0,0.0415308641975308,0.0228641975308639,0.0,0.0291358024691358,0.0037037037037037,0.0021728395061727,0.000395061728395,0.0,0.0,0.0,0.0,0.0012839506172839,0.0,0.0045432098765432,0.1327901234567901,0.003679012345679,0.0050864197530863,0.1769737602589296,0.0,0.0,0.0030123456790123,0.015012345679012,0.0,0.001432098765432,0.0,0.0,0.0,0.0,0.0010864197530864,0.0,0.0008888888888888,0.0167160493827159,0.0,0.0231358024691357,0.0,0.0009135802469135,0.0,0.0009135802469135,0.0007654320987654,0.0,0.0009135802469135,0.0001975308641975,0.0042716049382716,0.0004197530864197,0.0,0.0,0.0,0.0,0.0,0.0,0.0,0.0,0.0,0.0021234567901234,0.0007407407407407,0.0,0.0005432098765432,0.000395061728395,0.0,0.0,0.0,0.0,0.0,0.0,0.0,0.0,0.0006172839506172,0.0,0.0,0.0133827160493827,0.0008641975308641,0.0,0.0003456790123456,0.0,0.0,0.006074074074074,0.0007407407407407,0.0,0.0024691358024691,0.0,0.0142180094786729,0.0624205294185642,0.1216044387932031,0.0012715293029707,0.0049705236388856,0.0,0.0402265634030747,0.0,0.0020806843139521,0.0,0.2714137093977574,0.0,0.0,0.0,0.0,0.2738411744307013,0.0,0.0,0.0020246913580246,0.0010864197530864,0.0,0.0003209876543209,0.0,0.0015802469135802,0.0,0.0007654320987654,0.0002962962962962,0.0079506172839506,0.0,0.0,0.0,0.0019753086419752,0.0,0.0,0.0,0.0010617283950617,0.0009629629629629,0.0,0.0017037037037037,0.0,0.0,0.0,0.0,0.0011851851851851,0.0008148148148148,0.0059753086419753,0.0110123456790122,0.0016296296296296,0.0102469135802468,0.0100566408507686,0.0037777777777777,0.0004691358024691,0.0007654320987654,0.0017283950617283,0.0007407407407407,0.0006913580246913,0.0073086419753086,0.0153827160493826,0.0,0.0082962962962962,0.0132098765432098,0.0045679012345676,0.0,0.0006419753086419,0.0,0.0017777777777777,0.0,0.0039753086419753,0.0,0.0,0.0,0.0006666666666666,0.0016049382716049,0.0014814814814814,0.0105925925925925,0.0015555555555555,0.0155802469135801,0.0,0.0004444444444444,0.0,0.0,0.0,0.0009629629629629,0.0,0.0,0.0,0.0543456790123456,0.0015555555555555,0.0082962962962962,0.0,0.0018271604938271,0.0,0.0,0.0,0.0,0.0048395061728395,0.0,0.0,0.0028148148148148,0.0,0.0054567901234567,0.0,0.000395061728395,0.0,0.0070864197530863,0.0028641975308641,0.0,0.0,0.0,0.0,0.003679012345679,0.0,0.0,0.0,0.0003209876543209,0.0,0.0,0.0,0.0,0.0,0.0002962962962962,0.0019506172839506,0.0,0.0,0.0,0.0,0.0,0.0025430586059415,0.0,0.0,0.0013333333333333,0.0,0.0,0.0,0.0023703703703703,0.0003209876543209,0.0,0.0003456790123456,0.0,0.0005432098765432,0.0,0.0,0.002395061728395,0.0,0.0,0.0,Normal
2-32',0.0,0.0,0.0,0.0,0.0,0.0,0.0,0.0,0.0,0.0,0.0,0.0041550544717506,0.0,0.0060221354166666,0.0,0.0,0.0,0.0,0.0,0.0,0.0,0.0,0.0,0.0,0.0,0.0,0.0037434895833333,0.0,0.0,0.0,0.0,0.0,0.0,0.0,0.0060221354166666,0.0,0.0,0.0,0.0,0.0,0.0,0.0,0.012451171875,0.0,0.0,0.0,0.0,0.0,0.0,0.0,0.0001266784899923,0.0,0.0,0.0,0.0,0.006591796875,0.0,0.0,0.0,0.0,0.0,0.0,0.0,0.0,0.0744869521155307,0.0,0.0,0.0,0.0,0.0,0.0,0.0,0.0,0.0,0.0,0.0,0.0,0.0,0.0,0.0,0.0107676716493539,0.0,0.0,0.0,0.0,0.0,0.0,0.0,0.0,0.0,0.0,0.0,0.0,0.0,0.0,0.0,0.0,0.0002786926779832,0.0,0.0,0.0,0.0,0.0001520141879908,0.0,0.0,0.0,0.0,0.0,0.0,0.0,0.0,0.0,0.0,0.0,0.0,0.0,0.11669921875,0.0,0.0,0.0,0.0002533569799847,0.0,0.0,0.0,0.0,0.0,0.0,0.0,0.0,0.0,0.0,0.0,0.0,0.0,0.0,0.0,0.0,0.0,0.0,0.0,0.0,0.0,0.0,0.0,0.0,0.0012414492019255,0.0,0.0,0.0,0.0,0.0,0.0,0.0,0.0,0.0,0.0,0.0,0.0,0.0,0.0,0.0,0.0,0.0,0.0070179883455789,0.0,0.0,0.0,0.0,0.0,0.0,0.0,0.0,0.0,0.0,0.0,0.0,0.0,0.0,0.0,0.1547037760416666,0.0,0.0062662760416666,0.0,0.0,0.0,0.0125325520833333,0.019775390625,0.0,0.0,0.060302734375,0.0,0.0,0.1014811197916666,0.0,0.2172851562499999,0.0,0.0,0.0,0.0,0.0,0.0,0.0,0.0,0.0,0.0,0.0,0.0,0.0,0.0,0.0,0.0007347352419559,0.0,0.0,0.0011401064099315,0.0,0.0,0.0,0.0,0.0423177083333333,0.0,0.0,0.0,0.0,0.0,0.0,0.0002533569799847,0.0,0.0,0.0,0.0,0.0,0.0,0.0,0.0,0.0,0.0,0.0005573853559665,0.0,0.0,0.0,0.0,0.0003293640739802,0.0,0.0,0.0,0.0,0.0,0.0,0.0,0.0,0.0,0.0,0.0,0.0,0.0,0.0,0.0,0.0,0.0,0.0,0.0,0.0,0.0,0.0,0.0,0.0,0.0,0.0,0.0,0.0,0.0,0.0,0.0,0.0,0.0,0.0,0.0,0.0,0.0,0.0,0.0002026855839878,0.0,0.0,0.0,0.0,0.0,0.0,0.0,0.0,0.0,0.0,0.0078125,0.0,0.0,0.0052897135416666,0.0,0.0,0.0,0.0,0.0,0.0,0.0,0.0008614137319483,0.0,0.0,0.0,0.0,0.0,0.0,0.0,0.0,0.0,0.0,0.0,0.0,0.01025390625,0.0,0.0,0.0,0.0,0.0,0.0,0.0,0.0,0.0,Normal
2-33,0.0,0.0,0.0,0.0,0.0,0.0,0.0045564355830096,0.0,0.0,0.0,0.0,0.001437264915446,0.0,0.0317640972581479,0.0004281214641754,0.0,0.0,0.0,0.0,0.0,0.0,0.0030274303538118,0.0,0.0,0.0,0.0,0.0264873254009311,0.0,0.0,0.0,0.0,0.0,0.0,0.0007759958613554,0.044076564924987,0.0024464083667166,0.0,0.0021711874254609,0.0,0.0,0.0,0.0,0.1042938437661665,0.0,0.0025381486804684,0.0,0.0018959664842053,0.0,0.0,0.0003975413595914,0.0,0.0,0.0,0.0,0.0,0.047128815312985,0.0,0.0,0.0,0.0,0.0,0.0,0.0,0.0,0.0007950827191828,0.0007242628039317,0.0010397235558545,0.0022935078437968,0.0,0.0,0.0,0.0,0.0014678450200299,0.0,0.0,0.0,0.0,0.0,0.0,0.0044341151646738,0.0009174031375187,0.0003975413595914,0.0,0.0003975413595914,0.0118650805785754,0.0,0.0,0.0015290052291978,0.0002446408366716,0.0,0.0020488670071251,0.0,0.0,0.0,0.0,0.0,0.000672762300847,0.0007645026145989,0.0,0.0236690009479832,0.0066053025901348,0.0054319710294878,0.0,0.0007950827191828,0.0,0.0,0.0,0.0,0.0186538637962141,0.0,0.0,0.0026604690988043,0.0,0.0,0.0,0.0037919329684107,0.0,0.0025866528711845,0.0,0.0019877067979572,0.0017124858567015,0.0,0.0033332313996513,0.0,0.0,0.0,0.0,0.0005198617779272,0.0002446408366716,0.0,0.0,0.0,0.0059019601847038,0.0,0.0,0.0,0.0040977340142503,0.0,0.0,0.0015901654383657,0.0,0.0011620439741903,0.0004281214641754,0.0,0.0,0.0,0.0,0.0,0.0,0.0,0.0,0.0,0.0006421821962631,0.0004892816733433,0.0,0.0,0.0036696125500749,0.0,0.0040977340142503,0.0007339225100149,0.0082260481330846,0.0,0.0009479832421026,0.0,0.0,0.0,0.0,0.0,0.0,0.0007950827191828,0.0010091434512706,0.0,0.0,0.0,0.0074615455184856,0.0001834806275037,0.0,0.2327145958839178,0.0,0.0,0.0436627004655975,0.0671495085359544,0.0,0.0701500258665287,0.0,0.0098292809105017,0.0037247801345059,0.0,0.0,0.0887221934816347,0.0,0.0541645111226073,0.0,0.0,0.0236937403000516,0.0,0.0,0.0030885905629797,0.0012232041833583,0.0,0.0012537842879421,0.0,0.0048928167334331,0.0,0.0001834806275037,0.0006421821962631,0.0,0.0,0.0,0.0,0.0001223204183358,0.0013455246016941,0.0,0.0,0.0007645026145989,0.0,0.0,0.0002752209412556,0.0,0.0,0.0,0.0,0.0011314638696064,0.0427509862083728,0.0,0.0013149444971101,0.0,0.0280419559034891,0.0,0.0,0.0053209381976086,0.0,0.0,0.0002752209412556,0.0,0.0023240879483807,0.0006421821962631,0.0,0.0137304669581969,0.0022017675300449,0.0,0.0,0.0030274303538118,0.0,0.0,0.0,0.0,0.0014984251246139,0.0,0.0,0.0055961591388641,0.0,0.0,0.0,0.0010703036604385,0.0029051099354759,0.0,0.0076756062505733,0.0,0.0,0.0,0.0007950827191828,0.0026298889942202,0.0004892816733433,0.0086847497018438,0.0,0.0020182869025412,0.0055961591388642,0.0,0.0017736460658695,0.0,0.000672762300847,0.0,0.0,0.0,0.0,0.0,0.0,0.0,0.0003363811504235,0.0,0.0,0.0120538023797206,0.0097550533622824,0.0,0.0,0.0,0.0,0.0,0.0015290052291978,0.0,0.0708225556130367,0.0079814072964129,0.0,0.0505949301603724,0.003608452340907,0.0,0.0,0.0,0.0,0.0,0.0,0.0,0.0209518882565959,0.0,0.0,0.000827728918779,0.0,0.0,0.0,0.0,0.0,0.0,0.0,0.0038225130729947,0.0667873771339886,0.0001834806275037,0.0,0.0,0.0007242628039317,0.0,0.0,0.0,0.0,0.0003058010458395,Normal
2-34,0.0,0.0,0.0068391541575519,0.0024389630635387,0.0036961605189711,0.0,0.0,0.0,0.0,0.0004274471348469,0.0032435694350154,0.0008297503205853,0.0007543184732594,0.0,0.0,0.0,0.0,0.0135525885695607,0.0111639134042392,0.0,0.0,0.0,0.0,0.0,0.0,0.0037213044680797,0.0,0.0,0.0005280229312815,0.0352769605994317,0.0,0.0,0.001206909557215,0.0,0.0,0.0,0.0,0.0,0.000779462422368,0.0017097885393879,0.0,0.0,0.0,0.0,0.0,0.0,0.0,0.0,0.0,0.0,0.0,0.0,0.0,0.0,0.0,0.0,0.0,0.0,0.0,0.0,0.0,0.0,0.0,0.0,0.0,0.0,0.0,0.0,0.0,0.002489250961756,0.0,0.0,0.0,0.0,0.0,0.0,0.0005280229312815,0.003193281536798,0.0,0.0,0.0,0.0,0.0426189937391566,0.0,0.0,0.0007040305750421,0.0,0.0,0.0100324356943501,0.0007291745241507,0.0,0.0022126675215609,0.0,0.0,0.0,0.0008800382188026,0.0,0.0,0.0,0.0014080611500842,0.0104095949309798,0.0,0.0003017273893037,0.0,0.0,0.0,0.0,0.0007543184732594,0.0,0.0,0.0012571974554323,0.0,0.0,0.0004023031857383,0.100424932739936,0.0,0.0901234567901234,0.0,0.0083333333333333,0.0,0.051897110960247,0.0,0.0,0.0,0.0034447210278846,0.0,0.0,0.0,0.0016846445902793,0.0,0.010887329964044,0.0008297503205853,0.0,0.0011817656081064,0.0,0.0004777350330642,0.0,0.0,0.0,0.0,0.0008800382188026,0.0,0.083452767091599,0.0,0.0232832968746071,0.0044756229413391,0.0,0.0006034547786075,0.0,0.0064619949209222,0.0031932815367981,0.0,0.0,0.0,0.0,0.0031429936385808,0.0007040305750421,0.0,0.0,0.0,0.0,0.0,0.0,0.0019109401322571,0.0,0.0,0.0,0.0,0.0021120917251263,0.0,0.0,0.0006285987277161,0.0019109401322571,0.0008800382188026,0.0,0.0,0.0,0.0002011515928691,0.0,0.2388888888888887,0.0,0.0,0.0,0.0,0.0,0.0089506172839506,0.0,0.0,0.0,0.552932098765432,0.0,0.0137345679012345,0.0,0.0,0.0756172839506171,0.0,0.0027658344019511,0.0,0.0,0.0,0.0,0.0,0.0,0.0018606522340398,0.0,0.0,0.0,0.0014332050991928,0.0,0.012747982198084,0.0,0.0,0.0,0.0012320535063237,0.0,0.0,0.0049030700761861,0.0238867516532145,0.0,0.0010057579643458,0.0,0.0,0.0,0.0,0.0,0.0,0.0,0.0002011515928691,0.0052469135802469,0.0,0.0,0.0,0.0,0.1270020869477758,0.0,0.0,0.1268512232531241,0.0,0.0,0.0,0.0,0.0082220713585274,0.0,0.0,0.0,0.0,0.0,0.0,0.0,0.0019612280304744,0.0,0.0,0.0235095924165848,0.0009554700661285,0.0060596917351839,0.0,0.0,0.0,0.0,0.0031178496894722,0.0,0.0,0.0,0.0,0.0,0.0,0.0,0.0008548942696939,0.0,0.0,0.0010560458625631,0.0,0.0004525910839556,0.0,0.0,0.0,0.0127228382489752,0.0,0.0,0.0,0.0001508636946518,0.0008548942696939,0.0,0.0,0.0,0.0,0.0,0.0,0.0,0.0,0.0097307083050463,0.0,0.0,0.0,0.0,0.0,0.0,0.0,0.0,0.0,0.0,0.0,0.0,0.0,0.0,0.0080963516129843,0.0,0.0027909783510598,0.0,0.0,0.0,0.0,0.0,0.0,0.0,0.0,0.0,0.0,0.0,0.0,0.0,0.0020115159286917,0.0,0.0,0.0,Normal
2-4,0.0056672342372106,0.0058705430887697,0.0,0.00348166408295,0.0,0.000457444916008,0.0016264708124729,0.0014485755673587,0.0,0.0,0.0,0.0,0.0003303768837835,0.0,0.0,0.0029479783476073,0.0,0.0594170118681542,0.0,0.0,0.0014485755673587,0.0,0.000686167374012,0.0,0.0025667742509339,0.0,0.0,0.0,0.0,0.0013469211415792,0.000457444916008,0.0023634653993748,0.0,0.0003191828917969,0.0,0.0,0.0,0.0,0.0,0.0,0.0,0.0009403034384609,0.0,0.0065058832498919,0.0,0.0,0.007420773081908,0.0,0.0003049632773386,0.0,0.0069125009530102,0.0,0.0,0.0,0.0010927850771302,0.0,0.0021601565478157,0.0228468321939566,0.0005336857353427,0.0010673714706854,0.0,0.0,0.0,0.0025921878573788,0.0,0.0025534631343759,0.0021855701542605,0.000686167374012,0.0049556532567536,0.0,0.0047523444051945,0.0032275280185011,0.00114361229002,0.0,0.0,0.0005336857353427,0.0,0.0,0.0,0.0,0.0,0.0006353401611222,0.0,0.0004828585224529,0.0002541360644489,0.0,0.0022618109735952,0.0,0.000228722458004,0.0,0.0001016544257795,0.0,0.0055909934178759,0.0,0.0,0.0,0.0,0.0003049632773386,0.0,0.0179420061500927,0.0114615365066454,0.0,0.0255660880835599,0.0,0.0,0.0003812040966733,0.0,0.0002541360644489,0.0,0.0,0.0004320313095631,0.0,0.0042694858827416,0.076367887366896,0.0212203613814835,0.0,0.1738482817320991,0.0008511543781253,0.0,0.0021093293349259,0.0621108541513122,0.0010927850771302,0.0001524816386693,0.0,0.0006353401611222,0.0,0.0,0.0,0.0,0.0022109837607054,0.0334188924750308,0.0,0.0038882817860682,0.0,0.0,0.0,0.0,0.0,0.0,0.0023634653993748,0.0007369945869018,0.0020585021220361,0.0008386490126813,0.0,0.0,0.0,0.000686167374012,0.0,0.0,0.0,0.0,0.0,0.0004320313095631,0.0007369945869018,0.0,0.0068108465272306,0.0,0.0,0.0,0.0013215075351342,0.0010165442577956,0.0,0.0,0.0,0.0,0.0,0.0,0.0018806068769219,0.0011944395029098,0.0,0.0005845129482324,0.0,0.0,0.0018806068769219,0.0009657170449058,0.0,0.0,0.003939108998958,0.0,0.0132992871582083,0.0,0.0223428024257899,0.0,0.0057452920523459,0.0,0.0388339185019682,0.0269177572082136,0.0,0.0,0.4156825194169591,0.0002127885945313,0.0059580806468773,0.0,0.0,0.2639642515161182,0.0100637881521766,0.0,0.0006099265546773,0.0007369945869018,0.0,0.0002795496708937,0.0,0.0274212813540369,0.0,0.0,0.0003557904902284,0.0,0.0046506899794149,0.0,0.0,0.0,0.0,0.0,0.0002795496708937,0.0008386490126813,0.0019568476962565,0.0,0.0017535388446974,0.0,0.0,0.0,0.0,0.0006099265546773,0.0030242191669419,0.0,0.0620600269384226,0.0014231619609138,0.0038374545731784,0.0047877433769549,0.0048794124374189,0.0334951332943656,0.0011181986835751,0.0011690258964648,0.0107499555261887,0.0018297796640321,0.0,0.0481079570001778,0.0,0.0,0.015553127144273,0.0,0.0,0.0005845129482324,0.0,0.0,0.0,0.0,0.0,0.0031258735927215,0.0,0.0,0.0098858929070624,0.0008894762255711,0.0021093293349259,0.0019060204833667,0.0058197158758798,0.0,0.0,0.0,0.0,0.0,0.0015248163866934,0.0019822613027014,0.0002795496708937,0.0024397062187094,0.0020585021220361,0.0,0.0,0.0,0.0,0.0,0.0,0.0,0.0,0.0,0.0,0.0,0.0046761035858598,0.00114361229002,0.0019314340898116,0.0,0.0008132354062364,0.0,0.0023380517929298,0.0167475666471829,0.0,0.0006607537675671,0.0,0.0,0.0,0.0,0.0,0.0058959566952146,0.0001016544257795,0.0,0.0005336857353427,0.0,0.0016264708124729,0.0,0.0,0.0082848357010343,0.0,0.0,0.0029790403234386,0.0,0.0,0.0010639429726566,0.000457444916008,0.0,0.0017281252382525,0.0005336857353427,0.0145760187253963,0.0,0.0,0.0022109837607054,0.0,0.0,0.009733411268393,0.0018806068769219,0.0010639429726566,0.0003812040966733,0.0022109837607054,0.0,0.0,0.0,Normal
2-5,0.0095198460177911,0.0042657233522343,0.0,0.0013265359205118,0.0,0.0,0.0039015762367996,0.0064506060448421,0.0,0.0,0.0,0.0003641471154346,0.0,0.0,0.0,0.0003901576236799,0.0009363782968319,0.0069448057015034,0.0,0.0,0.0,0.0,0.0007803152473599,0.0,0.0021068511678718,0.0,0.0,0.0019247776101545,0.0,0.0010144098215679,0.0,0.0,0.0,0.0,0.0,0.0,0.0,0.0013265359205118,0.0,0.0,0.0,0.0,0.0,0.0139676429277428,0.0,0.0067268706229266,0.0,0.0,0.0004161681319252,0.0,0.0008843572803412,0.0,0.0,0.0006502627061332,0.0007022837226239,0.0033173608551419,0.0,0.0242678041928939,0.0,0.0002080840659626,0.0,0.0,0.0062685324871247,0.0,0.0,0.0011979358643568,0.0021848826926078,0.0009363782968319,0.0136555168287988,0.0,0.0009883993133225,0.0,0.0019507881183998,0.0,0.0041616813192529,0.0,0.0,0.0,0.0002601050824533,0.0027311033657597,0.0007022837226239,0.0018207355771731,0.0,0.0,0.003381366071893,0.0,0.0004161681319252,0.0,0.0,0.0,0.0009623888050772,0.0,0.0,0.0,0.0,0.0,0.0002340945742079,0.0002861155906986,0.0,0.0201581438901315,0.0113926026114547,0.0128086988573534,0.0922072517296987,0.0003641471154346,0.0,0.0011184518545492,0.0,0.0,0.0,0.0,0.0010664308380585,0.0038755657285543,0.003459397596629,0.0652083441710451,0.015554283930708,0.0013525464287571,0.1619056395134535,0.0169553999262807,0.0,0.0020028091348904,0.0041356708110076,0.0,0.0013525464287572,0.0,0.0,0.0,0.0,0.0026010508245331,0.0002861155906986,0.0014825989699838,0.0034073765801383,0.0,0.0039796077615356,0.0,0.0,0.0,0.0014825989699838,0.0,0.0,0.0060864589294073,0.0,0.0018207355771731,0.0002080840659626,0.0,0.0,0.0,0.0,0.0,0.0,0.0,0.0,0.0,0.0021068511678718,0.0016906830359465,0.0,0.0058783748634447,0.0003381366071893,0.0,0.0126671175154762,0.0007543047391146,0.0020028091348904,0.0010664308380585,0.0,0.0,0.0,0.0,0.0,0.0005462206731519,0.0035894501378556,0.0001040420329813,0.0015606304947198,0.0,0.0,0.0030952504811944,0.0054101857150288,0.0012224938875305,0.0,0.0155282734224626,0.0,0.0154810173239955,0.0229450792480647,0.0246037596756358,0.0,0.1612605971249539,0.0,0.0192591227423515,0.0265388868411352,0.0,0.0,0.2495392554367858,0.0,0.0456137117582012,0.0099520825654257,0.010873571691854,0.1078142277921116,0.007621078915882,0.0,0.0031992925141757,0.0016386620194558,0.0,0.0033813660718929,0.0004941996566612,0.0067887426520313,0.0,0.0,0.0,0.0,0.0012485043957758,0.0,0.0,0.0,0.0,0.0,0.0,0.0008843572803412,0.0007282942308692,0.0,0.0,0.0,0.0,0.0,0.0,0.0017947250689278,0.0081933100972792,0.0,0.0015346199864745,0.0015606304947198,0.0092597409353378,0.0078326575746406,0.0054361962232741,0.0010664308380585,0.0,0.0048379545336315,0.0137335483535348,0.0023669562503251,0.0,0.0405243718462258,0.0,0.0045518389429329,0.0121469073505694,0.0040576392862714,0.0,0.0040576392862716,0.0,0.0,0.0,0.0005982416896426,0.0021068511678718,0.0034854081048743,0.0,0.002366956250325,0.0,0.0,0.0017427040524371,0.0007803152473599,0.0150340737658013,0.0,0.0020548301513811,0.0,0.0,0.0,0.0069448057015034,0.0011964833792852,0.0,0.0156583259636893,0.0,0.0,0.0030172189564584,0.0,0.0,0.0,0.0005462206731519,0.0,0.0,0.0161525256203506,0.0,0.0,0.002991208448213,0.0,0.0027050928575143,0.0,0.0005202101649066,0.0,0.005982416896426,0.0005982416896426,0.0,0.0007282942308692,0.0,0.0,0.0005202101649066,0.0,0.0,0.003225303022421,0.0,0.0,0.0009883993133225,0.0,0.0,0.0,0.0,0.019247776101545,0.0,0.0,0.0161260597124953,0.0,0.0,0.0013822336896424,0.0,0.0,0.0015086094782292,0.0,0.0008293402137854,0.0,0.0,0.011470634136191,0.0,0.0002601050824533,0.0,0.0003641471154346,0.0004607445632141,0.0015346199864745,0.0009883993133225,0.0,0.0,0.0003381366071893,Normal
2-6,0.0,0.0,0.0011727805809354,0.0,0.0,0.0,0.0,0.0,0.0,0.0093276967134869,0.0003272876039819,0.0,0.0,0.0,0.0,0.0,0.0,0.0002727396699849,0.0,0.0252829674076094,0.0,0.0,0.0,0.0,0.0,0.0,0.0,0.0,0.0023728351288694,0.0027819446338469,0.0,0.0,0.0,0.0,0.0,0.0,0.0045547524887494,0.0,0.0,0.0,0.0021546433928814,0.0,0.0,0.0,0.0,0.0051608257321171,0.0,0.0032405184829572,0.0,0.0008182190099549,0.0,0.0015273421519159,0.0,0.0,0.0,0.0,0.0,0.0006000272739669,0.0,0.0,0.0026183008318559,0.0,0.0,0.0,0.0006545752079639,0.0,0.0,0.0,0.0,0.0007909450429564,0.0,0.0,0.0,0.0021273694258829,0.0,0.0,0.0,0.0006000272739667,0.0,0.0,0.0,0.0,0.0309559525432974,0.0,0.0,0.0,0.0,0.0,0.0,0.0,0.0,0.0,0.0,0.0,0.0,0.0116732578753579,0.0,0.0006818491749624,0.0025092049638619,0.0011727805809354,0.0060275467066683,0.0034805568891022,0.0018000818219009,0.0003818355379789,0.0003000136369834,0.0,0.0053729714987044,0.0102550115914358,0.0,0.0,0.0024819309968634,0.0,0.0,0.0004363834719759,0.0,0.0,0.1661065770523283,0.0,0.0,0.0,0.0032728760398196,0.0,0.0,0.0018546297558979,0.0,0.0,0.0,0.0,0.0059184508386743,0.0,0.0146188463111958,0.0036274376108004,0.0,0.0,0.0,0.0013364243829264,0.0,0.0,0.0,0.0,0.0,0.0,0.1247238510841395,0.0186281194599754,0.0008727669439519,0.0064093822446474,0.0,0.0065184781126414,0.0013909723169234,0.0008727669439519,0.0052911495977088,0.0,0.0,0.0,0.0,0.0,0.0039001772807852,0.0,0.0,0.0,0.0,0.0,0.0,0.0008454929769534,0.0,0.0,0.0,0.0,0.0047456702577389,0.0,0.0,0.0013364243829264,0.0471021410064092,0.0,0.0019637256238919,0.0,0.0025364789308604,0.0002727396699849,0.0,0.1290206433029282,0.0,0.0,0.0,0.0,0.0,0.0099615938550168,0.0021603456553048,0.0,0.0,0.3671387421987516,0.0,0.0,0.0176428228516562,0.0040806529044647,0.2179548727796447,0.0,0.0,0.0,0.0,0.0,0.0,0.0,0.0,0.0,0.0,0.0,0.0,0.0063548343106504,0.0,0.0,0.0,0.0,0.0013364243829264,0.0027819446338469,0.0,0.0,0.0,0.0,0.0024003840614498,0.0022364652938768,0.0,0.0016909859539069,0.0,0.0,0.0,0.0,0.0,0.0,0.0,0.0,0.0,0.0,0.0008182190099549,0.1802536478930856,0.0,0.0006273012409654,0.0234828855857084,0.0,0.0,0.0,0.0052911495977089,0.0011455066139369,0.0,0.0,0.0,0.0,0.0,0.0,0.0,0.0,0.0,0.0,0.0104732033274238,0.0074730669575888,0.0014455202509204,0.0,0.0,0.0,0.0,0.0007091231419609,0.0,0.0,0.0,0.0,0.0,0.0,0.0,0.0048547661257328,0.0,0.0,0.0008182190099549,0.0,0.0001636438019909,0.0012546024819309,0.0,0.0027273966998499,0.0035183417428063,0.0,0.0,0.0,0.0045547524887493,0.0009545888449474,0.0,0.0,0.0007909450429564,0.0003545615709804,0.0,0.0,0.0049365880267284,0.0,0.0031365062048274,0.0,0.0007909450429564,0.0,0.0,0.0,0.0,0.0,0.0,0.0,0.0,0.0,0.0036547115777989,0.0,0.0,0.0,0.0,0.0,0.0,0.0,0.0,0.0,0.0,0.0,0.0,0.0,0.0,0.0,0.0,0.0,0.0,0.0023182871948724,0.0,0.0,0.0,Normal
2-7,0.0,0.0155306298533218,0.0,0.0,0.0,0.0,0.0014667817083692,0.0026171987345412,0.0,0.0,0.0,0.000776531492666,0.0,0.0,0.0,0.0009778544722461,0.0026747195858498,0.001351740005752,0.0,0.0,0.0,0.0,0.0002876042565429,0.0,0.0006902502157031,0.0,0.0,0.0,0.0,0.0,0.0,0.0,0.0,0.0165049766914451,0.0,0.0,0.0,0.0023583549036525,0.0,0.0,0.0,0.0015243025596778,0.0,0.0004314063848144,0.0,0.0,0.0035662927811331,0.0,0.0,0.0,0.0,0.0,0.0,0.0,0.0003738855335058,0.0,0.0,0.1139775668679896,0.0,0.0009490940465918,0.0,0.0009490940465918,0.0,0.0,0.0,0.0,0.0,0.0094046591889559,0.0022433132010353,0.0,0.0018406672418751,0.0,0.0155306298533218,0.0,0.0005464480874316,0.0012654587287891,0.0,0.0,0.0,0.0012654587287891,0.0006902502157031,0.0012942191544434,0.0,0.0015818234109864,0.002904802991084,0.0,0.0,0.0,0.0,0.0,0.0,0.0,0.0,0.0,0.0,0.0,0.0007190106413574,0.0,0.0,0.036180615473109,0.0103825136612021,0.0119692579060096,0.001639344262295,0.0016968651136036,0.0,0.0024733966062697,0.0,0.0,0.0044003451251078,0.0,0.0016681046879493,0.0,0.0016968651136036,0.0409548461317227,0.0,0.0,0.1290160010079374,0.0309940783671411,0.0,0.0028760425654299,0.008081679608858,0.0,0.001064135749209,0.0,0.0,0.0,0.0,0.0,0.0,0.0030486051193557,0.0318953120506182,0.0,0.0131435145240147,0.0,0.0064135749209088,0.0,0.0014092608570606,0.0002588438308886,0.0,0.0,0.0,0.0416163359217716,0.0,0.0,0.0,0.0,0.0007477710670117,0.0,0.0,0.0,0.0,0.0,0.0,0.0034512510785159,0.0,0.0,0.0,0.0,0.0,0.0,0.0,0.0,0.0053494391716997,0.0,0.0,0.0010066148979004,0.0,0.0,0.0036238136324417,0.0,0.0023008340523439,0.0,0.0,0.0,0.0075639919470808,0.0,0.0,0.00020132297958,0.0,0.0,0.0297341564822979,0.0438452815925412,0.0,0.0885725085044727,0.008441476628449,0.0343958674562176,0.0149930704296333,0.0,0.0633740708076099,0.0944941413632353,0.0,0.0,0.0078115156860274,0.0,0.2020914703288394,0.0,0.0,0.0015530629853321,0.0003451251078515,0.0,0.0,0.004802991084268,0.019211964337072,0.0,0.0002588438308886,0.0004314063848144,0.0,0.0,0.0,0.0,0.0,0.0,0.0,0.0,0.0,0.0,0.0,0.0,0.0,0.0,0.0,0.0,0.0029048029910842,0.0014667817083692,0.0,0.0024733966062697,0.000776531492666,0.0066436583261431,0.0,0.0037388553350587,0.0031061259706642,0.0005176876617773,0.0,0.0006327293643945,0.0008052919183203,0.0,0.0004026459591601,0.0,0.0113028472821397,0.007305148116192,0.0,0.0,0.0,0.0,0.0,0.0,0.0,0.0,0.0,0.0,0.0,0.0,0.0,0.0026747195858498,0.0031348863963186,0.0100373885533505,0.0,0.0017256255392579,0.0033074489502444,0.0,0.0,0.0037388553350589,0.0,0.0,0.0023295944779982,0.0,0.0,0.0,0.0,0.0,0.0,0.0002876042565429,0.0,0.0,0.0106125970664365,0.0,0.0,0.0,0.0,0.0038538970376759,0.0,0.0,0.0,0.0085706068449812,0.0,0.0,0.002214552775381,0.0,0.0,0.0,0.0,0.0,0.0,0.0,0.0,0.0010066148979004,0.0752173365251354,0.0,0.0023938515812019,0.0,0.0044866264020707,0.0,0.0,0.0486329847549451,0.0,0.0,0.0,0.0,0.0,0.0026171987345412,0.0,0.0,0.0,0.0017256255392579,0.0013805004314063,0.0018898828272647,0.0014667817083692,0.0,0.0003738855335058,0.0005039687539372,0.0,0.0,0.0,0.0015818234109864,0.0003451251078515,Normal
2-8,0.0058259214665786,0.0182157144521691,0.0,0.0053986872256961,0.0,0.0,0.000271876335107,0.0023303685866314,0.0,0.0,0.0,0.0,0.0012817027226472,0.0,0.0,0.0013205421990911,0.0,0.030527828484872,0.0,0.0,0.0,0.0019808132986367,0.0,0.0,0.0024857264924068,0.0,0.0,0.0,0.0,0.003806268691498,0.0,0.0015924185341981,0.0,0.0015342465753424,0.0,0.0,0.0,0.0015924185341981,0.0,0.0,0.0,0.0,0.0,0.001631258010642,0.0,0.0,0.0,0.0,0.0004660737173262,0.0,0.0274595098458072,0.0,0.0,0.0,0.0,0.0,0.0,0.0880879325746688,0.0,0.0,0.0,0.0,0.0009321474346525,0.0,0.0,0.0061369863013698,0.0,0.0020584922515244,0.0119237192682642,0.0,0.0036509107857226,0.0,0.0036509107857226,0.0,0.0,0.0033401949741717,0.0,0.0,0.0,0.0019419738221928,0.0,0.0,0.0,0.0003495552879947,0.001631258010642,0.0,0.0016700974870858,0.0,0.0,0.0,0.0,0.0,0.0,0.0,0.0,0.0,0.0,0.0,0.0,0.0115353245038256,0.0106808560220605,0.0094246575342465,0.0168174933001903,0.0,0.0,0.0021361712044121,0.0,0.0,0.0,0.0,0.0010098263875402,0.0,0.0019419738221928,0.0692507864993979,0.0149143589544411,0.0,0.164931506849315,0.001972602739726,0.0,0.0013205421990911,0.0034178739270592,0.002990639686177,0.0004272342408824,0.0,0.0,0.0,0.0,0.0,0.0,0.0011651842933157,0.0411698450304888,0.0,0.0,0.0,0.0022138501572998,0.0,0.0001941973822192,0.0,0.0,0.0,0.0009709869110964,0.0026022449217384,0.0008933079582087,0.0,0.0,0.0,0.0,0.0,0.0,0.0,0.0,0.0042723424088243,0.0036120713092786,0.0,0.0,0.0,0.0,0.0,0.0,0.0,0.0010486658639841,0.0,0.0,0.0,0.0,0.0010486658639841,0.0,0.004350021361712,0.0023303685866314,0.0,0.0026410843981823,0.0,0.0,0.0,0.0019808132986367,0.0021361712044121,0.0,0.0210898357090146,0.0,0.0106301369863013,0.0353972602739726,0.0,0.0,0.0725479452054794,0.0,0.0488767123287669,0.0047123287671232,0.0,0.0,0.1304109589041095,0.0,0.0015342465753424,0.0,0.0042739726027397,0.298520547945205,0.0,0.0,0.0009709869110964,0.0,0.0,0.0,0.0004272342408824,0.0167009748708586,0.0,0.0,0.0,0.0,0.0119237192682642,0.0,0.0,0.0,0.0067192294247873,0.0,0.0006214316231017,0.0027964423039577,0.0,0.0,0.0004660737173262,0.0,0.0,0.0,0.0,0.0,0.0006602710995455,0.0,0.1410649784440902,0.000815629005321,0.0132831009437992,0.0054794520547945,0.0012040237697595,0.0076513768594398,0.0007379500524332,0.0,0.0205072435623567,0.0005825921466578,0.0,0.0907290169728511,0.0,0.0014759001048665,0.0,0.0,0.0,0.0,0.0,0.0,0.0,0.0004660737173262,0.0,0.0042335029323804,0.0,0.0004660737173262,0.0054763661785839,0.0005825921466578,0.0022526896337437,0.0025634054452945,0.0091661164407502,0.0,0.0,0.0,0.0,0.0,0.0004660737173262,0.0,0.0,0.0,0.0003495552879947,0.0,0.0,0.0,0.0,0.0,0.0,0.0,0.0,0.0066415504718996,0.0,0.0,0.006525032042568,0.0046995766497067,0.0017477764399735,0.0,0.0,0.0,0.0,0.0,0.0,0.0,0.0,0.0,0.0,0.0,0.0,0.0012817027226472,0.0,0.0,0.0,0.0,0.0015147395813104,0.0027397260273972,0.0,0.0009321474346525,0.0,0.0,0.0637808219178082,0.0,0.0,0.0077808219178082,0.0,0.0,0.0052044898434769,0.0,0.0987397260273972,0.0,0.0,0.0007767895288771,0.0,0.0003107158115508,0.0166621353944148,0.0006214316231017,0.0023013698630136,0.0,0.0,0.0,0.0,0.0,Warning
2-9,0.0,0.0,0.0,0.0,0.0,0.0,0.0,0.0,0.0,0.0003983171102093,0.0,0.0,0.0,0.0,0.0,0.0,0.0,0.0004232119295974,0.0,0.0817794816898603,0.0,0.0,0.0,0.0012945306081804,0.0,0.0006223704847021,0.0,0.0,0.0,0.0001991585551046,0.0,0.0,0.0,0.0,0.0,0.0,0.0,0.0,0.0,0.0,0.0,0.0,0.0079302141157811,0.0,0.0,0.0,0.0,0.0,0.0,0.0,0.0,0.0029873783265702,0.0,0.0,0.0,0.0,0.0,0.0003734222908212,0.0,0.0,0.0,0.0,0.0,0.0,0.0008464238591949,0.0,0.0,0.0,0.0,0.0,0.0,0.0,0.0,0.0,0.0,0.0,0.0346286937688267,0.0182976922502426,0.0,0.0,0.0,0.0,0.0,0.0,0.0,0.0,0.0,0.0,0.0,0.0,0.0,0.0,0.0,0.0,0.0,0.0,0.0,0.0,0.0,0.0,0.0,0.0022468939994713,0.0,0.0,0.0,0.0,0.0167791082675693,0.0004730015683736,0.0,0.0,0.0020413751898229,0.0,0.0,0.0002489481938808,0.0,0.0,0.0,0.0,0.0,0.0,0.0,0.0,0.0,0.0,0.0,0.0,0.0,0.0,0.0,0.0,0.0170529512808384,0.004107645199034,0.0,0.0272598272299534,0.0,0.0,0.0,0.0,0.0,0.0,0.0,0.0,0.0088874505215464,0.0,0.0,0.0001991585551046,0.0,0.0,0.0029873783265702,0.0,0.0008713186785829,0.0,0.0,0.0,0.0004481067489855,0.0,0.0,0.0,0.0,0.0,0.0,0.0,0.0,0.0012447409694042,0.0,0.0,0.0,0.0,0.0768005178122432,0.0,0.0,0.0,0.0287286215738504,0.0,0.0,0.0,0.0,0.0001493689163285,0.0,0.5769230769230769,0.0,0.0,0.0,0.0,0.0,0.0572297118688871,0.0,0.0,0.0,0.0100449378799894,0.0,0.0,0.0,0.0,0.0,0.0,0.0,0.0,0.0,0.0,0.0,0.0,0.0,0.002066270009211,0.0,0.0,0.0,0.0007966342204187,0.0,0.0,0.0,0.0,0.0,0.3065050163061065,0.0,0.0,0.0,0.0,0.0,0.002638850855137,0.0,0.0,0.0,0.0,0.0,0.0,0.0,0.0,0.0,0.0,0.0,0.0,0.0,0.0004978963877617,0.0,0.0,0.0022903233837038,0.0,0.0,0.0,0.0,0.0,0.0,0.0,0.0,0.0,0.0,0.0,0.0,0.0006970549428663,0.0,0.0,0.0015185839826731,0.002638850855137,0.0,0.0,0.0004730015683736,0.0,0.0,0.0043316985735268,0.0275087754238342,0.0,0.0,0.0,0.0,0.0,0.0,0.0,0.0278573028952674,0.0,0.0,0.0,0.0021907441061515,0.0,0.0,0.0002489481938808,0.0,0.0,0.0,0.0,0.0,0.0,0.0,0.0,0.0,0.0,0.0,0.0,0.0,0.0,0.0,0.0,0.0,0.0,0.0056833201163098,0.0,0.0,0.0,0.0,0.0,0.0,0.0,0.0,0.0,0.0,0.0009460031367472,0.0,0.0,0.0,0.0,0.0,0.0,0.0046304364061838,0.0,0.0,0.0,0.0,0.0,0.0,0.0,0.0,0.0,0.0,0.0,0.0,Normal
3-1,0.0,0.0,0.0,0.0,0.0,0.0,0.0,0.0,0.0,0.0139326196473551,0.0012594458438287,0.0020465994962216,0.0,0.0732214228617106,0.0,0.0,0.0,0.0,0.0,0.0031486146095717,0.0,0.0,0.0,0.0,0.0,0.0226962636439966,0.0530775379696243,0.0,0.0008133921074727,0.0105216204869857,0.0,0.0,0.0003410999160369,0.0,0.0887290167865707,0.0,0.0,0.0,0.0,0.0,0.0,0.0,0.2215027977617905,0.0,0.0,0.0,0.0,0.0,0.0,0.0,0.0,0.0066383291351805,0.0,0.0,0.0,0.1050359712230215,0.0,0.0,0.0,0.0,0.0,0.0,0.0,0.0,0.0007609151973131,0.0,0.0,0.0,0.0,0.0,0.0,0.0,0.0,0.0,0.0,0.0,0.0018104534005037,0.0545759865659108,0.0024139378673383,0.0,0.0,0.0,0.0091047439126784,0.0,0.0,0.002676322418136,0.0,0.0,0.0,0.0,0.0,0.0,0.0,0.0,0.0,0.0003148614609571,0.0,0.0,0.0,0.0,0.0,0.0,0.0,0.0,0.0,0.0,0.0118073047858939,0.0,0.0,0.0,0.00223026868178,0.0,0.0,0.0,0.0,0.0,0.0,0.0,0.0,0.0,0.0067957598656589,0.0,0.0,0.0,0.0,0.0,0.0,0.0,0.0,0.0,0.0204397565071368,0.0014955919395465,0.0,0.0010495382031905,0.0,0.0,0.0,0.0,0.0,0.0,0.0,0.0,0.1850073467674218,0.0,0.0035421914357682,0.0043293450881612,0.0,0.0,0.0,0.008133921074727,0.0,0.0,0.0,0.0,0.0011544920235096,0.0,0.0,0.0004985306465155,0.0,0.0,0.0,0.0,0.0,0.0007084382871536,0.0,0.0,0.001889168765743,0.0,0.0190491183879093,0.0,0.0,0.0001836691855583,0.0119122586062132,0.0,0.0,0.0,0.0003410999160369,0.0,0.0,0.0842525979216626,0.0,0.0,0.0,0.0,0.0,0.002238209432454,0.0,0.0,0.0,0.0,0.0,0.0,0.0109512390087929,0.0,0.0,0.0,0.0007871536523929,0.0,0.0,0.0,0.0,0.0,0.0,0.0017579764903442,0.0,0.0,0.0,0.0,0.0,0.0,0.0,0.0,0.0,0.0217254408060452,0.0,0.0,0.0012856842989084,0.0644416456759024,0.0,0.0008396305625524,0.0,0.0003148614609571,0.0,0.0,0.0,0.0,0.0,0.0,0.0,0.0,0.0,0.0,0.0,0.000997061293031,0.0,0.0,0.0027550377833753,0.0,0.0,0.0,0.0,0.001338161209068,0.0,0.0716309823677581,0.0,0.0,0.0,0.0,0.0,0.0020990764063811,0.0,0.0,0.0044080604534005,0.010705289672544,0.0,0.0,0.0,0.0,0.0,0.0008396305625524,0.0154544500419815,0.0,0.0,0.0,0.0,0.0,0.0,0.0,0.0177634340890007,0.0,0.0141162888329135,0.0,0.0034372376154492,0.000892107472712,0.0,0.0823362720403022,0.0016530226700251,0.0,0.0,0.0,0.0010757766582703,0.0,0.0,0.0,0.0048803526448362,0.0,0.0,0.0,0.0,0.0,0.0054313602015113,0.1074340527577937,0.0,0.0,0.0987210231814548,0.0,0.0,0.0010232997481108,0.0,0.0,0.0,0.0,0.0,0.0,0.0,0.0,0.0,0.0022040302267002,0.0,0.0,0.0,0.0,0.0016792611251049,0.0,0.0,0.148361310951239,0.0,0.0,0.0,0.0,0.0,0.0,0.0,0.0,0.0,Normal
3-10,0.0184699714013346,0.0111614235780108,0.0,0.0,0.0,0.0,0.0029790276453765,0.0005560851604702,0.0,0.0,0.0,0.0,0.0,0.0,0.0,0.0,0.0,0.0,0.0,0.0,0.0,0.0017079758500158,0.0009135684779154,0.0,0.0,0.0,0.0029437017048939,0.0,0.0,0.0,0.0,0.0027009850651414,0.0,0.0001226542377039,0.0033116644180056,0.0010724499523355,0.0,0.0,0.0,0.0,0.0,0.0,0.0082178339261621,0.0012710517953606,0.0,0.0018398135655586,0.0069510645058786,0.0,0.0,0.0,0.0076263107721639,0.0,0.0008738481093104,0.0,0.0,0.0050288237458604,0.0069113441372735,0.1856132824912615,0.0,0.0,0.0,0.0,0.0016285351128058,0.0,0.0,0.0022077762786704,0.0007944073721004,0.0065935811884334,0.0066730219256434,0.0,0.0009532888465204,0.0,0.0016682554814108,0.0,0.0,0.0,0.0,0.0,0.0,0.0,0.0,0.00015888147442,0.0,0.0,0.0226008897362566,0.0,0.0,0.0,0.0,0.0,0.0,0.0,0.0,0.0,0.0,0.0,0.0,0.0,0.0,0.0,0.0331665077851921,0.0,0.0,0.0,0.0,0.0013504925325707,0.0,0.003892596123292,0.0,0.0,0.0,0.0,0.0,0.1066491897044804,0.0006355258976803,0.0,0.2158714583588862,0.0,0.0,0.002065459167461,0.0,0.0081426755640292,0.0,0.0,0.0,0.0,0.0,0.0,0.0,0.001986018430251,0.0206943120432155,0.0,0.0,0.0,0.0021448999046711,0.0,0.0,0.0,0.0,0.0,0.0,0.019343819510645,0.0011518906895455,0.0,0.0,0.0,0.0,0.0,0.0,0.0,0.0,0.0,0.0039323164918969,0.0,0.0,0.0,0.0006752462662853,0.0,0.0,0.0,0.0,0.0,0.0,0.0,0.0,0.0017476962186209,0.0,0.0,0.0071893867175087,0.0,0.0023037813790911,0.0,0.0,0.0,0.0005958055290753,0.0060772163965681,0.0,0.0002383222116301,0.0,0.0116521525818717,0.0953023426959401,0.0,0.0,0.0094443763032012,0.0,0.0323807187538329,0.0,0.0,0.0,0.346498221513553,0.0,0.0,0.0024530847540782,0.0058874034097878,0.1056052986630684,0.0,0.0,0.0010724499523355,0.0014696536383857,0.0,0.0,0.0024229424849062,0.0,0.0,0.0,7.944073721004132e-05,0.0,0.0007944073721004,0.0,0.0,0.0,0.0,0.0,0.0,0.0,0.0,0.0,0.0,0.0,0.0,0.0,0.0,0.0010724499523355,0.0,0.0,0.0025818239593263,0.002025738798856,0.0012313314267556,0.0,0.0083809977756592,0.0050842071814426,0.0033762313314267,0.0005958055290753,0.0009532888465204,0.0016285351128058,0.0,0.0627979027645376,0.0,0.0186685732443597,0.0,0.0,0.0,0.0,0.0,0.0,0.0,0.0,0.0,0.0,0.0,0.0,0.0,0.0,0.0,0.0,0.023355576739752,0.0,0.0,0.0,0.0,0.0,0.0,0.0,0.0051636479186526,0.0,0.0,0.0,0.0,0.0,0.0,0.0,0.0,0.0,0.0,0.0043692405465522,0.0,0.0,0.0670479822052748,0.0,0.0180330473466793,0.0,0.0,0.0,0.0011518906895455,0.0,0.0,0.0010327295837305,0.0,0.0,0.0023435017476962,0.0,0.0062553661228995,0.004011757229107,0.0,0.0058874034097878,0.0,0.0,0.0,0.0,0.0,0.0188274547187797,0.0,0.0,0.0220777627867042,0.0,0.0,0.0006132711885195,0.0,0.0,0.0003972036860502,0.0,0.0272292407702686,0.0,0.0,0.0126310772163965,0.0057647491720838,0.0003574833174451,0.0,0.0018271369558309,0.0,0.0,0.0,0.0,0.0,0.0,Normal
3-11,0.0028860507546856,0.0011610549013103,0.0,0.0003649029689832,0.0,0.0,0.0221927351136175,0.0,0.0,0.0,0.0,0.0004975949577044,0.0,0.0174953959484346,0.0,0.0,0.0,0.0,0.0,0.0,0.0,0.0006302869464256,0.0007298059379664,0.0,0.0024216287941615,0.0,0.0183138940045017,0.0,0.0,0.0,0.0,0.0,0.0,0.0014323715981174,0.0217925107427869,0.0,0.0,0.0,0.0,0.0,0.0,0.0,0.0577041129527317,0.0020567258251783,0.0,0.0,0.0047105655996019,0.0,0.0,0.0006966329407862,0.0,0.0,0.0,0.0,0.0,0.0279312461632903,0.0015923038646541,0.0094211311992038,0.0,0.0001658649859014,0.0,0.0030519157405871,0.0057721015093713,0.00225576380826,0.0,0.0012277470841006,0.0,0.006966329407862,0.0011942278984906,0.0,0.0013269198872118,0.0,0.0018245148449162,0.0,0.0065350804445181,0.0,0.0,0.0,0.0,0.0015259578702935,0.0,0.0006966329407862,0.0,0.0,0.0065019074473378,0.0,0.0,0.0005971139492453,0.0,0.0,0.0007629789351467,0.0,0.0,0.0,0.0,0.0,0.0007629789351467,0.0,0.0,0.0068999834135014,0.0052413335544863,0.0,0.0,0.0036158566926521,0.0,0.0006302869464256,0.0,0.0,0.0034499917067507,0.0,0.0,0.0050754685685851,0.0020567258251783,0.0825012439873942,0.0,0.0,0.0,0.0325352977286678,0.0,0.0009288439210482,0.0012605738928511,0.0021894178138994,0.0002653839774423,0.0,0.0,0.0,0.0,0.0,0.0,0.0036158566926521,0.0020898988223584,0.0,0.009786034168187,0.0,0.0,0.0,0.0,0.0,0.0,0.0,0.0,0.0140985238016254,0.0007298059379664,0.0,0.0,0.0,0.0095869961851053,0.0,0.0,0.0,0.0,0.0,0.0,0.0,0.0,0.0,0.0,0.0,0.0,0.0,0.000563940952065,0.0,0.0011942278984906,0.0,0.0,0.0010615359097694,0.0,0.0,0.0,0.0,0.0,0.0,0.0,0.0011942278984906,0.0027533587659645,0.0,0.0,0.040006634599436,0.0,0.0,0.1355637405361161,0.0594434213218743,0.0,0.0607734806629834,0.0,0.0,0.001841620626151,0.0,0.0,0.2238592183343563,0.0,0.0033763044812768,0.0,0.0,0.0748925721301411,0.0294244484989218,0.0,0.0,0.0,0.0,0.0,0.0003317299718029,0.0023221098026205,0.0,0.0,0.0,0.0,0.0,0.0,0.0,0.0,0.0,0.0,0.0006302869464256,0.0,0.0005971139492453,0.0,0.0001326919887211,0.0,0.0,0.0002985569746226,0.0,0.0005307679548847,0.0134018908608392,0.0,0.0,0.0006302869464256,0.0010947089069497,0.0,0.0101177641399899,0.0005971139492453,0.0010947089069497,0.0021894178138994,0.0005307679548847,0.0016254768618344,0.0,0.0315475203184607,0.0,0.0255763808260075,0.0032177807264886,0.0,0.0,0.0,0.0,0.0,0.0,0.0,0.0,0.0,0.0,0.0026206667772433,0.0,0.0,0.0,0.0,0.0056725825178304,0.0,0.0031182617349477,0.0008293249295073,0.0,0.0,0.0,0.0,0.0005971139492453,0.0106153590976943,0.0,0.0,0.0,0.0,0.0,0.0,0.0030850887377674,0.0,0.0,0.0,0.0,0.0,0.000563940952065,0.0,0.0046110466080609,0.0,0.0,0.0030693677102516,0.0049427765798638,0.0,0.0,0.0063692154586166,0.0,0.0,0.0,0.0,0.0349907918968692,0.0,0.0,0.0341722938408021,0.0,0.0,0.0,0.0,0.0,0.0130701608890363,0.0,0.0,0.0214855739717618,0.0,0.0,0.0004092490280335,0.0,0.0,0.0,0.0,0.0,0.0,0.0,0.0033836457123901,0.0330468590137098,0.0,0.0,0.0004975949577044,0.0,0.0,0.0,0.0,0.0001990379830817,0.0,Normal
3-12,0.0,0.0,0.0012353304508956,0.0,0.0,0.0,0.0,0.0,0.0,0.0012353304508956,0.0021177093443924,0.0,0.0,0.0097778621606227,0.0,0.0,0.0,0.0,0.0,0.0,0.0,0.0,0.0,0.0,0.0,0.0,0.0090184165559141,0.0,0.0,0.0248830847966116,0.003926586076061,0.0,0.0018529956763434,0.0,0.0139548129865198,0.0,0.0,0.0,0.0,0.0,0.0,0.0,0.0288589329789253,0.0,0.0,0.0,0.0,0.0281944180748053,0.0,0.0,0.0,0.0,0.0,0.0,0.0,0.012151129675337,0.0,0.0,0.0,0.0,0.0076766963734227,0.0,0.0,0.0,0.0,0.0,0.0,0.0,0.0,0.0,0.0,0.0,0.0,0.0,0.0,0.0,0.0,0.0071913879819993,0.0007059031147974,0.0,0.0,0.0,0.0036177534633371,0.0,0.0,0.0063972469778522,0.0,0.0,0.0010588546721962,0.0,0.0,0.0,0.0,0.0,0.0,0.0067060795905761,0.0,0.0,0.0,0.0,0.0073237448160239,0.0,0.0,0.0,0.0,0.0,0.0064413659225271,0.0007941410041471,0.0,0.0,0.0,0.0,0.0,0.0,0.0,0.0,0.0021834061135371,0.0,0.004841465730017,0.0,0.0455307509044379,0.0,0.0,0.0,0.0,0.0,0.0,0.0,0.0036177534633371,0.0,0.0121768287302567,0.0009264978381717,0.0,0.0,0.0,0.0033089208506132,0.0,0.0,0.0,0.0,0.0,0.0,0.4332480367069609,0.0,0.0029559692932145,0.0175593399805876,0.0,0.000838259948822,0.0,0.0054707491396805,0.0008823788934968,0.0,0.0,0.0,0.0,0.0,0.0026030177358157,0.0,0.0,0.0,0.0,0.0,0.0,0.0,0.0,0.0,0.0,0.0,0.0,0.0,0.0,0.0,0.0034853966293126,0.0,0.0,0.0,0.0008823788934968,0.0,0.0,0.0592367571672678,0.0,0.0,0.0,0.0,0.0,0.0,0.0,0.0,0.0,0.4355420543003604,0.0,0.0,0.1169546231251186,0.0,0.1697360926523635,0.0,0.0,0.0,0.0,0.0,0.0,0.0,0.0,0.002250066178417,0.0,0.0,0.0,0.0,0.0,0.0,0.0,0.0,0.0,0.0036177534633371,0.0,0.0,0.0062648901438277,0.0,0.0086386937535599,0.0,0.0,0.0,0.0,0.0,0.0,0.0,0.0,0.0,0.0,0.0,0.0,0.0,0.0,0.1238418777022852,0.0,0.0,0.0040589429100855,0.0,0.0,0.0,0.0,0.0166769610870906,0.0,0.0,0.0,0.0,0.0,0.0,0.0,0.0,0.0,0.0,0.0063972469778522,0.004500132356834,0.0,0.0,0.0,0.0,0.0,0.0,0.0,0.0,0.0,0.0,0.0,0.0,0.0,0.0,0.0023824230124415,0.0,0.0,0.0,0.0,0.0027353745698402,0.0,0.0040589429100855,0.0269566751963293,0.0,0.0,0.0,0.0009264978381717,0.0,0.0,0.0,0.0004411894467484,0.0,0.0,0.0,0.0,0.0,0.0079855289861466,0.0166128726029998,0.0,0.0,0.0153787734953483,0.0,0.0,0.0,0.0,0.0,0.0,0.0,0.0,0.0,0.0,0.0009264978381717,0.0,0.0038383481867113,0.0,0.0,0.0,0.0,0.0,0.0,0.0,0.0192709322194797,0.0,0.0,0.0,0.0,0.0,0.0,0.0,0.0,0.0,Normal
3-13,0.0010378827192527,0.0,0.0,0.0022981688783453,0.0009637482393061,0.0,0.0,0.0,0.0,0.002149899918452,0.0006301430795462,0.0,0.0018533619986655,0.0189788550799381,0.0,0.0,0.0,0.0,0.0001853361998665,0.0,0.0,0.0007784120394395,0.0,0.0,0.0,0.0156794425087108,0.0202166064981949,0.0,0.0,0.0426643932092816,0.0093780117132478,0.0,0.0,0.0,0.0260959257349149,0.0003336051597598,0.0,0.0,0.0013344206390392,0.0,0.0,0.0,0.0581743166580711,0.0,0.0,0.0,0.0,0.0,0.0,0.0,0.0,0.0,0.0,0.0,0.0002965379197864,0.0291903042805569,0.0,0.0,0.0,0.0,0.0,0.0,0.0,0.0,0.0,0.0,0.0,0.0,0.0,0.0,0.0,0.0,0.0,0.0,0.0,0.0,0.0,0.0037437912373044,0.0086737341537549,0.0012973533990659,0.0,0.0,0.0,0.0,0.0,0.0012602861590925,0.0019274964786122,0.0,0.0,0.0010008154792794,0.0005189413596263,0.0014456223589591,0.0,0.0,0.0,0.0011120171991993,0.0,0.0005560085995996,0.0,0.0202387130254281,0.0087849358736748,0.0090768437338834,0.0,0.0004448068796797,0.0,0.0,0.0007042775594929,0.0117132478315664,0.0,0.0,0.0040773963970642,0.0,0.0,0.0024464378382385,0.0,0.0,0.1424445590510572,0.0,0.0,0.0,0.037363777893098,0.0,0.0,0.0,0.0,0.0,0.0,0.0,0.0,0.0,0.0030395136778115,0.0,0.0,0.0004077396397064,0.0,0.0007784120394395,0.0,0.0,0.0,0.0,0.0010008154792794,0.0,0.1136481577581732,0.0,0.0,0.0032248498776781,0.0,0.0,0.0,0.0,0.0009637482393061,0.0,0.0,0.0,0.0,0.0019274964786121,0.0025947067981318,0.0,0.0,0.0088220031136481,0.0,0.0,0.0,0.0024093705982652,0.0,0.0,0.0,0.0,0.0,0.0010008154792794,0.0,0.0008896137593594,0.0030024464378382,0.0017050930387723,0.0008896137593594,0.0111943064719401,0.0,0.0773222625843279,0.0,0.0608561113976274,0.0,0.096028880866426,0.0,0.0,0.0,0.0,0.0038164002062919,0.0012377514182568,0.0,0.0,0.0,0.0,0.0,0.0,0.1256317689530685,0.0,0.0,0.0005560085995996,0.0,0.0,0.0,0.0,0.0,0.0017421602787456,0.0,0.0,0.0,0.0067091704351693,0.0053747497961301,0.0,0.0,0.0,0.0,0.0006672103195196,0.0,0.0,0.0012973533990658,0.011676180591593,0.0,0.0,0.0,0.0,0.0,0.0128993995107124,0.0,0.2307435688338644,0.0,0.0,0.0395048994326972,0.0,0.0,0.0,0.0,0.0364741641337386,0.0,0.0,0.0374008451330713,0.0,0.0,0.0,0.0,0.0275038920601971,0.0,0.0,0.0,0.0,0.0,0.0,0.0,0.0,0.0,0.0,0.0046704722366371,0.0047446067165838,0.0009266809993327,0.0,0.0,0.0,0.0,0.0003706723997331,0.0,0.0,0.0,0.0,0.0006301430795462,0.0,0.0,0.0160130476684706,0.0,0.0,0.0,0.0006672103195196,0.0,0.0,0.0,0.0017421602787456,0.0,0.021795537104307,0.0035213877974646,0.007376380754689,0.0030765809177848,0.001556824078879,0.0,0.0,0.0,0.0,0.0,0.0,0.0009266809993327,0.0,0.0034101860775446,0.0334192882929345,0.0034101860775446,0.0,0.0431150077359463,0.0,0.0,0.0,0.0,0.0,0.0,0.0,0.0,0.0,0.0,0.0,0.0,0.0006301430795462,0.0,0.0,0.0,0.0,0.0,0.0,0.0,0.0339350180505415,0.0,0.0,0.0,0.0,0.0,0.0009266809993327,0.0,0.0,0.0,Normal
3-14,0.0,0.0,0.0,0.0005516435733523,0.0013628841223999,0.0,0.0,0.0,0.0,0.0043157997209332,0.0,0.0002271473537333,0.0,0.0,0.0,0.0,0.0,0.0,0.0,0.0012979848784761,0.0,0.0,0.0,0.0,0.0,0.0170360515299996,0.0,0.0,0.0013628841223999,0.0175227958594282,0.0041860012330856,0.0,0.0039913035013142,0.0,0.0,0.0,0.0,0.0,0.0,0.0,0.0090209949054093,0.0,0.0,0.0,0.0,0.0,0.0,0.0005160624435556,0.0,0.0,0.0,0.0059382808190284,0.0,0.0,0.0,0.0,0.0,0.0,0.0,0.0,0.0,0.0,0.0,0.0,0.0,0.0,0.0,0.0,0.0,0.0,0.0,0.0,0.0,0.0,0.0,0.0,0.0024986208910666,0.0225200376415612,0.0183664860304375,0.0,0.0,0.0,0.0010383879027809,0.0,0.0,0.0069766687218093,0.0,0.0,0.0,0.0079177077587046,0.0,0.0,0.0,0.0,0.0,0.0031151637083427,0.0,0.0,0.0,0.0,0.0,0.0,0.0,0.0,0.0,0.0,0.0080475062465521,0.0,0.0,0.0,0.0005191939513904,0.0,0.0,0.0,0.0,0.0,0.0,0.0,0.1806218552444845,0.0,0.0309569393516564,0.0,0.0,0.0,0.0025310705130285,0.0,0.0,0.0,0.0021741246714475,0.0,0.038550150890742,0.0007138916831618,0.0,0.0042509004770094,0.0,0.0,0.0,0.0,0.0,0.0,0.0002920465976571,0.0,0.169192328909368,0.0,0.0259921471914852,0.0087613979297141,0.0,0.0,0.0008112405490476,0.0,0.0007138916831618,0.0,0.0,0.0,0.0,0.0004867443294285,0.0,0.0021092254275237,0.0,0.0,0.0,0.0,0.0,0.001330434500438,0.0,0.0,0.0060031800629522,0.0,0.0069766687218093,0.0,0.0,0.0009410390368952,0.0075932115390855,0.0014926826102475,0.0,0.0,0.0005191939513904,0.0,0.0,0.5374790349632301,0.0,0.0,0.0,0.0,0.0,0.0326409495548961,0.0,0.0,0.0,0.0089020771513353,0.0,0.0,0.0,0.0,0.0588311185653464,0.0,0.0011032871467047,0.0,0.0,0.0,0.0,0.0,0.0,0.003699256903657,0.0,0.0,0.0,0.0,0.0007787909270856,0.0,0.0,0.0,0.0,0.0212545023850471,0.0,0.0,0.0334555602427231,0.0327416685595611,0.0,0.007430963429276,0.0,0.0,0.0,0.0,0.0,0.0,0.0,0.0,0.0,0.0,0.0,0.0,0.0,0.0,0.0,0.0,0.0356296849141707,0.0,0.0,0.0,0.0,0.014504981016971,0.0,0.0,0.0,0.0,0.0,0.0,0.0,0.0178472920790472,0.0,0.0,0.0513028523217704,0.0067819709900379,0.0,0.0,0.003374760684038,0.0,0.0,0.0,0.005062141026057,0.0,0.0,0.0,0.0,0.0,0.0,0.0,0.0190479280916377,0.0,0.0002271473537333,0.0,0.0,0.0080799558685141,0.0,0.06629457766817,0.0,0.0,0.0,0.0,0.0027257682447999,0.0,0.0,0.0,0.0025310705130285,0.0,0.0,0.0,0.0,0.0,0.0177174935911996,0.0,0.0,0.0,0.0,0.0,0.0,0.0,0.0,0.0,0.0,0.0,0.0107083752474283,0.0,0.0,0.0027906674887237,0.0,0.013531492358114,0.0,0.0,0.0,0.0,0.0,0.0,0.0,0.0,0.0,0.0,0.0,0.0,0.0,0.0008112405490476,0.0,0.0,0.0,Normal
3-15,0.0116602559450371,0.0005322108522631,0.0,0.0011369959116529,0.0,0.0013547185330333,0.0010402303021506,0.0090475844884727,0.0004838280475119,0.0025642886518131,0.0,0.0,0.0053704913273822,0.0176136929047666,0.0,0.0007499334736434,0.0,0.0281104095604422,0.0,0.0,0.0008225076807702,0.0,0.0007015506688922,0.0,0.0021046520066768,0.0,0.0210966265300029,0.0,0.0,0.0020804606043012,0.0038948157824709,0.0014998669472869,0.0,0.0,0.0239824858194845,0.0005080194498875,0.0,0.0,0.0,0.0,0.0,0.0,0.0587123096825554,0.0,0.0040399641967244,0.0,0.0045721750489875,0.0,0.0,0.0,0.0011369959116529,0.0,0.0039190071848465,0.0009192732902726,0.0004596366451363,0.027067369887551,0.0094830297312335,0.0044512180371096,0.0003870624380095,0.0,0.0,0.0,0.0017417809710428,0.000895081887897,0.0,0.0,0.0,0.0,0.0015240583496625,0.0,0.0,0.0027820112731935,0.0006047850593898,0.0,0.0021772262138036,0.0044028352323584,0.0,0.0,0.0,0.0044028352323584,0.0,0.0008708904855214,0.0,0.0,0.0019836949947988,0.0,0.0008708904855214,0.0010644217045262,0.0,0.0024675230423107,0.0005080194498875,0.0,0.0065316786414108,0.0,0.0033867963325833,0.0013305271306577,0.0004112538403851,0.0005322108522631,0.0,0.0393110288603429,0.0071606551031761,0.0032839088466514,0.0453588794542419,0.0,0.0023223746280571,0.0007015506688922,0.0,0.0,0.0,0.0,0.0017659723734184,0.0,0.0027336284684423,0.1204489924280909,0.027578198708179,0.0011611873140285,0.1399144193452084,0.0,0.0,0.0005322108522631,0.0265621598084037,0.0,0.0013063357282821,0.0,0.0,0.0,0.0,0.0003628710356339,0.0006773592665166,0.0009676560950238,0.0396497084936013,0.0,0.0056849795582649,0.0,0.0015724411544137,0.0,0.0,0.0005080194498875,0.0,0.0007015506688922,0.0030723081017006,0.0,0.0014031013377844,0.0,0.0,0.0,0.0,0.0,0.0,0.0,0.0,0.0,0.0,0.0,0.0,0.0002661054261315,0.0030239252969494,0.0,0.0,0.0,0.0,0.0,0.0,0.0,0.0,0.0010402303021506,0.0,0.0,0.0,9.676560950238284e-05,0.0,0.0003870624380095,0.0,0.001016038899775,0.0009676560950238,0.0001935312190047,0.0,0.0002177226213803,0.0,0.0267688327196735,0.07503234152652,0.0,0.0,0.0,0.0,0.0133346601651905,0.0,0.0,0.0,0.2918698377948054,0.0,0.0,0.0,0.0018907353965568,0.1784257140013929,0.0,0.0,0.0004838280475119,0.0,0.0,0.0015482497520381,0.0,0.0001935312190047,0.0,0.0002419140237559,0.0,0.0041125384038512,0.0,0.0,0.0,0.0022014176161792,0.0039915813919732,0.0,0.0,0.0004354452427607,0.0018869293852964,0.0,0.0003870624380095,0.0,0.0,0.0,0.0003870624380095,0.0,0.0018143551781696,0.0006773592665166,0.0008708904855214,0.0,0.0161840481892735,0.0,0.0014272927401601,0.0006289764617654,0.0,0.0020804606043012,0.114570481650821,0.0012337615211553,0.0016933981662916,0.0087572876599656,0.0,0.0128214432590656,0.0096039867431114,0.0222802815879235,0.0,0.0,0.0,0.0008466990831458,0.0003144882308827,0.0038948157824709,0.0,0.000653167864141,0.0,0.0006773592665166,0.0,0.0,0.0038948157824708,0.0015482497520381,0.0144422672182306,0.0,0.0012579529235309,0.0005080194498875,0.0,0.0,0.0008708904855214,0.0015724411544136,0.0015240583496625,0.0,0.001790163775794,0.001790163775794,0.0159905169702685,0.0,0.0018385465805452,0.0,0.0,0.0,0.0,0.0061929990081525,0.0,0.0,0.0,0.0,0.0013305271306577,0.0023707574328083,0.0,0.0,0.0014272927401601,0.0251348670682437,0.0,0.000653167864141,0.0,0.0,0.0006289764617654,0.0,0.0443825256244402,0.0,0.0005564022546387,0.0370186088167976,0.0,0.0,0.0,0.0,0.0,0.0015482497520381,0.0048382804751191,0.0,0.0,0.00203207779955,0.0,0.0,0.0,0.0069913152865471,0.0002902968285071,0.0,0.0,0.0,0.0016450153615405,0.0,0.0396059309384018,0.0004354452427607,0.0,0.0,0.0,0.0,0.0018869293852964,0.000774124876019,0.0,0.0013789099354089,Normal
3-16,0.0,0.0,0.0,0.0004759238521836,0.0,0.0,0.0,0.0,0.0,0.0,0.0,0.0004199328107502,0.0,0.0,0.0,0.0,0.0,0.0,0.0,0.0,0.0,0.0122620380739081,0.0,0.0,0.0008398656215005,0.0,0.0017207472959685,0.0,0.0,0.0,0.0,0.0,0.0,0.0,0.0,0.0010358342665173,0.0,0.0013437849944008,0.0,0.0,0.0,0.0,0.0077433628318584,0.0,0.0,0.0,0.0017357222844344,0.0,0.0,0.0,0.0131019036954087,0.0,0.0,0.0,0.0,0.0,0.0,0.08505039193729,0.0,0.0,0.0,0.0,0.0,0.0,0.0017357222844344,0.0,0.0,0.002127659574468,0.0,0.0,0.0,0.0,0.0087346024636058,0.0,0.0,8.398656215005599e-05,0.0,0.0,0.0,0.0188689809630459,0.0012597984322508,0.0,0.0,0.0033594624860022,0.0125139977603581,0.0,0.0,0.0,0.0,0.0,0.0037513997760358,0.0,0.0,0.0,0.0,0.0013157894736842,0.0051791713325867,0.0024636058230683,0.0,0.0,0.0,0.0,0.0,0.0003639417693169,0.006131019036954,0.0,0.0,0.0,0.0,0.0,0.0038913773796192,0.0,0.0013437849944008,0.1676651735722283,0.0,0.0,0.0862831858407079,0.0,0.0,0.0012318029115341,0.000531914893617,0.0013437849944008,0.0023796192609182,0.0,0.0,0.0025195968645016,0.01013437849944,0.0,0.0090425531914893,0.0,0.000615901455767,0.0,0.0054311310190369,0.0,0.0,0.0,0.0,0.0010078387458006,0.0,0.0,0.0002799552071668,0.0003079507278835,0.0,0.0,0.0,0.0,0.0,0.0,0.0,0.0,0.0,0.0,0.0,0.0,0.0,0.0,0.0,0.0,0.0,0.0,0.0,0.0,0.0008958566629339,0.0,0.0038913773796192,0.0,0.0,0.0,0.0282474804031355,0.0081746920492721,0.0,0.0,0.0,0.0,0.0081746920492721,0.0098544232922732,0.0,0.0,0.0,0.0,0.1701081612586037,0.0,0.0,0.0,0.0,0.0338003933136676,0.0,0.0,0.0,0.0549410029498524,0.0,0.0,0.0,0.0,0.2354965585054079,0.0,0.0,0.0023516237402015,0.0,0.0,0.0,0.0,0.0043113101903695,0.0,0.0008118701007838,0.0026035834266517,0.0,0.002575587905935,0.001063829787234,0.0,0.0369540873460245,0.0062150055991041,0.0,0.0,0.0006438969764837,0.000615901455767,0.0,0.0,0.0,0.0,0.0,0.0,0.0,0.0,0.0,0.0,0.0,0.0,0.0,0.0,0.0,0.0010918253079507,0.0,0.0,0.0,0.0071948488241881,0.0063829787234042,0.0,0.0,0.0,0.0,0.0,0.0,0.0,0.0,0.0022396416573348,0.0,0.0,0.0,0.0,0.0,0.0017637178051511,0.0,0.0023796192609182,0.0,0.0005599104143337,0.0,0.0,0.0,0.0,0.0,0.0,0.0,0.0,0.001595744680851,0.0,0.0,0.0,0.0,0.0057110862262038,0.0,0.0025195968645016,0.0,0.0,0.0,0.0,0.0,0.067161254199328,0.0,0.0049552071668533,0.0008678611422172,0.0,0.0,0.007362821948488,0.0047312430011198,0.0,0.0,0.0,0.0,0.0013437849944008,0.0,0.0022123893805309,0.0050111982082866,0.0,0.0033185840707964,0.0,0.0,0.0,0.0,0.0,0.0,0.0046752519596864,0.0,0.020771878072763,0.0,0.0,0.0,0.0,0.0,0.0005879059350503,0.0,0.0,0.0,0.0,0.0,0.0055309734513274,0.0,0.0,0.0,0.0,0.0,0.0,0.0,0.0125139977603583,0.0004199328107502,Normal
3-17,7.792612603252117e-05,0.0,0.0,0.0,0.0011429165151436,0.0010909657644552,0.0,0.0,0.0,0.0019741285261572,0.0,0.0,0.0017403501480596,0.0037934410181106,0.0,0.0,0.0,0.0449633747207647,0.0,0.0,0.0,0.0,0.0,0.0,0.0,0.0,0.0064855604503181,0.0,0.0005195075068834,0.001948153150813,0.0,0.0,0.0,0.0,0.0090553108174253,0.0,0.0014546210192737,0.0,0.0,0.0009610888877344,0.0,0.0,0.018232990699951,0.0,0.0010390150137669,0.0,0.0,0.0045276554087126,0.0,0.0121305002857291,0.0,0.0,0.0,0.0004675567561951,0.0004156060055067,0.0073421439060205,0.0043638630578211,0.0,0.0005714582575718,0.0,0.0048054444386721,0.0,0.0,0.0,0.0,0.0,0.0,0.0,0.0,0.0006753597589485,0.0,0.0010649903891111,0.0,0.0004675567561951,0.0027274144111382,0.0,0.0,0.0022598576549431,0.0023118084056314,0.0,0.0,0.0005454828822276,0.00329887266871,0.0,0.0,0.0,0.0004415813808509,0.0,0.0,0.0041820354304119,0.0002337783780975,0.0,0.0008052366356693,0.0,0.0,0.0355343134708296,0.0005714582575718,0.0,0.0107018546417995,0.0022338822795989,0.0011948672658319,0.0057513460597161,0.0029092420385474,0.0009610888877344,0.0022338822795988,0.0,0.004935321315393,0.0003376798794742,0.0,0.0,0.0005454828822276,0.0,0.0,0.0,0.1918021715413787,0.0,0.2194077337249143,0.0,0.0,0.0004935321315393,0.0211959062808454,0.0,0.0,0.0213517585329108,0.0,0.0,0.0,0.0,0.0016883993973712,0.0002337783780975,0.0032469219180217,0.0,0.0048573951893604,0.0,0.0004935321315393,0.0005714582575718,0.0,0.0,0.0,0.000909138137046,0.0005714582575718,0.0,0.1727102706634104,0.0232479609330354,0.0,0.002104005402878,0.0010649903891111,0.0,0.0,0.0,0.0028053405371707,0.0,0.0,0.0,0.0,0.000909138137046,0.0032728972933658,0.0010649903891111,0.0,0.0,0.0,0.0,0.0,0.0,0.0004156060055067,0.0007792612603252,0.0,0.0,0.0,0.000155852252065,0.0,0.001506571769962,0.0015844978959945,0.0006234090082601,0.000909138137046,0.0,0.0041300846797235,0.0,0.0,0.0389133627019088,0.0,0.0,0.0,0.0,0.0,0.0,0.0,0.0,0.0,0.2536710719530101,0.0,0.0,0.0,0.0115026921194322,0.3306412139011255,0.0,0.0005714582575718,0.0,0.0,0.0,0.0022079069042547,0.0,0.0003896306301626,0.0003636552548184,0.0,0.0,0.0,0.0002857291287859,0.0,0.0004156060055067,0.000753285884981,0.0,0.0012987687672086,0.0,0.0,0.0012987687672086,0.0037664294249051,0.0168320432230245,0.0116250611845325,0.0,0.0003376798794742,0.0,0.0,0.0,0.0,0.0,0.0,0.0007013351342926,0.0,0.0,0.0,0.0,0.0,0.0168060678476804,0.00031170450413,0.0,0.0,0.0,0.0,0.0,0.0142604810639513,0.0093771104992466,0.0,0.0,0.0,0.0,0.0,0.0,0.0,0.0,0.0,0.0,0.0026235129097615,0.0059483609538157,0.00031170450413,0.0,0.0,0.0,0.0,0.0,0.0,0.0026494882851057,0.0,0.0006493843836043,0.0020001039015013,0.0,0.0011429165151436,0.0028053405371707,0.0,0.0,0.0,0.0006493843836043,0.0002857291287859,0.0,0.0,0.0062600654579458,0.000909138137046,0.0,0.0,0.0,0.0025196114083848,0.0,0.0,0.0,0.0059223855784716,0.0020001039015013,0.0,0.0,0.003740454049561,0.0,0.0005454828822276,0.0126040137053352,0.0028313159125149,0.0,0.0126040137053352,0.0,0.0,0.0,0.0,0.0,0.0,0.0,0.0,0.0,0.0005714582575718,0.0,0.0,0.0,0.0012727933918645,0.0,0.0,0.0,0.0,0.0002597537534417,0.0024157099070081,0.0108908467939304,0.0,0.0,0.0004935321315393,0.0,0.0,0.0054548288222764,0.0,0.0,0.0,Normal
3-18,0.0,0.0,0.0,0.0,0.0,0.0,0.0,0.0,0.0,0.0,0.0,0.0,0.0019705388293061,0.0127013630731102,0.0,0.0,0.0,0.0215467114614291,0.0,0.0,0.0,0.0,0.0,0.0,0.0,0.0,0.0144052044609665,0.0089481845199638,0.0,0.0,0.0,0.0011306370332084,0.0,0.0,0.0228469640644361,0.0,0.0,0.0,0.0,0.0,0.0,0.0,0.0453841387856257,0.0,0.0031980876082181,0.0,0.0,0.0,0.0021320584054787,0.0328207778782788,0.0,0.0,0.0,0.0020997544902442,0.0,0.0257125154894671,0.0058793125726838,0.0,0.0005168626437524,0.0002907352371107,0.0012598526941465,0.0,0.0,0.0010014213722703,0.0,0.0,0.0,0.0,0.0,0.0,0.0,0.0028427445406383,0.0,0.0,0.0,0.0002907352371107,0.0,0.0,0.0001938234914071,0.0058793125726838,0.0009368135418012,0.0018736270836025,0.000613774389456,0.0,0.0,0.0,0.0,0.0017767153378989,0.0,0.0020028427445406,0.0021320584054787,0.0,0.0,0.0,0.0,0.0003553430675797,0.0010337252875048,0.0008722057113322,0.0231619072231554,0.0096265667398888,0.0022289701511823,0.0106102850061956,0.0071068613515958,0.0,0.0004522548132833,0.0,0.0,0.0,0.0,0.0,0.0,0.0,0.0,0.0004522548132833,0.0,0.0010983331179738,0.0505731102850062,0.0,0.0,0.0010014213722703,0.0079467631476931,0.0,0.0012598526941465,0.000613774389456,0.0,0.0,0.0,0.0015828918464917,0.0,0.0,0.0165396046000774,0.0,0.0153766636516344,0.0,0.0,0.0,0.0,0.0,0.000678382219925,0.0,0.0057177929965111,0.0,0.0087220571133218,0.0,0.0,0.0010983331179738,0.0,0.0,0.0,0.0,0.0,0.0,0.0,0.0,0.0,0.0,0.0006460783046905,0.0,0.0097234784855924,0.0001938234914071,0.0,0.0076883318258172,0.0,0.0,0.0020351466597751,0.0005168626437524,0.0,0.0,0.0002584313218762,0.0022935779816513,0.0,0.0,0.0003876469828143,0.0064930869621397,0.0022612740664168,0.0,0.0,0.0,0.0,0.0441449814126393,0.0,0.0,0.0,0.0,0.0,0.0108426270136306,0.0,0.0,0.0,0.3098667905824039,0.0,0.0,0.0,0.0022459727385377,0.2263785625774469,0.0,0.0,0.0005168626437524,0.0005814704742214,0.0,0.0,0.0,0.0009368135418012,0.0,0.0,0.000613774389456,0.0,0.0,0.0,0.0,0.0025843132187621,0.0,0.0009691174570357,0.0,0.0035857345910324,0.0,0.0,0.0,0.0,0.0,0.0070099496058922,0.0,0.0,0.0,0.0,0.0,0.0,0.0556273420338545,0.0,0.0,0.0,0.0,0.0021966662359477,0.0,0.0,0.0038441659129086,0.0,0.0,0.0049424990308825,0.0300426411681093,0.0,0.0043287246414265,0.0,0.0,0.0,0.0,0.0,0.0009045096265667,0.0023904897273549,0.0,0.0,0.0,0.0,0.0,0.0,0.0,0.0,0.0008722057113322,0.0,0.0,0.0,0.0,0.0042964207261919,0.0,0.0106602920273937,0.0,0.0008075978808631,0.0024227936425894,0.0,0.0013890683550846,0.0,0.0020351466597751,0.0,0.0,0.0038764698281431,0.0023904897273549,0.0007429900503941,0.0,0.0,0.0047486755394753,0.0,0.0008075978808631,0.0,0.0017767153378989,0.0022612740664168,0.0,0.0,0.0019705388293061,0.0,0.0,0.0,0.0324504337050805,0.004361028556661,0.0041672050652539,0.0306691449814126,0.0,0.0143277571251548,0.0,0.0,0.0,0.0,0.0018736270836025,0.0,0.0,0.0014213722703191,0.0,0.0,0.0,0.0017444114226644,0.0,0.0,0.0,0.0,0.0,0.0009045096265667,0.0292750929368029,0.0,0.0,0.0,0.0,0.0024227936425894,0.0,0.0045548520480682,0.0,0.0012598526941465,Normal
3-19,0.0,0.0,0.0,0.0,0.0005852059925093,0.0,0.0,0.0,0.0,0.0009597378277153,0.0011235955056179,0.0,0.0,0.0061194029850746,0.0,0.0,0.0,0.0001170411985018,0.0,0.0003511235955056,0.0,0.0,0.0,0.0,0.0,0.0623361423220973,0.0067164179104477,0.0,0.0008192883895131,0.0046114232209737,0.0029728464419475,0.0,0.0073033707865168,0.0,0.008955223880597,0.0,0.0,0.0,0.0010299625468164,0.0,0.0035814606741573,0.0,0.0197014925373134,0.0,0.0,0.0,0.0,0.0,0.0,0.0,0.0,0.0011001872659176,0.0,0.0,0.0,0.01,0.0,0.0,0.0,0.0,0.0,0.0,0.0,0.0,0.0,0.0,0.0,0.0,0.0,0.0,0.0,0.0,0.0,0.0,0.0,0.0,0.0041432584269662,0.0271535580524343,0.0025280898876404,0.0,0.0,0.0,0.0009597378277153,0.0,0.0,0.0082162921348314,0.0,0.0,0.0,0.0,0.0,0.0,0.0,0.0,0.0,0.0004213483146067,0.0,0.0,0.0,0.0,0.0,0.0,0.0,0.0,0.0,0.0,0.0068586142322097,0.0,0.0,0.0,0.0,0.0,0.0,0.0,0.0,0.0,0.0,0.0,0.1019402985074625,0.0,0.0424859550561795,0.0,0.0,0.0,0.0,0.0,0.0,0.0,0.0009129213483146,0.0,0.0234550561797752,0.0019662921348314,0.0,0.0104166666666666,0.0,0.0,0.0,0.0,0.0,0.0,0.0,0.0,0.2902621722846435,0.0,0.0150983146067415,0.0054073033707865,0.0,0.0,0.0,0.0076544943820224,0.0013576779026217,0.0,0.0,0.0,0.0001872659176029,0.0,0.0,0.0006086142322097,0.0,0.0,0.0,0.0,0.0,0.0007724719101123,0.0,0.0,0.0152855805243445,0.0,0.0010299625468164,0.0,0.0,0.0002340823970037,0.0068820224719101,0.0,0.0,0.0,0.0,0.0,0.0,0.5847761194029848,0.0,0.0,0.0,0.0,0.0,0.0040298507462686,0.0,0.0,0.0,0.0,0.0,0.0,0.0,0.0,0.0,0.0,0.0,0.0,0.0,0.0,0.0,0.0,0.0,0.0023408239700374,0.0,0.0,0.0,0.0,0.0,0.0,0.0,0.0,0.0,0.0798220973782769,0.0,0.0,0.0017088014981273,0.0919475655430709,0.0,0.0022003745318352,0.0,0.0,0.0,0.0,0.0,0.0,0.0,0.0,0.0,0.0,0.0,0.0,0.0,0.0,0.0,0.0,0.0186329588014981,0.0,0.0,0.0,0.0,0.0068117977528088,0.0,0.0003979400749063,0.0,0.0,0.0,0.0,0.0,0.016315543071161,0.0,0.0,0.0023408239700374,0.0051498127340823,0.0,0.0,0.0006320224719101,0.0,0.0,0.0,0.0029962546816479,0.0,0.0,0.0,0.0,0.0,0.0,0.0,0.0061095505617976,0.0,0.0007022471910112,0.0,0.0001872659176029,0.0014044943820224,0.0,0.0337312734082396,0.0014747191011235,0.0,0.0,0.0,0.001381086142322,0.0,0.0,0.0,0.0016853932584269,0.0,0.0,0.0,0.0,0.0,0.0139513108614232,0.0122388059701492,0.0,0.0,0.0095522388059701,0.0,0.0,0.0,0.0,0.0,0.0,0.0,0.0,0.0,0.0,0.0006788389513108,0.0,0.014068352059925,0.0,0.0,0.0,0.0,0.0008192883895131,0.0,0.0,0.0113432835820895,0.0,0.0,0.0,0.0,0.0,0.0005617977528089,0.0,0.0,0.0,Normal
3-2,0.0038266333682429,0.0,0.0,0.0030210263433497,0.0014903729960525,0.0,0.0,0.0067670990091033,0.0,0.0013695319423185,0.0009667284298719,0.0,0.0030613066945943,0.0,0.0,0.0022959800209457,0.0,0.0283976476274873,0.0010875694836058,0.0,0.0,0.0010472891323612,0.0,0.0,0.0,0.0,0.0,0.0,0.0,0.0106340127285909,0.0,0.0,0.0,0.0,0.0,0.0,0.0,0.0,0.0,0.0,0.0,0.0,0.0,0.0,0.0,0.0,0.0,0.0,0.0,0.0,0.0082574720051558,0.0,0.0,0.0004028035124466,0.0006444856199146,0.0,0.0,0.0,0.0,0.0,0.0,0.0,0.0,0.0,0.0,0.0,0.0,0.0,0.0004028035124466,0.0,0.0,0.0,0.0,0.0,0.0016112140497865,0.0,0.0,0.0006042052686699,0.0064851365503907,0.0,0.0,0.0,0.0,0.0,0.0012889712398292,0.0,0.0015709336985418,0.0,0.0,0.0006847659711592,0.0,0.0041488761782002,0.0,0.0,0.0,0.002618222830903,0.0,0.0,0.0,0.0239668089905744,0.0076532667364858,0.0060739922694643,0.0074115846290179,0.0,0.0,0.0004028035124466,0.0,0.0,0.0,0.0,0.0008056070248932,0.0,0.0,0.108595826955611,0.0393539031660355,0.0,0.120283452972575,0.0,0.0,0.0,0.0567550149037295,0.0,0.0,0.0,0.0006042052686699,0.0,0.0,0.0,0.0005639249174252,0.0,0.0062837347941673,0.0,0.0,0.0,0.0,0.0,0.0,0.0,0.0,0.0007653266736485,0.0016112140497865,0.0,0.0853137839361957,0.0,0.0019334568597438,0.0046322403931362,0.0,0.0,0.0,0.0,0.0,0.0003222428099573,0.0,0.0,0.0,0.0115201804559735,0.0020945782647224,0.0,0.0,0.0026585031821477,0.0,0.0,0.0,0.0,0.0,0.0,0.0,0.0,0.0,0.0,0.0,0.0014500926448078,0.0,0.0012486908885845,0.0006847659711592,0.0022154193184564,0.0,0.0635221139128332,0.0,0.0,0.0,0.323117982698325,0.0,0.0,0.0,0.010767531750414,0.0206147616418185,0.0,0.0,0.0144487391864531,0.0,0.3111540585311982,0.0,0.0,0.1022455365359838,0.0,0.0005639249174252,0.0006042052686699,0.0010472891323612,0.0,0.0,0.0,0.0,0.0,0.0,0.0,0.0,0.0180455973576089,0.0,0.0155079352291951,0.0,0.0,0.0,0.0,0.0,0.0,0.0042697172319341,0.0149440103117698,0.0,0.0,0.0,0.0,0.0,0.0074115846290178,0.0,0.0011278498348505,0.0,0.0027793442358817,0.0066261733848702,0.0,0.0116410215097075,0.0,0.0016112140497865,0.031176991863369,0.0,0.0,0.055909127527592,0.0042697172319342,0.0025779424796583,0.0,0.0133327962619832,0.0031015870458389,0.0,0.0,0.0,0.0,0.0,0.0,0.0039877547732216,0.0,0.0014098122935631,0.0,0.0008458873761379,0.0014903729960524,0.0037057923145089,0.0062837347941674,0.0,0.0,0.0,0.0,0.0,0.0,0.0,0.0,0.0,0.0,0.0107145734310803,0.0106340127285908,0.0,0.0,0.0,0.0008861677273825,0.0,0.0,0.0113993394022395,0.0017320551035205,0.0,0.0417707242407153,0.0051156046080721,0.0050350439055828,0.0032627084508176,0.0017320551035205,0.0,0.0,0.0016112140497865,0.0005639249174252,0.0,0.0,0.0,0.0,0.0006444856199146,0.0,0.0,0.0,0.0,0.0,0.0,0.0,0.0,0.0,0.0014500926448078,0.0,0.0,0.0032210565065341,0.0,0.0,0.0,0.0018931765084991,0.0,0.0,0.0016917747522758,0.0,0.0,0.0,0.0074921453315072,0.0,0.0,0.0,0.0006042052686699,0.0,0.002739063884637,0.0055586884717634,0.0,0.0,0.0006042052686699,Normal
3-20,0.0,0.0,0.0,0.0,0.0,0.0,0.0,0.0,0.0,0.0041951723247708,0.000580870014199,0.0,0.0,0.002870651806822,0.0,0.0,0.0,0.0,0.0,0.0098102491286949,0.0,0.0,0.0,0.0021621272750742,0.0,0.0,0.0035460992907801,0.0,0.0014521750354976,0.0076803924099651,0.0023234800567961,0.0,0.0008390344649541,0.0,0.0050658561296859,0.0,0.0,0.0,0.0,0.0,0.0039370078740157,0.0,0.0070921985815602,0.0,0.0,0.0,0.0,0.0,0.0,0.0,0.0,0.0020975861623854,0.0,0.0,0.0,0.0025329280648429,0.0,0.0,0.0,0.0,0.0,0.0,0.0,0.0,0.0,0.0,0.0,0.0,0.0,0.0009035755776429,0.0,0.0,0.0,0.0,0.0,0.0,0.0017748805989415,0.0149412675874531,0.013198657544856,0.0,0.0,0.0,0.0268491028785336,0.0,0.0,0.0028720795146508,0.0,0.0,0.0053569123531689,0.0,0.0,0.0,0.0,0.0,0.0,0.0034852200851942,0.0,0.0,0.0,0.0,0.0,0.0,0.0,0.0,0.0,0.0,0.0056473473602683,0.0023880211694849,0.0,0.0,0.0021298567187297,0.0,0.0,0.0004840583451658,0.0006454111268878,0.0,0.0,0.0,0.0,0.0,0.0126177875306569,0.0,0.0,0.0,0.0,0.0,0.0,0.0,0.001903962824319,0.0,0.052116948496192,0.001903962824319,0.0,0.0,0.0,0.0015167161481863,0.0,0.0,0.0,0.0,0.000742222795921,0.0,0.3204788950561502,0.0,0.0061314057054343,0.0039047373176713,0.0,0.0013876339228088,0.0,0.0137795275590551,0.0010971989157093,0.0,0.0,0.0,0.0016135278172195,0.0,0.002065315606041,0.0001613527817219,0.0,0.0,0.0,0.0,0.0,0.0,0.0,0.0,0.0009035755776429,0.0,0.000419517232477,0.0,0.0,0.0016135278172195,0.0218148960888085,0.0,0.0,0.0,0.0009358461339873,0.0,0.0,0.6229314420803781,0.0,0.0,0.0,0.0,0.0,0.0,0.0,0.0,0.0,0.0173927727119216,0.0,0.0,0.146740965889902,0.0,0.0,0.0,0.0,0.0,0.0,0.0,0.0001290822253775,0.0,0.0,0.0021943978314186,0.0,0.0,0.0,0.002968891183684,0.0,0.0,0.0,0.0,0.0,0.0222344133212854,0.0,0.0,0.0077126629663095,0.0050664773460694,0.0,0.0,0.0,0.0006776816832322,0.0,0.0,0.0,0.0,0.0,0.0,0.0,0.0,0.0,0.0,0.0,0.0091648380018071,0.0,0.0,0.022105331095908,0.0,0.0,0.0,0.0,0.0031302439654059,0.0,0.0,0.0,0.0,0.0,0.0,0.0,0.0022589389441073,0.0,0.0,0.0039370078740156,0.0047437717826255,0.0,0.0,0.0,0.0,0.0,0.0007744933522653,0.0,0.0,0.0,0.0,0.0,0.0,0.0,0.0,0.0015812572608751,0.0,0.0017426100425971,0.0,0.0003549761197883,0.0018716922679746,0.0,0.1925261391506388,0.0016780689299083,0.0,0.0,0.0,0.0033238673034722,0.0,0.0,0.0,0.0023880211694849,0.0,0.0,0.0,0.0025493739512069,0.0,0.0120691880728023,0.003208375548801,0.0,0.0,0.0048969942586963,0.0,0.0,0.0,0.0,0.0,0.0,0.0,0.0,0.0,0.0,0.00264618562024,0.0,0.0293662062733961,0.0,0.0,0.0,0.0,0.0,0.0,0.0,0.0054035798716649,0.0,0.0,0.0,0.0,0.0,0.002065315606041,0.0,0.0,0.0,Normal
3-21,0.0,0.0,0.0,0.0,0.0,0.0,0.0,0.0,0.0,0.0,0.0,0.0023638196544651,0.0005561928598741,0.0062551743169901,0.0,0.0,0.0,0.0021204852782702,0.0,0.0,0.0,0.0,0.0,0.0,0.0003823825911634,0.0,0.0064391500321957,0.0028157263531129,0.0,0.0,0.0,0.0,0.0,0.0011038542912335,0.0078189678962376,0.0,0.0,0.0,0.0,0.0,0.0,0.0,0.0158219115076809,0.0,0.0039976361803455,0.0,0.0,9.198785760279643e-05,0.0,0.0,0.0,0.0,0.0,0.001564292418396,0.0,0.0065311378897985,0.0054924044912573,0.0,0.0,0.0,0.0,0.0,0.0,0.0034414433204713,0.0,0.0002759635728083,0.0039976361803455,0.0,0.0,0.0,0.0,0.0038933500191191,0.0122014808634894,0.0,0.0004519066986477,0.0003128584836792,0.0,0.0,0.0,0.0042409705565404,0.0011819098272325,0.0,0.0,0.0013557200959432,0.000521430806132,0.0,0.0,0.0062919317273264,0.0,0.0008690513435533,0.0026419160844022,0.0,0.0,0.0,0.0,0.0,0.00309382278305,0.0005561928598741,0.0,0.029860604164494,0.0106719504988354,0.0,0.0318420412277957,0.0332325233774811,0.000521430806132,0.0,0.0,0.0,0.0,0.0,0.0009733375047797,0.0,0.011853860326068,0.0043104946640247,0.0,0.0,0.1747769294453131,0.0,0.0,0.0022595334932387,0.004901449577641,0.0,0.0012514339347168,0.0,0.0,0.0,0.0,0.0,0.0,0.0,0.072339833837383,0.0,0.0098376612090241,0.0,0.0,0.0,0.0008690513435533,0.0,0.0013557200959432,0.0,0.0,0.0029547745680814,0.0029200125143393,0.0,0.0,0.0,0.0052490701150623,0.0,0.0,0.0,0.0,0.0,0.0,0.0,0.0,0.0,0.0,0.0,0.0,0.0,0.0018423888483331,0.0039976361803455,0.0015295303646539,0.0,0.0037890638578927,0.0018771509020752,0.0,0.0,0.0015990544721382,0.0047971634164146,0.0007995272360691,0.0,0.0,0.0,0.0091424201341815,0.0,0.0,0.0,0.0,0.0,0.0098427007634991,0.0054272835985649,0.0,0.1766166865973691,0.0,0.0,0.0,0.0,0.0060711986017845,0.4369423236132829,0.0,0.0,0.0,0.0167417900837089,0.0661392696164105,0.0,0.0,0.0009038133972955,0.0,0.0004171446449056,0.0092119442416657,0.0,0.0406020787708134,0.0,0.0,0.0006257169673584,0.0,0.0,0.0,0.0,0.0027809642993707,0.0,0.0,0.0,0.0,0.0,0.0,0.0,0.0,0.0,0.0103938540688983,0.0,0.0027114401918865,0.0013904821496854,0.0,0.0029895366218235,0.0,0.0022247714394966,0.0,0.0,0.0021552473320123,0.0,0.0032328709980184,0.0,0.0,0.0197100844717905,0.0207181840303124,0.0,0.0038238259116348,0.0188062710744949,0.0,0.0,0.0,0.0,0.0,0.0,0.0,0.0,0.0,0.0,0.0,0.0029200125143393,0.0,0.0,0.0,0.0099767094239926,0.0,0.0013557200959432,0.0011819098272325,0.0,0.0,0.0018771509020752,0.0013209580422011,0.0,0.0103938540688983,0.0,0.0009385754510376,0.0030938227830499,0.0,0.0017033406333646,0.0,0.0023638196544651,0.0,0.0,0.0063266937810685,0.0,0.0,0.0,0.0,0.0019119129558173,0.0,0.0007300031285848,0.0,0.0043452567177668,0.0,0.0,0.0,0.0039976361803455,0.0,0.0,0.0,0.0141661300708306,0.035770153300657,0.0031981089442764,0.0096587250482936,0.0010080995585219,0.0,0.0,0.0,0.0,0.0,0.0013904821496854,0.0,0.0052433078833593,0.0,0.0,0.0013798178640419,0.0,0.0,0.0,0.0,0.0,0.0,0.0045190669864775,0.0,0.0124183607763775,0.0006952410748427,0.0,0.0014252442034275,0.0,0.0,0.0,0.0,0.0,0.0004866687523898,Normal
3-22,0.0,0.0,0.0,0.0,0.0,0.0,0.0,0.0,0.0,0.0,0.0,0.0,0.0,0.0505866027500946,0.0,0.0,0.0,0.0,0.0048803601042407,0.0,0.0,0.0,0.0,0.0,0.0,0.0,0.0538665321054623,0.0,0.0,0.0,0.0,0.0,0.0,0.0,0.0667970228333543,0.0,0.0127931769722814,0.0,0.0,0.0,0.000379057095475,0.0,0.1653841301879652,0.0,0.0,0.0,0.0,0.0008830579033682,0.0,0.0,0.0,0.0,0.0,0.0,0.0,0.077772171060931,0.0,0.0,0.0,0.0,0.0024638711205875,0.0,0.0,0.0,0.0,0.0,0.0,0.0,0.0,0.0,0.0,0.0,0.0,0.0,0.0,0.0,0.0,0.0,0.0,0.0,0.0,0.0,0.0009476427386875,0.0,0.0,0.0005212035062781,0.0,0.0,0.0,0.0,0.0,0.0,0.0,0.0,0.0,0.0002369106846718,0.0,0.0007107320540156,0.0009950248756218,0.0,0.0015636105188343,0.0,0.0,0.0,0.0012319355602937,0.0,0.0,0.0,0.0,0.0,0.0,0.0,0.0,0.0,0.0021321961620469,0.0,0.0032799293553677,0.0,0.0,0.0,0.0713574982231695,0.0,0.0,0.0341625207296849,0.0,0.0,0.0,0.0,0.0,0.0,0.0,0.0,0.0,0.0,0.0,0.0012793176972281,0.0,0.0,0.0,0.0,0.0,0.0,0.0742478085761663,0.0,0.0,0.0549158967069414,0.000379057095475,0.0,0.0,0.0,0.0,0.0,0.0,0.0,0.0,0.0,0.0040748637763561,0.0,0.0,0.0,0.0,0.0,0.0,0.0,0.0,0.0,0.0,0.0,0.0,0.0,0.0,0.0,0.0,0.0017531390665719,0.0,0.0,0.0016109926557687,0.0,0.0,0.0,0.0,0.0,0.0,0.0,0.0,0.0,0.0,0.0,0.0,0.0690046675917748,0.0,0.0,0.0034691560489466,0.0,0.1969849880156426,0.0,0.0,0.0,0.0,0.0,0.0,0.0,0.0,0.0,0.0,0.0,0.0,0.0,0.0,0.0039327173655531,0.0108978914949064,0.0,0.0048803601042407,0.0,0.0,0.0,0.0,0.0013740819710968,0.0,0.0,0.0,0.0,0.0,0.0,0.0,0.0,0.0,0.0,0.0,0.0,0.0,0.0,0.0,0.0009476427386875,0.0,0.0099502487562189,0.0,0.0,0.0,0.0,0.0,0.0002842928216062,0.0,0.0,0.0,0.0,0.0,0.0,0.0,0.0,0.0,0.0,0.0,0.0,0.0,0.0,0.0,0.0,0.0,0.0,0.0,0.0,0.0,0.0,0.0,0.0,0.0005685856432125,0.0,0.0,0.0,0.0,0.0,0.0,0.0,0.0,0.0008054963278843,0.0260127931769722,0.0,0.0,0.0,0.0005685856432125,0.0,0.0,0.0,0.0,0.0011845534233593,0.0,0.0,0.0,0.0,0.0,0.1004793742903999,0.0,0.0,0.0888734704175602,0.0,0.0,0.0,0.0,0.0,0.00379057095475,0.0,0.0040748637763563,0.0,0.0,0.0,0.0,0.0,0.0,0.0,0.0,0.0,0.0,0.0,0.0011845534233593,0.1101299356629241,0.0,0.0,0.0,0.0,0.0005685856432125,0.0,0.0,0.0,0.0,Warning
3-23,0.009423771743584,0.0008194584124855,0.0,0.0241367750586657,0.0,0.0027936082243826,0.007710358699296,0.0,0.0,0.0,0.0,0.0,0.0,0.0,0.0,0.0,0.0020486460312139,0.0021231422505307,0.0,0.0,0.0,0.0,0.0,0.0,0.0018996535925801,0.0,0.0,0.0,0.0,0.0084925690021231,0.0070771408351026,0.0,0.0,0.0,0.0,0.0,0.0,0.0,0.0,0.0,0.0,0.0008194584124855,0.004680552305172,0.0,0.0,0.0,0.0017506611539464,0.0,0.0014154281670205,0.0,0.0039110515141356,0.0,0.0,0.0,0.0,0.0026523129729308,0.0,0.0041345401720862,0.0,0.0,0.0,0.0,0.0013036838380452,0.0007449621931686,0.0,0.0001560184101724,0.0,0.0003352329869259,0.0042462845010615,0.0,0.0023093827988229,0.0,0.0,0.0,0.0007822103028271,0.0027191120050657,0.0,0.0,0.0011919395090699,0.0024211271277982,0.0,0.0010056989607777,0.0,0.0005587216448765,0.0,0.0,0.0034640741982344,0.0,0.0,0.0004842254255596,0.0008194584124855,0.0020858941408723,0.0016761649346295,0.0,0.0,0.0004469773159012,0.0,0.002234886579506,0.0,0.0099079971691436,0.009870749059485,0.0,0.0075613662606622,0.0,0.0003724810965843,0.0007822103028271,0.0,0.0,0.0,0.0,0.0005959697545349,0.0075613662606622,0.001378180057362,0.0751666852907215,0.0,0.0,0.2131211482954988,0.0,0.0,0.0010056989607777,0.0153834692889333,0.0,0.0002979848772674,0.0,0.0,0.0,0.0,0.0,0.0,0.0008194584124855,0.0108391999106044,0.0,0.0008939546318024,0.0,0.0,0.0,0.0,0.0,0.0,0.0058852013260327,0.0,0.0,0.0,0.0,0.0,0.0,0.0083435765634894,0.0,0.0,0.0,0.0,0.0,0.0,0.0,0.0,0.0038365552948187,0.0,0.0,0.0,0.0,0.0005959697545349,0.0,0.0,0.0016761649346293,0.0,0.0,0.0,0.0003352329869259,0.0,0.0004842254255596,0.000521473535218,0.0,0.0,0.0035758185272097,0.0015644206056542,0.0005959697545349,0.0,0.0052147353521808,0.0,0.0878383649270613,0.0687261096809423,0.0,0.0,0.0,0.0,0.022232623449567,0.0103752242764646,0.0,0.0,0.2954208596614399,0.0,0.0475076058974959,0.0,0.0,0.2038380528902408,0.0095355160725593,0.0,0.0,0.0,0.0,0.0039110515141356,0.0,0.0022721346891644,0.0,0.0002979848772674,0.0,0.0,0.0068164040674935,0.0,0.0,0.0003724810965843,0.001378180057362,0.0,0.0,0.0007822103028271,0.0012664357283867,0.0,0.0297239915074309,0.0,0.0,0.0,0.0,0.0005959697545349,0.0029426006630163,0.0,0.1829254665325732,0.0002979848772674,0.0300592244943568,0.0060067087916374,0.0004469773159012,0.0062949305322753,0.0,0.0013036838380452,0.0029053525533579,0.0007822103028271,0.002570119566432,0.0160539352627854,0.0,0.0,0.0013036838380452,0.0,0.0,0.0,0.0,0.0,0.0,0.0,0.0018251573732633,0.0110254404588967,0.0,0.0006704659738518,0.001974149811897,0.0021231422505307,0.0045070212686705,0.0,0.001974149811897,0.0,0.0,0.0,0.0,0.0,0.0038365552948187,0.0,0.0,0.0107647036912875,0.0,0.0,0.0007822103028271,0.0,0.0,0.0,0.0006332178641933,0.0,0.0,0.0072633813833947,0.0,0.0,0.0027563601147241,0.0109509442395798,0.0017879092636048,0.0010056989607777,0.0007822103028271,0.0,0.0019369017022386,0.0005959697545349,0.0,0.0,0.0,0.0,0.0,0.0,0.0,0.0023466309084813,0.0,0.0033543958187066,0.0,0.0,0.0,0.0,0.0,0.0023093827988229,0.0,0.0,0.0106872610968094,0.000856706522144,0.0,0.0,0.0,0.0,0.002570119566432,0.0,0.001950230127155,0.0,0.0,0.0103177263753864,0.0,0.0,0.0032778336499422,0.0,0.0012481472813792,0.0023838790181398,0.0025328714567735,0.0,0.0,0.0,Normal
3-24,0.0,0.015400410677618,0.0,0.0022733939571721,0.0,0.0,0.0,0.0017600469345849,0.0066001760046934,0.0,0.0,0.0,0.0003666764447051,0.0064970970417473,0.0,0.0030067468465825,0.0,0.0079935464945731,0.0,0.0,0.0,0.0007333528894103,0.0,0.0,0.0,0.0,0.0080176942217307,0.0025667351129363,0.0,0.0085068935171604,0.0,0.0,0.0,0.0,0.0092618191871716,0.0026400704018773,0.0,0.0,0.0,0.0,0.0,0.0,0.0154824440143765,0.0092402464065708,0.0,0.0,0.0,0.0,0.0009533587562334,0.0005866823115283,0.0,0.0,0.0,0.0026400704018773,0.0,0.007602985899917,0.0,0.0605749486652977,0.0,0.0,0.0,0.0,0.0,0.0,0.0,0.0,0.0,0.0,0.0035200938691698,0.0,0.0,0.0,0.0011000293341155,0.0,0.0,0.0023467292461132,0.0,0.0,0.0,0.0140803754766793,0.0,0.0,0.0,0.0006600176004693,0.0011733646230566,0.0,0.0009533587562334,0.0043267820475212,0.0,0.0,0.0,0.0,0.0,0.0,0.0,0.0060134936931651,0.0,0.0,0.0,0.0176004693458491,0.0044001173364622,0.001935305501797,0.0,0.0,0.0273540627750073,0.0005866823115283,0.0,0.0,0.0,0.0,0.0,0.0047667937811674,0.0,0.0994426518040481,0.0,0.0009533587562334,0.1537185512855957,0.0,0.0,0.0046934584922264,0.0255940158404223,0.0,0.0013200352009386,0.0,0.0,0.0033000880023467,0.0,0.0,0.0,0.0,0.0299207978879436,0.0,0.0,0.0,0.0,0.0,0.0,0.0024200645350542,0.0,0.0,0.0047667937811674,0.0013933704898797,0.0,0.0,0.0,0.0,0.0,0.0,0.0,0.0,0.0,0.0,0.0,0.0,0.0,0.0,0.0,0.0,0.0044734526254033,0.0,0.0,0.0,0.0007333528894103,0.0,0.0,0.0,0.0,0.0,0.0090935758286887,0.0008066881783514,0.0044734526254033,0.0,0.0,0.0,0.0008066881783514,0.0024933998239953,0.0,0.0006600176004693,0.0,0.0,0.0,0.3754492673486315,0.0,0.0087088747580868,0.0,0.0074647497926457,0.0,0.0,0.0,0.1668509814763615,0.0,0.0,0.0,0.0013823610727121,0.1506773569256284,0.0,0.0,0.001980052801408,0.0,0.0,0.0,0.0,0.0008066881783514,0.0,0.0036667644470519,0.0,0.0,0.0,0.0,0.0,0.0034467585802286,0.0214872396597242,0.0,0.0,0.0016867116456438,0.0011733646230566,0.0,0.0127603402757405,0.0,0.0,0.0258873569961865,0.0,0.0017600469345849,0.0,0.0,0.0092402464065707,0.0,0.0,0.0,0.0,0.0,0.0,0.0,0.0099002640070401,0.0,0.0219272513933704,0.0131270167204458,0.0,0.0116603109416249,0.1608976239366382,0.0,0.0,0.0022000586682311,0.0,0.0,0.0035200938691698,0.0,0.0,0.0031534174244646,0.0,0.0,0.0,0.0,0.0101936051628042,0.0,0.0060134936931651,0.0,0.0011733646230566,0.0,0.0,0.0,0.0,0.0,0.0,0.0,0.0,0.0,0.0107802874743326,0.0,0.0,0.0,0.0030800821355236,0.0,0.0,0.0068201818715165,0.0,0.0,0.0031534174244646,0.0,0.0,0.0,0.0,0.0,0.0,0.0464212378996773,0.0,0.0,0.0,0.0,0.0,0.0,0.0147912634780204,0.00777354062775,0.0,0.0095382914017141,0.0,0.0,0.0,0.000691180536356,0.0,0.0,0.0080668817835142,0.0,0.0,0.0,0.0,0.0,0.0,0.0159137577002053,0.0,0.0,0.0,0.0,0.0,0.0,0.0123030135471385,0.0,0.0,0.0,0.0,0.0008066881783514,0.0,0.0,0.0068935171604576,0.0,Warning
3-25,0.0035229742897833,0.0031107113409789,0.0,0.0004122629488044,0.0,0.0,0.0,0.0073082977288059,0.0,0.0013867026459785,0.0,0.0,0.0033730604902181,0.0,0.0022487069934787,0.0,0.0025860130425005,0.0043100217375009,0.0,0.0,0.0017614871448916,0.0,0.0005246982984783,0.0,0.0,0.0,0.0,0.0,0.0,0.0009369612472828,0.0,0.0026234914923918,0.0,0.0,0.0,0.0,0.0,0.0,0.0,0.0,0.0,0.0007870474477175,0.0052095392451956,0.0,0.0,0.0,0.0022112285435874,0.0,0.0,0.0,0.0,0.0,0.0,0.0022487069934787,0.000487219848587,0.0,0.0042725432876096,0.0049096769357619,0.001686530245109,0.0005246982984783,0.0,0.0,0.0006371336481523,0.0016115733453264,0.0,0.0,0.0007120905479349,0.0,0.005884116632936,0.0,0.0,0.0101566599205456,0.0010119181470654,0.0079829098268495,0.0008994827973914,0.0,0.0004122629488044,0.001686530245109,0.0027734052919571,0.0,0.0,0.0,0.0,0.0,0.0,0.0,0.0,0.0,0.0,0.0007495689978262,0.0,0.0,0.0,0.0071958623791319,0.0016490517952177,0.000487219848587,0.0,0.0003373060490218,0.0,0.0139419833595682,0.0053968967843489,0.0,0.0411138595307698,0.0,0.0,0.0005246982984783,0.0,0.0034105389401094,0.0,0.00228618544337,0.0023611423431526,0.0,0.0,0.0017240086950003,0.1668165804662318,0.0056217674836968,0.2485529057652234,0.0,0.0,0.0,0.0077955175773926,0.0,0.0,0.0,0.0009369612472828,0.0,0.0007870474477175,0.0007120905479349,0.0049471553856531,0.0,0.0227119406341352,0.0,0.0144292032081553,0.0005996551982609,0.0,0.0,0.0,0.0,0.0009369612472828,0.0003373060490218,0.0017989655947829,0.0,0.006371336481523,0.0,0.0,0.0,0.0019863578442395,0.0,0.0,0.0,0.0,0.0,0.0,0.0,0.0,0.0014991379956524,0.0107563151188066,0.0,0.0,0.0,0.0,0.0,0.0,0.0,0.0,0.0,0.0,0.0,0.0010119181470654,0.0,0.0,0.0013867026459785,0.0004122629488044,0.0002998275991304,0.0,0.0,0.0,0.0,0.0211854595971289,0.0328779810141235,0.4708265802269042,0.0,0.0,0.0,0.0,0.0344987265570733,0.0,0.0,0.0,0.1028015744385274,0.0,0.0,0.0,0.0,0.0275526742301457,0.0,0.0,0.0006371336481523,0.0004122629488044,0.0,0.0,0.0,0.0,0.0,0.0,0.0,0.0,0.0014991379956525,0.0,0.0,0.0,0.0,0.0,0.0003373060490218,0.0,0.0023236638932613,0.0002623491492391,0.0180271343977211,0.0,0.0,0.0,0.0,0.0,0.0,0.0020238362941308,0.0,0.0,0.0028108837418483,0.0,0.0016115733453264,0.0,0.0,0.0035979311895659,0.1009294655573044,0.0006746120980436,0.0003747844989131,0.0032981035904354,0.0,0.0,0.0,0.0103440521700022,0.0011243534967393,0.0,0.0,0.0,0.0,0.0,0.0,0.0,0.0,0.0,0.0,0.0018364440446743,0.0,0.0004497413986957,0.0058091597331533,0.0,0.0,0.0,0.0,0.0,0.0006746120980436,0.020050970691852,0.0023986207930439,0.0,0.0,0.0031107113409789,0.0672363391050145,0.0,0.0,0.0,0.0005996551982609,0.0002623491492391,0.0,0.0,0.0,0.0,0.0005996551982609,0.0,0.0249606476276141,0.0,0.0005621767483696,0.0,0.0,0.005284461434675,0.0005621767483696,0.0,0.0021737500936961,0.0,0.0,0.0048347200359793,0.0,0.0,0.0,0.0,0.0,0.0,0.0,0.0,0.0030357544411963,0.0028483621917397,0.0,0.0,0.0,0.0,0.0,0.0,0.0,0.0,0.0,0.0,0.0,0.0,0.0,0.0111310996177198,0.0,0.0,0.0,0.0009369612472828,0.0,0.0,0.0028108837418484,0.0006746120980436,0.0001499137995652,0.0002998275991304,Normal
3-26,0.0017743665923908,0.0,0.0,0.0,0.0,0.0,0.0,0.0,0.0,0.0,0.0,0.0,0.0,0.0,0.0014029875381695,0.0,0.0,0.0,0.0,0.0,0.0,0.0003713790542213,0.0,0.0,0.0,0.0,0.0017115472387037,0.0,0.0,0.0,0.0,0.0,0.0,0.0,0.0,0.0014855162168853,0.0,0.0,0.0,0.0,0.0,0.0008252867871585,0.0067320858055682,0.0,0.0,0.0,0.0019806882891804,0.0,0.0,0.0,0.0009490798052323,0.0011554015020219,0.0,0.0,0.0,0.0038795070743952,0.0,0.0018568952711067,0.0017743665923908,0.0,0.0,0.0,0.0,0.0014442518775274,0.0,0.0,0.0,0.0,0.0,0.0,0.0,0.0108937855904926,0.0,0.0,0.0,0.0,0.0292151522654122,0.0,0.0,0.0068911446727737,0.0,0.0,0.0,0.0,0.0,0.0,0.0,0.0,0.0,0.0,0.0,0.0,0.0,0.001114137162664,0.0,0.0,0.0006602294297268,0.0,0.0,0.0,0.0006602294297268,0.0,0.0,0.0018156309317487,0.0064372369398364,0.0,0.0019394239498225,0.0012379301807378,0.0,0.0040026409177189,0.0153090699017908,0.0,0.0,0.0,0.0,0.0013617231988115,0.0191693290734824,0.0,0.0,0.0,0.0022282743253278,0.0,0.0,0.0,0.0,0.0049517207229512,0.0533135264504415,0.0,0.0054468927952463,0.0,0.1047288932904184,0.0,0.015762977634728,0.0194767681769414,0.0,0.0,0.0,0.0,0.0,0.0,0.0,0.0,0.0003713790542213,0.0,0.0,0.0,0.0,0.0,0.0,0.0,0.0,0.0,0.0,0.0014855162168853,0.0,0.0,0.0002063216967896,0.0,0.0,0.0,0.0,0.0,0.0,0.0,0.0021457456466121,0.0005777007510109,0.0,0.0,0.0849632747379713,0.0017331022530329,0.0,0.0002475860361475,0.0097796484278286,0.0,0.0006189650903689,0.0015680448956012,0.0,0.0,0.0,0.3352350524874485,0.0573938840712003,0.0,0.0010269283432222,0.0,0.0,0.0,0.0,0.0,0.0,0.0731401186672752,0.0,0.0,0.042332268370607,0.0526015518028297,0.2077818347786393,0.0,0.0,0.0018156309317487,0.0,0.0,0.0,0.0,0.0009078154658742,0.0,0.0006602294297268,0.0,0.0,0.0014029875381695,0.0025996533795493,0.0,0.0097796484278285,0.0011554015020219,0.0,0.0197243542130889,0.0003713790542213,0.0047453990261615,0.0,0.0,0.0,0.0042502269538662,0.0,0.001114137162664,0.0,0.0021044813072542,0.0,0.0,0.0,0.0,0.0,0.0,0.0,0.0,0.0006189650903689,0.0,0.0,0.0,0.0027647107369811,0.0,0.0,0.0,0.0,0.0,0.0,0.0,0.0,0.0014029875381695,0.0,0.0,0.0,0.0,0.0,0.0,0.0080465461747957,0.0,0.0,0.0,0.0,0.0,0.0,0.0,0.0,0.0,0.0031773541305603,0.0063134439217628,0.0,0.0,0.0011966658413798,0.0,0.0,0.0,0.0,0.0019806882891804,0.0,0.0,0.0,0.0,0.0,0.1851530906990178,0.0,0.0059420648675414,0.0,0.0,0.0,0.0007427581084426,0.0,0.0,0.0,0.0017743665923908,0.0,0.0,0.0,0.0014833409402099,0.0062721795824048,0.0,0.0043359196713829,0.0,0.0,0.0,0.0,0.0030948254518445,0.0,0.0016093092349591,0.0,0.0,0.0,0.0,0.0,0.0,0.0,0.0,0.0,0.0,0.0,0.0,0.0,0.0,0.0,0.0,0.0,0.0,0.0,0.0,0.0,0.0,0.0,Normal
3-27,0.0,0.0,0.0,0.0,0.0006603123564538,0.0,0.0,0.0,0.0,0.0020383555351401,0.0005741846577859,0.0,0.0,0.0,0.0,0.0,0.0,0.000200964630225,0.0,0.0,0.0,0.0,0.0,0.0036460725769407,0.0,0.037867478180983,0.0032271944922547,0.0,0.0024977032613688,0.0093305006890215,0.0013780431786862,0.0,0.0043350941662838,0.0,0.0,0.0,0.0,0.0,0.0,0.0,0.0056844281120808,0.0,0.0,0.0,0.0,0.0,0.0,0.0,0.0,0.0,0.0,0.0018661001378043,0.0,0.0,0.0,0.0,0.0,0.0,0.0,0.0,0.0,0.0,0.0,0.0,0.0,0.0,0.0,0.0,0.0,0.0,0.0,0.0,0.0,0.0,0.0,0.0,0.0095027560863573,0.0219625631603122,0.0028422140560404,0.0,0.0,0.0,0.001263206247129,0.0,0.0,0.0017225539733578,0.0,0.0,0.0010048231511254,0.0027273771244832,0.0,0.0,0.0,0.0,0.0,0.0002296738631143,0.0,0.0,0.0,0.0,0.0016364262746899,0.0,0.0001722553973357,0.0,0.0,0.0,0.0078663298116672,0.0004019292604501,0.0,0.0,0.0003732200275608,0.0,0.0,0.0,0.0,0.0,0.0,0.0,0.0496987951807227,0.0,0.0480305466237938,0.0,0.0,0.0,0.0,0.0,0.0,0.0,0.0020957740009186,0.0,0.0102204869085897,0.0022967386311437,0.0,0.002612540192926,0.0,0.0,0.0,0.0,0.0,0.0,0.000488056959118,0.0,0.3296107028020207,0.0,0.020096463022508,0.0138091410197519,0.0,0.0026699586587046,0.0,0.0071773082223242,0.0,0.0,0.0,0.0,0.0,0.0,0.0022680293982544,0.0012344970142397,0.0,0.0,0.0,0.0,0.0,0.0010335323840146,0.0,0.0,0.0077227836472209,0.0,0.0002296738631143,0.0,0.0,0.000775149288011,0.0054547542489664,0.0,0.0,0.0,0.0,0.0,0.0,0.8298192771084334,0.0,0.0,0.0,0.0,0.0,0.0836919104991394,0.0,0.0,0.0,0.0,0.0,0.0,0.0,0.0,0.0,0.0,0.0013780431786862,0.0,0.0,0.0,0.0,0.0,0.0,0.0011196600826825,0.0,0.0,0.0,0.0,0.0,0.0,0.0,0.0,0.0002296738631143,0.0138665594855304,0.0,0.0,0.0612655029857601,0.0239147909967844,0.0,0.0005741846577859,0.0,0.0,0.0,0.0,0.0,0.0,0.0,0.0,0.0,0.0,0.0,0.0,0.0,0.0027847955902618,0.0,0.0,0.0098759761139182,0.0,0.0,0.0,0.0,0.0084405144694533,0.0,0.0,0.0,0.0,0.0,0.0,0.0,0.0236851171336701,0.0,0.0,0.0292259990813044,0.0078950390445567,0.0,0.0,0.0,0.0,0.0,0.0,0.0020383555351401,0.0,0.0,0.0,0.0,0.0,0.0,0.0,0.004162838768948,0.0,0.0019809370693615,0.0,0.0,0.0008038585209003,0.0,0.078060404225999,0.0040192926045016,0.0,0.0006890215893431,0.0,0.0010622416169039,0.0,0.0,0.0,0.002526412494258,0.0,0.0,0.0,0.0,0.0,0.0388723013321084,0.0,0.0,0.0,0.0064543889845094,0.0,0.0,0.0,0.0,0.0,0.0,0.0,0.0,0.0,0.0,0.0024689940284795,0.0,0.0047083141938447,0.0,0.0,0.0,0.0,0.0,0.0,0.0,0.0,0.0,0.0,0.0,0.0,0.0,0.0014354616444648,0.0,0.0,0.0,Normal
3-28,0.0,0.0,0.0051103368176538,0.0,0.0,0.0,0.0,0.0,0.0,0.0005936249838688,0.0010840108401084,0.0,0.0,0.0,0.0,0.0,0.0,0.0002064782552587,0.0,0.0,0.0,0.0,0.0,0.0,0.0,0.0060652987482255,0.0,0.0,0.0003871467286101,0.0262227384178603,0.0,0.0,0.0014969673506258,0.0,0.0,0.0,0.0,0.0,0.0014969673506258,0.008130081300813,0.0146599561233707,0.0,0.0,0.0,0.0,0.0,0.0,0.0002999625046869,0.0,0.0,0.0,0.0003871467286101,0.0,0.0,0.0,0.0,0.0,0.0,0.0,0.0,0.0045425216156923,0.0,0.0,0.0,0.0,0.0,0.0,0.0,0.0,0.0029939347012517,0.0,0.0,0.0,0.0,0.0,0.0,0.0,0.0247257710672343,0.0044650922699703,0.0,0.0,0.0,0.0034585107755839,0.0,0.0,0.0,0.0,0.0,0.0004645760743321,0.002710027100271,0.0,0.0,0.0,0.0,0.0,0.0040779455413601,0.0,0.0,0.0003613369467028,0.0,0.0056007226738932,0.0,0.0006710543295909,0.0,0.0003097173828881,0.0,0.0053426248548199,0.0010323912762937,0.0,0.0,0.0004387662924248,0.0,0.0,0.0,0.0068912117692605,0.0,0.1286089238845144,0.0,0.0205474315710536,0.0,0.0462769389598655,0.0,0.0,0.0003613369467028,0.0004387662924248,0.0,0.0,0.0,0.0027358368821783,0.0,0.0067363530778164,0.0,0.0,0.0,0.0,0.0008775325848496,0.0,0.0,0.0,0.0,0.0,0.0,0.3277068008775317,0.0092140921409214,0.0111498257839721,0.0067105432959091,0.0,0.0,0.0,0.0034068912117692,0.0,0.0,0.0,0.0,0.0,0.0003355271647954,0.0045425216156921,0.001058201058201,0.0,0.0,0.0,0.0,0.0,0.0002580978190734,0.0,0.0,0.0,0.0,0.0,0.0,0.0,0.0003871467286101,0.0032520325203251,0.0,0.0,0.0,0.0013937282229965,0.000154858691444,0.0008998875140607,0.0730408698912635,0.0,0.0,0.0,0.0,0.0,0.0,0.0092238470191226,0.0,0.0,0.5293588301462314,0.0,0.0,0.0017247844019497,0.0,0.1636295463067116,0.0,0.0003097173828881,0.0,0.0,0.0,0.0,0.0,0.0,0.0015227771325332,0.0,0.0,0.0,0.0045425216156923,0.0,0.0,0.0,0.0,0.0,0.0025293586269196,0.0,0.0,0.0146341463414633,0.006478255258743,0.0,0.0,0.0,0.0001806684733514,0.0,0.0,0.0,0.0,0.0,0.0,0.0,0.0,0.0,0.0,0.0,0.0708220415537487,0.0,0.0,0.0222738417860369,0.0,0.0,0.0,0.0,0.0153052006710542,0.0,0.0,0.0,0.0,0.0,0.0,0.0,0.0,0.0,0.0,0.0084914182475158,0.0053942444186346,0.0,0.0,0.0,0.0,0.0,0.0,0.0,0.0,0.0,0.0,0.0,0.0,0.0,0.0055232933281713,0.0,0.0,0.0003613369467028,0.0,0.0017292553877919,0.0032262227384178,0.0,0.0024261194992902,0.004748999870951,0.0,0.0,0.0,0.0013679184410891,0.0,0.0,0.0,0.001058201058201,0.0,0.0,0.0,0.0,0.0,0.0402116402116402,0.0,0.0,0.0,0.0,0.0,0.0,0.0,0.0,0.0,0.0,0.0,0.0,0.0,0.0,0.0017034456058846,0.0,0.0144018583042973,0.0,0.0,0.0,0.0,0.0,0.0,0.0,0.0,0.0,0.0,0.0,0.0,0.0,0.0049296683443024,0.0,0.0,0.0,Normal
3-29,0.0047981150262396,0.0,0.0,0.0048195351826068,0.0004712434400771,0.0,0.0,0.0008996465674199,0.0,0.0026346792331584,0.0012637892256613,0.0004284031273428,0.0076041555103352,0.0,0.0,0.0004712434400771,0.0,0.0505087287137196,0.0010067473492556,0.0,0.0,0.0004712434400771,0.0006211845346471,0.0,0.0012852093820284,0.0,0.0,0.0,0.0,0.0323658562707507,0.0013280496947627,0.0,0.0,0.0,0.0,0.0,0.0,0.0,0.0011566884438256,0.0007282853164828,0.0,0.0,0.0,0.0,0.0012637892256613,0.0,0.0,0.0,0.0,0.0,0.0,0.0002570418764056,0.0076041555103352,0.0002142015636714,0.0005355039091785,0.0,0.0,0.0,0.0,0.0,0.0,0.0,0.0,0.0,0.0,0.0,0.0,0.0,0.0004926635964442,0.0,0.0,0.0,0.0005355039091785,0.0011995287565599,0.0048623754953411,0.0004712434400771,0.0,0.0011352682874584,0.0005569240655456,0.000921066723787,0.0,0.0,0.0,0.0,0.0023347970440184,0.0,0.0009639070365213,0.0,0.0,0.0018849737603084,0.0,0.0,0.0,0.0,0.0019063939166755,0.0003427225018742,0.0,0.0006426046910142,0.0,0.0228338866873726,0.0124665310056763,0.0041958041958041,0.0118025061582949,0.0002998821891399,0.0,0.0001927814073042,0.0,0.0006211845346471,0.0,0.0,0.0013066295383956,0.0032344436114383,0.0,0.0305451429795437,0.0061047445646353,0.0016921923530041,0.1479895104895104,0.0,0.0,0.0002570418764056,0.053036307165042,0.0,0.0001285209382028,0.0,0.0008353860983185,0.0,0.0,0.0,0.0027632001713611,0.0,0.0160436971189888,0.0004712434400771,0.0,0.0,0.0,0.0,0.0,0.0,0.0,0.0012637892256613,0.0024204776694869,0.0,0.0174788475955872,0.0,0.0,0.0,0.0,0.0013923101638641,0.0,0.0,0.0002784620327728,0.0,0.0,0.0001285209382028,0.0,0.0070043911320551,0.0139659419513762,0.0,0.0,0.0,0.0,0.0,0.0,0.0,0.0002356217200385,0.0,0.0,0.0,0.0,0.0005997643782799,0.0,0.0,0.0006426046910142,0.0012423690692942,0.000771125629217,0.0005355039091785,0.0003855628146085,0.0128949341330191,0.0,0.0110139860139859,0.3469405594405593,0.1187062937062937,0.0,0.0,0.0,0.0075174825174824,0.0096153846153846,0.0,0.0,0.1517482517482517,0.0,0.0182692307692307,0.0,0.0,0.1578671328671328,0.0,0.0002570418764056,0.0002998821891399,0.0003427225018742,0.0,0.0,0.0,0.0,0.0,0.0,0.0,0.0027846203277283,0.0113312627182178,0.0,0.0126378922566134,0.0,0.0,0.0,0.0004712434400771,0.0,0.0,0.0143086644532504,0.0043697118988968,0.0,0.0,0.0,0.0,0.0,0.0073899539466637,0.0,0.0695940880368425,0.0,0.0084181214522865,0.0119755244755244,0.0017136125093713,0.0067045089429152,0.0,0.001520831102067,0.0830245260790401,0.0006640248473813,0.0,0.0170504444682446,0.0,0.0035343258005782,0.0,0.0349576951911747,0.0186569561957801,0.0,0.0,0.0,0.0,0.0,0.0023562172003855,0.0064260469101424,0.0,0.001220948912927,0.0,0.002441897825854,0.0040055692406553,0.003491485487844,0.0036200064260467,0.0,0.0,0.0,0.0,0.0,0.0,0.0014137303202313,0.0046053336189354,0.0002356217200385,0.0,0.0,0.0425404305451427,0.0,0.0,0.0,0.0003213023455071,0.0002142015636714,0.0,0.006211845346471,0.0,0.001220948912927,0.0,0.0108814394345078,0.0096604905215807,0.0008353860983185,0.0005997643782799,0.0,0.0,0.0014565706329654,0.0,0.0,0.0,0.0,0.0,0.0085894827032237,0.0,0.0,0.0,0.0,0.0,0.0090034965034965,0.0028488807968298,0.0,0.0,0.0011566884438256,0.0,0.0,0.0,0.0002356217200385,0.0005997643782799,0.0,0.0049266359644425,0.0,0.0,0.0177358894719931,0.0,0.0,0.0,0.001520831102067,0.0,0.0,0.0,0.0001927814073042,0.0009615384615384,0.0042840312734282,0.0072400128520938,0.0,0.0,0.0025275784513226,Normal
3-3,0.0041950067201563,0.0024436932350425,0.0,0.0018734981468659,0.0008552926322648,0.0,0.0008960208528489,0.0148250722925915,0.0,0.0015884006027776,0.0,0.0,0.0098155011607542,0.0040277997156847,0.0,0.0014662159410255,0.0046430171465808,0.0177982323952266,0.0,0.0,0.0036248116319797,0.000977477294017,0.0,0.0,0.0017920417056978,0.0,0.0023692939504027,0.0009367490734329,0.0,0.0047652018083329,0.0018734981468659,0.0,0.0,0.0,0.0059232348760069,0.0010996619557691,0.0,0.0,0.0,0.0,0.0,0.0,0.0099510345916916,0.0,0.0,0.0,0.0,0.0,0.0,0.00957113183725,0.0015884006027776,0.0,0.0,0.0,0.0015069441616095,0.0053703996209129,0.0,0.0065979717346149,0.0020364110292021,0.0005294668675925,0.0,0.0,0.0004072822058404,0.0013440312792734,0.0,0.0,0.0,0.0,0.0043986478230766,0.0,0.0,0.0,0.002891703661467,0.0044801042642446,0.0039506373966521,0.0004480104264244,0.0,0.0,0.0032582576467234,0.0022400521321223,0.0,0.0,0.0,0.0,0.0018327699262819,0.0,0.0007331079705127,0.0,0.0,0.0011403901763531,0.0,0.0,0.0,0.0,0.0087972956461532,0.0007331079705127,0.0,0.0,0.0,0.0353113672463649,0.0113224453223638,0.0051334702258726,0.037307050054983,0.0,0.0,0.0007738361910968,0.0,0.0,0.0,0.0,0.0016698570439457,0.0,0.0027287907791308,0.0898464546083981,0.0747770129923023,0.0013847594998574,0.242141841731164,0.0,0.0,0.0008960208528489,0.0380401580254953,0.0,0.0,0.0,0.0010996619557691,0.0,0.0,0.0,0.0024844214556266,0.0,0.0424388058485723,0.0,0.0,0.0,0.0,0.0,0.0014662159410255,0.0,0.0010589337351851,0.0015884006027776,0.0037062680731478,0.0,0.0015476723821934,0.0,0.0,0.0,0.0,0.0,0.0,0.0,0.0,0.0,0.0,0.0008145644116808,0.0,0.0074939925874637,0.0021178674703701,0.0,0.0,0.0006923797499287,0.0,0.0,0.0,0.0,0.0,0.0,0.0,0.001018205514601,0.0013033030586893,0.0,0.0,0.0002850975440882,0.0,0.002891703661467,0.0008552926322648,0.0,0.0,0.02871339551175,0.0,0.0157163165376717,0.1014847575422522,0.0649976307060496,0.0,0.0,0.0,0.0,0.0016585057652819,0.0,0.0,0.0562312430895593,0.0011846469752013,0.2890538619491392,0.0,0.0058442584109934,0.1383667667035221,0.0,0.0,0.0016291288233617,0.0012218466175212,0.0012218466175212,0.001954954588034,0.0,0.0,0.0,0.0,0.0,0.0051317557935893,0.0,0.0,0.0,0.0,0.0,0.0,0.0,0.0,0.0071274386022074,0.0,0.0524986763328309,0.0,0.0,0.0,0.0,0.0,0.0213823158066223,0.0,0.0,0.0001629128823361,0.0058648637641021,0.0021323645553625,0.0,0.0,0.0,0.0005701950881765,0.0110780759988596,0.0011403901763531,0.0,0.0118926404105404,0.0222783366594713,0.0028102472202989,0.0142956054249989,0.0124628354987169,0.0036655398525637,0.0,0.0,0.0,0.0,0.0,0.0017920417056978,0.0052539404553415,0.0,0.0014254877204414,0.0,0.0,0.0,0.0,0.0142141489838308,0.0,0.0006109233087606,0.0,0.0,0.0,0.0017513134851138,0.0035433551908117,0.0013033030586893,0.0,0.0,0.0158432778071926,0.0577118885675883,0.0,0.0,0.0,0.0005701950881765,0.0,0.0,0.0016698570439457,0.0,0.0,0.0017920417056978,0.0,0.0037877245143159,0.0,0.0,0.0,0.0016291288233617,0.0027287907791308,0.001954954588034,0.0,0.0,0.0,0.0,0.0008960208528489,0.0086874111514768,0.0024029650144585,0.0,0.0047385879008055,0.0,0.0101089875217185,0.0,0.0,0.0012625748381053,0.0022807803527063,0.0,0.0,0.0,0.0008145644116808,0.0,0.0,0.0,0.0,0.0,0.0,0.0,0.0,0.0,0.0129923023663096,0.0061601642710472,0.0,0.0,0.0,0.0003948823250671,0.0015476723821936,0.0068016128375351,0.0110373477782755,0.0,0.0008552926322648,Normal
3-30,0.0645783769495109,0.0015596087761036,0.0,0.0003700766587364,0.0,0.0,0.0,0.0065820777160983,0.0,0.0002379064234734,0.0,0.0,0.0040444091990483,0.0,0.0039386730108379,0.0,0.0010309278350515,0.0007401533174729,0.0,0.0,0.0030927835051546,0.0016124768702088,0.0,0.0,0.0021147237642083,0.0,0.0,0.0,0.0,0.0032249537404176,0.0,0.0,0.0,0.0,0.0,0.0,0.0,0.0,0.0,0.0,0.0,0.0,0.0,0.0,0.0,0.0,0.0,0.0,0.0,0.0,0.0003700766587364,0.0,0.0082209886333597,0.0,0.0003700766587364,0.0,0.0108643933386201,0.0175257731958762,0.0014538725878932,0.0007665873645255,0.0,0.0,0.0,0.0034099920697858,0.0,0.0,0.0,0.0,0.0077980438805181,0.0,0.0,0.0578112609040444,0.0005815490351572,0.0121332275971451,0.0,0.0,0.0,0.0,0.0,0.0,0.0001586042823156,0.0,0.0,0.0,0.0007401533174729,0.0,0.0,0.0,0.0,0.0,0.0,0.0,0.0003172085646312,0.0091990483743061,0.0,0.0010044937879989,0.0005022468939994,0.0,0.0,0.0191646841131377,0.0022997620935765,0.0,0.0423737774253238,0.0,0.0,0.0,0.0,0.0023526301876817,0.0,0.001797515199577,0.0024848004229447,0.0,0.0,0.0997885276235791,0.0,0.0102299762093575,0.1297074058518829,0.0,0.0,0.0007401533174729,0.002590536611155,0.0,0.0,0.0,0.0,0.0,0.0004493787998942,0.0,0.0042558815754692,0.0,0.0356330954269098,0.0,0.013005551149881,0.0,0.0,0.0,0.0,0.0,0.0009251916468411,0.0,0.0008194554586307,0.0,0.0007930214115781,0.0,0.0,0.0,0.0010837959291567,0.0,0.0,0.0,0.0,0.0002907745175786,0.0,0.0,0.0,0.0037007665873645,0.0046259582342056,0.0,0.0,0.0,0.0,0.0,0.0,0.0,0.000660851176315,0.0008194554586307,0.0,0.0,0.0006872852233676,0.0,0.0,0.0012159661644197,0.000660851176315,0.0,0.0008194554586307,0.0004493787998942,0.0,0.0003172085646312,0.0,0.0020999580008399,0.6702365952680945,0.0,0.0,0.0,0.0,0.0291194176116477,0.0010499790004199,0.0,0.0,0.0346493070138596,0.0,0.0,0.0030799384012319,0.0034999300013999,0.0398292034159316,0.0,0.0,0.00192968543484,0.0008194554586307,0.0029606132698916,0.0,0.0,0.0031192175522071,0.0,0.000264340470526,0.0005022468939994,0.0005551149881046,0.0012952683055775,0.0020089875759978,0.0,0.0,0.0,0.0,0.000396510705789,0.0,0.0012159661644197,0.0,0.0002114723764208,0.0,0.0095955590800951,0.0,0.0007930214115781,0.0,0.000264340470526,0.0011102299762093,0.0028020089875759,0.0,0.0057626222574675,0.0,0.0,0.0,0.0,0.0008987575997885,0.0046259582342056,0.0,0.0010309278350515,0.0357652656621726,0.0,0.0094105207507269,0.0,0.021940259053661,0.0,0.0,0.0,0.0,0.0,0.000264340470526,0.0,0.0,0.0,0.0,0.0,0.0,0.0015596087761036,0.0021675918583135,0.0058154903515728,0.0,0.0,0.0,0.0,0.0,0.0005551149881046,0.0044937879989425,0.0023261961406291,0.0,0.0064763415278879,0.0052339413164155,0.0439333862014272,0.0,0.0,0.0001586042823156,0.0007665873645255,0.0,0.0,0.0,0.0,0.0,0.0031192175522072,0.0,0.0070578905630452,0.0011102299762093,0.0010044937879989,0.0,0.0,0.0038065027755749,0.0,0.0,0.0033042558815754,0.0,0.0,0.0,0.0,0.0128469468675654,0.0,0.0,0.0,0.0,0.0,0.0,0.0056568860692572,0.0067935500925191,0.0,0.0,0.0,0.0,0.0,0.0,0.0,0.0,0.0,0.0,0.0025199496010079,0.0,0.0,0.0024848004229447,0.0,0.0017446471054718,0.0,0.0002114723764208,0.0,0.0,0.0007665873645255,0.000528680941052,0.0,0.0,Normal
3-31,0.0,0.0,0.0,0.0010267241632198,0.0,0.0,0.0,0.0,0.0,0.0066003696206987,0.0014667488045997,0.0006160344979318,0.0,0.0,0.0,0.0,0.0,0.0,0.0,0.0006160344979318,0.0,0.0,0.0,0.0,0.0,0.0058376602423069,0.0,0.0,0.0009093842588518,0.0248173897738273,0.0013787438763237,0.0,0.0003813546891959,0.0,0.0,0.0,0.0,0.0,0.0011733990436797,0.0,0.0078324386165625,0.0,0.0,0.0,0.0,0.0,0.0,0.001780415430267,0.0,0.0,0.0,0.0040482267006952,0.0,0.0,0.0,0.0,0.0,0.0002053448326439,0.0,0.0,0.0,0.0,0.0,0.0,0.0,0.0,0.0,0.0,0.0,0.0,0.0,0.0,0.0,0.0,0.0,0.0,0.0002933497609199,0.0125553697673732,0.0053976356009269,0.0,0.0,0.0,0.0241133503476194,0.0,0.0,0.0028454926809234,0.0,0.0,0.0,0.0007920443544838,0.0,0.0002933497609199,0.0,0.0,0.0,0.0043122414855231,0.0,0.0,0.0,0.0002933497609199,0.0006453694740238,0.0003956478733926,0.0,0.0,0.0,0.0,0.0140807885241571,0.0,0.0,0.0,0.0,0.0,0.0,0.0,0.0,0.0,0.0,0.0,0.0079129574678536,0.0,0.0220892369972717,0.0,0.0,0.0,0.0,0.0,0.0,0.0,0.0031681774179353,0.0,0.005133620816099,0.0007333744022998,0.0,0.0,0.0,0.0,0.0,0.0,0.0,0.0,0.0010267241632198,0.0,0.073572120038722,0.0,0.0044882513420751,0.0182756901053125,0.0,0.0,0.0015254187567837,0.0014960837806917,0.0031975123940273,0.0,0.0,0.0,0.0004400246413799,0.0003813546891959,0.0,0.0,0.0,0.0,0.0,0.0,0.0,0.0,0.0,0.0,0.010472586464842,0.0,0.0003813546891959,0.0,0.0,0.0012027340197717,0.0029041626331074,0.0,0.0,0.0,0.0,0.0,0.0,0.5576656775469826,0.0,0.0,0.0,0.0,0.0,0.0701285855588526,0.0,0.0,0.0,0.0100890207715133,0.0,0.0,0.3066271018793273,0.0,0.0312561819980217,0.0,0.0092111824928862,0.0,0.0,0.0,0.0,0.0,0.0,0.0020241133503476,0.0,0.0,0.0,0.0019947783742556,0.0017600985655196,0.0,0.0,0.0,0.0,0.0027574877526473,0.0,0.0,0.015664877233125,0.079028425591833,0.0,0.0021121182786236,0.0,0.0022881281351755,0.0,0.0,0.0,0.0,0.0,0.0,0.0,0.0,0.0,0.0,0.0,0.0004106896652879,0.0,0.0,0.1956349555575112,0.0,0.0,0.0,0.0,0.0194197541729002,0.0,0.0,0.0,0.0,0.0,0.0,0.0,0.0094751972777142,0.0,0.0,0.0346446067646453,0.004986945935639,0.0,0.0,0.0006747044501158,0.0,0.0,0.0017600985655196,0.0011440640675877,0.0,0.0,0.0,0.0,0.0,0.0,0.0,0.0021414532547155,0.0,0.0016134236850596,0.0,0.0008507143066678,0.0046642611986271,0.0,0.1190119980052216,0.0,0.0,0.0,0.0,0.0022881281351755,0.0,0.0,0.0,0.0005866995218398,0.0,0.0,0.0,0.0,0.0,0.0088884977558743,0.0,0.0,0.0,0.0,0.0,0.0,0.0,0.0,0.0,0.0,0.0,0.0286896066179706,0.0,0.0,0.0021121182786236,0.0,0.0280735721200387,0.0,0.0,0.0,0.0,0.0014080788524157,0.0,0.0,0.0,0.0,0.0,0.0,0.0,0.0,0.0011147290914957,0.0,0.0,0.0,Normal
3-32,0.0509576667754924,0.0022581347263031,0.0,0.0016323865491348,0.0,0.0,0.0026934378060724,0.0072369137011644,0.0,0.0,0.0,0.0,0.0025846120361301,0.0,0.0,0.0,0.0,0.0103656545870062,0.0,0.0,0.0011154641419088,0.0017684187615627,0.0003536837523125,0.0,0.0041897921427794,0.0,0.0,0.0,0.0,0.0021221025138752,0.0004080966372837,0.0,0.0,0.0,0.0,0.0,0.0,0.0013331156817934,0.0007617803895962,0.0,0.0,0.0,0.0,0.0037272826205245,0.0,0.0,0.0041081728153226,0.0,0.0,0.0,0.0035096310806398,0.0,0.0005713352921971,0.0,0.0005713352921971,0.0,0.0119708346936554,0.0424692567199912,0.0,0.0,0.0,0.0,0.0043530307976928,0.0009250190445097,0.0009522254869953,0.0004666900011667,0.0009522254869953,0.0010066383719664,0.004080966372837,0.0,0.0007617803895962,0.0036184568505822,0.0046250952225486,0.0,0.0012514963543367,0.0002448579823702,0.0,0.0,0.0,0.0054140820546305,0.0,0.0,0.0,0.0,0.0011154641419088,0.0,0.0005713352921971,0.0,0.0,0.0009250190445097,0.001033844814452,0.0,0.0022309282838176,0.0,0.0004080966372837,0.0003808901947981,0.0027750571335292,0.0007889868320818,0.0,0.0152356077919251,0.0132495374904776,0.0005833625014584,0.0378441614974425,0.0007345739471106,0.0023397540537599,0.0003536837523125,0.0,0.0,0.0,0.0,0.0013059092393078,0.0,0.0076994232234193,0.2269017303297419,0.0087604744803569,0.0059310044618565,0.1569245128923112,0.0,0.0,0.0006801610621395,0.0053324627271736,0.0002176515398846,0.001550767221678,0.0,0.0,0.0009794319294809,0.0001360322124279,0.0003808901947981,0.0014691478942212,0.0007345739471106,0.0161878332789203,0.0,0.0084067907280443,0.0,0.0,0.0,0.0002448579823702,0.0,0.0,0.0009522254869953,0.0,0.0007617803895962,0.0008978126020241,0.0,0.000516922407226,0.0,0.0,0.0,0.0,0.0,0.0,0.0025574055936445,0.0,0.0,0.0,0.0002448579823702,0.0,0.0,0.0,0.0,0.0,0.0,0.0,0.0,0.0051692240722603,0.0,0.0,0.0,0.0079442812057895,0.0049787789748612,0.0,0.000516922407226,0.0,0.0,0.0026118184786157,0.0010610512569376,0.0,0.0012514963543367,0.0,0.0103838525259596,0.1632248279080619,0.1948430754871077,0.0,0.0,0.0,0.0382685800956714,0.0,0.0,0.0,0.2307782055769454,0.0,0.0,0.0,0.0,0.1958931279897326,0.0,0.0,0.0017684187615627,0.0,0.0,0.0004625095222548,0.0,0.001550767221678,0.0,0.0,0.0,0.0023669604962455,0.0008161932745674,0.0009794319294809,0.0,0.0030199151158994,0.0,0.0,0.0,0.0,0.0018772445315049,0.0,0.000707367504625,0.0,0.0,0.0,0.0005441288497116,0.0,0.0017956252040483,0.0025301991511589,0.0159429752965502,0.0004080966372837,0.0143377951899009,0.0,0.0036184568505821,0.0004080966372835,0.0,0.0023125476112743,0.0006801610621395,0.0,0.0,0.0226085537055174,0.0,0.0051420176297746,0.0039177277179236,0.0157797366416365,0.0,0.0,0.0,0.0004353030797692,0.0,0.002720644248558,0.0,0.0,0.0,0.0,0.0,0.0004897159647404,0.0042986179127216,0.001360322124279,0.0098759386222656,0.0,0.0,0.0,0.0,0.0,0.0,0.0017684187615626,0.0016051801066492,0.0,0.0459788878006311,0.0017412123190769,0.0153172271193817,0.0,0.0016051801066492,0.0,0.0010610512569376,0.0,0.0,0.006937642833823,0.0,0.0,0.0056589400370007,0.0,0.0047067145500054,0.0013875285667646,0.0006257481771683,0.0,0.0016867994341059,0.0062574817716834,0.0,0.0,0.0,0.0,0.0017684187615627,0.0,0.0,0.0036184568505822,0.0,0.0,0.0,0.0,0.0,0.0,0.0006801610621395,0.0040537599303515,0.0021493089563608,0.0,0.0,0.0,0.0,0.0021001050052502,0.0,0.0,0.0011698770268799,0.0,0.0,0.0,0.0012242899118511,0.000707367504625,0.0,0.0,0.0,0.0002176515398846,0.0,0.0,0.0010066383719664,0.0,0.0,0.0,Normal
3-32',0.0002457778870123,0.0,0.0,0.0,0.0,0.0,0.0,0.0,0.0,0.0,0.0,0.0,0.0,0.0,0.0,0.0,0.0,0.0,0.0,0.0,0.0,0.0,0.0,0.0,0.0,0.0,0.004134731746672,0.0,0.0,0.0,0.0,0.0,0.0,0.0,0.0,0.0,0.0,0.0,0.0,0.0,0.0,0.0,0.0,0.0,0.0,0.0,0.0,0.0,0.0,0.0,0.0,0.0,0.0,0.0,0.0,0.0,0.0,0.0,0.0,0.0,0.0,0.0,0.0,0.0,0.006881780836347,0.0,0.0,0.0,0.0,0.0,0.0,0.0,0.0,0.0,0.0,0.0,0.0,0.0,0.0,0.0,0.0,0.0,0.0,0.0,0.0,0.0,0.0,0.0,0.0,0.0,0.0,0.0,0.0,0.0,0.0,0.0,0.0,0.0,0.0,0.0,0.0,0.0,0.0001755556335802,0.0,0.0,0.0,0.0,0.0,0.0,0.0,0.0,0.0,0.0,0.0,0.0,0.0,0.0,0.0041347317466719,0.0,0.0,0.0,0.0,0.0,0.0,0.0,0.0,0.0,0.0,0.0,0.0,0.0,0.0,0.0,0.0,0.0,0.0,0.0,0.0,0.0,0.0,0.0,0.0,0.0016502229556546,0.0,0.0001404445068642,0.0,0.0,0.0,0.0,0.0,0.0,0.0,0.0,0.0,0.0,0.0,0.0,0.0,0.0,0.0,0.0,0.0,0.0,0.0007022225343211,0.0,0.0,0.0,0.0,0.0,0.0,0.0,0.0,0.0,0.0,0.0,0.0,0.0,0.0,0.0025211778943122,0.0518354175070593,0.0,0.0,0.0,0.0,0.0,0.0,0.0,0.0,0.0,0.0424566357402178,0.0,0.0075635336829366,0.0310609116579265,0.0,0.4287010891488499,0.0,0.0,0.0,0.0,0.0,0.0,0.0,0.0,0.0,0.0,0.0,0.0,0.0,0.0,0.0,0.0,0.0,0.0,0.0,0.0,0.0,0.0,0.0,0.0241024606696248,0.0,0.0,0.0,0.0,0.0,0.0,0.0,0.0,0.0,0.0,0.0,0.0,0.0,0.0,0.0,0.0,0.0,0.0004564446473087,0.0,0.0,0.0,0.0,0.0001404445068642,0.0,0.0,0.0,0.0,0.0,0.0,0.0,0.0,0.0,0.0,0.0,0.0,0.0,0.0,0.0,0.0,0.0,0.0,0.0,0.0,0.0,0.0,0.0,0.0,0.0,0.0,0.0,0.0,0.0,0.0,0.0,0.0,0.0,0.0001755556335802,0.0,0.0,0.0,0.0,0.0,0.0,0.0,0.0,0.0,0.0,0.0,0.0,0.0,0.0,0.0,0.0060508269463493,0.0,0.0,0.0,0.0,0.0,0.0,0.0,0.0,0.0,0.0,0.0,0.0,0.0,0.0,0.0,0.0,0.0,0.0,0.0,0.0,0.0,0.0,0.0,0.0024203307785397,0.0,0.0,0.0,0.0,0.0,0.0,0.0,0.0,0.0,Warning
3-33,0.0,0.0,0.0,0.0004079327224802,0.0,0.0,0.0006275888038157,0.0,0.0,0.0,0.0,0.0007844860047696,0.0,0.0,0.0,0.0,0.0,0.0,0.0,0.0,0.0,0.0026044935358353,0.0,0.0,0.0,0.0,0.0,0.0005648299234341,0.0,0.0002510355215262,0.0,0.0,0.0,0.0,0.0,0.005303125392243,0.0,0.0013493159282038,0.0,0.0,0.0,0.0,0.0010906824555936,0.0,0.0,0.0,0.0,0.0,0.001317936488013,0.0,0.0,0.0,0.0,0.0,0.0,0.0,0.0,0.0016944897703024,0.000439312162671,0.0,0.0,0.0,0.0,0.0,0.0,0.0,0.0,0.0020396636124011,0.0,0.0,0.0,0.0,0.0010669009664867,0.0,0.0,0.0007217271243881,0.0,0.0,0.0,0.0070289946027362,0.0025731140956445,0.0008472448851512,0.0,0.0,0.0079703778084598,0.0,0.0,0.0013806953683946,0.0,0.0,0.0037655328228944,0.0,0.0,0.0,0.0,0.0,0.0,0.0086293460524664,0.0,0.0122693611145977,0.004110706664993,0.0047522592708008,0.0001568972009539,0.0005334504832433,0.0003765532822894,0.0,0.0,0.0,0.0116731517509727,0.0,0.0,0.0140266097652817,0.0,0.003828291703276,0.0002510355215262,0.0023534580143089,0.0099719538797133,0.002726706138984,0.0,0.0,0.0,0.0,0.0014434542487762,0.0,0.0,0.0011610392870591,0.0,0.0,0.0002196560813355,0.0,0.0,0.0,0.0025417346554537,0.0,0.0,0.0,0.0,0.0,0.0,0.0018513869712563,0.0,0.0010669009664867,0.0020710430525919,0.0,0.0,0.0,0.0,0.0,0.0,0.0,0.0,0.0,0.0,0.0003451738420986,0.0,0.0,0.0038910505836575,0.0,0.0054286431530061,0.0134617798418476,0.0063386469185389,0.0,0.0,0.0,0.0069348562821639,0.0,0.0,0.0,0.0,0.005303125392243,0.0014748336889669,0.0,0.0,0.0,0.0042989833061378,0.0003765532822894,0.0,0.2266850759382452,0.0,0.0,0.0937986911810531,0.0800093487067622,0.0,0.1956216889996883,0.0,0.0083359301963228,0.0008569647865378,0.0,0.0013244001246494,0.2354315986288563,0.0,0.0389529448426301,0.0,0.0008569647865378,0.027578684948582,0.0,0.0,0.0026672524162168,0.0005962093636249,0.0006589682440065,0.0037341533827035,0.0,0.0021651813731642,0.0,0.0,0.0015062131291577,0.0,0.0,0.0,0.0,0.0,0.0031693234592694,0.0,0.0005020710430525,0.0012551776076314,0.0,0.0,0.0,0.0,0.0,0.0,0.0,0.0007531065645788,0.0247583783105309,0.0,0.0119555667126897,0.0,0.0204593950043931,0.0,0.0,0.0063386469185389,0.0,0.0,0.0005334504832433,0.0,0.0052089870716706,0.0006589682440065,0.0,0.0118928078323081,0.0227187146981297,0.0,0.0,0.0,0.0,0.0,0.0,0.0,0.003671394502322,0.0,0.0,0.0063700263587297,0.0,0.0,0.0007217271243881,0.0,0.0007217271243881,0.0,0.0067152002008284,0.0,0.0,0.0,0.0008472448851512,0.0018513869712564,0.0,0.0049579515501442,0.0,0.0021338019329735,0.0156269612150119,0.0,0.0013806953683946,0.0,0.0030751851386971,0.0,0.0,0.0,0.0,0.0,0.0,0.0,0.0006275888038157,0.0,0.0,0.0433935805546899,0.0029496673779339,0.0,0.0,0.0,0.0,0.0,0.0,0.0,0.0,0.0051776076314798,0.0,0.0,0.0018827664114472,0.0,0.0,0.0,0.0010355215262959,0.0009100037655328,0.0,0.0,0.0172172016204425,0.0,0.0,0.0,0.0,0.0,0.0004079327224802,0.0,0.0,0.0,0.0,0.0053972637128153,0.0,0.0,0.0013493159282038,0.0,0.0,0.0005334504832433,0.0,0.0,0.0,0.0012551776076314,Normal
3-34,0.0,0.0,0.0026868227582745,0.0038973692757388,0.0017124804393398,0.0,0.0,0.0,0.0,0.0005314594466916,0.005078390268387,0.0011810209926481,0.0032773332545986,0.0,0.0,0.0,0.0,0.0480970799255956,0.0079423661755587,0.0,0.0,0.0,0.0,0.0,0.0,0.0105701378842008,0.0027489691365737,0.0,0.0004724083970592,0.0307065458088517,0.0,0.0,0.0021258377867666,0.0,0.0,0.0,0.0,0.0,0.0002362041985296,0.0,0.0,0.0,0.0,0.0,0.0,0.0,0.0,0.0,0.0,0.0,0.0,0.0,0.0,0.0,0.0,0.0,0.0,0.0,0.0,0.0,0.0,0.0,0.0,0.0,0.0,0.0,0.0,0.0,0.0,0.0104815613097522,0.0,0.0,0.0,0.0,0.0,0.0,0.0009743423189347,0.0279311464761284,0.0018010570137884,0.0,0.0,0.0,0.0089462340193096,0.0,0.0,0.0008267146948537,0.0,0.0,0.003779267176474,0.0010924444181994,0.0,0.0272520594053559,0.0,0.0,0.0,0.0,0.0,0.0001771531488972,0.0,0.0013286486167291,0.0163866662729929,0.0,0.0005609849715078,0.0,0.0,0.0,0.0010333933685671,0.0011514954678319,0.0,0.0,0.0006200360211402,0.0,0.0,0.0,0.0959284301278455,0.0,0.2142946395101836,0.0,0.0,0.0,0.0678496560276353,0.0,0.0,0.0,0.0029230269568041,0.0,0.0,0.0,0.0026572972334583,0.0,0.0117806844016651,0.0016239038648911,0.0,0.0032478077297823,0.0,0.000590510496324,0.0,0.0,0.0,0.0,0.0007676636452212,0.0,0.1023354690129615,0.0,0.0069384983318078,0.0018601080634208,0.0,0.0,0.0,0.0023620419852962,0.001181020992648,0.0,0.0,0.0,0.0,0.0027753993327231,0.0009448167941185,0.0,0.0,0.0010038678437509,0.0,0.0,0.0,0.0012105465174643,0.0,0.0,0.0,0.0,0.0015648528152587,0.0,0.0,0.0006495615459564,0.0031001801057013,0.0010924444181995,0.0,0.0,0.0,0.0008857657444861,0.0,0.049231538173185,0.0,0.0,0.0,0.0,0.0,0.0,0.0059977508434337,0.0,0.0,0.6552542796451329,0.0,0.0161189553917281,0.0,0.0,0.0366112707734599,0.0,0.0023029909356638,0.0,0.0,0.0,0.0,0.0,0.0,0.0015058017656263,0.0,0.0,0.0,0.0072042280551536,0.0,0.0208154949954235,0.0,0.0,0.0,0.0023915675101124,0.0,0.0,0.0148513389825504,0.0070861259558887,0.0016243908534299,0.0,0.0,0.0,0.0,0.0020077356875018,0.0,0.0002657297233458,0.0,0.0019191591130531,0.0081219542671498,0.0,0.0,0.0,0.0,0.1517021465056539,0.0,0.0,0.0745519501609141,0.0,0.0,0.0,0.0,0.0213764799669313,0.0,0.0,0.0,0.0,0.0,0.0,0.0,0.000738138120405,0.0,0.0,0.0118987865009299,0.00233251646048,0.000590510496324,0.0,0.0,0.0,0.0,0.0027163482830907,0.0,0.0,0.0,0.0,0.0,0.0,0.0,0.0011514954678319,0.0,0.0,0.0,0.0,0.000590510496324,0.0,0.0,0.0,0.0044583542472467,0.0,0.0,0.0001181020992648,0.0014172251911777,0.0016829549145236,0.0,0.0,0.0012105465174643,0.0,0.0,0.0,0.0,0.0,0.0113968525790545,0.0,0.0,0.0,0.0,0.0,0.0,0.0,0.0,0.0,0.0,0.0,0.0,0.0,0.0,0.0070270749062564,0.0,0.0056393752398948,0.0,0.0,0.0,0.0,0.0,0.0,0.0,0.0,0.0,0.0,0.0,0.0,0.0,0.0025687206590097,0.0,0.0,0.0,Normal
3-4,0.0043439475623472,0.0073691967575534,0.0,0.005119652484195,0.0,0.0009696311523096,0.0023271147655431,0.0006205639374781,0.0,0.0,0.0,0.0,0.0007757049218477,0.0,0.0,0.0019780475507117,0.0,0.0281580886630725,0.0,0.0,0.0013186983671411,0.0,0.000310281968739,0.0,0.0038397393631462,0.0,0.0,0.0,0.0,0.0011247721366792,0.001512624597603,0.0,0.0,0.0003864584943577,0.0004251043437934,0.000310281968739,0.0,0.0,0.0,0.0,0.0,0.0009696311523096,0.0,0.0037233836248691,0.0,0.0007729169887154,0.0031416049334833,0.0,0.0006593491835705,0.0,0.0031803901795756,0.0,0.0,0.0,0.0003878524609238,0.0,0.0036458131326843,0.0174921459876662,0.0009308459062172,0.0020944032889888,0.0,0.0,0.0013186983671411,0.0010472016444944,0.0,0.0032462513526047,0.0,0.0,0.0019780475507117,0.0,0.00682620331226,0.0052747934685645,0.0025598262420975,0.0,0.0,0.0010472016444944,0.0,0.0,0.0,0.0,0.0,0.0016677655819726,0.0,0.0003878524609238,0.0003878524609238,0.0,0.001706550828065,0.0,0.0,0.0,0.0,0.0,0.0041112360857929,0.0,0.0,0.0,0.0,0.001008416398402,0.0,0.0152038164682154,0.0086103246325097,0.0028984387076827,0.0102780902144824,0.0,0.0,0.0006593491835705,0.0,0.0,0.0,0.0,0.0,0.0,0.0065547065896133,0.1315595547453748,0.0155140984369545,0.0,0.1918379965991652,0.0004637501932291,0.0,0.0021719737811736,0.0814102315479188,0.0025598262420975,0.0,0.0,0.0,0.0,0.0,0.0020944032889888,0.0,0.0010859868905868,0.0310669821200014,0.0,0.0110150098902376,0.0,0.0011247721366792,0.0,0.0,0.0,0.0011635573827715,0.0052360082224721,0.0014350541054182,0.0057014311755808,0.0009308459062172,0.0,0.0,0.0,0.0026761819803746,0.0,0.0,0.0,0.0,0.0,0.0013574836132335,0.0,0.0,0.0101617344762051,0.0,0.0,0.0,0.0014350541054182,0.0017453360741573,0.0,0.0,0.0,0.0,0.0011247721366792,0.0,0.0040336655936081,0.001008416398402,0.0004266377070162,0.0020556180428964,0.0,0.0,0.0024046852577279,0.0012023426288639,0.0,0.0,0.0034518869022223,0.0,0.0112459421858092,0.0009661462358942,0.054065543360643,0.0,0.0249652187355078,0.0009661462358942,0.026085948369145,0.0040578141907559,0.0,0.0033235430514762,0.3759081774617402,0.0,0.0018936466223527,0.0005796877415365,0.0006956252898438,0.2217112382130153,0.0243571345460186,0.0,0.0011247721366792,0.0003490672148314,0.0,0.0029864639491137,0.0,0.0454950936663691,0.0,0.0,0.0006593491835705,0.0,0.0029088934569289,0.0,0.0,0.0,0.0,0.0,0.0,0.00341310165613,0.0063995656052435,0.0,0.0019392623046193,0.0,0.0,0.0,0.0,0.0006205639374781,0.0020556180428964,0.0,0.0167552263119108,0.0,0.0083776131559554,0.0005410418921007,0.0014738393515106,0.0073304115114609,0.0006981344296629,0.0046930147771786,0.000504208199201,0.0011635573827715,0.0,0.0380095411705387,0.0,0.0018616918124344,0.0275763099716867,0.0,0.0,0.0,0.0,0.0,0.0,0.0,0.0010859868905868,0.0068649885583524,0.0,0.0004654229531086,0.0056626459294884,0.0,0.0,0.0,0.0065547065896132,0.0,0.0,0.0,0.0,0.0,0.0036070278865919,0.003219175425668,0.0012799131210487,0.0020944032889888,0.0004266377070162,0.0034518869022223,0.0,0.0,0.0,0.0,0.0007757049218477,0.0,0.0,0.0016677655819726,0.0,0.0,0.0038009541170538,0.0,0.0026761819803745,0.0008532754140325,0.0008144901679401,0.0,0.0001551409843695,0.011945855796455,0.0,0.0,0.0,0.0,0.0,0.0,0.0,0.0047705852693635,0.0,0.0,0.0,0.0,0.0,0.0,0.0,0.0062444246208742,0.0,0.0,0.0031303138042974,0.0,0.0,0.0083861493275622,0.000504208199201,0.0,0.0006205639374781,0.0,0.0355928273303447,0.0,0.0,0.0033743164100376,0.0,0.0,0.0106659426754062,0.0020944032889888,0.0,0.000504208199201,0.0034906721483147,0.0,0.0,0.0103168754605747,Normal
3-5,0.0052979423648088,0.0041473791239665,0.0,0.0021405827736601,0.0,0.0,0.0015251652262328,0.0044684665400155,0.0,0.0,0.0,0.0,0.0064485056056511,0.0,0.0,0.0006956894014395,0.0,0.017552778744013,0.0,0.0,0.0,0.0,0.0,0.0,0.0026489711824044,0.0,0.0,0.0040135927006127,0.0,0.009579107912129,0.0,0.0,0.0,0.0,0.0015679247396124,0.0,0.0,0.0006956894014395,0.0,0.0,0.0,0.0,0.0,0.0027560003210874,0.0,0.0067196774554821,0.0,0.0,0.000749203970781,0.0019532817809648,0.0009365049634763,0.0,0.0,0.0013111069488668,0.000856233109464,0.0,0.0,0.0094988360581168,0.0006956894014395,0.0,0.0,0.0,0.0020870682043186,0.0,0.0,0.0,0.0005619029780857,0.0005619029780857,0.0057528162042115,0.0,0.0,0.0,0.0013111069488668,0.0,0.0017659807882696,0.0,0.0,0.0,0.0219142161453455,0.0019800390656356,0.0003746019853905,0.0006154175474272,0.0,0.0,0.0005886602627565,0.0,0.0020067963503063,0.0,0.0,0.0007224466861102,0.0004013592700612,0.0,0.0,0.0,0.0,0.0009097476788055,0.0,0.0022476119123431,0.0,0.0079736708318838,0.0079736708318838,0.006495688206966,0.0660904931367564,0.000535145693415,0.0,0.0008027185401225,0.0,0.0,0.0,0.0,0.0014448933722205,0.0052444277954673,0.0026757284670751,0.0769807079977522,0.0916972145666657,0.0,0.2760667487960576,0.006719677455482,0.0,0.0020335536349771,0.0219142161453453,0.0,0.0,0.0,0.0,0.0,0.0,0.0,0.0,0.0,0.0036389907152222,0.0,0.0,0.0,0.0,0.0,0.0002943301313782,0.0,0.0,0.0051909132261257,0.00107029138683,0.0001337864233537,0.0,0.0,0.0,0.0,0.0,0.0,0.0,0.0,0.0,0.0,0.0040403499852834,0.0008027185401225,0.0,0.0074117678537981,0.0,0.0,0.0162149145104754,0.000749203970781,0.0004548738394027,0.0051106413721135,0.0,0.0,0.0010435341021593,0.0,0.0,0.0022476119123431,0.0020335536349771,0.0005886602627565,0.000535145693415,0.0,0.0,0.0059133599122361,0.0026757284670751,0.001391378802879,0.0,0.0402964707141518,0.0,0.022398924851607,0.0315824840407659,0.0266547205734124,0.0,0.1225221189382909,0.0,0.0155672527718669,0.0038078172247732,0.0,0.0,0.2093179527382685,0.0,0.0727965057677231,0.0,0.0016799193638705,0.1522006943666698,0.0045754956786985,0.0,0.0015786797955743,0.0010167768174885,0.0008294758247932,0.0011238059561715,0.000428116554732,0.0008027185401225,0.0,0.0,0.0005083884087442,0.0,0.0010970486715008,0.0,0.0,0.0,0.0,0.0,0.0,0.0005619029780857,0.0046557675327105,0.0,0.001284349664196,0.0,0.0,0.0,0.0,0.0013111069488668,0.0055655152115162,0.0,0.0018997672116233,0.0,0.0276402750648864,0.0114234516743196,0.0,0.0017927380729402,0.0,0.0023546410510261,0.0834827281727448,0.0007224466861102,0.0022208546276723,0.03737992668504,0.000749203970781,0.0050838840874427,0.0145024482915472,0.0053514569341501,0.0005083884087442,0.0,0.0,0.0,0.0,0.0,0.0070371658684076,0.0116126615471062,0.0,0.0028630294597703,0.000749203970781,0.0,0.0,0.0,0.0084017873866159,0.0,0.0042276509779787,0.0003746019853905,0.0,0.0,0.0005083884087442,0.0,0.0,0.0032643887298315,0.0,0.0,0.0055655152115162,0.0,0.0,0.0,0.0022743691970138,0.0,0.0,0.0116929334011184,0.0,0.0,0.0010970486715008,0.0,0.0025954566130628,0.0,0.0024616701897091,0.0024638817336767,0.0007759612554517,0.006555534744334,0.0,0.0,0.0,0.0,0.0,0.0,0.0,0.0014448933722205,0.0,0.0,0.0004816311240735,0.0,0.0,0.0,0.0013111069488668,0.0144756910068766,0.0,0.0,0.012767387165416,0.0,0.0,0.0,0.0,0.0,0.001391378802879,0.0,0.0,0.0,0.0,0.0349182564953308,0.0,0.0,0.0,0.0008294758247932,0.0,0.0047627966713937,0.0027024857517459,0.0,0.0001605437080245,0.000642174832098,Normal
3-6,0.0,0.0,0.0011895658084799,0.0,0.0,0.0,0.0,0.0,0.0,0.0076896932619593,0.0005522984110799,0.0,0.0,0.0,0.0,0.0,0.0,0.0,0.0,0.0401478460361967,0.0,0.0,0.0,0.0,0.0,0.0,0.0,0.0,0.0014019882742798,0.0059478290423995,0.0,0.0,0.0002973914521199,0.0,0.0049003041568097,0.0,0.0016144107400798,0.0,0.0009346588495199,0.0,0.0048007477270796,0.0,0.0047313281514025,0.0,0.0,0.0,0.0,0.001520784048665,0.0,0.0,0.0,0.0057778910697595,0.0,0.0,0.0,0.004393376140588,0.0,0.0004248449315999,0.0,0.0,0.0,0.0,0.0,0.0,0.0,0.0,0.0,0.0,0.0,0.0009771433426799,0.0,0.0,0.0,0.0031863369869997,0.0,0.0,0.0007222363837199,0.0075197552893192,0.0,0.0,0.0,0.0,0.0031863369869997,0.0,0.0,0.0003823604384399,0.0,0.0,0.0,0.0,0.0,0.0,0.0,0.0,0.0,0.0227292038405981,0.0,0.0,0.0011895658084799,0.0,0.0034837284391197,0.0113213923622845,0.0004673294247599,0.0,0.0,0.0,0.0089217435635992,0.0080720537003992,0.0,0.0,0.0031438524938396,0.0,0.0,0.0,0.0028889455348797,0.0,0.2291314633322068,0.0,0.0,0.0,0.0063301894808393,0.0,0.0,0.0017843487127198,0.0,0.0,0.0,0.0,0.0061602515081993,0.0,0.0308012575409975,0.0051406236723595,0.0,0.0,0.0,0.0,0.0,0.0,0.0,0.0,0.0,0.0,0.0911717223213523,0.0484323222023961,0.0012745347947998,0.0033137904664797,0.0,0.0087942900841192,0.0024641006032798,0.0016144107400798,0.0055229841107995,0.0,0.0,0.0,0.0,0.0020392556716798,0.0028464610417197,0.0001274534794799,0.0,0.0,0.0,0.0,0.0,0.0,0.0,0.0,0.0,0.0,0.0040785113433596,0.0,0.0,0.0008496898631999,0.0468603959554761,0.0,0.0,0.0,0.0022941626306398,0.0,0.0042244001351808,0.2230483271375463,0.0,0.0,0.0,0.0,0.0,0.0175735045623521,0.0032105441027374,0.0001689760054072,0.0,0.2999324095978369,0.0,0.0,0.0,0.0,0.1191280838120986,0.0,0.0,0.0,0.0,0.0,0.0,0.0,0.0,0.0007222363837199,0.0,0.0,0.0,0.0059053445492395,0.0014019882742798,0.0,0.0,0.0,0.0019118021921998,0.0145721811538787,0.0,0.0,8.49689863199932e-05,0.0,0.002196688070294,0.0026765230690797,0.0,0.0025915540827597,0.0,0.0009346588495199,0.0,0.0,0.0,0.0,0.0057451841838458,0.0,0.0,0.0,0.0,0.2044778655790634,0.0,0.0,0.0181408785793185,0.0,0.0,0.0,0.0059053445492395,0.0272325601155576,0.0,0.0,0.0,0.0,0.0,0.0,0.0,0.0,0.0,0.0,0.0070949103577194,0.0079870847140793,0.0,0.0,0.0,0.0,0.0,0.0017418642195598,0.0,0.0,0.0,0.0,0.0,0.0,0.0,0.0077746622482791,0.0,0.0,0.0008496898631999,0.0,0.0045033562749596,0.0031013680006797,0.0,0.0,0.0014869572605998,0.0,0.0,0.0,0.0050131701928795,0.0004673294247599,0.0,0.0,0.0036961509049196,0.0,0.0,0.0,0.0155493244965587,0.0,0.0172911887161186,0.0,0.0014869572605998,0.0,0.002196688070294,0.0,0.0,0.0,0.0,0.0,0.0,0.0,0.0,0.0,0.0,0.0019542866853598,0.0,0.0173336732092786,0.0,0.0,0.0,0.0,0.0,0.0,0.0,0.0059141601892531,0.0,0.0,0.0,0.0,0.0,0.0058628600560795,0.0,0.0,0.0,Normal
3-7,0.0017388364286231,0.0122201560122684,0.0,0.0006520636607336,0.0,0.00171468592267,0.0,0.0033810708334339,0.0,0.0,0.0,0.0,0.0,0.0,0.0,0.0055063153573067,0.0034535223512932,0.019392856280339,0.0,0.0,0.0003864080952495,0.0,0.0004105586012026,0.0,0.0021252445238727,0.0,0.0,0.0,0.0,0.0,0.0,0.0,0.0,0.0006562397462539,0.0,0.0,0.0,0.0,0.0,0.0,0.0,0.0012558263095611,0.0034999453133544,0.004612746637042,0.0,0.0,0.0079696669645229,0.0,0.0009660202381239,0.0,0.0,0.0,0.0,0.0,0.0,0.0,0.0,0.0820634192286328,0.0006279131547805,0.0006037626488274,0.0,0.0008935687202646,0.0015697828869514,0.0,0.0,0.0020780925298042,0.0,0.0034293718453401,0.0028739102084188,0.0,0.00171468592267,0.0004830101190619,0.0379404448523196,0.0,0.0004588596131088,0.0030912647619967,0.0,0.0,0.0,0.0015456323809983,0.0,0.0027048566667471,0.0,0.0,0.0082353225300067,0.0,0.001473180863139,0.0,0.0,0.0,0.0,0.0,0.0002173545535778,0.0,0.0,0.0,0.0003622575892964,0.0,0.0,0.0090805902383654,0.0116163933634406,0.0088592365744285,0.0006762141666867,0.0,0.0,0.001956190982201,0.0,0.0,0.0022218465476851,0.0,0.0024150505953099,0.0,0.0067621416668679,0.0946699833361508,0.0,0.0,0.2070436399431257,0.0382806518648145,0.0,0.0022218465476851,0.0113507377979567,0.0035501243751056,0.0002415050595309,0.0,0.0,0.0,0.0,0.0,0.0,0.0042504890477455,0.0750356219962807,0.0,0.0062549810418527,0.0,0.0045161446132296,0.0,0.0,0.0,0.0,0.0,0.0003139565773902,0.0224599705363827,0.0004347091071557,0.0,0.0,0.0,0.0,0.0,0.0,0.0,0.0,0.0,0.0023425990774506,0.0016905354167169,0.0,0.0008935687202646,0.0,0.0,0.0,0.0006520636607336,0.0010384717559832,0.0014973313690921,0.0017629869345762,0.0,0.0,0.0058685729466032,0.0,0.0,0.0013282778274204,0.0001690535416716,0.0133793802980172,0.0,0.0003139565773902,0.0,0.0018112879464824,0.0005554616369212,0.0,0.0010143212500301,0.0,0.0,0.0,0.0394837580662802,0.0,0.122607459258449,0.0274526960516241,0.0138904079623755,0.0,0.0,0.0,0.3109482664333367,0.0,0.0,0.0,0.0,0.1626380837799407,0.0,0.0,0.0024875021131692,0.0006520636607336,0.0,0.0,0.001231675803608,0.0042263385417921,0.0,0.0,0.0,0.0,0.0,0.0,0.0,0.0,0.0,0.0,0.0,0.0,0.0,0.0,0.0,0.0,0.0,0.0,0.0,0.0021010940179196,0.0013765788393266,0.0,0.0047818001787137,0.0015939333929045,0.024029753423334,0.0,0.0052648102977754,0.0066896901490085,0.0021252445238727,0.0,0.0,0.0033086193155746,0.0008452677083584,0.0208660371434779,0.0,0.0067621416668677,0.0092013427681309,0.0,0.0,0.0,0.0,0.0004105586012026,0.0,0.0003864080952495,0.0,0.0,0.0,0.0016905354167169,0.0,0.0007969666964522,0.0033086193155746,0.0013041273214673,0.0160600864588111,0.0,0.0020044919941072,0.0005313111309681,0.0,0.0,0.0030429637500905,0.0,0.0006279131547805,0.0,0.0007003646726398,0.0007003646726398,0.0,0.0,0.0,0.0,0.000507160625015,0.0,0.0,0.0119061994348781,0.0,0.0,0.0,0.0,0.0040814355060737,0.0,0.0,0.0,0.0028980607143718,0.0011109232738425,0.0,0.0010143212500301,0.0,0.0,0.0,0.0,0.0,0.0,0.0,0.0,0.0,0.0,0.0,0.0,0.0,0.006786292172821,0.0,0.0,0.0068905173356666,0.0,0.0,0.0014218527835502,0.0,0.0,0.0015456323809983,0.0,0.0,0.0,0.0020044919941072,0.0120028014586905,0.0,0.0,0.0,0.0,0.0,0.0,0.0,0.0,0.0,0.0004105586012026,Normal
3-8,0.0,0.0049089264952848,0.0,0.0092580631270723,0.0,0.0,0.0,0.0006459113809585,0.0,0.0,0.0,0.0,0.0021530379365284,0.0,0.0,0.0060285062222796,0.0,0.0039615898032123,0.0,0.0,0.0,0.0031003746286009,0.0003014253111139,0.0,0.0035309822159066,0.0,0.0,0.0,0.0,0.0121431339620204,0.0,0.0,0.0,0.0,0.0,0.0,0.0,0.0,0.0,0.0,0.0,0.0,0.0051948051948051,0.0010334582095336,0.0015071265555699,0.0,0.0018516126254144,0.0,0.0025405847651035,0.0,0.0063729922921241,0.0,0.0,0.0,0.0,0.0,0.0047797442190931,0.0228222021272014,0.0003875468285751,0.0,0.0,0.0,0.0,0.0,0.0,0.0038961038961038,0.0,0.0008612151746113,0.0026267062825646,0.0,0.0016793695904921,0.0,0.0008181544158808,0.0,0.0,0.0393144727210093,0.0,0.0,0.0,0.0,0.0,0.0003875468285751,0.0,0.000990397450803,0.0,0.0,0.0050811695302071,0.0,0.0,0.0,0.0,0.0,0.0,0.0,0.0,0.0,0.0003014253111139,0.0,0.0,0.0135641390001291,0.0111957972699478,0.0,0.0016363088317616,0.0,0.0,0.000990397450803,0.0,0.0,0.0,0.0,0.0010334582095336,0.0,0.0048658657365542,0.1139818283598156,0.020669164190673,0.0,0.1824675324675322,0.0,0.0,0.000990397450803,0.0463333763940918,0.0026697670412952,0.0005167291047668,0.0,0.0,0.0,0.0,0.0,0.0,0.0013779442793782,0.0173965465271497,0.0,0.0066313568445076,0.0,0.0021099771777978,0.0,0.0,0.0,0.0,0.0,0.0014640657968393,0.0022391594539895,0.0,0.0,0.0,0.0,0.0,0.0,0.0,0.0,0.0,0.0,0.0006459113809585,0.0,0.0,0.0090858200921499,0.0,0.0,0.0,0.0047797442190931,0.006889721396891,0.0,0.0,0.0,0.0,0.0011626404857253,0.0,0.0080093011238858,0.0021530379365284,0.0006028506222279,0.003186496146062,0.0,0.0,0.0008181544158808,0.0024114024889118,0.0019807949016061,0.0,0.0142961718985488,0.0,0.0146103896103896,0.0,0.0,0.0,0.1237012987012987,0.0,0.0241883116883116,0.0017857142857142,0.0,0.0,0.2917207792207791,0.0,0.0,0.0,0.0,0.2777597402597401,0.0,0.0,0.0010765189682642,0.0,0.0,0.0,0.0003014253111139,0.0202385566033673,0.0,0.0,0.0,0.0,0.0047797442190931,0.0,0.0,0.0,0.0,0.0,0.0,0.0019377341428755,0.0,0.0,0.0,0.0,0.0,0.0,0.0,0.0012487620031864,0.0008181544158808,0.0,0.1779270550747101,0.0,0.0041768935968651,0.0055194805194805,0.0,0.0054256556000516,0.0003014253111139,0.0004736683460362,0.001593248073031,0.0,0.0024114024889118,0.026654609654222,0.0,0.0,0.0249752400637299,0.0,0.0,0.0,0.0,0.0,0.0,0.0,0.0,0.0104637643715282,0.0,0.0,0.0030573138698703,0.0016363088317616,0.0029711923524092,0.005985445463549,0.0046075011841708,0.0,0.0,0.0,0.0,0.0,0.0,0.0,0.0,0.0,0.0,0.000990397450803,0.0,0.0,0.0009042759333419,0.0,0.0,0.0,0.0,0.0021099771777978,0.0,0.0,0.0053825948413211,0.0,0.0007320328984196,0.0,0.0,0.0,0.0018516126254144,0.0009473366920725,0.0,0.0005597898634973,0.0,0.0,0.0,0.0,0.0,0.0,0.0,0.0,0.0,0.0,0.0031003746286009,0.0,0.0,0.0013779442793782,0.0,0.0,0.0071428571428571,0.0,0.0,0.0112012987012987,0.0,0.0,0.0030142531111398,0.0,0.0368506493506493,0.0,0.0,0.0011195797269947,0.0,0.0,0.0499935408861904,0.0,0.0,0.0011626404857253,0.0,0.0,0.0,0.0019807949016061,Warning
3-9,0.0,0.0,0.0,0.0,0.0,0.0,0.0,0.0,0.0,0.0011045342547225,0.0,0.0,0.0,0.0471432464347352,0.0,0.0,0.0,0.0,0.0,0.0077600611742048,0.0,0.0,0.0,0.0009912486901356,0.0,0.0026905321589396,0.0425106730856571,0.0,0.0007080347786683,0.0059758135319606,0.0,0.0,0.0005664278229346,0.0,0.0652647833590698,0.0,0.0,0.0,0.0,0.0,0.0016709620776572,0.0,0.1768098828231447,0.0,0.0,0.0,0.0,0.0,0.0,0.0,0.0,0.0027471749412331,0.0,0.0,0.0,0.0792987555636297,0.0,0.0,0.0,0.0,0.0,0.0,0.0,0.0,0.0,0.0,0.0,0.0,0.0,0.0,0.0,0.0,0.0,0.0,0.0,0.0,0.0100540938570902,0.1138519924098668,0.0044747798011838,0.0,0.0,0.0,0.0,0.0,0.0,0.0017559262510974,0.0,0.0,0.0,0.0,0.0,0.0,0.0,0.0,0.0,0.000311535302614,0.0,0.0,0.0,0.0,0.0,0.0,0.0,0.0,0.0,0.0,0.0137075533150188,0.0004531422583477,0.0,0.0,0.0,0.0,0.0,0.0,0.0,0.0,0.000499591243528,0.0,0.0,0.0,0.00996912968365,0.0,0.0,0.0,0.0,0.0,0.0,0.0,0.0012461412104562,0.0,0.0297941034863632,0.0,0.0,0.0234784332606417,0.0,0.0,0.0,0.0,0.0,0.0,0.0,0.0,0.1739783058143813,0.0,0.0111586281118128,0.00286046050582,0.0,0.0,0.0,0.0,0.0011328556458693,0.0,0.0,0.0,0.0007646775609617,0.0,0.0,0.0007080347786683,0.0,0.0,0.0,0.0,0.0,0.0008779631255487,0.0,0.0,0.0120365912373615,0.0,0.0038517091959557,0.0,0.0,0.0,0.0528760372709507,0.0,0.0,0.0,0.0,0.0,0.0,0.1075937869016258,0.0,0.0,0.0,0.0,0.0,0.0358343173766918,0.0,0.0,0.0,0.0,0.0,0.0,0.0,0.0,0.0,0.0,0.0,0.0,0.0,0.0,0.0,0.0,0.0,0.0035684952844883,0.0,0.0,0.0,0.0,0.0,0.0,0.0,0.0,0.0,0.1772352657962557,0.0,0.0,0.0,0.0158599790421704,0.0,0.0006513919963748,0.0,0.0,0.0,0.0,0.0,0.0,0.0,0.0,0.0,0.0,0.0,0.0,0.0,0.0,0.0,0.0,0.0072219547424169,0.0,0.0,0.0,0.0,0.0059758135319606,0.0,0.000311535302614,0.0,0.0,0.0,0.0,0.0,0.0,0.0,0.0,0.00286046050582,0.0048996006683848,0.0,0.0,0.0,0.0,0.0,0.0022940326828853,0.0062590274434279,0.0,0.0,0.0,0.0,0.0,0.0,0.0,0.0172477272083604,0.0,0.0012744626016029,0.0,0.0009912486901356,0.0008496417344019,0.0,0.105270610892407,0.0,0.0,0.0,0.0,0.0008213203432552,0.0,0.0,0.0,0.0019258545979778,0.0,0.0,0.0,0.0,0.0,0.0145855164405675,0.0996911617767281,0.0,0.0,0.0676719048051594,0.0,0.0,0.0014727123396301,0.0,0.0,0.0,0.0,0.0,0.0,0.0,0.0008779631255487,0.0,0.0,0.0,0.0,0.0,0.0,0.0004248208672009,0.0,0.0,0.0996911617767281,0.0,0.0,0.0,0.0,0.0,0.0,0.0,0.0,0.0,Normal
4-1,0.0,0.0,0.0,0.0,0.0,0.0,0.0,0.0,0.0,0.0004508667914064,0.0014202303929304,0.0662323316576117,0.0,0.0,0.0,0.0,0.0,0.0,0.0,0.0205595256881354,0.0,0.0,0.0,0.0018260105051962,0.0,0.008701729074145,0.0,0.0,0.0007439302058206,0.0041705178205099,0.0005410401496877,0.0,2.2543339570323948e-05,0.0,0.0,0.0,0.0,0.0,0.0,0.0,0.0,0.0,0.0018977450323732,0.0,0.0,0.0,0.0,0.0,0.0,0.0,0.0,0.001465317072071,0.0,0.0,0.0,0.0,0.0,0.0,0.0,0.0,0.0,0.0,0.0,0.0,0.0007439302058206,0.0,0.0,0.0,0.0,0.0,0.0,0.0,0.0,0.0,0.0,0.0,0.0093329425821141,0.0198381388218849,0.002231790617462,0.0,0.0,0.0,0.0091976825446921,0.0,0.0,0.0013526003742194,0.0,0.0,0.0,0.0,0.0,0.0,0.0,0.0,0.0,0.0005861268288284,0.0,0.0,0.0,0.0005184968101174,0.0,0.0,0.0001352600374219,0.0,0.0,0.0,0.0041930611600802,0.0004508667914064,0.0,0.0,0.0200410288780179,0.0,0.0,0.0002254333957032,0.0,0.0,0.0,0.0,0.0,0.0,0.0066051984941046,0.0,0.0,0.0,0.0,0.0,0.0,0.0,0.0,0.0,0.0072814986812146,0.0014878604116413,0.0,0.0045537545932054,0.0,0.0004959534705471,0.0,0.0,0.0,0.0,0.0,0.0,0.315200973872269,0.0,0.0041705178205099,0.0016682071282039,0.0,0.0005184968101174,0.0,0.0148786041164137,0.0009468202619535,0.0,0.0,0.0,0.0016231204490633,0.0,0.0004959534705471,0.0001352600374219,0.0,0.0,0.0,0.0,0.0,0.004734101309768,0.0,0.0,0.0011722536576568,0.0,0.0008566469036723,0.0,0.0,0.0,0.0013526003742194,0.0,0.0,0.0,0.0,0.0001578033769922,0.0,0.5425318151373072,0.0028280122051053,0.0,0.0,0.0,0.0,0.0038699114385651,0.0,0.0,0.0,0.0030140656396517,0.0,0.0022698519014661,0.3929076430750911,0.0,0.0,0.0,0.0005410401496877,0.0008566469036723,0.0,0.0,0.0,0.0,0.0,0.0,0.0,0.0,0.0,0.0007213868662503,0.0,0.0,0.0,0.0,0.0,0.1052999391329831,0.0,0.0,0.0006537568475393,0.0452670258572103,0.0,0.0,0.0,0.0,0.0,0.0,0.0,0.0002705200748438,0.0,0.0,0.0,0.0,0.0,0.0,0.0,0.0001803467165625,0.0,0.0,0.0033364142564079,0.0,0.0,0.0,0.0,0.0005861268288284,0.0,0.0060416150048468,0.0,0.0,0.0,0.0,0.0,0.0015104037512117,0.0,0.0,0.001600577109493,0.0054780315155887,0.0,0.0,0.0,0.0,0.0,0.0003832367726955,0.0081381455848869,0.0,0.0,0.0,0.0,0.0,0.0,0.0,0.0074167587186365,0.0,0.0034942176334002,0.0,0.0,0.0,0.0,0.0268040307491151,0.0022768772966027,0.0,0.0,0.0,0.0008341035641019,0.0,0.0,0.0,0.0019387272030477,0.0,0.0,0.0,0.0,0.0,0.0007439302058206,0.0,0.0,0.0,0.0011163206072784,0.0,0.0,0.0,0.0,0.0,0.0,0.0,0.0,0.0,0.0,0.0,0.0,0.0087468157532856,0.0,0.0,0.0,0.0,0.0013075136950787,0.0,0.0,0.0,0.0,0.0,0.0,0.0,0.0,0.0,0.0,0.0,0.0,Normal
4-10,0.0008863473909935,0.0,0.0,0.0,0.0,0.0010578984989278,0.0003716940671908,0.0,0.0,0.0,0.0,0.0,0.0,0.0,0.0,0.0,0.0,0.0002573266619013,0.0,0.0,0.0014867762687634,0.0013724088634739,0.0,0.0023731236597569,0.0,0.0,0.0,0.0,0.0,0.0,0.0,0.0,0.0,0.0,0.0,0.0012580414581844,0.0,0.0005718370264474,0.0,0.0,0.0,0.0,0.0022473890627065,0.0,0.0,0.0,0.0029449606862044,0.0,0.0,0.0,0.0,0.0036883488205861,0.0,0.0003431022158684,0.0,0.0,0.0115511079342387,0.0026304503216583,0.0,0.0,0.0,0.0,0.0,0.0,0.0,0.0002203322610496,0.0,0.0003431022158684,0.0,0.0,0.0,0.0,0.0,0.0,0.0017155110793423,0.0,0.0012580414581844,0.0,0.0,0.0030879199428162,0.0,0.0,0.0,0.0,0.0104646175839884,0.0,0.0,0.0,0.0,0.0,0.0002573266619013,0.0,0.0,0.0002001429592566,0.0,0.0006004288777698,0.0,0.0,0.0,0.0004860614724803,0.0065475339528234,0.0,0.0,0.0,0.0,0.0,0.0003431022158684,0.0561258041458184,0.0,0.0,0.0019156540385989,0.0,0.0,0.0048034310221586,0.000771979985704,0.0,0.0549067994535759,0.0001321993566297,0.0,0.0041172265904217,0.0030021443888491,0.0,0.0,0.0,0.0,0.0018870621872766,0.0890636168691922,0.0,0.0030593280914939,0.0002573266619013,0.0060614724803431,0.0,0.0,0.0025732666190135,0.0007147962830593,0.0,0.0,0.0,0.0,0.0,0.0,0.0,0.0019156540385989,0.0001715511079342,0.0002859185132237,0.0,0.0,0.0,0.0,0.0,0.0,0.0,0.0,0.0,0.0,0.0,0.0,0.0,0.0,0.0,0.0,0.0,0.0,0.0,0.0,0.0033452466047176,0.0,0.0,0.0078055754110078,0.0006576125804145,0.0,0.0,0.0014867762687634,0.0,0.0007147962830593,0.0006290207290922,0.0,0.0,0.0,0.0304499184770632,0.3122989468117921,0.0,0.0011016613052483,0.0040541136033137,0.0,0.0087251575375665,0.0,0.0,0.0031287181069052,0.1956109813598905,0.0,0.0140571982549684,0.0132199356629797,0.0223416912704357,0.0589168466046795,0.0,0.0,0.0036311651179413,0.0006290207290922,0.0,0.0,0.0,0.0003716940671908,0.0,0.0,0.0082344531808434,0.0,0.0012866333095067,0.0014867762687634,0.0,0.0003145103645461,0.0,0.0,0.0013438170121513,0.0001143674052894,0.0114367405289491,0.0,0.0,0.0,0.00168691922802,0.0,0.0005146533238027,0.0,0.0007147962830593,0.0,0.0,0.0,0.0002001429592566,0.0,0.0029735525375267,0.0,0.0,0.0004574696211579,0.0010864903502501,0.0018012866333095,0.0,0.0186132952108648,0.0,0.0018584703359541,0.0,0.0,0.0,0.0,0.0,0.0,0.0,0.0,0.0,0.0,0.0,0.0,0.0,0.0,0.0,0.0,0.0031736954967834,0.0,0.0,0.0,0.0,0.0,0.0,0.0038598999285203,0.0052609006433166,0.0,0.0,0.0016011436740528,0.0,0.0,0.0,0.0,0.0,0.0,0.0,0.0,0.0006862044317369,0.0,0.2552966404574694,0.0,0.0060900643316654,0.0004002859185132,0.0,0.0,0.0010578984989278,0.0003716940671908,0.0,0.0,0.0,0.0,0.0002287348105789,0.0,0.0,0.0038884917798427,0.0,0.0010575948530383,0.0,0.0,0.0,0.0,0.0,0.0112080057183702,0.0,0.0,0.0081963601110474,0.0,0.0,8.813290441986516e-05,0.0,0.0,0.0,0.0,0.0040541136033137,0.0,0.0,0.0052037169406719,0.0,0.0,0.0,0.0,0.0002643987132595,0.0,0.0,0.0,0.0,0.0,Normal
4-11,0.0243524386883438,0.0038233673188206,0.0,0.0017222375310002,0.0,0.0,0.0023766877927803,0.0,0.0,0.0,0.0,0.0,0.0,0.0,0.0,0.0,0.0,0.0,0.0,0.0,0.0006888950124001,0.0009644530173601,0.0016189032791402,0.0,0.0089211904105814,0.0,0.0,0.0,0.0,0.0,0.0,0.0,0.0,0.0,0.0006378660481298,0.0,0.0,0.0,0.0,0.0,0.0,0.0,0.0,0.0024800220446403,0.0,0.0,0.0047878203361807,0.0,0.0,0.0,0.0025489115458804,0.0,0.0,0.0,0.0,0.0,0.0057522733535409,0.0367525489115458,0.0,0.0,0.0,0.0,0.006510057867181,0.0010333425186001,0.0,0.0,0.0,0.0070267291264811,0.0027900248002204,0.0,0.0011022320198401,0.0,0.0072678423808211,0.0,0.0008611187655001,0.0,0.0,0.0,0.0,0.0,0.0,0.0,0.0,0.0,0.0113667677046017,0.0,0.00024111325434,0.0,0.0,0.0,0.0,0.0,0.0,0.0,0.0,0.0,0.0,0.0,0.0,0.0047189308349407,0.0106778726922015,0.0038271962887793,0.018944612841003,0.0,0.00027555800496,0.00055111600992,0.0,0.0005166712593,0.0010333425186001,0.0,0.0,0.0265224579774042,0.006613392119041,0.1053664921465968,0.0016877927803802,0.0,0.0327631197448535,0.0109017106407654,0.0,0.0009644530173601,0.0008955635161201,0.0068889501240011,0.00044778175806,0.0,0.0,0.0,0.0,0.0,0.0,0.0069922843758611,0.0,0.0,0.0018255717828602,0.0,0.0,0.0,0.0,0.0,0.0,0.0,0.0,0.0093689721686415,0.0011022320198401,0.0,0.0,0.0,0.0023766877927803,0.0,0.0,0.0,0.0,0.0,0.0054078258473408,0.0012400110223201,0.0,0.0,0.00041333700744,0.0,0.0,0.0,0.0,0.0,0.00027555800496,0.0,0.0,0.0,0.0,0.0,0.0062344998622209,0.00013777900248,0.0007922292642601,0.0,0.0,0.0,0.0,0.0,0.0,0.0827707357398732,0.0,0.0097999420121774,0.218788054508553,0.0502174543345897,0.0,0.1423601043780806,0.0,0.0066106117715278,0.0,0.0,0.0044650623369092,0.2345607422441284,0.0,0.01037982023775,0.0,0.0022615250797332,0.1455494346187298,0.0159823642876825,0.0,0.0027555800496004,0.0007577845136401,0.0,0.0,0.00020666850372,0.00048222650868,0.0,0.0,0.0,0.0,0.0,0.00055111600992,0.0,0.0,0.0,0.0,0.0,0.0003444475062,0.0012744557729402,0.0,0.0,0.0,0.0023422430421603,0.0,0.0,0.0,0.0045122623312206,0.0,0.0025144667952604,0.0023766877927803,0.0006544502617801,0.0,0.013674565996142,0.00062000551116,0.0022044640396803,0.0023077982915403,0.0006888950124001,0.0019977955359603,0.0,0.0842518600165334,0.0,0.0236635436759437,0.0009988977679801,0.0,0.0,0.0,0.0,0.0,0.0,0.0,0.0,0.0,0.0,0.0036855883163405,0.0,0.0,0.0016189032791402,0.0,0.0118489942132818,0.0,0.0013089005235602,0.0016189032791402,0.0,0.0,0.0,0.0,0.00037889225682,0.0,0.0,0.0,0.0009988977679801,0.0,0.00048222650868,0.0,0.0034444750620005,0.0,0.0,0.0,0.0,0.0,0.0046155965830807,0.0,0.0102300909341416,0.0003444475062,0.0,0.0,0.0,0.0,0.0,0.006303389363461,0.0,0.0,0.0013433452741802,0.0,0.0,0.0,0.0,0.0,0.0,0.0,0.0,0.0028993911278631,0.0,0.0139156792504822,0.0,0.0,0.0,0.0,0.0,0.0,0.0,0.0,0.00027555800496,0.0,0.0,0.0,0.0,0.0091278589143014,0.0,0.0,0.0,0.0,0.0,0.0,0.0,0.0,0.0,0.0,Normal
4-12,0.0,0.0,0.004977568195959,0.0,0.0,0.0,0.0,0.0,0.0,0.0003274715918394,0.0008186789795985,0.0,0.0,0.0,0.0,0.0,0.0,0.0,0.0,0.0,0.0,0.0,0.0,0.0,0.0,0.0,0.0,0.0,0.0,0.0411304319350296,0.0055342699020859,0.0,0.0010479090938861,0.0,0.0,0.0,0.0001964829551036,0.0,0.0,0.0,0.0114942528735632,0.0,0.0,0.0,0.0,0.0,0.0,0.0233320225455498,0.0,0.0,0.0,0.0,0.0,0.0,0.0,0.0,0.0,0.0,0.0,0.0,0.0054032812653502,0.0,0.0,0.0,0.0,0.0,0.0,0.0,0.0,0.0024887840979795,0.0,0.0,0.0,0.0,0.0,0.0,0.0,0.0399187870452234,0.001604610800013,0.0,0.0,0.0,0.0013753806857255,0.0,0.0,0.0046500966041195,0.0,0.0,0.0,0.0022923011428758,0.0,0.0,0.0,0.0,0.0,0.011592494351115,0.0,0.0,0.0,0.0,0.0040279005796246,0.0,0.0,0.0,0.0,0.0,0.0075318466123062,0.00108065625307,0.0,0.0,0.0002619772734715,0.0,0.0,0.0004257130693912,0.0,0.0,0.0035828199414514,0.0,0.0465329663127538,0.0,0.0349739660084483,0.0,0.0,0.0,0.0002619772734715,0.0,0.0,0.0,0.0076628352490421,0.0,0.0102171136653895,0.0004912073877591,0.0,0.0,0.0,0.0022595539836919,0.0,0.0,0.0,0.0,0.0003929659102072,0.0,0.3723351999214059,0.0,0.0042243835347283,0.0057307528571896,0.0,0.0010151619347021,0.0,0.0080885483184333,0.0018010937551166,0.0,0.0,0.0,0.0,0.0,0.0029472443265546,0.00108065625307,0.0,0.0,0.0,0.0,0.0,0.0005894488653109,0.0,0.0,0.0,0.0,0.0,0.0,0.0,0.0,0.0052067983102465,0.0,0.0,0.0,0.0018338409143006,0.0,0.0,0.1083584567658494,0.0025778826408004,0.0,0.0005680080394984,0.0014855594879189,0.0,0.0,0.0,8.738585223052388e-05,0.0,0.4450561454100578,0.0,0.0,0.0364399003801284,0.0,0.1363219294796171,0.0,0.0,0.0,0.0,0.0,0.0,0.0,0.0,0.0028817500081867,0.0,0.0,0.0,0.0,0.0,0.0,0.0,0.0,0.0013426335265415,0.0028490028490028,0.0,0.0,0.003307463077578,0.0002947244326554,0.026696377856425,0.0,0.0,0.0,0.0,0.0,0.0,0.0003274715918394,0.0,0.0,0.0,0.0,0.0,0.0,0.0,0.0953597275436355,0.0,0.0,0.0044863608081998,0.0,0.0,0.0,0.0,0.0177162131185119,0.0,0.0,0.0,0.0,0.0,0.0,0.0,0.0,0.0,0.0,0.0040606477388086,0.0068769034286274,0.0,0.0,0.0,0.0,0.0,0.0,0.0,0.0,0.0,0.0,0.0,0.0,0.0,0.0,0.0015063693224612,0.0,0.0,0.0,0.0014081278449094,0.0055342699020859,0.0,0.0042571306939123,0.0262304745063364,0.0,0.0,0.0,0.0006221960244948,0.0,0.0,0.0,0.0,0.0,0.0,0.0,0.0,0.0,0.0043226250122801,0.0,0.0,0.0,0.0,0.0,0.0,0.0,0.0,0.0,0.0,0.0,0.0,0.0,0.0,0.0022923011428758,0.0,0.0009824147755182,0.0,0.0,0.0,0.0,0.0,0.0,0.0,0.0,0.0,0.0,0.0,0.0,0.0,0.0,0.0,0.0,0.0,Normal
4-13,0.0055243874513395,0.0,0.0,0.0044939317609342,0.0041790702999771,0.0,0.0,0.0,0.0,0.0019750400732768,0.0,0.0,0.0013453171513624,0.0,0.0,0.0,0.0,0.0013166933821845,0.0006010991527364,0.0,0.0,0.0014025646897183,0.0,0.0,0.0,0.0091596061369361,0.0,0.0,0.0,0.0467426150675521,0.004207694069155,0.0,0.0,0.0,0.0,0.0,0.0,0.0,0.0014598122280741,0.0037783375314861,0.0,0.0,0.0,0.0,0.0,0.0,0.0,0.0,0.0,0.0,0.0103045569040531,0.0,0.0,0.0,0.000372108999313,0.0,0.0,0.0002289901534234,0.0,0.0,0.0,0.0,0.0,0.0,0.0,0.0,0.0,0.0,0.0,0.0,0.0,0.0,0.0,0.0,0.0,0.0,0.0,0.0036352186855965,0.0073849324479047,0.0014884359972521,0.0,0.0,0.0,0.0,0.0,0.000744217998626,0.0021181589191664,0.0,0.0,0.0009159606136936,0.0,0.0049232882986031,0.0,0.0,0.0,0.0002003663842454,0.0,0.0002289901534234,0.0,0.0244160751087703,0.0119074879780169,0.0099969933854479,0.0,0.0,0.0,0.0,0.0007728417678039,0.0065834669109228,0.0,0.0,0.0049805358369589,0.0,0.0,0.0159720632012823,0.0,0.0,0.0724594107035477,0.0,0.0,0.0004007327684909,0.0251030455690403,0.0,0.0003148614609571,0.0,0.0,0.0,0.0,0.0,0.0008873368445156,0.0,0.0022612777650561,0.0,0.0,0.0,0.0,0.000744217998626,0.0,0.0,0.0,0.0,0.0010877032287611,0.0,0.0426494160751087,0.0,0.0,0.0018319212273872,0.0,0.0,0.0,0.0,0.0,0.0,0.0,0.0,0.0,0.0006010991527364,0.0034634760705289,0.0,0.0,0.0144836272040302,0.0,0.0,0.0,0.0,0.000372108999313,0.0,0.0,0.0,0.0,0.0004293565376688,0.0,0.000372108999313,0.0002862376917792,0.0012308220746507,0.0007155942294481,0.0165445385848408,0.0001717426150675,0.0665502633386763,0.0,0.087793144918821,0.0015033072760072,0.0405141310883944,0.0,0.0072910402886349,0.0,0.0,0.0030817799158147,0.0,0.0,0.0154840649428743,0.0039085989176187,0.0,0.0,0.0,0.2857035478051711,0.0,0.0,0.000744217998626,0.0,0.0,0.0,0.0,0.0,0.0012880696130066,0.0,0.0,0.0,0.0090164872910464,0.0044366842225784,0.0,0.0,0.0,0.0,0.0006010991527364,0.0,0.0,0.0008587130753376,0.0061827341424317,0.0,0.0005438516143805,0.0,0.0,0.0,0.0117357453629493,0.0,0.2301064804213416,0.0,0.0005724753835585,0.0003006614552014,0.0,0.0,0.0,0.0,0.0148557362033432,0.0,0.0,0.0339764140141973,0.0,0.0,0.0,0.0,0.0205804900389282,0.0,0.0,0.0,0.0,0.0,0.0,0.0,0.0,0.0,0.0,0.0067552095259902,0.0074994275246164,0.0016888023814975,0.0,0.0,0.0,0.0,0.0,0.0,0.0,0.0,0.0,0.0,0.0,0.0,0.0386707121593771,0.0,0.0,0.0005438516143805,0.0004007327684909,0.0,0.0,0.0,0.0,0.0,0.0304556904053125,0.0033203572246393,0.0083008930615983,0.0020036638424547,0.004579803068468,0.0100721587492483,0.0,0.0,0.0,0.0,0.0,0.0015743073047858,0.0,0.006869704602702,0.0,0.0022612777650561,0.0,0.0,0.0,0.0,0.0034062285321731,0.0,0.0,0.0,0.0,0.0,0.0,0.0,0.0027765056102587,0.0,0.0004293565376688,0.0,0.0,0.0002862376917792,0.0,0.0,0.0,0.0004293565376688,0.0,0.0,0.0,0.0,0.0,0.0,0.0009159606136936,0.0,0.0,0.0,Normal
4-14,0.0,0.0,0.0,0.0003425537381176,0.0,0.0,0.0,0.0,0.0,0.0041677371470982,0.0,0.0,0.0,0.0,0.0,0.0,0.0,0.0,0.0,0.0,0.0,0.0,0.0,0.0,0.0,0.0127601267448831,0.0,0.0,0.0021695070080785,0.0085923895977848,0.0021124147183922,0.0,0.0009991150695098,0.0,0.0005028916268544,0.0,0.0,0.0,0.0,0.0,0.0065085210242356,0.0,0.0,0.0,0.0,0.0,0.0,0.0002514458134272,0.0,0.0,0.0,0.0060517827067454,0.0,0.0,0.0,0.0,0.0,0.0,0.0,0.0,0.0,0.0,0.0,0.0,0.0,0.0,0.0,0.0,0.0,0.0,0.0,0.0,0.0,0.0,0.0,0.0,0.0049670292027061,0.0079072821215493,0.0057948674031571,0.0,0.0,0.0,0.0002569153035882,0.0,0.0,0.0027689760497844,0.0,0.0,0.0,0.0005423767520196,0.0,0.0,0.0,0.0,0.0,0.0,0.0,0.0,0.0,0.0,0.0,0.0,0.0,0.0,0.0,0.0,0.0232080157574718,0.0,0.0,0.0,0.0007992920556078,0.0,0.0,0.0005709228968627,0.0,0.0,0.0022630123208448,0.0,0.0362081971335177,0.0,0.0025691530358825,0.0,0.0,0.0,0.0003425537381176,0.0,0.0,0.0,0.0037395449744512,0.0,0.0283463218292367,0.0070794439210984,0.0,0.0423910250920613,0.0,0.0,0.0,0.0,0.0,0.0,0.0004567383174902,0.0,0.1018240986554765,0.0,0.0068225286175102,0.0401358796494533,0.0,0.0,0.0011703919385686,0.0,0.0023122377322942,0.0,0.0,0.0,0.0,0.0,0.0,0.000628015186549,0.0,0.0,0.0,0.0,0.0,0.0017984071251177,0.0,0.0,0.006165967286118,0.0,0.0039393679883531,0.0,0.0,0.0002569153035882,0.0247209614341583,0.0,0.0,0.0,0.0,0.0,0.0,0.7316235018020281,0.0,0.0,0.0,0.0,0.0,0.0058670689799681,0.0,0.0,0.0,0.0188584360070404,0.0,0.0,0.0,0.0,0.0079624507585281,0.0,0.0,0.0,0.0,0.0,0.0,0.0,0.0,0.0027118837600981,0.0,0.0,0.0,0.0,0.0041677371470982,0.0,0.0,0.0,0.0,0.0921469555536522,0.0,0.0,0.008649481887471,0.0083069281493533,0.0,0.0032542605121178,0.0,0.0,0.0,0.0,0.0,0.0001998230139019,0.0,0.0,0.0,0.0,0.0,0.0,0.0,0.0004852844623333,0.0,0.0,0.0279752219462761,0.0,0.0,0.0,0.0,0.0005423767520196,0.0,0.0,0.0,0.0,0.0,0.0,0.0,0.0221518083982758,0.0,0.0,0.0188404555964716,0.0068510747623533,0.0,0.0,0.0016271302560589,0.0,0.0,0.0015985841112157,0.0036539065399217,0.0,0.0,0.0,0.0,0.0,0.0,0.0,0.0226656390054522,0.0,0.0,0.0,0.0007992920556078,0.0015700379663726,0.0,0.0601181810396505,0.0,0.0,0.0,0.0,0.0006565613313921,0.0,0.0,0.0,0.0007136536210784,0.0,0.0,0.0,0.0,0.0,0.0027689760497844,0.0,0.0,0.0,0.0,0.0,0.0,0.0,0.0,0.0,0.0,0.0,0.000428192172647,0.0,0.0,0.0039393679883531,0.0,0.0020267762838628,0.0,0.0,0.0,0.0,0.0007992920556078,0.0,0.0,0.0,0.0,0.0,0.0,0.0,0.0,0.0,0.0,0.0,0.0,Normal
4-15,0.0179557092505153,0.0004987697014032,0.0,0.0056527232825696,0.0,0.0007647802088182,0.0004322670745494,0.010274655848906,0.0016958169847708,0.000831282835672,0.0,0.0,0.0038571523575181,0.0,0.0,0.0005985236416838,0.0,0.0471171111258894,0.0,0.0,0.0,0.0012302985967945,0.0,0.0,0.0008977854625257,0.0,0.0,0.0005985236416838,0.0,0.0052204562080202,0.0033583826561149,0.0,0.0,0.0,0.0,0.0006317749551107,0.0,0.0,0.0,0.0,0.0,0.0003325131342688,0.0,0.0,0.0076478020881824,0.0,0.0,0.0002947678703021,0.0,0.0058522311631309,0.0015960630444902,0.0,0.0054864667154352,0.0012635499102214,0.0007647802088182,0.0,0.0086453414909888,0.0037573984172374,0.0010307907162332,0.0012968012236483,0.0,0.0,0.0010640420296601,0.0005652723282569,0.0,0.0,0.0,0.0,0.0023608432533085,0.0,0.0,0.0017623196116246,0.0005985236416838,0.0,0.0022610893130278,0.0024273458801622,0.0,0.0,0.0,0.0018288222384784,0.0,0.0,0.0,0.0,0.0032918800292611,0.0,0.0005652723282569,0.0011637959699408,0.0,0.0022943406264547,0.0,0.0,0.0012635499102214,0.0002992618208419,0.0071157810733523,0.0010640420296601,0.0,0.0022278379996009,0.0,0.0296601715767772,0.0098423887743563,0.0,0.0274655848906031,0.0,0.0019618274921859,0.0001995078805612,0.0,0.0,0.0,0.0,0.0042229168052138,0.0,0.001928576178759,0.0688302187936423,0.0321540200837932,0.0002327591939881,0.1406779661016948,0.0,0.0,0.0,0.024905233756733,0.0,0.0,0.0,0.0,0.0,0.0,0.0,0.0,0.0,0.0458868125290947,0.0,0.0053534614617277,0.0,0.0,0.0,0.0,0.0003990157611225,0.0004322670745494,0.0003990157611225,0.0022278379996009,0.0,0.0047881891334706,0.0,0.0,0.0,0.0,0.0,0.0,0.0,0.0,0.0,0.0,0.0,0.0,0.0016958169847708,0.0037573984172374,0.0,0.0,0.0,0.0,0.0,0.0,0.0,0.0005985236416838,0.0009642880893795,0.0,0.0,0.0,0.0004322670745494,0.0,0.0,0.0,0.0014630577907827,0.0007647802088182,0.0001330052537075,0.0,0.0004655183879763,0.0,0.0127487103905673,0.1272660280029476,0.0,0.0005895357406042,0.0007369196757553,0.0,0.0165070007369196,0.0,0.0,0.0,0.5304347826086955,0.0,0.0,0.0,0.005526897568165,0.1565217391304346,0.0,0.0,0.0007315288953913,0.0007315288953913,0.0007315288953913,0.00053202101483,0.0,0.0,0.0,0.0,0.0,0.0034913879098224,0.0,0.0,0.0,0.0,0.001363303850502,0.0,0.0,0.0023275919398816,0.0023275919398815,0.0,0.004721686506617,0.0,0.0,0.0018620735519053,0.000266010507415,0.0,0.0014963091042096,0.0003990157611225,0.0009310367759526,0.0,0.049976724080601,0.0,0.0014630577907827,0.0006650262685376,0.0,0.0022610893130278,0.0708252975992551,0.0004655183879763,0.0,0.0094101216998071,0.0,0.007182283700206,0.0361441776950188,0.0295936689499234,0.0009975394028064,0.0,0.0,0.0,0.0,0.0022610893130278,0.0,0.0018620735519053,0.0,0.0015628117310633,0.0,0.0,0.0095431269535145,0.0028596129547117,0.0160936356986099,0.0,0.0008645341490988,0.0004322670745494,0.0,0.0,0.0,0.0059852364168383,0.001363303850502,0.0,0.0025270998204429,0.0026933563875773,0.0351466382922125,0.0,0.0,0.0,0.0006650262685376,0.0,0.0,0.0023940945667353,0.0,0.0,0.0,0.0,0.002194586686174,0.0012302985967945,0.0,0.0,0.0,0.0258030192192591,0.0062844982376803,0.0,0.0,0.0,0.0,0.0,0.0,0.0024605971935891,0.0023275919398816,0.0,0.0,0.0,0.0026601050741504,0.0,0.0007647802088182,0.0018953248653321,0.0010640420296601,0.0,0.0,0.0017955709250515,0.0,0.0,0.0,0.0109729334308705,0.0,0.0,0.0,0.0,0.0,0.0006982775819644,0.0,0.0,0.0,0.0,0.0,0.0,0.0018620735519053,0.0,0.0,0.0011305446565139,Normal
4-16,0.0,0.0,0.0,0.0036038961038961,0.0,0.0,0.0,0.0,0.000551948051948,0.0,0.0,0.0,0.0,0.0,0.0,0.0,0.0,0.0,0.0,0.0,0.0,0.0113636363636363,0.0,0.0,0.0,0.0,0.0,0.0068506493506493,0.0,0.0,0.0,0.0,0.0,0.0,0.0,0.0007792207792207,0.0,0.0,0.0,0.0,0.0,0.0,0.0,0.0,0.0,0.0,0.0,0.0,0.0,0.0,0.0014935064935064,0.0,0.0,0.0,0.0,0.0,0.0,0.0036688311688311,0.0,0.0,0.0,0.0,0.0,0.0010714285714285,0.0011688311688311,0.0,0.0,0.0031168831168831,0.0,0.0,0.0,0.0,0.0043506493506493,0.0,0.0,0.0014610389610389,0.0,0.0,0.0,0.0221428571428571,0.0,0.0,0.0,0.0372077922077922,0.0080844155844153,0.0,0.0003571428571428,0.0019155844155844,0.0,0.0,0.0035714285714285,0.0,0.0,0.0,0.0,0.0,0.0018506493506493,0.0016883116883116,0.0,0.0143506493506493,0.0010714285714285,0.0,0.0001948051948051,0.0,0.0322727272727272,0.0,0.0,0.0,0.0012662337662337,0.0,0.0,0.0,0.0,0.0360064935064935,0.0,0.0,0.0933817402690155,0.0,0.0,0.0,0.0011363636363636,0.0002922077922077,0.0030844155844155,0.0,0.0,0.0024025974025974,0.0,0.0,0.0025,0.0,0.0,0.0,0.0016883116883116,0.0,0.0,0.0,0.0,0.0026298701298701,0.0,0.0,0.0,0.0003896103896103,0.0012987012987012,0.0,0.0,0.0,0.0,0.0,0.0,0.0,0.0,0.0,0.0,0.0,0.0,0.0,0.0,0.0,0.0,0.1388961038961039,0.0,0.0,0.0064610389610389,0.0,0.0019155844155844,0.0,0.0,0.0,0.0013636363636363,0.0146428571428571,0.0,0.0,0.0,0.0,0.0059415584415584,0.0,0.0,0.0,0.0,0.003332936555172,0.2840733246042138,0.0,0.0,0.0025592191405785,0.0023211522437805,0.0,0.0,0.0,0.0,0.3259730984406617,0.0,0.0,0.0,0.0,0.2054517319366741,0.0,0.0,0.003051948051948,0.0,0.0,0.0004545454545454,0.0,0.0174999999999999,0.0,0.0002597402597402,0.0017857142857142,0.0,0.0010714285714285,0.0,0.0,0.0318506493506492,0.0,0.0,0.0,0.0,0.0,0.0,0.0,0.0,0.0,0.0067857142857142,0.0,0.0009415584415584,0.0,0.0,0.0038311688311688,0.0,0.0,0.0,0.0,0.0,3.246753246753247e-05,0.0,0.0008441558441558,0.0,0.058051948051948,0.0013961038961038,0.0,0.0014935064935063,0.0066883116883116,0.0,0.0,0.0,0.0,0.0,0.0038636363636363,0.0,0.0,0.0,0.0,0.0,0.0056168831168831,0.0,0.0017207792207792,0.0,0.0,0.0,0.0,0.0,0.0,0.0,0.0,0.0,0.0,0.0,0.0,0.0,0.0,0.0,0.0024675324675324,0.0,0.0036688311688311,0.0,0.0,0.0,0.0,0.0,0.0499025974025974,0.0,0.005064935064935,0.0,0.0,0.0,0.0030844155844155,0.0128571428571428,0.0,0.0,0.0,0.0,0.0009740259740259,0.0,0.0,0.0031168831168831,0.0038961038961038,0.0,0.0,0.0,0.0,0.0,0.0,0.0,0.0051948051948051,0.0,0.0,0.0,0.0,0.0,0.0,0.0,0.0018506493506493,0.0,0.0,0.0,0.0,0.0,0.0005356505177955,0.0,0.0,0.0,0.0,0.0,0.0,0.0,0.003538961038961,0.0037662337662337,Normal
4-17,0.0,0.0,0.0,0.0,0.0018084790987251,0.0007115327601541,0.0,0.0,0.0,0.0006522383634746,0.0,0.0,0.0,0.0,0.0,0.0,0.0,0.0184405573673287,0.0,0.0,0.0,0.0,0.0,0.0,0.0,0.0,0.0,0.0005632967684553,0.0,0.0011858879335902,0.0,0.0,0.0,0.0,0.0,0.0,0.002312481470501,0.0,0.0,0.0018677734954046,0.0,0.0002668247850578,0.0,0.0,0.0023421286688407,0.0,0.0,0.0036970423661071,0.0,0.0182330269789504,0.0,0.0,0.0,0.0005929439667951,0.0002668247850578,0.0003663735678124,0.0031426030240142,0.000237177586718,0.0,0.0,0.0023717758671805,0.0,0.0,0.0,0.0,0.0,0.0,0.0,0.0,0.0,0.0,0.0,0.0,0.000237177586718,0.0,0.0,0.0,0.0007115327601541,0.0015713015120071,0.0039430773791876,0.0006225911651348,0.0006522383634746,0.0029647198339756,0.0,0.0,0.0,0.0006225911651348,0.0,0.0,0.0036169581974503,0.0008894159501927,0.0,0.0,0.0,0.0,0.0239252890601838,0.0009190631485324,0.0005929439667951,0.0080047435517343,0.0035576638007708,0.0022531870738215,0.0029642952304822,0.0015416543136673,0.0,0.000237177586718,0.0,0.006937444411503,0.0,0.0,0.0,0.0004447079750963,0.0,0.0,0.0004743551734361,0.1836940409131337,0.0016305959086866,0.1147082334132693,0.0,0.0,0.0003261191817373,0.0265935369107615,0.0,0.0009487103468722,0.0054254372961755,0.0,0.0,0.0,0.0,0.0008301215535131,0.0,0.0030240142306552,0.0,0.0125704120960568,0.0,0.0,0.0006818855618144,0.0,0.0,0.0010376519418914,0.0007708271568336,0.0002075303883782,0.0,0.1496590572190924,0.0025793062555588,0.0,0.0025793062555588,0.0,0.0,0.0,0.0,0.0007708271568336,0.0,0.0,0.0,0.0,0.0006225911651348,0.0025793062555588,0.0047731989327008,0.0,0.0,0.0,0.0,0.0,0.0,0.002549659057219,0.0012451823302697,0.0,0.0,0.0,0.00243107026386,0.0,0.0008597687518529,0.0017195375037058,0.0006818855618144,0.0018084790987251,0.0,0.0030240142306552,0.0,0.0016986410871302,0.0312083666400209,0.004396482813749,0.0,0.0002997601918465,0.0015321076472155,0.0,0.0,0.0,0.0,0.0,0.3460231814548358,0.0,0.0017319477751132,0.0097921662669864,0.0076605382360778,0.2577271516120435,0.0,0.000237177586718,0.0,0.0,0.0013637711236288,0.0,0.0,0.0035873109991103,0.0,0.0,0.0007115327601541,0.0,0.0003261191817373,0.0,0.0,0.0009783575452119,0.0,0.0019270678920841,0.0,0.0,0.0014823599169878,0.0005632967684553,0.0459531574266231,0.0029976019184652,0.0,0.000355766380077,0.0,0.0,0.0,0.0,0.0,0.0,0.0006522383634746,0.0004996003197442,0.0,0.0,0.0,0.0016602431070263,0.0268010672991402,0.0,0.0,0.0,0.0,0.0,0.0002668247850578,0.0010672991402312,0.010850874592351,0.0,0.0,0.0002075303883782,0.0,0.0,0.0,0.0,0.0,0.0,0.0,0.0025200118588792,0.0056033204862138,0.0,0.0,0.0,0.0,0.0,0.0,0.0,0.0,0.0082715683367921,0.0,0.0,0.0,0.0,0.0017491847020455,0.0,0.0004447079750963,0.0,0.002312481470501,0.0,0.0,0.0,0.0044767269493032,0.0009487103468722,0.0,0.0018381262970649,0.0,0.0029350726356359,0.0,0.0,0.0,0.0017788319003854,0.0035873109991105,0.0,0.0020753038837829,0.0017195375037058,0.0,0.0,0.0,0.0107915801956715,0.0,0.0,0.0,0.0,0.0,0.0,0.0,0.0005336495701156,0.0,0.0,0.0,0.0016602431070263,0.0,0.0,0.0005336495701156,0.0004150607767565,0.0,0.0,0.0,0.0,0.0,0.0010672991402312,0.0,0.0,0.0,0.0006225911651348,0.0,0.0,0.0031722502223539,0.0,0.0,0.0,Normal
4-18,0.0,0.0,0.0,0.0,0.0,0.0,0.0,0.0,0.0,0.0,0.0,0.0,0.0,0.0,0.0,0.0,0.0,0.006660811008637,0.0,0.0,0.0,0.0,0.0,0.0,0.0,0.0,0.0,0.0035499926804274,0.0,0.0,0.0,0.0,0.0,0.0,0.0,0.0,0.002012882447665,0.0,0.0,0.0,0.0,0.0,0.0,0.0,0.0047943200117113,0.0,0.0,0.0,0.0042819499341238,0.0216659347094129,0.0,0.0,0.0,0.0005123700775874,0.0,0.0,0.0087102913189869,0.0,0.0,0.0,0.0027448397013614,0.0,0.0,0.0,0.0009515444298052,0.0,0.0,0.0,0.0,0.0,0.0,0.0013541209193383,0.0001463914507392,0.0,0.0,0.0,0.0,0.0,0.0,0.0086004977309325,0.0019762845849802,0.0,0.0,0.0,0.0,0.0,0.0,0.0022324696237739,0.0,0.0010613380178597,0.0024886546625677,0.0,0.0,0.0,0.0,0.0,0.0008417508417508,0.0004391743522178,0.0092226613965744,0.0,0.0020494803103498,0.0083976395823875,0.0012809251939686,0.0002927829014785,0.0045747328356023,0.0,0.0,0.0,0.0,0.0010979358805445,0.0003659786268481,0.0,0.0,0.0,0.0,0.0,0.0792555605991828,0.0,0.0,0.0004757722149026,0.0108329673547062,0.0,0.0047211242863416,0.0,0.0,0.0014273166447079,0.0,0.0005489679402722,0.0,0.0,0.0160298638559507,0.0,0.0153711023276239,0.0,0.0,0.0,0.0,0.0012809251939686,0.0008783487044356,0.0,0.0004391743522178,0.0,0.0081247255160296,0.0,0.0,0.0015737080954472,0.0,0.0,0.0,0.0,0.0,0.0,0.0,0.0,0.0,0.0,0.0,0.0,0.0063680281071585,0.0,0.0,0.0039159713072756,0.0,0.0,0.0060020494803103,0.0034036012296881,0.0,0.0,0.0,0.0102474015517493,0.0,0.0,0.0,0.0031108183282096,0.0024886546625677,0.0,0.0,0.0006953593910115,0.0,0.0902405810258736,0.010848842487517,0.0,0.0,0.0,0.0,0.0098502042669086,0.0,0.0,0.0,0.4382660009078528,0.0,0.0047662278710848,0.0,0.0225147526100771,0.1772128915115745,0.0,0.0,0.0010613380178597,0.000805152979066,0.0,0.0,0.0,0.0009149465671204,0.0,0.0,0.0,0.0,0.0,0.0,0.0,0.0267530376226027,0.0,0.0025618503879373,0.0,0.0081613233787146,0.0,0.0,0.0,0.0,0.0,0.0091494656712048,0.0,0.0006587615283267,0.0,0.0,0.0006953593910115,0.0,0.0264968525838091,0.0051293690422151,0.0,0.0,0.0,0.0063680281071585,0.0008783487044356,0.0,0.0063314302444737,0.0,0.0,0.0017932952715561,0.0060020494803103,0.0,0.0017200995461865,0.0,0.0,0.0,0.0007319572536963,0.0,0.0,0.0019762845849802,0.0,0.0,0.0,0.0,0.0,0.0,0.0,0.0,0.0024520567998828,0.0,0.0,0.0,0.0,0.0083443126921387,0.0,0.0049773093251354,0.0,0.0,0.0090030742204655,0.0,0.0013541209193383,0.0,0.0039891670326452,0.0,0.0,0.0017200995461865,0.0,0.0,0.0,0.0,0.0050139071878202,0.0,0.0013175230566534,0.0,0.0031840140535792,0.0008783487044356,0.0,0.0,0.0024520567998828,0.0,0.0,0.0,0.0,0.0171643975991802,0.0077221490264968,0.0,0.0,0.0,0.0,0.0,0.0,0.0,0.0025618503879373,0.0,0.007989105764866,0.0028912311521007,0.0,0.0,0.0,0.0,0.0,0.0,0.0,0.0,0.0,0.0,0.0,0.0,0.0,0.0010613380178597,0.0,0.0021958717610891,0.0,0.0,0.0,0.0006587615283267,Normal
4-2,0.0043724201192478,0.0,0.0,0.0035162819140804,0.0004892218315242,0.0,0.0,0.0097844366304846,0.0,0.0011313254853997,0.0,0.0,0.0,0.0,0.0,0.0038526219232533,0.0,0.0383121846812414,0.0013759364011619,0.0,0.0,0.0009172909341079,0.0,0.0,0.0,0.0,0.0,0.0,0.0,0.0067268001834581,0.0,0.0,0.0,0.0,0.0,0.0,0.0,0.0,0.0,0.0,0.0,0.0,0.0,0.0,0.0,0.0,0.0,0.0,0.0,0.0,0.0099678948173062,0.0,0.0,0.0002751872802323,0.0009478672985781,0.0,0.0,0.0,0.0005197981959944,0.0,0.0,0.0,0.0,0.0,0.0,0.0,0.0,0.0,0.0,0.0,0.0,0.0,0.0,0.0009784436630484,0.0,0.0,0.0,0.0010701727564592,0.0018957345971563,0.0003057636447026,0.0,0.0,0.0,0.0,0.0041889619324262,0.0,0.0020791927839779,0.0,0.0,0.0003974927381134,0.0,0.010640574835652,0.0,0.0,0.0,0.0023543800642103,0.0,0.0,0.0,0.0294756153493349,0.0167252713652346,0.0016318877816742,0.0257147225194924,0.0,0.0,0.0002751872802323,0.0,0.0,0.0,0.0,0.0014065127656321,0.0,0.0,0.0399938847271059,0.0260510625286653,0.0,0.0822540883997083,0.0,0.0,0.0,0.0673903072924625,0.0,0.0,0.0,0.0009172909341079,0.0,0.0,0.0,0.0006421036538755,0.0,0.0020180400550374,0.0,0.0,0.0,0.0,0.0,0.0,0.0,0.0,0.0004892218315242,0.0006421036538755,0.0,0.0196300259899094,0.0,0.0,0.0010395963919889,0.0,0.0,0.0,0.0005197981959944,0.0,0.0,0.0010701727564592,0.000703256382816,0.0,0.0064516129032257,0.0037303164653721,0.0,0.0,0.0016511236813942,0.0,0.0,0.0,0.0011007491209295,0.0,0.0,0.0,0.0,0.0012842073077511,0.0,0.0,0.0007338327472863,0.0,0.0024766855220913,0.0012536309432808,0.0013147836722213,0.0,0.0739336492890994,0.0,0.0002083260997882,0.0,0.3591889170514912,0.0,0.0,0.0,0.0,0.0026735182806152,6.944203326273393e-05,0.0,0.0103121419395159,0.0008333043991528,0.4513384951911392,0.0,0.0,0.0342002013818964,0.0,0.0,0.0013147836722213,0.0012536309432808,0.0006726800183458,0.0,0.0,0.0,0.0,0.0,0.0,0.0,0.0086531111450848,0.0,0.0247057024919737,0.0,0.0,0.0,0.0003669163736431,0.0,0.0,0.0030882128114966,0.0081638893135605,0.0,0.0,0.0,0.0,0.0,0.0079498547622686,0.0,0.0011007491209295,0.0,0.0199357896346124,0.0004860942328391,0.0,0.002201498241859,0.0,0.0040055037456046,0.0394435101666411,0.0,0.0,0.0510931050298119,0.0080110074912092,0.0016817000458645,0.0,0.0110074912092952,0.0025684146155021,0.0,0.0,0.0,0.0,0.0,0.0,0.0043724201192478,0.0,0.0025378382510319,0.0025072618865616,0.0010090200275187,0.0036385873719614,0.0069714110992203,0.0088365693319064,0.0,0.0,0.0,0.0,0.0,0.0,0.0,0.0,0.0006115272894052,0.0,0.0237884115578657,0.0115884421342301,0.0,0.0,0.0,0.0014676654945726,0.0,0.0,0.004861641950772,0.0,0.0,0.0437242011924781,0.0047087601284207,0.0045558783060694,0.0018957345971563,0.0018651582326861,0.0,0.0,0.004983947408653,0.0006421036538755,0.0,0.0,0.0,0.0,0.0,0.0,0.00116190184987,0.0,0.0,0.0,0.0,0.0,0.0,0.0,0.0,0.0,0.0,0.0,0.0,0.0,0.0,0.0033328237272588,0.0,0.0,0.0028130255312643,0.0,0.0,0.0,0.0092952147989604,0.0,0.0,0.0,0.0007644091117566,0.0,0.002782449166794,0.0090811802476685,0.0010701727564592,0.0,0.0001834581868215,Normal
4-21,0.0,0.0,0.0,0.0,0.0,0.0,0.0,0.0,0.0,0.0,0.0,0.0002737850787132,0.0,0.0,0.0,0.0,0.0004106776180698,0.0017796030116358,0.0,0.0,0.0,0.0,0.0,0.0,0.0,0.0,0.0,0.0050650239561943,0.0,0.0,0.0,0.0,0.0,0.0,0.0012542759407069,0.0,0.0,0.0,0.0,0.0,0.0,0.0,0.0,0.0,0.007027150353639,0.0,0.0,0.0,0.0007300935432352,0.0008669860825918,0.0,0.0,0.0,0.0024184348619666,0.0,0.0,0.0055669632671686,0.0,0.0003650467716176,0.0,0.0,0.0,0.0,0.0132329454711384,0.0,0.0012542759407069,0.0,0.0,0.0,0.0,0.0,0.0020990189368012,0.0174766141911932,0.0,0.0,0.0049737622632899,0.0,0.0,0.0,0.0,0.0,0.0,0.0,0.0045174537987678,0.0,0.0,0.0,0.0,0.0,0.0,0.000912616929044,0.0,0.0,0.0003650467716176,0.0,0.0,0.0012776637006616,0.0,0.0,0.0,0.0047456080310288,0.0,0.0028747433264887,0.0109057723020762,0.0,0.0,0.0,0.0,0.0,0.0011864020077572,0.0,0.0,0.0570385580652521,0.0,0.0,0.0016883413187314,0.1508931965032306,0.0,0.0,0.0022359114761578,0.0068902578142824,0.0,0.0005475701574264,0.0,0.0,0.0,0.0,0.0,0.0,0.0,0.0557152635181382,0.0,0.0107688797627195,0.0,0.0,0.0,0.0009582477754962,0.0,0.0016427104722792,0.0,0.0,0.0008213552361396,0.0018708647045402,0.0,0.0,0.0,0.0,0.0,0.0,0.0,0.0,0.0,0.0,0.0,0.0,0.0005475701574264,0.0,0.0,0.0,0.0,0.0016883413187314,0.0074378279717088,0.0,0.0,0.0,0.0026922199406798,0.0,0.0,0.0,0.0023728040155144,0.0020990189368012,0.0,0.0,0.0017339721651836,0.0020077572438968,0.0,0.0,0.0,0.0,0.0023565184340554,0.0099201824401367,0.0106423413150893,0.0,0.302204484986697,0.0,0.0038008361839604,0.0,0.0,0.0,0.2565944507791713,0.0,0.0025465602432535,0.0,0.0193842645381983,0.1368301026225765,0.0,0.0,0.0007757243896874,0.0,0.0,0.0005019393109742,0.0,0.0315765457449233,0.0,0.0,0.0,0.0,0.0,0.0,0.0,0.0008213552361396,0.0,0.0,0.0,0.0010951403148528,0.0,0.0,0.0,0.0,0.0,0.0,0.0,0.0,0.0,0.0,0.0011864020077572,0.0,0.0050193931097421,0.0,0.0,0.0010951403148528,0.0,0.0020990189368012,0.0,0.0,0.0014601870864704,0.0133242071640428,0.0,0.0040155144877937,0.0235911476157882,0.0,0.0,0.0,0.0,0.0,0.0,0.0,0.0,0.0,0.0,0.0,0.0008669860825918,0.0,0.0,0.0,0.0137805156285649,0.0,0.0015514487793748,0.0019164955509924,0.0,0.0,0.0,0.0055669632671686,0.0,0.0049281314168377,0.0,0.002509696554871,0.0017339721651836,0.0,0.0,0.0,0.0015514487793748,0.0,0.0,0.0229523157654574,0.0,0.0,0.0,0.0,0.0046999771845767,0.0,0.0009582477754962,0.0,0.0,0.0,0.0,0.0,0.0014145562400182,0.0,0.0,0.0,0.0,0.0170659365731234,0.0109514031485284,0.0,0.001140771161305,0.0,0.0,0.0,0.0,0.0,0.0,0.0,0.0057012542759407,0.002053388090349,0.0,0.0004941087039148,0.0,0.000912616929044,0.0,0.0,0.0,0.0,0.0034223134839151,0.0013232945471138,0.0,0.0,0.0,0.0,0.0,0.0,0.0,0.0,0.0,0.0,Normal
4-22,0.0,0.0,0.0,0.0,0.0,0.0,0.0,0.0,0.0,0.0,0.0,0.0,0.0,0.0,0.0,0.0,0.0,0.0,0.0,0.0,0.0,0.0,0.0,0.0,0.0,0.0,0.0,0.0,0.0,0.0,0.0,0.0,0.0,0.0,0.0,0.0,0.0181352417354531,0.0,0.0020737608262513,0.0,0.0,0.0,0.0,0.0,0.0,0.0,0.0,0.0061634548218761,0.0,0.0010978733786036,0.0,0.0,0.0,0.0,0.0,0.0,0.0,0.0,0.0,0.0,0.0015858171024275,0.0,0.0,0.0,0.0,0.0,0.0,0.0,0.0,0.0005286057008091,0.0,0.0,0.0,0.0,0.0004879437238238,0.0,0.0,0.0,0.0050014231691944,0.0,0.0,0.0,0.0,0.0,0.0,0.0,0.0,0.0,0.0,0.0,0.0,0.0,0.0,0.0,0.0,0.0005286057008091,0.0,0.0012198593095596,0.0,0.0,0.0,0.0,0.0,0.0,0.0,0.0,0.0,0.0,0.0,0.0,0.0,0.0,0.0,0.0,0.0044728174683853,0.0,0.0036569831943131,0.0,0.0,0.0,0.0202090025617042,0.0,0.0,0.01963973488391,0.0,0.0,0.0,0.0,0.0,0.0,0.0,0.0,0.0,0.0,0.0,0.0,0.0,0.0,0.0,0.0,0.0,0.0,0.074533403814093,0.0,0.0,0.0357418777700971,0.0,0.0,0.0,0.0,0.0,0.0,0.0,0.0,0.0,0.0,0.0,0.0,0.0,0.0,0.0,0.0,0.0,0.0,0.0,0.0,0.0,0.0,0.0,0.0,0.0,0.0,0.0010978733786036,0.0021144228032366,0.0,0.0,0.0013825072175009,0.0,0.0003287175905,0.0103956937995642,0.0016846776513128,0.0,0.0002876278916875,0.0017668570489378,0.0,0.0,0.0,0.0003287175905,0.0005752557833751,0.0435139910424455,0.0,0.0007396145786251,0.1424579857829641,0.0,0.4649299420635245,0.0,0.0,0.0,0.0,0.0,0.0,0.0,0.0,0.0,0.0,0.0,0.0,0.0,0.0,0.0090269588907412,0.0047574513072825,0.0,0.0066279022486073,0.0,0.0,0.0,0.0,0.0,0.0041500595800632,0.0,0.0,0.0,0.0,0.0,0.0,0.0,0.0,0.0,0.0,0.0,0.0,0.0,0.0,0.0,0.0,0.0050014231691944,0.0,0.0,0.0,0.0,0.0,0.0123205790265522,0.0,0.0,0.0,0.0,0.0,0.0,0.0,0.0,0.0,0.0,0.0,0.0019924368722807,0.0,0.0,0.0,0.0,0.0,0.0,0.0,0.0,0.0,0.0,0.0,0.0,0.0,0.0,0.0,0.0,0.0,0.0,0.0,0.0,0.0,0.0020737608262513,0.0346846663684786,0.0,0.0,0.0,0.0,0.0,0.0,0.0,0.0,0.0023583946651486,0.0,0.0,0.0,0.0,0.0,0.0,0.0,0.0,0.0,0.0,0.0,0.0,0.0,0.0,0.0005286057008091,0.0,0.0083763672589761,0.0,0.0,0.0,0.0,0.0,0.0,0.0,0.0,0.0,0.0,0.0,0.0,0.0,0.0,0.0,0.0,0.0,0.0,0.0,0.0,0.0,0.0,Normal
4-23,0.0094658145423851,0.0,0.0,0.0194139635837453,0.0,0.0021705052453876,0.0088930423248522,0.0013867116845532,0.0,0.0,0.0,0.0,0.0,0.0,0.0,0.0015374412154829,0.0011153985288797,0.0007837935608344,0.0,0.0,0.0005124804051609,0.0,0.0,0.0,0.0017183166525985,0.0,0.0,0.0013264198721813,0.0,0.0077776437959725,0.0011756903412516,0.0,0.0,0.0,0.0,0.0,0.0,0.0,0.0,0.0,0.0,0.0008742312793922,0.0,0.0,0.0,0.0,0.0017484625587845,0.0,0.0020499216206439,0.0,0.003979259616544,0.0,0.0,0.0,0.000994814904136,0.0,0.0017484625587845,0.0,0.0,0.0003316049680453,0.0,0.0,0.0010249608103219,0.0005727722175328,0.0,0.0,0.0,0.0,0.0018087543711563,0.0,0.0,0.0011756903412516,0.000994814904136,0.0,0.0009345230917641,0.0011153985288797,0.0,0.0,0.0032859037742674,0.0040696973351018,0.0,0.0016580248402266,0.0,0.0002411672494875,0.0010852526226938,0.0,0.0,0.0,0.0,0.0008440853732063,0.0003316049680453,0.0146810563125527,0.0025322561196189,0.0,0.0,0.0006632099360906,0.0004220426866031,0.0009043771855781,0.0,0.0060593271433738,0.012540696973351,0.0,0.0071144338598818,0.0003014590618593,0.0003617508742312,0.0003014590618593,0.0,0.0,0.0,0.0,0.0016881707464126,0.0073254552031834,0.0009043771855781,0.0645725310502833,0.0043108645845894,0.0,0.1121449214069218,0.0,0.0,0.0,0.0390088026046058,0.0,0.00096466899795,0.0,0.0001808754371156,0.0,0.0,0.0,0.0,0.0002411672494875,0.0128421560352103,0.0,0.0007536476546484,0.0,0.000452188592789,0.0,0.0,0.0,0.0,0.0051549499577957,0.0009043771855781,0.0001808754371156,0.0,0.0,0.0,0.0,0.0111841311949837,0.0,0.0,0.0,0.0,0.0,0.0,0.0,0.0,0.0013264198721812,0.000452188592789,0.0,0.0025624020258048,0.0,0.0012962739659954,0.0025925479319908,0.0,0.0008139394670203,0.0,0.0012661280598094,0.0,0.002984444712408,0.0010852526226938,0.0011455444350657,0.0016881707464126,0.0,0.0,0.0014470034969251,0.0015675871216688,0.0,0.0,0.0044314482093331,0.0,0.0203707619651793,0.029886515824346,0.0,0.0005638965249876,0.0016212025093395,0.0,0.0,0.0019031507718333,0.0007048706562345,0.0,0.5636850637907941,0.0,0.0248819341650807,0.0,0.0012687671812222,0.1535208289278913,0.0036476546484987,0.0,0.0,0.0,0.0004220426866031,0.0037983841794282,0.0,0.0003918967804172,0.0,0.0,0.0,0.0,0.0117870493187025,0.0,0.0,0.0006330640299047,0.0,0.0,0.0,0.0015072953092969,0.0008139394670203,0.0,0.0048233449897502,0.0,0.0,0.0012359821536235,0.0,0.0,0.0040094055227299,0.0,0.1002652839744361,0.0,0.0152538285300855,0.0,0.0,0.0006933558422765,0.0,0.0028035692752924,0.0216146147353189,0.0011153985288797,0.0033763414928252,0.0122392379114916,0.0,0.0,0.0084408537320629,0.0,0.0004220426866031,0.0,0.0002713131556734,0.0,0.0,0.0,0.0,0.0137465332207886,0.0,0.0012359821536235,0.001989629808272,0.0013867116845532,0.0025624020258048,0.0015374412154829,0.0025322561196189,0.0,0.0006632099360906,0.0,0.0,0.0,0.0038586759918003,0.0,0.0,0.0028940069938502,0.0,0.0,0.0010249608103219,0.0,0.0,0.0,0.0006029181237187,0.0,0.0,0.0053358253949113,0.0,0.0,0.0016881707464126,0.0053056794887254,0.0035572169299408,0.0,0.0004220426866031,0.0005638965249876,0.0016580248402266,0.0,0.0,0.0,0.0,0.0,0.0,0.0,0.0016916895749629,0.0,0.0,0.0,0.0,0.0,0.0017484625587845,0.0007048706562345,0.0005124804051609,0.0025624020258048,0.0,0.0,0.0,0.0013565657783672,0.0,0.0,0.0,0.0,0.0003316049680453,0.0,0.0,0.0,0.0,0.0063607862052333,0.0,0.0,0.0269202942240443,0.0,0.0,0.0018087543711563,0.0025624020258048,0.0,0.0,0.0002411672494875,Normal
4-25,0.0013314014958687,0.0016838313035987,0.0,0.0,0.0,0.0,0.0,0.004268316560285,0.0,0.0019579433762775,0.0,0.0,0.0019579433762775,0.0,0.0024670086541097,0.0,0.0018796256412264,0.013783921368994,0.0,0.0,0.0026236441242119,0.0,0.0,0.0,0.0,0.0,0.0,0.0,0.0,0.0020754199788542,0.0,0.0,0.0,0.0,0.0,0.0,0.0,0.0,0.0,0.0,0.0,0.0,0.0,0.0,0.0,0.0,0.0014880369659709,0.000272331154684,0.0,0.0007048596154599,0.0,0.0,0.0,0.0034459803422485,0.0,0.0,0.0139797157066217,0.0,0.0016446724360731,0.0002741120726788,0.0,0.0,0.0,0.0,0.0,0.0,0.0,0.0,0.0055214003211027,0.0,0.0,0.0096722402788111,0.0,0.0059913067314093,0.0,0.0,0.0,0.0,0.0018796256412264,0.0,0.0,0.0,0.0,0.0,0.0,0.0,0.0,0.0,0.0,0.0009398128206132,0.0,0.0,0.0,0.0033285037396718,0.0030152327994674,0.0019971022438031,0.0,0.0,0.0,0.004268316560285,0.0053256059834749,0.0,0.0144887809844539,0.0,0.0002349532051533,0.0,0.0,0.0037200924149273,0.0,0.0045815875004894,0.0045424286329639,0.0,0.0,0.0004699064103066,0.2783412303716176,0.0176214903864979,0.2160130718954248,0.0,0.0,0.0,0.0052864471159493,0.0,0.0,0.0,0.0,0.0,0.0,0.0,0.0089282217958255,0.0,0.0315620472255942,0.0,0.0065003720092414,0.0,0.0,0.0,0.0,0.0,0.0013705603633942,0.0,0.0025061675216352,0.0,0.0201276579081331,0.0,0.0,0.0,0.0,0.000783177350511,0.0,0.0,0.0,0.0007440184829854,0.0,0.0,0.0,0.0,0.0046599052355405,0.0,0.0,0.0,0.0,0.0,0.0,0.0,0.0,0.0016446724360731,0.0,0.0,0.0003524298077299,0.0,0.0,0.0004699064103066,0.0,0.0,0.0,0.0,0.0,0.0,0.0010893246187363,0.056808278867102,0.4056644880174291,0.0,0.0007080610021786,0.0014705882352941,0.0,0.0282679738562091,0.0,0.0,0.0,0.20958605664488,0.0,0.0020697167755991,0.0,0.0,0.0272331154684095,0.0,0.0,0.0010181305556643,0.0,0.0011356071582409,0.0,0.0,0.0,0.0,0.0,0.0,0.0,0.0008223362180365,0.0017229901711242,0.0,0.0,0.0,0.0,0.000430747542781,0.0,0.0028977561968907,0.0007048596154599,0.0026628029917374,0.0,0.0010572894231898,0.0,0.0,0.0,0.0,0.0,0.0002349532051533,0.0,0.0026236441242118,0.0,0.0,0.0,0.0,0.0058738301288326,0.0258448525668637,0.0,0.0,0.0043466342953361,0.0,0.0,0.0,0.0191095273524689,0.0,0.0,0.0,0.0,0.0,0.0,0.0,0.0,0.0,0.0,0.0,0.0021537377139053,0.0,0.0006657007479343,0.005912988996358,0.0,0.0,0.0,0.0,0.0,0.0,0.0160551356854759,0.0020362611113286,0.0,0.0,0.0063437365391391,0.0412342875044052,0.0,0.0,0.0,0.0020754199788542,0.0002741120726788,0.0,0.0,0.0,0.0,0.0,0.0,0.0047773818381172,0.0006657007479343,0.0019579433762775,0.0,0.0,0.0034068214747229,0.0012922426283431,0.0,0.0070485961545992,0.0,0.0,0.0027802795943141,0.0,0.0027411207267885,0.0,0.0,0.0,0.0,0.0,0.0,0.0025844852566863,0.0024670086541097,0.0,0.0,0.0,0.0003915886752555,0.0,0.0,0.0,0.0,0.0,0.0,0.0,0.0,0.0,0.0084191565179935,0.0,0.0,0.0,0.0,0.0,0.0,0.0029369150644163,0.0,0.0,0.0002349532051533,Normal
4-26,0.0,0.0,0.0,0.0006583007611602,0.0,0.0,0.0,0.0,0.0,0.0011931701296029,0.0,0.0,0.0,0.0,0.0,0.0,0.0,0.0,0.0,0.0044023863402592,0.0,0.0003702941781526,0.0,0.0,0.0,0.0,0.0,0.0,0.0,0.0,0.0,0.0,0.0,0.0,0.0,0.0011931701296029,0.0,0.0,0.0,0.0,0.0,0.0,0.0010707456978967,0.0,0.0,0.0,0.0,0.0,0.0,0.0,0.0,0.0004937255708701,0.0,0.0,0.0,0.0,0.0030034972227936,0.0,0.0006583007611602,0.0,0.0,0.0,0.0,0.0,0.0,0.0,0.0,0.0,0.0,0.0,0.0,0.0046081053281217,0.0,0.0,0.0,0.0,0.0287183707056161,0.0,0.0,0.0022217650689158,0.0,0.0,0.0,0.0,0.0,0.0,0.0,0.0,0.0,0.0,0.0,0.0,0.0,0.0007405883563052,0.0,0.0,0.0,0.0,0.0,0.0,0.0,0.0,0.0,0.0,0.0069944455873277,0.0,0.0036617979839538,0.0,0.0,0.0027566344373585,0.0209833367619831,0.0,0.0,0.0,0.0,0.0050606871014194,0.0081835564053537,0.0,0.0,0.0,0.0007817321538778,0.0,0.0,0.0,0.0,0.0,0.0367825550298292,0.0,0.0036617979839539,0.0,0.0831927586916272,0.0,0.011725982308167,0.0061304258383048,0.0,0.0,0.0,0.0,0.0,0.0,0.0,0.0,0.0005760131660152,0.0,0.0,0.0,0.0,0.0,0.0,0.0,0.0,0.006624151409175,0.0,0.0,0.0,0.0,0.0,0.0,0.0,0.0,0.0,0.0,0.0,0.0,0.0,0.0005760131660152,0.0,0.0,0.0297881094425015,0.0005760131660152,0.0,0.0009051635465953,0.0172392511828841,0.0,0.0,0.0,0.0,0.0,0.0,0.3159464627151048,0.0181261950286806,0.0,0.0019120458891013,0.0,0.0,0.0,0.0,0.0,0.0034416826003823,0.0806883365200764,0.0,0.0041300191204588,0.0478011472275334,0.0356405353728488,0.3239770554493305,0.0,0.0,0.0024274840567784,0.0,0.0,0.0,0.0,0.0,0.0,0.0008228759514503,0.001440032915038,0.0,0.0018103270931907,0.0055955564698621,0.0,0.0056778440650072,0.0,0.0,0.0577247479942397,0.0,0.0015634643077556,0.0,0.0,0.0,0.0004937255708701,0.0,0.0,0.0,0.0,0.0,0.0,0.0,0.0,0.0,0.0,0.0,0.0,0.0022629088664883,0.0,0.0,0.0,0.0037440855790987,0.0,0.0,0.0,0.0,0.0,0.0,0.0,0.0,0.0,0.0,0.0,0.0,0.0,0.0,0.0,0.0075293149557703,0.0,0.0,0.0,0.0,0.0,0.0,0.0,0.0,0.0,0.001522320510183,0.0021806212713433,0.0,0.0,0.0009874511417403,0.000246862785435,0.0,0.0,0.0002880065830076,0.0014811767126105,0.0,0.0,0.0,0.0,0.0,0.2986216827813207,0.0,0.0097510800246862,0.0008228759514503,0.0,0.0,0.0,0.0,0.0,0.0,0.0033326476033737,0.0,0.0,0.0,0.0007648183556405,0.0031269286155112,0.0,0.0,0.0,0.0,0.0,0.0,0.0,0.0,0.0011108825344579,0.0,0.0,0.0003702941781526,0.0,0.0,0.0,0.0,0.0,0.0,0.0,0.0,0.0,0.0,0.0,0.0,0.0,0.0,0.0,0.0,0.0,0.0,0.0,0.0,Normal
4-27,0.0,0.0,0.0024819137138934,0.0,0.0017426202672017,0.0,0.0,0.0,0.0,0.0010033268205101,0.0007921001214553,0.0,0.0,0.0,0.0,0.0,0.0,0.0,0.0,0.0,0.0,0.0,0.0,0.0035380472091672,0.0,0.045836193694883,0.0,0.0,0.0012673601943285,0.010561334952738,0.0019010402914928,0.0,0.0064952209959338,0.0,0.0,0.0,0.0,0.0,0.0,0.0,0.0064424143211701,0.0,0.0,0.0,0.0,0.0,0.0,0.0,0.0,0.0,0.0,0.0010033268205101,0.0,0.0,0.0,0.0,0.0,0.0,0.0,0.0,0.0,0.0,0.0,0.0,0.0,0.0,0.0,0.0,0.0,0.0,0.0,0.0,0.0,0.0,0.0,0.0,0.0067064476949886,0.0184295294925277,0.0070232877435706,0.0,0.0,0.0,0.0,0.0,0.0,0.0024819137138934,0.0,0.0,0.0,0.0010033268205101,0.0,0.0,0.0,0.0,0.0,0.0,0.0,0.0,0.0,0.0,0.00543908750066,0.0,0.0,0.0,0.0,0.0,0.0035380472091672,0.0007921001214553,0.0,0.0,0.0012145535195648,0.0,0.0,0.0,0.0,0.0,0.0034175433893989,0.0,0.0331702740735777,0.0,0.02075302318213,0.0,0.0,0.0,0.0,0.0,0.0,0.0,0.001531393568147,0.0,0.0083962612874266,0.0,0.0,0.0,0.0,0.0,0.0,0.0,0.0,0.0,0.0,0.0,0.3468870465226803,0.0,0.0134657020647409,0.0038548872577493,0.0,0.0,0.0,0.0054918941754236,0.0,0.0,0.0,0.0,0.0,0.0,0.0057559275492422,0.0004752600728732,0.0,0.0,0.0,0.0,0.0,0.0014257802186196,0.0,0.0,0.0088715213602999,0.0,0.0,0.0,0.0,0.0,0.0024819137138934,0.0,0.0,0.0,0.0,0.0,0.0,0.7475708637673386,0.0,0.0,0.0,0.0035515646987871,0.0,0.0659384842189908,0.0,0.0,0.0,0.0129330563559605,0.0,0.0035515646987871,0.0,0.0,0.0069020974334919,0.0,0.0,0.0,0.0,0.0,0.0,0.0,0.0,0.0005808734224005,0.0,0.0,0.0,0.0,0.0,0.0,0.0,0.0,0.0,0.0033796271848761,0.0,0.0,0.0081322279136082,0.0156307757300521,0.0,0.0006336800971642,0.0,0.0,0.0,0.0,0.0,0.0,0.0,0.0,0.0,0.0,0.0,0.0,0.0,0.0029043671120029,0.0,0.0,0.0,0.0,0.0,0.0,0.0,0.0041189206315678,0.0,0.0,0.0,0.0,0.0,0.0,0.0,0.0209642498811849,0.0,0.0,0.0101388815546285,0.0020594603157839,0.0,0.0,0.0,0.0,0.0,0.0,0.0,0.0,0.0,0.0,0.0,0.0,0.0,0.0,0.0034852405344035,0.0,0.0013201668690922,0.0,0.0,0.0007392934466916,0.0,0.0651106299836297,0.0126736019432856,0.0,0.0008977134709827,0.0,0.0008977134709827,0.0,0.0,0.0,0.0,0.0,0.0,0.0,0.0,0.0,0.0271426308285367,0.0,0.0,0.0,0.0,0.0,0.0,0.0,0.0,0.0,0.0,0.0,0.0,0.0,0.0,0.0013729735438559,0.0,0.0045413740296773,0.0,0.0,0.0,0.0,0.0,0.0,0.0,0.0,0.0,0.0,0.0,0.0,0.0,0.0021650736653112,0.0,0.0,0.0,Normal
4-28,0.0,0.0,0.0079161640530759,0.0,0.0,0.0,0.0,0.0,0.0,0.0,0.0008293124246079,0.0,0.0,0.0,0.0,0.0,0.0,0.0,0.0,0.0,0.0,0.0,0.0,0.0,0.0,0.0071622436670687,0.0,0.0,0.0,0.0149653196622436,0.0,0.0,0.0048250904704463,0.0,0.0015074998115625,0.0,0.0006785283474065,0.0,0.0,0.0155684559710494,0.0212605548854041,0.0,0.0,0.0,0.0,0.0,0.0,0.0010552498680937,0.0,0.0,0.0,0.0,0.0,0.0,0.0,0.0,0.0,0.0,0.0,0.0,0.0010931845597104,0.0,0.0,0.0,0.0,0.0,0.0,0.0,0.0,0.0012439686369119,0.0,0.0,0.0,0.0,0.0,0.0,0.0,0.0030910735826296,0.0107433655006031,0.0,0.0,0.0,0.0,0.0,0.0,0.0,0.0,0.0,0.0,0.001884800965018,0.0,0.0,0.0,0.0,0.0,0.0022617611580217,0.0,0.0,0.0,0.0,0.0010554885404101,0.0,0.0,0.0,0.0,0.0,0.0042596501809408,0.0009047044632086,0.0,0.0,0.0,0.0,0.0,0.0,0.0038072979493365,0.0,0.0364061204492349,0.0,0.0,0.0,0.0289505428226775,0.0,0.0,0.0,0.0,0.0,0.0,0.0,0.0045235223160434,0.0,0.0044104342581423,0.0,0.0,0.0,0.0,0.0008670084439083,0.0,0.0,0.0,0.0,0.0,0.0,0.3348160434258138,0.0289882388419782,0.0186218335343787,0.0058051869722557,0.0,0.0,0.0,0.0035434258142339,0.0005654402895054,0.0,0.0,0.0,0.0,0.0,0.0039580820265378,0.0003015681544028,0.0,0.0,0.0,0.0,0.0,0.0,0.0,0.0,0.0,0.0,0.0,0.0,0.0,0.0004523522316043,0.0022617611580217,0.0,0.0,0.0,0.0009047044632086,0.0,0.0,0.0789176151352979,0.0045224994346875,0.0,0.0006783749152031,0.0,0.0,0.0,0.0094218738222657,0.0002261249717343,0.0,0.4722243159719599,0.0,0.0013567498304062,0.0020351247456094,0.0,0.2409738448782692,0.0,0.0,0.0,0.0,0.0,0.0,0.0,0.0,0.0019224969843184,0.0,0.0,0.0,0.0042596501809408,0.0,0.0,0.0,0.0,0.0006785283474065,0.0030533775633293,0.0,0.0,0.0158323281061519,0.012401990349819,0.0,0.0,0.0,0.0,0.0,0.0,0.0,0.0,0.0,0.0,0.0,0.0,0.0,0.0,0.0,0.01458835946924,0.0,0.0,0.0118365500603136,0.0,0.0,0.0,0.0,0.0105925814234016,0.0,0.0,0.0,0.0,0.0,0.0,0.0,0.0,0.0,0.0,0.0109318455971047,0.008971652593486,0.0,0.0,0.0,0.0,0.0,0.0,0.0,0.0,0.0,0.0,0.0,0.0,0.0,0.00312876960193,0.000113088057901,0.0,0.0001884800965018,0.0,0.0,0.0,0.0,0.0012439686369119,0.0087831724969843,0.0,0.0,0.0,0.0012816646562123,0.0003392641737032,0.0,0.0,0.0006031363088057,0.0,0.0,0.0,0.0,0.0,0.0104041013268998,0.0,0.0001884800965018,0.0,0.0,0.0,0.0,0.0,0.0,0.0,0.0,0.0,0.0,0.0,0.0,0.0019978890229191,0.0,0.0,0.0,0.0,0.0,0.0,0.0,0.0,0.0,0.0,0.0,0.0,0.0,0.0,0.0,0.0027895054282267,0.0,0.0,0.0,Normal
4-29,0.0048012803414243,0.0,0.0,0.0029341157642037,0.0007621079907022,0.0,0.0,0.0016385321800099,0.0,0.0011812673855885,0.0015623213809396,0.0,0.0007240025911671,0.0,0.0,0.0,0.0,0.0519757649658956,0.0,0.0,0.0,0.0,0.0,0.0,0.0,0.0,0.0,0.0,0.0,0.0277788362610981,0.0007240025911671,0.0,0.0014480051823343,0.0,0.0,0.0,0.0,0.0,0.0,0.0,0.0,0.0,0.0,0.0,0.0030484319628091,0.0,0.0,0.0005441119315973,0.0,0.0010669511869831,0.0003810539953511,0.0,0.0092596120870327,0.0005334755934915,0.0006096863925618,0.0,0.0,0.0,0.0005715809930267,0.0,0.0,0.0,0.0,0.0,0.0,0.0,0.0,0.0,0.0,0.0,0.0,0.0,0.0005334755934915,0.0,0.0,0.0,0.0,0.0005715809930267,0.0041534885493273,0.0,0.0,0.0,0.0,0.0,0.0040772777502572,0.0,0.0007240025911671,0.0,0.0,0.0024006401707121,0.0,0.0,0.0,0.0,0.0006096863925618,0.0,0.0,0.0004953701939564,0.0,0.0121175170521662,0.0127653088442631,0.0,0.008040239301909,0.0,0.0,0.0,0.0,0.0,0.0,0.0,0.0009907403879129,0.0026673779674579,0.0,0.0258354608848073,0.0136036276340356,0.0,0.174737660318694,0.0,0.0,0.0,0.0420683610867654,0.0,0.0001143161986053,0.0,0.001028845787448,0.0,0.0,0.0,0.0,0.0,0.0045345425446785,0.0,0.0,0.0,0.0,0.0,0.0,0.0,0.0,0.0008383187897725,0.0017528483786152,0.0,0.058529893685935,0.0,0.0,0.0,0.0,0.0004191593948862,0.0,0.0,0.0003048431962809,0.0,0.0,0.0,0.0,0.0057539153298021,0.0130320466410089,0.0,0.0,0.0,0.0,0.0,0.0,0.0,0.0,0.0,0.0,0.0,0.0,0.0,0.0,0.0,0.0,0.0014480051823343,0.0004191593948862,0.0,0.0006096863925618,0.0077353961056281,0.0,0.0040419743490089,0.3790128254955304,0.0523124757092887,0.0,0.0,0.0,0.0064516129032257,0.0042751651768363,0.0005441119315973,0.0,0.2076952973183053,0.0,0.0089389817333851,0.0,0.0,0.1174504469490865,0.0,0.0,0.0,0.0,0.0,0.0,0.0,0.0,0.0,0.0,0.0,0.0026673779674579,0.0052966505353808,0.0,0.0127653088442632,0.0,0.0,0.0,0.0,0.0,0.0,0.0288838928476164,0.008040239301909,0.0,0.0,0.0,0.0,0.0,0.0048393857409594,0.0,0.0963304500247684,0.0,0.0092215066874975,0.0038865137971239,0.0003810539953511,0.0061730747246884,0.0,0.0012193727851234,0.0262927256792287,0.0,0.0,0.0041153831497923,0.0,0.0,0.0,0.0377243455397629,0.0079259231033036,0.0,0.0,0.0,0.0,0.0,0.0,0.0,0.0,0.0019433753762908,0.0,0.0008002133902373,0.0048774911404945,0.008040239301909,0.0036200129558358,0.0,0.0,0.0,0.0,0.0,0.0,0.0,0.0027816941660633,0.0001524215981404,0.0,0.0,0.050489654384026,0.0,0.0,0.0,0.0,0.0,0.0,0.002362534771177,0.0,0.0032008535609495,0.0,0.0130701520405441,0.005372861334451,0.0004191593948862,0.0015242159814045,0.0,0.0,0.0,0.0,0.0,0.0,0.0,0.0,0.0004572647944213,0.0,0.0,0.0,0.0,0.0,0.0,0.0016004267804747,0.0,0.0,0.0004953701939564,0.0,0.0,0.0,0.0,0.0,0.0,0.0111648820637884,0.0,0.0,0.0023244293716419,0.0,0.0,0.0,0.0010669511869831,0.0,0.0,0.0,0.0,0.0,0.0048012803414243,0.0050680181381701,0.0,0.0,0.0008764241893076,Normal
4-3,0.003119849305392,0.0014421944902283,0.0,0.0030904167647751,0.0007063809748057,0.0,0.0,0.0064162938544855,0.0006769484341888,0.0005592182717212,0.0,0.0,0.0073287026136096,0.0,0.0,0.0,0.0,0.0335530963032729,0.0,0.0,0.0011184365434424,0.0,0.0,0.0,0.0,0.0,0.0,0.0005297857311043,0.0,0.0020014127619496,0.000912408759124,0.0,0.0,0.0,0.0,0.0027372262773722,0.0,0.0004120555686366,0.0,0.0,0.0,0.0,0.0016604637847122,0.0,0.0267247468801506,0.0,0.0,0.0,0.0,0.0140393218742641,0.0006475158935719,0.0,0.0,0.0003531904874028,0.0007358135154226,0.0,0.0035024723334118,0.0038850953614315,0.0007652460560395,0.0004709206498704,0.0,0.0,0.0,0.0,0.0,0.0,0.0,0.0,0.0035319048740287,0.0,0.0,0.0,0.0016776548151636,0.0040322580645161,0.0065340240169531,0.0,0.0,0.0,0.0008535436778902,0.0,0.0005886508123381,0.0008829762185071,0.0,0.0,0.0,0.0,0.0012950317871438,0.0,0.0,0.0014716270308453,0.0,0.0,0.0,0.0,0.0108900400282552,0.0013833294089945,0.0005297857311043,0.0003237579467859,0.0,0.021279726866023,0.0077996232634799,0.0026910964786716,0.0095655757004944,0.0,0.0008829762185071,0.0,0.0,0.0,0.0,0.0,0.0012950317871438,0.0,0.0,0.0283141040734636,0.06639981163174,0.0198669649164114,0.2446607500715717,0.0,0.0,0.000912408759124,0.0293736755356718,0.0,0.0003531904874028,0.0,0.0,0.0016776548151636,0.0,0.0012067341652931,0.0023251707087355,0.0,0.0382328702613609,0.0,0.00247233341182,0.0,0.0,0.0,0.0,0.0,0.0014421944902283,0.0035907699552625,0.0016187897339298,0.0,0.0007063809748056,0.0,0.0,0.0,0.0,0.0,0.0,0.0,0.0,0.0,0.0,0.0,0.0,0.0075641629385446,0.0011773016246762,0.0,0.0,0.0009712738403578,0.0,0.0,0.0,0.0,0.0019719802213327,0.0006769484341888,0.0,0.0010007063809748,0.0,0.0009712738403578,0.0,0.0027372262773722,0.0,0.0036496350364963,0.0025311984930539,0.0005297857311043,0.0,0.016246762420532,0.0,0.006813627254509,0.2266819352991697,0.0732894360148869,0.0,0.0,0.0,0.0039507586601774,0.0006870884626395,0.0,0.0,0.0700257658173489,0.0,0.1748067563698826,0.0013169195533924,0.006012024048096,0.1743486973947896,0.0,0.0,0.0035613374146456,0.0,0.0030609842241582,0.0558335295502707,0.0,0.0008241111372733,0.0,0.0005003531904874,0.0007358135154226,0.0029138215210736,0.0007358135154226,0.0,0.0,0.0026489286555215,0.0,0.0,0.0,0.0,0.0077407581822462,0.0,0.037526489286555,0.0,0.0,0.0005592182717212,0.0,0.0,0.010948905109489,0.0,0.0,0.0,0.0100659288909817,0.0020612653879186,0.0,0.0,0.0,0.0,0.0134801036025429,0.0,0.0,0.010625147162703,0.0218978102189781,0.0045620437956203,0.0052095596891923,0.0126854250058863,0.0052095596891922,0.0,0.0,0.0,0.0,0.0,0.0009712738403578,0.0085943018601365,0.0,0.0003531904874028,0.0,0.000618083352955,0.0113903932187425,0.0022663056275017,0.010007063809748,0.0,0.0,0.0,0.0,0.0,0.0006769484341888,0.0148634330115374,0.0,0.0,0.0,0.0121262067341652,0.0334059336001882,0.0,0.0,0.0,0.0038262302801977,0.0001471627030845,0.0,0.0014716270308453,0.0,0.0,0.0010595714622086,0.0013538968683776,0.0025606310336708,0.0016776548151636,0.0005297857311043,0.0001145147437732,0.0,0.0072698375323756,0.0030021191429244,0.0,0.0013833294089945,0.0,0.0,0.0,0.0,0.0032081469272427,0.0,0.0013741769252791,0.0,0.0,0.0,0.0,0.0017070873557805,0.0053567223922769,0.0007946785966564,0.0,0.0,0.0027372262773722,0.0,0.0,0.0,0.0,0.0,0.0,0.0,0.0,0.0,0.0270485048269366,0.0,0.0,0.0,0.0,0.0,0.0027372262773722,0.003737932658347,0.0027666588179891,0.0,0.0006769484341888,Normal
4-30,0.0620196604110813,0.0019213583556747,0.0,0.0007149240393208,0.0,0.0,0.0,0.0047363717605004,0.0,0.0004021447721179,0.0,0.0,0.0,0.0,0.0033512064343163,0.0,0.0,0.0,0.0,0.0,0.0036193029490616,0.0,0.0,0.0,0.0,0.0,0.0,0.0,0.0,0.0029937444146559,0.0,0.0,0.0,0.0,0.0,0.0,0.0,0.0,0.0,0.0,0.0,0.0,0.0,0.0,0.0067024128686327,0.0,0.0,0.0,0.0,0.0,0.0,0.0,0.0100089365504915,0.0,0.0,0.0,0.0088025022341376,0.0176496872207327,0.0004468275245755,0.0006255585344057,0.0,0.0,0.0,0.0010723860589812,0.0,0.0,0.0,0.0,0.0104110813226094,0.0,0.0,0.0255585344057193,0.0,0.0117068811438784,0.0,0.0,0.0,0.0,0.0118856121537086,0.0038873994638069,0.0,0.0,0.0,0.0002234137622877,0.0,0.0,0.0007596067917783,0.0,0.0,0.0,0.0002234137622877,0.0,0.0,0.0046470062555853,0.0,0.0043342269883824,0.001787310098302,0.0,0.0,0.0,0.0119302949061661,0.0,0.0126899016979445,0.0,0.0,0.0,0.0,0.0034405719392314,0.0,0.0023681858802502,0.0021447721179624,0.0,0.0,0.0494191242180518,0.0,0.0195710455764074,0.1456683465322773,0.0,0.0,0.0014298480786416,0.0013404825737264,0.0,0.0,0.0,0.0,0.0,0.0,0.0014298480786416,0.0021000893655049,0.0,0.0394995531724753,0.0028596961572832,0.0115728328865057,0.0,0.0,0.0,0.0,0.0,0.0009830205540661,0.0,0.0025022341376228,0.0,0.0008489722966934,0.0,0.0,0.0,0.0,0.0,0.0,0.0,0.0,0.0107238605898123,0.0,0.0,0.0,0.0012957998212689,0.0028596961572832,0.0,0.0,0.0,0.0,0.0,0.0,0.0,0.0010723860589812,0.0023681858802502,0.0,0.0,0.0097408400357462,0.0004468275245755,0.0,0.0034405719392314,0.0005808757819481,0.0,0.0010277033065236,0.0,0.0,0.0,0.0,0.0,0.3936645068394528,0.0015838732901367,0.0032157427405807,0.0011999040076793,0.0,0.0302855771538276,0.0007199424046076,0.0007679385649148,0.0,0.0780897528197743,0.0,0.0,0.0,0.0001439884809215,0.0560595152387807,0.0,0.0,0.0020107238605898,0.0011170688114387,0.0072832886505808,0.0,0.0,0.0047810545129579,0.0,0.0,0.0,0.0,0.0031724754244861,0.0033065236818588,0.0,0.0002680965147453,0.0,0.0,0.0035746201966041,0.0,0.0016979445933869,0.0,0.0306523681858802,0.0,0.0,0.0,0.0015638963360142,0.0,0.0,0.0,0.0005808757819481,0.0,0.0,0.0,0.0,0.0,0.0,0.000491510277033,0.0002234137622877,0.0,0.0,0.0303842716711347,0.0,0.0023235031277926,0.0,0.0437890974084002,0.0,0.0,0.0,0.0014745308310991,0.0,0.0,0.0,0.0,0.0,0.0,0.0,0.0020107238605898,0.0028150134048256,0.0006702412868632,0.0059874888293118,0.0,0.0,0.0,0.0,0.0,0.0,0.0238605898123323,0.0023235031277926,0.0,0.0,0.0,0.0048257372654154,0.0,0.0,0.0,0.0,0.0,0.0,0.0,0.0,0.0,0.0210455764075067,0.0,0.0208668453976764,0.0012957998212689,0.0009830205540661,0.0,0.0,0.0112600536193029,0.0012064343163538,0.0,0.0009383378016085,0.0,0.0,0.0,0.0,0.0121983914209115,0.0,0.0,0.0,0.0,0.0,0.0,0.0024128686327077,0.0047363717605004,0.0,0.0,0.0,0.0015638963360142,0.0,0.0,0.0,0.0,0.0,0.0,0.0,0.0,0.0,0.003976764968722,0.0,0.0020107238605898,0.0,0.0,0.0,0.0,0.0,0.0010723860589812,0.0,0.0007596067917783,Normal
4-31,0.0,0.0,0.0020465877800104,0.0,0.0,0.0,0.0,0.0,0.0,0.0003348961821835,0.0006325816774577,0.0,0.0,0.000256443133735,0.0,0.0,0.0,0.0,0.0,0.0005953709905484,0.0,0.0,0.0,0.0,0.0,0.0103073602738706,0.0,0.0,0.0008186351120041,0.0075909801294931,0.0019721664061918,0.0,0.0035350152563816,0.0,0.0,0.0,0.0,0.0,0.0,0.0,0.0087817221105901,0.0,0.0005769970509039,0.0,0.0,0.0,0.0,0.0008975509680728,0.0,0.0,0.0,0.0010791099203691,0.0,0.0,0.0,0.0,0.0,0.0,0.0,0.0,0.0,0.0,0.0,0.0,0.0,0.0,0.0,0.0,0.0,0.0,0.0,0.0,0.0,0.0,0.0,0.0,0.0,0.0176750762819081,0.0039815434992928,0.0,0.0,0.0,0.0034978045694723,0.0,0.0,0.0062886060876683,0.0,0.0,0.0,0.0,0.0,0.0,0.0,0.0,0.0,0.0069583984520354,0.0,0.0,0.0,0.0,0.0016372702240083,0.0,0.0,0.0,0.0,0.0,0.0067351343305796,0.0,0.0,0.0,0.0,0.0,0.0,0.0,0.0020093770931011,0.0,0.0025644313373509,0.0,0.0774458263879984,0.0,0.0408945449132985,0.0,0.0,0.0,0.000930267172732,0.0,0.0,0.0,0.0018233236585547,0.0,0.0052839175411178,0.0,0.0,0.0,0.0,0.0015256381632804,0.0,0.0,0.0,0.0,0.001339584728734,0.0,0.1366004316439679,0.0,0.0189030289499144,0.0116097343156954,0.0,0.0,0.0,0.0008930564858227,0.0011907419810969,0.0,0.0,0.0,0.0,0.0040559648731115,0.0,0.0003348961821835,0.0,0.0,0.0,0.0,0.0,0.0,0.0,0.0,0.0069211877651261,0.0,0.0002604748083649,0.0,0.0,0.0007442137381856,0.0018605343454639,0.0,0.0,0.0,0.0,0.0,0.0,0.2699063982561863,0.0057058597256058,0.0,0.0003846647006026,0.0013463264521092,0.0,0.0394922425952045,0.0,0.0,0.0,0.0114117194512116,0.0,0.0006411078343377,0.4454417232978587,0.0,0.0073727400948839,0.0,0.0014884274763712,0.0,0.0,0.0,0.0,0.0,0.0,0.0019721664061918,0.0,0.0,0.0,0.0002604748083649,0.0008558457989134,0.0,0.0,0.0,0.0004465282429113,0.0005581603036392,0.0,0.0,0.0021210091538289,0.1911885093398824,0.0004487754840364,0.0003348961821835,0.0,0.0,0.0,0.0,0.0,0.0,0.0,0.0,0.0,0.0,0.0,0.0,0.0,0.0022326412145568,0.0,0.0,0.0214333556597454,0.0,0.0,0.0,0.0,0.0244846319863064,0.0,0.0,0.0,0.0,0.0,0.0,0.0,0.003460593882563,0.0,0.0,0.0089677755451365,0.0017116915978268,0.0,0.0,0.0,0.0,0.0,0.0,0.0038327007516558,0.0,0.0,0.0,0.0,0.0,0.0,0.0,0.0015256381632804,0.0,0.0012279526680062,0.0,0.0,0.0038327007516558,0.0,0.095445411922304,0.0,0.0,0.0,0.0,0.0005209496167299,0.0,0.0,0.0,0.0005209496167299,0.0,0.0,0.0,0.0,0.0,0.0107166778298727,0.0,0.0,0.0,0.0,0.0,0.0,0.0,0.0,0.0,0.0,0.0,0.048448314355883,0.0,0.0,0.0014512167894619,0.0,0.0456203021507777,0.0,0.0,0.0,0.0,0.0,0.0,0.0,0.0,0.0,0.0,0.0,0.0,0.0,0.0017489022847361,0.0,0.0,0.0,Warning
4-32,0.0301859301257483,0.0008235405910487,0.0,0.0025339710493807,0.0,0.0,0.0006018181242279,0.0109594247885717,0.0,0.0010452630578695,0.0,0.0,0.0,0.0,0.0,0.0006018181242279,0.0,0.0080453580817839,0.0,0.0,0.0005701434861106,0.0017737797345665,0.0,0.0,0.0012353108865731,0.0,0.0,0.0,0.0,0.0010452630578695,0.0008868898672832,0.0,0.0,0.0,0.0,0.0,0.0,0.0,0.0005701434861106,0.0,0.0,0.0,0.0,0.0021538753919736,0.0,0.0,0.0019321529251528,0.0,0.0,0.0,0.0019321529251528,0.0,0.0,0.0019004782870355,0.0,0.0,0.0100408602831712,0.0257514807893319,0.0,0.0,0.0,0.0,0.0020905261157391,0.0,0.0004117702955243,0.0,0.0,0.0,0.0025339710493807,0.0,0.0005384688479934,0.0031991384498432,0.0092173196921225,0.0008868898672832,0.0,0.0006651674004624,0.0,0.0,0.0008868898672832,0.0033258370023122,0.0,0.0,0.0,0.0,0.0001900478287035,0.0,0.0011719616103386,0.0023122485825599,0.0,0.0012353108865731,0.0003484210192898,0.0,0.0010135884197523,0.0,0.0007601913148142,0.000981913781635,0.0023122485825599,0.0003484210192898,0.0,0.0107693769598682,0.011973013208324,0.0,0.0297424851921066,0.0,0.0020271768395046,0.0,0.0,0.0,0.0,0.0,0.0011719616103386,0.0,0.0038643058503056,0.0779512844065756,0.1777897437521775,0.0119413385702068,0.1866899157221737,0.0,0.0,0.000981913781635,0.0080453580817837,6.334927623451902e-05,0.0003800956574071,0.0,0.0,0.0012353108865731,0.0,0.0011719616103386,0.0006968420385797,0.0004751195717588,0.0217921510246744,0.0,0.0120680371226757,0.0,0.0,0.0,0.0,0.0008235405910487,0.0003167463811725,0.0,0.000981913781635,0.0,0.0007601913148142,0.0,0.0,0.0,0.0,0.0,0.0,0.0,0.0,0.0,0.0,0.0,0.0,0.0013936840771593,0.0,0.0,0.0,0.0,0.0,0.0,0.0,0.0,0.000855215229166,0.0004117702955243,0.0,0.0,0.0044977986126508,0.001108612334104,0.0,0.0,0.0,0.0005384688479934,0.0030090906211396,0.0006968420385797,0.0,0.0008235405910487,0.0,0.0132519616390584,0.2137750653879686,0.0859052600988084,0.0,0.0,0.0,0.050566695727986,0.0005231037489102,5.812263876780006e-05,0.0,0.2069165940133681,5.812263876780006e-05,0.0015693112467306,0.0011043301365882,0.009009009009009,0.2052891601278696,0.0,0.0,0.0015837319058629,0.0010769376959868,0.0,0.0,0.0,0.0008235405910487,0.0,0.0004117702955243,0.0,0.0057014348611067,0.0003167463811725,0.0012669855246903,0.0,0.0012986601628076,0.0,0.0,0.0,0.0004117702955243,0.0013936840771592,0.0,0.0010135884197523,0.0,0.0,0.0027556935162015,0.0,0.0011402869722213,0.0049095689081752,0.0,0.0048778942700578,0.000253397104938,0.0237559785879445,0.0,0.0012986601628076,0.0,0.0001583731905862,0.0041810522314781,0.0007918659529314,0.0005701434861106,0.0018054543726837,0.0165658357353266,0.0,0.005511387032403,0.017706122707548,0.0121630610370274,0.0,0.0,0.0,0.0007601913148142,0.0,0.0031357891736086,0.0,0.0,0.0,0.0,0.0014887079915111,0.0019955022013873,0.0140318646859458,0.0029457413449051,0.0135884197523041,0.0,0.0,0.0,0.0,0.0,0.0,0.0074752145956731,0.0017421050964492,0.0,0.0203351176712806,0.0022805739444426,0.0127965537993728,0.0,0.0,0.0,0.0,0.0,0.0,0.000855215229166,0.0,0.0,0.0032624877260777,0.0,0.0072218174907351,0.0004117702955243,0.0008868898672832,0.0,0.0013303348009248,0.0130182762661936,0.0011719616103386,0.0,0.0,0.0,0.0014253587152766,0.0,0.0,0.0,0.0,0.0,0.0,0.0,0.0,0.0,0.0007285166766969,0.00427607614583,0.0,0.0,0.0,0.000253397104938,0.0,0.0,0.0,0.0,0.0005067942098761,0.0,0.0,0.0,0.0,0.0022172246682081,0.0,0.0,0.0,0.0005701434861106,0.0,0.0,0.0010769376959868,0.0,0.0,0.0003167463811725,Normal
4-32',0.0,0.0,0.0,0.0,0.0,0.0,0.0,0.0,0.0,0.0,0.0,0.0001336541031809,0.0,0.0,0.0,0.0,0.0,0.0,0.0,0.0,0.0,0.0,0.0,0.0,0.0,0.0,0.0,0.0,0.0,0.0,0.0,0.0,0.0,0.0,0.0,0.0,0.0,0.0,0.0,0.0,0.0,0.0,0.0040036700308616,0.0,0.0,0.0,0.0,0.0,0.0,0.0,0.0,0.0,0.0,0.0,0.0,0.0,0.0,0.0,0.0,0.0,0.0,0.0,0.0,0.0,0.0317261427425821,0.0,0.0,0.0,0.0,0.0,0.0,0.0,0.0,0.0,0.0,0.0,0.0,0.0,0.0,0.0,0.0017040898155573,0.0,0.0,0.0,0.0,0.0,0.0,0.0,0.0,0.0,0.0,0.0,0.0,0.0,0.0,0.0,0.0,0.0,0.0,0.0,0.0,0.0037534406539327,0.0,0.0,0.0,0.0,0.0,0.0,0.0,0.0,0.0,0.0,0.0,0.0,0.0001169473402833,0.0,0.0401201101009258,0.0,0.007173242138627,0.0,0.0,0.0,0.0,0.0,0.0,0.0,0.0,0.0,0.0,0.0,0.0,0.0,0.0,0.0,0.0,0.0,0.0,0.0,0.0,0.0,0.0,0.0,0.00035084202085,0.0,0.0,0.0,0.0,0.0,0.0,0.0,0.0,0.0,0.0,0.0,0.0,0.0,0.0,0.0,0.0,0.0,0.0,0.0,0.0,0.0046110665597432,0.0001670676289762,0.0,0.0,0.0,0.0,0.0,0.0,0.0,0.0,0.0,0.0,0.0,0.0,0.0,0.0049211777462674,0.0188506130619734,0.0422053549086662,0.0151805822003503,0.0005838685461673,0.0040036700308616,0.0,0.0,0.0,0.0,0.0,0.101509717240804,0.0,0.0670614730169321,0.0072566519309366,0.0,0.5595128868129116,0.0,0.0,0.0,0.0,0.0,0.0,0.0,0.0,0.0,0.0,0.0003007217321571,0.0,0.0,0.0,0.0,0.0,0.0,0.0,0.0,0.0,0.0,0.0,0.0,0.0075902911001751,0.0,0.0,0.0,0.0,0.0,0.0,0.0,0.0,0.0,0.0,0.0,0.0,0.0,0.0,0.0002673082063619,0.0,0.0,0.0,0.0,0.0,0.0,0.0,0.0,0.0,0.0001002405773857,0.0,0.0,0.0,0.0,0.0,0.0,0.0,0.0,0.0,0.0,0.0,0.0,0.0,0.0,0.0,0.0,0.0,0.0,0.0,0.0,0.0,0.0,0.0,0.0,0.0,0.0,0.0,0.0,0.0,0.0,0.0,0.0,0.0,0.0,0.0,0.0,0.0,0.0,0.0,0.0,0.0,0.0,0.0,0.0,0.0,0.0,0.0,0.0,0.0,0.0,0.0,0.0,0.0,0.0,0.0,0.0,0.0,0.0,0.0,0.0,0.0,0.0,0.0,0.0,0.0,0.0,0.0,0.0,0.0,0.0,0.0,0.0,0.0,0.0,0.0,0.0,0.0,0.0,0.0,0.0,0.0,Warning
4-33,0.0,0.0,0.0,0.0008049021135171,0.0,0.0,0.0,0.0,0.0,0.0,0.0,0.0,0.0,0.0,0.0,0.0,0.0,0.0018694500701043,0.0,0.0,0.0,0.0011684062938152,0.0,0.0,0.0009866542036661,0.0,0.0,0.0083346315625486,0.0,0.0,0.0,0.0,0.0,0.0,0.0,0.0081528794723996,0.0,0.0005712208547541,0.0,0.0,0.0,0.0,0.0,0.0,0.0,0.0,0.0,0.0,0.000389468764605,0.000103858337228,0.0005452562704471,0.0,0.0,0.0,0.0,0.0,0.0,0.0011684062938152,0.0,0.0,0.0,0.0,0.0,0.0,0.0009866542036661,0.0,0.0,0.0011164771252012,0.0,0.0,0.0,0.0007010437762891,0.0,0.0,0.0005971854390611,0.0019213792387183,0.0,0.0,0.005296775198629,0.0048813418497169,0.0017655917328763,0.0015838396427273,0.0,0.0,0.0007789375292101,0.0,0.0,0.0,0.0,0.0,0.0010126187879732,0.0,0.0,0.0,0.0,0.0,0.0019213792387183,0.0082307732253206,0.0,0.0037908293088227,0.0085423482370046,0.0036937064923994,0.000441397933219,0.0,0.0022848834190164,0.0,0.0,0.0,0.0017915563171833,0.0,0.0,0.0116580983538453,0.0,0.0042841564106558,0.0,0.0037389001402087,0.0154141213240517,0.0,0.0,0.000467362517526,0.0014540167211922,0.0007270083605961,0.0023887417562444,0.0,0.0,0.0009087604507451,0.0,0.0,7.789375292101573e-05,0.0,0.0,0.0,0.0013761229682712,0.0,0.0,0.0,0.0009087604507451,0.000311575011684,0.0,0.0032975022069896,0.000493327101833,0.005166952277094,0.0,0.0,0.0,0.0,0.0,0.0,0.0,0.0,0.0,0.0,0.0,0.0,0.0,0.0029080334423845,0.0017396271485693,0.0,0.0091914628446798,0.000441397933219,0.005244846030015,0.0005452562704471,0.0,0.0,0.0068806148413563,0.0005971854390611,0.0,0.0,0.0018175209014903,0.0074778002804175,0.0006750791919821,0.0,0.0,0.0016876979799553,0.0079451627979436,0.0,0.0,0.1000934725035051,0.0,0.0,0.0407728370507173,0.0581048444381304,0.0,0.4110669129137662,0.0,0.0113652507458445,0.0,0.0,0.0,0.1767296490978831,0.0,0.0444665435431169,0.0,0.0,0.0686177013780363,0.0,0.0,0.0027522459365425,0.0,0.0016876979799553,0.0031936438697616,0.0,0.0046995897595678,0.0,0.0,0.0,0.0,0.0,0.0,0.000181752090149,0.00077893752921,0.0,0.0,0.0,0.0,0.000389468764605,0.0,0.0,0.0,0.0,0.0,0.0,0.0,0.0343771096224748,0.0,0.0038167938931297,0.0,0.0147219193020719,0.0,0.0,0.0007270083605961,0.0,0.000337539595991,0.0,0.0,0.0028561042737705,0.0,0.0025704938463935,0.0114763462636961,0.0094511086877499,0.0,0.0,0.0010126187879732,0.0,0.0,0.0,0.0,0.0,0.0,0.0,0.0041024043205068,0.0,0.0,0.0029859271953055,0.0011424417095082,0.0032455730383756,0.0,0.0019992729916394,0.0,0.0,0.0,0.0,0.000285610427377,0.0,0.0019473438230253,0.0,0.0020252375759464,0.034948330477229,0.0,0.0012982292153502,0.0,0.0026483875993145,0.0,0.0,0.0009087604507451,0.0,0.0,0.000389468764605,0.0,0.000207716674456,0.0,0.000389468764605,0.0085239380593834,0.0034013605442176,0.0,0.0,0.0,0.0,0.0,0.000311575011684,0.0,0.0,0.0031417147011476,0.0,0.0,0.0021290959131744,0.0,0.0,0.0,0.0005452562704471,0.000389468764605,0.0040764397361998,0.0,0.0086660036937064,0.000441397933219,0.0,0.0,0.0,0.0,0.0,0.0,0.0,0.0,0.0,0.014877706807914,0.0,0.0,0.0343251804538609,0.0,0.0,0.0016876979799553,0.0,0.000285610427377,0.0,0.000207716674456,Normal
4-34,0.0,0.0,0.0,0.0069431413023081,0.0048977294051416,0.0,0.0,0.0,0.0,0.0016701069619065,0.003471570651154,0.0,0.0012572715331206,0.0,0.0,0.0,0.0,0.0166635391255395,0.0028523175079752,0.0,0.0,0.0,0.0,0.0,0.0,0.0,0.0,0.0,0.0004878964158378,0.022124225933571,0.0,0.0,0.0009007318446237,0.0,0.0,0.0,0.0,0.0,0.0004878964158378,0.003677988365547,0.0,0.0,0.0,0.0,0.0,0.0,0.0,0.0003727402621606,0.0,0.0,0.0002627134546819,0.0,0.0,0.0,0.0004316006755488,0.0,0.0,0.0,0.0,0.0,0.0,0.0,0.0,0.0,0.0,0.0,0.0,0.0,0.0,0.0091574404203415,0.0,0.0,0.0,0.0,0.0,0.0,0.0010320885719647,0.0052167386001124,0.0023831863389002,0.0,0.0,0.0,0.0,0.0,0.0,0.0005629574028898,0.0,0.0,0.0027021955338712,0.0012948020266466,0.0,0.0385250516044285,0.0,0.0,0.0,0.0018014636892475,0.0,0.0,0.0,0.0015762807280915,0.0138675173578532,0.0003727402621606,0.0032276224432351,0.0,0.0,0.0,0.0005629574028897,0.0008069056108087,0.0,0.0,0.0015762807280915,0.0,0.0,0.0,0.0046537811972227,0.0,0.1079704292725352,0.0,0.0,0.0,0.0410771251641954,0.0,0.0,0.0,0.0027397260273972,0.0,0.0,0.0,0.0027960217676861,0.0,0.007262150497279,0.0,0.0,0.0091762056671045,0.0,0.0003940701820228,0.0,0.0,0.0,0.0,0.0014261587539876,0.0,0.0922311878401196,0.0,0.0123287671232876,0.0007318446237568,0.0,0.0,0.0,0.0012948020266466,0.0011071495590167,0.0,0.0,0.0,0.0,0.0063426534058922,0.00350910114468,0.0,0.0,0.003415274910865,0.0,0.0,0.0,0.0003377744417339,0.0,0.0,0.0,0.0,0.0007130793769938,0.0,0.0,0.0004503659223118,0.0022893601050852,0.0008632013510977,0.0,0.0,0.0,0.0026646650403452,0.0,0.2183015468720878,0.003292538982419,0.0,0.0001242467540535,0.0018637013108032,0.0,0.0,0.0362800521836367,0.0,0.0,0.4188979312915447,0.0,0.0346027210039137,0.00192582468783,0.0,0.0937441759334037,0.0,0.0026834302871082,0.0,0.0,0.0,0.0,0.0,0.0,0.0019515856633514,0.0,0.0,0.0,0.0078251079001688,0.0,0.0233814974666916,0.0,0.0,0.0001688872208669,0.0019891161568774,0.0,0.0,0.007318446237568,0.0067930193282039,0.0237932534012548,0.0,0.0,0.0,0.0,0.0058172264965284,0.0,0.0,0.0,0.0038656408331768,0.0152823507485866,0.0,0.0,0.0,0.0,0.1427284668793394,0.0,0.0,0.0233439669731656,0.0,0.0,0.0,0.0,0.0191968474385436,0.0,0.0,0.0,0.0,0.0,0.0,0.0,0.0,0.0,0.0,0.0158191030212046,0.0019703509101144,0.0030587352223681,0.0002814787014449,0.0,0.0,0.0,0.0017639331957215,0.0,0.0,0.0,0.0,0.0,0.0,0.0,0.0029273784950272,0.0,0.0,0.0002439482079189,0.0,0.0075436291987239,0.0,0.0,0.0,0.0020454118971664,0.0,0.0024019515856633,0.0,0.0018014636892475,0.0024582473259523,0.0,0.0,0.0012197410395946,0.0,0.0,0.0,0.0,0.0,0.0094013886282604,0.0,0.0,0.0,0.0,0.0,0.0,0.0,0.0,0.0,0.0,0.0,0.0,0.0,0.0,0.0052730343404015,0.0,0.0104147119534621,0.0,0.0,0.0,0.0,0.0,0.0,0.0,0.0,0.0,0.0,0.0,0.0,0.0,0.0049727903921936,0.0,0.0,0.0,Normal
4-4,0.0033003300330033,0.0052729410872121,0.0,0.0050453321194188,0.0,0.0,0.0008345662152422,0.0018967413982777,0.0,0.0,0.0,0.0005690224194833,0.0007207617313455,0.0,0.0006828269033799,0.0027692424414855,0.0,0.0597852888737149,0.0,0.0,0.0,0.0,0.0,0.0,0.0040969614202799,0.0,0.0,0.0,0.0,0.004514244527901,0.0011380448389666,0.0,0.0,0.0004347616057195,0.0,0.0004172831076211,0.0,0.0,0.0,0.0,0.0,0.0002655437957588,0.0012559779720786,0.0100147945829065,0.0062592466143166,4.830684507994783e-05,0.0,0.0,0.0,0.0,0.0132013201320132,0.0,0.0,0.0,0.0006448920754144,0.0,0.0083456621524221,0.0212435036607109,0.0007207617313455,0.0003034786237244,0.0,0.0,0.0,0.0,0.0,0.000917830056519,0.0,0.0,0.0050453321194188,0.0,0.0014794582906566,0.0019726110542088,0.006562725238041,0.0,0.0017070672584499,0.0009483706991388,0.0,0.0,0.0,0.0,0.0,0.0008725010432077,0.0,0.0008725010432077,0.001441523462691,0.0,0.0028451120974166,0.0,0.0003414134516899,0.0,0.0,0.0,0.0018967413982777,0.0,0.0,0.0,0.0,0.0003034786237244,0.0,0.020977959864952,0.0144152346269108,0.0032365586203565,0.0136565380675998,0.0,0.0,0.0006069572474488,0.0,0.0,0.0,0.0,0.0005690224194833,0.0,0.0071317476575243,0.1513220287545995,0.0019346762262433,0.0004552179355866,0.2242886817061977,0.0,0.0,0.0015932627745533,0.0413110276544894,0.0029589165813133,0.0,0.0,0.0,0.0,0.0,0.0015932627745533,0.0,0.0,0.0238230719623685,0.0,0.0114942528735632,0.0,0.0,0.0,0.0,0.0,0.0008345662152422,0.0015553279465877,0.0005310875915177,0.003490004172831,0.0014794582906566,0.0,0.0004172831076211,0.0,0.0011759796669322,0.0,0.0,0.0,0.0,0.0,0.0023519593338642,0.0,0.0,0.0043625052160387,0.0,0.0,7.586965593111036e-05,0.0021622851940366,0.0015173931186222,0.0,0.0,0.0,0.0,0.0011001100110011,0.0,0.001782936914381,0.0025416334736921,0.0005310875915177,0.0021622851940366,0.0006828269033799,0.0,0.0012897841508288,0.0007586965593111,0.0,0.0,0.0033003300330033,0.0,0.0043959229022752,0.0083087773537509,0.2265591034249553,0.0,0.0356504516690015,0.0,0.028645959132409,0.0020288874933578,0.0,0.0028984107047967,0.227573547171634,9.661369015989566e-05,0.0038645476063958,0.0,0.0041543886768755,0.1847253755857199,0.0555365881415727,0.0,0.0017070672584499,0.001441523462691,0.001782936914381,0.0008725010432077,0.0,0.0091802283676643,0.0,0.0,0.0,0.0,0.0020864155381055,0.0,0.0,0.0005310875915177,0.0009104358711733,0.0,0.0,0.0033761996889344,0.0039072872804521,0.0,0.002465763817761,0.0,0.0,0.0,0.0,0.0006828269033799,0.0026554379575888,0.0,0.0187018701870185,0.0006069572474488,0.0115701225294942,0.0004830684507994,0.0005690224194833,0.0030727210652098,0.0001517393118622,0.0014794582906566,0.0081559880125943,0.0006448920754144,0.0,0.054398543302606,0.0,0.0005310875915177,0.0250369864572664,0.0007966313872766,0.0006069572474488,0.0,0.0,0.0004931527635522,0.0,0.0,0.0007586965593111,0.0048177231516255,0.0,0.0,0.002807177269451,0.0,0.0094457721634232,0.005538484882971,0.0057660938507642,0.0,0.0,0.0,0.0,0.0,0.0038693524524866,0.0085732711202154,0.0011759796669322,0.0,0.0,0.0043245703880732,0.0005690224194833,0.0,0.0,0.0,0.0011001100110011,0.0,0.0,0.0014035886347255,0.0,0.0,0.0079663138727665,0.0,0.001782936914381,0.0,0.0006828269033799,0.0,0.0,0.0061075073024543,0.0,0.0,0.0,0.0,0.0,0.0,0.0,0.0039072872804521,0.0,0.0,0.0,0.0,0.0,0.0,0.0,0.0086491407761465,0.0,0.0,0.0031882517752765,0.0008345662152422,0.0,0.0093232211004299,0.0,0.0,0.0004552179355866,0.0008725010432077,0.0157480314960629,0.0,0.0,0.003490004172831,0.0,0.0,0.002465763817761,0.0023519593338644,0.0,0.0006448920754144,0.0058419635066954,0.0,0.0,0.0,Normal
4-5,0.0048920133352659,0.0005435570372517,0.0,0.0082983041020437,0.0,0.0,0.0,0.003370053630961,0.0,0.0,0.0,0.0,0.003696187853312,0.0,0.0,0.0,0.0,0.0104000579794173,0.0,0.0,0.0,0.0,0.0,0.0,0.0,0.0,0.0,0.0073561385708073,0.0,0.0017756196550224,0.0,0.0,0.0,0.0,0.0,0.0009784026670531,0.0,0.0,0.0,0.0,0.0,0.0,0.0,0.0,0.0059066531381359,0.0839259721355791,0.0,0.0,0.0,0.0104000579794173,0.0008696912596028,0.0,0.0,0.0025365995071749,0.0004348456298014,0.0,0.0,0.0038411363965792,0.0015581968401217,0.0,0.0,0.0,0.003370053630961,0.0,0.0,0.0,0.0,0.0,0.0022104652848238,0.0,0.0,0.0,0.0046383533845484,0.0,0.0015581968401217,0.0,0.0,0.0,0.0057617045948687,0.0020655167415567,0.0,0.0005073199014349,0.0,0.0,0.0005797941730685,0.0,0.0015944339759385,0.0,0.0,0.0017756196550224,0.0004348456298014,0.0,0.0,0.0,0.0004710827656182,0.001340774025221,0.0005073199014349,0.0,0.0,0.0090955210900128,0.0098565009421654,0.0058224163027656,0.0775112335121032,0.0,0.0010508769386867,0.0004348456298014,0.0,0.0,0.0,0.0,0.0013770111610378,0.0,0.0,0.0317074938396869,0.0176474851427743,0.0013770111610378,0.2205032231233102,0.0001247660636306,0.0,0.0012682997535874,0.0227569212929408,0.0,0.0,0.0,0.0,0.0,0.0,0.0,0.0006522684447021,0.0,0.003370053630961,0.0,0.0027902594578924,0.0,0.0,0.0,0.0,0.0,0.0008696912596028,0.018517176402377,0.0022829395564574,0.0,0.0026453109146253,0.0,0.0,0.0,0.0,0.0,0.0,0.0,0.0,0.0,0.0032975793593274,0.0,0.0,0.0084432526453108,0.0004710827656182,0.0,0.0107986664734019,0.0,0.0005435570372517,0.0037324249891288,0.0,0.0,0.0,0.0006522684447021,0.0,0.0008696912596028,0.0,0.0005435570372517,0.0009784026670531,0.0004348456298014,0.0,0.0058341788665023,0.002862733729526,0.0005797941730685,0.0,0.0600449340484127,0.0,0.0136410896236222,0.0183406113537117,0.0366396340195466,0.001621958827199,0.1905593678519442,0.0,0.0,0.0004574755666458,0.0,0.0,0.2249116240382611,0.0002079434393844,0.0338116032439176,0.0,0.0,0.1378249116240379,0.0009784026670531,0.0,0.0024641252355413,0.0,0.0011958254819539,0.0020655167415567,0.0,0.0026090737788085,0.0,0.0,0.0004710827656182,0.0,0.0006522684447021,0.0,0.0,0.0,0.0,0.0,0.0,0.0007247427163357,0.0044571677054645,0.0,0.0008696912596028,0.0,0.0,0.0007247427163357,0.0,0.0018843310624728,0.0054355703725177,0.0,0.0018118567908392,0.0,0.0474344107841716,0.0,0.0,0.0003986084939846,0.0,0.0041310334831134,0.0339541962603275,0.0,0.0,0.0333019278156254,0.0024278880997245,0.0050731990143499,0.0081895926945932,0.0069212929410058,0.0006885055805189,0.0,0.0,0.0,0.0,0.0,0.0066313958544716,0.0168140310189882,0.0,0.0027902594578924,0.0007972169879692,0.0,0.0015944339759385,0.0,0.0080084070155094,0.0,0.0021379910131903,0.0014857225684881,0.0,0.0,0.0,0.0,0.0,0.0,0.0,0.0005797941730685,0.0152558341788664,0.0,0.0,0.0,0.0021742281490071,0.0,0.0,0.004203507754747,0.0,0.0,0.0016306711117553,0.0,0.0032613422235106,0.0,0.004203507754747,0.0006654190060303,0.0024278880997245,0.0,0.0,0.0,0.0,0.0,0.0,0.0,0.0,0.0,0.0012320626177706,0.0,0.0,0.0,0.0,0.0,0.0012682997535874,0.0095303667198144,0.0,0.0,0.0120191307964233,0.0153645455863168,0.0,0.0,0.0,0.0011233512103203,0.0009784026670531,0.0,0.0,0.0,0.0,0.0598637483693288,0.0006238303181534,0.0,0.0,0.0005435570372517,0.0,0.0065951587186548,0.001340774025221,0.0,0.0,0.0,Normal
4-6,0.0,0.0,0.0,0.0,0.0,0.0,0.0,0.0,0.0,0.006631348868225,0.0006297929092727,0.0,0.0,0.0,0.0,0.0,0.0,0.0,0.0,0.027229281665617,0.0,0.0,0.0,0.0,0.0,0.0,0.0,0.0,0.0024450783536472,0.0021116585781498,0.0,0.0,0.0,0.0,0.0,0.0,0.003593524247027,0.0,0.0,0.0,0.0041862705145778,0.0,0.0016590822904816,0.0,0.0,0.0,0.0,0.0008532423208191,0.0,0.0,0.0,0.0067054421516689,0.0,0.0,0.0008520727596043,0.0,0.0,0.0,0.0,0.0,0.0,0.0,0.0,0.0,0.0,0.0,0.0,0.0,0.0,0.0,0.0,0.0,0.0,0.0016670988774867,0.0,0.0,0.0,0.0033712443966952,0.0010743526099359,0.0,0.0,0.0,0.0037417108139147,0.0,0.0,0.0,0.0,0.0,0.0,0.0,0.0,0.0,0.0,0.0,0.0,0.0167450820583114,0.0,0.0,0.0006297929092727,0.0016300522357648,0.0056681361834548,0.0041240045506257,0.0,0.0,0.0,0.0,0.0152632163894342,0.0068536287185566,0.0,0.0,0.007150001852332,0.0,0.0,0.0006297929092727,0.0028896380543103,0.0,0.2168657565415244,0.0,0.0,0.0,0.004556736931797,0.0,0.0,0.0023709850702033,0.0,0.0,0.0001852332086096,0.0,0.0055569962582891,0.0,0.0360463823954358,0.0045196902900752,0.0,0.0,0.0,0.0021116585781498,0.0,0.0,0.0,0.0,0.0,0.0,0.088726706924017,0.0646093431630422,0.0038158040973585,0.0050012966324602,0.0,0.0137072574371133,0.0032601044715296,0.0005186529841069,0.0102989663986959,0.0,0.0,0.0,0.0,0.0002963731337754,0.0040010373059681,0.0002963731337754,0.0,0.0,0.0,0.0,0.0,0.0009632126847701,0.0,0.0,0.0,0.0,0.0017411921609306,0.0,0.0,0.0008150261178824,0.0598303263809133,0.0,0.0,0.0,0.0012225391768236,0.0,0.002227910504361,0.3421027682973072,0.0038869927948426,0.002227910504361,0.0003318164580963,0.0020857034508911,0.0,0.0046928327645051,0.0021805081532043,0.0,0.0,0.2664012135001892,0.0,0.0035551763367463,0.0086272279105043,0.0,0.0361205915813423,0.0,0.0,0.0,0.0,0.0,0.0,0.0,0.0,0.000481606342385,0.0,0.0,0.0,0.0064461156596154,0.0009632126847701,0.0,0.0,0.0,0.0022968917867595,0.0109287593079686,0.0,0.0,0.0,0.0,0.0,0.0024450783536472,0.0,0.0022968917867595,0.0,0.0005927462675508,0.0,0.0003334197754973,0.0,0.0,0.0,0.0,0.0,0.0,0.0007779794761604,0.2370244137368944,0.0,0.0,0.0137813507205571,0.0,0.0,0.0,0.0013707257437113,0.0021116585781498,0.0,0.0,0.0,0.0,0.0,0.0,0.0,0.0,0.0,0.0,0.0074463749861074,0.0057422294668988,0.0,0.0,0.0,0.0,0.0,0.0,0.0,0.0,0.0,0.0,0.0,0.0,0.0,0.0034823843218612,0.0,0.0,0.0006668395509947,0.0,0.0,0.0,0.0,0.0,0.0037046641721927,0.0004445597006631,0.0,0.0,0.0044826436483532,0.0008891194013262,0.0,0.0,0.0040380839476901,0.0,0.0,0.0,0.0302671062868151,0.0,0.0037417108139147,0.0,0.0,0.0,0.0007110352673492,0.0,0.0,0.0,0.0,0.0,0.0010373059682139,0.0,0.0,0.0,0.0,0.0015930055940429,0.0,0.0155595895232097,0.0,0.0,0.0,0.0,0.0,0.0,0.0,0.0,0.0,0.0,0.0,0.0,0.0,0.0023709850702033,0.0,0.0,0.0,Normal
4-7,0.0083340669659887,0.0027878040907356,0.0,0.0014379200046952,0.0,0.0012325028611673,0.0,0.0023476244974616,0.0,0.0,0.0,0.0,0.0048713208322328,0.0,0.0,0.0065440032866742,0.0,0.1164715203803151,0.0,0.0,0.0014379200046952,0.0042550694016492,0.0,0.0,0.0049593567508876,0.0,0.0,0.0,0.0,0.0010270857176394,0.0,0.0,0.0,0.0,0.0,0.0013205387798221,0.0,0.0,0.0,0.0,0.0,0.0004695248994923,0.0,0.0030519118467001,0.0169615869941602,0.0,0.004020306951903,0.0,0.0003814889808375,0.0,0.0017313730668779,0.0,0.0005869061243654,0.000440179593274,0.0,0.0,0.004460486545177,0.0444287936144613,0.0029932212342635,0.0004988702057105,0.0,0.0,0.0044017959327405,0.0,0.0,0.0017011370758349,0.0,0.0022302432725885,0.0,0.0,0.0023769698036799,0.0022595885788068,0.0026410775596443,0.0,0.0002934530621827,0.0028171493969539,0.0,0.0,0.0,0.0034920914399741,0.0,0.0014085746984769,0.0,0.0001760718373096,0.0079819232913694,0.0,0.0007923232678933,0.0,0.0,0.0010564310238577,0.0,0.0,0.0005575608181471,0.0,0.0,0.0001760718373096,0.0,0.0,0.0,0.0283475658068491,0.0186342694486014,0.0,0.0173430759749978,0.0,0.0008510138803298,0.0005575608181471,0.0,0.0,0.0,0.0,0.0050473926695425,0.0,0.0125597910614197,0.1332863808433839,0.001203157554949,0.0005869061243654,0.2273256334497269,0.0,0.0,0.0004695248994923,0.0040203069519029,0.0020248261290606,0.0,0.0,0.0,0.0,0.0,0.0,0.0,0.001203157554949,0.033130850720427,0.0,0.0164333714822313,8.803591865481116e-05,0.0019954808228423,0.0,0.0,0.0,0.0005575608181471,0.0,0.0005282155119288,0.0056636441001261,0.0016433371482231,0.0002054171435278,0.0,0.0,0.0,0.0,0.0,0.0,0.0,0.0009683951052029,0.000762977961675,0.0,0.0,0.0001760718373096,0.0,0.0,0.0,0.0011444669425125,0.0,0.0,0.0003227983684009,0.0,0.0,0.0074830530856589,0.0,0.0019954808228423,0.0015846465357866,0.0001760718373096,0.0024943510285529,0.0005869061243654,0.0,0.0,0.0004695248994923,0.0009977404114211,0.0,0.0005575608181471,0.0,0.0036261079774375,0.0302175664786462,0.0368878144865252,0.0,0.1708747425911003,0.0,0.0057301459396543,0.0,0.0,0.0,0.1902587519025873,0.0,0.0015220700152207,0.0,0.0131166621899901,0.1365386337183274,0.0,0.0,0.0054875722628165,0.0,0.0004988702057105,0.0038735804208116,0.0005869061243654,0.0012618481673856,0.0,0.000117381224873,0.0,0.0,0.0025530416409895,0.0,0.0,0.0003521436746192,0.0027291134782991,0.0,0.0002347624497461,0.000762977961675,0.0008803591865481,0.0,0.0,0.0,0.0,0.0,0.0,0.0007336326554567,0.0,0.0,0.0,0.0005575608181471,0.0244152947736009,0.0,0.0011738122487308,0.0035801273586289,0.0024943510285529,0.0002641077559644,0.0013498840860404,0.0014966106171317,0.0,0.0843090647650907,0.0,0.0053115004255067,0.0131173518795668,0.002611732253426,0.0,0.0,0.0,0.0007336326554567,0.0,0.0004988702057105,0.0,0.0,0.0,0.0010270857176394,0.0011151216362942,0.001085776330076,0.0061038236934001,0.0014085746984769,0.0175778384247438,0.0,0.0,0.0,0.0,0.0,0.0009683951052029,0.0006162514305836,0.0026410775596443,0.0,0.0023182791912433,0.0073656718607858,0.0024650057223347,0.0,0.0,0.0,0.0002347624497461,0.0,0.0,0.0074537077794406,0.0,0.0,0.0064266220618012,0.0,0.004343105320304,0.0008216685741115,0.0022008979663702,0.0,0.0014379200046952,0.0032866742964461,0.0,0.0,0.0,0.0,0.0,0.0,0.0,0.0,0.0,0.0,0.0,0.0,0.0,0.0,0.0,0.0074830530856589,0.0,0.0,0.0029546065001343,0.0022595885788068,0.0,0.008058017727639,0.0,0.0,0.0027291134782991,0.0,0.0166532366371206,0.0,0.001848754291751,0.0146139624966986,0.0,0.0,0.0,0.0014672653109135,0.0,0.0,0.0,0.0,0.0,0.0,Normal
4-8,0.003102284132729,0.0028285531798412,0.0,0.0135953039934304,0.0,0.0,0.0,0.003588916937863,0.0,0.0,0.0,0.0,0.0038930624410718,0.0,0.0,0.0022506767237446,0.0,0.0071170047750844,0.0,0.0,0.0,0.0028589677301621,0.0003649746038504,0.0,0.0060524955138538,0.0,0.0,0.0,0.0,0.0060829100641747,0.0018552875695732,0.0,0.0,0.0,0.0,0.0,0.0,0.0,0.0,0.0,0.0,0.0,0.0014109679239958,0.0015207275160436,0.0061133246144955,0.0,0.0010340947109096,0.0,0.0020377748714985,0.0,0.0036193314881839,0.0,0.0,0.0004866328051339,0.0006691201070592,0.0,0.007208248426047,0.0079990267343897,0.0010036801605888,0.0,0.0,0.0,0.0,0.0,0.0,0.0024456777349261,0.0,0.0008516074089844,0.0011557529121931,0.0,0.0010340947109096,0.0006691201070592,0.0057179354603242,0.0,0.0,0.0049271571519815,0.0,0.0,0.0,0.0,0.0,0.0,0.0,0.0009124365096262,0.0,0.0,0.0044101097965266,0.0,0.0,0.0,0.0,0.0,0.0,0.0,0.0,0.0,0.0004866328051339,0.0,0.0,0.0218072325800662,0.0204081632653059,0.0035274198099896,0.0141123513488853,0.0,0.0007603637580217,0.0007299492077009,0.0,0.0,0.0,0.0,0.0013382402141184,0.0078469539827853,0.0134128166915052,0.1270415766902886,0.0219593053316706,0.0,0.1846016367227917,0.0013639356598624,0.0,0.0011253383618723,0.0426716141001851,0.003102284132729,0.0,0.0,0.0,0.0,0.0,0.0,0.0,0.0008211928586635,0.040360108275799,0.0,0.0069649320234799,0.0,0.0018857021198941,0.0,0.0,0.0004258037044922,0.0,0.0,0.0012165820128349,0.0013990693147601,0.0011253383618723,0.0,0.0,0.0,0.0,0.0,0.0,0.0,0.0,0.0003041455032087,0.0007907783083427,0.0,0.0,0.0036497460385048,0.0,0.0,0.0,0.0034672587365795,0.0021290185224611,0.0048359135010188,0.0,0.0,0.0002433164025669,0.0037409896894674,0.0,0.0007603637580218,0.0014903129657228,0.0005778764560965,0.0042276224946014,0.0,0.0,0.0008211928586635,0.0,0.0,0.0,0.0029502113811247,0.0,0.0102060013169033,0.005784968488383,0.015426582635688,0.0,0.2450380961339479,0.0,0.0,0.0,0.0,0.0,0.2457906123600785,0.0,0.0018342583011946,0.0,0.0009406452826639,0.2387828050042325,0.0,0.0,0.0023115058243863,0.0,0.0005778764560965,0.0,0.0,0.0031631132333708,0.0,0.0,0.0008211928586635,0.0,0.0040451351926761,0.0,0.0,0.0017336293682897,0.001186167462514,0.0,0.0,0.00069953465738,0.0,0.0,0.0016423857173271,0.0,0.0,0.0,0.0001520727516043,0.0003953891541713,0.0028285531798411,0.0,0.0724778734146413,0.0,0.0344901000638705,0.0,0.0,0.0025548222269533,0.0002737309528878,0.0007907783083427,0.0390218680616807,0.0004866328051339,0.0,0.0429149305027524,0.0,0.0012774111134766,0.0427324432008272,0.0,0.0,0.0,0.0,0.0,0.0,0.0004866328051339,0.0,0.0164238571732716,0.0,0.00383223334043,0.0039538915417135,0.0025244076766325,0.0086073177408071,0.0043492806958849,0.0113142127193649,0.0,0.0010036801605888,0.0,0.0,0.0,0.0,0.0,0.0010036801605888,0.0,0.0007907783083427,0.0011253383618723,0.0012469965631558,0.0,0.0,0.0,0.0,0.0,0.0,0.0100063870555673,0.0,0.0,0.0024939931263116,0.001672800267648,0.0013078256637975,0.0,0.0,0.0006114194337315,0.0010340947109096,0.0004562182548131,0.0,0.0,0.0,0.0,0.0,0.0,0.0,0.0,0.0002737309528878,0.0,0.0008820219593053,0.0,0.0,0.0015990969805286,0.0010645092612305,0.0027981386295203,0.0,0.0,0.0,0.0,0.0,0.001928322829461,0.0,0.0,0.0017336293682897,0.0,0.0,0.0,0.0,0.0032847714346543,0.0,0.0,0.0174275373338605,0.0006387055567383,0.0,0.0019769457708567,0.003102284132729,0.0010340947109096,0.0,0.0003345600535296,Normal
4-9,0.0,0.0,0.0,0.0,0.0,0.0,0.0,0.0,0.0,0.0013039053555527,0.0008586693804859,0.0,0.0,0.0,0.0,0.0,0.0,0.0,0.0,0.0,0.0,0.0,0.0,0.0,0.0,0.0,0.0,0.0,0.0013357079252003,0.0052474239918585,0.0,0.0,0.0049293982953822,0.0,0.0,0.0,0.0,0.0,0.0,0.0,0.0301806385955985,0.0,0.0,0.0,0.0,0.0,0.0,3.6165057321615855e-05,0.0,0.0,0.0,0.0006678539626001,0.0,0.0,0.0,0.0,0.0,0.0,0.0,0.0,0.0,0.0,0.0,0.0,0.0006360513929525,0.0,0.0,0.0,0.0,0.0,0.0,0.0,0.0,0.0,0.0,0.0,0.0020353644574481,0.0267141585040069,0.0020035618878005,0.0,0.0,0.0,0.0,0.0,0.0,0.0113853199338506,0.0,0.0,0.0,0.0,0.0,0.0,0.0,0.0,0.0,0.0001908154178857,0.0,0.0,0.0,0.0,0.0,0.0016997576941159,0.0001908154178857,0.0,0.0,0.0,0.0169189670525377,0.0,0.0,0.0,0.0009540770894288,0.0,0.0,0.0,0.0,0.0,0.0140682072981085,0.0,0.0471953998047086,0.0,0.0403256583131914,0.0,0.0,0.0,0.0,0.0,0.0,0.0,0.0020035618878005,0.0,0.0375906373234957,0.0049612008650298,0.0,0.0037209006487724,0.0,0.0002226179875333,0.0,0.0,0.0,0.0,0.0,0.0,0.240395623966416,0.0,0.0443009795191451,0.0091909426281643,0.0,0.0,0.0,0.0031802569647627,0.0029576389772293,0.0,0.0,0.0,0.0,0.0,0.0,0.0004134334054191,0.0,0.0,0.0,0.0,0.0,0.0006996565322478,0.0,0.0,0.0257600814145783,0.0,0.0104312428444218,0.0,0.0,0.0,0.0130708561251748,0.0,0.0,0.0,0.0001272102785905,0.0,0.0,0.5282991573541643,0.0084264583559364,0.0018444179234024,0.000470145745181,0.0019167480380456,0.0,0.0006871360891107,0.0,0.0,0.0,0.0432534085566524,0.0,0.0215905392210046,0.0,0.0,0.0041228165346641,0.0,0.0025124030021625,0.0,0.0,0.0,0.0,0.0,0.0,0.0020353644574481,0.0,0.0,0.0,0.0,0.0005724462536572,0.0,0.0,0.0,0.0,0.0317071619386845,0.0,0.0,0.0091909426281642,0.0558135097315862,0.0,0.0022579824449815,0.0,0.0,0.0,0.0,0.0,0.0,0.0,0.0,0.0002893204585729,0.0,0.0,0.0,0.0,0.0026078107111054,0.0,0.0,0.0484671161429843,0.0,0.0,0.0,0.0,0.0095407708942882,0.0,0.0005724462536572,0.0,0.0,0.0,0.0,0.0,0.0087457066530975,0.0,0.0,0.0092545477674595,0.0169825721918331,0.0,0.0,0.0006042488233049,0.0,0.0,0.0013675104948479,0.0044841623203154,0.0,0.0,0.0,0.0,0.0,0.0,0.0,0.0252194377305686,0.0,0.0035618878005342,0.0,0.0016537336216766,0.010240427426536,0.0,0.0082686681083831,0.0,0.0,0.0,0.0,0.000763261671543,0.0,0.0,0.0,0.0069647627528304,0.0,0.0,0.0,0.0,0.0,0.0031166518254674,0.0,0.0,0.0,0.0,0.0,0.0,0.0023215875842768,0.0,0.0,0.0,0.0,0.0,0.0,0.0,0.0036572955094771,0.0,0.0260145019717593,0.0,0.0,0.0,0.0,0.0013039053555527,0.0,0.0,0.0013742721782214,0.0,0.0,0.0,0.0,0.0,0.0,0.0,0.0,0.0,Normal
