target,feature,category,fold,importance,permutation_sd,selected_in_fold,fold_rank,positive_top10,positive_top20
warning_acid_base_balance,Season,Metadata: operation/context,1,0.01458333333333332,0.020390020205399685,True,12.0,False,True
warning_buffer_capacity,Season,Metadata: operation/context,1,0.0034860972360972417,0.003552619302213974,True,8.0,True,True
warning_acid_accumulation,Season,Metadata: operation/context,1,,,True,,False,False
warning_ammonia_toxicity,Season,Metadata: operation/context,1,-0.00694444444444447,0.029720104313239955,True,271.0,False,False
warning_biogas_quality,Season,Metadata: operation/context,1,0.0,0.0,True,138.0,False,False
warning_acid_base_balance,substrate_type,Metadata: substrate,1,9.881422924901129e-05,0.0004419106674900745,True,49.5,False,False
warning_buffer_capacity,substrate_type,Metadata: substrate,1,0.0017024642024642046,0.003319605482501111,True,13.0,False,True
warning_acid_accumulation,substrate_type,Metadata: substrate,1,,,True,,False,False
warning_ammonia_toxicity,substrate_type,Metadata: substrate,1,0.0,0.0,True,139.0,False,False
warning_biogas_quality,substrate_type,Metadata: substrate,1,0.0,0.0,True,138.0,False,False
warning_acid_base_balance,HRT_d,Metadata: operation/context,1,0.04054677206851117,0.009651001347201073,True,7.0,True,True
warning_buffer_capacity,HRT_d,Metadata: operation/context,1,0.0,0.0,True,140.5,False,False
warning_acid_accumulation,HRT_d,Metadata: operation/context,1,,,True,,False,False
warning_ammonia_toxicity,HRT_d,Metadata: operation/context,1,0.0,0.0,True,139.0,False,False
warning_biogas_quality,HRT_d,Metadata: operation/context,1,0.0,0.0,True,138.0,False,False
warning_acid_base_balance,T_C,Metadata: operation/context,1,0.00019762845849802257,0.0006082875605247914,True,44.0,False,False
warning_buffer_capacity,T_C,Metadata: operation/context,1,0.0,0.0,True,140.5,False,False
warning_acid_accumulation,T_C,Metadata: operation/context,1,,,True,,False,False
warning_ammonia_toxicity,T_C,Metadata: operation/context,1,0.0,0.0,True,139.0,False,False
warning_biogas_quality,T_C,Metadata: operation/context,1,0.0,0.0,True,138.0,False,False
warning_acid_base_balance,Q_total_Tpy,Metadata: operation/context,1,0.0,0.0,True,162.5,False,False
warning_buffer_capacity,Q_total_Tpy,Metadata: operation/context,1,0.0,0.0,True,140.5,False,False
warning_acid_accumulation,Q_total_Tpy,Metadata: operation/context,1,,,True,,False,False
warning_ammonia_toxicity,Q_total_Tpy,Metadata: operation/context,1,0.0,0.0,True,139.0,False,False
warning_biogas_quality,Q_total_Tpy,Metadata: operation/context,1,0.0,0.0,True,138.0,False,False
warning_acid_base_balance,substrate_avg_pH,Metadata: substrate,1,0.02767621870882738,0.02043240271951856,True,9.0,True,True
warning_buffer_capacity,substrate_avg_pH,Metadata: substrate,1,0.0,0.0,True,140.5,False,False
warning_acid_accumulation,substrate_avg_pH,Metadata: substrate,1,,,True,,False,False
warning_ammonia_toxicity,substrate_avg_pH,Metadata: substrate,1,0.0,0.0,True,139.0,False,False
warning_biogas_quality,substrate_avg_pH,Metadata: substrate,1,0.0,0.0,True,138.0,False,False
warning_acid_base_balance,substrate_avg_ALK,Metadata: substrate,1,0.0,0.0,True,162.5,False,False
warning_buffer_capacity,substrate_avg_ALK,Metadata: substrate,1,3.78787878787902e-05,0.002850263705307403,True,23.0,False,False
warning_acid_accumulation,substrate_avg_ALK,Metadata: substrate,1,,,True,,False,False
warning_ammonia_toxicity,substrate_avg_ALK,Metadata: substrate,1,0.0,0.0,True,139.0,False,False
warning_biogas_quality,substrate_avg_ALK,Metadata: substrate,1,0.0,0.0,True,138.0,False,False
warning_acid_base_balance,substrate_avg_VS,Metadata: substrate,1,0.01501976284584979,0.019649084312823837,True,11.0,False,True
warning_buffer_capacity,substrate_avg_VS,Metadata: substrate,1,0.0,0.0,True,140.5,False,False
warning_acid_accumulation,substrate_avg_VS,Metadata: substrate,1,,,True,,False,False
warning_ammonia_toxicity,substrate_avg_VS,Metadata: substrate,1,0.12167529330572809,0.05342530465798271,True,2.0,True,True
warning_biogas_quality,substrate_avg_VS,Metadata: substrate,1,0.0,0.0,True,138.0,False,False
warning_acid_base_balance,substrate_avg_COD,Metadata: substrate,1,0.0,0.0,True,162.5,False,False
warning_buffer_capacity,substrate_avg_COD,Metadata: substrate,1,0.0,0.0,True,140.5,False,False
warning_acid_accumulation,substrate_avg_COD,Metadata: substrate,1,,,True,,False,False
warning_ammonia_toxicity,substrate_avg_COD,Metadata: substrate,1,0.0,0.0,True,139.0,False,False
warning_biogas_quality,substrate_avg_COD,Metadata: substrate,1,0.0,0.0,True,138.0,False,False
warning_acid_base_balance,substrate_avg_sCOD,Metadata: substrate,1,0.00029644268774703386,0.0007240070129101208,True,40.0,False,False
warning_buffer_capacity,substrate_avg_sCOD,Metadata: substrate,1,0.0,0.0,True,140.5,False,False
warning_acid_accumulation,substrate_avg_sCOD,Metadata: substrate,1,,,True,,False,False
warning_ammonia_toxicity,substrate_avg_sCOD,Metadata: substrate,1,-0.0022817460317460458,0.019718448174725352,True,268.0,False,False
warning_biogas_quality,substrate_avg_sCOD,Metadata: substrate,1,0.0,0.0,True,138.0,False,False
warning_acid_base_balance,substrate_avg_TC,Metadata: substrate,1,9.881422924901129e-05,0.0004419106674900745,True,49.5,False,False
warning_buffer_capacity,substrate_avg_TC,Metadata: substrate,1,0.0,0.0,True,140.5,False,False
warning_acid_accumulation,substrate_avg_TC,Metadata: substrate,1,,,True,,False,False
warning_ammonia_toxicity,substrate_avg_TC,Metadata: substrate,1,0.0,0.0,True,139.0,False,False
warning_biogas_quality,substrate_avg_TC,Metadata: substrate,1,0.0,0.0,True,138.0,False,False
warning_acid_base_balance,substrate_avg_Protein,Metadata: substrate,1,0.0004940711462450564,0.0008779874670342227,True,33.0,False,False
warning_buffer_capacity,substrate_avg_Protein,Metadata: substrate,1,0.0,0.0,True,140.5,False,False
warning_acid_accumulation,substrate_avg_Protein,Metadata: substrate,1,,,True,,False,False
warning_ammonia_toxicity,substrate_avg_Protein,Metadata: substrate,1,0.008234126984126972,0.01647856769566797,True,5.0,True,True
warning_biogas_quality,substrate_avg_Protein,Metadata: substrate,1,0.0,0.0,True,138.0,False,False
warning_acid_base_balance,substrate_avg_Lipid,Metadata: substrate,1,0.0010869565217391242,0.001008730801450667,True,26.0,False,False
warning_buffer_capacity,substrate_avg_Lipid,Metadata: substrate,1,0.0009430846930846982,0.0036580244460117217,True,14.0,False,True
warning_acid_accumulation,substrate_avg_Lipid,Metadata: substrate,1,,,True,,False,False
warning_ammonia_toxicity,substrate_avg_Lipid,Metadata: substrate,1,0.0018849206349206226,0.007324881796398593,True,6.0,True,True
warning_biogas_quality,substrate_avg_Lipid,Metadata: substrate,1,0.0,0.0,True,138.0,False,False
warning_acid_base_balance,substrate_avg_TVFAs,Metadata: substrate,1,0.0,0.0,True,162.5,False,False
warning_buffer_capacity,substrate_avg_TVFAs,Metadata: substrate,1,0.0,0.0,True,140.5,False,False
warning_acid_accumulation,substrate_avg_TVFAs,Metadata: substrate,1,,,True,,False,False
warning_ammonia_toxicity,substrate_avg_TVFAs,Metadata: substrate,1,0.0,0.0,True,139.0,False,False
warning_biogas_quality,substrate_avg_TVFAs,Metadata: substrate,1,0.0,0.0,True,138.0,False,False
warning_acid_base_balance,substrate_avg_HAc,Metadata: substrate,1,0.0,0.0,True,162.5,False,False
warning_buffer_capacity,substrate_avg_HAc,Metadata: substrate,1,0.0,0.0,True,140.5,False,False
warning_acid_accumulation,substrate_avg_HAc,Metadata: substrate,1,,,True,,False,False
warning_ammonia_toxicity,substrate_avg_HAc,Metadata: substrate,1,0.0,0.0,True,139.0,False,False
warning_biogas_quality,substrate_avg_HAc,Metadata: substrate,1,0.0,0.0,True,138.0,False,False
warning_acid_base_balance,substrate_avg_HPro,Metadata: substrate,1,0.0,0.0,True,162.5,False,False
warning_buffer_capacity,substrate_avg_HPro,Metadata: substrate,1,0.0,0.0,True,140.5,False,False
warning_acid_accumulation,substrate_avg_HPro,Metadata: substrate,1,,,True,,False,False
warning_ammonia_toxicity,substrate_avg_HPro,Metadata: substrate,1,0.0,0.0,True,139.0,False,False
warning_biogas_quality,substrate_avg_HPro,Metadata: substrate,1,0.0,0.0,True,138.0,False,False
warning_acid_base_balance,BAC_P::Abditibacteriota,Bacteria,1,0.0,0.0,True,162.5,False,False
warning_buffer_capacity,BAC_P::Abditibacteriota,Bacteria,1,0.0,0.0,True,140.5,False,False
warning_acid_accumulation,BAC_P::Abditibacteriota,Bacteria,1,,,True,,False,False
warning_ammonia_toxicity,BAC_P::Abditibacteriota,Bacteria,1,0.0,0.0,True,139.0,False,False
warning_biogas_quality,BAC_P::Abditibacteriota,Bacteria,1,0.0,0.0,True,138.0,False,False
warning_acid_base_balance,BAC_P::Acetothermia,Bacteria,1,0.0,0.0,True,162.5,False,False
warning_buffer_capacity,BAC_P::Acetothermia,Bacteria,1,0.0,0.0,True,140.5,False,False
warning_acid_accumulation,BAC_P::Acetothermia,Bacteria,1,,,True,,False,False
warning_ammonia_toxicity,BAC_P::Acetothermia,Bacteria,1,0.0,0.0,True,139.0,False,False
warning_biogas_quality,BAC_P::Acetothermia,Bacteria,1,0.0,0.0,True,138.0,False,False
warning_acid_base_balance,BAC_P::Acidobacteriota,Bacteria,1,0.0,0.0,True,162.5,False,False
warning_buffer_capacity,BAC_P::Acidobacteriota,Bacteria,1,0.0,0.0,True,140.5,False,False
warning_acid_accumulation,BAC_P::Acidobacteriota,Bacteria,1,,,True,,False,False
warning_ammonia_toxicity,BAC_P::Acidobacteriota,Bacteria,1,0.0,0.0,True,139.0,False,False
warning_biogas_quality,BAC_P::Acidobacteriota,Bacteria,1,0.0,0.0,True,138.0,False,False
warning_acid_base_balance,BAC_P::Actinobacteriota,Bacteria,1,0.00029644268774703386,0.0007240070129101208,True,40.0,False,False
warning_buffer_capacity,BAC_P::Actinobacteriota,Bacteria,1,0.0,0.0,True,140.5,False,False
warning_acid_accumulation,BAC_P::Actinobacteriota,Bacteria,1,,,True,,False,False
warning_ammonia_toxicity,BAC_P::Actinobacteriota,Bacteria,1,0.0,0.0,True,139.0,False,False
warning_biogas_quality,BAC_P::Actinobacteriota,Bacteria,1,0.0,0.0,True,138.0,False,False
warning_acid_base_balance,BAC_P::Armatimonadota,Bacteria,1,0.0005681818181818177,0.0013876801080777382,True,31.0,False,False
warning_buffer_capacity,BAC_P::Armatimonadota,Bacteria,1,-0.012332535885167459,0.00494621075586426,True,274.0,False,False
warning_acid_accumulation,BAC_P::Armatimonadota,Bacteria,1,,,True,,False,False
warning_ammonia_toxicity,BAC_P::Armatimonadota,Bacteria,1,-0.011726190476190468,0.061275326862141655,True,274.0,False,False
warning_biogas_quality,BAC_P::Armatimonadota,Bacteria,1,0.0,0.0,True,138.0,False,False
warning_acid_base_balance,BAC_P::Bacteroidota,Bacteria,1,0.0013669301712779913,0.0012645593609222805,True,25.0,False,False
warning_buffer_capacity,BAC_P::Bacteroidota,Bacteria,1,0.0,0.0,True,140.5,False,False
warning_acid_accumulation,BAC_P::Bacteroidota,Bacteria,1,,,True,,False,False
warning_ammonia_toxicity,BAC_P::Bacteroidota,Bacteria,1,0.0,0.0,True,139.0,False,False
warning_biogas_quality,BAC_P::Bacteroidota,Bacteria,1,0.0,0.0,True,138.0,False,False
warning_acid_base_balance,BAC_P::Bdellovibrionota,Bacteria,1,0.0,0.0,False,162.5,False,False
warning_buffer_capacity,BAC_P::Bdellovibrionota,Bacteria,1,0.0,0.0,False,140.5,False,False
warning_acid_accumulation,BAC_P::Bdellovibrionota,Bacteria,1,,,False,,False,False
warning_ammonia_toxicity,BAC_P::Bdellovibrionota,Bacteria,1,0.0,0.0,False,139.0,False,False
warning_biogas_quality,BAC_P::Bdellovibrionota,Bacteria,1,0.0,0.0,False,138.0,False,False
warning_acid_base_balance,BAC_P::Caldatribacteriota,Bacteria,1,0.0004940711462450564,0.0008779874670342228,True,33.0,False,False
warning_buffer_capacity,BAC_P::Caldatribacteriota,Bacteria,1,0.0,0.0,True,140.5,False,False
warning_acid_accumulation,BAC_P::Caldatribacteriota,Bacteria,1,,,True,,False,False
warning_ammonia_toxicity,BAC_P::Caldatribacteriota,Bacteria,1,0.0,0.0,True,139.0,False,False
warning_biogas_quality,BAC_P::Caldatribacteriota,Bacteria,1,0.0,0.0,True,138.0,False,False
warning_acid_base_balance,BAC_P::Caldisericota,Bacteria,1,0.0,0.0,True,162.5,False,False
warning_buffer_capacity,BAC_P::Caldisericota,Bacteria,1,0.0,0.0,True,140.5,False,False
warning_acid_accumulation,BAC_P::Caldisericota,Bacteria,1,,,True,,False,False
warning_ammonia_toxicity,BAC_P::Caldisericota,Bacteria,1,0.0,0.0,True,139.0,False,False
warning_biogas_quality,BAC_P::Caldisericota,Bacteria,1,0.0,0.0,True,138.0,False,False
warning_acid_base_balance,BAC_P::Campilobacterota,Bacteria,1,0.0,0.0,True,162.5,False,False
warning_buffer_capacity,BAC_P::Campilobacterota,Bacteria,1,0.0,0.0,True,140.5,False,False
warning_acid_accumulation,BAC_P::Campilobacterota,Bacteria,1,,,True,,False,False
warning_ammonia_toxicity,BAC_P::Campilobacterota,Bacteria,1,0.0,0.0,True,139.0,False,False
warning_biogas_quality,BAC_P::Campilobacterota,Bacteria,1,0.0,0.0,True,138.0,False,False
warning_acid_base_balance,BAC_P::Chloroflexi,Bacteria,1,0.0,0.0,True,162.5,False,False
warning_buffer_capacity,BAC_P::Chloroflexi,Bacteria,1,0.0,0.0,True,140.5,False,False
warning_acid_accumulation,BAC_P::Chloroflexi,Bacteria,1,,,True,,False,False
warning_ammonia_toxicity,BAC_P::Chloroflexi,Bacteria,1,0.0,0.0,True,139.0,False,False
warning_biogas_quality,BAC_P::Chloroflexi,Bacteria,1,0.0,0.0,True,138.0,False,False
warning_acid_base_balance,BAC_P::Cloacimonadota,Bacteria,1,0.0,0.0,True,162.5,False,False
warning_buffer_capacity,BAC_P::Cloacimonadota,Bacteria,1,0.0,0.0,True,140.5,False,False
warning_acid_accumulation,BAC_P::Cloacimonadota,Bacteria,1,,,True,,False,False
warning_ammonia_toxicity,BAC_P::Cloacimonadota,Bacteria,1,0.0,0.0,True,139.0,False,False
warning_biogas_quality,BAC_P::Cloacimonadota,Bacteria,1,0.0,0.0,True,138.0,False,False
warning_acid_base_balance,BAC_P::Coprothermobacterota,Bacteria,1,0.0,0.0,True,162.5,False,False
warning_buffer_capacity,BAC_P::Coprothermobacterota,Bacteria,1,0.0,0.0,True,140.5,False,False
warning_acid_accumulation,BAC_P::Coprothermobacterota,Bacteria,1,,,True,,False,False
warning_ammonia_toxicity,BAC_P::Coprothermobacterota,Bacteria,1,0.0,0.0,True,139.0,False,False
warning_biogas_quality,BAC_P::Coprothermobacterota,Bacteria,1,0.0,0.0,True,138.0,False,False
warning_acid_base_balance,BAC_P::Cyanobacteria,Bacteria,1,0.0,0.0,True,162.5,False,False
warning_buffer_capacity,BAC_P::Cyanobacteria,Bacteria,1,0.0,0.0,True,140.5,False,False
warning_acid_accumulation,BAC_P::Cyanobacteria,Bacteria,1,,,True,,False,False
warning_ammonia_toxicity,BAC_P::Cyanobacteria,Bacteria,1,0.0,0.0,True,139.0,False,False
warning_biogas_quality,BAC_P::Cyanobacteria,Bacteria,1,0.0,0.0,True,138.0,False,False
warning_acid_base_balance,BAC_P::Deinococcota,Bacteria,1,0.0,0.0,True,162.5,False,False
warning_buffer_capacity,BAC_P::Deinococcota,Bacteria,1,0.0,0.0,True,140.5,False,False
warning_acid_accumulation,BAC_P::Deinococcota,Bacteria,1,,,True,,False,False
warning_ammonia_toxicity,BAC_P::Deinococcota,Bacteria,1,0.0,0.0,True,139.0,False,False
warning_biogas_quality,BAC_P::Deinococcota,Bacteria,1,0.0,0.0,True,138.0,False,False
warning_acid_base_balance,BAC_P::Dependentiae,Bacteria,1,0.0,0.0,True,162.5,False,False
warning_buffer_capacity,BAC_P::Dependentiae,Bacteria,1,0.0,0.0,True,140.5,False,False
warning_acid_accumulation,BAC_P::Dependentiae,Bacteria,1,,,True,,False,False
warning_ammonia_toxicity,BAC_P::Dependentiae,Bacteria,1,0.0,0.0,True,139.0,False,False
warning_biogas_quality,BAC_P::Dependentiae,Bacteria,1,0.0,0.0,True,138.0,False,False
warning_acid_base_balance,BAC_P::Desulfobacterota,Bacteria,1,0.0,0.0,True,162.5,False,False
warning_buffer_capacity,BAC_P::Desulfobacterota,Bacteria,1,0.0,0.0,True,140.5,False,False
warning_acid_accumulation,BAC_P::Desulfobacterota,Bacteria,1,,,True,,False,False
warning_ammonia_toxicity,BAC_P::Desulfobacterota,Bacteria,1,0.0,0.0,True,139.0,False,False
warning_biogas_quality,BAC_P::Desulfobacterota,Bacteria,1,0.0,0.0,True,138.0,False,False
warning_acid_base_balance,BAC_P::Elusimicrobiota,Bacteria,1,0.0,0.0,True,162.5,False,False
warning_buffer_capacity,BAC_P::Elusimicrobiota,Bacteria,1,0.0,0.0,True,140.5,False,False
warning_acid_accumulation,BAC_P::Elusimicrobiota,Bacteria,1,,,True,,False,False
warning_ammonia_toxicity,BAC_P::Elusimicrobiota,Bacteria,1,0.0,0.0,True,139.0,False,False
warning_biogas_quality,BAC_P::Elusimicrobiota,Bacteria,1,0.0,0.0,True,138.0,False,False
warning_acid_base_balance,BAC_P::Fermentibacterota,Bacteria,1,0.0,0.0,True,162.5,False,False
warning_buffer_capacity,BAC_P::Fermentibacterota,Bacteria,1,0.0,0.0,True,140.5,False,False
warning_acid_accumulation,BAC_P::Fermentibacterota,Bacteria,1,,,True,,False,False
warning_ammonia_toxicity,BAC_P::Fermentibacterota,Bacteria,1,0.0,0.0,True,139.0,False,False
warning_biogas_quality,BAC_P::Fermentibacterota,Bacteria,1,0.0,0.0,True,138.0,False,False
warning_acid_base_balance,BAC_P::Fibrobacterota,Bacteria,1,0.0,0.0,True,162.5,False,False
warning_buffer_capacity,BAC_P::Fibrobacterota,Bacteria,1,0.0,0.0,True,140.5,False,False
warning_acid_accumulation,BAC_P::Fibrobacterota,Bacteria,1,,,True,,False,False
warning_ammonia_toxicity,BAC_P::Fibrobacterota,Bacteria,1,0.0,0.0,True,139.0,False,False
warning_biogas_quality,BAC_P::Fibrobacterota,Bacteria,1,0.0,0.0,True,138.0,False,False
warning_acid_base_balance,BAC_P::Firmicutes,Bacteria,1,0.0007905138339920903,0.0009933294267787187,True,27.0,False,False
warning_buffer_capacity,BAC_P::Firmicutes,Bacteria,1,0.0,0.0,True,140.5,False,False
warning_acid_accumulation,BAC_P::Firmicutes,Bacteria,1,,,True,,False,False
warning_ammonia_toxicity,BAC_P::Firmicutes,Bacteria,1,0.0,0.0,True,139.0,False,False
warning_biogas_quality,BAC_P::Firmicutes,Bacteria,1,0.0,0.0,True,138.0,False,False
warning_acid_base_balance,BAC_P::Fusobacteriota,Bacteria,1,0.0,0.0,True,162.5,False,False
warning_buffer_capacity,BAC_P::Fusobacteriota,Bacteria,1,0.0,0.0,True,140.5,False,False
warning_acid_accumulation,BAC_P::Fusobacteriota,Bacteria,1,,,True,,False,False
warning_ammonia_toxicity,BAC_P::Fusobacteriota,Bacteria,1,0.0,0.0,True,139.0,False,False
warning_biogas_quality,BAC_P::Fusobacteriota,Bacteria,1,0.0,0.0,True,138.0,False,False
warning_acid_base_balance,BAC_P::Halanaerobiaeota,Bacteria,1,0.0,0.0,True,162.5,False,False
warning_buffer_capacity,BAC_P::Halanaerobiaeota,Bacteria,1,0.0,0.0,True,140.5,False,False
warning_acid_accumulation,BAC_P::Halanaerobiaeota,Bacteria,1,,,True,,False,False
warning_ammonia_toxicity,BAC_P::Halanaerobiaeota,Bacteria,1,0.0,0.0,True,139.0,False,False
warning_biogas_quality,BAC_P::Halanaerobiaeota,Bacteria,1,0.0,0.0,True,138.0,False,False
warning_acid_base_balance,BAC_P::Marinimicrobia_(SAR406_clade),Bacteria,1,0.0,0.0,True,162.5,False,False
warning_buffer_capacity,BAC_P::Marinimicrobia_(SAR406_clade),Bacteria,1,0.0,0.0,True,140.5,False,False
warning_acid_accumulation,BAC_P::Marinimicrobia_(SAR406_clade),Bacteria,1,,,True,,False,False
warning_ammonia_toxicity,BAC_P::Marinimicrobia_(SAR406_clade),Bacteria,1,0.0,0.0,True,139.0,False,False
warning_biogas_quality,BAC_P::Marinimicrobia_(SAR406_clade),Bacteria,1,0.0,0.0,True,138.0,False,False
warning_acid_base_balance,BAC_P::Patescibacteria,Bacteria,1,0.0,0.0,True,162.5,False,False
warning_buffer_capacity,BAC_P::Patescibacteria,Bacteria,1,0.0,0.0,True,140.5,False,False
warning_acid_accumulation,BAC_P::Patescibacteria,Bacteria,1,,,True,,False,False
warning_ammonia_toxicity,BAC_P::Patescibacteria,Bacteria,1,0.0,0.0,True,139.0,False,False
warning_biogas_quality,BAC_P::Patescibacteria,Bacteria,1,0.0,0.0,True,138.0,False,False
warning_acid_base_balance,BAC_P::Planctomycetota,Bacteria,1,0.0,0.0,True,162.5,False,False
warning_buffer_capacity,BAC_P::Planctomycetota,Bacteria,1,0.0,0.0,True,140.5,False,False
warning_acid_accumulation,BAC_P::Planctomycetota,Bacteria,1,,,True,,False,False
warning_ammonia_toxicity,BAC_P::Planctomycetota,Bacteria,1,0.0,0.0,True,139.0,False,False
warning_biogas_quality,BAC_P::Planctomycetota,Bacteria,1,0.0,0.0,True,138.0,False,False
warning_acid_base_balance,BAC_P::Proteobacteria,Bacteria,1,0.0,0.0,True,162.5,False,False
warning_buffer_capacity,BAC_P::Proteobacteria,Bacteria,1,0.0,0.0,True,140.5,False,False
warning_acid_accumulation,BAC_P::Proteobacteria,Bacteria,1,,,True,,False,False
warning_ammonia_toxicity,BAC_P::Proteobacteria,Bacteria,1,0.0,0.0,True,139.0,False,False
warning_biogas_quality,BAC_P::Proteobacteria,Bacteria,1,0.0,0.0,True,138.0,False,False
warning_acid_base_balance,BAC_P::Spirochaetota,Bacteria,1,0.00029644268774703386,0.0007240070129101208,True,40.0,False,False
warning_buffer_capacity,BAC_P::Spirochaetota,Bacteria,1,0.010436046796340923,0.003457230903276589,True,1.0,True,True
warning_acid_accumulation,BAC_P::Spirochaetota,Bacteria,1,,,True,,False,False
warning_ammonia_toxicity,BAC_P::Spirochaetota,Bacteria,1,0.0,0.0,True,139.0,False,False
warning_biogas_quality,BAC_P::Spirochaetota,Bacteria,1,0.0,0.0,True,138.0,False,False
warning_acid_base_balance,BAC_P::Synergistota,Bacteria,1,0.0,0.0,True,162.5,False,False
warning_buffer_capacity,BAC_P::Synergistota,Bacteria,1,0.0,0.0,True,140.5,False,False
warning_acid_accumulation,BAC_P::Synergistota,Bacteria,1,,,True,,False,False
warning_ammonia_toxicity,BAC_P::Synergistota,Bacteria,1,0.0,0.0,True,139.0,False,False
warning_biogas_quality,BAC_P::Synergistota,Bacteria,1,0.0,0.0,True,138.0,False,False
warning_acid_base_balance,BAC_P::Thermotogota,Bacteria,1,0.0,0.0,True,162.5,False,False
warning_buffer_capacity,BAC_P::Thermotogota,Bacteria,1,0.0,0.0,True,140.5,False,False
warning_acid_accumulation,BAC_P::Thermotogota,Bacteria,1,,,True,,False,False
warning_ammonia_toxicity,BAC_P::Thermotogota,Bacteria,1,0.0,0.0,True,139.0,False,False
warning_biogas_quality,BAC_P::Thermotogota,Bacteria,1,0.0,0.0,True,138.0,False,False
warning_acid_base_balance,BAC_P::Verrucomicrobiota,Bacteria,1,0.0,0.0,True,162.5,False,False
warning_buffer_capacity,BAC_P::Verrucomicrobiota,Bacteria,1,0.0035227272727272755,0.008540186794714638,True,7.0,True,True
warning_acid_accumulation,BAC_P::Verrucomicrobiota,Bacteria,1,,,True,,False,False
warning_ammonia_toxicity,BAC_P::Verrucomicrobiota,Bacteria,1,0.0011904761904761806,0.006763822430371344,True,9.0,True,True
warning_biogas_quality,BAC_P::Verrucomicrobiota,Bacteria,1,0.0,0.0,True,138.0,False,False
warning_acid_base_balance,BAC_P::WS1,Bacteria,1,0.0,0.0,True,162.5,False,False
warning_buffer_capacity,BAC_P::WS1,Bacteria,1,0.0,0.0,True,140.5,False,False
warning_acid_accumulation,BAC_P::WS1,Bacteria,1,,,True,,False,False
warning_ammonia_toxicity,BAC_P::WS1,Bacteria,1,0.0,0.0,True,139.0,False,False
warning_biogas_quality,BAC_P::WS1,Bacteria,1,0.0,0.0,True,138.0,False,False
warning_acid_base_balance,BAC_P::unidentified,Bacteria,1,0.0,0.0,True,162.5,False,False
warning_buffer_capacity,BAC_P::unidentified,Bacteria,1,0.0,0.0,True,140.5,False,False
warning_acid_accumulation,BAC_P::unidentified,Bacteria,1,,,True,,False,False
warning_ammonia_toxicity,BAC_P::unidentified,Bacteria,1,0.0,0.0,True,139.0,False,False
warning_biogas_quality,BAC_P::unidentified,Bacteria,1,0.0,0.0,True,138.0,False,False
warning_acid_base_balance,BAC_G::009E01-B-SD-P15,Bacteria,1,0.0,0.0,True,162.5,False,False
warning_buffer_capacity,BAC_G::009E01-B-SD-P15,Bacteria,1,0.0,0.0,True,140.5,False,False
warning_acid_accumulation,BAC_G::009E01-B-SD-P15,Bacteria,1,,,True,,False,False
warning_ammonia_toxicity,BAC_G::009E01-B-SD-P15,Bacteria,1,0.0,0.0,True,139.0,False,False
warning_biogas_quality,BAC_G::009E01-B-SD-P15,Bacteria,1,0.0,0.0,True,138.0,False,False
warning_acid_base_balance,BAC_G::113B434,Bacteria,1,0.0,0.0,True,162.5,False,False
warning_buffer_capacity,BAC_G::113B434,Bacteria,1,0.0,0.0,True,140.5,False,False
warning_acid_accumulation,BAC_G::113B434,Bacteria,1,,,True,,False,False
warning_ammonia_toxicity,BAC_G::113B434,Bacteria,1,0.0,0.0,True,139.0,False,False
warning_biogas_quality,BAC_G::113B434,Bacteria,1,0.0,0.0,True,138.0,False,False
warning_acid_base_balance,BAC_G::AAP99,Bacteria,1,0.0,0.0,True,162.5,False,False
warning_buffer_capacity,BAC_G::AAP99,Bacteria,1,0.0,0.0,True,140.5,False,False
warning_acid_accumulation,BAC_G::AAP99,Bacteria,1,,,True,,False,False
warning_ammonia_toxicity,BAC_G::AAP99,Bacteria,1,0.0,0.0,True,139.0,False,False
warning_biogas_quality,BAC_G::AAP99,Bacteria,1,0.0,0.0,True,138.0,False,False
warning_acid_base_balance,BAC_G::ADurb.Bin063-1,Bacteria,1,0.0,0.0,True,162.5,False,False
warning_buffer_capacity,BAC_G::ADurb.Bin063-1,Bacteria,1,0.0001893939393939399,0.0008469954460226499,True,20.0,False,True
warning_acid_accumulation,BAC_G::ADurb.Bin063-1,Bacteria,1,,,True,,False,False
warning_ammonia_toxicity,BAC_G::ADurb.Bin063-1,Bacteria,1,0.0,0.0,True,139.0,False,False
warning_biogas_quality,BAC_G::ADurb.Bin063-1,Bacteria,1,0.0,0.0,True,138.0,False,False
warning_acid_base_balance,BAC_G::ADurb.Bin120,Bacteria,1,0.0,0.0,True,162.5,False,False
warning_buffer_capacity,BAC_G::ADurb.Bin120,Bacteria,1,0.0,0.0,True,140.5,False,False
warning_acid_accumulation,BAC_G::ADurb.Bin120,Bacteria,1,,,True,,False,False
warning_ammonia_toxicity,BAC_G::ADurb.Bin120,Bacteria,1,0.0,0.0,True,139.0,False,False
warning_biogas_quality,BAC_G::ADurb.Bin120,Bacteria,1,0.0,0.0,True,138.0,False,False
warning_acid_base_balance,BAC_G::AKYH767,Bacteria,1,0.0,0.0,False,162.5,False,False
warning_buffer_capacity,BAC_G::AKYH767,Bacteria,1,0.0,0.0,False,140.5,False,False
warning_acid_accumulation,BAC_G::AKYH767,Bacteria,1,,,False,,False,False
warning_ammonia_toxicity,BAC_G::AKYH767,Bacteria,1,0.0,0.0,False,139.0,False,False
warning_biogas_quality,BAC_G::AKYH767,Bacteria,1,0.0,0.0,False,138.0,False,False
warning_acid_base_balance,BAC_G::AUTHM297,Bacteria,1,0.0,0.0,False,162.5,False,False
warning_buffer_capacity,BAC_G::AUTHM297,Bacteria,1,0.0,0.0,False,140.5,False,False
warning_acid_accumulation,BAC_G::AUTHM297,Bacteria,1,,,False,,False,False
warning_ammonia_toxicity,BAC_G::AUTHM297,Bacteria,1,0.0,0.0,False,139.0,False,False
warning_biogas_quality,BAC_G::AUTHM297,Bacteria,1,0.0,0.0,False,138.0,False,False
warning_acid_base_balance,BAC_G::Acetobacter,Bacteria,1,0.0,0.0,True,162.5,False,False
warning_buffer_capacity,BAC_G::Acetobacter,Bacteria,1,0.0,0.0,True,140.5,False,False
warning_acid_accumulation,BAC_G::Acetobacter,Bacteria,1,,,True,,False,False
warning_ammonia_toxicity,BAC_G::Acetobacter,Bacteria,1,0.0,0.0,True,139.0,False,False
warning_biogas_quality,BAC_G::Acetobacter,Bacteria,1,0.0,0.0,True,138.0,False,False
warning_acid_base_balance,BAC_G::Acetomicrobium,Bacteria,1,0.0,0.0,True,162.5,False,False
warning_buffer_capacity,BAC_G::Acetomicrobium,Bacteria,1,0.0,0.0,True,140.5,False,False
warning_acid_accumulation,BAC_G::Acetomicrobium,Bacteria,1,,,True,,False,False
warning_ammonia_toxicity,BAC_G::Acetomicrobium,Bacteria,1,0.0,0.0,True,139.0,False,False
warning_biogas_quality,BAC_G::Acetomicrobium,Bacteria,1,0.0,0.0,True,138.0,False,False
warning_acid_base_balance,BAC_G::Acetothermiia,Bacteria,1,0.0,0.0,True,162.5,False,False
warning_buffer_capacity,BAC_G::Acetothermiia,Bacteria,1,0.0,0.0,True,140.5,False,False
warning_acid_accumulation,BAC_G::Acetothermiia,Bacteria,1,,,True,,False,False
warning_ammonia_toxicity,BAC_G::Acetothermiia,Bacteria,1,0.0,0.0,True,139.0,False,False
warning_biogas_quality,BAC_G::Acetothermiia,Bacteria,1,0.0,0.0,True,138.0,False,False
warning_acid_base_balance,BAC_G::Acholeplasma,Bacteria,1,0.04196310935441367,0.0007240070129101311,True,5.5,True,True
warning_buffer_capacity,BAC_G::Acholeplasma,Bacteria,1,0.0,0.0,True,140.5,False,False
warning_acid_accumulation,BAC_G::Acholeplasma,Bacteria,1,,,True,,False,False
warning_ammonia_toxicity,BAC_G::Acholeplasma,Bacteria,1,0.001388888888888884,0.007200063319396425,True,7.5,True,True
warning_biogas_quality,BAC_G::Acholeplasma,Bacteria,1,0.0,0.0,True,138.0,False,False
warning_acid_base_balance,BAC_G::Acidovorax,Bacteria,1,-0.068651185770751,0.12042378376139738,True,276.0,False,False
warning_buffer_capacity,BAC_G::Acidovorax,Bacteria,1,-0.018706293706293696,0.058315422776892216,True,276.0,False,False
warning_acid_accumulation,BAC_G::Acidovorax,Bacteria,1,,,True,,False,False
warning_ammonia_toxicity,BAC_G::Acidovorax,Bacteria,1,0.0,0.0,True,139.0,False,False
warning_biogas_quality,BAC_G::Acidovorax,Bacteria,1,0.0,0.0,True,138.0,False,False
warning_acid_base_balance,BAC_G::Acinetobacter,Bacteria,1,0.0,0.0,True,162.5,False,False
warning_buffer_capacity,BAC_G::Acinetobacter,Bacteria,1,0.0,0.0,True,140.5,False,False
warning_acid_accumulation,BAC_G::Acinetobacter,Bacteria,1,,,True,,False,False
warning_ammonia_toxicity,BAC_G::Acinetobacter,Bacteria,1,0.0,0.0,True,139.0,False,False
warning_biogas_quality,BAC_G::Acinetobacter,Bacteria,1,0.0,0.0,True,138.0,False,False
warning_acid_base_balance,BAC_G::Actinomyces,Bacteria,1,0.0,0.0,True,162.5,False,False
warning_buffer_capacity,BAC_G::Actinomyces,Bacteria,1,0.0,0.0,True,140.5,False,False
warning_acid_accumulation,BAC_G::Actinomyces,Bacteria,1,,,True,,False,False
warning_ammonia_toxicity,BAC_G::Actinomyces,Bacteria,1,0.0,0.0,True,139.0,False,False
warning_biogas_quality,BAC_G::Actinomyces,Bacteria,1,0.0,0.0,True,138.0,False,False
warning_acid_base_balance,BAC_G::Aeriscardovia,Bacteria,1,0.0,0.0,True,162.5,False,False
warning_buffer_capacity,BAC_G::Aeriscardovia,Bacteria,1,0.0,0.0,True,140.5,False,False
warning_acid_accumulation,BAC_G::Aeriscardovia,Bacteria,1,,,True,,False,False
warning_ammonia_toxicity,BAC_G::Aeriscardovia,Bacteria,1,0.0,0.0,True,139.0,False,False
warning_biogas_quality,BAC_G::Aeriscardovia,Bacteria,1,0.0,0.0,True,138.0,False,False
warning_acid_base_balance,BAC_G::Alkaliphilus,Bacteria,1,0.04196310935441367,0.0007240070129101305,True,5.5,True,True
warning_buffer_capacity,BAC_G::Alkaliphilus,Bacteria,1,0.0,0.0,True,140.5,False,False
warning_acid_accumulation,BAC_G::Alkaliphilus,Bacteria,1,,,True,,False,False
warning_ammonia_toxicity,BAC_G::Alkaliphilus,Bacteria,1,0.0,0.0,True,139.0,False,False
warning_biogas_quality,BAC_G::Alkaliphilus,Bacteria,1,0.0,0.0,True,138.0,False,False
warning_acid_base_balance,BAC_G::Aminicenantales,Bacteria,1,0.0,0.0,True,162.5,False,False
warning_buffer_capacity,BAC_G::Aminicenantales,Bacteria,1,-0.018184731934731923,0.046302606982552445,True,275.0,False,False
warning_acid_accumulation,BAC_G::Aminicenantales,Bacteria,1,,,True,,False,False
warning_ammonia_toxicity,BAC_G::Aminicenantales,Bacteria,1,0.0,0.0,True,139.0,False,False
warning_biogas_quality,BAC_G::Aminicenantales,Bacteria,1,0.0,0.0,True,138.0,False,False
warning_acid_base_balance,BAC_G::Aminobacterium,Bacteria,1,0.006666666666666665,0.020519567041703077,True,16.0,False,True
warning_buffer_capacity,BAC_G::Aminobacterium,Bacteria,1,0.0,0.0,True,140.5,False,False
warning_acid_accumulation,BAC_G::Aminobacterium,Bacteria,1,,,True,,False,False
warning_ammonia_toxicity,BAC_G::Aminobacterium,Bacteria,1,0.0,0.0,True,139.0,False,False
warning_biogas_quality,BAC_G::Aminobacterium,Bacteria,1,0.0,0.0,True,138.0,False,False
warning_acid_base_balance,BAC_G::Anaerococcus,Bacteria,1,0.0,0.0,True,162.5,False,False
warning_buffer_capacity,BAC_G::Anaerococcus,Bacteria,1,0.0,0.0,True,140.5,False,False
warning_acid_accumulation,BAC_G::Anaerococcus,Bacteria,1,,,True,,False,False
warning_ammonia_toxicity,BAC_G::Anaerococcus,Bacteria,1,0.0,0.0,True,139.0,False,False
warning_biogas_quality,BAC_G::Anaerococcus,Bacteria,1,0.0,0.0,True,138.0,False,False
warning_acid_base_balance,BAC_G::Anaerofustis,Bacteria,1,0.0,0.0,True,162.5,False,False
warning_buffer_capacity,BAC_G::Anaerofustis,Bacteria,1,0.0,0.0,True,140.5,False,False
warning_acid_accumulation,BAC_G::Anaerofustis,Bacteria,1,,,True,,False,False
warning_ammonia_toxicity,BAC_G::Anaerofustis,Bacteria,1,0.0,0.0,True,139.0,False,False
warning_biogas_quality,BAC_G::Anaerofustis,Bacteria,1,0.0,0.0,True,138.0,False,False
warning_acid_base_balance,BAC_G::Anaerostignum,Bacteria,1,0.0,0.0,True,162.5,False,False
warning_buffer_capacity,BAC_G::Anaerostignum,Bacteria,1,0.0,0.0,True,140.5,False,False
warning_acid_accumulation,BAC_G::Anaerostignum,Bacteria,1,,,True,,False,False
warning_ammonia_toxicity,BAC_G::Anaerostignum,Bacteria,1,0.0,0.0,True,139.0,False,False
warning_biogas_quality,BAC_G::Anaerostignum,Bacteria,1,0.0,0.0,True,138.0,False,False
warning_acid_base_balance,BAC_G::Anaerovorax,Bacteria,1,-0.00387022397891964,0.029976530767685156,True,272.0,False,False
warning_buffer_capacity,BAC_G::Anaerovorax,Bacteria,1,0.0,0.0,True,140.5,False,False
warning_acid_accumulation,BAC_G::Anaerovorax,Bacteria,1,,,True,,False,False
warning_ammonia_toxicity,BAC_G::Anaerovorax,Bacteria,1,0.015525793650793679,0.02132851506922789,True,3.0,True,True
warning_biogas_quality,BAC_G::Anaerovorax,Bacteria,1,0.0,0.0,True,138.0,False,False
warning_acid_base_balance,BAC_G::Arenimonas,Bacteria,1,0.0,0.0,False,162.5,False,False
warning_buffer_capacity,BAC_G::Arenimonas,Bacteria,1,0.0,0.0,False,140.5,False,False
warning_acid_accumulation,BAC_G::Arenimonas,Bacteria,1,,,False,,False,False
warning_ammonia_toxicity,BAC_G::Arenimonas,Bacteria,1,0.0,0.0,False,139.0,False,False
warning_biogas_quality,BAC_G::Arenimonas,Bacteria,1,0.0,0.0,False,138.0,False,False
warning_acid_base_balance,BAC_G::Atopobium,Bacteria,1,0.0,0.0,True,162.5,False,False
warning_buffer_capacity,BAC_G::Atopobium,Bacteria,1,0.0,0.0,True,140.5,False,False
warning_acid_accumulation,BAC_G::Atopobium,Bacteria,1,,,True,,False,False
warning_ammonia_toxicity,BAC_G::Atopobium,Bacteria,1,0.0,0.0,True,139.0,False,False
warning_biogas_quality,BAC_G::Atopobium,Bacteria,1,0.0,0.0,True,138.0,False,False
warning_acid_base_balance,BAC_G::Azospira,Bacteria,1,0.0,0.0,False,162.5,False,False
warning_buffer_capacity,BAC_G::Azospira,Bacteria,1,0.0,0.0,False,140.5,False,False
warning_acid_accumulation,BAC_G::Azospira,Bacteria,1,,,False,,False,False
warning_ammonia_toxicity,BAC_G::Azospira,Bacteria,1,0.0,0.0,False,139.0,False,False
warning_biogas_quality,BAC_G::Azospira,Bacteria,1,0.0,0.0,False,138.0,False,False
warning_acid_base_balance,BAC_G::BD1-7_clade,Bacteria,1,0.0,0.0,True,162.5,False,False
warning_buffer_capacity,BAC_G::BD1-7_clade,Bacteria,1,0.0,0.0,True,140.5,False,False
warning_acid_accumulation,BAC_G::BD1-7_clade,Bacteria,1,,,True,,False,False
warning_ammonia_toxicity,BAC_G::BD1-7_clade,Bacteria,1,0.0,0.0,True,139.0,False,False
warning_biogas_quality,BAC_G::BD1-7_clade,Bacteria,1,0.0,0.0,True,138.0,False,False
warning_acid_base_balance,BAC_G::BRH-c20a,Bacteria,1,0.0,0.0,True,162.5,False,False
warning_buffer_capacity,BAC_G::BRH-c20a,Bacteria,1,0.0,0.0,True,140.5,False,False
warning_acid_accumulation,BAC_G::BRH-c20a,Bacteria,1,,,True,,False,False
warning_ammonia_toxicity,BAC_G::BRH-c20a,Bacteria,1,0.0,0.0,True,139.0,False,False
warning_biogas_quality,BAC_G::BRH-c20a,Bacteria,1,0.0,0.0,True,138.0,False,False
warning_acid_base_balance,BAC_G::Babeliales,Bacteria,1,0.0,0.0,True,162.5,False,False
warning_buffer_capacity,BAC_G::Babeliales,Bacteria,1,0.0,0.0,True,140.5,False,False
warning_acid_accumulation,BAC_G::Babeliales,Bacteria,1,,,True,,False,False
warning_ammonia_toxicity,BAC_G::Babeliales,Bacteria,1,0.0,0.0,True,139.0,False,False
warning_biogas_quality,BAC_G::Babeliales,Bacteria,1,0.0,0.0,True,138.0,False,False
warning_acid_base_balance,BAC_G::Bacillus,Bacteria,1,0.0,0.0,True,162.5,False,False
warning_buffer_capacity,BAC_G::Bacillus,Bacteria,1,0.0,0.0,True,140.5,False,False
warning_acid_accumulation,BAC_G::Bacillus,Bacteria,1,,,True,,False,False
warning_ammonia_toxicity,BAC_G::Bacillus,Bacteria,1,0.0,0.0,True,139.0,False,False
warning_biogas_quality,BAC_G::Bacillus,Bacteria,1,0.0,0.0,True,138.0,False,False
warning_acid_base_balance,BAC_G::Bacteroidales_UCG-001,Bacteria,1,0.00039525691699604515,0.0008110500806997219,True,36.0,False,False
warning_buffer_capacity,BAC_G::Bacteroidales_UCG-001,Bacteria,1,0.0,0.0,True,140.5,False,False
warning_acid_accumulation,BAC_G::Bacteroidales_UCG-001,Bacteria,1,,,True,,False,False
warning_ammonia_toxicity,BAC_G::Bacteroidales_UCG-001,Bacteria,1,0.0,0.0,True,139.0,False,False
warning_biogas_quality,BAC_G::Bacteroidales_UCG-001,Bacteria,1,0.0,0.0,True,138.0,False,False
warning_acid_base_balance,BAC_G::Bacteroides,Bacteria,1,0.06966073781291171,0.006238457760640492,True,1.0,True,True
warning_buffer_capacity,BAC_G::Bacteroides,Bacteria,1,-0.0003282828282828262,0.007822535661950977,True,259.0,False,False
warning_acid_accumulation,BAC_G::Bacteroides,Bacteria,1,,,True,,False,False
warning_ammonia_toxicity,BAC_G::Bacteroides,Bacteria,1,0.0,0.0,True,139.0,False,False
warning_biogas_quality,BAC_G::Bacteroides,Bacteria,1,0.4527056277056277,0.0007929600617587063,True,1.0,True,True
warning_acid_base_balance,BAC_G::Bacteroidetes_VC2.1_Bac22,Bacteria,1,0.0,0.0,True,162.5,False,False
warning_buffer_capacity,BAC_G::Bacteroidetes_VC2.1_Bac22,Bacteria,1,0.0,0.0,True,140.5,False,False
warning_acid_accumulation,BAC_G::Bacteroidetes_VC2.1_Bac22,Bacteria,1,,,True,,False,False
warning_ammonia_toxicity,BAC_G::Bacteroidetes_VC2.1_Bac22,Bacteria,1,0.0,0.0,True,139.0,False,False
warning_biogas_quality,BAC_G::Bacteroidetes_VC2.1_Bac22,Bacteria,1,0.0,0.0,True,138.0,False,False
warning_acid_base_balance,BAC_G::Bacteroidetes_vadinHA17,Bacteria,1,0.0,0.0,True,162.5,False,False
warning_buffer_capacity,BAC_G::Bacteroidetes_vadinHA17,Bacteria,1,0.0,0.0,True,140.5,False,False
warning_acid_accumulation,BAC_G::Bacteroidetes_vadinHA17,Bacteria,1,,,True,,False,False
warning_ammonia_toxicity,BAC_G::Bacteroidetes_vadinHA17,Bacteria,1,0.0,0.0,True,139.0,False,False
warning_biogas_quality,BAC_G::Bacteroidetes_vadinHA17,Bacteria,1,0.0,0.0,True,138.0,False,False
warning_acid_base_balance,BAC_G::Bdellovibrio,Bacteria,1,0.0,0.0,False,162.5,False,False
warning_buffer_capacity,BAC_G::Bdellovibrio,Bacteria,1,0.0,0.0,False,140.5,False,False
warning_acid_accumulation,BAC_G::Bdellovibrio,Bacteria,1,,,False,,False,False
warning_ammonia_toxicity,BAC_G::Bdellovibrio,Bacteria,1,0.0,0.0,False,139.0,False,False
warning_biogas_quality,BAC_G::Bdellovibrio,Bacteria,1,0.0,0.0,False,138.0,False,False
warning_acid_base_balance,BAC_G::Bifidobacterium,Bacteria,1,0.0,0.0,True,162.5,False,False
warning_buffer_capacity,BAC_G::Bifidobacterium,Bacteria,1,0.0,0.0,True,140.5,False,False
warning_acid_accumulation,BAC_G::Bifidobacterium,Bacteria,1,,,True,,False,False
warning_ammonia_toxicity,BAC_G::Bifidobacterium,Bacteria,1,0.0,0.0,True,139.0,False,False
warning_biogas_quality,BAC_G::Bifidobacterium,Bacteria,1,0.0,0.0,True,138.0,False,False
warning_acid_base_balance,BAC_G::Butyrivibrio,Bacteria,1,0.008333333333333326,0.01709963920141922,True,14.0,False,True
warning_buffer_capacity,BAC_G::Butyrivibrio,Bacteria,1,-0.009848484848484839,0.030087952846298442,True,272.0,False,False
warning_acid_accumulation,BAC_G::Butyrivibrio,Bacteria,1,,,True,,False,False
warning_ammonia_toxicity,BAC_G::Butyrivibrio,Bacteria,1,0.0,0.0,True,139.0,False,False
warning_biogas_quality,BAC_G::Butyrivibrio,Bacteria,1,0.0,0.0,True,138.0,False,False
warning_acid_base_balance,BAC_G::Caldicoprobacter,Bacteria,1,0.016534914361001306,0.020436379432178294,True,10.0,True,True
warning_buffer_capacity,BAC_G::Caldicoprobacter,Bacteria,1,0.0,0.0,True,140.5,False,False
warning_acid_accumulation,BAC_G::Caldicoprobacter,Bacteria,1,,,True,,False,False
warning_ammonia_toxicity,BAC_G::Caldicoprobacter,Bacteria,1,0.0,0.0,True,139.0,False,False
warning_biogas_quality,BAC_G::Caldicoprobacter,Bacteria,1,0.0,0.0,True,138.0,False,False
warning_acid_base_balance,BAC_G::Caldisericum,Bacteria,1,0.0,0.0,True,162.5,False,False
warning_buffer_capacity,BAC_G::Caldisericum,Bacteria,1,0.0,0.0,True,140.5,False,False
warning_acid_accumulation,BAC_G::Caldisericum,Bacteria,1,,,True,,False,False
warning_ammonia_toxicity,BAC_G::Caldisericum,Bacteria,1,0.0,0.0,True,139.0,False,False
warning_biogas_quality,BAC_G::Caldisericum,Bacteria,1,0.0,0.0,True,138.0,False,False
warning_acid_base_balance,BAC_G::Candidatus_Accumulibacter,Bacteria,1,0.0,0.0,True,162.5,False,False
warning_buffer_capacity,BAC_G::Candidatus_Accumulibacter,Bacteria,1,0.0,0.0,True,140.5,False,False
warning_acid_accumulation,BAC_G::Candidatus_Accumulibacter,Bacteria,1,,,True,,False,False
warning_ammonia_toxicity,BAC_G::Candidatus_Accumulibacter,Bacteria,1,0.0,0.0,True,139.0,False,False
warning_biogas_quality,BAC_G::Candidatus_Accumulibacter,Bacteria,1,0.0,0.0,True,138.0,False,False
warning_acid_base_balance,BAC_G::Candidatus_Caldatribacterium,Bacteria,1,0.0,0.0,True,162.5,False,False
warning_buffer_capacity,BAC_G::Candidatus_Caldatribacterium,Bacteria,1,0.0,0.0,True,140.5,False,False
warning_acid_accumulation,BAC_G::Candidatus_Caldatribacterium,Bacteria,1,,,True,,False,False
warning_ammonia_toxicity,BAC_G::Candidatus_Caldatribacterium,Bacteria,1,0.0,0.0,True,139.0,False,False
warning_biogas_quality,BAC_G::Candidatus_Caldatribacterium,Bacteria,1,0.0,0.0,True,138.0,False,False
warning_acid_base_balance,BAC_G::Candidatus_Cloacimonas,Bacteria,1,0.0004940711462450564,0.0008779874670342228,True,33.0,False,False
warning_buffer_capacity,BAC_G::Candidatus_Cloacimonas,Bacteria,1,0.0,0.0,True,140.5,False,False
warning_acid_accumulation,BAC_G::Candidatus_Cloacimonas,Bacteria,1,,,True,,False,False
warning_ammonia_toxicity,BAC_G::Candidatus_Cloacimonas,Bacteria,1,0.0,0.0,True,139.0,False,False
warning_biogas_quality,BAC_G::Candidatus_Cloacimonas,Bacteria,1,0.0,0.0,True,138.0,False,False
warning_acid_base_balance,BAC_G::Candidatus_Competibacter,Bacteria,1,0.0,0.0,True,162.5,False,False
warning_buffer_capacity,BAC_G::Candidatus_Competibacter,Bacteria,1,0.0,0.0,True,140.5,False,False
warning_acid_accumulation,BAC_G::Candidatus_Competibacter,Bacteria,1,,,True,,False,False
warning_ammonia_toxicity,BAC_G::Candidatus_Competibacter,Bacteria,1,0.0,0.0,True,139.0,False,False
warning_biogas_quality,BAC_G::Candidatus_Competibacter,Bacteria,1,0.0,0.0,True,138.0,False,False
warning_acid_base_balance,BAC_G::Candidatus_Omnitrophus,Bacteria,1,0.0,0.0,True,162.5,False,False
warning_buffer_capacity,BAC_G::Candidatus_Omnitrophus,Bacteria,1,0.0,0.0,True,140.5,False,False
warning_acid_accumulation,BAC_G::Candidatus_Omnitrophus,Bacteria,1,,,True,,False,False
warning_ammonia_toxicity,BAC_G::Candidatus_Omnitrophus,Bacteria,1,0.0,0.0,True,139.0,False,False
warning_biogas_quality,BAC_G::Candidatus_Omnitrophus,Bacteria,1,0.0,0.0,True,138.0,False,False
warning_acid_base_balance,BAC_G::Candidatus_Soleaferrea,Bacteria,1,0.0,0.0,True,162.5,False,False
warning_buffer_capacity,BAC_G::Candidatus_Soleaferrea,Bacteria,1,0.0,0.0,True,140.5,False,False
warning_acid_accumulation,BAC_G::Candidatus_Soleaferrea,Bacteria,1,,,True,,False,False
warning_ammonia_toxicity,BAC_G::Candidatus_Soleaferrea,Bacteria,1,0.0,0.0,True,139.0,False,False
warning_biogas_quality,BAC_G::Candidatus_Soleaferrea,Bacteria,1,0.0,0.0,True,138.0,False,False
warning_acid_base_balance,BAC_G::Caproiciproducens,Bacteria,1,0.0,0.0,True,162.5,False,False
warning_buffer_capacity,BAC_G::Caproiciproducens,Bacteria,1,0.0,0.0,True,140.5,False,False
warning_acid_accumulation,BAC_G::Caproiciproducens,Bacteria,1,,,True,,False,False
warning_ammonia_toxicity,BAC_G::Caproiciproducens,Bacteria,1,0.0,0.0,True,139.0,False,False
warning_biogas_quality,BAC_G::Caproiciproducens,Bacteria,1,0.0,0.0,True,138.0,False,False
warning_acid_base_balance,BAC_G::Chthonomonadales,Bacteria,1,0.0,0.0,True,162.5,False,False
warning_buffer_capacity,BAC_G::Chthonomonadales,Bacteria,1,0.0,0.0,True,140.5,False,False
warning_acid_accumulation,BAC_G::Chthonomonadales,Bacteria,1,,,True,,False,False
warning_ammonia_toxicity,BAC_G::Chthonomonadales,Bacteria,1,0.0,0.0,True,139.0,False,False
warning_biogas_quality,BAC_G::Chthonomonadales,Bacteria,1,0.0,0.0,True,138.0,False,False
warning_acid_base_balance,BAC_G::Cloacimonadaceae,Bacteria,1,0.0,0.0,True,162.5,False,False
warning_buffer_capacity,BAC_G::Cloacimonadaceae,Bacteria,1,0.0,0.0,True,140.5,False,False
warning_acid_accumulation,BAC_G::Cloacimonadaceae,Bacteria,1,,,True,,False,False
warning_ammonia_toxicity,BAC_G::Cloacimonadaceae,Bacteria,1,0.0,0.0,True,139.0,False,False
warning_biogas_quality,BAC_G::Cloacimonadaceae,Bacteria,1,0.0,0.0,True,138.0,False,False
warning_acid_base_balance,BAC_G::Clostridia_UCG-014,Bacteria,1,0.0,0.0,True,162.5,False,False
warning_buffer_capacity,BAC_G::Clostridia_UCG-014,Bacteria,1,0.0,0.0,True,140.5,False,False
warning_acid_accumulation,BAC_G::Clostridia_UCG-014,Bacteria,1,,,True,,False,False
warning_ammonia_toxicity,BAC_G::Clostridia_UCG-014,Bacteria,1,0.0,0.0,True,139.0,False,False
warning_biogas_quality,BAC_G::Clostridia_UCG-014,Bacteria,1,0.0,0.0,True,138.0,False,False
warning_acid_base_balance,BAC_G::Clostridium_sensu_stricto_1,Bacteria,1,0.0,0.0,True,162.5,False,False
warning_buffer_capacity,BAC_G::Clostridium_sensu_stricto_1,Bacteria,1,0.0,0.0,True,140.5,False,False
warning_acid_accumulation,BAC_G::Clostridium_sensu_stricto_1,Bacteria,1,,,True,,False,False
warning_ammonia_toxicity,BAC_G::Clostridium_sensu_stricto_1,Bacteria,1,0.0,0.0,True,139.0,False,False
warning_biogas_quality,BAC_G::Clostridium_sensu_stricto_1,Bacteria,1,0.0,0.0,True,138.0,False,False
warning_acid_base_balance,BAC_G::Comamonas,Bacteria,1,0.004265480895915674,0.012798522483627832,True,21.0,False,False
warning_buffer_capacity,BAC_G::Comamonas,Bacteria,1,0.00012237762237762295,0.0019093093016759849,True,22.0,False,False
warning_acid_accumulation,BAC_G::Comamonas,Bacteria,1,,,True,,False,False
warning_ammonia_toxicity,BAC_G::Comamonas,Bacteria,1,0.0,0.0,True,139.0,False,False
warning_biogas_quality,BAC_G::Comamonas,Bacteria,1,0.0,0.0,True,138.0,False,False
warning_acid_base_balance,BAC_G::Coprothermobacter,Bacteria,1,0.0,0.0,True,162.5,False,False
warning_buffer_capacity,BAC_G::Coprothermobacter,Bacteria,1,0.0,0.0,True,140.5,False,False
warning_acid_accumulation,BAC_G::Coprothermobacter,Bacteria,1,,,True,,False,False
warning_ammonia_toxicity,BAC_G::Coprothermobacter,Bacteria,1,0.0,0.0,True,139.0,False,False
warning_biogas_quality,BAC_G::Coprothermobacter,Bacteria,1,0.0,0.0,True,138.0,False,False
warning_acid_base_balance,BAC_G::D8A-2,Bacteria,1,0.0,0.0,True,162.5,False,False
warning_buffer_capacity,BAC_G::D8A-2,Bacteria,1,0.0,0.0,True,140.5,False,False
warning_acid_accumulation,BAC_G::D8A-2,Bacteria,1,,,True,,False,False
warning_ammonia_toxicity,BAC_G::D8A-2,Bacteria,1,0.0,0.0,True,139.0,False,False
warning_biogas_quality,BAC_G::D8A-2,Bacteria,1,0.0,0.0,True,138.0,False,False
warning_acid_base_balance,BAC_G::DEV114,Bacteria,1,0.0,0.0,True,162.5,False,False
warning_buffer_capacity,BAC_G::DEV114,Bacteria,1,0.0,0.0,True,140.5,False,False
warning_acid_accumulation,BAC_G::DEV114,Bacteria,1,,,True,,False,False
warning_ammonia_toxicity,BAC_G::DEV114,Bacteria,1,0.0,0.0,True,139.0,False,False
warning_biogas_quality,BAC_G::DEV114,Bacteria,1,0.0,0.0,True,138.0,False,False
warning_acid_base_balance,BAC_G::DMER64,Bacteria,1,0.0,0.0,True,162.5,False,False
warning_buffer_capacity,BAC_G::DMER64,Bacteria,1,0.0,0.0,True,140.5,False,False
warning_acid_accumulation,BAC_G::DMER64,Bacteria,1,,,True,,False,False
warning_ammonia_toxicity,BAC_G::DMER64,Bacteria,1,0.0,0.0,True,139.0,False,False
warning_biogas_quality,BAC_G::DMER64,Bacteria,1,0.0,0.0,True,138.0,False,False
warning_acid_base_balance,BAC_G::DTU014,Bacteria,1,0.0,0.0,True,162.5,False,False
warning_buffer_capacity,BAC_G::DTU014,Bacteria,1,0.0003787878787878798,0.0011658844910058602,True,16.0,False,True
warning_acid_accumulation,BAC_G::DTU014,Bacteria,1,,,True,,False,False
warning_ammonia_toxicity,BAC_G::DTU014,Bacteria,1,0.0,0.0,True,139.0,False,False
warning_biogas_quality,BAC_G::DTU014,Bacteria,1,0.0,0.0,True,138.0,False,False
warning_acid_base_balance,BAC_G::Dechloromonas,Bacteria,1,0.0,0.0,True,162.5,False,False
warning_buffer_capacity,BAC_G::Dechloromonas,Bacteria,1,0.0030423742923742997,0.003129196690015635,True,9.0,True,True
warning_acid_accumulation,BAC_G::Dechloromonas,Bacteria,1,,,True,,False,False
warning_ammonia_toxicity,BAC_G::Dechloromonas,Bacteria,1,0.0,0.0,True,139.0,False,False
warning_biogas_quality,BAC_G::Dechloromonas,Bacteria,1,0.0,0.0,True,138.0,False,False
warning_acid_base_balance,BAC_G::Defluviitoga,Bacteria,1,0.004166666666666663,0.012824729401064414,True,22.0,False,False
warning_buffer_capacity,BAC_G::Defluviitoga,Bacteria,1,0.0,0.0,True,140.5,False,False
warning_acid_accumulation,BAC_G::Defluviitoga,Bacteria,1,,,True,,False,False
warning_ammonia_toxicity,BAC_G::Defluviitoga,Bacteria,1,0.0,0.0,True,139.0,False,False
warning_biogas_quality,BAC_G::Defluviitoga,Bacteria,1,0.0,0.0,True,138.0,False,False
warning_acid_base_balance,BAC_G::Denitratisoma,Bacteria,1,0.0,0.0,True,162.5,False,False
warning_buffer_capacity,BAC_G::Denitratisoma,Bacteria,1,0.0,0.0,True,140.5,False,False
warning_acid_accumulation,BAC_G::Denitratisoma,Bacteria,1,,,True,,False,False
warning_ammonia_toxicity,BAC_G::Denitratisoma,Bacteria,1,0.0,0.0,True,139.0,False,False
warning_biogas_quality,BAC_G::Denitratisoma,Bacteria,1,0.0,0.0,True,138.0,False,False
warning_acid_base_balance,BAC_G::Dialister,Bacteria,1,0.0,0.0,True,162.5,False,False
warning_buffer_capacity,BAC_G::Dialister,Bacteria,1,0.0,0.0,True,140.5,False,False
warning_acid_accumulation,BAC_G::Dialister,Bacteria,1,,,True,,False,False
warning_ammonia_toxicity,BAC_G::Dialister,Bacteria,1,0.0,0.0,True,139.0,False,False
warning_biogas_quality,BAC_G::Dialister,Bacteria,1,0.0,0.0,True,138.0,False,False
warning_acid_base_balance,BAC_G::Dokdonella,Bacteria,1,0.0,0.0,True,162.5,False,False
warning_buffer_capacity,BAC_G::Dokdonella,Bacteria,1,0.0,0.0,True,140.5,False,False
warning_acid_accumulation,BAC_G::Dokdonella,Bacteria,1,,,True,,False,False
warning_ammonia_toxicity,BAC_G::Dokdonella,Bacteria,1,0.0,0.0,True,139.0,False,False
warning_biogas_quality,BAC_G::Dokdonella,Bacteria,1,0.0,0.0,True,138.0,False,False
warning_acid_base_balance,BAC_G::Ellin6067,Bacteria,1,0.0,0.0,True,162.5,False,False
warning_buffer_capacity,BAC_G::Ellin6067,Bacteria,1,0.0,0.0,True,140.5,False,False
warning_acid_accumulation,BAC_G::Ellin6067,Bacteria,1,,,True,,False,False
warning_ammonia_toxicity,BAC_G::Ellin6067,Bacteria,1,0.0,0.0,True,139.0,False,False
warning_biogas_quality,BAC_G::Ellin6067,Bacteria,1,0.0,0.0,True,138.0,False,False
warning_acid_base_balance,BAC_G::Endomicrobium,Bacteria,1,0.0,0.0,False,162.5,False,False
warning_buffer_capacity,BAC_G::Endomicrobium,Bacteria,1,0.0,0.0,False,140.5,False,False
warning_acid_accumulation,BAC_G::Endomicrobium,Bacteria,1,,,False,,False,False
warning_ammonia_toxicity,BAC_G::Endomicrobium,Bacteria,1,0.0,0.0,False,139.0,False,False
warning_biogas_quality,BAC_G::Endomicrobium,Bacteria,1,0.0,0.0,False,138.0,False,False
warning_acid_base_balance,BAC_G::Ercella,Bacteria,1,0.0,0.0,True,162.5,False,False
warning_buffer_capacity,BAC_G::Ercella,Bacteria,1,0.0,0.0,True,140.5,False,False
warning_acid_accumulation,BAC_G::Ercella,Bacteria,1,,,True,,False,False
warning_ammonia_toxicity,BAC_G::Ercella,Bacteria,1,0.0,0.0,True,139.0,False,False
warning_biogas_quality,BAC_G::Ercella,Bacteria,1,0.0,0.0,True,138.0,False,False
warning_acid_base_balance,BAC_G::Exilispira,Bacteria,1,0.0,0.0,True,162.5,False,False
warning_buffer_capacity,BAC_G::Exilispira,Bacteria,1,-0.002907925407925406,0.012494901769449868,True,265.0,False,False
warning_acid_accumulation,BAC_G::Exilispira,Bacteria,1,,,True,,False,False
warning_ammonia_toxicity,BAC_G::Exilispira,Bacteria,1,0.0,0.0,True,139.0,False,False
warning_biogas_quality,BAC_G::Exilispira,Bacteria,1,0.0,0.0,True,138.0,False,False
warning_acid_base_balance,BAC_G::Fastidiosipila,Bacteria,1,0.0,0.0,True,162.5,False,False
warning_buffer_capacity,BAC_G::Fastidiosipila,Bacteria,1,0.0018735431235431268,0.003383931669362549,True,11.0,False,True
warning_acid_accumulation,BAC_G::Fastidiosipila,Bacteria,1,,,True,,False,False
warning_ammonia_toxicity,BAC_G::Fastidiosipila,Bacteria,1,0.0,0.0,True,139.0,False,False
warning_biogas_quality,BAC_G::Fastidiosipila,Bacteria,1,0.0,0.0,True,138.0,False,False
warning_acid_base_balance,BAC_G::Fermentibacteraceae,Bacteria,1,0.0,0.0,True,162.5,False,False
warning_buffer_capacity,BAC_G::Fermentibacteraceae,Bacteria,1,0.0,0.0,True,140.5,False,False
warning_acid_accumulation,BAC_G::Fermentibacteraceae,Bacteria,1,,,True,,False,False
warning_ammonia_toxicity,BAC_G::Fermentibacteraceae,Bacteria,1,0.0,0.0,True,139.0,False,False
warning_biogas_quality,BAC_G::Fermentibacteraceae,Bacteria,1,0.0,0.0,True,138.0,False,False
warning_acid_base_balance,BAC_G::Fermentimonas,Bacteria,1,0.0,0.0,True,162.5,False,False
warning_buffer_capacity,BAC_G::Fermentimonas,Bacteria,1,-0.008230519480519477,0.012491063117267316,True,269.0,False,False
warning_acid_accumulation,BAC_G::Fermentimonas,Bacteria,1,,,True,,False,False
warning_ammonia_toxicity,BAC_G::Fermentimonas,Bacteria,1,0.001388888888888884,0.004274909800354793,True,7.5,True,True
warning_biogas_quality,BAC_G::Fermentimonas,Bacteria,1,0.0,0.0,True,138.0,False,False
warning_acid_base_balance,BAC_G::Ferruginibacter,Bacteria,1,0.0,0.0,True,162.5,False,False
warning_buffer_capacity,BAC_G::Ferruginibacter,Bacteria,1,0.0,0.0,True,140.5,False,False
warning_acid_accumulation,BAC_G::Ferruginibacter,Bacteria,1,,,True,,False,False
warning_ammonia_toxicity,BAC_G::Ferruginibacter,Bacteria,1,0.0,0.0,True,139.0,False,False
warning_biogas_quality,BAC_G::Ferruginibacter,Bacteria,1,0.0,0.0,True,138.0,False,False
warning_acid_base_balance,BAC_G::Fervidobacterium,Bacteria,1,0.0,0.0,True,162.5,False,False
warning_buffer_capacity,BAC_G::Fervidobacterium,Bacteria,1,0.0,0.0,True,140.5,False,False
warning_acid_accumulation,BAC_G::Fervidobacterium,Bacteria,1,,,True,,False,False
warning_ammonia_toxicity,BAC_G::Fervidobacterium,Bacteria,1,0.0,0.0,True,139.0,False,False
warning_biogas_quality,BAC_G::Fervidobacterium,Bacteria,1,0.0,0.0,True,138.0,False,False
warning_acid_base_balance,BAC_G::Fonticella,Bacteria,1,0.0,0.0,True,162.5,False,False
warning_buffer_capacity,BAC_G::Fonticella,Bacteria,1,0.0,0.0,True,140.5,False,False
warning_acid_accumulation,BAC_G::Fonticella,Bacteria,1,,,True,,False,False
warning_ammonia_toxicity,BAC_G::Fonticella,Bacteria,1,0.0,0.0,True,139.0,False,False
warning_biogas_quality,BAC_G::Fonticella,Bacteria,1,0.0,0.0,True,138.0,False,False
warning_acid_base_balance,BAC_G::Frisingicoccus,Bacteria,1,0.0,0.0,True,162.5,False,False
warning_buffer_capacity,BAC_G::Frisingicoccus,Bacteria,1,0.0,0.0,True,140.5,False,False
warning_acid_accumulation,BAC_G::Frisingicoccus,Bacteria,1,,,True,,False,False
warning_ammonia_toxicity,BAC_G::Frisingicoccus,Bacteria,1,0.0,0.0,True,139.0,False,False
warning_biogas_quality,BAC_G::Frisingicoccus,Bacteria,1,0.0,0.0,True,138.0,False,False
warning_acid_base_balance,BAC_G::Gelria,Bacteria,1,0.045167984189723294,0.013964693989645269,True,3.0,True,True
warning_buffer_capacity,BAC_G::Gelria,Bacteria,1,0.005381389443889453,0.0038476437982440477,True,3.0,True,True
warning_acid_accumulation,BAC_G::Gelria,Bacteria,1,,,True,,False,False
warning_ammonia_toxicity,BAC_G::Gelria,Bacteria,1,-0.009018620268620298,0.04264749595106495,True,273.0,False,False
warning_biogas_quality,BAC_G::Gelria,Bacteria,1,0.0,0.0,True,138.0,False,False
warning_acid_base_balance,BAC_G::Gracilibacter,Bacteria,1,0.0,0.0,False,162.5,False,False
warning_buffer_capacity,BAC_G::Gracilibacter,Bacteria,1,0.0,0.0,False,140.5,False,False
warning_acid_accumulation,BAC_G::Gracilibacter,Bacteria,1,,,False,,False,False
warning_ammonia_toxicity,BAC_G::Gracilibacter,Bacteria,1,0.0,0.0,False,139.0,False,False
warning_biogas_quality,BAC_G::Gracilibacter,Bacteria,1,0.0,0.0,False,138.0,False,False
warning_acid_base_balance,BAC_G::Guggenheimella,Bacteria,1,0.0,0.0,True,162.5,False,False
warning_buffer_capacity,BAC_G::Guggenheimella,Bacteria,1,0.0,0.0,True,140.5,False,False
warning_acid_accumulation,BAC_G::Guggenheimella,Bacteria,1,,,True,,False,False
warning_ammonia_toxicity,BAC_G::Guggenheimella,Bacteria,1,0.0,0.0,True,139.0,False,False
warning_biogas_quality,BAC_G::Guggenheimella,Bacteria,1,0.0,0.0,True,138.0,False,False
warning_acid_base_balance,BAC_G::HN-HF0106,Bacteria,1,0.006249999999999994,0.01526448118885512,True,18.5,False,True
warning_buffer_capacity,BAC_G::HN-HF0106,Bacteria,1,-0.005044955044955035,0.017051280814803556,True,266.0,False,False
warning_acid_accumulation,BAC_G::HN-HF0106,Bacteria,1,,,True,,False,False
warning_ammonia_toxicity,BAC_G::HN-HF0106,Bacteria,1,0.0,0.0,True,139.0,False,False
warning_biogas_quality,BAC_G::HN-HF0106,Bacteria,1,0.0,0.0,True,138.0,False,False
warning_acid_base_balance,BAC_G::Hahella,Bacteria,1,0.0,0.0,False,162.5,False,False
warning_buffer_capacity,BAC_G::Hahella,Bacteria,1,0.0,0.0,False,140.5,False,False
warning_acid_accumulation,BAC_G::Hahella,Bacteria,1,,,False,,False,False
warning_ammonia_toxicity,BAC_G::Hahella,Bacteria,1,0.0,0.0,False,139.0,False,False
warning_biogas_quality,BAC_G::Hahella,Bacteria,1,0.0,0.0,False,138.0,False,False
warning_acid_base_balance,BAC_G::Halocella,Bacteria,1,0.0,0.0,True,162.5,False,False
warning_buffer_capacity,BAC_G::Halocella,Bacteria,1,0.0,0.0,True,140.5,False,False
warning_acid_accumulation,BAC_G::Halocella,Bacteria,1,,,True,,False,False
warning_ammonia_toxicity,BAC_G::Halocella,Bacteria,1,0.0,0.0,True,139.0,False,False
warning_biogas_quality,BAC_G::Halocella,Bacteria,1,0.0,0.0,True,138.0,False,False
warning_acid_base_balance,BAC_G::Halomonas,Bacteria,1,0.0,0.0,False,162.5,False,False
warning_buffer_capacity,BAC_G::Halomonas,Bacteria,1,0.0,0.0,False,140.5,False,False
warning_acid_accumulation,BAC_G::Halomonas,Bacteria,1,,,False,,False,False
warning_ammonia_toxicity,BAC_G::Halomonas,Bacteria,1,0.0,0.0,False,139.0,False,False
warning_biogas_quality,BAC_G::Halomonas,Bacteria,1,0.0,0.0,False,138.0,False,False
warning_acid_base_balance,BAC_G::Hungateiclostridiaceae,Bacteria,1,0.0,0.0,True,162.5,False,False
warning_buffer_capacity,BAC_G::Hungateiclostridiaceae,Bacteria,1,0.0,0.0,True,140.5,False,False
warning_acid_accumulation,BAC_G::Hungateiclostridiaceae,Bacteria,1,,,True,,False,False
warning_ammonia_toxicity,BAC_G::Hungateiclostridiaceae,Bacteria,1,0.0,0.0,True,139.0,False,False
warning_biogas_quality,BAC_G::Hungateiclostridiaceae,Bacteria,1,0.0,0.0,True,138.0,False,False
warning_acid_base_balance,BAC_G::Hydrogenedensaceae,Bacteria,1,0.0,0.0,True,162.5,False,False
warning_buffer_capacity,BAC_G::Hydrogenedensaceae,Bacteria,1,0.0,0.0,True,140.5,False,False
warning_acid_accumulation,BAC_G::Hydrogenedensaceae,Bacteria,1,,,True,,False,False
warning_ammonia_toxicity,BAC_G::Hydrogenedensaceae,Bacteria,1,0.0,0.0,True,139.0,False,False
warning_biogas_quality,BAC_G::Hydrogenedensaceae,Bacteria,1,0.0,0.0,True,138.0,False,False
warning_acid_base_balance,BAC_G::Irregularibacter,Bacteria,1,0.0,0.0,True,162.5,False,False
warning_buffer_capacity,BAC_G::Irregularibacter,Bacteria,1,0.0,0.0,True,140.5,False,False
warning_acid_accumulation,BAC_G::Irregularibacter,Bacteria,1,,,True,,False,False
warning_ammonia_toxicity,BAC_G::Irregularibacter,Bacteria,1,0.0,0.0,True,139.0,False,False
warning_biogas_quality,BAC_G::Irregularibacter,Bacteria,1,0.0,0.0,True,138.0,False,False
warning_acid_base_balance,BAC_G::Izemoplasmatales,Bacteria,1,0.0,0.0,True,162.5,False,False
warning_buffer_capacity,BAC_G::Izemoplasmatales,Bacteria,1,0.0,0.0,True,140.5,False,False
warning_acid_accumulation,BAC_G::Izemoplasmatales,Bacteria,1,,,True,,False,False
warning_ammonia_toxicity,BAC_G::Izemoplasmatales,Bacteria,1,0.0,0.0,True,139.0,False,False
warning_biogas_quality,BAC_G::Izemoplasmatales,Bacteria,1,0.0,0.0,True,138.0,False,False
warning_acid_base_balance,BAC_G::JS1,Bacteria,1,0.0,0.0,True,162.5,False,False
warning_buffer_capacity,BAC_G::JS1,Bacteria,1,0.0,0.0,True,140.5,False,False
warning_acid_accumulation,BAC_G::JS1,Bacteria,1,,,True,,False,False
warning_ammonia_toxicity,BAC_G::JS1,Bacteria,1,0.0,0.0,True,139.0,False,False
warning_biogas_quality,BAC_G::JS1,Bacteria,1,0.0,0.0,True,138.0,False,False
warning_acid_base_balance,BAC_G::Kapabacteriales,Bacteria,1,0.0,0.0,True,162.5,False,False
warning_buffer_capacity,BAC_G::Kapabacteriales,Bacteria,1,0.0,0.0,True,140.5,False,False
warning_acid_accumulation,BAC_G::Kapabacteriales,Bacteria,1,,,True,,False,False
warning_ammonia_toxicity,BAC_G::Kapabacteriales,Bacteria,1,0.0,0.0,True,139.0,False,False
warning_biogas_quality,BAC_G::Kapabacteriales,Bacteria,1,0.0,0.0,True,138.0,False,False
warning_acid_base_balance,BAC_G::Keratinibaculum,Bacteria,1,-0.008573232323232344,0.056397638831704226,True,275.0,False,False
warning_buffer_capacity,BAC_G::Keratinibaculum,Bacteria,1,0.0,0.0,True,140.5,False,False
warning_acid_accumulation,BAC_G::Keratinibaculum,Bacteria,1,,,True,,False,False
warning_ammonia_toxicity,BAC_G::Keratinibaculum,Bacteria,1,0.2725919913419913,0.10121420267003095,True,1.0,True,True
warning_biogas_quality,BAC_G::Keratinibaculum,Bacteria,1,0.0,0.0,True,138.0,False,False
warning_acid_base_balance,BAC_G::LD1-PA32,Bacteria,1,0.0,0.0,True,162.5,False,False
warning_buffer_capacity,BAC_G::LD1-PA32,Bacteria,1,0.0,0.0,True,140.5,False,False
warning_acid_accumulation,BAC_G::LD1-PA32,Bacteria,1,,,True,,False,False
warning_ammonia_toxicity,BAC_G::LD1-PA32,Bacteria,1,0.0,0.0,True,139.0,False,False
warning_biogas_quality,BAC_G::LD1-PA32,Bacteria,1,0.0,0.0,True,138.0,False,False
warning_acid_base_balance,BAC_G::LD1-PB3,Bacteria,1,0.0,0.0,True,162.5,False,False
warning_buffer_capacity,BAC_G::LD1-PB3,Bacteria,1,0.0,0.0,True,140.5,False,False
warning_acid_accumulation,BAC_G::LD1-PB3,Bacteria,1,,,True,,False,False
warning_ammonia_toxicity,BAC_G::LD1-PB3,Bacteria,1,-0.01351190476190477,0.018342505761305698,True,275.0,False,False
warning_biogas_quality,BAC_G::LD1-PB3,Bacteria,1,0.0,0.0,True,138.0,False,False
warning_acid_base_balance,BAC_G::LNR_A2-18,Bacteria,1,0.0,0.0,True,162.5,False,False
warning_buffer_capacity,BAC_G::LNR_A2-18,Bacteria,1,0.0,0.0,True,140.5,False,False
warning_acid_accumulation,BAC_G::LNR_A2-18,Bacteria,1,,,True,,False,False
warning_ammonia_toxicity,BAC_G::LNR_A2-18,Bacteria,1,0.0,0.0,True,139.0,False,False
warning_biogas_quality,BAC_G::LNR_A2-18,Bacteria,1,0.0,0.0,True,138.0,False,False
warning_acid_base_balance,BAC_G::Lactobacillus,Bacteria,1,0.0,0.0,True,162.5,False,False
warning_buffer_capacity,BAC_G::Lactobacillus,Bacteria,1,0.0,0.0,True,140.5,False,False
warning_acid_accumulation,BAC_G::Lactobacillus,Bacteria,1,,,True,,False,False
warning_ammonia_toxicity,BAC_G::Lactobacillus,Bacteria,1,0.0,0.0,True,139.0,False,False
warning_biogas_quality,BAC_G::Lactobacillus,Bacteria,1,0.0,0.0,True,138.0,False,False
warning_acid_base_balance,BAC_G::Lautropia,Bacteria,1,0.0,0.0,True,162.5,False,False
warning_buffer_capacity,BAC_G::Lautropia,Bacteria,1,0.0,0.0,True,140.5,False,False
warning_acid_accumulation,BAC_G::Lautropia,Bacteria,1,,,True,,False,False
warning_ammonia_toxicity,BAC_G::Lautropia,Bacteria,1,0.0,0.0,True,139.0,False,False
warning_biogas_quality,BAC_G::Lautropia,Bacteria,1,0.0,0.0,True,138.0,False,False
warning_acid_base_balance,BAC_G::Lawsonella,Bacteria,1,0.0,0.0,True,162.5,False,False
warning_buffer_capacity,BAC_G::Lawsonella,Bacteria,1,0.0,0.0,True,140.5,False,False
warning_acid_accumulation,BAC_G::Lawsonella,Bacteria,1,,,True,,False,False
warning_ammonia_toxicity,BAC_G::Lawsonella,Bacteria,1,0.0,0.0,True,139.0,False,False
warning_biogas_quality,BAC_G::Lawsonella,Bacteria,1,0.0,0.0,True,138.0,False,False
warning_acid_base_balance,BAC_G::Lentimicrobiaceae,Bacteria,1,0.0,0.0,True,162.5,False,False
warning_buffer_capacity,BAC_G::Lentimicrobiaceae,Bacteria,1,0.0,0.0,True,140.5,False,False
warning_acid_accumulation,BAC_G::Lentimicrobiaceae,Bacteria,1,,,True,,False,False
warning_ammonia_toxicity,BAC_G::Lentimicrobiaceae,Bacteria,1,0.0,0.0,True,139.0,False,False
warning_biogas_quality,BAC_G::Lentimicrobiaceae,Bacteria,1,0.0,0.0,True,138.0,False,False
warning_acid_base_balance,BAC_G::Lentimicrobium,Bacteria,1,0.0,0.0,True,162.5,False,False
warning_buffer_capacity,BAC_G::Lentimicrobium,Bacteria,1,0.0,0.0,True,140.5,False,False
warning_acid_accumulation,BAC_G::Lentimicrobium,Bacteria,1,,,True,,False,False
warning_ammonia_toxicity,BAC_G::Lentimicrobium,Bacteria,1,0.0,0.0,True,139.0,False,False
warning_biogas_quality,BAC_G::Lentimicrobium,Bacteria,1,0.0,0.0,True,138.0,False,False
warning_acid_base_balance,BAC_G::Leptotrichia,Bacteria,1,0.0,0.0,True,162.5,False,False
warning_buffer_capacity,BAC_G::Leptotrichia,Bacteria,1,0.0,0.0,True,140.5,False,False
warning_acid_accumulation,BAC_G::Leptotrichia,Bacteria,1,,,True,,False,False
warning_ammonia_toxicity,BAC_G::Leptotrichia,Bacteria,1,0.0,0.0,True,139.0,False,False
warning_biogas_quality,BAC_G::Leptotrichia,Bacteria,1,0.0,0.0,True,138.0,False,False
warning_acid_base_balance,BAC_G::Leuconostoc,Bacteria,1,0.0,0.0,True,162.5,False,False
warning_buffer_capacity,BAC_G::Leuconostoc,Bacteria,1,0.0,0.0,True,140.5,False,False
warning_acid_accumulation,BAC_G::Leuconostoc,Bacteria,1,,,True,,False,False
warning_ammonia_toxicity,BAC_G::Leuconostoc,Bacteria,1,0.0,0.0,True,139.0,False,False
warning_biogas_quality,BAC_G::Leuconostoc,Bacteria,1,0.0,0.0,True,138.0,False,False
warning_acid_base_balance,BAC_G::Longilinea,Bacteria,1,0.0,0.0,True,162.5,False,False
warning_buffer_capacity,BAC_G::Longilinea,Bacteria,1,0.0,0.0,True,140.5,False,False
warning_acid_accumulation,BAC_G::Longilinea,Bacteria,1,,,True,,False,False
warning_ammonia_toxicity,BAC_G::Longilinea,Bacteria,1,0.0,0.0,True,139.0,False,False
warning_biogas_quality,BAC_G::Longilinea,Bacteria,1,0.0,0.0,True,138.0,False,False
warning_acid_base_balance,BAC_G::Luteimonas,Bacteria,1,0.0,0.0,True,162.5,False,False
warning_buffer_capacity,BAC_G::Luteimonas,Bacteria,1,0.0,0.0,True,140.5,False,False
warning_acid_accumulation,BAC_G::Luteimonas,Bacteria,1,,,True,,False,False
warning_ammonia_toxicity,BAC_G::Luteimonas,Bacteria,1,0.0,0.0,True,139.0,False,False
warning_biogas_quality,BAC_G::Luteimonas,Bacteria,1,0.0,0.0,True,138.0,False,False
warning_acid_base_balance,BAC_G::Lutispora,Bacteria,1,0.0,0.0,True,162.5,False,False
warning_buffer_capacity,BAC_G::Lutispora,Bacteria,1,0.0,0.0,True,140.5,False,False
warning_acid_accumulation,BAC_G::Lutispora,Bacteria,1,,,True,,False,False
warning_ammonia_toxicity,BAC_G::Lutispora,Bacteria,1,0.0,0.0,True,139.0,False,False
warning_biogas_quality,BAC_G::Lutispora,Bacteria,1,0.0,0.0,True,138.0,False,False
warning_acid_base_balance,BAC_G::MBA03,Bacteria,1,0.0,0.0,True,162.5,False,False
warning_buffer_capacity,BAC_G::MBA03,Bacteria,1,0.0,0.0,True,140.5,False,False
warning_acid_accumulation,BAC_G::MBA03,Bacteria,1,,,True,,False,False
warning_ammonia_toxicity,BAC_G::MBA03,Bacteria,1,0.0,0.0,True,139.0,False,False
warning_biogas_quality,BAC_G::MBA03,Bacteria,1,0.0,0.0,True,138.0,False,False
warning_acid_base_balance,BAC_G::MVP-15,Bacteria,1,0.0,0.0,True,162.5,False,False
warning_buffer_capacity,BAC_G::MVP-15,Bacteria,1,0.0,0.0,True,140.5,False,False
warning_acid_accumulation,BAC_G::MVP-15,Bacteria,1,,,True,,False,False
warning_ammonia_toxicity,BAC_G::MVP-15,Bacteria,1,0.0,0.0,True,139.0,False,False
warning_biogas_quality,BAC_G::MVP-15,Bacteria,1,0.0,0.0,True,138.0,False,False
warning_acid_base_balance,BAC_G::Macellibacteroides,Bacteria,1,0.0,0.0,True,162.5,False,False
warning_buffer_capacity,BAC_G::Macellibacteroides,Bacteria,1,0.0,0.0,True,140.5,False,False
warning_acid_accumulation,BAC_G::Macellibacteroides,Bacteria,1,,,True,,False,False
warning_ammonia_toxicity,BAC_G::Macellibacteroides,Bacteria,1,0.0,0.0,True,139.0,False,False
warning_biogas_quality,BAC_G::Macellibacteroides,Bacteria,1,0.0,0.0,True,138.0,False,False
warning_acid_base_balance,BAC_G::Marinimicrobia_(SAR406_clade),Bacteria,1,0.0,0.0,True,162.5,False,False
warning_buffer_capacity,BAC_G::Marinimicrobia_(SAR406_clade),Bacteria,1,0.0,0.0,True,140.5,False,False
warning_acid_accumulation,BAC_G::Marinimicrobia_(SAR406_clade),Bacteria,1,,,True,,False,False
warning_ammonia_toxicity,BAC_G::Marinimicrobia_(SAR406_clade),Bacteria,1,0.0,0.0,True,139.0,False,False
warning_biogas_quality,BAC_G::Marinimicrobia_(SAR406_clade),Bacteria,1,0.0,0.0,True,138.0,False,False
warning_acid_base_balance,BAC_G::Mariniphaga,Bacteria,1,0.0,0.0,True,162.5,False,False
warning_buffer_capacity,BAC_G::Mariniphaga,Bacteria,1,0.0,0.0,True,140.5,False,False
warning_acid_accumulation,BAC_G::Mariniphaga,Bacteria,1,,,True,,False,False
warning_ammonia_toxicity,BAC_G::Mariniphaga,Bacteria,1,0.0,0.0,True,139.0,False,False
warning_biogas_quality,BAC_G::Mariniphaga,Bacteria,1,0.0,0.0,True,138.0,False,False
warning_acid_base_balance,BAC_G::Megasphaera,Bacteria,1,0.0,0.0,True,162.5,False,False
warning_buffer_capacity,BAC_G::Megasphaera,Bacteria,1,0.0,0.0,True,140.5,False,False
warning_acid_accumulation,BAC_G::Megasphaera,Bacteria,1,,,True,,False,False
warning_ammonia_toxicity,BAC_G::Megasphaera,Bacteria,1,0.0,0.0,True,139.0,False,False
warning_biogas_quality,BAC_G::Megasphaera,Bacteria,1,0.0,0.0,True,138.0,False,False
warning_acid_base_balance,BAC_G::Mesotoga,Bacteria,1,0.0,0.0,True,162.5,False,False
warning_buffer_capacity,BAC_G::Mesotoga,Bacteria,1,0.0,0.0,True,140.5,False,False
warning_acid_accumulation,BAC_G::Mesotoga,Bacteria,1,,,True,,False,False
warning_ammonia_toxicity,BAC_G::Mesotoga,Bacteria,1,0.0,0.0,True,139.0,False,False
warning_biogas_quality,BAC_G::Mesotoga,Bacteria,1,0.0,0.0,True,138.0,False,False
warning_acid_base_balance,BAC_G::Methylotenera,Bacteria,1,0.0,0.0,True,162.5,False,False
warning_buffer_capacity,BAC_G::Methylotenera,Bacteria,1,0.0,0.0,True,140.5,False,False
warning_acid_accumulation,BAC_G::Methylotenera,Bacteria,1,,,True,,False,False
warning_ammonia_toxicity,BAC_G::Methylotenera,Bacteria,1,0.0,0.0,True,139.0,False,False
warning_biogas_quality,BAC_G::Methylotenera,Bacteria,1,-0.016666666666666666,0.11969747440993464,True,275.0,False,False
warning_acid_base_balance,BAC_G::MgMjR-022,Bacteria,1,0.0,0.0,True,162.5,False,False
warning_buffer_capacity,BAC_G::MgMjR-022,Bacteria,1,0.0,0.0,True,140.5,False,False
warning_acid_accumulation,BAC_G::MgMjR-022,Bacteria,1,,,True,,False,False
warning_ammonia_toxicity,BAC_G::MgMjR-022,Bacteria,1,0.0,0.0,True,139.0,False,False
warning_biogas_quality,BAC_G::MgMjR-022,Bacteria,1,0.0,0.0,True,138.0,False,False
warning_acid_base_balance,BAC_G::Myroides,Bacteria,1,0.0,0.0,True,162.5,False,False
warning_buffer_capacity,BAC_G::Myroides,Bacteria,1,0.0,0.0,True,140.5,False,False
warning_acid_accumulation,BAC_G::Myroides,Bacteria,1,,,True,,False,False
warning_ammonia_toxicity,BAC_G::Myroides,Bacteria,1,0.0,0.0,True,139.0,False,False
warning_biogas_quality,BAC_G::Myroides,Bacteria,1,0.0,0.0,True,138.0,False,False
warning_acid_base_balance,BAC_G::Nitrosomonas,Bacteria,1,0.0,0.0,False,162.5,False,False
warning_buffer_capacity,BAC_G::Nitrosomonas,Bacteria,1,0.0,0.0,False,140.5,False,False
warning_acid_accumulation,BAC_G::Nitrosomonas,Bacteria,1,,,False,,False,False
warning_ammonia_toxicity,BAC_G::Nitrosomonas,Bacteria,1,0.0,0.0,False,139.0,False,False
warning_biogas_quality,BAC_G::Nitrosomonas,Bacteria,1,0.0,0.0,False,138.0,False,False
warning_acid_base_balance,BAC_G::OLB12,Bacteria,1,0.0,0.0,False,162.5,False,False
warning_buffer_capacity,BAC_G::OLB12,Bacteria,1,0.0,0.0,False,140.5,False,False
warning_acid_accumulation,BAC_G::OLB12,Bacteria,1,,,False,,False,False
warning_ammonia_toxicity,BAC_G::OLB12,Bacteria,1,0.0,0.0,False,139.0,False,False
warning_biogas_quality,BAC_G::OLB12,Bacteria,1,0.0,0.0,False,138.0,False,False
warning_acid_base_balance,BAC_G::OLB8,Bacteria,1,9.881422924901129e-05,0.00044191066749007445,True,49.5,False,False
warning_buffer_capacity,BAC_G::OLB8,Bacteria,1,0.0,0.0,True,140.5,False,False
warning_acid_accumulation,BAC_G::OLB8,Bacteria,1,,,True,,False,False
warning_ammonia_toxicity,BAC_G::OLB8,Bacteria,1,0.0,0.0,True,139.0,False,False
warning_biogas_quality,BAC_G::OLB8,Bacteria,1,0.0,0.0,True,138.0,False,False
warning_acid_base_balance,BAC_G::Olsenella,Bacteria,1,0.0,0.0,True,162.5,False,False
warning_buffer_capacity,BAC_G::Olsenella,Bacteria,1,0.0,0.0,True,140.5,False,False
warning_acid_accumulation,BAC_G::Olsenella,Bacteria,1,,,True,,False,False
warning_ammonia_toxicity,BAC_G::Olsenella,Bacteria,1,0.0,0.0,True,139.0,False,False
warning_biogas_quality,BAC_G::Olsenella,Bacteria,1,0.0,0.0,True,138.0,False,False
warning_acid_base_balance,BAC_G::Oscillospira,Bacteria,1,0.0,0.0,True,162.5,False,False
warning_buffer_capacity,BAC_G::Oscillospira,Bacteria,1,0.0,0.0,True,140.5,False,False
warning_acid_accumulation,BAC_G::Oscillospira,Bacteria,1,,,True,,False,False
warning_ammonia_toxicity,BAC_G::Oscillospira,Bacteria,1,0.0,0.0,True,139.0,False,False
warning_biogas_quality,BAC_G::Oscillospira,Bacteria,1,0.0,0.0,True,138.0,False,False
warning_acid_base_balance,BAC_G::PB19,Bacteria,1,0.0,0.0,False,162.5,False,False
warning_buffer_capacity,BAC_G::PB19,Bacteria,1,0.0,0.0,False,140.5,False,False
warning_acid_accumulation,BAC_G::PB19,Bacteria,1,,,False,,False,False
warning_ammonia_toxicity,BAC_G::PB19,Bacteria,1,0.0,0.0,False,139.0,False,False
warning_biogas_quality,BAC_G::PB19,Bacteria,1,0.0,0.0,False,138.0,False,False
warning_acid_base_balance,BAC_G::Paludibacter,Bacteria,1,0.0,0.0,True,162.5,False,False
warning_buffer_capacity,BAC_G::Paludibacter,Bacteria,1,-0.0004924242424242421,0.0019396400113029736,True,260.0,False,False
warning_acid_accumulation,BAC_G::Paludibacter,Bacteria,1,,,True,,False,False
warning_ammonia_toxicity,BAC_G::Paludibacter,Bacteria,1,0.0,0.0,True,139.0,False,False
warning_biogas_quality,BAC_G::Paludibacter,Bacteria,1,0.0,0.0,True,138.0,False,False
warning_acid_base_balance,BAC_G::Pantoea,Bacteria,1,0.0,0.0,True,162.5,False,False
warning_buffer_capacity,BAC_G::Pantoea,Bacteria,1,0.0,0.0,True,140.5,False,False
warning_acid_accumulation,BAC_G::Pantoea,Bacteria,1,,,True,,False,False
warning_ammonia_toxicity,BAC_G::Pantoea,Bacteria,1,0.0,0.0,True,139.0,False,False
warning_biogas_quality,BAC_G::Pantoea,Bacteria,1,0.0,0.0,True,138.0,False,False
warning_acid_base_balance,BAC_G::Paracoccus,Bacteria,1,0.0,0.0,True,162.5,False,False
warning_buffer_capacity,BAC_G::Paracoccus,Bacteria,1,0.0,0.0,True,140.5,False,False
warning_acid_accumulation,BAC_G::Paracoccus,Bacteria,1,,,True,,False,False
warning_ammonia_toxicity,BAC_G::Paracoccus,Bacteria,1,0.0,0.0,True,139.0,False,False
warning_biogas_quality,BAC_G::Paracoccus,Bacteria,1,0.0,0.0,True,138.0,False,False
warning_acid_base_balance,BAC_G::Pedosphaeraceae,Bacteria,1,0.0,0.0,True,162.5,False,False
warning_buffer_capacity,BAC_G::Pedosphaeraceae,Bacteria,1,0.0,0.0,True,140.5,False,False
warning_acid_accumulation,BAC_G::Pedosphaeraceae,Bacteria,1,,,True,,False,False
warning_ammonia_toxicity,BAC_G::Pedosphaeraceae,Bacteria,1,0.0,0.0,True,139.0,False,False
warning_biogas_quality,BAC_G::Pedosphaeraceae,Bacteria,1,0.0,0.0,True,138.0,False,False
warning_acid_base_balance,BAC_G::Pelotomaculum,Bacteria,1,0.0,0.0,True,162.5,False,False
warning_buffer_capacity,BAC_G::Pelotomaculum,Bacteria,1,0.0,0.0,True,140.5,False,False
warning_acid_accumulation,BAC_G::Pelotomaculum,Bacteria,1,,,True,,False,False
warning_ammonia_toxicity,BAC_G::Pelotomaculum,Bacteria,1,0.0,0.0,True,139.0,False,False
warning_biogas_quality,BAC_G::Pelotomaculum,Bacteria,1,0.0,0.0,True,138.0,False,False
warning_acid_base_balance,BAC_G::Petrimonas,Bacteria,1,0.0,0.0,True,162.5,False,False
warning_buffer_capacity,BAC_G::Petrimonas,Bacteria,1,0.0,0.0,True,140.5,False,False
warning_acid_accumulation,BAC_G::Petrimonas,Bacteria,1,,,True,,False,False
warning_ammonia_toxicity,BAC_G::Petrimonas,Bacteria,1,0.0,0.0,True,139.0,False,False
warning_biogas_quality,BAC_G::Petrimonas,Bacteria,1,0.0,0.0,True,138.0,False,False
warning_acid_base_balance,BAC_G::Prevotella,Bacteria,1,9.881422924901129e-05,0.0004419106674900744,True,49.5,False,False
warning_buffer_capacity,BAC_G::Prevotella,Bacteria,1,0.0001942501942502027,0.006917967866502056,True,18.0,False,True
warning_acid_accumulation,BAC_G::Prevotella,Bacteria,1,,,True,,False,False
warning_ammonia_toxicity,BAC_G::Prevotella,Bacteria,1,0.0,0.0,True,139.0,False,False
warning_biogas_quality,BAC_G::Prevotella,Bacteria,1,0.0,0.0,True,138.0,False,False
warning_acid_base_balance,BAC_G::Proteiniphilum,Bacteria,1,0.000691699604743079,0.0009671155828648026,True,28.5,False,False
warning_buffer_capacity,BAC_G::Proteiniphilum,Bacteria,1,0.0,0.0,True,140.5,False,False
warning_acid_accumulation,BAC_G::Proteiniphilum,Bacteria,1,,,True,,False,False
warning_ammonia_toxicity,BAC_G::Proteiniphilum,Bacteria,1,0.0,0.0,True,139.0,False,False
warning_biogas_quality,BAC_G::Proteiniphilum,Bacteria,1,0.0,0.0,True,138.0,False,False
warning_acid_base_balance,BAC_G::Proteocatella,Bacteria,1,0.0,0.0,False,162.5,False,False
warning_buffer_capacity,BAC_G::Proteocatella,Bacteria,1,0.0,0.0,False,140.5,False,False
warning_acid_accumulation,BAC_G::Proteocatella,Bacteria,1,,,False,,False,False
warning_ammonia_toxicity,BAC_G::Proteocatella,Bacteria,1,0.0,0.0,False,139.0,False,False
warning_biogas_quality,BAC_G::Proteocatella,Bacteria,1,0.0,0.0,False,138.0,False,False
warning_acid_base_balance,BAC_G::Pseudomonas,Bacteria,1,9.881422924901129e-05,0.0004419106674900744,True,49.5,False,False
warning_buffer_capacity,BAC_G::Pseudomonas,Bacteria,1,0.006643356643356656,0.001563683900349506,True,2.0,True,True
warning_acid_accumulation,BAC_G::Pseudomonas,Bacteria,1,,,True,,False,False
warning_ammonia_toxicity,BAC_G::Pseudomonas,Bacteria,1,0.0,0.0,True,139.0,False,False
warning_biogas_quality,BAC_G::Pseudomonas,Bacteria,1,0.0,0.0,True,138.0,False,False
warning_acid_base_balance,BAC_G::Pseudoramibacter,Bacteria,1,0.0,0.0,True,162.5,False,False
warning_buffer_capacity,BAC_G::Pseudoramibacter,Bacteria,1,0.0,0.0,True,140.5,False,False
warning_acid_accumulation,BAC_G::Pseudoramibacter,Bacteria,1,,,True,,False,False
warning_ammonia_toxicity,BAC_G::Pseudoramibacter,Bacteria,1,0.0,0.0,True,139.0,False,False
warning_biogas_quality,BAC_G::Pseudoramibacter,Bacteria,1,0.0,0.0,True,138.0,False,False
warning_acid_base_balance,BAC_G::RBG-16-49-21,Bacteria,1,0.0,0.0,True,162.5,False,False
warning_buffer_capacity,BAC_G::RBG-16-49-21,Bacteria,1,0.0,0.0,True,140.5,False,False
warning_acid_accumulation,BAC_G::RBG-16-49-21,Bacteria,1,,,True,,False,False
warning_ammonia_toxicity,BAC_G::RBG-16-49-21,Bacteria,1,0.0,0.0,True,139.0,False,False
warning_biogas_quality,BAC_G::RBG-16-49-21,Bacteria,1,0.0,0.0,True,138.0,False,False
warning_acid_base_balance,BAC_G::Raoultibacter,Bacteria,1,0.0,0.0,True,162.5,False,False
warning_buffer_capacity,BAC_G::Raoultibacter,Bacteria,1,0.0,0.0,True,140.5,False,False
warning_acid_accumulation,BAC_G::Raoultibacter,Bacteria,1,,,True,,False,False
warning_ammonia_toxicity,BAC_G::Raoultibacter,Bacteria,1,0.0,0.0,True,139.0,False,False
warning_biogas_quality,BAC_G::Raoultibacter,Bacteria,1,0.0,0.0,True,138.0,False,False
warning_acid_base_balance,BAC_G::Rhodobacter,Bacteria,1,0.0,0.0,True,162.5,False,False
warning_buffer_capacity,BAC_G::Rhodobacter,Bacteria,1,0.0,0.0,True,140.5,False,False
warning_acid_accumulation,BAC_G::Rhodobacter,Bacteria,1,,,True,,False,False
warning_ammonia_toxicity,BAC_G::Rhodobacter,Bacteria,1,0.0,0.0,True,139.0,False,False
warning_biogas_quality,BAC_G::Rhodobacter,Bacteria,1,0.0,0.0,True,138.0,False,False
warning_acid_base_balance,BAC_G::Ruminiclostridium,Bacteria,1,0.006249999999999994,0.01526448118885512,True,18.5,False,True
warning_buffer_capacity,BAC_G::Ruminiclostridium,Bacteria,1,-0.0106060606060606,0.037870812557533294,True,273.0,False,False
warning_acid_accumulation,BAC_G::Ruminiclostridium,Bacteria,1,,,True,,False,False
warning_ammonia_toxicity,BAC_G::Ruminiclostridium,Bacteria,1,0.0,0.0,True,139.0,False,False
warning_biogas_quality,BAC_G::Ruminiclostridium,Bacteria,1,0.0,0.0,True,138.0,False,False
warning_acid_base_balance,BAC_G::Ruminococcus,Bacteria,1,-0.004901185770750998,0.038575608097381545,True,274.0,False,False
warning_buffer_capacity,BAC_G::Ruminococcus,Bacteria,1,-0.005336330336330326,0.015400462188728016,True,267.0,False,False
warning_acid_accumulation,BAC_G::Ruminococcus,Bacteria,1,,,True,,False,False
warning_ammonia_toxicity,BAC_G::Ruminococcus,Bacteria,1,0.0,0.0,True,139.0,False,False
warning_biogas_quality,BAC_G::Ruminococcus,Bacteria,1,0.0,0.0,True,138.0,False,False
warning_acid_base_balance,BAC_G::SBR1031,Bacteria,1,0.0,0.0,True,162.5,False,False
warning_buffer_capacity,BAC_G::SBR1031,Bacteria,1,0.0,0.0,True,140.5,False,False
warning_acid_accumulation,BAC_G::SBR1031,Bacteria,1,,,True,,False,False
warning_ammonia_toxicity,BAC_G::SBR1031,Bacteria,1,0.0,0.0,True,139.0,False,False
warning_biogas_quality,BAC_G::SBR1031,Bacteria,1,0.0,0.0,True,138.0,False,False
warning_acid_base_balance,BAC_G::SC-I-84,Bacteria,1,0.0,0.0,True,162.5,False,False
warning_buffer_capacity,BAC_G::SC-I-84,Bacteria,1,0.0,0.0,True,140.5,False,False
warning_acid_accumulation,BAC_G::SC-I-84,Bacteria,1,,,True,,False,False
warning_ammonia_toxicity,BAC_G::SC-I-84,Bacteria,1,0.0,0.0,True,139.0,False,False
warning_biogas_quality,BAC_G::SC-I-84,Bacteria,1,0.0,0.0,True,138.0,False,False
warning_acid_base_balance,BAC_G::SC103,Bacteria,1,0.0,0.0,True,162.5,False,False
warning_buffer_capacity,BAC_G::SC103,Bacteria,1,0.0,0.0,True,140.5,False,False
warning_acid_accumulation,BAC_G::SC103,Bacteria,1,,,True,,False,False
warning_ammonia_toxicity,BAC_G::SC103,Bacteria,1,0.0,0.0,True,139.0,False,False
warning_biogas_quality,BAC_G::SC103,Bacteria,1,0.0,0.0,True,138.0,False,False
warning_acid_base_balance,BAC_G::SJA-15,Bacteria,1,0.0,0.0,True,162.5,False,False
warning_buffer_capacity,BAC_G::SJA-15,Bacteria,1,-0.0005594405594405591,0.002567891825403161,True,262.0,False,False
warning_acid_accumulation,BAC_G::SJA-15,Bacteria,1,,,True,,False,False
warning_ammonia_toxicity,BAC_G::SJA-15,Bacteria,1,0.0,0.0,True,139.0,False,False
warning_biogas_quality,BAC_G::SJA-15,Bacteria,1,0.0,0.0,True,138.0,False,False
warning_acid_base_balance,BAC_G::SJA-28,Bacteria,1,0.0,0.0,True,162.5,False,False
warning_buffer_capacity,BAC_G::SJA-28,Bacteria,1,-0.0027083333333333326,0.004255922008505018,True,264.0,False,False
warning_acid_accumulation,BAC_G::SJA-28,Bacteria,1,,,True,,False,False
warning_ammonia_toxicity,BAC_G::SJA-28,Bacteria,1,0.0,0.0,True,139.0,False,False
warning_biogas_quality,BAC_G::SJA-28,Bacteria,1,0.0,0.0,True,138.0,False,False
warning_acid_base_balance,BAC_G::ST-12K33,Bacteria,1,0.000691699604743079,0.0009671155828648025,True,28.5,False,False
warning_buffer_capacity,BAC_G::ST-12K33,Bacteria,1,0.0052010489510489625,0.002014885338558971,True,4.0,True,True
warning_acid_accumulation,BAC_G::ST-12K33,Bacteria,1,,,True,,False,False
warning_ammonia_toxicity,BAC_G::ST-12K33,Bacteria,1,0.0,0.0,True,139.0,False,False
warning_biogas_quality,BAC_G::ST-12K33,Bacteria,1,0.0,0.0,True,138.0,False,False
warning_acid_base_balance,BAC_G::Saccharofermentans,Bacteria,1,-0.004067852437417667,0.038124053321511926,True,273.0,False,False
warning_buffer_capacity,BAC_G::Saccharofermentans,Bacteria,1,-0.008289627039627028,0.03077599088023381,True,270.0,False,False
warning_acid_accumulation,BAC_G::Saccharofermentans,Bacteria,1,,,True,,False,False
warning_ammonia_toxicity,BAC_G::Saccharofermentans,Bacteria,1,0.0,0.0,True,139.0,False,False
warning_biogas_quality,BAC_G::Saccharofermentans,Bacteria,1,0.0,0.0,True,138.0,False,False
warning_acid_base_balance,BAC_G::Sedimentibacter,Bacteria,1,0.0026762187088273993,0.009223261165822831,True,23.0,False,False
warning_buffer_capacity,BAC_G::Sedimentibacter,Bacteria,1,0.004880536130536141,0.0019554619703587737,True,6.0,True,True
warning_acid_accumulation,BAC_G::Sedimentibacter,Bacteria,1,,,True,,False,False
warning_ammonia_toxicity,BAC_G::Sedimentibacter,Bacteria,1,0.0,0.0,True,139.0,False,False
warning_biogas_quality,BAC_G::Sedimentibacter,Bacteria,1,0.0,0.0,True,138.0,False,False
warning_acid_base_balance,BAC_G::Shuttleworthia,Bacteria,1,0.0,0.0,True,162.5,False,False
warning_buffer_capacity,BAC_G::Shuttleworthia,Bacteria,1,0.0,0.0,True,140.5,False,False
warning_acid_accumulation,BAC_G::Shuttleworthia,Bacteria,1,,,True,,False,False
warning_ammonia_toxicity,BAC_G::Shuttleworthia,Bacteria,1,0.0,0.0,True,139.0,False,False
warning_biogas_quality,BAC_G::Shuttleworthia,Bacteria,1,0.0,0.0,True,138.0,False,False
warning_acid_base_balance,BAC_G::Simplicispira,Bacteria,1,0.0,0.0,True,162.5,False,False
warning_buffer_capacity,BAC_G::Simplicispira,Bacteria,1,0.0,0.0,True,140.5,False,False
warning_acid_accumulation,BAC_G::Simplicispira,Bacteria,1,,,True,,False,False
warning_ammonia_toxicity,BAC_G::Simplicispira,Bacteria,1,0.0,0.0,True,139.0,False,False
warning_biogas_quality,BAC_G::Simplicispira,Bacteria,1,0.0,0.0,True,138.0,False,False
warning_acid_base_balance,BAC_G::Smithella,Bacteria,1,0.0,0.0,True,162.5,False,False
warning_buffer_capacity,BAC_G::Smithella,Bacteria,1,-7.575757575757486e-05,0.001918107363045499,True,258.0,False,False
warning_acid_accumulation,BAC_G::Smithella,Bacteria,1,,,True,,False,False
warning_ammonia_toxicity,BAC_G::Smithella,Bacteria,1,0.0,0.0,True,139.0,False,False
warning_biogas_quality,BAC_G::Smithella,Bacteria,1,0.0,0.0,True,138.0,False,False
warning_acid_base_balance,BAC_G::Sphaerochaeta,Bacteria,1,0.0420536890645586,0.0010042986687215708,True,4.0,True,True
warning_buffer_capacity,BAC_G::Sphaerochaeta,Bacteria,1,-0.008775252525252521,0.017020331181074114,True,271.0,False,False
warning_acid_accumulation,BAC_G::Sphaerochaeta,Bacteria,1,,,True,,False,False
warning_ammonia_toxicity,BAC_G::Sphaerochaeta,Bacteria,1,0.0,0.0,True,139.0,False,False
warning_biogas_quality,BAC_G::Sphaerochaeta,Bacteria,1,0.0,0.0,True,138.0,False,False
warning_acid_base_balance,BAC_G::Stenotrophomonas,Bacteria,1,0.0,0.0,True,162.5,False,False
warning_buffer_capacity,BAC_G::Stenotrophomonas,Bacteria,1,0.0,0.0,True,140.5,False,False
warning_acid_accumulation,BAC_G::Stenotrophomonas,Bacteria,1,,,True,,False,False
warning_ammonia_toxicity,BAC_G::Stenotrophomonas,Bacteria,1,0.0,0.0,True,139.0,False,False
warning_biogas_quality,BAC_G::Stenotrophomonas,Bacteria,1,0.0,0.0,True,138.0,False,False
warning_acid_base_balance,BAC_G::Sterolibacterium,Bacteria,1,0.0,0.0,False,162.5,False,False
warning_buffer_capacity,BAC_G::Sterolibacterium,Bacteria,1,0.0,0.0,False,140.5,False,False
warning_acid_accumulation,BAC_G::Sterolibacterium,Bacteria,1,,,False,,False,False
warning_ammonia_toxicity,BAC_G::Sterolibacterium,Bacteria,1,0.0,0.0,False,139.0,False,False
warning_biogas_quality,BAC_G::Sterolibacterium,Bacteria,1,0.0,0.0,False,138.0,False,False
warning_acid_base_balance,BAC_G::Streptococcus,Bacteria,1,0.0,0.0,True,162.5,False,False
warning_buffer_capacity,BAC_G::Streptococcus,Bacteria,1,0.0,0.0,True,140.5,False,False
warning_acid_accumulation,BAC_G::Streptococcus,Bacteria,1,,,True,,False,False
warning_ammonia_toxicity,BAC_G::Streptococcus,Bacteria,1,0.009027777777777728,0.018729006007177595,True,4.0,True,True
warning_biogas_quality,BAC_G::Streptococcus,Bacteria,1,0.0,0.0,True,138.0,False,False
warning_acid_base_balance,BAC_G::Sutterella,Bacteria,1,0.0,0.0,True,162.5,False,False
warning_buffer_capacity,BAC_G::Sutterella,Bacteria,1,0.0,0.0,True,140.5,False,False
warning_acid_accumulation,BAC_G::Sutterella,Bacteria,1,,,True,,False,False
warning_ammonia_toxicity,BAC_G::Sutterella,Bacteria,1,0.0,0.0,True,139.0,False,False
warning_biogas_quality,BAC_G::Sutterella,Bacteria,1,0.0,0.0,True,138.0,False,False
warning_acid_base_balance,BAC_G::Syner-01,Bacteria,1,0.0,0.0,True,162.5,False,False
warning_buffer_capacity,BAC_G::Syner-01,Bacteria,1,0.0,0.0,True,140.5,False,False
warning_acid_accumulation,BAC_G::Syner-01,Bacteria,1,,,True,,False,False
warning_ammonia_toxicity,BAC_G::Syner-01,Bacteria,1,0.0,0.0,True,139.0,False,False
warning_biogas_quality,BAC_G::Syner-01,Bacteria,1,0.0,0.0,True,138.0,False,False
warning_acid_base_balance,BAC_G::Syntrophaceticus,Bacteria,1,0.03929183135704872,0.018161216757940916,True,8.0,True,True
warning_buffer_capacity,BAC_G::Syntrophaceticus,Bacteria,1,0.0003787878787878798,0.0011658844910058602,True,16.0,False,True
warning_acid_accumulation,BAC_G::Syntrophaceticus,Bacteria,1,,,True,,False,False
warning_ammonia_toxicity,BAC_G::Syntrophaceticus,Bacteria,1,0.0,0.0,True,139.0,False,False
warning_biogas_quality,BAC_G::Syntrophaceticus,Bacteria,1,0.0,0.0,True,138.0,False,False
warning_acid_base_balance,BAC_G::Syntrophobacter,Bacteria,1,0.0,0.0,True,162.5,False,False
warning_buffer_capacity,BAC_G::Syntrophobacter,Bacteria,1,0.0,0.0,True,140.5,False,False
warning_acid_accumulation,BAC_G::Syntrophobacter,Bacteria,1,,,True,,False,False
warning_ammonia_toxicity,BAC_G::Syntrophobacter,Bacteria,1,0.0,0.0,True,139.0,False,False
warning_biogas_quality,BAC_G::Syntrophobacter,Bacteria,1,0.0,0.0,True,138.0,False,False
warning_acid_base_balance,BAC_G::Syntrophococcus,Bacteria,1,0.0,0.0,True,162.5,False,False
warning_buffer_capacity,BAC_G::Syntrophococcus,Bacteria,1,0.0,0.0,True,140.5,False,False
warning_acid_accumulation,BAC_G::Syntrophococcus,Bacteria,1,,,True,,False,False
warning_ammonia_toxicity,BAC_G::Syntrophococcus,Bacteria,1,0.0,0.0,True,139.0,False,False
warning_biogas_quality,BAC_G::Syntrophococcus,Bacteria,1,0.0,0.0,True,138.0,False,False
warning_acid_base_balance,BAC_G::Syntrophomonas,Bacteria,1,0.00029644268774703386,0.0007240070129101208,True,40.0,False,False
warning_buffer_capacity,BAC_G::Syntrophomonas,Bacteria,1,0.0,0.0,True,140.5,False,False
warning_acid_accumulation,BAC_G::Syntrophomonas,Bacteria,1,,,True,,False,False
warning_ammonia_toxicity,BAC_G::Syntrophomonas,Bacteria,1,0.0,0.0,True,139.0,False,False
warning_biogas_quality,BAC_G::Syntrophomonas,Bacteria,1,0.0,0.0,True,138.0,False,False
warning_acid_base_balance,BAC_G::Syntrophorhabdus,Bacteria,1,0.0,0.0,True,162.5,False,False
warning_buffer_capacity,BAC_G::Syntrophorhabdus,Bacteria,1,0.0,0.0,True,140.5,False,False
warning_acid_accumulation,BAC_G::Syntrophorhabdus,Bacteria,1,,,True,,False,False
warning_ammonia_toxicity,BAC_G::Syntrophorhabdus,Bacteria,1,0.0,0.0,True,139.0,False,False
warning_biogas_quality,BAC_G::Syntrophorhabdus,Bacteria,1,0.0,0.0,True,138.0,False,False
warning_acid_base_balance,BAC_G::Syntrophus,Bacteria,1,0.0,0.0,True,162.5,False,False
warning_buffer_capacity,BAC_G::Syntrophus,Bacteria,1,0.0,0.0,True,140.5,False,False
warning_acid_accumulation,BAC_G::Syntrophus,Bacteria,1,,,True,,False,False
warning_ammonia_toxicity,BAC_G::Syntrophus,Bacteria,1,0.0,0.0,True,139.0,False,False
warning_biogas_quality,BAC_G::Syntrophus,Bacteria,1,0.0,0.0,True,138.0,False,False
warning_acid_base_balance,BAC_G::TTA-B1,Bacteria,1,0.0,0.0,False,162.5,False,False
warning_buffer_capacity,BAC_G::TTA-B1,Bacteria,1,0.0,0.0,False,140.5,False,False
warning_acid_accumulation,BAC_G::TTA-B1,Bacteria,1,,,False,,False,False
warning_ammonia_toxicity,BAC_G::TTA-B1,Bacteria,1,0.0,0.0,False,139.0,False,False
warning_biogas_quality,BAC_G::TTA-B1,Bacteria,1,0.0,0.0,False,138.0,False,False
warning_acid_base_balance,BAC_G::Tepidimicrobium,Bacteria,1,0.006546442687747028,0.015153481792603734,True,17.0,False,True
warning_buffer_capacity,BAC_G::Tepidimicrobium,Bacteria,1,0.0003787878787878798,0.0011658844910058602,True,16.0,False,True
warning_acid_accumulation,BAC_G::Tepidimicrobium,Bacteria,1,,,True,,False,False
warning_ammonia_toxicity,BAC_G::Tepidimicrobium,Bacteria,1,0.0,0.0,True,139.0,False,False
warning_biogas_quality,BAC_G::Tepidimicrobium,Bacteria,1,0.0,0.0,True,138.0,False,False
warning_acid_base_balance,BAC_G::Terrimonas,Bacteria,1,0.0,0.0,False,162.5,False,False
warning_buffer_capacity,BAC_G::Terrimonas,Bacteria,1,0.0,0.0,False,140.5,False,False
warning_acid_accumulation,BAC_G::Terrimonas,Bacteria,1,,,False,,False,False
warning_ammonia_toxicity,BAC_G::Terrimonas,Bacteria,1,0.0,0.0,False,139.0,False,False
warning_biogas_quality,BAC_G::Terrimonas,Bacteria,1,0.0,0.0,False,138.0,False,False
warning_acid_base_balance,BAC_G::Tetrasphaera,Bacteria,1,0.0,0.0,True,162.5,False,False
warning_buffer_capacity,BAC_G::Tetrasphaera,Bacteria,1,0.0,0.0,True,140.5,False,False
warning_acid_accumulation,BAC_G::Tetrasphaera,Bacteria,1,,,True,,False,False
warning_ammonia_toxicity,BAC_G::Tetrasphaera,Bacteria,1,0.0,0.0,True,139.0,False,False
warning_biogas_quality,BAC_G::Tetrasphaera,Bacteria,1,0.0,0.0,True,138.0,False,False
warning_acid_base_balance,BAC_G::Thauera,Bacteria,1,0.0,0.0,True,162.5,False,False
warning_buffer_capacity,BAC_G::Thauera,Bacteria,1,0.0,0.0,True,140.5,False,False
warning_acid_accumulation,BAC_G::Thauera,Bacteria,1,,,True,,False,False
warning_ammonia_toxicity,BAC_G::Thauera,Bacteria,1,0.0,0.0,True,139.0,False,False
warning_biogas_quality,BAC_G::Thauera,Bacteria,1,-0.052083333333333336,0.21834496754860455,True,276.0,False,False
warning_acid_base_balance,BAC_G::Thermoanaerobaculum,Bacteria,1,0.0,0.0,True,162.5,False,False
warning_buffer_capacity,BAC_G::Thermoanaerobaculum,Bacteria,1,0.0,0.0,True,140.5,False,False
warning_acid_accumulation,BAC_G::Thermoanaerobaculum,Bacteria,1,,,True,,False,False
warning_ammonia_toxicity,BAC_G::Thermoanaerobaculum,Bacteria,1,0.0,0.0,True,139.0,False,False
warning_biogas_quality,BAC_G::Thermoanaerobaculum,Bacteria,1,0.0,0.0,True,138.0,False,False
warning_acid_base_balance,BAC_G::Thermomonas,Bacteria,1,0.0,0.0,True,162.5,False,False
warning_buffer_capacity,BAC_G::Thermomonas,Bacteria,1,0.0,0.0,True,140.5,False,False
warning_acid_accumulation,BAC_G::Thermomonas,Bacteria,1,,,True,,False,False
warning_ammonia_toxicity,BAC_G::Thermomonas,Bacteria,1,0.0,0.0,True,139.0,False,False
warning_biogas_quality,BAC_G::Thermomonas,Bacteria,1,0.0,0.0,True,138.0,False,False
warning_acid_base_balance,BAC_G::Thermovirga,Bacteria,1,0.0,0.0,True,162.5,False,False
warning_buffer_capacity,BAC_G::Thermovirga,Bacteria,1,0.0,0.0,True,140.5,False,False
warning_acid_accumulation,BAC_G::Thermovirga,Bacteria,1,,,True,,False,False
warning_ammonia_toxicity,BAC_G::Thermovirga,Bacteria,1,0.0,0.0,True,139.0,False,False
warning_biogas_quality,BAC_G::Thermovirga,Bacteria,1,0.0,0.0,True,138.0,False,False
warning_acid_base_balance,BAC_G::Thermus,Bacteria,1,0.0,0.0,True,162.5,False,False
warning_buffer_capacity,BAC_G::Thermus,Bacteria,1,0.0,0.0,True,140.5,False,False
warning_acid_accumulation,BAC_G::Thermus,Bacteria,1,,,True,,False,False
warning_ammonia_toxicity,BAC_G::Thermus,Bacteria,1,0.0,0.0,True,139.0,False,False
warning_biogas_quality,BAC_G::Thermus,Bacteria,1,0.0,0.0,True,138.0,False,False
warning_acid_base_balance,BAC_G::Tissierella,Bacteria,1,0.00932147562582344,0.01661594556790543,True,13.0,False,True
warning_buffer_capacity,BAC_G::Tissierella,Bacteria,1,0.001799242424242426,0.005162504988802661,True,12.0,False,True
warning_acid_accumulation,BAC_G::Tissierella,Bacteria,1,,,True,,False,False
warning_ammonia_toxicity,BAC_G::Tissierella,Bacteria,1,0.0,0.0,True,139.0,False,False
warning_biogas_quality,BAC_G::Tissierella,Bacteria,1,0.0,0.0,True,138.0,False,False
warning_acid_base_balance,BAC_G::Treponema,Bacteria,1,0.0,0.0,True,162.5,False,False
warning_buffer_capacity,BAC_G::Treponema,Bacteria,1,0.0,0.0,True,140.5,False,False
warning_acid_accumulation,BAC_G::Treponema,Bacteria,1,,,True,,False,False
warning_ammonia_toxicity,BAC_G::Treponema,Bacteria,1,0.0,0.0,True,139.0,False,False
warning_biogas_quality,BAC_G::Treponema,Bacteria,1,0.0,0.0,True,138.0,False,False
warning_acid_base_balance,BAC_G::Truepera,Bacteria,1,0.0,0.0,True,162.5,False,False
warning_buffer_capacity,BAC_G::Truepera,Bacteria,1,0.0,0.0,True,140.5,False,False
warning_acid_accumulation,BAC_G::Truepera,Bacteria,1,,,True,,False,False
warning_ammonia_toxicity,BAC_G::Truepera,Bacteria,1,0.0,0.0,True,139.0,False,False
warning_biogas_quality,BAC_G::Truepera,Bacteria,1,0.0,0.0,True,138.0,False,False
warning_acid_base_balance,BAC_G::UCG-010,Bacteria,1,9.881422924901129e-05,0.0004419106674900745,True,49.5,False,False
warning_buffer_capacity,BAC_G::UCG-010,Bacteria,1,-0.006691919191919188,0.00813028942740518,True,268.0,False,False
warning_acid_accumulation,BAC_G::UCG-010,Bacteria,1,,,True,,False,False
warning_ammonia_toxicity,BAC_G::UCG-010,Bacteria,1,-0.0652777777777778,0.03594502184748292,True,276.0,False,False
warning_biogas_quality,BAC_G::UCG-010,Bacteria,1,0.0,0.0,True,138.0,False,False
warning_acid_base_balance,BAC_G::W27,Bacteria,1,0.0020586297760210705,0.0007374862447613131,True,24.0,False,False
warning_buffer_capacity,BAC_G::W27,Bacteria,1,0.0,0.0,True,140.5,False,False
warning_acid_accumulation,BAC_G::W27,Bacteria,1,,,True,,False,False
warning_ammonia_toxicity,BAC_G::W27,Bacteria,1,0.0,0.0,True,139.0,False,False
warning_biogas_quality,BAC_G::W27,Bacteria,1,0.0,0.0,True,138.0,False,False
warning_acid_base_balance,BAC_G::W5,Bacteria,1,9.881422924901129e-05,0.00044191066749007445,True,49.5,False,False
warning_buffer_capacity,BAC_G::W5,Bacteria,1,0.0,0.0,True,140.5,False,False
warning_acid_accumulation,BAC_G::W5,Bacteria,1,,,True,,False,False
warning_ammonia_toxicity,BAC_G::W5,Bacteria,1,0.0,0.0,True,139.0,False,False
warning_biogas_quality,BAC_G::W5,Bacteria,1,0.0,0.0,True,138.0,False,False
warning_acid_base_balance,BAC_G::W5053,Bacteria,1,0.0,0.0,True,162.5,False,False
warning_buffer_capacity,BAC_G::W5053,Bacteria,1,0.0,0.0,True,140.5,False,False
warning_acid_accumulation,BAC_G::W5053,Bacteria,1,,,True,,False,False
warning_ammonia_toxicity,BAC_G::W5053,Bacteria,1,0.0,0.0,True,139.0,False,False
warning_biogas_quality,BAC_G::W5053,Bacteria,1,0.0,0.0,True,138.0,False,False
warning_acid_base_balance,BAC_G::WCHB1-02,Bacteria,1,0.0,0.0,True,162.5,False,False
warning_buffer_capacity,BAC_G::WCHB1-02,Bacteria,1,0.0,0.0,True,140.5,False,False
warning_acid_accumulation,BAC_G::WCHB1-02,Bacteria,1,,,True,,False,False
warning_ammonia_toxicity,BAC_G::WCHB1-02,Bacteria,1,0.0,0.0,True,139.0,False,False
warning_biogas_quality,BAC_G::WCHB1-02,Bacteria,1,0.0,0.0,True,138.0,False,False
warning_acid_base_balance,BAC_G::WCHB1-41,Bacteria,1,0.05924407114624504,0.026875512089830845,True,2.0,True,True
warning_buffer_capacity,BAC_G::WCHB1-41,Bacteria,1,0.0,0.0,True,140.5,False,False
warning_acid_accumulation,BAC_G::WCHB1-41,Bacteria,1,,,True,,False,False
warning_ammonia_toxicity,BAC_G::WCHB1-41,Bacteria,1,0.0,0.0,True,139.0,False,False
warning_biogas_quality,BAC_G::WCHB1-41,Bacteria,1,0.0,0.0,True,138.0,False,False
warning_acid_base_balance,BAC_G::WCHB1-81,Bacteria,1,0.0,0.0,True,162.5,False,False
warning_buffer_capacity,BAC_G::WCHB1-81,Bacteria,1,0.0,0.0,True,140.5,False,False
warning_acid_accumulation,BAC_G::WCHB1-81,Bacteria,1,,,True,,False,False
warning_ammonia_toxicity,BAC_G::WCHB1-81,Bacteria,1,0.0,0.0,True,139.0,False,False
warning_biogas_quality,BAC_G::WCHB1-81,Bacteria,1,0.0,0.0,True,138.0,False,False
warning_acid_base_balance,BAC_G::Zoogloea,Bacteria,1,0.0,0.0,True,162.5,False,False
warning_buffer_capacity,BAC_G::Zoogloea,Bacteria,1,0.0,0.0,True,140.5,False,False
warning_acid_accumulation,BAC_G::Zoogloea,Bacteria,1,,,True,,False,False
warning_ammonia_toxicity,BAC_G::Zoogloea,Bacteria,1,0.0,0.0,True,139.0,False,False
warning_biogas_quality,BAC_G::Zoogloea,Bacteria,1,0.0,0.0,True,138.0,False,False
warning_acid_base_balance,BAC_G::p-251-o5,Bacteria,1,0.0,0.0,False,162.5,False,False
warning_buffer_capacity,BAC_G::p-251-o5,Bacteria,1,0.0,0.0,False,140.5,False,False
warning_acid_accumulation,BAC_G::p-251-o5,Bacteria,1,,,False,,False,False
warning_ammonia_toxicity,BAC_G::p-251-o5,Bacteria,1,0.0,0.0,False,139.0,False,False
warning_biogas_quality,BAC_G::p-251-o5,Bacteria,1,0.0,0.0,False,138.0,False,False
warning_acid_base_balance,BAC_G::unidentified,Bacteria,1,0.0,0.0,True,162.5,False,False
warning_buffer_capacity,BAC_G::unidentified,Bacteria,1,0.0022435897435897495,0.0021969896290156493,True,10.0,True,True
warning_acid_accumulation,BAC_G::unidentified,Bacteria,1,,,True,,False,False
warning_ammonia_toxicity,BAC_G::unidentified,Bacteria,1,0.0,0.0,True,139.0,False,False
warning_biogas_quality,BAC_G::unidentified,Bacteria,1,0.0,0.0,True,138.0,False,False
warning_acid_base_balance,ARC_P::Aenigmarchaeota,Archaea,1,0.0,0.0,True,162.5,False,False
warning_buffer_capacity,ARC_P::Aenigmarchaeota,Archaea,1,0.0,0.0,True,140.5,False,False
warning_acid_accumulation,ARC_P::Aenigmarchaeota,Archaea,1,,,True,,False,False
warning_ammonia_toxicity,ARC_P::Aenigmarchaeota,Archaea,1,0.0,0.0,True,139.0,False,False
warning_biogas_quality,ARC_P::Aenigmarchaeota,Archaea,1,0.0,0.0,True,138.0,False,False
warning_acid_base_balance,ARC_P::Asgardarchaeota,Archaea,1,0.0,0.0,True,162.5,False,False
warning_buffer_capacity,ARC_P::Asgardarchaeota,Archaea,1,0.0,0.0,True,140.5,False,False
warning_acid_accumulation,ARC_P::Asgardarchaeota,Archaea,1,,,True,,False,False
warning_ammonia_toxicity,ARC_P::Asgardarchaeota,Archaea,1,0.0,0.0,True,139.0,False,False
warning_biogas_quality,ARC_P::Asgardarchaeota,Archaea,1,0.0,0.0,True,138.0,False,False
warning_acid_base_balance,ARC_P::Crenarchaeota,Archaea,1,0.0,0.0,True,162.5,False,False
warning_buffer_capacity,ARC_P::Crenarchaeota,Archaea,1,0.0,0.0,True,140.5,False,False
warning_acid_accumulation,ARC_P::Crenarchaeota,Archaea,1,,,True,,False,False
warning_ammonia_toxicity,ARC_P::Crenarchaeota,Archaea,1,0.0,0.0,True,139.0,False,False
warning_biogas_quality,ARC_P::Crenarchaeota,Archaea,1,0.0,0.0,True,138.0,False,False
warning_acid_base_balance,ARC_P::Cryptomycota,Archaea,1,0.0,0.0,True,162.5,False,False
warning_buffer_capacity,ARC_P::Cryptomycota,Archaea,1,0.0,0.0,True,140.5,False,False
warning_acid_accumulation,ARC_P::Cryptomycota,Archaea,1,,,True,,False,False
warning_ammonia_toxicity,ARC_P::Cryptomycota,Archaea,1,0.0,0.0,True,139.0,False,False
warning_biogas_quality,ARC_P::Cryptomycota,Archaea,1,0.0,0.0,True,138.0,False,False
warning_acid_base_balance,ARC_P::Euryarchaeota,Archaea,1,0.0,0.0,True,162.5,False,False
warning_buffer_capacity,ARC_P::Euryarchaeota,Archaea,1,0.0,0.0,True,140.5,False,False
warning_acid_accumulation,ARC_P::Euryarchaeota,Archaea,1,,,True,,False,False
warning_ammonia_toxicity,ARC_P::Euryarchaeota,Archaea,1,0.0,0.0,True,139.0,False,False
warning_biogas_quality,ARC_P::Euryarchaeota,Archaea,1,0.0,0.0,True,138.0,False,False
warning_acid_base_balance,ARC_P::Hadarchaeota,Archaea,1,0.0,0.0,True,162.5,False,False
warning_buffer_capacity,ARC_P::Hadarchaeota,Archaea,1,0.0,0.0,True,140.5,False,False
warning_acid_accumulation,ARC_P::Hadarchaeota,Archaea,1,,,True,,False,False
warning_ammonia_toxicity,ARC_P::Hadarchaeota,Archaea,1,0.0,0.0,True,139.0,False,False
warning_biogas_quality,ARC_P::Hadarchaeota,Archaea,1,0.0,0.0,True,138.0,False,False
warning_acid_base_balance,ARC_P::Halobacterota,Archaea,1,0.0,0.0,True,162.5,False,False
warning_buffer_capacity,ARC_P::Halobacterota,Archaea,1,0.0,0.0,True,140.5,False,False
warning_acid_accumulation,ARC_P::Halobacterota,Archaea,1,,,True,,False,False
warning_ammonia_toxicity,ARC_P::Halobacterota,Archaea,1,0.0,0.0,True,139.0,False,False
warning_biogas_quality,ARC_P::Halobacterota,Archaea,1,0.0,0.0,True,138.0,False,False
warning_acid_base_balance,ARC_P::Holozoa,Archaea,1,0.0,0.0,True,162.5,False,False
warning_buffer_capacity,ARC_P::Holozoa,Archaea,1,0.0,0.0,True,140.5,False,False
warning_acid_accumulation,ARC_P::Holozoa,Archaea,1,,,True,,False,False
warning_ammonia_toxicity,ARC_P::Holozoa,Archaea,1,0.0,0.0,True,139.0,False,False
warning_biogas_quality,ARC_P::Holozoa,Archaea,1,0.0,0.0,True,138.0,False,False
warning_acid_base_balance,ARC_P::Iainarchaeota,Archaea,1,0.0,0.0,True,162.5,False,False
warning_buffer_capacity,ARC_P::Iainarchaeota,Archaea,1,0.0,0.0,True,140.5,False,False
warning_acid_accumulation,ARC_P::Iainarchaeota,Archaea,1,,,True,,False,False
warning_ammonia_toxicity,ARC_P::Iainarchaeota,Archaea,1,0.0,0.0,True,139.0,False,False
warning_biogas_quality,ARC_P::Iainarchaeota,Archaea,1,0.0,0.0,True,138.0,False,False
warning_acid_base_balance,ARC_P::Micrarchaeota,Archaea,1,0.0,0.0,True,162.5,False,False
warning_buffer_capacity,ARC_P::Micrarchaeota,Archaea,1,0.0,0.0,True,140.5,False,False
warning_acid_accumulation,ARC_P::Micrarchaeota,Archaea,1,,,True,,False,False
warning_ammonia_toxicity,ARC_P::Micrarchaeota,Archaea,1,0.0,0.0,True,139.0,False,False
warning_biogas_quality,ARC_P::Micrarchaeota,Archaea,1,0.0,0.0,True,138.0,False,False
warning_acid_base_balance,ARC_P::Mollusca,Archaea,1,0.0,0.0,True,162.5,False,False
warning_buffer_capacity,ARC_P::Mollusca,Archaea,1,0.0,0.0,True,140.5,False,False
warning_acid_accumulation,ARC_P::Mollusca,Archaea,1,,,True,,False,False
warning_ammonia_toxicity,ARC_P::Mollusca,Archaea,1,0.0,0.0,True,139.0,False,False
warning_biogas_quality,ARC_P::Mollusca,Archaea,1,0.0,0.0,True,138.0,False,False
warning_acid_base_balance,ARC_P::Nanoarchaeota,Archaea,1,0.0,0.0,True,162.5,False,False
warning_buffer_capacity,ARC_P::Nanoarchaeota,Archaea,1,0.0,0.0,True,140.5,False,False
warning_acid_accumulation,ARC_P::Nanoarchaeota,Archaea,1,,,True,,False,False
warning_ammonia_toxicity,ARC_P::Nanoarchaeota,Archaea,1,0.0,0.0,True,139.0,False,False
warning_biogas_quality,ARC_P::Nanoarchaeota,Archaea,1,0.0,0.0,True,138.0,False,False
warning_acid_base_balance,ARC_P::Thermoplasmatota,Archaea,1,0.00019762845849802257,0.0006082875605247914,True,44.0,False,False
warning_buffer_capacity,ARC_P::Thermoplasmatota,Archaea,1,0.0,0.0,True,140.5,False,False
warning_acid_accumulation,ARC_P::Thermoplasmatota,Archaea,1,,,True,,False,False
warning_ammonia_toxicity,ARC_P::Thermoplasmatota,Archaea,1,-0.006309523809523815,0.020953733722563633,True,269.5,False,False
warning_biogas_quality,ARC_P::Thermoplasmatota,Archaea,1,0.0,0.0,True,138.0,False,False
warning_acid_base_balance,ARC_P::Vertebrata,Archaea,1,0.0,0.0,True,162.5,False,False
warning_buffer_capacity,ARC_P::Vertebrata,Archaea,1,0.0,0.0,True,140.5,False,False
warning_acid_accumulation,ARC_P::Vertebrata,Archaea,1,,,True,,False,False
warning_ammonia_toxicity,ARC_P::Vertebrata,Archaea,1,0.0,0.0,True,139.0,False,False
warning_biogas_quality,ARC_P::Vertebrata,Archaea,1,0.0,0.0,True,138.0,False,False
warning_acid_base_balance,ARC_P::unidentified,Archaea,1,9.881422924901129e-05,0.00044191066749007445,True,49.5,False,False
warning_buffer_capacity,ARC_P::unidentified,Archaea,1,0.0,0.0,True,140.5,False,False
warning_acid_accumulation,ARC_P::unidentified,Archaea,1,,,True,,False,False
warning_ammonia_toxicity,ARC_P::unidentified,Archaea,1,0.0,0.0,True,139.0,False,False
warning_biogas_quality,ARC_P::unidentified,Archaea,1,0.0,0.0,True,138.0,False,False
warning_acid_base_balance,ARC_G::Aenigmarchaeales,Archaea,1,0.0,0.0,True,162.5,False,False
warning_buffer_capacity,ARC_G::Aenigmarchaeales,Archaea,1,0.0,0.0,True,140.5,False,False
warning_acid_accumulation,ARC_G::Aenigmarchaeales,Archaea,1,,,True,,False,False
warning_ammonia_toxicity,ARC_G::Aenigmarchaeales,Archaea,1,0.0,0.0,True,139.0,False,False
warning_biogas_quality,ARC_G::Aenigmarchaeales,Archaea,1,0.0,0.0,True,138.0,False,False
warning_acid_base_balance,ARC_G::Bathyarchaeia,Archaea,1,0.0,0.0,True,162.5,False,False
warning_buffer_capacity,ARC_G::Bathyarchaeia,Archaea,1,0.0,0.0,True,140.5,False,False
warning_acid_accumulation,ARC_G::Bathyarchaeia,Archaea,1,,,True,,False,False
warning_ammonia_toxicity,ARC_G::Bathyarchaeia,Archaea,1,0.0,0.0,True,139.0,False,False
warning_biogas_quality,ARC_G::Bathyarchaeia,Archaea,1,0.0,0.0,True,138.0,False,False
warning_acid_base_balance,ARC_G::Candidatus_Iainarchaeum,Archaea,1,0.0,0.0,True,162.5,False,False
warning_buffer_capacity,ARC_G::Candidatus_Iainarchaeum,Archaea,1,0.0,0.0,True,140.5,False,False
warning_acid_accumulation,ARC_G::Candidatus_Iainarchaeum,Archaea,1,,,True,,False,False
warning_ammonia_toxicity,ARC_G::Candidatus_Iainarchaeum,Archaea,1,0.0,0.0,True,139.0,False,False
warning_biogas_quality,ARC_G::Candidatus_Iainarchaeum,Archaea,1,0.0,0.0,True,138.0,False,False
warning_acid_base_balance,ARC_G::Candidatus_Methanofastidiosum,Archaea,1,0.0,0.0,True,162.5,False,False
warning_buffer_capacity,ARC_G::Candidatus_Methanofastidiosum,Archaea,1,0.0,0.0,True,140.5,False,False
warning_acid_accumulation,ARC_G::Candidatus_Methanofastidiosum,Archaea,1,,,True,,False,False
warning_ammonia_toxicity,ARC_G::Candidatus_Methanofastidiosum,Archaea,1,0.0,0.0,True,139.0,False,False
warning_biogas_quality,ARC_G::Candidatus_Methanofastidiosum,Archaea,1,0.0,0.0,True,138.0,False,False
warning_acid_base_balance,ARC_G::Candidatus_Methanogranum,Archaea,1,0.00019762845849802257,0.0006082875605247914,True,44.0,False,False
warning_buffer_capacity,ARC_G::Candidatus_Methanogranum,Archaea,1,0.0,0.0,True,140.5,False,False
warning_acid_accumulation,ARC_G::Candidatus_Methanogranum,Archaea,1,,,True,,False,False
warning_ammonia_toxicity,ARC_G::Candidatus_Methanogranum,Archaea,1,-0.008333333333333337,0.025649458802128863,True,272.0,False,False
warning_biogas_quality,ARC_G::Candidatus_Methanogranum,Archaea,1,0.0,0.0,True,138.0,False,False
warning_acid_base_balance,ARC_G::Candidatus_Methanomethylicus,Archaea,1,0.0,0.0,True,162.5,False,False
warning_buffer_capacity,ARC_G::Candidatus_Methanomethylicus,Archaea,1,0.0,0.0,True,140.5,False,False
warning_acid_accumulation,ARC_G::Candidatus_Methanomethylicus,Archaea,1,,,True,,False,False
warning_ammonia_toxicity,ARC_G::Candidatus_Methanomethylicus,Archaea,1,0.0,0.0,True,139.0,False,False
warning_biogas_quality,ARC_G::Candidatus_Methanomethylicus,Archaea,1,0.0,0.0,True,138.0,False,False
warning_acid_base_balance,ARC_G::Candidatus_Methanomethylophilus,Archaea,1,0.0,0.0,True,162.5,False,False
warning_buffer_capacity,ARC_G::Candidatus_Methanomethylophilus,Archaea,1,0.0,0.0,True,140.5,False,False
warning_acid_accumulation,ARC_G::Candidatus_Methanomethylophilus,Archaea,1,,,True,,False,False
warning_ammonia_toxicity,ARC_G::Candidatus_Methanomethylophilus,Archaea,1,0.0,0.0,True,139.0,False,False
warning_biogas_quality,ARC_G::Candidatus_Methanomethylophilus,Archaea,1,0.0,0.0,True,138.0,False,False
warning_acid_base_balance,ARC_G::Candidatus_Methanoplasma,Archaea,1,0.00029644268774703386,0.0007240070129101208,True,40.0,False,False
warning_buffer_capacity,ARC_G::Candidatus_Methanoplasma,Archaea,1,-0.0016540404040404002,0.0043872545346798995,True,263.0,False,False
warning_acid_accumulation,ARC_G::Candidatus_Methanoplasma,Archaea,1,,,True,,False,False
warning_ammonia_toxicity,ARC_G::Candidatus_Methanoplasma,Archaea,1,0.000694444444444442,0.0031056499687496966,True,10.0,True,True
warning_biogas_quality,ARC_G::Candidatus_Methanoplasma,Archaea,1,0.0,0.0,True,138.0,False,False
warning_acid_base_balance,ARC_G::Candidatus_Nitrocosmicus,Archaea,1,0.0,0.0,True,162.5,False,False
warning_buffer_capacity,ARC_G::Candidatus_Nitrocosmicus,Archaea,1,0.0,0.0,True,140.5,False,False
warning_acid_accumulation,ARC_G::Candidatus_Nitrocosmicus,Archaea,1,,,True,,False,False
warning_ammonia_toxicity,ARC_G::Candidatus_Nitrocosmicus,Archaea,1,0.0,0.0,True,139.0,False,False
warning_biogas_quality,ARC_G::Candidatus_Nitrocosmicus,Archaea,1,0.0,0.0,True,138.0,False,False
warning_acid_base_balance,ARC_G::Hadarchaeales,Archaea,1,0.0,0.0,True,162.5,False,False
warning_buffer_capacity,ARC_G::Hadarchaeales,Archaea,1,0.0,0.0,True,140.5,False,False
warning_acid_accumulation,ARC_G::Hadarchaeales,Archaea,1,,,True,,False,False
warning_ammonia_toxicity,ARC_G::Hadarchaeales,Archaea,1,0.0,0.0,True,139.0,False,False
warning_biogas_quality,ARC_G::Hadarchaeales,Archaea,1,0.0,0.0,True,138.0,False,False
warning_acid_base_balance,ARC_G::LKM11,Archaea,1,0.0,0.0,True,162.5,False,False
warning_buffer_capacity,ARC_G::LKM11,Archaea,1,0.0,0.0,True,140.5,False,False
warning_acid_accumulation,ARC_G::LKM11,Archaea,1,,,True,,False,False
warning_ammonia_toxicity,ARC_G::LKM11,Archaea,1,0.0,0.0,True,139.0,False,False
warning_biogas_quality,ARC_G::LKM11,Archaea,1,0.0,0.0,True,138.0,False,False
warning_acid_base_balance,ARC_G::Lokiarchaeia,Archaea,1,0.0,0.0,True,162.5,False,False
warning_buffer_capacity,ARC_G::Lokiarchaeia,Archaea,1,0.0,0.0,True,140.5,False,False
warning_acid_accumulation,ARC_G::Lokiarchaeia,Archaea,1,,,True,,False,False
warning_ammonia_toxicity,ARC_G::Lokiarchaeia,Archaea,1,0.0,0.0,True,139.0,False,False
warning_biogas_quality,ARC_G::Lokiarchaeia,Archaea,1,0.0,0.0,True,138.0,False,False
warning_acid_base_balance,ARC_G::Marine_Benthic_Group_D_and_DHVEG-1,Archaea,1,0.0,0.0,True,162.5,False,False
warning_buffer_capacity,ARC_G::Marine_Benthic_Group_D_and_DHVEG-1,Archaea,1,0.0001893939393939399,0.0008469954460226499,True,20.0,False,True
warning_acid_accumulation,ARC_G::Marine_Benthic_Group_D_and_DHVEG-1,Archaea,1,,,True,,False,False
warning_ammonia_toxicity,ARC_G::Marine_Benthic_Group_D_and_DHVEG-1,Archaea,1,0.0,0.0,True,139.0,False,False
warning_biogas_quality,ARC_G::Marine_Benthic_Group_D_and_DHVEG-1,Archaea,1,0.0,0.0,True,138.0,False,False
warning_acid_base_balance,ARC_G::Methanimicrococcus,Archaea,1,0.0,0.0,True,162.5,False,False
warning_buffer_capacity,ARC_G::Methanimicrococcus,Archaea,1,0.0,0.0,True,140.5,False,False
warning_acid_accumulation,ARC_G::Methanimicrococcus,Archaea,1,,,True,,False,False
warning_ammonia_toxicity,ARC_G::Methanimicrococcus,Archaea,1,0.0,0.0,True,139.0,False,False
warning_biogas_quality,ARC_G::Methanimicrococcus,Archaea,1,0.0,0.0,True,138.0,False,False
warning_acid_base_balance,ARC_G::Methanocorpusculum,Archaea,1,0.0,0.0,True,162.5,False,False
warning_buffer_capacity,ARC_G::Methanocorpusculum,Archaea,1,0.0,0.0,True,140.5,False,False
warning_acid_accumulation,ARC_G::Methanocorpusculum,Archaea,1,,,True,,False,False
warning_ammonia_toxicity,ARC_G::Methanocorpusculum,Archaea,1,0.0,0.0,True,139.0,False,False
warning_biogas_quality,ARC_G::Methanocorpusculum,Archaea,1,0.0,0.0,True,138.0,False,False
warning_acid_base_balance,ARC_G::Methanoculleus,Archaea,1,0.008275691699604735,0.01556796417433229,True,15.0,False,True
warning_buffer_capacity,ARC_G::Methanoculleus,Archaea,1,0.0,0.0,True,140.5,False,False
warning_acid_accumulation,ARC_G::Methanoculleus,Archaea,1,,,True,,False,False
warning_ammonia_toxicity,ARC_G::Methanoculleus,Archaea,1,0.0,0.0,True,139.0,False,False
warning_biogas_quality,ARC_G::Methanoculleus,Archaea,1,0.0,0.0,True,138.0,False,False
warning_acid_base_balance,ARC_G::Methanofollis,Archaea,1,0.0,0.0,True,162.5,False,False
warning_buffer_capacity,ARC_G::Methanofollis,Archaea,1,0.0,0.0,True,140.5,False,False
warning_acid_accumulation,ARC_G::Methanofollis,Archaea,1,,,True,,False,False
warning_ammonia_toxicity,ARC_G::Methanofollis,Archaea,1,0.0,0.0,True,139.0,False,False
warning_biogas_quality,ARC_G::Methanofollis,Archaea,1,0.0,0.0,True,138.0,False,False
warning_acid_base_balance,ARC_G::Methanogenium,Archaea,1,0.0,0.0,True,162.5,False,False
warning_buffer_capacity,ARC_G::Methanogenium,Archaea,1,0.0,0.0,True,140.5,False,False
warning_acid_accumulation,ARC_G::Methanogenium,Archaea,1,,,True,,False,False
warning_ammonia_toxicity,ARC_G::Methanogenium,Archaea,1,0.0,0.0,True,139.0,False,False
warning_biogas_quality,ARC_G::Methanogenium,Archaea,1,0.0,0.0,True,138.0,False,False
warning_acid_base_balance,ARC_G::Methanolacinia,Archaea,1,0.0,0.0,True,162.5,False,False
warning_buffer_capacity,ARC_G::Methanolacinia,Archaea,1,0.0,0.0,True,140.5,False,False
warning_acid_accumulation,ARC_G::Methanolacinia,Archaea,1,,,True,,False,False
warning_ammonia_toxicity,ARC_G::Methanolacinia,Archaea,1,0.0,0.0,True,139.0,False,False
warning_biogas_quality,ARC_G::Methanolacinia,Archaea,1,0.0,0.0,True,138.0,False,False
warning_acid_base_balance,ARC_G::Methanolinea,Archaea,1,0.0,0.0,True,162.5,False,False
warning_buffer_capacity,ARC_G::Methanolinea,Archaea,1,0.0,0.0,True,140.5,False,False
warning_acid_accumulation,ARC_G::Methanolinea,Archaea,1,,,True,,False,False
warning_ammonia_toxicity,ARC_G::Methanolinea,Archaea,1,0.0,0.0,True,139.0,False,False
warning_biogas_quality,ARC_G::Methanolinea,Archaea,1,0.0,0.0,True,138.0,False,False
warning_acid_base_balance,ARC_G::Methanolobus,Archaea,1,0.0,0.0,False,162.5,False,False
warning_buffer_capacity,ARC_G::Methanolobus,Archaea,1,0.0,0.0,False,140.5,False,False
warning_acid_accumulation,ARC_G::Methanolobus,Archaea,1,,,False,,False,False
warning_ammonia_toxicity,ARC_G::Methanolobus,Archaea,1,0.0,0.0,False,139.0,False,False
warning_biogas_quality,ARC_G::Methanolobus,Archaea,1,0.0,0.0,False,138.0,False,False
warning_acid_base_balance,ARC_G::Methanomassiliicoccus,Archaea,1,0.0,0.0,True,162.5,False,False
warning_buffer_capacity,ARC_G::Methanomassiliicoccus,Archaea,1,0.0001893939393939399,0.0008469954460226499,True,20.0,False,True
warning_acid_accumulation,ARC_G::Methanomassiliicoccus,Archaea,1,,,True,,False,False
warning_ammonia_toxicity,ARC_G::Methanomassiliicoccus,Archaea,1,0.0,0.0,True,139.0,False,False
warning_biogas_quality,ARC_G::Methanomassiliicoccus,Archaea,1,0.0,0.0,True,138.0,False,False
warning_acid_base_balance,ARC_G::Methanomethylovorans,Archaea,1,0.0,0.0,True,162.5,False,False
warning_buffer_capacity,ARC_G::Methanomethylovorans,Archaea,1,0.0,0.0,True,140.5,False,False
warning_acid_accumulation,ARC_G::Methanomethylovorans,Archaea,1,,,True,,False,False
warning_ammonia_toxicity,ARC_G::Methanomethylovorans,Archaea,1,0.0,0.0,True,139.0,False,False
warning_biogas_quality,ARC_G::Methanomethylovorans,Archaea,1,0.0,0.0,True,138.0,False,False
warning_acid_base_balance,ARC_G::Methanoregula,Archaea,1,0.0,0.0,True,162.5,False,False
warning_buffer_capacity,ARC_G::Methanoregula,Archaea,1,0.0,0.0,True,140.5,False,False
warning_acid_accumulation,ARC_G::Methanoregula,Archaea,1,,,True,,False,False
warning_ammonia_toxicity,ARC_G::Methanoregula,Archaea,1,0.0,0.0,True,139.0,False,False
warning_biogas_quality,ARC_G::Methanoregula,Archaea,1,0.0,0.0,True,138.0,False,False
warning_acid_base_balance,ARC_G::Methanosaeta,Archaea,1,0.00039525691699604515,0.0008110500806997218,True,36.0,False,False
warning_buffer_capacity,ARC_G::Methanosaeta,Archaea,1,0.00493863775113776,0.0063859130944807895,True,5.0,True,True
warning_acid_accumulation,ARC_G::Methanosaeta,Archaea,1,,,True,,False,False
warning_ammonia_toxicity,ARC_G::Methanosaeta,Archaea,1,0.0,0.0,True,139.0,False,False
warning_biogas_quality,ARC_G::Methanosaeta,Archaea,1,0.0,0.0,True,138.0,False,False
warning_acid_base_balance,ARC_G::Methanosarcina,Archaea,1,0.0,0.0,True,162.5,False,False
warning_buffer_capacity,ARC_G::Methanosarcina,Archaea,1,0.0,0.0,True,140.5,False,False
warning_acid_accumulation,ARC_G::Methanosarcina,Archaea,1,,,True,,False,False
warning_ammonia_toxicity,ARC_G::Methanosarcina,Archaea,1,0.0,0.0,True,139.0,False,False
warning_biogas_quality,ARC_G::Methanosarcina,Archaea,1,0.0,0.0,True,138.0,False,False
warning_acid_base_balance,ARC_G::Methanosphaerula,Archaea,1,0.0,0.0,True,162.5,False,False
warning_buffer_capacity,ARC_G::Methanosphaerula,Archaea,1,0.0,0.0,True,140.5,False,False
warning_acid_accumulation,ARC_G::Methanosphaerula,Archaea,1,,,True,,False,False
warning_ammonia_toxicity,ARC_G::Methanosphaerula,Archaea,1,0.0,0.0,True,139.0,False,False
warning_biogas_quality,ARC_G::Methanosphaerula,Archaea,1,0.0,0.0,True,138.0,False,False
warning_acid_base_balance,ARC_G::Methanospirillum,Archaea,1,0.0005928853754940677,0.0009291745968016298,True,30.0,False,False
warning_buffer_capacity,ARC_G::Methanospirillum,Archaea,1,0.0,0.0,True,140.5,False,False
warning_acid_accumulation,ARC_G::Methanospirillum,Archaea,1,,,True,,False,False
warning_ammonia_toxicity,ARC_G::Methanospirillum,Archaea,1,0.0,0.0,True,139.0,False,False
warning_biogas_quality,ARC_G::Methanospirillum,Archaea,1,0.0,0.0,True,138.0,False,False
warning_acid_base_balance,ARC_G::Micrarchaeales,Archaea,1,0.0,0.0,True,162.5,False,False
warning_buffer_capacity,ARC_G::Micrarchaeales,Archaea,1,0.0,0.0,True,140.5,False,False
warning_acid_accumulation,ARC_G::Micrarchaeales,Archaea,1,,,True,,False,False
warning_ammonia_toxicity,ARC_G::Micrarchaeales,Archaea,1,0.0,0.0,True,139.0,False,False
warning_biogas_quality,ARC_G::Micrarchaeales,Archaea,1,0.0,0.0,True,138.0,False,False
warning_acid_base_balance,ARC_G::Nitrososphaeraceae,Archaea,1,0.0,0.0,True,162.5,False,False
warning_buffer_capacity,ARC_G::Nitrososphaeraceae,Archaea,1,0.0,0.0,True,140.5,False,False
warning_acid_accumulation,ARC_G::Nitrososphaeraceae,Archaea,1,,,True,,False,False
warning_ammonia_toxicity,ARC_G::Nitrososphaeraceae,Archaea,1,0.0,0.0,True,139.0,False,False
warning_biogas_quality,ARC_G::Nitrososphaeraceae,Archaea,1,0.0,0.0,True,138.0,False,False
warning_acid_base_balance,ARC_G::Rhinosporideacae,Archaea,1,0.0,0.0,True,162.5,False,False
warning_buffer_capacity,ARC_G::Rhinosporideacae,Archaea,1,0.0,0.0,True,140.5,False,False
warning_acid_accumulation,ARC_G::Rhinosporideacae,Archaea,1,,,True,,False,False
warning_ammonia_toxicity,ARC_G::Rhinosporideacae,Archaea,1,0.0,0.0,True,139.0,False,False
warning_biogas_quality,ARC_G::Rhinosporideacae,Archaea,1,0.0,0.0,True,138.0,False,False
warning_acid_base_balance,ARC_G::RumEn_M2,Archaea,1,0.004463109354413697,0.01274352760860774,True,20.0,False,True
warning_buffer_capacity,ARC_G::RumEn_M2,Archaea,1,-0.0005303030303030296,0.0023588160884505105,True,261.0,False,False
warning_acid_accumulation,ARC_G::RumEn_M2,Archaea,1,,,True,,False,False
warning_ammonia_toxicity,ARC_G::RumEn_M2,Archaea,1,-0.006309523809523815,0.020953733722563633,True,269.5,False,False
warning_biogas_quality,ARC_G::RumEn_M2,Archaea,1,0.0,0.0,True,138.0,False,False
warning_acid_base_balance,ARC_G::SCGC_AAA011-D5,Archaea,1,0.0,0.0,True,162.5,False,False
warning_buffer_capacity,ARC_G::SCGC_AAA011-D5,Archaea,1,0.0,0.0,True,140.5,False,False
warning_acid_accumulation,ARC_G::SCGC_AAA011-D5,Archaea,1,,,True,,False,False
warning_ammonia_toxicity,ARC_G::SCGC_AAA011-D5,Archaea,1,0.0,0.0,True,139.0,False,False
warning_biogas_quality,ARC_G::SCGC_AAA011-D5,Archaea,1,0.0,0.0,True,138.0,False,False
warning_acid_base_balance,ARC_G::Teleostei,Archaea,1,0.0,0.0,True,162.5,False,False
warning_buffer_capacity,ARC_G::Teleostei,Archaea,1,0.0,0.0,True,140.5,False,False
warning_acid_accumulation,ARC_G::Teleostei,Archaea,1,,,True,,False,False
warning_ammonia_toxicity,ARC_G::Teleostei,Archaea,1,0.0,0.0,True,139.0,False,False
warning_biogas_quality,ARC_G::Teleostei,Archaea,1,0.0,0.0,True,138.0,False,False
warning_acid_base_balance,ARC_G::Veneroida,Archaea,1,0.0,0.0,True,162.5,False,False
warning_buffer_capacity,ARC_G::Veneroida,Archaea,1,0.0,0.0,True,140.5,False,False
warning_acid_accumulation,ARC_G::Veneroida,Archaea,1,,,True,,False,False
warning_ammonia_toxicity,ARC_G::Veneroida,Archaea,1,0.0,0.0,True,139.0,False,False
warning_biogas_quality,ARC_G::Veneroida,Archaea,1,0.0,0.0,True,138.0,False,False
warning_acid_base_balance,ARC_G::Woesearchaeales,Archaea,1,0.0,0.0,True,162.5,False,False
warning_buffer_capacity,ARC_G::Woesearchaeales,Archaea,1,0.0,0.0,True,140.5,False,False
warning_acid_accumulation,ARC_G::Woesearchaeales,Archaea,1,,,True,,False,False
warning_ammonia_toxicity,ARC_G::Woesearchaeales,Archaea,1,0.0,0.0,True,139.0,False,False
warning_biogas_quality,ARC_G::Woesearchaeales,Archaea,1,0.0,0.0,True,138.0,False,False
warning_acid_base_balance,ARC_G::unidentified,Archaea,1,0.00039525691699604515,0.0008110500806997219,True,36.0,False,False
warning_buffer_capacity,ARC_G::unidentified,Archaea,1,0.0,0.0,True,140.5,False,False
warning_acid_accumulation,ARC_G::unidentified,Archaea,1,,,True,,False,False
warning_ammonia_toxicity,ARC_G::unidentified,Archaea,1,0.0,0.0,True,139.0,False,False
warning_biogas_quality,ARC_G::unidentified,Archaea,1,0.0,0.0,True,138.0,False,False
warning_acid_base_balance,Season,Metadata: operation/context,2,0.0,0.0,True,129.0,False,False
warning_buffer_capacity,Season,Metadata: operation/context,2,0.002083333333333333,0.009316949906249122,True,12.5,False,True
warning_acid_accumulation,Season,Metadata: operation/context,2,0.0,0.0,True,138.0,False,False
warning_ammonia_toxicity,Season,Metadata: operation/context,2,0.0,0.0,True,147.0,False,False
warning_biogas_quality,Season,Metadata: operation/context,2,0.0,0.0,True,140.5,False,False
warning_acid_base_balance,substrate_type,Metadata: substrate,2,0.0,0.0,True,129.0,False,False
warning_buffer_capacity,substrate_type,Metadata: substrate,2,0.0,0.0,True,141.5,False,False
warning_acid_accumulation,substrate_type,Metadata: substrate,2,0.0,0.0,True,138.0,False,False
warning_ammonia_toxicity,substrate_type,Metadata: substrate,2,0.0,0.0,True,147.0,False,False
warning_biogas_quality,substrate_type,Metadata: substrate,2,0.0,0.0,True,140.5,False,False
warning_acid_base_balance,HRT_d,Metadata: operation/context,2,-0.0016176470588235264,0.004697187045299524,True,262.0,False,False
warning_buffer_capacity,HRT_d,Metadata: operation/context,2,0.0,0.0,True,141.5,False,False
warning_acid_accumulation,HRT_d,Metadata: operation/context,2,0.0,0.0,True,138.0,False,False
warning_ammonia_toxicity,HRT_d,Metadata: operation/context,2,0.0,0.0,True,147.0,False,False
warning_biogas_quality,HRT_d,Metadata: operation/context,2,0.0,0.0,True,140.5,False,False
warning_acid_base_balance,T_C,Metadata: operation/context,2,0.0,0.0,True,129.0,False,False
warning_buffer_capacity,T_C,Metadata: operation/context,2,0.0,0.0,True,141.5,False,False
warning_acid_accumulation,T_C,Metadata: operation/context,2,0.0,0.0,True,138.0,False,False
warning_ammonia_toxicity,T_C,Metadata: operation/context,2,0.0,0.0,True,147.0,False,False
warning_biogas_quality,T_C,Metadata: operation/context,2,0.0,0.0,True,140.5,False,False
warning_acid_base_balance,Q_total_Tpy,Metadata: operation/context,2,0.0,0.0,True,129.0,False,False
warning_buffer_capacity,Q_total_Tpy,Metadata: operation/context,2,0.0,0.0,True,141.5,False,False
warning_acid_accumulation,Q_total_Tpy,Metadata: operation/context,2,0.0,0.0,True,138.0,False,False
warning_ammonia_toxicity,Q_total_Tpy,Metadata: operation/context,2,0.0,0.0,True,147.0,False,False
warning_biogas_quality,Q_total_Tpy,Metadata: operation/context,2,0.0,0.0,True,140.5,False,False
warning_acid_base_balance,substrate_avg_pH,Metadata: substrate,2,0.0,0.0,True,129.0,False,False
warning_buffer_capacity,substrate_avg_pH,Metadata: substrate,2,0.0,0.0,True,141.5,False,False
warning_acid_accumulation,substrate_avg_pH,Metadata: substrate,2,0.0,0.0,True,138.0,False,False
warning_ammonia_toxicity,substrate_avg_pH,Metadata: substrate,2,0.0,0.0,True,147.0,False,False
warning_biogas_quality,substrate_avg_pH,Metadata: substrate,2,0.0,0.0,True,140.5,False,False
warning_acid_base_balance,substrate_avg_ALK,Metadata: substrate,2,0.0,0.0,True,129.0,False,False
warning_buffer_capacity,substrate_avg_ALK,Metadata: substrate,2,0.0,0.0,True,141.5,False,False
warning_acid_accumulation,substrate_avg_ALK,Metadata: substrate,2,0.0,0.0,True,138.0,False,False
warning_ammonia_toxicity,substrate_avg_ALK,Metadata: substrate,2,0.0,0.0,True,147.0,False,False
warning_biogas_quality,substrate_avg_ALK,Metadata: substrate,2,0.0,0.0,True,140.5,False,False
warning_acid_base_balance,substrate_avg_VS,Metadata: substrate,2,0.0,0.0,True,129.0,False,False
warning_buffer_capacity,substrate_avg_VS,Metadata: substrate,2,0.0,0.0,True,141.5,False,False
warning_acid_accumulation,substrate_avg_VS,Metadata: substrate,2,0.0,0.0,True,138.0,False,False
warning_ammonia_toxicity,substrate_avg_VS,Metadata: substrate,2,0.0,0.0,True,147.0,False,False
warning_biogas_quality,substrate_avg_VS,Metadata: substrate,2,0.0,0.0,True,140.5,False,False
warning_acid_base_balance,substrate_avg_COD,Metadata: substrate,2,0.0,0.0,True,129.0,False,False
warning_buffer_capacity,substrate_avg_COD,Metadata: substrate,2,0.0,0.0,True,141.5,False,False
warning_acid_accumulation,substrate_avg_COD,Metadata: substrate,2,0.0,0.0,True,138.0,False,False
warning_ammonia_toxicity,substrate_avg_COD,Metadata: substrate,2,0.0,0.0,True,147.0,False,False
warning_biogas_quality,substrate_avg_COD,Metadata: substrate,2,0.0,0.0,True,140.5,False,False
warning_acid_base_balance,substrate_avg_sCOD,Metadata: substrate,2,0.0,0.0,True,129.0,False,False
warning_buffer_capacity,substrate_avg_sCOD,Metadata: substrate,2,0.0,0.0,True,141.5,False,False
warning_acid_accumulation,substrate_avg_sCOD,Metadata: substrate,2,0.0,0.0,True,138.0,False,False
warning_ammonia_toxicity,substrate_avg_sCOD,Metadata: substrate,2,0.005000000000000007,0.012211584951084126,True,11.0,False,True
warning_biogas_quality,substrate_avg_sCOD,Metadata: substrate,2,0.0,0.0,True,140.5,False,False
warning_acid_base_balance,substrate_avg_TC,Metadata: substrate,2,-0.003124999999999997,0.007632240594427561,True,268.5,False,False
warning_buffer_capacity,substrate_avg_TC,Metadata: substrate,2,0.0,0.0,True,141.5,False,False
warning_acid_accumulation,substrate_avg_TC,Metadata: substrate,2,0.0,0.0,True,138.0,False,False
warning_ammonia_toxicity,substrate_avg_TC,Metadata: substrate,2,0.0,0.0,True,147.0,False,False
warning_biogas_quality,substrate_avg_TC,Metadata: substrate,2,0.0,0.0,True,140.5,False,False
warning_acid_base_balance,substrate_avg_Protein,Metadata: substrate,2,0.0,0.0,True,129.0,False,False
warning_buffer_capacity,substrate_avg_Protein,Metadata: substrate,2,0.0,0.0,True,141.5,False,False
warning_acid_accumulation,substrate_avg_Protein,Metadata: substrate,2,0.0,0.0,True,138.0,False,False
warning_ammonia_toxicity,substrate_avg_Protein,Metadata: substrate,2,0.02285714285714289,0.01799072840739683,True,6.0,True,True
warning_biogas_quality,substrate_avg_Protein,Metadata: substrate,2,0.0,0.0,True,140.5,False,False
warning_acid_base_balance,substrate_avg_Lipid,Metadata: substrate,2,0.0,0.0,True,129.0,False,False
warning_buffer_capacity,substrate_avg_Lipid,Metadata: substrate,2,0.008333333333333331,0.01709963920141923,True,8.0,True,True
warning_acid_accumulation,substrate_avg_Lipid,Metadata: substrate,2,0.0,0.0,True,138.0,False,False
warning_ammonia_toxicity,substrate_avg_Lipid,Metadata: substrate,2,0.015000000000000022,0.01701392618446804,True,7.0,True,True
warning_biogas_quality,substrate_avg_Lipid,Metadata: substrate,2,0.0,0.0,True,140.5,False,False
warning_acid_base_balance,substrate_avg_TVFAs,Metadata: substrate,2,-0.0008569004524886847,0.007122696256058287,True,258.0,False,False
warning_buffer_capacity,substrate_avg_TVFAs,Metadata: substrate,2,0.004166666666666666,0.012824729401064423,True,11.0,False,True
warning_acid_accumulation,substrate_avg_TVFAs,Metadata: substrate,2,0.0,0.0,True,138.0,False,False
warning_ammonia_toxicity,substrate_avg_TVFAs,Metadata: substrate,2,0.005000000000000007,0.012211584951084126,True,11.0,False,True
warning_biogas_quality,substrate_avg_TVFAs,Metadata: substrate,2,0.0,0.0,True,140.5,False,False
warning_acid_base_balance,substrate_avg_HAc,Metadata: substrate,2,-0.0022346342383107063,0.005214910776602834,True,265.0,False,False
warning_buffer_capacity,substrate_avg_HAc,Metadata: substrate,2,0.0,0.0,True,141.5,False,False
warning_acid_accumulation,substrate_avg_HAc,Metadata: substrate,2,0.0,0.0,True,138.0,False,False
warning_ammonia_toxicity,substrate_avg_HAc,Metadata: substrate,2,0.006666666666666677,0.013679711361135407,True,9.0,True,True
warning_biogas_quality,substrate_avg_HAc,Metadata: substrate,2,0.0,0.0,True,140.5,False,False
warning_acid_base_balance,substrate_avg_HPro,Metadata: substrate,2,-0.01121323529411764,0.0511844517770306,True,274.0,False,False
warning_buffer_capacity,substrate_avg_HPro,Metadata: substrate,2,0.0,0.0,True,141.5,False,False
warning_acid_accumulation,substrate_avg_HPro,Metadata: substrate,2,0.0,0.0,True,138.0,False,False
warning_ammonia_toxicity,substrate_avg_HPro,Metadata: substrate,2,0.010000000000000007,0.024423169902168227,True,8.0,True,True
warning_biogas_quality,substrate_avg_HPro,Metadata: substrate,2,0.0,0.0,True,140.5,False,False
warning_acid_base_balance,BAC_P::Abditibacteriota,Bacteria,2,0.0,0.0,False,129.0,False,False
warning_buffer_capacity,BAC_P::Abditibacteriota,Bacteria,2,0.0,0.0,False,141.5,False,False
warning_acid_accumulation,BAC_P::Abditibacteriota,Bacteria,2,0.0,0.0,False,138.0,False,False
warning_ammonia_toxicity,BAC_P::Abditibacteriota,Bacteria,2,0.0,0.0,False,147.0,False,False
warning_biogas_quality,BAC_P::Abditibacteriota,Bacteria,2,0.0,0.0,False,140.5,False,False
warning_acid_base_balance,BAC_P::Acetothermia,Bacteria,2,0.0,0.0,True,129.0,False,False
warning_buffer_capacity,BAC_P::Acetothermia,Bacteria,2,0.0,0.0,True,141.5,False,False
warning_acid_accumulation,BAC_P::Acetothermia,Bacteria,2,0.0,0.0,True,138.0,False,False
warning_ammonia_toxicity,BAC_P::Acetothermia,Bacteria,2,0.0,0.0,True,147.0,False,False
warning_biogas_quality,BAC_P::Acetothermia,Bacteria,2,0.0,0.0,True,140.5,False,False
warning_acid_base_balance,BAC_P::Acidobacteriota,Bacteria,2,0.0,0.0,True,129.0,False,False
warning_buffer_capacity,BAC_P::Acidobacteriota,Bacteria,2,0.0,0.0,True,141.5,False,False
warning_acid_accumulation,BAC_P::Acidobacteriota,Bacteria,2,0.0,0.0,True,138.0,False,False
warning_ammonia_toxicity,BAC_P::Acidobacteriota,Bacteria,2,0.0,0.0,True,147.0,False,False
warning_biogas_quality,BAC_P::Acidobacteriota,Bacteria,2,0.0,0.0,True,140.5,False,False
warning_acid_base_balance,BAC_P::Actinobacteriota,Bacteria,2,0.0,0.0,True,129.0,False,False
warning_buffer_capacity,BAC_P::Actinobacteriota,Bacteria,2,0.0,0.0,True,141.5,False,False
warning_acid_accumulation,BAC_P::Actinobacteriota,Bacteria,2,0.0,0.0,True,138.0,False,False
warning_ammonia_toxicity,BAC_P::Actinobacteriota,Bacteria,2,0.0,0.0,True,147.0,False,False
warning_biogas_quality,BAC_P::Actinobacteriota,Bacteria,2,0.020631313131313167,0.009321352701933149,True,3.0,True,True
warning_acid_base_balance,BAC_P::Armatimonadota,Bacteria,2,0.0,0.0,True,129.0,False,False
warning_buffer_capacity,BAC_P::Armatimonadota,Bacteria,2,0.0,0.0,True,141.5,False,False
warning_acid_accumulation,BAC_P::Armatimonadota,Bacteria,2,0.0,0.0,True,138.0,False,False
warning_ammonia_toxicity,BAC_P::Armatimonadota,Bacteria,2,0.0,0.0,True,147.0,False,False
warning_biogas_quality,BAC_P::Armatimonadota,Bacteria,2,0.0,0.0,True,140.5,False,False
warning_acid_base_balance,BAC_P::Bacteroidota,Bacteria,2,-0.0010416666666666658,0.004658474953124558,True,259.5,False,False
warning_buffer_capacity,BAC_P::Bacteroidota,Bacteria,2,0.0,0.0,True,141.5,False,False
warning_acid_accumulation,BAC_P::Bacteroidota,Bacteria,2,0.0,0.0,True,138.0,False,False
warning_ammonia_toxicity,BAC_P::Bacteroidota,Bacteria,2,0.0,0.0,True,147.0,False,False
warning_biogas_quality,BAC_P::Bacteroidota,Bacteria,2,0.0,0.0,True,140.5,False,False
warning_acid_base_balance,BAC_P::Bdellovibrionota,Bacteria,2,0.0,0.0,True,129.0,False,False
warning_buffer_capacity,BAC_P::Bdellovibrionota,Bacteria,2,0.0,0.0,True,141.5,False,False
warning_acid_accumulation,BAC_P::Bdellovibrionota,Bacteria,2,0.0,0.0,True,138.0,False,False
warning_ammonia_toxicity,BAC_P::Bdellovibrionota,Bacteria,2,0.0,0.0,True,147.0,False,False
warning_biogas_quality,BAC_P::Bdellovibrionota,Bacteria,2,0.0,0.0,True,140.5,False,False
warning_acid_base_balance,BAC_P::Caldatribacteriota,Bacteria,2,-0.001237745098039214,0.004694712701950112,True,261.0,False,False
warning_buffer_capacity,BAC_P::Caldatribacteriota,Bacteria,2,0.0,0.0,True,141.5,False,False
warning_acid_accumulation,BAC_P::Caldatribacteriota,Bacteria,2,0.0,0.0,True,138.0,False,False
warning_ammonia_toxicity,BAC_P::Caldatribacteriota,Bacteria,2,0.0,0.0,True,147.0,False,False
warning_biogas_quality,BAC_P::Caldatribacteriota,Bacteria,2,0.0,0.0,True,140.5,False,False
warning_acid_base_balance,BAC_P::Caldisericota,Bacteria,2,0.0,0.0,True,129.0,False,False
warning_buffer_capacity,BAC_P::Caldisericota,Bacteria,2,0.0,0.0,True,141.5,False,False
warning_acid_accumulation,BAC_P::Caldisericota,Bacteria,2,0.0,0.0,True,138.0,False,False
warning_ammonia_toxicity,BAC_P::Caldisericota,Bacteria,2,0.0,0.0,True,147.0,False,False
warning_biogas_quality,BAC_P::Caldisericota,Bacteria,2,0.0,0.0,True,140.5,False,False
warning_acid_base_balance,BAC_P::Campilobacterota,Bacteria,2,0.0,0.0,False,129.0,False,False
warning_buffer_capacity,BAC_P::Campilobacterota,Bacteria,2,0.0,0.0,False,141.5,False,False
warning_acid_accumulation,BAC_P::Campilobacterota,Bacteria,2,0.0,0.0,False,138.0,False,False
warning_ammonia_toxicity,BAC_P::Campilobacterota,Bacteria,2,0.0,0.0,False,147.0,False,False
warning_biogas_quality,BAC_P::Campilobacterota,Bacteria,2,0.0,0.0,False,140.5,False,False
warning_acid_base_balance,BAC_P::Chloroflexi,Bacteria,2,0.0,0.0,True,129.0,False,False
warning_buffer_capacity,BAC_P::Chloroflexi,Bacteria,2,0.0,0.0,True,141.5,False,False
warning_acid_accumulation,BAC_P::Chloroflexi,Bacteria,2,0.0,0.0,True,138.0,False,False
warning_ammonia_toxicity,BAC_P::Chloroflexi,Bacteria,2,0.0,0.0,True,147.0,False,False
warning_biogas_quality,BAC_P::Chloroflexi,Bacteria,2,0.0,0.0,True,140.5,False,False
warning_acid_base_balance,BAC_P::Cloacimonadota,Bacteria,2,0.0,0.0,True,129.0,False,False
warning_buffer_capacity,BAC_P::Cloacimonadota,Bacteria,2,0.0,0.0,True,141.5,False,False
warning_acid_accumulation,BAC_P::Cloacimonadota,Bacteria,2,0.0,0.0,True,138.0,False,False
warning_ammonia_toxicity,BAC_P::Cloacimonadota,Bacteria,2,0.0,0.0,True,147.0,False,False
warning_biogas_quality,BAC_P::Cloacimonadota,Bacteria,2,0.0,0.0,True,140.5,False,False
warning_acid_base_balance,BAC_P::Coprothermobacterota,Bacteria,2,0.0,0.0,True,129.0,False,False
warning_buffer_capacity,BAC_P::Coprothermobacterota,Bacteria,2,0.0,0.0,True,141.5,False,False
warning_acid_accumulation,BAC_P::Coprothermobacterota,Bacteria,2,0.0,0.0,True,138.0,False,False
warning_ammonia_toxicity,BAC_P::Coprothermobacterota,Bacteria,2,0.0,0.0,True,147.0,False,False
warning_biogas_quality,BAC_P::Coprothermobacterota,Bacteria,2,0.0,0.0,True,140.5,False,False
warning_acid_base_balance,BAC_P::Cyanobacteria,Bacteria,2,0.0,0.0,False,129.0,False,False
warning_buffer_capacity,BAC_P::Cyanobacteria,Bacteria,2,0.0,0.0,False,141.5,False,False
warning_acid_accumulation,BAC_P::Cyanobacteria,Bacteria,2,0.0,0.0,False,138.0,False,False
warning_ammonia_toxicity,BAC_P::Cyanobacteria,Bacteria,2,0.0,0.0,False,147.0,False,False
warning_biogas_quality,BAC_P::Cyanobacteria,Bacteria,2,0.0,0.0,False,140.5,False,False
warning_acid_base_balance,BAC_P::Deinococcota,Bacteria,2,0.0,0.0,False,129.0,False,False
warning_buffer_capacity,BAC_P::Deinococcota,Bacteria,2,0.0,0.0,False,141.5,False,False
warning_acid_accumulation,BAC_P::Deinococcota,Bacteria,2,0.0,0.0,False,138.0,False,False
warning_ammonia_toxicity,BAC_P::Deinococcota,Bacteria,2,0.0,0.0,False,147.0,False,False
warning_biogas_quality,BAC_P::Deinococcota,Bacteria,2,0.0,0.0,False,140.5,False,False
warning_acid_base_balance,BAC_P::Dependentiae,Bacteria,2,0.0,0.0,True,129.0,False,False
warning_buffer_capacity,BAC_P::Dependentiae,Bacteria,2,0.0,0.0,True,141.5,False,False
warning_acid_accumulation,BAC_P::Dependentiae,Bacteria,2,0.0,0.0,True,138.0,False,False
warning_ammonia_toxicity,BAC_P::Dependentiae,Bacteria,2,0.0,0.0,True,147.0,False,False
warning_biogas_quality,BAC_P::Dependentiae,Bacteria,2,0.0,0.0,True,140.5,False,False
warning_acid_base_balance,BAC_P::Desulfobacterota,Bacteria,2,0.0,0.0,True,129.0,False,False
warning_buffer_capacity,BAC_P::Desulfobacterota,Bacteria,2,0.0,0.0,True,141.5,False,False
warning_acid_accumulation,BAC_P::Desulfobacterota,Bacteria,2,0.0,0.0,True,138.0,False,False
warning_ammonia_toxicity,BAC_P::Desulfobacterota,Bacteria,2,0.0,0.0,True,147.0,False,False
warning_biogas_quality,BAC_P::Desulfobacterota,Bacteria,2,0.0,0.0,True,140.5,False,False
warning_acid_base_balance,BAC_P::Elusimicrobiota,Bacteria,2,0.0,0.0,True,129.0,False,False
warning_buffer_capacity,BAC_P::Elusimicrobiota,Bacteria,2,0.0,0.0,True,141.5,False,False
warning_acid_accumulation,BAC_P::Elusimicrobiota,Bacteria,2,0.0,0.0,True,138.0,False,False
warning_ammonia_toxicity,BAC_P::Elusimicrobiota,Bacteria,2,0.0,0.0,True,147.0,False,False
warning_biogas_quality,BAC_P::Elusimicrobiota,Bacteria,2,0.0,0.0,True,140.5,False,False
warning_acid_base_balance,BAC_P::Fermentibacterota,Bacteria,2,0.0,0.0,True,129.0,False,False
warning_buffer_capacity,BAC_P::Fermentibacterota,Bacteria,2,0.0,0.0,True,141.5,False,False
warning_acid_accumulation,BAC_P::Fermentibacterota,Bacteria,2,0.0,0.0,True,138.0,False,False
warning_ammonia_toxicity,BAC_P::Fermentibacterota,Bacteria,2,0.0,0.0,True,147.0,False,False
warning_biogas_quality,BAC_P::Fermentibacterota,Bacteria,2,0.0,0.0,True,140.5,False,False
warning_acid_base_balance,BAC_P::Fibrobacterota,Bacteria,2,0.0,0.0,True,129.0,False,False
warning_buffer_capacity,BAC_P::Fibrobacterota,Bacteria,2,0.0,0.0,True,141.5,False,False
warning_acid_accumulation,BAC_P::Fibrobacterota,Bacteria,2,0.0,0.0,True,138.0,False,False
warning_ammonia_toxicity,BAC_P::Fibrobacterota,Bacteria,2,0.0,0.0,True,147.0,False,False
warning_biogas_quality,BAC_P::Fibrobacterota,Bacteria,2,0.0,0.0,True,140.5,False,False
warning_acid_base_balance,BAC_P::Firmicutes,Bacteria,2,0.0,0.0,True,129.0,False,False
warning_buffer_capacity,BAC_P::Firmicutes,Bacteria,2,0.0,0.0,True,141.5,False,False
warning_acid_accumulation,BAC_P::Firmicutes,Bacteria,2,0.0,0.0,True,138.0,False,False
warning_ammonia_toxicity,BAC_P::Firmicutes,Bacteria,2,0.0,0.0,True,147.0,False,False
warning_biogas_quality,BAC_P::Firmicutes,Bacteria,2,0.0,0.0,True,140.5,False,False
warning_acid_base_balance,BAC_P::Fusobacteriota,Bacteria,2,0.0,0.0,False,129.0,False,False
warning_buffer_capacity,BAC_P::Fusobacteriota,Bacteria,2,0.0,0.0,False,141.5,False,False
warning_acid_accumulation,BAC_P::Fusobacteriota,Bacteria,2,0.0,0.0,False,138.0,False,False
warning_ammonia_toxicity,BAC_P::Fusobacteriota,Bacteria,2,0.0,0.0,False,147.0,False,False
warning_biogas_quality,BAC_P::Fusobacteriota,Bacteria,2,0.0,0.0,False,140.5,False,False
warning_acid_base_balance,BAC_P::Halanaerobiaeota,Bacteria,2,0.0,0.0,True,129.0,False,False
warning_buffer_capacity,BAC_P::Halanaerobiaeota,Bacteria,2,0.0,0.0,True,141.5,False,False
warning_acid_accumulation,BAC_P::Halanaerobiaeota,Bacteria,2,0.0,0.0,True,138.0,False,False
warning_ammonia_toxicity,BAC_P::Halanaerobiaeota,Bacteria,2,0.0,0.0,True,147.0,False,False
warning_biogas_quality,BAC_P::Halanaerobiaeota,Bacteria,2,0.0,0.0,True,140.5,False,False
warning_acid_base_balance,BAC_P::Marinimicrobia_(SAR406_clade),Bacteria,2,0.0,0.0,True,129.0,False,False
warning_buffer_capacity,BAC_P::Marinimicrobia_(SAR406_clade),Bacteria,2,0.0,0.0,True,141.5,False,False
warning_acid_accumulation,BAC_P::Marinimicrobia_(SAR406_clade),Bacteria,2,0.0,0.0,True,138.0,False,False
warning_ammonia_toxicity,BAC_P::Marinimicrobia_(SAR406_clade),Bacteria,2,0.0,0.0,True,147.0,False,False
warning_biogas_quality,BAC_P::Marinimicrobia_(SAR406_clade),Bacteria,2,0.0,0.0,True,140.5,False,False
warning_acid_base_balance,BAC_P::Patescibacteria,Bacteria,2,0.0,0.0,True,129.0,False,False
warning_buffer_capacity,BAC_P::Patescibacteria,Bacteria,2,0.0,0.0,True,141.5,False,False
warning_acid_accumulation,BAC_P::Patescibacteria,Bacteria,2,0.0,0.0,True,138.0,False,False
warning_ammonia_toxicity,BAC_P::Patescibacteria,Bacteria,2,0.0,0.0,True,147.0,False,False
warning_biogas_quality,BAC_P::Patescibacteria,Bacteria,2,0.0,0.0,True,140.5,False,False
warning_acid_base_balance,BAC_P::Planctomycetota,Bacteria,2,0.0,0.0,True,129.0,False,False
warning_buffer_capacity,BAC_P::Planctomycetota,Bacteria,2,0.0,0.0,True,141.5,False,False
warning_acid_accumulation,BAC_P::Planctomycetota,Bacteria,2,0.0,0.0,True,138.0,False,False
warning_ammonia_toxicity,BAC_P::Planctomycetota,Bacteria,2,0.0,0.0,True,147.0,False,False
warning_biogas_quality,BAC_P::Planctomycetota,Bacteria,2,0.0,0.0,True,140.5,False,False
warning_acid_base_balance,BAC_P::Proteobacteria,Bacteria,2,0.0,0.0,True,129.0,False,False
warning_buffer_capacity,BAC_P::Proteobacteria,Bacteria,2,0.0,0.0,True,141.5,False,False
warning_acid_accumulation,BAC_P::Proteobacteria,Bacteria,2,0.0,0.0,True,138.0,False,False
warning_ammonia_toxicity,BAC_P::Proteobacteria,Bacteria,2,0.0,0.0,True,147.0,False,False
warning_biogas_quality,BAC_P::Proteobacteria,Bacteria,2,0.0,0.0,True,140.5,False,False
warning_acid_base_balance,BAC_P::Spirochaetota,Bacteria,2,0.0,0.0,True,129.0,False,False
warning_buffer_capacity,BAC_P::Spirochaetota,Bacteria,2,-0.0006191950464396273,0.001905842140096258,True,270.5,False,False
warning_acid_accumulation,BAC_P::Spirochaetota,Bacteria,2,0.0,0.0,True,138.0,False,False
warning_ammonia_toxicity,BAC_P::Spirochaetota,Bacteria,2,0.0,0.0,True,147.0,False,False
warning_biogas_quality,BAC_P::Spirochaetota,Bacteria,2,0.0,0.0,True,140.5,False,False
warning_acid_base_balance,BAC_P::Synergistota,Bacteria,2,0.0,0.0,True,129.0,False,False
warning_buffer_capacity,BAC_P::Synergistota,Bacteria,2,0.0,0.0,True,141.5,False,False
warning_acid_accumulation,BAC_P::Synergistota,Bacteria,2,0.0,0.0,True,138.0,False,False
warning_ammonia_toxicity,BAC_P::Synergistota,Bacteria,2,0.0,0.0,True,147.0,False,False
warning_biogas_quality,BAC_P::Synergistota,Bacteria,2,0.0,0.0,True,140.5,False,False
warning_acid_base_balance,BAC_P::Thermotogota,Bacteria,2,0.0,0.0,True,129.0,False,False
warning_buffer_capacity,BAC_P::Thermotogota,Bacteria,2,0.0,0.0,True,141.5,False,False
warning_acid_accumulation,BAC_P::Thermotogota,Bacteria,2,0.0,0.0,True,138.0,False,False
warning_ammonia_toxicity,BAC_P::Thermotogota,Bacteria,2,0.0,0.0,True,147.0,False,False
warning_biogas_quality,BAC_P::Thermotogota,Bacteria,2,0.0,0.0,True,140.5,False,False
warning_acid_base_balance,BAC_P::Verrucomicrobiota,Bacteria,2,0.0,0.0,True,129.0,False,False
warning_buffer_capacity,BAC_P::Verrucomicrobiota,Bacteria,2,0.027083333333333327,0.0203900202053997,True,2.0,True,True
warning_acid_accumulation,BAC_P::Verrucomicrobiota,Bacteria,2,0.0,0.0,True,138.0,False,False
warning_ammonia_toxicity,BAC_P::Verrucomicrobiota,Bacteria,2,0.0,0.0,True,147.0,False,False
warning_biogas_quality,BAC_P::Verrucomicrobiota,Bacteria,2,0.0,0.0,True,140.5,False,False
warning_acid_base_balance,BAC_P::WS1,Bacteria,2,0.0,0.0,True,129.0,False,False
warning_buffer_capacity,BAC_P::WS1,Bacteria,2,0.0,0.0,True,141.5,False,False
warning_acid_accumulation,BAC_P::WS1,Bacteria,2,0.0,0.0,True,138.0,False,False
warning_ammonia_toxicity,BAC_P::WS1,Bacteria,2,0.0,0.0,True,147.0,False,False
warning_biogas_quality,BAC_P::WS1,Bacteria,2,0.0,0.0,True,140.5,False,False
warning_acid_base_balance,BAC_P::unidentified,Bacteria,2,0.0,0.0,True,129.0,False,False
warning_buffer_capacity,BAC_P::unidentified,Bacteria,2,0.0,0.0,True,141.5,False,False
warning_acid_accumulation,BAC_P::unidentified,Bacteria,2,0.0,0.0,True,138.0,False,False
warning_ammonia_toxicity,BAC_P::unidentified,Bacteria,2,0.0,0.0,True,147.0,False,False
warning_biogas_quality,BAC_P::unidentified,Bacteria,2,0.0,0.0,True,140.5,False,False
warning_acid_base_balance,BAC_G::009E01-B-SD-P15,Bacteria,2,0.0,0.0,True,129.0,False,False
warning_buffer_capacity,BAC_G::009E01-B-SD-P15,Bacteria,2,0.0,0.0,True,141.5,False,False
warning_acid_accumulation,BAC_G::009E01-B-SD-P15,Bacteria,2,0.0,0.0,True,138.0,False,False
warning_ammonia_toxicity,BAC_G::009E01-B-SD-P15,Bacteria,2,0.0,0.0,True,147.0,False,False
warning_biogas_quality,BAC_G::009E01-B-SD-P15,Bacteria,2,0.0,0.0,True,140.5,False,False
warning_acid_base_balance,BAC_G::113B434,Bacteria,2,0.0,0.0,False,129.0,False,False
warning_buffer_capacity,BAC_G::113B434,Bacteria,2,0.0,0.0,False,141.5,False,False
warning_acid_accumulation,BAC_G::113B434,Bacteria,2,0.0,0.0,False,138.0,False,False
warning_ammonia_toxicity,BAC_G::113B434,Bacteria,2,0.0,0.0,False,147.0,False,False
warning_biogas_quality,BAC_G::113B434,Bacteria,2,0.0,0.0,False,140.5,False,False
warning_acid_base_balance,BAC_G::AAP99,Bacteria,2,-0.003124999999999997,0.00763224059442756,True,268.5,False,False
warning_buffer_capacity,BAC_G::AAP99,Bacteria,2,0.0,0.0,True,141.5,False,False
warning_acid_accumulation,BAC_G::AAP99,Bacteria,2,0.0,0.0,True,138.0,False,False
warning_ammonia_toxicity,BAC_G::AAP99,Bacteria,2,0.0,0.0,True,147.0,False,False
warning_biogas_quality,BAC_G::AAP99,Bacteria,2,0.0,0.0,True,140.5,False,False
warning_acid_base_balance,BAC_G::ADurb.Bin063-1,Bacteria,2,0.0,0.0,True,129.0,False,False
warning_buffer_capacity,BAC_G::ADurb.Bin063-1,Bacteria,2,0.0,0.0,True,141.5,False,False
warning_acid_accumulation,BAC_G::ADurb.Bin063-1,Bacteria,2,0.0,0.0,True,138.0,False,False
warning_ammonia_toxicity,BAC_G::ADurb.Bin063-1,Bacteria,2,0.0,0.0,True,147.0,False,False
warning_biogas_quality,BAC_G::ADurb.Bin063-1,Bacteria,2,0.0,0.0,True,140.5,False,False
warning_acid_base_balance,BAC_G::ADurb.Bin120,Bacteria,2,0.0,0.0,True,129.0,False,False
warning_buffer_capacity,BAC_G::ADurb.Bin120,Bacteria,2,0.0,0.0,True,141.5,False,False
warning_acid_accumulation,BAC_G::ADurb.Bin120,Bacteria,2,0.0,0.0,True,138.0,False,False
warning_ammonia_toxicity,BAC_G::ADurb.Bin120,Bacteria,2,0.0,0.0,True,147.0,False,False
warning_biogas_quality,BAC_G::ADurb.Bin120,Bacteria,2,0.0,0.0,True,140.5,False,False
warning_acid_base_balance,BAC_G::AKYH767,Bacteria,2,0.0,0.0,True,129.0,False,False
warning_buffer_capacity,BAC_G::AKYH767,Bacteria,2,0.0,0.0,True,141.5,False,False
warning_acid_accumulation,BAC_G::AKYH767,Bacteria,2,0.0,0.0,True,138.0,False,False
warning_ammonia_toxicity,BAC_G::AKYH767,Bacteria,2,0.0,0.0,True,147.0,False,False
warning_biogas_quality,BAC_G::AKYH767,Bacteria,2,0.0,0.0,True,140.5,False,False
warning_acid_base_balance,BAC_G::AUTHM297,Bacteria,2,0.0,0.0,True,129.0,False,False
warning_buffer_capacity,BAC_G::AUTHM297,Bacteria,2,0.0,0.0,True,141.5,False,False
warning_acid_accumulation,BAC_G::AUTHM297,Bacteria,2,0.0,0.0,True,138.0,False,False
warning_ammonia_toxicity,BAC_G::AUTHM297,Bacteria,2,0.0,0.0,True,147.0,False,False
warning_biogas_quality,BAC_G::AUTHM297,Bacteria,2,0.0,0.0,True,140.5,False,False
warning_acid_base_balance,BAC_G::Acetobacter,Bacteria,2,0.0,0.0,False,129.0,False,False
warning_buffer_capacity,BAC_G::Acetobacter,Bacteria,2,0.0,0.0,False,141.5,False,False
warning_acid_accumulation,BAC_G::Acetobacter,Bacteria,2,0.0,0.0,False,138.0,False,False
warning_ammonia_toxicity,BAC_G::Acetobacter,Bacteria,2,0.0,0.0,False,147.0,False,False
warning_biogas_quality,BAC_G::Acetobacter,Bacteria,2,0.0,0.0,False,140.5,False,False
warning_acid_base_balance,BAC_G::Acetomicrobium,Bacteria,2,0.0,0.0,True,129.0,False,False
warning_buffer_capacity,BAC_G::Acetomicrobium,Bacteria,2,0.0,0.0,True,141.5,False,False
warning_acid_accumulation,BAC_G::Acetomicrobium,Bacteria,2,0.0,0.0,True,138.0,False,False
warning_ammonia_toxicity,BAC_G::Acetomicrobium,Bacteria,2,0.0033333333333333383,0.010259783520851556,True,14.5,False,True
warning_biogas_quality,BAC_G::Acetomicrobium,Bacteria,2,0.0,0.0,True,140.5,False,False
warning_acid_base_balance,BAC_G::Acetothermiia,Bacteria,2,0.0,0.0,True,129.0,False,False
warning_buffer_capacity,BAC_G::Acetothermiia,Bacteria,2,0.0,0.0,True,141.5,False,False
warning_acid_accumulation,BAC_G::Acetothermiia,Bacteria,2,0.0,0.0,True,138.0,False,False
warning_ammonia_toxicity,BAC_G::Acetothermiia,Bacteria,2,0.0,0.0,True,147.0,False,False
warning_biogas_quality,BAC_G::Acetothermiia,Bacteria,2,0.0,0.0,True,140.5,False,False
warning_acid_base_balance,BAC_G::Acholeplasma,Bacteria,2,-0.006249999999999994,0.009795048874617227,True,273.0,False,False
warning_buffer_capacity,BAC_G::Acholeplasma,Bacteria,2,0.0,0.0,True,141.5,False,False
warning_acid_accumulation,BAC_G::Acholeplasma,Bacteria,2,0.0,0.0,True,138.0,False,False
warning_ammonia_toxicity,BAC_G::Acholeplasma,Bacteria,2,0.0,0.0,True,147.0,False,False
warning_biogas_quality,BAC_G::Acholeplasma,Bacteria,2,0.0,0.0,True,140.5,False,False
warning_acid_base_balance,BAC_G::Acidovorax,Bacteria,2,0.0,0.0,True,129.0,False,False
warning_buffer_capacity,BAC_G::Acidovorax,Bacteria,2,0.0,0.0,True,141.5,False,False
warning_acid_accumulation,BAC_G::Acidovorax,Bacteria,2,0.0,0.0,True,138.0,False,False
warning_ammonia_toxicity,BAC_G::Acidovorax,Bacteria,2,0.0,0.0,True,147.0,False,False
warning_biogas_quality,BAC_G::Acidovorax,Bacteria,2,0.0,0.0,True,140.5,False,False
warning_acid_base_balance,BAC_G::Acinetobacter,Bacteria,2,0.0,0.0,False,129.0,False,False
warning_buffer_capacity,BAC_G::Acinetobacter,Bacteria,2,0.0,0.0,False,141.5,False,False
warning_acid_accumulation,BAC_G::Acinetobacter,Bacteria,2,0.0,0.0,False,138.0,False,False
warning_ammonia_toxicity,BAC_G::Acinetobacter,Bacteria,2,0.0,0.0,False,147.0,False,False
warning_biogas_quality,BAC_G::Acinetobacter,Bacteria,2,0.0,0.0,False,140.5,False,False
warning_acid_base_balance,BAC_G::Actinomyces,Bacteria,2,0.0,0.0,False,129.0,False,False
warning_buffer_capacity,BAC_G::Actinomyces,Bacteria,2,0.0,0.0,False,141.5,False,False
warning_acid_accumulation,BAC_G::Actinomyces,Bacteria,2,0.0,0.0,False,138.0,False,False
warning_ammonia_toxicity,BAC_G::Actinomyces,Bacteria,2,0.0,0.0,False,147.0,False,False
warning_biogas_quality,BAC_G::Actinomyces,Bacteria,2,0.0,0.0,False,140.5,False,False
warning_acid_base_balance,BAC_G::Aeriscardovia,Bacteria,2,0.0,0.0,False,129.0,False,False
warning_buffer_capacity,BAC_G::Aeriscardovia,Bacteria,2,0.0,0.0,False,141.5,False,False
warning_acid_accumulation,BAC_G::Aeriscardovia,Bacteria,2,0.0,0.0,False,138.0,False,False
warning_ammonia_toxicity,BAC_G::Aeriscardovia,Bacteria,2,0.0,0.0,False,147.0,False,False
warning_biogas_quality,BAC_G::Aeriscardovia,Bacteria,2,0.0,0.0,False,140.5,False,False
warning_acid_base_balance,BAC_G::Alkaliphilus,Bacteria,2,-0.004166666666666663,0.00854981960070961,True,271.0,False,False
warning_buffer_capacity,BAC_G::Alkaliphilus,Bacteria,2,0.0,0.0,True,141.5,False,False
warning_acid_accumulation,BAC_G::Alkaliphilus,Bacteria,2,0.0,0.0,True,138.0,False,False
warning_ammonia_toxicity,BAC_G::Alkaliphilus,Bacteria,2,0.0,0.0,True,147.0,False,False
warning_biogas_quality,BAC_G::Alkaliphilus,Bacteria,2,0.0,0.0,True,140.5,False,False
warning_acid_base_balance,BAC_G::Aminicenantales,Bacteria,2,0.0,0.0,True,129.0,False,False
warning_buffer_capacity,BAC_G::Aminicenantales,Bacteria,2,0.0,0.0,True,141.5,False,False
warning_acid_accumulation,BAC_G::Aminicenantales,Bacteria,2,0.0,0.0,True,138.0,False,False
warning_ammonia_toxicity,BAC_G::Aminicenantales,Bacteria,2,0.0,0.0,True,147.0,False,False
warning_biogas_quality,BAC_G::Aminicenantales,Bacteria,2,0.0,0.0,True,140.5,False,False
warning_acid_base_balance,BAC_G::Aminobacterium,Bacteria,2,0.0,0.0,True,129.0,False,False
warning_buffer_capacity,BAC_G::Aminobacterium,Bacteria,2,0.0,0.0,True,141.5,False,False
warning_acid_accumulation,BAC_G::Aminobacterium,Bacteria,2,0.0,0.0,True,138.0,False,False
warning_ammonia_toxicity,BAC_G::Aminobacterium,Bacteria,2,0.0,0.0,True,147.0,False,False
warning_biogas_quality,BAC_G::Aminobacterium,Bacteria,2,0.0,0.0,True,140.5,False,False
warning_acid_base_balance,BAC_G::Anaerococcus,Bacteria,2,0.0,0.0,False,129.0,False,False
warning_buffer_capacity,BAC_G::Anaerococcus,Bacteria,2,0.0,0.0,False,141.5,False,False
warning_acid_accumulation,BAC_G::Anaerococcus,Bacteria,2,0.0,0.0,False,138.0,False,False
warning_ammonia_toxicity,BAC_G::Anaerococcus,Bacteria,2,0.0,0.0,False,147.0,False,False
warning_biogas_quality,BAC_G::Anaerococcus,Bacteria,2,0.0,0.0,False,140.5,False,False
warning_acid_base_balance,BAC_G::Anaerofustis,Bacteria,2,-0.06993778280542984,0.07147083257180699,True,275.0,False,False
warning_buffer_capacity,BAC_G::Anaerofustis,Bacteria,2,0.0,0.0,True,141.5,False,False
warning_acid_accumulation,BAC_G::Anaerofustis,Bacteria,2,0.0,0.0,True,138.0,False,False
warning_ammonia_toxicity,BAC_G::Anaerofustis,Bacteria,2,0.06607954545454547,0.033347742702831855,True,1.0,True,True
warning_biogas_quality,BAC_G::Anaerofustis,Bacteria,2,0.0,0.0,True,140.5,False,False
warning_acid_base_balance,BAC_G::Anaerostignum,Bacteria,2,0.0,0.0,False,129.0,False,False
warning_buffer_capacity,BAC_G::Anaerostignum,Bacteria,2,0.0,0.0,False,141.5,False,False
warning_acid_accumulation,BAC_G::Anaerostignum,Bacteria,2,0.0,0.0,False,138.0,False,False
warning_ammonia_toxicity,BAC_G::Anaerostignum,Bacteria,2,0.0,0.0,False,147.0,False,False
warning_biogas_quality,BAC_G::Anaerostignum,Bacteria,2,0.0,0.0,False,140.5,False,False
warning_acid_base_balance,BAC_G::Anaerovorax,Bacteria,2,0.0,0.0,True,129.0,False,False
warning_buffer_capacity,BAC_G::Anaerovorax,Bacteria,2,0.0,0.0,True,141.5,False,False
warning_acid_accumulation,BAC_G::Anaerovorax,Bacteria,2,0.0,0.0,True,138.0,False,False
warning_ammonia_toxicity,BAC_G::Anaerovorax,Bacteria,2,0.0,0.0,True,147.0,False,False
warning_biogas_quality,BAC_G::Anaerovorax,Bacteria,2,0.0,0.0,True,140.5,False,False
warning_acid_base_balance,BAC_G::Arenimonas,Bacteria,2,0.0,0.0,True,129.0,False,False
warning_buffer_capacity,BAC_G::Arenimonas,Bacteria,2,0.0,0.0,True,141.5,False,False
warning_acid_accumulation,BAC_G::Arenimonas,Bacteria,2,0.0,0.0,True,138.0,False,False
warning_ammonia_toxicity,BAC_G::Arenimonas,Bacteria,2,0.0,0.0,True,147.0,False,False
warning_biogas_quality,BAC_G::Arenimonas,Bacteria,2,0.0,0.0,True,140.5,False,False
warning_acid_base_balance,BAC_G::Atopobium,Bacteria,2,0.0,0.0,True,129.0,False,False
warning_buffer_capacity,BAC_G::Atopobium,Bacteria,2,0.0,0.0,True,141.5,False,False
warning_acid_accumulation,BAC_G::Atopobium,Bacteria,2,0.0,0.0,True,138.0,False,False
warning_ammonia_toxicity,BAC_G::Atopobium,Bacteria,2,0.04083858543417368,0.058020853903460574,True,3.0,True,True
warning_biogas_quality,BAC_G::Atopobium,Bacteria,2,0.46835978835978836,0.15835470657037995,True,1.0,True,True
warning_acid_base_balance,BAC_G::Azospira,Bacteria,2,0.0,0.0,True,129.0,False,False
warning_buffer_capacity,BAC_G::Azospira,Bacteria,2,0.0,0.0,True,141.5,False,False
warning_acid_accumulation,BAC_G::Azospira,Bacteria,2,0.0,0.0,True,138.0,False,False
warning_ammonia_toxicity,BAC_G::Azospira,Bacteria,2,0.0,0.0,True,147.0,False,False
warning_biogas_quality,BAC_G::Azospira,Bacteria,2,0.0,0.0,True,140.5,False,False
warning_acid_base_balance,BAC_G::BD1-7_clade,Bacteria,2,0.0,0.0,True,129.0,False,False
warning_buffer_capacity,BAC_G::BD1-7_clade,Bacteria,2,0.0,0.0,True,141.5,False,False
warning_acid_accumulation,BAC_G::BD1-7_clade,Bacteria,2,0.0,0.0,True,138.0,False,False
warning_ammonia_toxicity,BAC_G::BD1-7_clade,Bacteria,2,0.0,0.0,True,147.0,False,False
warning_biogas_quality,BAC_G::BD1-7_clade,Bacteria,2,0.0,0.0,True,140.5,False,False
warning_acid_base_balance,BAC_G::BRH-c20a,Bacteria,2,0.0,0.0,True,129.0,False,False
warning_buffer_capacity,BAC_G::BRH-c20a,Bacteria,2,0.0,0.0,True,141.5,False,False
warning_acid_accumulation,BAC_G::BRH-c20a,Bacteria,2,0.0,0.0,True,138.0,False,False
warning_ammonia_toxicity,BAC_G::BRH-c20a,Bacteria,2,0.0,0.0,True,147.0,False,False
warning_biogas_quality,BAC_G::BRH-c20a,Bacteria,2,0.0,0.0,True,140.5,False,False
warning_acid_base_balance,BAC_G::Babeliales,Bacteria,2,0.0,0.0,True,129.0,False,False
warning_buffer_capacity,BAC_G::Babeliales,Bacteria,2,0.0,0.0,True,141.5,False,False
warning_acid_accumulation,BAC_G::Babeliales,Bacteria,2,0.0,0.0,True,138.0,False,False
warning_ammonia_toxicity,BAC_G::Babeliales,Bacteria,2,0.0,0.0,True,147.0,False,False
warning_biogas_quality,BAC_G::Babeliales,Bacteria,2,0.0,0.0,True,140.5,False,False
warning_acid_base_balance,BAC_G::Bacillus,Bacteria,2,0.0,0.0,False,129.0,False,False
warning_buffer_capacity,BAC_G::Bacillus,Bacteria,2,0.0,0.0,False,141.5,False,False
warning_acid_accumulation,BAC_G::Bacillus,Bacteria,2,0.0,0.0,False,138.0,False,False
warning_ammonia_toxicity,BAC_G::Bacillus,Bacteria,2,0.0,0.0,False,147.0,False,False
warning_biogas_quality,BAC_G::Bacillus,Bacteria,2,0.0,0.0,False,140.5,False,False
warning_acid_base_balance,BAC_G::Bacteroidales_UCG-001,Bacteria,2,0.0,0.0,True,129.0,False,False
warning_buffer_capacity,BAC_G::Bacteroidales_UCG-001,Bacteria,2,0.0,0.0,True,141.5,False,False
warning_acid_accumulation,BAC_G::Bacteroidales_UCG-001,Bacteria,2,0.0,0.0,True,138.0,False,False
warning_ammonia_toxicity,BAC_G::Bacteroidales_UCG-001,Bacteria,2,0.0,0.0,True,147.0,False,False
warning_biogas_quality,BAC_G::Bacteroidales_UCG-001,Bacteria,2,0.0,0.0,True,140.5,False,False
warning_acid_base_balance,BAC_G::Bacteroides,Bacteria,2,0.0,0.0,True,129.0,False,False
warning_buffer_capacity,BAC_G::Bacteroides,Bacteria,2,0.0,0.0,True,141.5,False,False
warning_acid_accumulation,BAC_G::Bacteroides,Bacteria,2,0.0,0.0,True,138.0,False,False
warning_ammonia_toxicity,BAC_G::Bacteroides,Bacteria,2,0.0,0.0,True,147.0,False,False
warning_biogas_quality,BAC_G::Bacteroides,Bacteria,2,0.0076388888888889225,0.007089135910195037,True,4.0,True,True
warning_acid_base_balance,BAC_G::Bacteroidetes_VC2.1_Bac22,Bacteria,2,0.0,0.0,True,129.0,False,False
warning_buffer_capacity,BAC_G::Bacteroidetes_VC2.1_Bac22,Bacteria,2,0.0,0.0,True,141.5,False,False
warning_acid_accumulation,BAC_G::Bacteroidetes_VC2.1_Bac22,Bacteria,2,0.0,0.0,True,138.0,False,False
warning_ammonia_toxicity,BAC_G::Bacteroidetes_VC2.1_Bac22,Bacteria,2,0.0,0.0,True,147.0,False,False
warning_biogas_quality,BAC_G::Bacteroidetes_VC2.1_Bac22,Bacteria,2,0.0,0.0,True,140.5,False,False
warning_acid_base_balance,BAC_G::Bacteroidetes_vadinHA17,Bacteria,2,0.0,0.0,True,129.0,False,False
warning_buffer_capacity,BAC_G::Bacteroidetes_vadinHA17,Bacteria,2,0.018749999999999996,0.02126740773058501,True,3.0,True,True
warning_acid_accumulation,BAC_G::Bacteroidetes_vadinHA17,Bacteria,2,0.0,0.0,True,138.0,False,False
warning_ammonia_toxicity,BAC_G::Bacteroidetes_vadinHA17,Bacteria,2,0.0,0.0,True,147.0,False,False
warning_biogas_quality,BAC_G::Bacteroidetes_vadinHA17,Bacteria,2,0.0,0.0,True,140.5,False,False
warning_acid_base_balance,BAC_G::Bdellovibrio,Bacteria,2,0.0,0.0,True,129.0,False,False
warning_buffer_capacity,BAC_G::Bdellovibrio,Bacteria,2,0.0,0.0,True,141.5,False,False
warning_acid_accumulation,BAC_G::Bdellovibrio,Bacteria,2,0.0,0.0,True,138.0,False,False
warning_ammonia_toxicity,BAC_G::Bdellovibrio,Bacteria,2,0.0,0.0,True,147.0,False,False
warning_biogas_quality,BAC_G::Bdellovibrio,Bacteria,2,0.0,0.0,True,140.5,False,False
warning_acid_base_balance,BAC_G::Bifidobacterium,Bacteria,2,0.0,0.0,False,129.0,False,False
warning_buffer_capacity,BAC_G::Bifidobacterium,Bacteria,2,0.0,0.0,False,141.5,False,False
warning_acid_accumulation,BAC_G::Bifidobacterium,Bacteria,2,0.0,0.0,False,138.0,False,False
warning_ammonia_toxicity,BAC_G::Bifidobacterium,Bacteria,2,0.0,0.0,False,147.0,False,False
warning_biogas_quality,BAC_G::Bifidobacterium,Bacteria,2,0.0,0.0,False,140.5,False,False
warning_acid_base_balance,BAC_G::Butyrivibrio,Bacteria,2,-0.0020833333333333316,0.006412364700532207,True,263.5,False,False
warning_buffer_capacity,BAC_G::Butyrivibrio,Bacteria,2,-0.0006191950464396273,0.0019058421400962576,True,270.5,False,False
warning_acid_accumulation,BAC_G::Butyrivibrio,Bacteria,2,0.0,0.0,True,138.0,False,False
warning_ammonia_toxicity,BAC_G::Butyrivibrio,Bacteria,2,0.0,0.0,True,147.0,False,False
warning_biogas_quality,BAC_G::Butyrivibrio,Bacteria,2,0.0,0.0,True,140.5,False,False
warning_acid_base_balance,BAC_G::Caldicoprobacter,Bacteria,2,0.0,0.0,True,129.0,False,False
warning_buffer_capacity,BAC_G::Caldicoprobacter,Bacteria,2,0.0,0.0,True,141.5,False,False
warning_acid_accumulation,BAC_G::Caldicoprobacter,Bacteria,2,0.0,0.0,True,138.0,False,False
warning_ammonia_toxicity,BAC_G::Caldicoprobacter,Bacteria,2,0.0,0.0,True,147.0,False,False
warning_biogas_quality,BAC_G::Caldicoprobacter,Bacteria,2,0.0,0.0,True,140.5,False,False
warning_acid_base_balance,BAC_G::Caldisericum,Bacteria,2,0.0,0.0,False,129.0,False,False
warning_buffer_capacity,BAC_G::Caldisericum,Bacteria,2,0.0,0.0,False,141.5,False,False
warning_acid_accumulation,BAC_G::Caldisericum,Bacteria,2,0.0,0.0,False,138.0,False,False
warning_ammonia_toxicity,BAC_G::Caldisericum,Bacteria,2,0.0,0.0,False,147.0,False,False
warning_biogas_quality,BAC_G::Caldisericum,Bacteria,2,0.0,0.0,False,140.5,False,False
warning_acid_base_balance,BAC_G::Candidatus_Accumulibacter,Bacteria,2,0.0,0.0,True,129.0,False,False
warning_buffer_capacity,BAC_G::Candidatus_Accumulibacter,Bacteria,2,0.0,0.0,True,141.5,False,False
warning_acid_accumulation,BAC_G::Candidatus_Accumulibacter,Bacteria,2,0.0,0.0,True,138.0,False,False
warning_ammonia_toxicity,BAC_G::Candidatus_Accumulibacter,Bacteria,2,0.0,0.0,True,147.0,False,False
warning_biogas_quality,BAC_G::Candidatus_Accumulibacter,Bacteria,2,0.0,0.0,True,140.5,False,False
warning_acid_base_balance,BAC_G::Candidatus_Caldatribacterium,Bacteria,2,0.0,0.0,True,129.0,False,False
warning_buffer_capacity,BAC_G::Candidatus_Caldatribacterium,Bacteria,2,0.0,0.0,True,141.5,False,False
warning_acid_accumulation,BAC_G::Candidatus_Caldatribacterium,Bacteria,2,0.0,0.0,True,138.0,False,False
warning_ammonia_toxicity,BAC_G::Candidatus_Caldatribacterium,Bacteria,2,0.0,0.0,True,147.0,False,False
warning_biogas_quality,BAC_G::Candidatus_Caldatribacterium,Bacteria,2,0.0,0.0,True,140.5,False,False
warning_acid_base_balance,BAC_G::Candidatus_Cloacimonas,Bacteria,2,0.0,0.0,True,129.0,False,False
warning_buffer_capacity,BAC_G::Candidatus_Cloacimonas,Bacteria,2,0.0,0.0,True,141.5,False,False
warning_acid_accumulation,BAC_G::Candidatus_Cloacimonas,Bacteria,2,0.0,0.0,True,138.0,False,False
warning_ammonia_toxicity,BAC_G::Candidatus_Cloacimonas,Bacteria,2,0.0,0.0,True,147.0,False,False
warning_biogas_quality,BAC_G::Candidatus_Cloacimonas,Bacteria,2,0.0,0.0,True,140.5,False,False
warning_acid_base_balance,BAC_G::Candidatus_Competibacter,Bacteria,2,0.0,0.0,True,129.0,False,False
warning_buffer_capacity,BAC_G::Candidatus_Competibacter,Bacteria,2,0.0,0.0,True,141.5,False,False
warning_acid_accumulation,BAC_G::Candidatus_Competibacter,Bacteria,2,0.0,0.0,True,138.0,False,False
warning_ammonia_toxicity,BAC_G::Candidatus_Competibacter,Bacteria,2,0.0,0.0,True,147.0,False,False
warning_biogas_quality,BAC_G::Candidatus_Competibacter,Bacteria,2,0.0,0.0,True,140.5,False,False
warning_acid_base_balance,BAC_G::Candidatus_Omnitrophus,Bacteria,2,0.0,0.0,False,129.0,False,False
warning_buffer_capacity,BAC_G::Candidatus_Omnitrophus,Bacteria,2,0.0,0.0,False,141.5,False,False
warning_acid_accumulation,BAC_G::Candidatus_Omnitrophus,Bacteria,2,0.0,0.0,False,138.0,False,False
warning_ammonia_toxicity,BAC_G::Candidatus_Omnitrophus,Bacteria,2,0.0,0.0,False,147.0,False,False
warning_biogas_quality,BAC_G::Candidatus_Omnitrophus,Bacteria,2,0.0,0.0,False,140.5,False,False
warning_acid_base_balance,BAC_G::Candidatus_Soleaferrea,Bacteria,2,0.0,0.0,True,129.0,False,False
warning_buffer_capacity,BAC_G::Candidatus_Soleaferrea,Bacteria,2,0.0,0.0,True,141.5,False,False
warning_acid_accumulation,BAC_G::Candidatus_Soleaferrea,Bacteria,2,0.0,0.0,True,138.0,False,False
warning_ammonia_toxicity,BAC_G::Candidatus_Soleaferrea,Bacteria,2,0.0,0.0,True,147.0,False,False
warning_biogas_quality,BAC_G::Candidatus_Soleaferrea,Bacteria,2,0.0,0.0,True,140.5,False,False
warning_acid_base_balance,BAC_G::Caproiciproducens,Bacteria,2,0.0,0.0,False,129.0,False,False
warning_buffer_capacity,BAC_G::Caproiciproducens,Bacteria,2,0.0,0.0,False,141.5,False,False
warning_acid_accumulation,BAC_G::Caproiciproducens,Bacteria,2,0.0,0.0,False,138.0,False,False
warning_ammonia_toxicity,BAC_G::Caproiciproducens,Bacteria,2,0.0,0.0,False,147.0,False,False
warning_biogas_quality,BAC_G::Caproiciproducens,Bacteria,2,0.0,0.0,False,140.5,False,False
warning_acid_base_balance,BAC_G::Chthonomonadales,Bacteria,2,0.0,0.0,True,129.0,False,False
warning_buffer_capacity,BAC_G::Chthonomonadales,Bacteria,2,0.0,0.0,True,141.5,False,False
warning_acid_accumulation,BAC_G::Chthonomonadales,Bacteria,2,0.0,0.0,True,138.0,False,False
warning_ammonia_toxicity,BAC_G::Chthonomonadales,Bacteria,2,0.0,0.0,True,147.0,False,False
warning_biogas_quality,BAC_G::Chthonomonadales,Bacteria,2,0.0,0.0,True,140.5,False,False
warning_acid_base_balance,BAC_G::Cloacimonadaceae,Bacteria,2,0.0,0.0,False,129.0,False,False
warning_buffer_capacity,BAC_G::Cloacimonadaceae,Bacteria,2,0.0,0.0,False,141.5,False,False
warning_acid_accumulation,BAC_G::Cloacimonadaceae,Bacteria,2,0.0,0.0,False,138.0,False,False
warning_ammonia_toxicity,BAC_G::Cloacimonadaceae,Bacteria,2,0.0,0.0,False,147.0,False,False
warning_biogas_quality,BAC_G::Cloacimonadaceae,Bacteria,2,0.0,0.0,False,140.5,False,False
warning_acid_base_balance,BAC_G::Clostridia_UCG-014,Bacteria,2,0.0,0.0,True,129.0,False,False
warning_buffer_capacity,BAC_G::Clostridia_UCG-014,Bacteria,2,0.0,0.0,True,141.5,False,False
warning_acid_accumulation,BAC_G::Clostridia_UCG-014,Bacteria,2,0.0,0.0,True,138.0,False,False
warning_ammonia_toxicity,BAC_G::Clostridia_UCG-014,Bacteria,2,0.0,0.0,True,147.0,False,False
warning_biogas_quality,BAC_G::Clostridia_UCG-014,Bacteria,2,0.0,0.0,True,140.5,False,False
warning_acid_base_balance,BAC_G::Clostridium_sensu_stricto_1,Bacteria,2,0.0,0.0,True,129.0,False,False
warning_buffer_capacity,BAC_G::Clostridium_sensu_stricto_1,Bacteria,2,0.0,0.0,True,141.5,False,False
warning_acid_accumulation,BAC_G::Clostridium_sensu_stricto_1,Bacteria,2,0.0,0.0,True,138.0,False,False
warning_ammonia_toxicity,BAC_G::Clostridium_sensu_stricto_1,Bacteria,2,0.0,0.0,True,147.0,False,False
warning_biogas_quality,BAC_G::Clostridium_sensu_stricto_1,Bacteria,2,0.0,0.0,True,140.5,False,False
warning_acid_base_balance,BAC_G::Comamonas,Bacteria,2,0.0,0.0,True,129.0,False,False
warning_buffer_capacity,BAC_G::Comamonas,Bacteria,2,0.0,0.0,True,141.5,False,False
warning_acid_accumulation,BAC_G::Comamonas,Bacteria,2,0.0,0.0,True,138.0,False,False
warning_ammonia_toxicity,BAC_G::Comamonas,Bacteria,2,0.0,0.0,True,147.0,False,False
warning_biogas_quality,BAC_G::Comamonas,Bacteria,2,0.0,0.0,True,140.5,False,False
warning_acid_base_balance,BAC_G::Coprothermobacter,Bacteria,2,0.0,0.0,True,129.0,False,False
warning_buffer_capacity,BAC_G::Coprothermobacter,Bacteria,2,0.0,0.0,True,141.5,False,False
warning_acid_accumulation,BAC_G::Coprothermobacter,Bacteria,2,0.0,0.0,True,138.0,False,False
warning_ammonia_toxicity,BAC_G::Coprothermobacter,Bacteria,2,0.0,0.0,True,147.0,False,False
warning_biogas_quality,BAC_G::Coprothermobacter,Bacteria,2,0.0,0.0,True,140.5,False,False
warning_acid_base_balance,BAC_G::D8A-2,Bacteria,2,0.0,0.0,True,129.0,False,False
warning_buffer_capacity,BAC_G::D8A-2,Bacteria,2,0.008333333333333331,0.01709963920141923,True,8.0,True,True
warning_acid_accumulation,BAC_G::D8A-2,Bacteria,2,0.0,0.0,True,138.0,False,False
warning_ammonia_toxicity,BAC_G::D8A-2,Bacteria,2,0.0,0.0,True,147.0,False,False
warning_biogas_quality,BAC_G::D8A-2,Bacteria,2,0.0,0.0,True,140.5,False,False
warning_acid_base_balance,BAC_G::DEV114,Bacteria,2,0.0,0.0,True,129.0,False,False
warning_buffer_capacity,BAC_G::DEV114,Bacteria,2,0.0,0.0,True,141.5,False,False
warning_acid_accumulation,BAC_G::DEV114,Bacteria,2,0.0,0.0,True,138.0,False,False
warning_ammonia_toxicity,BAC_G::DEV114,Bacteria,2,0.0,0.0,True,147.0,False,False
warning_biogas_quality,BAC_G::DEV114,Bacteria,2,0.0,0.0,True,140.5,False,False
warning_acid_base_balance,BAC_G::DMER64,Bacteria,2,0.0,0.0,True,129.0,False,False
warning_buffer_capacity,BAC_G::DMER64,Bacteria,2,0.0,0.0,True,141.5,False,False
warning_acid_accumulation,BAC_G::DMER64,Bacteria,2,0.0,0.0,True,138.0,False,False
warning_ammonia_toxicity,BAC_G::DMER64,Bacteria,2,0.0016666666666666692,0.00745355992499931,True,18.0,False,True
warning_biogas_quality,BAC_G::DMER64,Bacteria,2,0.0,0.0,True,140.5,False,False
warning_acid_base_balance,BAC_G::DTU014,Bacteria,2,-0.0032404788838612335,0.006857579838989077,True,270.0,False,False
warning_buffer_capacity,BAC_G::DTU014,Bacteria,2,0.0,0.0,True,141.5,False,False
warning_acid_accumulation,BAC_G::DTU014,Bacteria,2,0.0,0.0,True,138.0,False,False
warning_ammonia_toxicity,BAC_G::DTU014,Bacteria,2,0.0,0.0,True,147.0,False,False
warning_biogas_quality,BAC_G::DTU014,Bacteria,2,0.0,0.0,True,140.5,False,False
warning_acid_base_balance,BAC_G::Dechloromonas,Bacteria,2,0.0,0.0,True,129.0,False,False
warning_buffer_capacity,BAC_G::Dechloromonas,Bacteria,2,0.0,0.0,True,141.5,False,False
warning_acid_accumulation,BAC_G::Dechloromonas,Bacteria,2,0.0,0.0,True,138.0,False,False
warning_ammonia_toxicity,BAC_G::Dechloromonas,Bacteria,2,0.0,0.0,True,147.0,False,False
warning_biogas_quality,BAC_G::Dechloromonas,Bacteria,2,0.0,0.0,True,140.5,False,False
warning_acid_base_balance,BAC_G::Defluviitoga,Bacteria,2,0.0,0.0,True,129.0,False,False
warning_buffer_capacity,BAC_G::Defluviitoga,Bacteria,2,0.0,0.0,True,141.5,False,False
warning_acid_accumulation,BAC_G::Defluviitoga,Bacteria,2,0.0,0.0,True,138.0,False,False
warning_ammonia_toxicity,BAC_G::Defluviitoga,Bacteria,2,0.0,0.0,True,147.0,False,False
warning_biogas_quality,BAC_G::Defluviitoga,Bacteria,2,0.0,0.0,True,140.5,False,False
warning_acid_base_balance,BAC_G::Denitratisoma,Bacteria,2,0.0,0.0,False,129.0,False,False
warning_buffer_capacity,BAC_G::Denitratisoma,Bacteria,2,0.0,0.0,False,141.5,False,False
warning_acid_accumulation,BAC_G::Denitratisoma,Bacteria,2,0.0,0.0,False,138.0,False,False
warning_ammonia_toxicity,BAC_G::Denitratisoma,Bacteria,2,0.0,0.0,False,147.0,False,False
warning_biogas_quality,BAC_G::Denitratisoma,Bacteria,2,0.0,0.0,False,140.5,False,False
warning_acid_base_balance,BAC_G::Dialister,Bacteria,2,0.0,0.0,False,129.0,False,False
warning_buffer_capacity,BAC_G::Dialister,Bacteria,2,0.0,0.0,False,141.5,False,False
warning_acid_accumulation,BAC_G::Dialister,Bacteria,2,0.0,0.0,False,138.0,False,False
warning_ammonia_toxicity,BAC_G::Dialister,Bacteria,2,0.0,0.0,False,147.0,False,False
warning_biogas_quality,BAC_G::Dialister,Bacteria,2,0.0,0.0,False,140.5,False,False
warning_acid_base_balance,BAC_G::Dokdonella,Bacteria,2,0.0,0.0,True,129.0,False,False
warning_buffer_capacity,BAC_G::Dokdonella,Bacteria,2,0.0,0.0,True,141.5,False,False
warning_acid_accumulation,BAC_G::Dokdonella,Bacteria,2,0.0,0.0,True,138.0,False,False
warning_ammonia_toxicity,BAC_G::Dokdonella,Bacteria,2,0.0,0.0,True,147.0,False,False
warning_biogas_quality,BAC_G::Dokdonella,Bacteria,2,0.0,0.0,True,140.5,False,False
warning_acid_base_balance,BAC_G::Ellin6067,Bacteria,2,0.0,0.0,False,129.0,False,False
warning_buffer_capacity,BAC_G::Ellin6067,Bacteria,2,0.0,0.0,False,141.5,False,False
warning_acid_accumulation,BAC_G::Ellin6067,Bacteria,2,0.0,0.0,False,138.0,False,False
warning_ammonia_toxicity,BAC_G::Ellin6067,Bacteria,2,0.0,0.0,False,147.0,False,False
warning_biogas_quality,BAC_G::Ellin6067,Bacteria,2,0.0,0.0,False,140.5,False,False
warning_acid_base_balance,BAC_G::Endomicrobium,Bacteria,2,0.0,0.0,True,129.0,False,False
warning_buffer_capacity,BAC_G::Endomicrobium,Bacteria,2,0.0,0.0,True,141.5,False,False
warning_acid_accumulation,BAC_G::Endomicrobium,Bacteria,2,0.0,0.0,True,138.0,False,False
warning_ammonia_toxicity,BAC_G::Endomicrobium,Bacteria,2,0.0,0.0,True,147.0,False,False
warning_biogas_quality,BAC_G::Endomicrobium,Bacteria,2,0.0,0.0,True,140.5,False,False
warning_acid_base_balance,BAC_G::Ercella,Bacteria,2,0.0,0.0,False,129.0,False,False
warning_buffer_capacity,BAC_G::Ercella,Bacteria,2,0.0,0.0,False,141.5,False,False
warning_acid_accumulation,BAC_G::Ercella,Bacteria,2,0.0,0.0,False,138.0,False,False
warning_ammonia_toxicity,BAC_G::Ercella,Bacteria,2,0.0,0.0,False,147.0,False,False
warning_biogas_quality,BAC_G::Ercella,Bacteria,2,0.0,0.0,False,140.5,False,False
warning_acid_base_balance,BAC_G::Exilispira,Bacteria,2,0.0,0.0,True,129.0,False,False
warning_buffer_capacity,BAC_G::Exilispira,Bacteria,2,-0.0009287925696594409,0.0022684058732663935,True,272.0,False,False
warning_acid_accumulation,BAC_G::Exilispira,Bacteria,2,0.0,0.0,True,138.0,False,False
warning_ammonia_toxicity,BAC_G::Exilispira,Bacteria,2,0.0,0.0,True,147.0,False,False
warning_biogas_quality,BAC_G::Exilispira,Bacteria,2,0.0,0.0,True,140.5,False,False
warning_acid_base_balance,BAC_G::Fastidiosipila,Bacteria,2,0.0,0.0,True,129.0,False,False
warning_buffer_capacity,BAC_G::Fastidiosipila,Bacteria,2,0.008333333333333331,0.017099639201419232,True,8.0,True,True
warning_acid_accumulation,BAC_G::Fastidiosipila,Bacteria,2,0.0,0.0,True,138.0,False,False
warning_ammonia_toxicity,BAC_G::Fastidiosipila,Bacteria,2,0.0,0.0,True,147.0,False,False
warning_biogas_quality,BAC_G::Fastidiosipila,Bacteria,2,0.0,0.0,True,140.5,False,False
warning_acid_base_balance,BAC_G::Fermentibacteraceae,Bacteria,2,0.0,0.0,True,129.0,False,False
warning_buffer_capacity,BAC_G::Fermentibacteraceae,Bacteria,2,0.0,0.0,True,141.5,False,False
warning_acid_accumulation,BAC_G::Fermentibacteraceae,Bacteria,2,0.0,0.0,True,138.0,False,False
warning_ammonia_toxicity,BAC_G::Fermentibacteraceae,Bacteria,2,0.0,0.0,True,147.0,False,False
warning_biogas_quality,BAC_G::Fermentibacteraceae,Bacteria,2,0.0,0.0,True,140.5,False,False
warning_acid_base_balance,BAC_G::Fermentimonas,Bacteria,2,0.0,0.0,True,129.0,False,False
warning_buffer_capacity,BAC_G::Fermentimonas,Bacteria,2,0.012499999999999997,0.019590097749234463,True,5.0,True,True
warning_acid_accumulation,BAC_G::Fermentimonas,Bacteria,2,0.0,0.0,True,138.0,False,False
warning_ammonia_toxicity,BAC_G::Fermentimonas,Bacteria,2,0.0,0.0,True,147.0,False,False
warning_biogas_quality,BAC_G::Fermentimonas,Bacteria,2,0.0,0.0,True,140.5,False,False
warning_acid_base_balance,BAC_G::Ferruginibacter,Bacteria,2,0.0,0.0,True,129.0,False,False
warning_buffer_capacity,BAC_G::Ferruginibacter,Bacteria,2,0.0,0.0,True,141.5,False,False
warning_acid_accumulation,BAC_G::Ferruginibacter,Bacteria,2,0.0,0.0,True,138.0,False,False
warning_ammonia_toxicity,BAC_G::Ferruginibacter,Bacteria,2,0.0,0.0,True,147.0,False,False
warning_biogas_quality,BAC_G::Ferruginibacter,Bacteria,2,0.0,0.0,True,140.5,False,False
warning_acid_base_balance,BAC_G::Fervidobacterium,Bacteria,2,0.0,0.0,True,129.0,False,False
warning_buffer_capacity,BAC_G::Fervidobacterium,Bacteria,2,0.0,0.0,True,141.5,False,False
warning_acid_accumulation,BAC_G::Fervidobacterium,Bacteria,2,0.0,0.0,True,138.0,False,False
warning_ammonia_toxicity,BAC_G::Fervidobacterium,Bacteria,2,0.0,0.0,True,147.0,False,False
warning_biogas_quality,BAC_G::Fervidobacterium,Bacteria,2,0.0,0.0,True,140.5,False,False
warning_acid_base_balance,BAC_G::Fonticella,Bacteria,2,0.0,0.0,True,129.0,False,False
warning_buffer_capacity,BAC_G::Fonticella,Bacteria,2,0.0,0.0,True,141.5,False,False
warning_acid_accumulation,BAC_G::Fonticella,Bacteria,2,0.0,0.0,True,138.0,False,False
warning_ammonia_toxicity,BAC_G::Fonticella,Bacteria,2,0.0,0.0,True,147.0,False,False
warning_biogas_quality,BAC_G::Fonticella,Bacteria,2,0.0,0.0,True,140.5,False,False
warning_acid_base_balance,BAC_G::Frisingicoccus,Bacteria,2,0.0,0.0,False,129.0,False,False
warning_buffer_capacity,BAC_G::Frisingicoccus,Bacteria,2,0.0,0.0,False,141.5,False,False
warning_acid_accumulation,BAC_G::Frisingicoccus,Bacteria,2,0.0,0.0,False,138.0,False,False
warning_ammonia_toxicity,BAC_G::Frisingicoccus,Bacteria,2,0.0,0.0,False,147.0,False,False
warning_biogas_quality,BAC_G::Frisingicoccus,Bacteria,2,0.0,0.0,False,140.5,False,False
warning_acid_base_balance,BAC_G::Gelria,Bacteria,2,0.0,0.0,True,129.0,False,False
warning_buffer_capacity,BAC_G::Gelria,Bacteria,2,0.0,0.0,True,141.5,False,False
warning_acid_accumulation,BAC_G::Gelria,Bacteria,2,0.0,0.0,True,138.0,False,False
warning_ammonia_toxicity,BAC_G::Gelria,Bacteria,2,0.0,0.0,True,147.0,False,False
warning_biogas_quality,BAC_G::Gelria,Bacteria,2,0.0,0.0,True,140.5,False,False
warning_acid_base_balance,BAC_G::Gracilibacter,Bacteria,2,0.0,0.0,True,129.0,False,False
warning_buffer_capacity,BAC_G::Gracilibacter,Bacteria,2,0.0,0.0,True,141.5,False,False
warning_acid_accumulation,BAC_G::Gracilibacter,Bacteria,2,0.0,0.0,True,138.0,False,False
warning_ammonia_toxicity,BAC_G::Gracilibacter,Bacteria,2,0.0,0.0,True,147.0,False,False
warning_biogas_quality,BAC_G::Gracilibacter,Bacteria,2,0.0,0.0,True,140.5,False,False
warning_acid_base_balance,BAC_G::Guggenheimella,Bacteria,2,-9.191176470588203e-05,0.0004110419076286364,True,257.0,False,False
warning_buffer_capacity,BAC_G::Guggenheimella,Bacteria,2,0.0,0.0,True,141.5,False,False
warning_acid_accumulation,BAC_G::Guggenheimella,Bacteria,2,0.0,0.0,True,138.0,False,False
warning_ammonia_toxicity,BAC_G::Guggenheimella,Bacteria,2,0.0,0.0,True,147.0,False,False
warning_biogas_quality,BAC_G::Guggenheimella,Bacteria,2,0.0,0.0,True,140.5,False,False
warning_acid_base_balance,BAC_G::HN-HF0106,Bacteria,2,0.0,0.0,True,129.0,False,False
warning_buffer_capacity,BAC_G::HN-HF0106,Bacteria,2,0.0,0.0,True,141.5,False,False
warning_acid_accumulation,BAC_G::HN-HF0106,Bacteria,2,0.0,0.0,True,138.0,False,False
warning_ammonia_toxicity,BAC_G::HN-HF0106,Bacteria,2,0.0,0.0,True,147.0,False,False
warning_biogas_quality,BAC_G::HN-HF0106,Bacteria,2,0.0,0.0,True,140.5,False,False
warning_acid_base_balance,BAC_G::Hahella,Bacteria,2,0.0,0.0,True,129.0,False,False
warning_buffer_capacity,BAC_G::Hahella,Bacteria,2,0.0,0.0,True,141.5,False,False
warning_acid_accumulation,BAC_G::Hahella,Bacteria,2,0.0,0.0,True,138.0,False,False
warning_ammonia_toxicity,BAC_G::Hahella,Bacteria,2,0.0,0.0,True,147.0,False,False
warning_biogas_quality,BAC_G::Hahella,Bacteria,2,0.0,0.0,True,140.5,False,False
warning_acid_base_balance,BAC_G::Halocella,Bacteria,2,0.0,0.0,True,129.0,False,False
warning_buffer_capacity,BAC_G::Halocella,Bacteria,2,0.0,0.0,True,141.5,False,False
warning_acid_accumulation,BAC_G::Halocella,Bacteria,2,0.0,0.0,True,138.0,False,False
warning_ammonia_toxicity,BAC_G::Halocella,Bacteria,2,0.0,0.0,True,147.0,False,False
warning_biogas_quality,BAC_G::Halocella,Bacteria,2,0.0,0.0,True,140.5,False,False
warning_acid_base_balance,BAC_G::Halomonas,Bacteria,2,0.0,0.0,True,129.0,False,False
warning_buffer_capacity,BAC_G::Halomonas,Bacteria,2,0.0,0.0,True,141.5,False,False
warning_acid_accumulation,BAC_G::Halomonas,Bacteria,2,0.0,0.0,True,138.0,False,False
warning_ammonia_toxicity,BAC_G::Halomonas,Bacteria,2,0.0,0.0,True,147.0,False,False
warning_biogas_quality,BAC_G::Halomonas,Bacteria,2,0.0,0.0,True,140.5,False,False
warning_acid_base_balance,BAC_G::Hungateiclostridiaceae,Bacteria,2,0.0,0.0,False,129.0,False,False
warning_buffer_capacity,BAC_G::Hungateiclostridiaceae,Bacteria,2,0.0,0.0,False,141.5,False,False
warning_acid_accumulation,BAC_G::Hungateiclostridiaceae,Bacteria,2,0.0,0.0,False,138.0,False,False
warning_ammonia_toxicity,BAC_G::Hungateiclostridiaceae,Bacteria,2,0.0,0.0,False,147.0,False,False
warning_biogas_quality,BAC_G::Hungateiclostridiaceae,Bacteria,2,0.0,0.0,False,140.5,False,False
warning_acid_base_balance,BAC_G::Hydrogenedensaceae,Bacteria,2,0.0,0.0,True,129.0,False,False
warning_buffer_capacity,BAC_G::Hydrogenedensaceae,Bacteria,2,0.0,0.0,True,141.5,False,False
warning_acid_accumulation,BAC_G::Hydrogenedensaceae,Bacteria,2,0.0,0.0,True,138.0,False,False
warning_ammonia_toxicity,BAC_G::Hydrogenedensaceae,Bacteria,2,0.0,0.0,True,147.0,False,False
warning_biogas_quality,BAC_G::Hydrogenedensaceae,Bacteria,2,0.0,0.0,True,140.5,False,False
warning_acid_base_balance,BAC_G::Irregularibacter,Bacteria,2,0.0,0.0,True,129.0,False,False
warning_buffer_capacity,BAC_G::Irregularibacter,Bacteria,2,0.0,0.0,True,141.5,False,False
warning_acid_accumulation,BAC_G::Irregularibacter,Bacteria,2,0.0,0.0,True,138.0,False,False
warning_ammonia_toxicity,BAC_G::Irregularibacter,Bacteria,2,0.0,0.0,True,147.0,False,False
warning_biogas_quality,BAC_G::Irregularibacter,Bacteria,2,0.0,0.0,True,140.5,False,False
warning_acid_base_balance,BAC_G::Izemoplasmatales,Bacteria,2,0.0,0.0,True,129.0,False,False
warning_buffer_capacity,BAC_G::Izemoplasmatales,Bacteria,2,0.0,0.0,True,141.5,False,False
warning_acid_accumulation,BAC_G::Izemoplasmatales,Bacteria,2,0.0,0.0,True,138.0,False,False
warning_ammonia_toxicity,BAC_G::Izemoplasmatales,Bacteria,2,0.0,0.0,True,147.0,False,False
warning_biogas_quality,BAC_G::Izemoplasmatales,Bacteria,2,0.0,0.0,True,140.5,False,False
warning_acid_base_balance,BAC_G::JS1,Bacteria,2,0.0,0.0,True,129.0,False,False
warning_buffer_capacity,BAC_G::JS1,Bacteria,2,0.0,0.0,True,141.5,False,False
warning_acid_accumulation,BAC_G::JS1,Bacteria,2,0.0,0.0,True,138.0,False,False
warning_ammonia_toxicity,BAC_G::JS1,Bacteria,2,0.0,0.0,True,147.0,False,False
warning_biogas_quality,BAC_G::JS1,Bacteria,2,0.0,0.0,True,140.5,False,False
warning_acid_base_balance,BAC_G::Kapabacteriales,Bacteria,2,0.0,0.0,False,129.0,False,False
warning_buffer_capacity,BAC_G::Kapabacteriales,Bacteria,2,0.0,0.0,False,141.5,False,False
warning_acid_accumulation,BAC_G::Kapabacteriales,Bacteria,2,0.0,0.0,False,138.0,False,False
warning_ammonia_toxicity,BAC_G::Kapabacteriales,Bacteria,2,0.0,0.0,False,147.0,False,False
warning_biogas_quality,BAC_G::Kapabacteriales,Bacteria,2,0.0,0.0,False,140.5,False,False
warning_acid_base_balance,BAC_G::Keratinibaculum,Bacteria,2,0.0,0.0,True,129.0,False,False
warning_buffer_capacity,BAC_G::Keratinibaculum,Bacteria,2,0.0,0.0,True,141.5,False,False
warning_acid_accumulation,BAC_G::Keratinibaculum,Bacteria,2,0.0,0.0,True,138.0,False,False
warning_ammonia_toxicity,BAC_G::Keratinibaculum,Bacteria,2,0.0,0.0,True,147.0,False,False
warning_biogas_quality,BAC_G::Keratinibaculum,Bacteria,2,0.0,0.0,True,140.5,False,False
warning_acid_base_balance,BAC_G::LD1-PA32,Bacteria,2,0.0,0.0,True,129.0,False,False
warning_buffer_capacity,BAC_G::LD1-PA32,Bacteria,2,0.0,0.0,True,141.5,False,False
warning_acid_accumulation,BAC_G::LD1-PA32,Bacteria,2,0.0,0.0,True,138.0,False,False
warning_ammonia_toxicity,BAC_G::LD1-PA32,Bacteria,2,0.0,0.0,True,147.0,False,False
warning_biogas_quality,BAC_G::LD1-PA32,Bacteria,2,0.0,0.0,True,140.5,False,False
warning_acid_base_balance,BAC_G::LD1-PB3,Bacteria,2,0.0,0.0,True,129.0,False,False
warning_buffer_capacity,BAC_G::LD1-PB3,Bacteria,2,0.0,0.0,True,141.5,False,False
warning_acid_accumulation,BAC_G::LD1-PB3,Bacteria,2,0.0,0.0,True,138.0,False,False
warning_ammonia_toxicity,BAC_G::LD1-PB3,Bacteria,2,0.0,0.0,True,147.0,False,False
warning_biogas_quality,BAC_G::LD1-PB3,Bacteria,2,0.0,0.0,True,140.5,False,False
warning_acid_base_balance,BAC_G::LNR_A2-18,Bacteria,2,0.0,0.0,True,129.0,False,False
warning_buffer_capacity,BAC_G::LNR_A2-18,Bacteria,2,0.0,0.0,True,141.5,False,False
warning_acid_accumulation,BAC_G::LNR_A2-18,Bacteria,2,0.0,0.0,True,138.0,False,False
warning_ammonia_toxicity,BAC_G::LNR_A2-18,Bacteria,2,0.0,0.0,True,147.0,False,False
warning_biogas_quality,BAC_G::LNR_A2-18,Bacteria,2,0.0,0.0,True,140.5,False,False
warning_acid_base_balance,BAC_G::Lactobacillus,Bacteria,2,0.008898809523809533,0.025916684510995762,True,1.0,True,True
warning_buffer_capacity,BAC_G::Lactobacillus,Bacteria,2,-0.24919848641210868,0.09428140495084908,True,275.0,False,False
warning_acid_accumulation,BAC_G::Lactobacillus,Bacteria,2,-0.05309704184704185,0.029125517232674227,True,276.0,False,False
warning_ammonia_toxicity,BAC_G::Lactobacillus,Bacteria,2,0.05570028011204482,0.07011110751192898,True,2.0,True,True
warning_biogas_quality,BAC_G::Lactobacillus,Bacteria,2,0.0,0.0,True,140.5,False,False
warning_acid_base_balance,BAC_G::Lautropia,Bacteria,2,0.0,0.0,False,129.0,False,False
warning_buffer_capacity,BAC_G::Lautropia,Bacteria,2,0.0,0.0,False,141.5,False,False
warning_acid_accumulation,BAC_G::Lautropia,Bacteria,2,0.0,0.0,False,138.0,False,False
warning_ammonia_toxicity,BAC_G::Lautropia,Bacteria,2,0.0,0.0,False,147.0,False,False
warning_biogas_quality,BAC_G::Lautropia,Bacteria,2,0.0,0.0,False,140.5,False,False
warning_acid_base_balance,BAC_G::Lawsonella,Bacteria,2,0.0,0.0,False,129.0,False,False
warning_buffer_capacity,BAC_G::Lawsonella,Bacteria,2,0.0,0.0,False,141.5,False,False
warning_acid_accumulation,BAC_G::Lawsonella,Bacteria,2,0.0,0.0,False,138.0,False,False
warning_ammonia_toxicity,BAC_G::Lawsonella,Bacteria,2,0.0,0.0,False,147.0,False,False
warning_biogas_quality,BAC_G::Lawsonella,Bacteria,2,0.0,0.0,False,140.5,False,False
warning_acid_base_balance,BAC_G::Lentimicrobiaceae,Bacteria,2,0.0,0.0,True,129.0,False,False
warning_buffer_capacity,BAC_G::Lentimicrobiaceae,Bacteria,2,-0.0031959494324045406,0.021337315886104716,True,273.0,False,False
warning_acid_accumulation,BAC_G::Lentimicrobiaceae,Bacteria,2,0.0,0.0,True,138.0,False,False
warning_ammonia_toxicity,BAC_G::Lentimicrobiaceae,Bacteria,2,0.004523809523809527,0.014449768130366771,True,13.0,False,True
warning_biogas_quality,BAC_G::Lentimicrobiaceae,Bacteria,2,0.0,0.0,True,140.5,False,False
warning_acid_base_balance,BAC_G::Lentimicrobium,Bacteria,2,-0.0022671568627450956,0.005765564824244766,True,266.0,False,False
warning_buffer_capacity,BAC_G::Lentimicrobium,Bacteria,2,0.002083333333333333,0.009316949906249122,True,12.5,False,True
warning_acid_accumulation,BAC_G::Lentimicrobium,Bacteria,2,0.0,0.0,True,138.0,False,False
warning_ammonia_toxicity,BAC_G::Lentimicrobium,Bacteria,2,0.002857142857142858,0.012777531299998802,True,16.5,False,True
warning_biogas_quality,BAC_G::Lentimicrobium,Bacteria,2,0.0,0.0,True,140.5,False,False
warning_acid_base_balance,BAC_G::Leptotrichia,Bacteria,2,0.0,0.0,True,129.0,False,False
warning_buffer_capacity,BAC_G::Leptotrichia,Bacteria,2,0.0,0.0,True,141.5,False,False
warning_acid_accumulation,BAC_G::Leptotrichia,Bacteria,2,0.0,0.0,True,138.0,False,False
warning_ammonia_toxicity,BAC_G::Leptotrichia,Bacteria,2,0.0,0.0,True,147.0,False,False
warning_biogas_quality,BAC_G::Leptotrichia,Bacteria,2,0.0,0.0,True,140.5,False,False
warning_acid_base_balance,BAC_G::Leuconostoc,Bacteria,2,0.0,0.0,False,129.0,False,False
warning_buffer_capacity,BAC_G::Leuconostoc,Bacteria,2,0.0,0.0,False,141.5,False,False
warning_acid_accumulation,BAC_G::Leuconostoc,Bacteria,2,0.0,0.0,False,138.0,False,False
warning_ammonia_toxicity,BAC_G::Leuconostoc,Bacteria,2,0.0,0.0,False,147.0,False,False
warning_biogas_quality,BAC_G::Leuconostoc,Bacteria,2,0.0,0.0,False,140.5,False,False
warning_acid_base_balance,BAC_G::Longilinea,Bacteria,2,0.0,0.0,False,129.0,False,False
warning_buffer_capacity,BAC_G::Longilinea,Bacteria,2,0.0,0.0,False,141.5,False,False
warning_acid_accumulation,BAC_G::Longilinea,Bacteria,2,0.0,0.0,False,138.0,False,False
warning_ammonia_toxicity,BAC_G::Longilinea,Bacteria,2,0.0,0.0,False,147.0,False,False
warning_biogas_quality,BAC_G::Longilinea,Bacteria,2,0.0,0.0,False,140.5,False,False
warning_acid_base_balance,BAC_G::Luteimonas,Bacteria,2,0.0,0.0,False,129.0,False,False
warning_buffer_capacity,BAC_G::Luteimonas,Bacteria,2,0.0,0.0,False,141.5,False,False
warning_acid_accumulation,BAC_G::Luteimonas,Bacteria,2,0.0,0.0,False,138.0,False,False
warning_ammonia_toxicity,BAC_G::Luteimonas,Bacteria,2,0.0,0.0,False,147.0,False,False
warning_biogas_quality,BAC_G::Luteimonas,Bacteria,2,0.0,0.0,False,140.5,False,False
warning_acid_base_balance,BAC_G::Lutispora,Bacteria,2,0.0,0.0,True,129.0,False,False
warning_buffer_capacity,BAC_G::Lutispora,Bacteria,2,0.0,0.0,True,141.5,False,False
warning_acid_accumulation,BAC_G::Lutispora,Bacteria,2,0.0,0.0,True,138.0,False,False
warning_ammonia_toxicity,BAC_G::Lutispora,Bacteria,2,0.0,0.0,True,147.0,False,False
warning_biogas_quality,BAC_G::Lutispora,Bacteria,2,0.0,0.0,True,140.5,False,False
warning_acid_base_balance,BAC_G::MBA03,Bacteria,2,0.0,0.0,True,129.0,False,False
warning_buffer_capacity,BAC_G::MBA03,Bacteria,2,0.0,0.0,True,141.5,False,False
warning_acid_accumulation,BAC_G::MBA03,Bacteria,2,0.0,0.0,True,138.0,False,False
warning_ammonia_toxicity,BAC_G::MBA03,Bacteria,2,0.0,0.0,True,147.0,False,False
warning_biogas_quality,BAC_G::MBA03,Bacteria,2,0.0,0.0,True,140.5,False,False
warning_acid_base_balance,BAC_G::MVP-15,Bacteria,2,0.0,0.0,True,129.0,False,False
warning_buffer_capacity,BAC_G::MVP-15,Bacteria,2,0.0,0.0,True,141.5,False,False
warning_acid_accumulation,BAC_G::MVP-15,Bacteria,2,0.0,0.0,True,138.0,False,False
warning_ammonia_toxicity,BAC_G::MVP-15,Bacteria,2,0.0,0.0,True,147.0,False,False
warning_biogas_quality,BAC_G::MVP-15,Bacteria,2,0.0,0.0,True,140.5,False,False
warning_acid_base_balance,BAC_G::Macellibacteroides,Bacteria,2,0.0,0.0,True,129.0,False,False
warning_buffer_capacity,BAC_G::Macellibacteroides,Bacteria,2,0.0,0.0,True,141.5,False,False
warning_acid_accumulation,BAC_G::Macellibacteroides,Bacteria,2,0.0,0.0,True,138.0,False,False
warning_ammonia_toxicity,BAC_G::Macellibacteroides,Bacteria,2,0.0,0.0,True,147.0,False,False
warning_biogas_quality,BAC_G::Macellibacteroides,Bacteria,2,0.0,0.0,True,140.5,False,False
warning_acid_base_balance,BAC_G::Marinimicrobia_(SAR406_clade),Bacteria,2,0.0,0.0,True,129.0,False,False
warning_buffer_capacity,BAC_G::Marinimicrobia_(SAR406_clade),Bacteria,2,0.0,0.0,True,141.5,False,False
warning_acid_accumulation,BAC_G::Marinimicrobia_(SAR406_clade),Bacteria,2,0.0,0.0,True,138.0,False,False
warning_ammonia_toxicity,BAC_G::Marinimicrobia_(SAR406_clade),Bacteria,2,0.0,0.0,True,147.0,False,False
warning_biogas_quality,BAC_G::Marinimicrobia_(SAR406_clade),Bacteria,2,0.0,0.0,True,140.5,False,False
warning_acid_base_balance,BAC_G::Mariniphaga,Bacteria,2,0.0,0.0,True,129.0,False,False
warning_buffer_capacity,BAC_G::Mariniphaga,Bacteria,2,0.0,0.0,True,141.5,False,False
warning_acid_accumulation,BAC_G::Mariniphaga,Bacteria,2,0.0,0.0,True,138.0,False,False
warning_ammonia_toxicity,BAC_G::Mariniphaga,Bacteria,2,0.0,0.0,True,147.0,False,False
warning_biogas_quality,BAC_G::Mariniphaga,Bacteria,2,0.0,0.0,True,140.5,False,False
warning_acid_base_balance,BAC_G::Megasphaera,Bacteria,2,0.0,0.0,False,129.0,False,False
warning_buffer_capacity,BAC_G::Megasphaera,Bacteria,2,0.0,0.0,False,141.5,False,False
warning_acid_accumulation,BAC_G::Megasphaera,Bacteria,2,0.0,0.0,False,138.0,False,False
warning_ammonia_toxicity,BAC_G::Megasphaera,Bacteria,2,0.0,0.0,False,147.0,False,False
warning_biogas_quality,BAC_G::Megasphaera,Bacteria,2,0.0,0.0,False,140.5,False,False
warning_acid_base_balance,BAC_G::Mesotoga,Bacteria,2,0.0,0.0,True,129.0,False,False
warning_buffer_capacity,BAC_G::Mesotoga,Bacteria,2,0.0,0.0,True,141.5,False,False
warning_acid_accumulation,BAC_G::Mesotoga,Bacteria,2,0.0,0.0,True,138.0,False,False
warning_ammonia_toxicity,BAC_G::Mesotoga,Bacteria,2,0.0,0.0,True,147.0,False,False
warning_biogas_quality,BAC_G::Mesotoga,Bacteria,2,0.0,0.0,True,140.5,False,False
warning_acid_base_balance,BAC_G::Methylotenera,Bacteria,2,0.0,0.0,True,129.0,False,False
warning_buffer_capacity,BAC_G::Methylotenera,Bacteria,2,0.0,0.0,True,141.5,False,False
warning_acid_accumulation,BAC_G::Methylotenera,Bacteria,2,0.0,0.0,True,138.0,False,False
warning_ammonia_toxicity,BAC_G::Methylotenera,Bacteria,2,0.0,0.0,True,147.0,False,False
warning_biogas_quality,BAC_G::Methylotenera,Bacteria,2,0.0,0.0,True,140.5,False,False
warning_acid_base_balance,BAC_G::MgMjR-022,Bacteria,2,0.0,0.0,True,129.0,False,False
warning_buffer_capacity,BAC_G::MgMjR-022,Bacteria,2,0.0,0.0,True,141.5,False,False
warning_acid_accumulation,BAC_G::MgMjR-022,Bacteria,2,0.0,0.0,True,138.0,False,False
warning_ammonia_toxicity,BAC_G::MgMjR-022,Bacteria,2,0.0,0.0,True,147.0,False,False
warning_biogas_quality,BAC_G::MgMjR-022,Bacteria,2,0.0,0.0,True,140.5,False,False
warning_acid_base_balance,BAC_G::Myroides,Bacteria,2,0.0,0.0,False,129.0,False,False
warning_buffer_capacity,BAC_G::Myroides,Bacteria,2,0.0,0.0,False,141.5,False,False
warning_acid_accumulation,BAC_G::Myroides,Bacteria,2,0.0,0.0,False,138.0,False,False
warning_ammonia_toxicity,BAC_G::Myroides,Bacteria,2,0.0,0.0,False,147.0,False,False
warning_biogas_quality,BAC_G::Myroides,Bacteria,2,0.0,0.0,False,140.5,False,False
warning_acid_base_balance,BAC_G::Nitrosomonas,Bacteria,2,0.0,0.0,True,129.0,False,False
warning_buffer_capacity,BAC_G::Nitrosomonas,Bacteria,2,0.0,0.0,True,141.5,False,False
warning_acid_accumulation,BAC_G::Nitrosomonas,Bacteria,2,0.0,0.0,True,138.0,False,False
warning_ammonia_toxicity,BAC_G::Nitrosomonas,Bacteria,2,0.0,0.0,True,147.0,False,False
warning_biogas_quality,BAC_G::Nitrosomonas,Bacteria,2,0.0,0.0,True,140.5,False,False
warning_acid_base_balance,BAC_G::OLB12,Bacteria,2,0.0,0.0,True,129.0,False,False
warning_buffer_capacity,BAC_G::OLB12,Bacteria,2,0.0,0.0,True,141.5,False,False
warning_acid_accumulation,BAC_G::OLB12,Bacteria,2,0.0,0.0,True,138.0,False,False
warning_ammonia_toxicity,BAC_G::OLB12,Bacteria,2,0.0,0.0,True,147.0,False,False
warning_biogas_quality,BAC_G::OLB12,Bacteria,2,0.0,0.0,True,140.5,False,False
warning_acid_base_balance,BAC_G::OLB8,Bacteria,2,0.0,0.0,True,129.0,False,False
warning_buffer_capacity,BAC_G::OLB8,Bacteria,2,0.0,0.0,True,141.5,False,False
warning_acid_accumulation,BAC_G::OLB8,Bacteria,2,0.0,0.0,True,138.0,False,False
warning_ammonia_toxicity,BAC_G::OLB8,Bacteria,2,0.0,0.0,True,147.0,False,False
warning_biogas_quality,BAC_G::OLB8,Bacteria,2,0.0,0.0,True,140.5,False,False
warning_acid_base_balance,BAC_G::Olsenella,Bacteria,2,0.0,0.0,True,129.0,False,False
warning_buffer_capacity,BAC_G::Olsenella,Bacteria,2,0.0,0.0,True,141.5,False,False
warning_acid_accumulation,BAC_G::Olsenella,Bacteria,2,0.0,0.0,True,138.0,False,False
warning_ammonia_toxicity,BAC_G::Olsenella,Bacteria,2,0.0,0.0,True,147.0,False,False
warning_biogas_quality,BAC_G::Olsenella,Bacteria,2,0.0,0.0,True,140.5,False,False
warning_acid_base_balance,BAC_G::Oscillospira,Bacteria,2,0.0,0.0,False,129.0,False,False
warning_buffer_capacity,BAC_G::Oscillospira,Bacteria,2,0.0,0.0,False,141.5,False,False
warning_acid_accumulation,BAC_G::Oscillospira,Bacteria,2,0.0,0.0,False,138.0,False,False
warning_ammonia_toxicity,BAC_G::Oscillospira,Bacteria,2,0.0,0.0,False,147.0,False,False
warning_biogas_quality,BAC_G::Oscillospira,Bacteria,2,0.0,0.0,False,140.5,False,False
warning_acid_base_balance,BAC_G::PB19,Bacteria,2,0.0,0.0,True,129.0,False,False
warning_buffer_capacity,BAC_G::PB19,Bacteria,2,0.0,0.0,True,141.5,False,False
warning_acid_accumulation,BAC_G::PB19,Bacteria,2,0.0,0.0,True,138.0,False,False
warning_ammonia_toxicity,BAC_G::PB19,Bacteria,2,0.0,0.0,True,147.0,False,False
warning_biogas_quality,BAC_G::PB19,Bacteria,2,0.0,0.0,True,140.5,False,False
warning_acid_base_balance,BAC_G::Paludibacter,Bacteria,2,0.0,0.0,True,129.0,False,False
warning_buffer_capacity,BAC_G::Paludibacter,Bacteria,2,0.0,0.0,True,141.5,False,False
warning_acid_accumulation,BAC_G::Paludibacter,Bacteria,2,0.0,0.0,True,138.0,False,False
warning_ammonia_toxicity,BAC_G::Paludibacter,Bacteria,2,0.0,0.0,True,147.0,False,False
warning_biogas_quality,BAC_G::Paludibacter,Bacteria,2,0.0,0.0,True,140.5,False,False
warning_acid_base_balance,BAC_G::Pantoea,Bacteria,2,0.0,0.0,False,129.0,False,False
warning_buffer_capacity,BAC_G::Pantoea,Bacteria,2,0.0,0.0,False,141.5,False,False
warning_acid_accumulation,BAC_G::Pantoea,Bacteria,2,0.0,0.0,False,138.0,False,False
warning_ammonia_toxicity,BAC_G::Pantoea,Bacteria,2,0.0,0.0,False,147.0,False,False
warning_biogas_quality,BAC_G::Pantoea,Bacteria,2,0.0,0.0,False,140.5,False,False
warning_acid_base_balance,BAC_G::Paracoccus,Bacteria,2,0.0,0.0,True,129.0,False,False
warning_buffer_capacity,BAC_G::Paracoccus,Bacteria,2,0.0,0.0,True,141.5,False,False
warning_acid_accumulation,BAC_G::Paracoccus,Bacteria,2,0.0,0.0,True,138.0,False,False
warning_ammonia_toxicity,BAC_G::Paracoccus,Bacteria,2,0.0,0.0,True,147.0,False,False
warning_biogas_quality,BAC_G::Paracoccus,Bacteria,2,0.0,0.0,True,140.5,False,False
warning_acid_base_balance,BAC_G::Pedosphaeraceae,Bacteria,2,0.0,0.0,True,129.0,False,False
warning_buffer_capacity,BAC_G::Pedosphaeraceae,Bacteria,2,0.0,0.0,True,141.5,False,False
warning_acid_accumulation,BAC_G::Pedosphaeraceae,Bacteria,2,0.0,0.0,True,138.0,False,False
warning_ammonia_toxicity,BAC_G::Pedosphaeraceae,Bacteria,2,0.0,0.0,True,147.0,False,False
warning_biogas_quality,BAC_G::Pedosphaeraceae,Bacteria,2,0.0,0.0,True,140.5,False,False
warning_acid_base_balance,BAC_G::Pelotomaculum,Bacteria,2,0.0,0.0,True,129.0,False,False
warning_buffer_capacity,BAC_G::Pelotomaculum,Bacteria,2,0.0,0.0,True,141.5,False,False
warning_acid_accumulation,BAC_G::Pelotomaculum,Bacteria,2,0.0,0.0,True,138.0,False,False
warning_ammonia_toxicity,BAC_G::Pelotomaculum,Bacteria,2,0.0,0.0,True,147.0,False,False
warning_biogas_quality,BAC_G::Pelotomaculum,Bacteria,2,0.0,0.0,True,140.5,False,False
warning_acid_base_balance,BAC_G::Petrimonas,Bacteria,2,0.0,0.0,True,129.0,False,False
warning_buffer_capacity,BAC_G::Petrimonas,Bacteria,2,0.0,0.0,True,141.5,False,False
warning_acid_accumulation,BAC_G::Petrimonas,Bacteria,2,0.0,0.0,True,138.0,False,False
warning_ammonia_toxicity,BAC_G::Petrimonas,Bacteria,2,0.0,0.0,True,147.0,False,False
warning_biogas_quality,BAC_G::Petrimonas,Bacteria,2,0.02501167133520075,0.0355757859164786,True,2.0,True,True
warning_acid_base_balance,BAC_G::Prevotella,Bacteria,2,-0.004592132905793893,0.00525128851629758,True,272.0,False,False
warning_buffer_capacity,BAC_G::Prevotella,Bacteria,2,-0.2920801083591331,0.12414249678124332,True,276.0,False,False
warning_acid_accumulation,BAC_G::Prevotella,Bacteria,2,0.0,0.0,True,138.0,False,False
warning_ammonia_toxicity,BAC_G::Prevotella,Bacteria,2,0.0,0.0,True,147.0,False,False
warning_biogas_quality,BAC_G::Prevotella,Bacteria,2,0.0,0.0,True,140.5,False,False
warning_acid_base_balance,BAC_G::Proteiniphilum,Bacteria,2,0.0,0.0,True,129.0,False,False
warning_buffer_capacity,BAC_G::Proteiniphilum,Bacteria,2,0.0,0.0,True,141.5,False,False
warning_acid_accumulation,BAC_G::Proteiniphilum,Bacteria,2,0.0,0.0,True,138.0,False,False
warning_ammonia_toxicity,BAC_G::Proteiniphilum,Bacteria,2,0.0,0.0,True,147.0,False,False
warning_biogas_quality,BAC_G::Proteiniphilum,Bacteria,2,0.0,0.0,True,140.5,False,False
warning_acid_base_balance,BAC_G::Proteocatella,Bacteria,2,0.0,0.0,True,129.0,False,False
warning_buffer_capacity,BAC_G::Proteocatella,Bacteria,2,0.0,0.0,True,141.5,False,False
warning_acid_accumulation,BAC_G::Proteocatella,Bacteria,2,0.0,0.0,True,138.0,False,False
warning_ammonia_toxicity,BAC_G::Proteocatella,Bacteria,2,0.0,0.0,True,147.0,False,False
warning_biogas_quality,BAC_G::Proteocatella,Bacteria,2,0.0,0.0,True,140.5,False,False
warning_acid_base_balance,BAC_G::Pseudomonas,Bacteria,2,0.0,0.0,True,129.0,False,False
warning_buffer_capacity,BAC_G::Pseudomonas,Bacteria,2,0.10849200206398349,0.04695668084599412,True,1.0,True,True
warning_acid_accumulation,BAC_G::Pseudomonas,Bacteria,2,0.0,0.0,True,138.0,False,False
warning_ammonia_toxicity,BAC_G::Pseudomonas,Bacteria,2,0.0,0.0,True,147.0,False,False
warning_biogas_quality,BAC_G::Pseudomonas,Bacteria,2,0.0,0.0,True,140.5,False,False
warning_acid_base_balance,BAC_G::Pseudoramibacter,Bacteria,2,0.0,0.0,False,129.0,False,False
warning_buffer_capacity,BAC_G::Pseudoramibacter,Bacteria,2,0.0,0.0,False,141.5,False,False
warning_acid_accumulation,BAC_G::Pseudoramibacter,Bacteria,2,0.0,0.0,False,138.0,False,False
warning_ammonia_toxicity,BAC_G::Pseudoramibacter,Bacteria,2,0.0,0.0,False,147.0,False,False
warning_biogas_quality,BAC_G::Pseudoramibacter,Bacteria,2,0.0,0.0,False,140.5,False,False
warning_acid_base_balance,BAC_G::RBG-16-49-21,Bacteria,2,0.0,0.0,True,129.0,False,False
warning_buffer_capacity,BAC_G::RBG-16-49-21,Bacteria,2,0.0,0.0,True,141.5,False,False
warning_acid_accumulation,BAC_G::RBG-16-49-21,Bacteria,2,0.0,0.0,True,138.0,False,False
warning_ammonia_toxicity,BAC_G::RBG-16-49-21,Bacteria,2,0.0,0.0,True,147.0,False,False
warning_biogas_quality,BAC_G::RBG-16-49-21,Bacteria,2,0.0,0.0,True,140.5,False,False
warning_acid_base_balance,BAC_G::Raoultibacter,Bacteria,2,0.0,0.0,False,129.0,False,False
warning_buffer_capacity,BAC_G::Raoultibacter,Bacteria,2,0.0,0.0,False,141.5,False,False
warning_acid_accumulation,BAC_G::Raoultibacter,Bacteria,2,0.0,0.0,False,138.0,False,False
warning_ammonia_toxicity,BAC_G::Raoultibacter,Bacteria,2,0.0,0.0,False,147.0,False,False
warning_biogas_quality,BAC_G::Raoultibacter,Bacteria,2,0.0,0.0,False,140.5,False,False
warning_acid_base_balance,BAC_G::Rhodobacter,Bacteria,2,0.0,0.0,True,129.0,False,False
warning_buffer_capacity,BAC_G::Rhodobacter,Bacteria,2,0.0,0.0,True,141.5,False,False
warning_acid_accumulation,BAC_G::Rhodobacter,Bacteria,2,0.0,0.0,True,138.0,False,False
warning_ammonia_toxicity,BAC_G::Rhodobacter,Bacteria,2,0.0,0.0,True,147.0,False,False
warning_biogas_quality,BAC_G::Rhodobacter,Bacteria,2,0.0,0.0,True,140.5,False,False
warning_acid_base_balance,BAC_G::Ruminiclostridium,Bacteria,2,0.0,0.0,True,129.0,False,False
warning_buffer_capacity,BAC_G::Ruminiclostridium,Bacteria,2,0.0,0.0,True,141.5,False,False
warning_acid_accumulation,BAC_G::Ruminiclostridium,Bacteria,2,0.0,0.0,True,138.0,False,False
warning_ammonia_toxicity,BAC_G::Ruminiclostridium,Bacteria,2,0.0,0.0,True,147.0,False,False
warning_biogas_quality,BAC_G::Ruminiclostridium,Bacteria,2,0.0,0.0,True,140.5,False,False
warning_acid_base_balance,BAC_G::Ruminococcus,Bacteria,2,0.0,0.0,True,129.0,False,False
warning_buffer_capacity,BAC_G::Ruminococcus,Bacteria,2,0.0,0.0,True,141.5,False,False
warning_acid_accumulation,BAC_G::Ruminococcus,Bacteria,2,0.0,0.0,True,138.0,False,False
warning_ammonia_toxicity,BAC_G::Ruminococcus,Bacteria,2,0.0,0.0,True,147.0,False,False
warning_biogas_quality,BAC_G::Ruminococcus,Bacteria,2,0.0,0.0,True,140.5,False,False
warning_acid_base_balance,BAC_G::SBR1031,Bacteria,2,0.0,0.0,True,129.0,False,False
warning_buffer_capacity,BAC_G::SBR1031,Bacteria,2,0.0,0.0,True,141.5,False,False
warning_acid_accumulation,BAC_G::SBR1031,Bacteria,2,0.0,0.0,True,138.0,False,False
warning_ammonia_toxicity,BAC_G::SBR1031,Bacteria,2,0.0,0.0,True,147.0,False,False
warning_biogas_quality,BAC_G::SBR1031,Bacteria,2,0.0,0.0,True,140.5,False,False
warning_acid_base_balance,BAC_G::SC-I-84,Bacteria,2,0.0,0.0,True,129.0,False,False
warning_buffer_capacity,BAC_G::SC-I-84,Bacteria,2,0.0,0.0,True,141.5,False,False
warning_acid_accumulation,BAC_G::SC-I-84,Bacteria,2,0.0,0.0,True,138.0,False,False
warning_ammonia_toxicity,BAC_G::SC-I-84,Bacteria,2,0.0,0.0,True,147.0,False,False
warning_biogas_quality,BAC_G::SC-I-84,Bacteria,2,0.0,0.0,True,140.5,False,False
warning_acid_base_balance,BAC_G::SC103,Bacteria,2,0.0,0.0,True,129.0,False,False
warning_buffer_capacity,BAC_G::SC103,Bacteria,2,0.0,0.0,True,141.5,False,False
warning_acid_accumulation,BAC_G::SC103,Bacteria,2,0.0,0.0,True,138.0,False,False
warning_ammonia_toxicity,BAC_G::SC103,Bacteria,2,0.0,0.0,True,147.0,False,False
warning_biogas_quality,BAC_G::SC103,Bacteria,2,0.0,0.0,True,140.5,False,False
warning_acid_base_balance,BAC_G::SJA-15,Bacteria,2,0.0,0.0,True,129.0,False,False
warning_buffer_capacity,BAC_G::SJA-15,Bacteria,2,0.0,0.0,True,141.5,False,False
warning_acid_accumulation,BAC_G::SJA-15,Bacteria,2,0.0,0.0,True,138.0,False,False
warning_ammonia_toxicity,BAC_G::SJA-15,Bacteria,2,0.0,0.0,True,147.0,False,False
warning_biogas_quality,BAC_G::SJA-15,Bacteria,2,0.0,0.0,True,140.5,False,False
warning_acid_base_balance,BAC_G::SJA-28,Bacteria,2,0.0,0.0,True,129.0,False,False
warning_buffer_capacity,BAC_G::SJA-28,Bacteria,2,0.0,0.0,True,141.5,False,False
warning_acid_accumulation,BAC_G::SJA-28,Bacteria,2,0.0,0.0,True,138.0,False,False
warning_ammonia_toxicity,BAC_G::SJA-28,Bacteria,2,0.0,0.0,True,147.0,False,False
warning_biogas_quality,BAC_G::SJA-28,Bacteria,2,0.0,0.0,True,140.5,False,False
warning_acid_base_balance,BAC_G::ST-12K33,Bacteria,2,0.0,0.0,True,129.0,False,False
warning_buffer_capacity,BAC_G::ST-12K33,Bacteria,2,0.0,0.0,True,141.5,False,False
warning_acid_accumulation,BAC_G::ST-12K33,Bacteria,2,0.0,0.0,True,138.0,False,False
warning_ammonia_toxicity,BAC_G::ST-12K33,Bacteria,2,0.0,0.0,True,147.0,False,False
warning_biogas_quality,BAC_G::ST-12K33,Bacteria,2,0.0,0.0,True,140.5,False,False
warning_acid_base_balance,BAC_G::Saccharofermentans,Bacteria,2,0.0,0.0,True,129.0,False,False
warning_buffer_capacity,BAC_G::Saccharofermentans,Bacteria,2,0.0,0.0,True,141.5,False,False
warning_acid_accumulation,BAC_G::Saccharofermentans,Bacteria,2,0.0,0.0,True,138.0,False,False
warning_ammonia_toxicity,BAC_G::Saccharofermentans,Bacteria,2,0.0,0.0,True,147.0,False,False
warning_biogas_quality,BAC_G::Saccharofermentans,Bacteria,2,0.0,0.0,True,140.5,False,False
warning_acid_base_balance,BAC_G::Sedimentibacter,Bacteria,2,0.0,0.0,True,129.0,False,False
warning_buffer_capacity,BAC_G::Sedimentibacter,Bacteria,2,0.010416666666666664,0.01851090242997163,True,6.0,True,True
warning_acid_accumulation,BAC_G::Sedimentibacter,Bacteria,2,0.0,0.0,True,138.0,False,False
warning_ammonia_toxicity,BAC_G::Sedimentibacter,Bacteria,2,0.0,0.0,True,147.0,False,False
warning_biogas_quality,BAC_G::Sedimentibacter,Bacteria,2,0.0,0.0,True,140.5,False,False
warning_acid_base_balance,BAC_G::Shuttleworthia,Bacteria,2,0.0,0.0,True,129.0,False,False
warning_buffer_capacity,BAC_G::Shuttleworthia,Bacteria,2,0.0,0.0,True,141.5,False,False
warning_acid_accumulation,BAC_G::Shuttleworthia,Bacteria,2,0.0,0.0,True,138.0,False,False
warning_ammonia_toxicity,BAC_G::Shuttleworthia,Bacteria,2,0.0,0.0,True,147.0,False,False
warning_biogas_quality,BAC_G::Shuttleworthia,Bacteria,2,0.0,0.0,True,140.5,False,False
warning_acid_base_balance,BAC_G::Simplicispira,Bacteria,2,0.0,0.0,True,129.0,False,False
warning_buffer_capacity,BAC_G::Simplicispira,Bacteria,2,0.0,0.0,True,141.5,False,False
warning_acid_accumulation,BAC_G::Simplicispira,Bacteria,2,0.0,0.0,True,138.0,False,False
warning_ammonia_toxicity,BAC_G::Simplicispira,Bacteria,2,0.0,0.0,True,147.0,False,False
warning_biogas_quality,BAC_G::Simplicispira,Bacteria,2,0.0,0.0,True,140.5,False,False
warning_acid_base_balance,BAC_G::Smithella,Bacteria,2,0.0,0.0,True,129.0,False,False
warning_buffer_capacity,BAC_G::Smithella,Bacteria,2,0.0,0.0,True,141.5,False,False
warning_acid_accumulation,BAC_G::Smithella,Bacteria,2,0.0,0.0,True,138.0,False,False
warning_ammonia_toxicity,BAC_G::Smithella,Bacteria,2,0.0,0.0,True,147.0,False,False
warning_biogas_quality,BAC_G::Smithella,Bacteria,2,0.0,0.0,True,140.5,False,False
warning_acid_base_balance,BAC_G::Sphaerochaeta,Bacteria,2,0.0,0.0,True,129.0,False,False
warning_buffer_capacity,BAC_G::Sphaerochaeta,Bacteria,2,0.01575507395940832,0.021189486127223354,True,4.0,True,True
warning_acid_accumulation,BAC_G::Sphaerochaeta,Bacteria,2,0.0,0.0,True,138.0,False,False
warning_ammonia_toxicity,BAC_G::Sphaerochaeta,Bacteria,2,0.0,0.0,True,147.0,False,False
warning_biogas_quality,BAC_G::Sphaerochaeta,Bacteria,2,0.0,0.0,True,140.5,False,False
warning_acid_base_balance,BAC_G::Stenotrophomonas,Bacteria,2,0.0,0.0,False,129.0,False,False
warning_buffer_capacity,BAC_G::Stenotrophomonas,Bacteria,2,0.0,0.0,False,141.5,False,False
warning_acid_accumulation,BAC_G::Stenotrophomonas,Bacteria,2,0.0,0.0,False,138.0,False,False
warning_ammonia_toxicity,BAC_G::Stenotrophomonas,Bacteria,2,0.0,0.0,False,147.0,False,False
warning_biogas_quality,BAC_G::Stenotrophomonas,Bacteria,2,0.0,0.0,False,140.5,False,False
warning_acid_base_balance,BAC_G::Sterolibacterium,Bacteria,2,0.0,0.0,True,129.0,False,False
warning_buffer_capacity,BAC_G::Sterolibacterium,Bacteria,2,0.0,0.0,True,141.5,False,False
warning_acid_accumulation,BAC_G::Sterolibacterium,Bacteria,2,0.0,0.0,True,138.0,False,False
warning_ammonia_toxicity,BAC_G::Sterolibacterium,Bacteria,2,0.0,0.0,True,147.0,False,False
warning_biogas_quality,BAC_G::Sterolibacterium,Bacteria,2,0.0,0.0,True,140.5,False,False
warning_acid_base_balance,BAC_G::Streptococcus,Bacteria,2,-0.0010416666666666658,0.004658474953124558,True,259.5,False,False
warning_buffer_capacity,BAC_G::Streptococcus,Bacteria,2,0.0,0.0,True,141.5,False,False
warning_acid_accumulation,BAC_G::Streptococcus,Bacteria,2,0.0,0.0,True,138.0,False,False
warning_ammonia_toxicity,BAC_G::Streptococcus,Bacteria,2,0.03166666666666671,0.007453559924999311,True,4.0,True,True
warning_biogas_quality,BAC_G::Streptococcus,Bacteria,2,-0.013988095238095211,0.012704203853855997,True,276.0,False,False
warning_acid_base_balance,BAC_G::Sutterella,Bacteria,2,0.0,0.0,False,129.0,False,False
warning_buffer_capacity,BAC_G::Sutterella,Bacteria,2,0.0,0.0,False,141.5,False,False
warning_acid_accumulation,BAC_G::Sutterella,Bacteria,2,0.0,0.0,False,138.0,False,False
warning_ammonia_toxicity,BAC_G::Sutterella,Bacteria,2,0.0,0.0,False,147.0,False,False
warning_biogas_quality,BAC_G::Sutterella,Bacteria,2,0.0,0.0,False,140.5,False,False
warning_acid_base_balance,BAC_G::Syner-01,Bacteria,2,0.0,0.0,True,129.0,False,False
warning_buffer_capacity,BAC_G::Syner-01,Bacteria,2,0.0,0.0,True,141.5,False,False
warning_acid_accumulation,BAC_G::Syner-01,Bacteria,2,0.0,0.0,True,138.0,False,False
warning_ammonia_toxicity,BAC_G::Syner-01,Bacteria,2,0.0,0.0,True,147.0,False,False
warning_biogas_quality,BAC_G::Syner-01,Bacteria,2,0.0,0.0,True,140.5,False,False
warning_acid_base_balance,BAC_G::Syntrophaceticus,Bacteria,2,0.0,0.0,True,129.0,False,False
warning_buffer_capacity,BAC_G::Syntrophaceticus,Bacteria,2,0.0,0.0,True,141.5,False,False
warning_acid_accumulation,BAC_G::Syntrophaceticus,Bacteria,2,0.0,0.0,True,138.0,False,False
warning_ammonia_toxicity,BAC_G::Syntrophaceticus,Bacteria,2,0.0,0.0,True,147.0,False,False
warning_biogas_quality,BAC_G::Syntrophaceticus,Bacteria,2,0.0,0.0,True,140.5,False,False
warning_acid_base_balance,BAC_G::Syntrophobacter,Bacteria,2,0.0,0.0,True,129.0,False,False
warning_buffer_capacity,BAC_G::Syntrophobacter,Bacteria,2,0.0,0.0,True,141.5,False,False
warning_acid_accumulation,BAC_G::Syntrophobacter,Bacteria,2,0.0,0.0,True,138.0,False,False
warning_ammonia_toxicity,BAC_G::Syntrophobacter,Bacteria,2,0.0,0.0,True,147.0,False,False
warning_biogas_quality,BAC_G::Syntrophobacter,Bacteria,2,0.0,0.0,True,140.5,False,False
warning_acid_base_balance,BAC_G::Syntrophococcus,Bacteria,2,0.0,0.0,True,129.0,False,False
warning_buffer_capacity,BAC_G::Syntrophococcus,Bacteria,2,0.0,0.0,True,141.5,False,False
warning_acid_accumulation,BAC_G::Syntrophococcus,Bacteria,2,0.0,0.0,True,138.0,False,False
warning_ammonia_toxicity,BAC_G::Syntrophococcus,Bacteria,2,0.005000000000000007,0.012211584951084126,True,11.0,False,True
warning_biogas_quality,BAC_G::Syntrophococcus,Bacteria,2,0.0,0.0,True,140.5,False,False
warning_acid_base_balance,BAC_G::Syntrophomonas,Bacteria,2,0.0,0.0,True,129.0,False,False
warning_buffer_capacity,BAC_G::Syntrophomonas,Bacteria,2,0.0,0.0,True,141.5,False,False
warning_acid_accumulation,BAC_G::Syntrophomonas,Bacteria,2,0.0,0.0,True,138.0,False,False
warning_ammonia_toxicity,BAC_G::Syntrophomonas,Bacteria,2,0.0,0.0,True,147.0,False,False
warning_biogas_quality,BAC_G::Syntrophomonas,Bacteria,2,0.0,0.0,True,140.5,False,False
warning_acid_base_balance,BAC_G::Syntrophorhabdus,Bacteria,2,0.0,0.0,True,129.0,False,False
warning_buffer_capacity,BAC_G::Syntrophorhabdus,Bacteria,2,0.0,0.0,True,141.5,False,False
warning_acid_accumulation,BAC_G::Syntrophorhabdus,Bacteria,2,0.0,0.0,True,138.0,False,False
warning_ammonia_toxicity,BAC_G::Syntrophorhabdus,Bacteria,2,0.0,0.0,True,147.0,False,False
warning_biogas_quality,BAC_G::Syntrophorhabdus,Bacteria,2,0.0,0.0,True,140.5,False,False
warning_acid_base_balance,BAC_G::Syntrophus,Bacteria,2,0.0,0.0,True,129.0,False,False
warning_buffer_capacity,BAC_G::Syntrophus,Bacteria,2,0.0,0.0,True,141.5,False,False
warning_acid_accumulation,BAC_G::Syntrophus,Bacteria,2,0.0,0.0,True,138.0,False,False
warning_ammonia_toxicity,BAC_G::Syntrophus,Bacteria,2,0.0,0.0,True,147.0,False,False
warning_biogas_quality,BAC_G::Syntrophus,Bacteria,2,0.0,0.0,True,140.5,False,False
warning_acid_base_balance,BAC_G::TTA-B1,Bacteria,2,0.0,0.0,True,129.0,False,False
warning_buffer_capacity,BAC_G::TTA-B1,Bacteria,2,0.0,0.0,True,141.5,False,False
warning_acid_accumulation,BAC_G::TTA-B1,Bacteria,2,0.0,0.0,True,138.0,False,False
warning_ammonia_toxicity,BAC_G::TTA-B1,Bacteria,2,0.0,0.0,True,147.0,False,False
warning_biogas_quality,BAC_G::TTA-B1,Bacteria,2,0.0,0.0,True,140.5,False,False
warning_acid_base_balance,BAC_G::Tepidimicrobium,Bacteria,2,0.0,0.0,True,129.0,False,False
warning_buffer_capacity,BAC_G::Tepidimicrobium,Bacteria,2,0.0,0.0,True,141.5,False,False
warning_acid_accumulation,BAC_G::Tepidimicrobium,Bacteria,2,0.0,0.0,True,138.0,False,False
warning_ammonia_toxicity,BAC_G::Tepidimicrobium,Bacteria,2,0.0,0.0,True,147.0,False,False
warning_biogas_quality,BAC_G::Tepidimicrobium,Bacteria,2,0.0,0.0,True,140.5,False,False
warning_acid_base_balance,BAC_G::Terrimonas,Bacteria,2,0.0,0.0,True,129.0,False,False
warning_buffer_capacity,BAC_G::Terrimonas,Bacteria,2,0.0,0.0,True,141.5,False,False
warning_acid_accumulation,BAC_G::Terrimonas,Bacteria,2,0.0,0.0,True,138.0,False,False
warning_ammonia_toxicity,BAC_G::Terrimonas,Bacteria,2,0.0,0.0,True,147.0,False,False
warning_biogas_quality,BAC_G::Terrimonas,Bacteria,2,0.0,0.0,True,140.5,False,False
warning_acid_base_balance,BAC_G::Tetrasphaera,Bacteria,2,0.0,0.0,True,129.0,False,False
warning_buffer_capacity,BAC_G::Tetrasphaera,Bacteria,2,0.0,0.0,True,141.5,False,False
warning_acid_accumulation,BAC_G::Tetrasphaera,Bacteria,2,0.0,0.0,True,138.0,False,False
warning_ammonia_toxicity,BAC_G::Tetrasphaera,Bacteria,2,0.0,0.0,True,147.0,False,False
warning_biogas_quality,BAC_G::Tetrasphaera,Bacteria,2,0.0,0.0,True,140.5,False,False
warning_acid_base_balance,BAC_G::Thauera,Bacteria,2,0.0,0.0,True,129.0,False,False
warning_buffer_capacity,BAC_G::Thauera,Bacteria,2,0.0,0.0,True,141.5,False,False
warning_acid_accumulation,BAC_G::Thauera,Bacteria,2,0.0,0.0,True,138.0,False,False
warning_ammonia_toxicity,BAC_G::Thauera,Bacteria,2,0.0,0.0,True,147.0,False,False
warning_biogas_quality,BAC_G::Thauera,Bacteria,2,0.0,0.0,True,140.5,False,False
warning_acid_base_balance,BAC_G::Thermoanaerobaculum,Bacteria,2,0.0,0.0,True,129.0,False,False
warning_buffer_capacity,BAC_G::Thermoanaerobaculum,Bacteria,2,0.0,0.0,True,141.5,False,False
warning_acid_accumulation,BAC_G::Thermoanaerobaculum,Bacteria,2,0.0,0.0,True,138.0,False,False
warning_ammonia_toxicity,BAC_G::Thermoanaerobaculum,Bacteria,2,0.0,0.0,True,147.0,False,False
warning_biogas_quality,BAC_G::Thermoanaerobaculum,Bacteria,2,0.0,0.0,True,140.5,False,False
warning_acid_base_balance,BAC_G::Thermomonas,Bacteria,2,0.0,0.0,True,129.0,False,False
warning_buffer_capacity,BAC_G::Thermomonas,Bacteria,2,0.0,0.0,True,141.5,False,False
warning_acid_accumulation,BAC_G::Thermomonas,Bacteria,2,0.0,0.0,True,138.0,False,False
warning_ammonia_toxicity,BAC_G::Thermomonas,Bacteria,2,0.0,0.0,True,147.0,False,False
warning_biogas_quality,BAC_G::Thermomonas,Bacteria,2,0.0,0.0,True,140.5,False,False
warning_acid_base_balance,BAC_G::Thermovirga,Bacteria,2,0.0,0.0,True,129.0,False,False
warning_buffer_capacity,BAC_G::Thermovirga,Bacteria,2,0.0,0.0,True,141.5,False,False
warning_acid_accumulation,BAC_G::Thermovirga,Bacteria,2,0.0,0.0,True,138.0,False,False
warning_ammonia_toxicity,BAC_G::Thermovirga,Bacteria,2,0.0,0.0,True,147.0,False,False
warning_biogas_quality,BAC_G::Thermovirga,Bacteria,2,0.0,0.0,True,140.5,False,False
warning_acid_base_balance,BAC_G::Thermus,Bacteria,2,0.0,0.0,False,129.0,False,False
warning_buffer_capacity,BAC_G::Thermus,Bacteria,2,0.0,0.0,False,141.5,False,False
warning_acid_accumulation,BAC_G::Thermus,Bacteria,2,0.0,0.0,False,138.0,False,False
warning_ammonia_toxicity,BAC_G::Thermus,Bacteria,2,0.0,0.0,False,147.0,False,False
warning_biogas_quality,BAC_G::Thermus,Bacteria,2,0.0,0.0,False,140.5,False,False
warning_acid_base_balance,BAC_G::Tissierella,Bacteria,2,0.0,0.0,True,129.0,False,False
warning_buffer_capacity,BAC_G::Tissierella,Bacteria,2,0.006249999999999999,0.01526448118885513,True,10.0,True,True
warning_acid_accumulation,BAC_G::Tissierella,Bacteria,2,0.0,0.0,True,138.0,False,False
warning_ammonia_toxicity,BAC_G::Tissierella,Bacteria,2,0.0,0.0,True,147.0,False,False
warning_biogas_quality,BAC_G::Tissierella,Bacteria,2,0.0,0.0,True,140.5,False,False
warning_acid_base_balance,BAC_G::Treponema,Bacteria,2,0.0,0.0,False,129.0,False,False
warning_buffer_capacity,BAC_G::Treponema,Bacteria,2,0.0,0.0,False,141.5,False,False
warning_acid_accumulation,BAC_G::Treponema,Bacteria,2,0.0,0.0,False,138.0,False,False
warning_ammonia_toxicity,BAC_G::Treponema,Bacteria,2,0.0,0.0,False,147.0,False,False
warning_biogas_quality,BAC_G::Treponema,Bacteria,2,0.0,0.0,False,140.5,False,False
warning_acid_base_balance,BAC_G::Truepera,Bacteria,2,0.0,0.0,False,129.0,False,False
warning_buffer_capacity,BAC_G::Truepera,Bacteria,2,0.0,0.0,False,141.5,False,False
warning_acid_accumulation,BAC_G::Truepera,Bacteria,2,0.0,0.0,False,138.0,False,False
warning_ammonia_toxicity,BAC_G::Truepera,Bacteria,2,0.0,0.0,False,147.0,False,False
warning_biogas_quality,BAC_G::Truepera,Bacteria,2,0.0,0.0,False,140.5,False,False
warning_acid_base_balance,BAC_G::UCG-010,Bacteria,2,0.0,0.0,True,129.0,False,False
warning_buffer_capacity,BAC_G::UCG-010,Bacteria,2,0.0,0.0,True,141.5,False,False
warning_acid_accumulation,BAC_G::UCG-010,Bacteria,2,0.0,0.0,True,138.0,False,False
warning_ammonia_toxicity,BAC_G::UCG-010,Bacteria,2,0.0,0.0,True,147.0,False,False
warning_biogas_quality,BAC_G::UCG-010,Bacteria,2,0.0,0.0,True,140.5,False,False
warning_acid_base_balance,BAC_G::W27,Bacteria,2,0.0,0.0,True,129.0,False,False
warning_buffer_capacity,BAC_G::W27,Bacteria,2,0.0,0.0,True,141.5,False,False
warning_acid_accumulation,BAC_G::W27,Bacteria,2,0.0,0.0,True,138.0,False,False
warning_ammonia_toxicity,BAC_G::W27,Bacteria,2,0.0,0.0,True,147.0,False,False
warning_biogas_quality,BAC_G::W27,Bacteria,2,0.0,0.0,True,140.5,False,False
warning_acid_base_balance,BAC_G::W5,Bacteria,2,-0.0020833333333333316,0.006412364700532207,True,263.5,False,False
warning_buffer_capacity,BAC_G::W5,Bacteria,2,0.0,0.0,True,141.5,False,False
warning_acid_accumulation,BAC_G::W5,Bacteria,2,0.0,0.0,True,138.0,False,False
warning_ammonia_toxicity,BAC_G::W5,Bacteria,2,0.0,0.0,True,147.0,False,False
warning_biogas_quality,BAC_G::W5,Bacteria,2,0.0,0.0,True,140.5,False,False
warning_acid_base_balance,BAC_G::W5053,Bacteria,2,0.0,0.0,True,129.0,False,False
warning_buffer_capacity,BAC_G::W5053,Bacteria,2,0.0,0.0,True,141.5,False,False
warning_acid_accumulation,BAC_G::W5053,Bacteria,2,0.0,0.0,True,138.0,False,False
warning_ammonia_toxicity,BAC_G::W5053,Bacteria,2,0.030000000000000044,0.010259783520851554,True,5.0,True,True
warning_biogas_quality,BAC_G::W5053,Bacteria,2,0.0,0.0,True,140.5,False,False
warning_acid_base_balance,BAC_G::WCHB1-02,Bacteria,2,0.0,0.0,True,129.0,False,False
warning_buffer_capacity,BAC_G::WCHB1-02,Bacteria,2,0.0,0.0,True,141.5,False,False
warning_acid_accumulation,BAC_G::WCHB1-02,Bacteria,2,0.0,0.0,True,138.0,False,False
warning_ammonia_toxicity,BAC_G::WCHB1-02,Bacteria,2,0.0,0.0,True,147.0,False,False
warning_biogas_quality,BAC_G::WCHB1-02,Bacteria,2,0.0,0.0,True,140.5,False,False
warning_acid_base_balance,BAC_G::WCHB1-41,Bacteria,2,0.0,0.0,True,129.0,False,False
warning_buffer_capacity,BAC_G::WCHB1-41,Bacteria,2,0.0,0.0,True,141.5,False,False
warning_acid_accumulation,BAC_G::WCHB1-41,Bacteria,2,0.0,0.0,True,138.0,False,False
warning_ammonia_toxicity,BAC_G::WCHB1-41,Bacteria,2,0.0,0.0,True,147.0,False,False
warning_biogas_quality,BAC_G::WCHB1-41,Bacteria,2,0.0,0.0,True,140.5,False,False
warning_acid_base_balance,BAC_G::WCHB1-81,Bacteria,2,0.0,0.0,True,129.0,False,False
warning_buffer_capacity,BAC_G::WCHB1-81,Bacteria,2,0.0,0.0,True,141.5,False,False
warning_acid_accumulation,BAC_G::WCHB1-81,Bacteria,2,0.0,0.0,True,138.0,False,False
warning_ammonia_toxicity,BAC_G::WCHB1-81,Bacteria,2,0.0,0.0,True,147.0,False,False
warning_biogas_quality,BAC_G::WCHB1-81,Bacteria,2,0.0,0.0,True,140.5,False,False
warning_acid_base_balance,BAC_G::Zoogloea,Bacteria,2,0.0,0.0,True,129.0,False,False
warning_buffer_capacity,BAC_G::Zoogloea,Bacteria,2,0.0,0.0,True,141.5,False,False
warning_acid_accumulation,BAC_G::Zoogloea,Bacteria,2,0.0,0.0,True,138.0,False,False
warning_ammonia_toxicity,BAC_G::Zoogloea,Bacteria,2,0.0,0.0,True,147.0,False,False
warning_biogas_quality,BAC_G::Zoogloea,Bacteria,2,0.0,0.0,True,140.5,False,False
warning_acid_base_balance,BAC_G::p-251-o5,Bacteria,2,0.0,0.0,True,129.0,False,False
warning_buffer_capacity,BAC_G::p-251-o5,Bacteria,2,0.0,0.0,True,141.5,False,False
warning_acid_accumulation,BAC_G::p-251-o5,Bacteria,2,0.0,0.0,True,138.0,False,False
warning_ammonia_toxicity,BAC_G::p-251-o5,Bacteria,2,0.0,0.0,True,147.0,False,False
warning_biogas_quality,BAC_G::p-251-o5,Bacteria,2,0.0,0.0,True,140.5,False,False
warning_acid_base_balance,BAC_G::unidentified,Bacteria,2,0.0,0.0,True,129.0,False,False
warning_buffer_capacity,BAC_G::unidentified,Bacteria,2,0.0,0.0,True,141.5,False,False
warning_acid_accumulation,BAC_G::unidentified,Bacteria,2,0.0,0.0,True,138.0,False,False
warning_ammonia_toxicity,BAC_G::unidentified,Bacteria,2,0.0,0.0,True,147.0,False,False
warning_biogas_quality,BAC_G::unidentified,Bacteria,2,0.0,0.0,True,140.5,False,False
warning_acid_base_balance,ARC_P::Aenigmarchaeota,Archaea,2,0.0,0.0,True,129.0,False,False
warning_buffer_capacity,ARC_P::Aenigmarchaeota,Archaea,2,0.0,0.0,True,141.5,False,False
warning_acid_accumulation,ARC_P::Aenigmarchaeota,Archaea,2,0.0,0.0,True,138.0,False,False
warning_ammonia_toxicity,ARC_P::Aenigmarchaeota,Archaea,2,0.0,0.0,True,147.0,False,False
warning_biogas_quality,ARC_P::Aenigmarchaeota,Archaea,2,0.0,0.0,True,140.5,False,False
warning_acid_base_balance,ARC_P::Asgardarchaeota,Archaea,2,0.0,0.0,True,129.0,False,False
warning_buffer_capacity,ARC_P::Asgardarchaeota,Archaea,2,0.0,0.0,True,141.5,False,False
warning_acid_accumulation,ARC_P::Asgardarchaeota,Archaea,2,0.0,0.0,True,138.0,False,False
warning_ammonia_toxicity,ARC_P::Asgardarchaeota,Archaea,2,0.0,0.0,True,147.0,False,False
warning_biogas_quality,ARC_P::Asgardarchaeota,Archaea,2,0.0,0.0,True,140.5,False,False
warning_acid_base_balance,ARC_P::Crenarchaeota,Archaea,2,0.0,0.0,True,129.0,False,False
warning_buffer_capacity,ARC_P::Crenarchaeota,Archaea,2,0.0,0.0,True,141.5,False,False
warning_acid_accumulation,ARC_P::Crenarchaeota,Archaea,2,0.0,0.0,True,138.0,False,False
warning_ammonia_toxicity,ARC_P::Crenarchaeota,Archaea,2,0.0,0.0,True,147.0,False,False
warning_biogas_quality,ARC_P::Crenarchaeota,Archaea,2,0.0,0.0,True,140.5,False,False
warning_acid_base_balance,ARC_P::Cryptomycota,Archaea,2,0.0,0.0,True,129.0,False,False
warning_buffer_capacity,ARC_P::Cryptomycota,Archaea,2,0.0,0.0,True,141.5,False,False
warning_acid_accumulation,ARC_P::Cryptomycota,Archaea,2,0.0,0.0,True,138.0,False,False
warning_ammonia_toxicity,ARC_P::Cryptomycota,Archaea,2,0.0,0.0,True,147.0,False,False
warning_biogas_quality,ARC_P::Cryptomycota,Archaea,2,0.0,0.0,True,140.5,False,False
warning_acid_base_balance,ARC_P::Euryarchaeota,Archaea,2,0.0,0.0,True,129.0,False,False
warning_buffer_capacity,ARC_P::Euryarchaeota,Archaea,2,0.0,0.0,True,141.5,False,False
warning_acid_accumulation,ARC_P::Euryarchaeota,Archaea,2,0.0,0.0,True,138.0,False,False
warning_ammonia_toxicity,ARC_P::Euryarchaeota,Archaea,2,0.0,0.0,True,147.0,False,False
warning_biogas_quality,ARC_P::Euryarchaeota,Archaea,2,0.0,0.0,True,140.5,False,False
warning_acid_base_balance,ARC_P::Hadarchaeota,Archaea,2,0.0,0.0,True,129.0,False,False
warning_buffer_capacity,ARC_P::Hadarchaeota,Archaea,2,0.0,0.0,True,141.5,False,False
warning_acid_accumulation,ARC_P::Hadarchaeota,Archaea,2,0.0,0.0,True,138.0,False,False
warning_ammonia_toxicity,ARC_P::Hadarchaeota,Archaea,2,0.0,0.0,True,147.0,False,False
warning_biogas_quality,ARC_P::Hadarchaeota,Archaea,2,0.0,0.0,True,140.5,False,False
warning_acid_base_balance,ARC_P::Halobacterota,Archaea,2,0.0,0.0,True,129.0,False,False
warning_buffer_capacity,ARC_P::Halobacterota,Archaea,2,0.0,0.0,True,141.5,False,False
warning_acid_accumulation,ARC_P::Halobacterota,Archaea,2,0.0,0.0,True,138.0,False,False
warning_ammonia_toxicity,ARC_P::Halobacterota,Archaea,2,0.0,0.0,True,147.0,False,False
warning_biogas_quality,ARC_P::Halobacterota,Archaea,2,0.0,0.0,True,140.5,False,False
warning_acid_base_balance,ARC_P::Holozoa,Archaea,2,0.0,0.0,True,129.0,False,False
warning_buffer_capacity,ARC_P::Holozoa,Archaea,2,0.0,0.0,True,141.5,False,False
warning_acid_accumulation,ARC_P::Holozoa,Archaea,2,0.0,0.0,True,138.0,False,False
warning_ammonia_toxicity,ARC_P::Holozoa,Archaea,2,0.0,0.0,True,147.0,False,False
warning_biogas_quality,ARC_P::Holozoa,Archaea,2,0.0,0.0,True,140.5,False,False
warning_acid_base_balance,ARC_P::Iainarchaeota,Archaea,2,0.0,0.0,True,129.0,False,False
warning_buffer_capacity,ARC_P::Iainarchaeota,Archaea,2,0.0,0.0,True,141.5,False,False
warning_acid_accumulation,ARC_P::Iainarchaeota,Archaea,2,0.0,0.0,True,138.0,False,False
warning_ammonia_toxicity,ARC_P::Iainarchaeota,Archaea,2,0.0,0.0,True,147.0,False,False
warning_biogas_quality,ARC_P::Iainarchaeota,Archaea,2,0.0,0.0,True,140.5,False,False
warning_acid_base_balance,ARC_P::Micrarchaeota,Archaea,2,0.0,0.0,True,129.0,False,False
warning_buffer_capacity,ARC_P::Micrarchaeota,Archaea,2,0.0,0.0,True,141.5,False,False
warning_acid_accumulation,ARC_P::Micrarchaeota,Archaea,2,0.0,0.0,True,138.0,False,False
warning_ammonia_toxicity,ARC_P::Micrarchaeota,Archaea,2,0.0,0.0,True,147.0,False,False
warning_biogas_quality,ARC_P::Micrarchaeota,Archaea,2,0.0,0.0,True,140.5,False,False
warning_acid_base_balance,ARC_P::Mollusca,Archaea,2,0.0,0.0,False,129.0,False,False
warning_buffer_capacity,ARC_P::Mollusca,Archaea,2,0.0,0.0,False,141.5,False,False
warning_acid_accumulation,ARC_P::Mollusca,Archaea,2,0.0,0.0,False,138.0,False,False
warning_ammonia_toxicity,ARC_P::Mollusca,Archaea,2,0.0,0.0,False,147.0,False,False
warning_biogas_quality,ARC_P::Mollusca,Archaea,2,0.0,0.0,False,140.5,False,False
warning_acid_base_balance,ARC_P::Nanoarchaeota,Archaea,2,0.0,0.0,True,129.0,False,False
warning_buffer_capacity,ARC_P::Nanoarchaeota,Archaea,2,0.0,0.0,True,141.5,False,False
warning_acid_accumulation,ARC_P::Nanoarchaeota,Archaea,2,0.0,0.0,True,138.0,False,False
warning_ammonia_toxicity,ARC_P::Nanoarchaeota,Archaea,2,0.0,0.0,True,147.0,False,False
warning_biogas_quality,ARC_P::Nanoarchaeota,Archaea,2,0.0,0.0,True,140.5,False,False
warning_acid_base_balance,ARC_P::Thermoplasmatota,Archaea,2,0.0,0.0,True,129.0,False,False
warning_buffer_capacity,ARC_P::Thermoplasmatota,Archaea,2,0.0,0.0,True,141.5,False,False
warning_acid_accumulation,ARC_P::Thermoplasmatota,Archaea,2,0.0,0.0,True,138.0,False,False
warning_ammonia_toxicity,ARC_P::Thermoplasmatota,Archaea,2,0.0,0.0,True,147.0,False,False
warning_biogas_quality,ARC_P::Thermoplasmatota,Archaea,2,0.0,0.0,True,140.5,False,False
warning_acid_base_balance,ARC_P::Vertebrata,Archaea,2,0.0,0.0,False,129.0,False,False
warning_buffer_capacity,ARC_P::Vertebrata,Archaea,2,0.0,0.0,False,141.5,False,False
warning_acid_accumulation,ARC_P::Vertebrata,Archaea,2,0.0,0.0,False,138.0,False,False
warning_ammonia_toxicity,ARC_P::Vertebrata,Archaea,2,0.0,0.0,False,147.0,False,False
warning_biogas_quality,ARC_P::Vertebrata,Archaea,2,0.0,0.0,False,140.5,False,False
warning_acid_base_balance,ARC_P::unidentified,Archaea,2,0.0,0.0,True,129.0,False,False
warning_buffer_capacity,ARC_P::unidentified,Archaea,2,0.0,0.0,True,141.5,False,False
warning_acid_accumulation,ARC_P::unidentified,Archaea,2,0.0,0.0,True,138.0,False,False
warning_ammonia_toxicity,ARC_P::unidentified,Archaea,2,0.0,0.0,True,147.0,False,False
warning_biogas_quality,ARC_P::unidentified,Archaea,2,0.0,0.0,True,140.5,False,False
warning_acid_base_balance,ARC_G::Aenigmarchaeales,Archaea,2,0.0,0.0,True,129.0,False,False
warning_buffer_capacity,ARC_G::Aenigmarchaeales,Archaea,2,0.0,0.0,True,141.5,False,False
warning_acid_accumulation,ARC_G::Aenigmarchaeales,Archaea,2,0.0,0.0,True,138.0,False,False
warning_ammonia_toxicity,ARC_G::Aenigmarchaeales,Archaea,2,0.0,0.0,True,147.0,False,False
warning_biogas_quality,ARC_G::Aenigmarchaeales,Archaea,2,0.0,0.0,True,140.5,False,False
warning_acid_base_balance,ARC_G::Bathyarchaeia,Archaea,2,0.0,0.0,True,129.0,False,False
warning_buffer_capacity,ARC_G::Bathyarchaeia,Archaea,2,0.0,0.0,True,141.5,False,False
warning_acid_accumulation,ARC_G::Bathyarchaeia,Archaea,2,0.0,0.0,True,138.0,False,False
warning_ammonia_toxicity,ARC_G::Bathyarchaeia,Archaea,2,0.0,0.0,True,147.0,False,False
warning_biogas_quality,ARC_G::Bathyarchaeia,Archaea,2,0.0,0.0,True,140.5,False,False
warning_acid_base_balance,ARC_G::Candidatus_Iainarchaeum,Archaea,2,0.0,0.0,True,129.0,False,False
warning_buffer_capacity,ARC_G::Candidatus_Iainarchaeum,Archaea,2,0.0,0.0,True,141.5,False,False
warning_acid_accumulation,ARC_G::Candidatus_Iainarchaeum,Archaea,2,0.0,0.0,True,138.0,False,False
warning_ammonia_toxicity,ARC_G::Candidatus_Iainarchaeum,Archaea,2,0.0,0.0,True,147.0,False,False
warning_biogas_quality,ARC_G::Candidatus_Iainarchaeum,Archaea,2,0.0,0.0,True,140.5,False,False
warning_acid_base_balance,ARC_G::Candidatus_Methanofastidiosum,Archaea,2,0.0,0.0,True,129.0,False,False
warning_buffer_capacity,ARC_G::Candidatus_Methanofastidiosum,Archaea,2,0.0,0.0,True,141.5,False,False
warning_acid_accumulation,ARC_G::Candidatus_Methanofastidiosum,Archaea,2,0.0,0.0,True,138.0,False,False
warning_ammonia_toxicity,ARC_G::Candidatus_Methanofastidiosum,Archaea,2,0.0,0.0,True,147.0,False,False
warning_biogas_quality,ARC_G::Candidatus_Methanofastidiosum,Archaea,2,0.0,0.0,True,140.5,False,False
warning_acid_base_balance,ARC_G::Candidatus_Methanogranum,Archaea,2,0.0,0.0,True,129.0,False,False
warning_buffer_capacity,ARC_G::Candidatus_Methanogranum,Archaea,2,0.0,0.0,True,141.5,False,False
warning_acid_accumulation,ARC_G::Candidatus_Methanogranum,Archaea,2,0.0,0.0,True,138.0,False,False
warning_ammonia_toxicity,ARC_G::Candidatus_Methanogranum,Archaea,2,0.0,0.0,True,147.0,False,False
warning_biogas_quality,ARC_G::Candidatus_Methanogranum,Archaea,2,0.0,0.0,True,140.5,False,False
warning_acid_base_balance,ARC_G::Candidatus_Methanomethylicus,Archaea,2,0.0,0.0,True,129.0,False,False
warning_buffer_capacity,ARC_G::Candidatus_Methanomethylicus,Archaea,2,0.0,0.0,True,141.5,False,False
warning_acid_accumulation,ARC_G::Candidatus_Methanomethylicus,Archaea,2,0.0,0.0,True,138.0,False,False
warning_ammonia_toxicity,ARC_G::Candidatus_Methanomethylicus,Archaea,2,0.0,0.0,True,147.0,False,False
warning_biogas_quality,ARC_G::Candidatus_Methanomethylicus,Archaea,2,0.0,0.0,True,140.5,False,False
warning_acid_base_balance,ARC_G::Candidatus_Methanomethylophilus,Archaea,2,0.0,0.0,True,129.0,False,False
warning_buffer_capacity,ARC_G::Candidatus_Methanomethylophilus,Archaea,2,0.0,0.0,True,141.5,False,False
warning_acid_accumulation,ARC_G::Candidatus_Methanomethylophilus,Archaea,2,0.0,0.0,True,138.0,False,False
warning_ammonia_toxicity,ARC_G::Candidatus_Methanomethylophilus,Archaea,2,0.0,0.0,True,147.0,False,False
warning_biogas_quality,ARC_G::Candidatus_Methanomethylophilus,Archaea,2,0.0,0.0,True,140.5,False,False
warning_acid_base_balance,ARC_G::Candidatus_Methanoplasma,Archaea,2,0.0,0.0,True,129.0,False,False
warning_buffer_capacity,ARC_G::Candidatus_Methanoplasma,Archaea,2,0.0,0.0,True,141.5,False,False
warning_acid_accumulation,ARC_G::Candidatus_Methanoplasma,Archaea,2,0.0,0.0,True,138.0,False,False
warning_ammonia_toxicity,ARC_G::Candidatus_Methanoplasma,Archaea,2,0.0,0.0,True,147.0,False,False
warning_biogas_quality,ARC_G::Candidatus_Methanoplasma,Archaea,2,0.0,0.0,True,140.5,False,False
warning_acid_base_balance,ARC_G::Candidatus_Nitrocosmicus,Archaea,2,0.0,0.0,True,129.0,False,False
warning_buffer_capacity,ARC_G::Candidatus_Nitrocosmicus,Archaea,2,0.0,0.0,True,141.5,False,False
warning_acid_accumulation,ARC_G::Candidatus_Nitrocosmicus,Archaea,2,0.0,0.0,True,138.0,False,False
warning_ammonia_toxicity,ARC_G::Candidatus_Nitrocosmicus,Archaea,2,0.0,0.0,True,147.0,False,False
warning_biogas_quality,ARC_G::Candidatus_Nitrocosmicus,Archaea,2,0.0,0.0,True,140.5,False,False
warning_acid_base_balance,ARC_G::Hadarchaeales,Archaea,2,0.0,0.0,True,129.0,False,False
warning_buffer_capacity,ARC_G::Hadarchaeales,Archaea,2,0.0,0.0,True,141.5,False,False
warning_acid_accumulation,ARC_G::Hadarchaeales,Archaea,2,0.0,0.0,True,138.0,False,False
warning_ammonia_toxicity,ARC_G::Hadarchaeales,Archaea,2,0.0,0.0,True,147.0,False,False
warning_biogas_quality,ARC_G::Hadarchaeales,Archaea,2,0.0,0.0,True,140.5,False,False
warning_acid_base_balance,ARC_G::LKM11,Archaea,2,0.0,0.0,True,129.0,False,False
warning_buffer_capacity,ARC_G::LKM11,Archaea,2,0.0,0.0,True,141.5,False,False
warning_acid_accumulation,ARC_G::LKM11,Archaea,2,0.0,0.0,True,138.0,False,False
warning_ammonia_toxicity,ARC_G::LKM11,Archaea,2,0.0,0.0,True,147.0,False,False
warning_biogas_quality,ARC_G::LKM11,Archaea,2,0.0,0.0,True,140.5,False,False
warning_acid_base_balance,ARC_G::Lokiarchaeia,Archaea,2,0.0,0.0,True,129.0,False,False
warning_buffer_capacity,ARC_G::Lokiarchaeia,Archaea,2,0.0,0.0,True,141.5,False,False
warning_acid_accumulation,ARC_G::Lokiarchaeia,Archaea,2,0.0,0.0,True,138.0,False,False
warning_ammonia_toxicity,ARC_G::Lokiarchaeia,Archaea,2,0.0,0.0,True,147.0,False,False
warning_biogas_quality,ARC_G::Lokiarchaeia,Archaea,2,0.0,0.0,True,140.5,False,False
warning_acid_base_balance,ARC_G::Marine_Benthic_Group_D_and_DHVEG-1,Archaea,2,-0.002842023172905525,0.006499417756393327,True,267.0,False,False
warning_buffer_capacity,ARC_G::Marine_Benthic_Group_D_and_DHVEG-1,Archaea,2,0.0,0.0,True,141.5,False,False
warning_acid_accumulation,ARC_G::Marine_Benthic_Group_D_and_DHVEG-1,Archaea,2,0.0,0.0,True,138.0,False,False
warning_ammonia_toxicity,ARC_G::Marine_Benthic_Group_D_and_DHVEG-1,Archaea,2,0.002857142857142858,0.012777531299998802,True,16.5,False,True
warning_biogas_quality,ARC_G::Marine_Benthic_Group_D_and_DHVEG-1,Archaea,2,0.005773809523809553,0.04144848293337912,True,5.0,True,True
warning_acid_base_balance,ARC_G::Methanimicrococcus,Archaea,2,0.0,0.0,True,129.0,False,False
warning_buffer_capacity,ARC_G::Methanimicrococcus,Archaea,2,0.0,0.0,True,141.5,False,False
warning_acid_accumulation,ARC_G::Methanimicrococcus,Archaea,2,0.0,0.0,True,138.0,False,False
warning_ammonia_toxicity,ARC_G::Methanimicrococcus,Archaea,2,0.0,0.0,True,147.0,False,False
warning_biogas_quality,ARC_G::Methanimicrococcus,Archaea,2,0.0,0.0,True,140.5,False,False
warning_acid_base_balance,ARC_G::Methanocorpusculum,Archaea,2,0.0,0.0,True,129.0,False,False
warning_buffer_capacity,ARC_G::Methanocorpusculum,Archaea,2,0.0,0.0,True,141.5,False,False
warning_acid_accumulation,ARC_G::Methanocorpusculum,Archaea,2,0.0,0.0,True,138.0,False,False
warning_ammonia_toxicity,ARC_G::Methanocorpusculum,Archaea,2,0.0,0.0,True,147.0,False,False
warning_biogas_quality,ARC_G::Methanocorpusculum,Archaea,2,0.0,0.0,True,140.5,False,False
warning_acid_base_balance,ARC_G::Methanoculleus,Archaea,2,0.0,0.0,True,129.0,False,False
warning_buffer_capacity,ARC_G::Methanoculleus,Archaea,2,0.0,0.0,True,141.5,False,False
warning_acid_accumulation,ARC_G::Methanoculleus,Archaea,2,0.0,0.0,True,138.0,False,False
warning_ammonia_toxicity,ARC_G::Methanoculleus,Archaea,2,0.0,0.0,True,147.0,False,False
warning_biogas_quality,ARC_G::Methanoculleus,Archaea,2,0.0,0.0,True,140.5,False,False
warning_acid_base_balance,ARC_G::Methanofollis,Archaea,2,-0.2713220858518846,0.09465635147890263,True,276.0,False,False
warning_buffer_capacity,ARC_G::Methanofollis,Archaea,2,0.0,0.0,True,141.5,False,False
warning_acid_accumulation,ARC_G::Methanofollis,Archaea,2,0.0,0.0,True,138.0,False,False
warning_ammonia_toxicity,ARC_G::Methanofollis,Archaea,2,-0.036666666666666646,0.04607392991208649,True,276.0,False,False
warning_biogas_quality,ARC_G::Methanofollis,Archaea,2,0.0,0.0,True,140.5,False,False
warning_acid_base_balance,ARC_G::Methanogenium,Archaea,2,0.0,0.0,True,129.0,False,False
warning_buffer_capacity,ARC_G::Methanogenium,Archaea,2,0.0,0.0,True,141.5,False,False
warning_acid_accumulation,ARC_G::Methanogenium,Archaea,2,0.0,0.0,True,138.0,False,False
warning_ammonia_toxicity,ARC_G::Methanogenium,Archaea,2,0.0,0.0,True,147.0,False,False
warning_biogas_quality,ARC_G::Methanogenium,Archaea,2,0.0,0.0,True,140.5,False,False
warning_acid_base_balance,ARC_G::Methanolacinia,Archaea,2,0.0,0.0,True,129.0,False,False
warning_buffer_capacity,ARC_G::Methanolacinia,Archaea,2,0.0,0.0,True,141.5,False,False
warning_acid_accumulation,ARC_G::Methanolacinia,Archaea,2,0.0,0.0,True,138.0,False,False
warning_ammonia_toxicity,ARC_G::Methanolacinia,Archaea,2,0.0,0.0,True,147.0,False,False
warning_biogas_quality,ARC_G::Methanolacinia,Archaea,2,0.0,0.0,True,140.5,False,False
warning_acid_base_balance,ARC_G::Methanolinea,Archaea,2,0.0,0.0,True,129.0,False,False
warning_buffer_capacity,ARC_G::Methanolinea,Archaea,2,0.0,0.0,True,141.5,False,False
warning_acid_accumulation,ARC_G::Methanolinea,Archaea,2,0.0,0.0,True,138.0,False,False
warning_ammonia_toxicity,ARC_G::Methanolinea,Archaea,2,0.0,0.0,True,147.0,False,False
warning_biogas_quality,ARC_G::Methanolinea,Archaea,2,0.0,0.0,True,140.5,False,False
warning_acid_base_balance,ARC_G::Methanolobus,Archaea,2,0.0,0.0,True,129.0,False,False
warning_buffer_capacity,ARC_G::Methanolobus,Archaea,2,0.0,0.0,True,141.5,False,False
warning_acid_accumulation,ARC_G::Methanolobus,Archaea,2,0.0,0.0,True,138.0,False,False
warning_ammonia_toxicity,ARC_G::Methanolobus,Archaea,2,0.0,0.0,True,147.0,False,False
warning_biogas_quality,ARC_G::Methanolobus,Archaea,2,0.0,0.0,True,140.5,False,False
warning_acid_base_balance,ARC_G::Methanomassiliicoccus,Archaea,2,0.0,0.0,True,129.0,False,False
warning_buffer_capacity,ARC_G::Methanomassiliicoccus,Archaea,2,0.0,0.0,True,141.5,False,False
warning_acid_accumulation,ARC_G::Methanomassiliicoccus,Archaea,2,0.0,0.0,True,138.0,False,False
warning_ammonia_toxicity,ARC_G::Methanomassiliicoccus,Archaea,2,0.0,0.0,True,147.0,False,False
warning_biogas_quality,ARC_G::Methanomassiliicoccus,Archaea,2,0.0,0.0,True,140.5,False,False
warning_acid_base_balance,ARC_G::Methanomethylovorans,Archaea,2,0.0,0.0,True,129.0,False,False
warning_buffer_capacity,ARC_G::Methanomethylovorans,Archaea,2,0.0,0.0,True,141.5,False,False
warning_acid_accumulation,ARC_G::Methanomethylovorans,Archaea,2,0.0,0.0,True,138.0,False,False
warning_ammonia_toxicity,ARC_G::Methanomethylovorans,Archaea,2,0.0,0.0,True,147.0,False,False
warning_biogas_quality,ARC_G::Methanomethylovorans,Archaea,2,0.0,0.0,True,140.5,False,False
warning_acid_base_balance,ARC_G::Methanoregula,Archaea,2,0.0,0.0,True,129.0,False,False
warning_buffer_capacity,ARC_G::Methanoregula,Archaea,2,-0.06710526315789472,0.11523711251681606,True,274.0,False,False
warning_acid_accumulation,ARC_G::Methanoregula,Archaea,2,0.0,0.0,True,138.0,False,False
warning_ammonia_toxicity,ARC_G::Methanoregula,Archaea,2,0.0,0.0,True,147.0,False,False
warning_biogas_quality,ARC_G::Methanoregula,Archaea,2,0.0,0.0,True,140.5,False,False
warning_acid_base_balance,ARC_G::Methanosaeta,Archaea,2,0.0,0.0,True,129.0,False,False
warning_buffer_capacity,ARC_G::Methanosaeta,Archaea,2,0.0,0.0,True,141.5,False,False
warning_acid_accumulation,ARC_G::Methanosaeta,Archaea,2,0.0,0.0,True,138.0,False,False
warning_ammonia_toxicity,ARC_G::Methanosaeta,Archaea,2,0.0,0.0,True,147.0,False,False
warning_biogas_quality,ARC_G::Methanosaeta,Archaea,2,0.0,0.0,True,140.5,False,False
warning_acid_base_balance,ARC_G::Methanosarcina,Archaea,2,0.0,0.0,True,129.0,False,False
warning_buffer_capacity,ARC_G::Methanosarcina,Archaea,2,0.0,0.0,True,141.5,False,False
warning_acid_accumulation,ARC_G::Methanosarcina,Archaea,2,0.0,0.0,True,138.0,False,False
warning_ammonia_toxicity,ARC_G::Methanosarcina,Archaea,2,0.0033333333333333383,0.010259783520851556,True,14.5,False,True
warning_biogas_quality,ARC_G::Methanosarcina,Archaea,2,0.0,0.0,True,140.5,False,False
warning_acid_base_balance,ARC_G::Methanosphaerula,Archaea,2,0.0,0.0,True,129.0,False,False
warning_buffer_capacity,ARC_G::Methanosphaerula,Archaea,2,0.0,0.0,True,141.5,False,False
warning_acid_accumulation,ARC_G::Methanosphaerula,Archaea,2,0.0,0.0,True,138.0,False,False
warning_ammonia_toxicity,ARC_G::Methanosphaerula,Archaea,2,0.0,0.0,True,147.0,False,False
warning_biogas_quality,ARC_G::Methanosphaerula,Archaea,2,0.0,0.0,True,140.5,False,False
warning_acid_base_balance,ARC_G::Methanospirillum,Archaea,2,0.0,0.0,True,129.0,False,False
warning_buffer_capacity,ARC_G::Methanospirillum,Archaea,2,0.0,0.0,True,141.5,False,False
warning_acid_accumulation,ARC_G::Methanospirillum,Archaea,2,0.0,0.0,True,138.0,False,False
warning_ammonia_toxicity,ARC_G::Methanospirillum,Archaea,2,0.0,0.0,True,147.0,False,False
warning_biogas_quality,ARC_G::Methanospirillum,Archaea,2,0.0,0.0,True,140.5,False,False
warning_acid_base_balance,ARC_G::Micrarchaeales,Archaea,2,0.0,0.0,True,129.0,False,False
warning_buffer_capacity,ARC_G::Micrarchaeales,Archaea,2,0.0,0.0,True,141.5,False,False
warning_acid_accumulation,ARC_G::Micrarchaeales,Archaea,2,0.0,0.0,True,138.0,False,False
warning_ammonia_toxicity,ARC_G::Micrarchaeales,Archaea,2,0.0,0.0,True,147.0,False,False
warning_biogas_quality,ARC_G::Micrarchaeales,Archaea,2,0.0,0.0,True,140.5,False,False
warning_acid_base_balance,ARC_G::Nitrososphaeraceae,Archaea,2,0.0,0.0,False,129.0,False,False
warning_buffer_capacity,ARC_G::Nitrososphaeraceae,Archaea,2,0.0,0.0,False,141.5,False,False
warning_acid_accumulation,ARC_G::Nitrososphaeraceae,Archaea,2,0.0,0.0,False,138.0,False,False
warning_ammonia_toxicity,ARC_G::Nitrososphaeraceae,Archaea,2,0.0,0.0,False,147.0,False,False
warning_biogas_quality,ARC_G::Nitrososphaeraceae,Archaea,2,0.0,0.0,False,140.5,False,False
warning_acid_base_balance,ARC_G::Rhinosporideacae,Archaea,2,0.0,0.0,True,129.0,False,False
warning_buffer_capacity,ARC_G::Rhinosporideacae,Archaea,2,0.0,0.0,True,141.5,False,False
warning_acid_accumulation,ARC_G::Rhinosporideacae,Archaea,2,0.0,0.0,True,138.0,False,False
warning_ammonia_toxicity,ARC_G::Rhinosporideacae,Archaea,2,0.0,0.0,True,147.0,False,False
warning_biogas_quality,ARC_G::Rhinosporideacae,Archaea,2,0.0,0.0,True,140.5,False,False
warning_acid_base_balance,ARC_G::RumEn_M2,Archaea,2,0.0,0.0,True,129.0,False,False
warning_buffer_capacity,ARC_G::RumEn_M2,Archaea,2,0.0,0.0,True,141.5,False,False
warning_acid_accumulation,ARC_G::RumEn_M2,Archaea,2,0.0,0.0,True,138.0,False,False
warning_ammonia_toxicity,ARC_G::RumEn_M2,Archaea,2,0.0,0.0,True,147.0,False,False
warning_biogas_quality,ARC_G::RumEn_M2,Archaea,2,0.0,0.0,True,140.5,False,False
warning_acid_base_balance,ARC_G::SCGC_AAA011-D5,Archaea,2,0.0,0.0,True,129.0,False,False
warning_buffer_capacity,ARC_G::SCGC_AAA011-D5,Archaea,2,0.0,0.0,True,141.5,False,False
warning_acid_accumulation,ARC_G::SCGC_AAA011-D5,Archaea,2,0.0,0.0,True,138.0,False,False
warning_ammonia_toxicity,ARC_G::SCGC_AAA011-D5,Archaea,2,0.0,0.0,True,147.0,False,False
warning_biogas_quality,ARC_G::SCGC_AAA011-D5,Archaea,2,0.0,0.0,True,140.5,False,False
warning_acid_base_balance,ARC_G::Teleostei,Archaea,2,0.0,0.0,False,129.0,False,False
warning_buffer_capacity,ARC_G::Teleostei,Archaea,2,0.0,0.0,False,141.5,False,False
warning_acid_accumulation,ARC_G::Teleostei,Archaea,2,0.0,0.0,False,138.0,False,False
warning_ammonia_toxicity,ARC_G::Teleostei,Archaea,2,0.0,0.0,False,147.0,False,False
warning_biogas_quality,ARC_G::Teleostei,Archaea,2,0.0,0.0,False,140.5,False,False
warning_acid_base_balance,ARC_G::Veneroida,Archaea,2,0.0,0.0,False,129.0,False,False
warning_buffer_capacity,ARC_G::Veneroida,Archaea,2,0.0,0.0,False,141.5,False,False
warning_acid_accumulation,ARC_G::Veneroida,Archaea,2,0.0,0.0,False,138.0,False,False
warning_ammonia_toxicity,ARC_G::Veneroida,Archaea,2,0.0,0.0,False,147.0,False,False
warning_biogas_quality,ARC_G::Veneroida,Archaea,2,0.0,0.0,False,140.5,False,False
warning_acid_base_balance,ARC_G::Woesearchaeales,Archaea,2,0.0,0.0,True,129.0,False,False
warning_buffer_capacity,ARC_G::Woesearchaeales,Archaea,2,0.0,0.0,True,141.5,False,False
warning_acid_accumulation,ARC_G::Woesearchaeales,Archaea,2,0.0,0.0,True,138.0,False,False
warning_ammonia_toxicity,ARC_G::Woesearchaeales,Archaea,2,0.0,0.0,True,147.0,False,False
warning_biogas_quality,ARC_G::Woesearchaeales,Archaea,2,0.0,0.0,True,140.5,False,False
warning_acid_base_balance,ARC_G::unidentified,Archaea,2,0.0,0.0,True,129.0,False,False
warning_buffer_capacity,ARC_G::unidentified,Archaea,2,0.0,0.0,True,141.5,False,False
warning_acid_accumulation,ARC_G::unidentified,Archaea,2,0.0,0.0,True,138.0,False,False
warning_ammonia_toxicity,ARC_G::unidentified,Archaea,2,0.0,0.0,True,147.0,False,False
warning_biogas_quality,ARC_G::unidentified,Archaea,2,0.0,0.0,True,140.5,False,False
warning_acid_base_balance,Season,Metadata: operation/context,3,0.012901838765809356,0.008530606289193454,True,1.0,True,True
warning_buffer_capacity,Season,Metadata: operation/context,3,-0.0024439887597782354,0.003214401451414652,True,271.0,False,False
warning_acid_accumulation,Season,Metadata: operation/context,3,,,True,,False,False
warning_ammonia_toxicity,Season,Metadata: operation/context,3,0.016309523809523822,0.008972493925045049,True,18.0,False,True
warning_biogas_quality,Season,Metadata: operation/context,3,,,True,,False,False
warning_acid_base_balance,substrate_type,Metadata: substrate,3,0.0,0.0,True,155.5,False,False
warning_buffer_capacity,substrate_type,Metadata: substrate,3,0.00021645021645021607,0.0006662197091462027,True,21.5,False,False
warning_acid_accumulation,substrate_type,Metadata: substrate,3,,,True,,False,False
warning_ammonia_toxicity,substrate_type,Metadata: substrate,3,0.0009090909090909149,0.0027981227784140746,True,61.0,False,False
warning_biogas_quality,substrate_type,Metadata: substrate,3,,,True,,False,False
warning_acid_base_balance,HRT_d,Metadata: operation/context,3,0.0,0.0,True,155.5,False,False
warning_buffer_capacity,HRT_d,Metadata: operation/context,3,0.0005411255411255401,0.0009616053210374857,True,14.0,False,True
warning_acid_accumulation,HRT_d,Metadata: operation/context,3,,,True,,False,False
warning_ammonia_toxicity,HRT_d,Metadata: operation/context,3,0.014350649350649381,0.008650344066979048,True,21.0,False,False
warning_biogas_quality,HRT_d,Metadata: operation/context,3,,,True,,False,False
warning_acid_base_balance,T_C,Metadata: operation/context,3,0.0031060606060606065,0.0028335230940556857,True,18.0,False,True
warning_buffer_capacity,T_C,Metadata: operation/context,3,0.0,0.0,True,147.5,False,False
warning_acid_accumulation,T_C,Metadata: operation/context,3,,,True,,False,False
warning_ammonia_toxicity,T_C,Metadata: operation/context,3,0.011298701298701346,0.0058551578675581995,True,32.0,False,False
warning_biogas_quality,T_C,Metadata: operation/context,3,,,True,,False,False
warning_acid_base_balance,Q_total_Tpy,Metadata: operation/context,3,0.0,0.0,True,155.5,False,False
warning_buffer_capacity,Q_total_Tpy,Metadata: operation/context,3,0.00010822510822510804,0.0004839973977272263,True,29.0,False,False
warning_acid_accumulation,Q_total_Tpy,Metadata: operation/context,3,,,True,,False,False
warning_ammonia_toxicity,Q_total_Tpy,Metadata: operation/context,3,0.0,0.0,True,168.5,False,False
warning_biogas_quality,Q_total_Tpy,Metadata: operation/context,3,,,True,,False,False
warning_acid_base_balance,substrate_avg_pH,Metadata: substrate,3,0.007408528971028974,0.005148368751028046,True,7.0,True,True
warning_buffer_capacity,substrate_avg_pH,Metadata: substrate,3,0.0,0.0,True,147.5,False,False
warning_acid_accumulation,substrate_avg_pH,Metadata: substrate,3,,,True,,False,False
warning_ammonia_toxicity,substrate_avg_pH,Metadata: substrate,3,0.019350649350649375,0.006402645235444011,True,14.0,False,True
warning_biogas_quality,substrate_avg_pH,Metadata: substrate,3,,,True,,False,False
warning_acid_base_balance,substrate_avg_ALK,Metadata: substrate,3,0.0,0.0,True,155.5,False,False
warning_buffer_capacity,substrate_avg_ALK,Metadata: substrate,3,0.0,0.0,True,147.5,False,False
warning_acid_accumulation,substrate_avg_ALK,Metadata: substrate,3,,,True,,False,False
warning_ammonia_toxicity,substrate_avg_ALK,Metadata: substrate,3,0.0,0.0,True,168.5,False,False
warning_biogas_quality,substrate_avg_ALK,Metadata: substrate,3,,,True,,False,False
warning_acid_base_balance,substrate_avg_VS,Metadata: substrate,3,0.000643939393939394,0.0020750706089178233,True,32.0,False,False
warning_buffer_capacity,substrate_avg_VS,Metadata: substrate,3,0.0,0.0,True,147.5,False,False
warning_acid_accumulation,substrate_avg_VS,Metadata: substrate,3,,,True,,False,False
warning_ammonia_toxicity,substrate_avg_VS,Metadata: substrate,3,0.024749805749805752,0.02132518617570581,True,8.0,True,True
warning_biogas_quality,substrate_avg_VS,Metadata: substrate,3,,,True,,False,False
warning_acid_base_balance,substrate_avg_COD,Metadata: substrate,3,0.0,0.0,True,155.5,False,False
warning_buffer_capacity,substrate_avg_COD,Metadata: substrate,3,0.0,0.0,True,147.5,False,False
warning_acid_accumulation,substrate_avg_COD,Metadata: substrate,3,,,True,,False,False
warning_ammonia_toxicity,substrate_avg_COD,Metadata: substrate,3,0.0,0.0,True,168.5,False,False
warning_biogas_quality,substrate_avg_COD,Metadata: substrate,3,,,True,,False,False
warning_acid_base_balance,substrate_avg_sCOD,Metadata: substrate,3,0.0,0.0,True,155.5,False,False
warning_buffer_capacity,substrate_avg_sCOD,Metadata: substrate,3,0.00010822510822510804,0.0004839973977272263,True,29.0,False,False
warning_acid_accumulation,substrate_avg_sCOD,Metadata: substrate,3,,,True,,False,False
warning_ammonia_toxicity,substrate_avg_sCOD,Metadata: substrate,3,0.02194805194805196,0.00439705008036493,True,9.0,True,True
warning_biogas_quality,substrate_avg_sCOD,Metadata: substrate,3,,,True,,False,False
warning_acid_base_balance,substrate_avg_TC,Metadata: substrate,3,0.0018452380952380955,0.004642535815626995,True,23.0,False,False
warning_buffer_capacity,substrate_avg_TC,Metadata: substrate,3,0.00010822510822510804,0.0004839973977272263,True,29.0,False,False
warning_acid_accumulation,substrate_avg_TC,Metadata: substrate,3,,,True,,False,False
warning_ammonia_toxicity,substrate_avg_TC,Metadata: substrate,3,0.021417748917748936,0.005400296490098823,True,10.0,True,True
warning_biogas_quality,substrate_avg_TC,Metadata: substrate,3,,,True,,False,False
warning_acid_base_balance,substrate_avg_Protein,Metadata: substrate,3,0.0,0.0,True,155.5,False,False
warning_buffer_capacity,substrate_avg_Protein,Metadata: substrate,3,0.0,0.0,True,147.5,False,False
warning_acid_accumulation,substrate_avg_Protein,Metadata: substrate,3,,,True,,False,False
warning_ammonia_toxicity,substrate_avg_Protein,Metadata: substrate,3,0.026631646131646137,0.017906783668526653,True,6.0,True,True
warning_biogas_quality,substrate_avg_Protein,Metadata: substrate,3,,,True,,False,False
warning_acid_base_balance,substrate_avg_Lipid,Metadata: substrate,3,0.0,0.0,True,155.5,False,False
warning_buffer_capacity,substrate_avg_Lipid,Metadata: substrate,3,0.0009398496240601483,0.001762099373235134,True,9.0,True,True
warning_acid_accumulation,substrate_avg_Lipid,Metadata: substrate,3,,,True,,False,False
warning_ammonia_toxicity,substrate_avg_Lipid,Metadata: substrate,3,0.026002802752802767,0.036812545949367836,True,7.0,True,True
warning_biogas_quality,substrate_avg_Lipid,Metadata: substrate,3,,,True,,False,False
warning_acid_base_balance,substrate_avg_TVFAs,Metadata: substrate,3,0.0010426634768740041,0.005832959943396973,True,31.0,False,False
warning_buffer_capacity,substrate_avg_TVFAs,Metadata: substrate,3,0.0,0.0,True,147.5,False,False
warning_acid_accumulation,substrate_avg_TVFAs,Metadata: substrate,3,,,True,,False,False
warning_ammonia_toxicity,substrate_avg_TVFAs,Metadata: substrate,3,0.014025974025974053,0.009130856475083564,True,28.0,False,False
warning_biogas_quality,substrate_avg_TVFAs,Metadata: substrate,3,,,True,,False,False
warning_acid_base_balance,substrate_avg_HAc,Metadata: substrate,3,0.0006313131313131319,0.002356823243653357,True,33.0,False,False
warning_buffer_capacity,substrate_avg_HAc,Metadata: substrate,3,0.0,0.0,True,147.5,False,False
warning_acid_accumulation,substrate_avg_HAc,Metadata: substrate,3,,,True,,False,False
warning_ammonia_toxicity,substrate_avg_HAc,Metadata: substrate,3,0.017532467532467556,0.00817579441698118,True,17.0,False,True
warning_biogas_quality,substrate_avg_HAc,Metadata: substrate,3,,,True,,False,False
warning_acid_base_balance,substrate_avg_HPro,Metadata: substrate,3,0.0004545454545454547,0.0013990613892070286,True,37.0,False,False
warning_buffer_capacity,substrate_avg_HPro,Metadata: substrate,3,0.0,0.0,True,147.5,False,False
warning_acid_accumulation,substrate_avg_HPro,Metadata: substrate,3,,,True,,False,False
warning_ammonia_toxicity,substrate_avg_HPro,Metadata: substrate,3,0.0020779220779220896,0.004386944229080946,True,54.0,False,False
warning_biogas_quality,substrate_avg_HPro,Metadata: substrate,3,,,True,,False,False
warning_acid_base_balance,BAC_P::Abditibacteriota,Bacteria,3,0.0,0.0,True,155.5,False,False
warning_buffer_capacity,BAC_P::Abditibacteriota,Bacteria,3,0.0,0.0,True,147.5,False,False
warning_acid_accumulation,BAC_P::Abditibacteriota,Bacteria,3,,,True,,False,False
warning_ammonia_toxicity,BAC_P::Abditibacteriota,Bacteria,3,0.0,0.0,True,168.5,False,False
warning_biogas_quality,BAC_P::Abditibacteriota,Bacteria,3,,,True,,False,False
warning_acid_base_balance,BAC_P::Acetothermia,Bacteria,3,0.0,0.0,True,155.5,False,False
warning_buffer_capacity,BAC_P::Acetothermia,Bacteria,3,0.0,0.0,True,147.5,False,False
warning_acid_accumulation,BAC_P::Acetothermia,Bacteria,3,,,True,,False,False
warning_ammonia_toxicity,BAC_P::Acetothermia,Bacteria,3,0.0,0.0,True,168.5,False,False
warning_biogas_quality,BAC_P::Acetothermia,Bacteria,3,,,True,,False,False
warning_acid_base_balance,BAC_P::Acidobacteriota,Bacteria,3,0.0,0.0,True,155.5,False,False
warning_buffer_capacity,BAC_P::Acidobacteriota,Bacteria,3,0.0,0.0,True,147.5,False,False
warning_acid_accumulation,BAC_P::Acidobacteriota,Bacteria,3,,,True,,False,False
warning_ammonia_toxicity,BAC_P::Acidobacteriota,Bacteria,3,0.0,0.0,True,168.5,False,False
warning_biogas_quality,BAC_P::Acidobacteriota,Bacteria,3,,,True,,False,False
warning_acid_base_balance,BAC_P::Actinobacteriota,Bacteria,3,0.008546869796869796,0.003729526733240294,True,3.0,True,True
warning_buffer_capacity,BAC_P::Actinobacteriota,Bacteria,3,0.0,0.0,True,147.5,False,False
warning_acid_accumulation,BAC_P::Actinobacteriota,Bacteria,3,,,True,,False,False
warning_ammonia_toxicity,BAC_P::Actinobacteriota,Bacteria,3,0.0,0.0,True,168.5,False,False
warning_biogas_quality,BAC_P::Actinobacteriota,Bacteria,3,,,True,,False,False
warning_acid_base_balance,BAC_P::Armatimonadota,Bacteria,3,0.0,0.0,True,155.5,False,False
warning_buffer_capacity,BAC_P::Armatimonadota,Bacteria,3,0.0,0.0,True,147.5,False,False
warning_acid_accumulation,BAC_P::Armatimonadota,Bacteria,3,,,True,,False,False
warning_ammonia_toxicity,BAC_P::Armatimonadota,Bacteria,3,0.0,0.0,True,168.5,False,False
warning_biogas_quality,BAC_P::Armatimonadota,Bacteria,3,,,True,,False,False
warning_acid_base_balance,BAC_P::Bacteroidota,Bacteria,3,0.006829524642024643,0.0057687102143974,True,8.0,True,True
warning_buffer_capacity,BAC_P::Bacteroidota,Bacteria,3,0.00021645021645021607,0.0006662197091462029,True,21.5,False,False
warning_acid_accumulation,BAC_P::Bacteroidota,Bacteria,3,,,True,,False,False
warning_ammonia_toxicity,BAC_P::Bacteroidota,Bacteria,3,0.007792207792207828,0.00676795286096327,True,42.0,False,False
warning_biogas_quality,BAC_P::Bacteroidota,Bacteria,3,,,True,,False,False
warning_acid_base_balance,BAC_P::Bdellovibrionota,Bacteria,3,0.0,0.0,True,155.5,False,False
warning_buffer_capacity,BAC_P::Bdellovibrionota,Bacteria,3,0.0,0.0,True,147.5,False,False
warning_acid_accumulation,BAC_P::Bdellovibrionota,Bacteria,3,,,True,,False,False
warning_ammonia_toxicity,BAC_P::Bdellovibrionota,Bacteria,3,0.0,0.0,True,168.5,False,False
warning_biogas_quality,BAC_P::Bdellovibrionota,Bacteria,3,,,True,,False,False
warning_acid_base_balance,BAC_P::Caldatribacteriota,Bacteria,3,-0.0006060606060606051,0.002360949412652894,True,270.0,False,False
warning_buffer_capacity,BAC_P::Caldatribacteriota,Bacteria,3,0.0,0.0,True,147.5,False,False
warning_acid_accumulation,BAC_P::Caldatribacteriota,Bacteria,3,,,True,,False,False
warning_ammonia_toxicity,BAC_P::Caldatribacteriota,Bacteria,3,0.00844155844155849,0.004831815566116459,True,39.0,False,False
warning_biogas_quality,BAC_P::Caldatribacteriota,Bacteria,3,,,True,,False,False
warning_acid_base_balance,BAC_P::Caldisericota,Bacteria,3,0.0,0.0,True,155.5,False,False
warning_buffer_capacity,BAC_P::Caldisericota,Bacteria,3,0.0,0.0,True,147.5,False,False
warning_acid_accumulation,BAC_P::Caldisericota,Bacteria,3,,,True,,False,False
warning_ammonia_toxicity,BAC_P::Caldisericota,Bacteria,3,0.0,0.0,True,168.5,False,False
warning_biogas_quality,BAC_P::Caldisericota,Bacteria,3,,,True,,False,False
warning_acid_base_balance,BAC_P::Campilobacterota,Bacteria,3,0.0,0.0,True,155.5,False,False
warning_buffer_capacity,BAC_P::Campilobacterota,Bacteria,3,0.0,0.0,True,147.5,False,False
warning_acid_accumulation,BAC_P::Campilobacterota,Bacteria,3,,,True,,False,False
warning_ammonia_toxicity,BAC_P::Campilobacterota,Bacteria,3,0.0,0.0,True,168.5,False,False
warning_biogas_quality,BAC_P::Campilobacterota,Bacteria,3,,,True,,False,False
warning_acid_base_balance,BAC_P::Chloroflexi,Bacteria,3,0.0,0.0,True,155.5,False,False
warning_buffer_capacity,BAC_P::Chloroflexi,Bacteria,3,3.9872408293459975e-05,0.0019687625362221463,True,34.0,False,False
warning_acid_accumulation,BAC_P::Chloroflexi,Bacteria,3,,,True,,False,False
warning_ammonia_toxicity,BAC_P::Chloroflexi,Bacteria,3,0.0,0.0,True,168.5,False,False
warning_biogas_quality,BAC_P::Chloroflexi,Bacteria,3,,,True,,False,False
warning_acid_base_balance,BAC_P::Cloacimonadota,Bacteria,3,0.0,0.0,True,155.5,False,False
warning_buffer_capacity,BAC_P::Cloacimonadota,Bacteria,3,0.0,0.0,True,147.5,False,False
warning_acid_accumulation,BAC_P::Cloacimonadota,Bacteria,3,,,True,,False,False
warning_ammonia_toxicity,BAC_P::Cloacimonadota,Bacteria,3,0.0,0.0,True,168.5,False,False
warning_biogas_quality,BAC_P::Cloacimonadota,Bacteria,3,,,True,,False,False
warning_acid_base_balance,BAC_P::Coprothermobacterota,Bacteria,3,0.0,0.0,True,155.5,False,False
warning_buffer_capacity,BAC_P::Coprothermobacterota,Bacteria,3,0.0,0.0,True,147.5,False,False
warning_acid_accumulation,BAC_P::Coprothermobacterota,Bacteria,3,,,True,,False,False
warning_ammonia_toxicity,BAC_P::Coprothermobacterota,Bacteria,3,0.0,0.0,True,168.5,False,False
warning_biogas_quality,BAC_P::Coprothermobacterota,Bacteria,3,,,True,,False,False
warning_acid_base_balance,BAC_P::Cyanobacteria,Bacteria,3,0.0,0.0,True,155.5,False,False
warning_buffer_capacity,BAC_P::Cyanobacteria,Bacteria,3,0.0,0.0,True,147.5,False,False
warning_acid_accumulation,BAC_P::Cyanobacteria,Bacteria,3,,,True,,False,False
warning_ammonia_toxicity,BAC_P::Cyanobacteria,Bacteria,3,0.0,0.0,True,168.5,False,False
warning_biogas_quality,BAC_P::Cyanobacteria,Bacteria,3,,,True,,False,False
warning_acid_base_balance,BAC_P::Deinococcota,Bacteria,3,0.0,0.0,True,155.5,False,False
warning_buffer_capacity,BAC_P::Deinococcota,Bacteria,3,0.0,0.0,True,147.5,False,False
warning_acid_accumulation,BAC_P::Deinococcota,Bacteria,3,,,True,,False,False
warning_ammonia_toxicity,BAC_P::Deinococcota,Bacteria,3,0.0,0.0,True,168.5,False,False
warning_biogas_quality,BAC_P::Deinococcota,Bacteria,3,,,True,,False,False
warning_acid_base_balance,BAC_P::Dependentiae,Bacteria,3,0.0,0.0,True,155.5,False,False
warning_buffer_capacity,BAC_P::Dependentiae,Bacteria,3,0.0,0.0,True,147.5,False,False
warning_acid_accumulation,BAC_P::Dependentiae,Bacteria,3,,,True,,False,False
warning_ammonia_toxicity,BAC_P::Dependentiae,Bacteria,3,0.0,0.0,True,168.5,False,False
warning_biogas_quality,BAC_P::Dependentiae,Bacteria,3,,,True,,False,False
warning_acid_base_balance,BAC_P::Desulfobacterota,Bacteria,3,0.0,0.0,True,155.5,False,False
warning_buffer_capacity,BAC_P::Desulfobacterota,Bacteria,3,0.0,0.0,True,147.5,False,False
warning_acid_accumulation,BAC_P::Desulfobacterota,Bacteria,3,,,True,,False,False
warning_ammonia_toxicity,BAC_P::Desulfobacterota,Bacteria,3,0.0,0.0,True,168.5,False,False
warning_biogas_quality,BAC_P::Desulfobacterota,Bacteria,3,,,True,,False,False
warning_acid_base_balance,BAC_P::Elusimicrobiota,Bacteria,3,0.0,0.0,True,155.5,False,False
warning_buffer_capacity,BAC_P::Elusimicrobiota,Bacteria,3,0.0007481648785996602,0.0012434343208261806,True,11.0,False,True
warning_acid_accumulation,BAC_P::Elusimicrobiota,Bacteria,3,,,True,,False,False
warning_ammonia_toxicity,BAC_P::Elusimicrobiota,Bacteria,3,0.0,0.0,True,168.5,False,False
warning_biogas_quality,BAC_P::Elusimicrobiota,Bacteria,3,,,True,,False,False
warning_acid_base_balance,BAC_P::Fermentibacterota,Bacteria,3,0.007788045288045291,0.003125480625867987,True,6.0,True,True
warning_buffer_capacity,BAC_P::Fermentibacterota,Bacteria,3,0.0,0.0,True,147.5,False,False
warning_acid_accumulation,BAC_P::Fermentibacterota,Bacteria,3,,,True,,False,False
warning_ammonia_toxicity,BAC_P::Fermentibacterota,Bacteria,3,0.0,0.0,True,168.5,False,False
warning_biogas_quality,BAC_P::Fermentibacterota,Bacteria,3,,,True,,False,False
warning_acid_base_balance,BAC_P::Fibrobacterota,Bacteria,3,0.0,0.0,True,155.5,False,False
warning_buffer_capacity,BAC_P::Fibrobacterota,Bacteria,3,0.0,0.0,True,147.5,False,False
warning_acid_accumulation,BAC_P::Fibrobacterota,Bacteria,3,,,True,,False,False
warning_ammonia_toxicity,BAC_P::Fibrobacterota,Bacteria,3,0.0,0.0,True,168.5,False,False
warning_biogas_quality,BAC_P::Fibrobacterota,Bacteria,3,,,True,,False,False
warning_acid_base_balance,BAC_P::Firmicutes,Bacteria,3,0.0015530303030303033,0.002559935927711797,True,26.0,False,False
warning_buffer_capacity,BAC_P::Firmicutes,Bacteria,3,0.0,0.0,True,147.5,False,False
warning_acid_accumulation,BAC_P::Firmicutes,Bacteria,3,,,True,,False,False
warning_ammonia_toxicity,BAC_P::Firmicutes,Bacteria,3,0.01987012987012988,0.007724701893466591,True,13.0,False,True
warning_biogas_quality,BAC_P::Firmicutes,Bacteria,3,,,True,,False,False
warning_acid_base_balance,BAC_P::Fusobacteriota,Bacteria,3,0.0,0.0,True,155.5,False,False
warning_buffer_capacity,BAC_P::Fusobacteriota,Bacteria,3,0.0,0.0,True,147.5,False,False
warning_acid_accumulation,BAC_P::Fusobacteriota,Bacteria,3,,,True,,False,False
warning_ammonia_toxicity,BAC_P::Fusobacteriota,Bacteria,3,0.0,0.0,True,168.5,False,False
warning_biogas_quality,BAC_P::Fusobacteriota,Bacteria,3,,,True,,False,False
warning_acid_base_balance,BAC_P::Halanaerobiaeota,Bacteria,3,0.0,0.0,True,155.5,False,False
warning_buffer_capacity,BAC_P::Halanaerobiaeota,Bacteria,3,0.0,0.0,True,147.5,False,False
warning_acid_accumulation,BAC_P::Halanaerobiaeota,Bacteria,3,,,True,,False,False
warning_ammonia_toxicity,BAC_P::Halanaerobiaeota,Bacteria,3,0.0,0.0,True,168.5,False,False
warning_biogas_quality,BAC_P::Halanaerobiaeota,Bacteria,3,,,True,,False,False
warning_acid_base_balance,BAC_P::Marinimicrobia_(SAR406_clade),Bacteria,3,0.0,0.0,False,155.5,False,False
warning_buffer_capacity,BAC_P::Marinimicrobia_(SAR406_clade),Bacteria,3,0.0,0.0,False,147.5,False,False
warning_acid_accumulation,BAC_P::Marinimicrobia_(SAR406_clade),Bacteria,3,,,False,,False,False
warning_ammonia_toxicity,BAC_P::Marinimicrobia_(SAR406_clade),Bacteria,3,0.0,0.0,False,168.5,False,False
warning_biogas_quality,BAC_P::Marinimicrobia_(SAR406_clade),Bacteria,3,,,False,,False,False
warning_acid_base_balance,BAC_P::Patescibacteria,Bacteria,3,0.0,0.0,True,155.5,False,False
warning_buffer_capacity,BAC_P::Patescibacteria,Bacteria,3,0.0,0.0,True,147.5,False,False
warning_acid_accumulation,BAC_P::Patescibacteria,Bacteria,3,,,True,,False,False
warning_ammonia_toxicity,BAC_P::Patescibacteria,Bacteria,3,0.0014285714285714346,0.004397050080364965,True,58.0,False,False
warning_biogas_quality,BAC_P::Patescibacteria,Bacteria,3,,,True,,False,False
warning_acid_base_balance,BAC_P::Planctomycetota,Bacteria,3,0.0,0.0,True,155.5,False,False
warning_buffer_capacity,BAC_P::Planctomycetota,Bacteria,3,0.0,0.0,True,147.5,False,False
warning_acid_accumulation,BAC_P::Planctomycetota,Bacteria,3,,,True,,False,False
warning_ammonia_toxicity,BAC_P::Planctomycetota,Bacteria,3,0.0,0.0,True,168.5,False,False
warning_biogas_quality,BAC_P::Planctomycetota,Bacteria,3,,,True,,False,False
warning_acid_base_balance,BAC_P::Proteobacteria,Bacteria,3,0.0,0.0,True,155.5,False,False
warning_buffer_capacity,BAC_P::Proteobacteria,Bacteria,3,0.0016233766233766204,0.0009616053210374859,True,4.0,True,True
warning_acid_accumulation,BAC_P::Proteobacteria,Bacteria,3,,,True,,False,False
warning_ammonia_toxicity,BAC_P::Proteobacteria,Bacteria,3,0.0,0.0,True,168.5,False,False
warning_biogas_quality,BAC_P::Proteobacteria,Bacteria,3,,,True,,False,False
warning_acid_base_balance,BAC_P::Spirochaetota,Bacteria,3,0.0,0.0,True,155.5,False,False
warning_buffer_capacity,BAC_P::Spirochaetota,Bacteria,3,0.003113589309241481,0.0017487590843906246,True,1.0,True,True
warning_acid_accumulation,BAC_P::Spirochaetota,Bacteria,3,,,True,,False,False
warning_ammonia_toxicity,BAC_P::Spirochaetota,Bacteria,3,0.0,0.0,True,168.5,False,False
warning_biogas_quality,BAC_P::Spirochaetota,Bacteria,3,,,True,,False,False
warning_acid_base_balance,BAC_P::Synergistota,Bacteria,3,0.0,0.0,True,155.5,False,False
warning_buffer_capacity,BAC_P::Synergistota,Bacteria,3,0.0,0.0,True,147.5,False,False
warning_acid_accumulation,BAC_P::Synergistota,Bacteria,3,,,True,,False,False
warning_ammonia_toxicity,BAC_P::Synergistota,Bacteria,3,0.006883116883116913,0.007151861595872322,True,44.0,False,False
warning_biogas_quality,BAC_P::Synergistota,Bacteria,3,,,True,,False,False
warning_acid_base_balance,BAC_P::Thermotogota,Bacteria,3,0.0,0.0,True,155.5,False,False
warning_buffer_capacity,BAC_P::Thermotogota,Bacteria,3,0.0006493506493506482,0.0010176674155446459,True,12.0,False,True
warning_acid_accumulation,BAC_P::Thermotogota,Bacteria,3,,,True,,False,False
warning_ammonia_toxicity,BAC_P::Thermotogota,Bacteria,3,0.0,0.0,True,168.5,False,False
warning_biogas_quality,BAC_P::Thermotogota,Bacteria,3,,,True,,False,False
warning_acid_base_balance,BAC_P::Verrucomicrobiota,Bacteria,3,0.0004545454545454547,0.0013990613892070289,True,37.0,False,False
warning_buffer_capacity,BAC_P::Verrucomicrobiota,Bacteria,3,0.0,0.0,True,147.5,False,False
warning_acid_accumulation,BAC_P::Verrucomicrobiota,Bacteria,3,,,True,,False,False
warning_ammonia_toxicity,BAC_P::Verrucomicrobiota,Bacteria,3,0.0,0.0,True,168.5,False,False
warning_biogas_quality,BAC_P::Verrucomicrobiota,Bacteria,3,,,True,,False,False
warning_acid_base_balance,BAC_P::WS1,Bacteria,3,0.0,0.0,True,155.5,False,False
warning_buffer_capacity,BAC_P::WS1,Bacteria,3,0.0,0.0,True,147.5,False,False
warning_acid_accumulation,BAC_P::WS1,Bacteria,3,,,True,,False,False
warning_ammonia_toxicity,BAC_P::WS1,Bacteria,3,0.0,0.0,True,168.5,False,False
warning_biogas_quality,BAC_P::WS1,Bacteria,3,,,True,,False,False
warning_acid_base_balance,BAC_P::unidentified,Bacteria,3,0.0,0.0,True,155.5,False,False
warning_buffer_capacity,BAC_P::unidentified,Bacteria,3,0.0007575757575757562,0.0010592218288519308,True,10.0,True,True
warning_acid_accumulation,BAC_P::unidentified,Bacteria,3,,,True,,False,False
warning_ammonia_toxicity,BAC_P::unidentified,Bacteria,3,0.004718614718614728,0.00683560035656415,True,50.0,False,False
warning_biogas_quality,BAC_P::unidentified,Bacteria,3,,,True,,False,False
warning_acid_base_balance,BAC_G::009E01-B-SD-P15,Bacteria,3,0.0,0.0,True,155.5,False,False
warning_buffer_capacity,BAC_G::009E01-B-SD-P15,Bacteria,3,0.0,0.0,True,147.5,False,False
warning_acid_accumulation,BAC_G::009E01-B-SD-P15,Bacteria,3,,,True,,False,False
warning_ammonia_toxicity,BAC_G::009E01-B-SD-P15,Bacteria,3,0.0,0.0,True,168.5,False,False
warning_biogas_quality,BAC_G::009E01-B-SD-P15,Bacteria,3,,,True,,False,False
warning_acid_base_balance,BAC_G::113B434,Bacteria,3,0.0,0.0,True,155.5,False,False
warning_buffer_capacity,BAC_G::113B434,Bacteria,3,0.0,0.0,True,147.5,False,False
warning_acid_accumulation,BAC_G::113B434,Bacteria,3,,,True,,False,False
warning_ammonia_toxicity,BAC_G::113B434,Bacteria,3,0.0,0.0,True,168.5,False,False
warning_biogas_quality,BAC_G::113B434,Bacteria,3,,,True,,False,False
warning_acid_base_balance,BAC_G::AAP99,Bacteria,3,0.0,0.0,True,155.5,False,False
warning_buffer_capacity,BAC_G::AAP99,Bacteria,3,0.0,0.0,True,147.5,False,False
warning_acid_accumulation,BAC_G::AAP99,Bacteria,3,,,True,,False,False
warning_ammonia_toxicity,BAC_G::AAP99,Bacteria,3,0.0,0.0,True,168.5,False,False
warning_biogas_quality,BAC_G::AAP99,Bacteria,3,,,True,,False,False
warning_acid_base_balance,BAC_G::ADurb.Bin063-1,Bacteria,3,0.0,0.0,True,155.5,False,False
warning_buffer_capacity,BAC_G::ADurb.Bin063-1,Bacteria,3,0.0,0.0,True,147.5,False,False
warning_acid_accumulation,BAC_G::ADurb.Bin063-1,Bacteria,3,,,True,,False,False
warning_ammonia_toxicity,BAC_G::ADurb.Bin063-1,Bacteria,3,0.0,0.0,True,168.5,False,False
warning_biogas_quality,BAC_G::ADurb.Bin063-1,Bacteria,3,,,True,,False,False
warning_acid_base_balance,BAC_G::ADurb.Bin120,Bacteria,3,0.0,0.0,False,155.5,False,False
warning_buffer_capacity,BAC_G::ADurb.Bin120,Bacteria,3,0.0,0.0,False,147.5,False,False
warning_acid_accumulation,BAC_G::ADurb.Bin120,Bacteria,3,,,False,,False,False
warning_ammonia_toxicity,BAC_G::ADurb.Bin120,Bacteria,3,0.0,0.0,False,168.5,False,False
warning_biogas_quality,BAC_G::ADurb.Bin120,Bacteria,3,,,False,,False,False
warning_acid_base_balance,BAC_G::AKYH767,Bacteria,3,0.0,0.0,True,155.5,False,False
warning_buffer_capacity,BAC_G::AKYH767,Bacteria,3,0.0,0.0,True,147.5,False,False
warning_acid_accumulation,BAC_G::AKYH767,Bacteria,3,,,True,,False,False
warning_ammonia_toxicity,BAC_G::AKYH767,Bacteria,3,0.0,0.0,True,168.5,False,False
warning_biogas_quality,BAC_G::AKYH767,Bacteria,3,,,True,,False,False
warning_acid_base_balance,BAC_G::AUTHM297,Bacteria,3,0.0,0.0,True,155.5,False,False
warning_buffer_capacity,BAC_G::AUTHM297,Bacteria,3,0.0,0.0,True,147.5,False,False
warning_acid_accumulation,BAC_G::AUTHM297,Bacteria,3,,,True,,False,False
warning_ammonia_toxicity,BAC_G::AUTHM297,Bacteria,3,0.0,0.0,True,168.5,False,False
warning_biogas_quality,BAC_G::AUTHM297,Bacteria,3,,,True,,False,False
warning_acid_base_balance,BAC_G::Acetobacter,Bacteria,3,0.0,0.0,True,155.5,False,False
warning_buffer_capacity,BAC_G::Acetobacter,Bacteria,3,0.0,0.0,True,147.5,False,False
warning_acid_accumulation,BAC_G::Acetobacter,Bacteria,3,,,True,,False,False
warning_ammonia_toxicity,BAC_G::Acetobacter,Bacteria,3,0.0,0.0,True,168.5,False,False
warning_biogas_quality,BAC_G::Acetobacter,Bacteria,3,,,True,,False,False
warning_acid_base_balance,BAC_G::Acetomicrobium,Bacteria,3,0.0,0.0,True,155.5,False,False
warning_buffer_capacity,BAC_G::Acetomicrobium,Bacteria,3,0.0,0.0,True,147.5,False,False
warning_acid_accumulation,BAC_G::Acetomicrobium,Bacteria,3,,,True,,False,False
warning_ammonia_toxicity,BAC_G::Acetomicrobium,Bacteria,3,0.0,0.0,True,168.5,False,False
warning_biogas_quality,BAC_G::Acetomicrobium,Bacteria,3,,,True,,False,False
warning_acid_base_balance,BAC_G::Acetothermiia,Bacteria,3,0.0,0.0,True,155.5,False,False
warning_buffer_capacity,BAC_G::Acetothermiia,Bacteria,3,0.0,0.0,True,147.5,False,False
warning_acid_accumulation,BAC_G::Acetothermiia,Bacteria,3,,,True,,False,False
warning_ammonia_toxicity,BAC_G::Acetothermiia,Bacteria,3,0.0,0.0,True,168.5,False,False
warning_biogas_quality,BAC_G::Acetothermiia,Bacteria,3,,,True,,False,False
warning_acid_base_balance,BAC_G::Acholeplasma,Bacteria,3,0.004074675324675327,0.008470762903512816,True,14.0,False,True
warning_buffer_capacity,BAC_G::Acholeplasma,Bacteria,3,0.0,0.0,True,147.5,False,False
warning_acid_accumulation,BAC_G::Acholeplasma,Bacteria,3,,,True,,False,False
warning_ammonia_toxicity,BAC_G::Acholeplasma,Bacteria,3,0.054812409812409826,0.026694021559485376,True,4.0,True,True
warning_biogas_quality,BAC_G::Acholeplasma,Bacteria,3,,,True,,False,False
warning_acid_base_balance,BAC_G::Acidovorax,Bacteria,3,0.0004166666666666666,0.001863389981249824,True,40.5,False,False
warning_buffer_capacity,BAC_G::Acidovorax,Bacteria,3,0.0,0.0,True,147.5,False,False
warning_acid_accumulation,BAC_G::Acidovorax,Bacteria,3,,,True,,False,False
warning_ammonia_toxicity,BAC_G::Acidovorax,Bacteria,3,0.0,0.0,True,168.5,False,False
warning_biogas_quality,BAC_G::Acidovorax,Bacteria,3,,,True,,False,False
warning_acid_base_balance,BAC_G::Acinetobacter,Bacteria,3,0.0,0.0,True,155.5,False,False
warning_buffer_capacity,BAC_G::Acinetobacter,Bacteria,3,0.0,0.0,True,147.5,False,False
warning_acid_accumulation,BAC_G::Acinetobacter,Bacteria,3,,,True,,False,False
warning_ammonia_toxicity,BAC_G::Acinetobacter,Bacteria,3,0.0,0.0,True,168.5,False,False
warning_biogas_quality,BAC_G::Acinetobacter,Bacteria,3,,,True,,False,False
warning_acid_base_balance,BAC_G::Actinomyces,Bacteria,3,0.0,0.0,True,155.5,False,False
warning_buffer_capacity,BAC_G::Actinomyces,Bacteria,3,0.0,0.0,True,147.5,False,False
warning_acid_accumulation,BAC_G::Actinomyces,Bacteria,3,,,True,,False,False
warning_ammonia_toxicity,BAC_G::Actinomyces,Bacteria,3,0.0,0.0,True,168.5,False,False
warning_biogas_quality,BAC_G::Actinomyces,Bacteria,3,,,True,,False,False
warning_acid_base_balance,BAC_G::Aeriscardovia,Bacteria,3,0.0,0.0,True,155.5,False,False
warning_buffer_capacity,BAC_G::Aeriscardovia,Bacteria,3,0.0,0.0,True,147.5,False,False
warning_acid_accumulation,BAC_G::Aeriscardovia,Bacteria,3,,,True,,False,False
warning_ammonia_toxicity,BAC_G::Aeriscardovia,Bacteria,3,0.0,0.0,True,168.5,False,False
warning_biogas_quality,BAC_G::Aeriscardovia,Bacteria,3,,,True,,False,False
warning_acid_base_balance,BAC_G::Alkaliphilus,Bacteria,3,-0.000555555555555555,0.0022580600617290738,True,269.0,False,False
warning_buffer_capacity,BAC_G::Alkaliphilus,Bacteria,3,0.0,0.0,True,147.5,False,False
warning_acid_accumulation,BAC_G::Alkaliphilus,Bacteria,3,,,True,,False,False
warning_ammonia_toxicity,BAC_G::Alkaliphilus,Bacteria,3,0.0,0.0,True,168.5,False,False
warning_biogas_quality,BAC_G::Alkaliphilus,Bacteria,3,,,True,,False,False
warning_acid_base_balance,BAC_G::Aminicenantales,Bacteria,3,0.0,0.0,True,155.5,False,False
warning_buffer_capacity,BAC_G::Aminicenantales,Bacteria,3,0.0,0.0,True,147.5,False,False
warning_acid_accumulation,BAC_G::Aminicenantales,Bacteria,3,,,True,,False,False
warning_ammonia_toxicity,BAC_G::Aminicenantales,Bacteria,3,0.0,0.0,True,168.5,False,False
warning_biogas_quality,BAC_G::Aminicenantales,Bacteria,3,,,True,,False,False
warning_acid_base_balance,BAC_G::Aminobacterium,Bacteria,3,-0.0002777777777777775,0.001242259987499882,True,268.0,False,False
warning_buffer_capacity,BAC_G::Aminobacterium,Bacteria,3,0.00010822510822510804,0.0004839973977272263,True,29.0,False,False
warning_acid_accumulation,BAC_G::Aminobacterium,Bacteria,3,,,True,,False,False
warning_ammonia_toxicity,BAC_G::Aminobacterium,Bacteria,3,0.01402597402597408,0.0038755438375701863,True,26.5,False,False
warning_biogas_quality,BAC_G::Aminobacterium,Bacteria,3,,,True,,False,False
warning_acid_base_balance,BAC_G::Anaerococcus,Bacteria,3,0.0,0.0,True,155.5,False,False
warning_buffer_capacity,BAC_G::Anaerococcus,Bacteria,3,0.0,0.0,True,147.5,False,False
warning_acid_accumulation,BAC_G::Anaerococcus,Bacteria,3,,,True,,False,False
warning_ammonia_toxicity,BAC_G::Anaerococcus,Bacteria,3,0.0,0.0,True,168.5,False,False
warning_biogas_quality,BAC_G::Anaerococcus,Bacteria,3,,,True,,False,False
warning_acid_base_balance,BAC_G::Anaerofustis,Bacteria,3,0.0,0.0,True,155.5,False,False
warning_buffer_capacity,BAC_G::Anaerofustis,Bacteria,3,0.0,0.0,True,147.5,False,False
warning_acid_accumulation,BAC_G::Anaerofustis,Bacteria,3,,,True,,False,False
warning_ammonia_toxicity,BAC_G::Anaerofustis,Bacteria,3,0.0,0.0,True,168.5,False,False
warning_biogas_quality,BAC_G::Anaerofustis,Bacteria,3,,,True,,False,False
warning_acid_base_balance,BAC_G::Anaerostignum,Bacteria,3,0.0,0.0,True,155.5,False,False
warning_buffer_capacity,BAC_G::Anaerostignum,Bacteria,3,0.0,0.0,True,147.5,False,False
warning_acid_accumulation,BAC_G::Anaerostignum,Bacteria,3,,,True,,False,False
warning_ammonia_toxicity,BAC_G::Anaerostignum,Bacteria,3,0.0,0.0,True,168.5,False,False
warning_biogas_quality,BAC_G::Anaerostignum,Bacteria,3,,,True,,False,False
warning_acid_base_balance,BAC_G::Anaerovorax,Bacteria,3,0.00012626262626262708,0.002944355305807337,True,44.0,False,False
warning_buffer_capacity,BAC_G::Anaerovorax,Bacteria,3,-1.0822510822511288e-05,0.0007381221310185273,True,262.0,False,False
warning_acid_accumulation,BAC_G::Anaerovorax,Bacteria,3,,,True,,False,False
warning_ammonia_toxicity,BAC_G::Anaerovorax,Bacteria,3,0.06684343434343439,0.03440852213103141,True,3.0,True,True
warning_biogas_quality,BAC_G::Anaerovorax,Bacteria,3,,,True,,False,False
warning_acid_base_balance,BAC_G::Arenimonas,Bacteria,3,0.0,0.0,True,155.5,False,False
warning_buffer_capacity,BAC_G::Arenimonas,Bacteria,3,0.0,0.0,True,147.5,False,False
warning_acid_accumulation,BAC_G::Arenimonas,Bacteria,3,,,True,,False,False
warning_ammonia_toxicity,BAC_G::Arenimonas,Bacteria,3,0.0,0.0,True,168.5,False,False
warning_biogas_quality,BAC_G::Arenimonas,Bacteria,3,,,True,,False,False
warning_acid_base_balance,BAC_G::Atopobium,Bacteria,3,0.0,0.0,True,155.5,False,False
warning_buffer_capacity,BAC_G::Atopobium,Bacteria,3,0.0,0.0,True,147.5,False,False
warning_acid_accumulation,BAC_G::Atopobium,Bacteria,3,,,True,,False,False
warning_ammonia_toxicity,BAC_G::Atopobium,Bacteria,3,0.0,0.0,True,168.5,False,False
warning_biogas_quality,BAC_G::Atopobium,Bacteria,3,,,True,,False,False
warning_acid_base_balance,BAC_G::Azospira,Bacteria,3,0.0,0.0,True,155.5,False,False
warning_buffer_capacity,BAC_G::Azospira,Bacteria,3,0.0,0.0,True,147.5,False,False
warning_acid_accumulation,BAC_G::Azospira,Bacteria,3,,,True,,False,False
warning_ammonia_toxicity,BAC_G::Azospira,Bacteria,3,0.0,0.0,True,168.5,False,False
warning_biogas_quality,BAC_G::Azospira,Bacteria,3,,,True,,False,False
warning_acid_base_balance,BAC_G::BD1-7_clade,Bacteria,3,0.0,0.0,True,155.5,False,False
warning_buffer_capacity,BAC_G::BD1-7_clade,Bacteria,3,0.0,0.0,True,147.5,False,False
warning_acid_accumulation,BAC_G::BD1-7_clade,Bacteria,3,,,True,,False,False
warning_ammonia_toxicity,BAC_G::BD1-7_clade,Bacteria,3,0.0,0.0,True,168.5,False,False
warning_biogas_quality,BAC_G::BD1-7_clade,Bacteria,3,,,True,,False,False
warning_acid_base_balance,BAC_G::BRH-c20a,Bacteria,3,0.0,0.0,False,155.5,False,False
warning_buffer_capacity,BAC_G::BRH-c20a,Bacteria,3,0.0,0.0,False,147.5,False,False
warning_acid_accumulation,BAC_G::BRH-c20a,Bacteria,3,,,False,,False,False
warning_ammonia_toxicity,BAC_G::BRH-c20a,Bacteria,3,0.0,0.0,False,168.5,False,False
warning_biogas_quality,BAC_G::BRH-c20a,Bacteria,3,,,False,,False,False
warning_acid_base_balance,BAC_G::Babeliales,Bacteria,3,0.0,0.0,True,155.5,False,False
warning_buffer_capacity,BAC_G::Babeliales,Bacteria,3,0.0,0.0,True,147.5,False,False
warning_acid_accumulation,BAC_G::Babeliales,Bacteria,3,,,True,,False,False
warning_ammonia_toxicity,BAC_G::Babeliales,Bacteria,3,0.0,0.0,True,168.5,False,False
warning_biogas_quality,BAC_G::Babeliales,Bacteria,3,,,True,,False,False
warning_acid_base_balance,BAC_G::Bacillus,Bacteria,3,0.0,0.0,True,155.5,False,False
warning_buffer_capacity,BAC_G::Bacillus,Bacteria,3,0.0,0.0,True,147.5,False,False
warning_acid_accumulation,BAC_G::Bacillus,Bacteria,3,,,True,,False,False
warning_ammonia_toxicity,BAC_G::Bacillus,Bacteria,3,0.0,0.0,True,168.5,False,False
warning_biogas_quality,BAC_G::Bacillus,Bacteria,3,,,True,,False,False
warning_acid_base_balance,BAC_G::Bacteroidales_UCG-001,Bacteria,3,0.0080698855555835,0.009629773354309056,True,4.0,True,True
warning_buffer_capacity,BAC_G::Bacteroidales_UCG-001,Bacteria,3,0.0,0.0,True,147.5,False,False
warning_acid_accumulation,BAC_G::Bacteroidales_UCG-001,Bacteria,3,,,True,,False,False
warning_ammonia_toxicity,BAC_G::Bacteroidales_UCG-001,Bacteria,3,0.08053391053391051,0.05711223339061774,True,2.0,True,True
warning_biogas_quality,BAC_G::Bacteroidales_UCG-001,Bacteria,3,,,True,,False,False
warning_acid_base_balance,BAC_G::Bacteroides,Bacteria,3,0.0,0.0,True,155.5,False,False
warning_buffer_capacity,BAC_G::Bacteroides,Bacteria,3,0.0,0.0,True,147.5,False,False
warning_acid_accumulation,BAC_G::Bacteroides,Bacteria,3,,,True,,False,False
warning_ammonia_toxicity,BAC_G::Bacteroides,Bacteria,3,0.0,0.0,True,168.5,False,False
warning_biogas_quality,BAC_G::Bacteroides,Bacteria,3,,,True,,False,False
warning_acid_base_balance,BAC_G::Bacteroidetes_VC2.1_Bac22,Bacteria,3,0.0,0.0,True,155.5,False,False
warning_buffer_capacity,BAC_G::Bacteroidetes_VC2.1_Bac22,Bacteria,3,0.0,0.0,True,147.5,False,False
warning_acid_accumulation,BAC_G::Bacteroidetes_VC2.1_Bac22,Bacteria,3,,,True,,False,False
warning_ammonia_toxicity,BAC_G::Bacteroidetes_VC2.1_Bac22,Bacteria,3,0.0,0.0,True,168.5,False,False
warning_biogas_quality,BAC_G::Bacteroidetes_VC2.1_Bac22,Bacteria,3,,,True,,False,False
warning_acid_base_balance,BAC_G::Bacteroidetes_vadinHA17,Bacteria,3,0.0,0.0,True,155.5,False,False
warning_buffer_capacity,BAC_G::Bacteroidetes_vadinHA17,Bacteria,3,0.0,0.0,True,147.5,False,False
warning_acid_accumulation,BAC_G::Bacteroidetes_vadinHA17,Bacteria,3,,,True,,False,False
warning_ammonia_toxicity,BAC_G::Bacteroidetes_vadinHA17,Bacteria,3,0.0,0.0,True,168.5,False,False
warning_biogas_quality,BAC_G::Bacteroidetes_vadinHA17,Bacteria,3,,,True,,False,False
warning_acid_base_balance,BAC_G::Bdellovibrio,Bacteria,3,0.0,0.0,True,155.5,False,False
warning_buffer_capacity,BAC_G::Bdellovibrio,Bacteria,3,0.0,0.0,True,147.5,False,False
warning_acid_accumulation,BAC_G::Bdellovibrio,Bacteria,3,,,True,,False,False
warning_ammonia_toxicity,BAC_G::Bdellovibrio,Bacteria,3,0.0,0.0,True,168.5,False,False
warning_biogas_quality,BAC_G::Bdellovibrio,Bacteria,3,,,True,,False,False
warning_acid_base_balance,BAC_G::Bifidobacterium,Bacteria,3,0.0,0.0,True,155.5,False,False
warning_buffer_capacity,BAC_G::Bifidobacterium,Bacteria,3,0.0,0.0,True,147.5,False,False
warning_acid_accumulation,BAC_G::Bifidobacterium,Bacteria,3,,,True,,False,False
warning_ammonia_toxicity,BAC_G::Bifidobacterium,Bacteria,3,0.0,0.0,True,168.5,False,False
warning_biogas_quality,BAC_G::Bifidobacterium,Bacteria,3,,,True,,False,False
warning_acid_base_balance,BAC_G::Butyrivibrio,Bacteria,3,-0.0039606592238171185,0.00520469565394951,True,271.0,False,False
warning_buffer_capacity,BAC_G::Butyrivibrio,Bacteria,3,-0.0054511278195488715,0.0010711916623757987,True,272.0,False,False
warning_acid_accumulation,BAC_G::Butyrivibrio,Bacteria,3,,,True,,False,False
warning_ammonia_toxicity,BAC_G::Butyrivibrio,Bacteria,3,0.0,0.0,True,168.5,False,False
warning_biogas_quality,BAC_G::Butyrivibrio,Bacteria,3,,,True,,False,False
warning_acid_base_balance,BAC_G::Caldicoprobacter,Bacteria,3,-0.011051186300799298,0.01562152115132468,True,274.0,False,False
warning_buffer_capacity,BAC_G::Caldicoprobacter,Bacteria,3,0.00021645021645021607,0.0006662197091462028,True,21.5,False,False
warning_acid_accumulation,BAC_G::Caldicoprobacter,Bacteria,3,,,True,,False,False
warning_ammonia_toxicity,BAC_G::Caldicoprobacter,Bacteria,3,0.014318181818181841,0.007107479863768689,True,22.0,False,False
warning_biogas_quality,BAC_G::Caldicoprobacter,Bacteria,3,,,True,,False,False
warning_acid_base_balance,BAC_G::Caldisericum,Bacteria,3,0.0,0.0,True,155.5,False,False
warning_buffer_capacity,BAC_G::Caldisericum,Bacteria,3,0.0,0.0,True,147.5,False,False
warning_acid_accumulation,BAC_G::Caldisericum,Bacteria,3,,,True,,False,False
warning_ammonia_toxicity,BAC_G::Caldisericum,Bacteria,3,0.0,0.0,True,168.5,False,False
warning_biogas_quality,BAC_G::Caldisericum,Bacteria,3,,,True,,False,False
warning_acid_base_balance,BAC_G::Candidatus_Accumulibacter,Bacteria,3,0.0,0.0,True,155.5,False,False
warning_buffer_capacity,BAC_G::Candidatus_Accumulibacter,Bacteria,3,0.0,0.0,True,147.5,False,False
warning_acid_accumulation,BAC_G::Candidatus_Accumulibacter,Bacteria,3,,,True,,False,False
warning_ammonia_toxicity,BAC_G::Candidatus_Accumulibacter,Bacteria,3,0.0,0.0,True,168.5,False,False
warning_biogas_quality,BAC_G::Candidatus_Accumulibacter,Bacteria,3,,,True,,False,False
warning_acid_base_balance,BAC_G::Candidatus_Caldatribacterium,Bacteria,3,0.0004166666666666666,0.0018633899812498238,True,40.5,False,False
warning_buffer_capacity,BAC_G::Candidatus_Caldatribacterium,Bacteria,3,0.0,0.0,True,147.5,False,False
warning_acid_accumulation,BAC_G::Candidatus_Caldatribacterium,Bacteria,3,,,True,,False,False
warning_ammonia_toxicity,BAC_G::Candidatus_Caldatribacterium,Bacteria,3,0.0,0.0,True,168.5,False,False
warning_biogas_quality,BAC_G::Candidatus_Caldatribacterium,Bacteria,3,,,True,,False,False
warning_acid_base_balance,BAC_G::Candidatus_Cloacimonas,Bacteria,3,0.004696969696969697,0.0035414241189793425,True,12.0,False,True
warning_buffer_capacity,BAC_G::Candidatus_Cloacimonas,Bacteria,3,0.0,0.0,True,147.5,False,False
warning_acid_accumulation,BAC_G::Candidatus_Cloacimonas,Bacteria,3,,,True,,False,False
warning_ammonia_toxicity,BAC_G::Candidatus_Cloacimonas,Bacteria,3,0.0,0.0,True,168.5,False,False
warning_biogas_quality,BAC_G::Candidatus_Cloacimonas,Bacteria,3,,,True,,False,False
warning_acid_base_balance,BAC_G::Candidatus_Competibacter,Bacteria,3,0.0,0.0,True,155.5,False,False
warning_buffer_capacity,BAC_G::Candidatus_Competibacter,Bacteria,3,0.0,0.0,True,147.5,False,False
warning_acid_accumulation,BAC_G::Candidatus_Competibacter,Bacteria,3,,,True,,False,False
warning_ammonia_toxicity,BAC_G::Candidatus_Competibacter,Bacteria,3,0.0,0.0,True,168.5,False,False
warning_biogas_quality,BAC_G::Candidatus_Competibacter,Bacteria,3,,,True,,False,False
warning_acid_base_balance,BAC_G::Candidatus_Omnitrophus,Bacteria,3,0.0,0.0,True,155.5,False,False
warning_buffer_capacity,BAC_G::Candidatus_Omnitrophus,Bacteria,3,0.0,0.0,True,147.5,False,False
warning_acid_accumulation,BAC_G::Candidatus_Omnitrophus,Bacteria,3,,,True,,False,False
warning_ammonia_toxicity,BAC_G::Candidatus_Omnitrophus,Bacteria,3,0.0,0.0,True,168.5,False,False
warning_biogas_quality,BAC_G::Candidatus_Omnitrophus,Bacteria,3,,,True,,False,False
warning_acid_base_balance,BAC_G::Candidatus_Soleaferrea,Bacteria,3,0.0,0.0,True,155.5,False,False
warning_buffer_capacity,BAC_G::Candidatus_Soleaferrea,Bacteria,3,0.0,0.0,True,147.5,False,False
warning_acid_accumulation,BAC_G::Candidatus_Soleaferrea,Bacteria,3,,,True,,False,False
warning_ammonia_toxicity,BAC_G::Candidatus_Soleaferrea,Bacteria,3,0.0,0.0,True,168.5,False,False
warning_biogas_quality,BAC_G::Candidatus_Soleaferrea,Bacteria,3,,,True,,False,False
warning_acid_base_balance,BAC_G::Caproiciproducens,Bacteria,3,0.0,0.0,True,155.5,False,False
warning_buffer_capacity,BAC_G::Caproiciproducens,Bacteria,3,0.0,0.0,True,147.5,False,False
warning_acid_accumulation,BAC_G::Caproiciproducens,Bacteria,3,,,True,,False,False
warning_ammonia_toxicity,BAC_G::Caproiciproducens,Bacteria,3,0.0,0.0,True,168.5,False,False
warning_biogas_quality,BAC_G::Caproiciproducens,Bacteria,3,,,True,,False,False
warning_acid_base_balance,BAC_G::Chthonomonadales,Bacteria,3,0.0,0.0,True,155.5,False,False
warning_buffer_capacity,BAC_G::Chthonomonadales,Bacteria,3,0.0,0.0,True,147.5,False,False
warning_acid_accumulation,BAC_G::Chthonomonadales,Bacteria,3,,,True,,False,False
warning_ammonia_toxicity,BAC_G::Chthonomonadales,Bacteria,3,0.0,0.0,True,168.5,False,False
warning_biogas_quality,BAC_G::Chthonomonadales,Bacteria,3,,,True,,False,False
warning_acid_base_balance,BAC_G::Cloacimonadaceae,Bacteria,3,0.0,0.0,True,155.5,False,False
warning_buffer_capacity,BAC_G::Cloacimonadaceae,Bacteria,3,0.0,0.0,True,147.5,False,False
warning_acid_accumulation,BAC_G::Cloacimonadaceae,Bacteria,3,,,True,,False,False
warning_ammonia_toxicity,BAC_G::Cloacimonadaceae,Bacteria,3,0.0,0.0,True,168.5,False,False
warning_biogas_quality,BAC_G::Cloacimonadaceae,Bacteria,3,,,True,,False,False
warning_acid_base_balance,BAC_G::Clostridia_UCG-014,Bacteria,3,0.0,0.0,False,155.5,False,False
warning_buffer_capacity,BAC_G::Clostridia_UCG-014,Bacteria,3,0.0,0.0,False,147.5,False,False
warning_acid_accumulation,BAC_G::Clostridia_UCG-014,Bacteria,3,,,False,,False,False
warning_ammonia_toxicity,BAC_G::Clostridia_UCG-014,Bacteria,3,0.0,0.0,False,168.5,False,False
warning_biogas_quality,BAC_G::Clostridia_UCG-014,Bacteria,3,,,False,,False,False
warning_acid_base_balance,BAC_G::Clostridium_sensu_stricto_1,Bacteria,3,0.0,0.0,True,155.5,False,False
warning_buffer_capacity,BAC_G::Clostridium_sensu_stricto_1,Bacteria,3,0.0,0.0,True,147.5,False,False
warning_acid_accumulation,BAC_G::Clostridium_sensu_stricto_1,Bacteria,3,,,True,,False,False
warning_ammonia_toxicity,BAC_G::Clostridium_sensu_stricto_1,Bacteria,3,0.0,0.0,True,168.5,False,False
warning_biogas_quality,BAC_G::Clostridium_sensu_stricto_1,Bacteria,3,,,True,,False,False
warning_acid_base_balance,BAC_G::Comamonas,Bacteria,3,0.0,0.0,True,155.5,False,False
warning_buffer_capacity,BAC_G::Comamonas,Bacteria,3,0.0,0.0,True,147.5,False,False
warning_acid_accumulation,BAC_G::Comamonas,Bacteria,3,,,True,,False,False
warning_ammonia_toxicity,BAC_G::Comamonas,Bacteria,3,0.0,0.0,True,168.5,False,False
warning_biogas_quality,BAC_G::Comamonas,Bacteria,3,,,True,,False,False
warning_acid_base_balance,BAC_G::Coprothermobacter,Bacteria,3,0.0,0.0,True,155.5,False,False
warning_buffer_capacity,BAC_G::Coprothermobacter,Bacteria,3,0.0,0.0,True,147.5,False,False
warning_acid_accumulation,BAC_G::Coprothermobacter,Bacteria,3,,,True,,False,False
warning_ammonia_toxicity,BAC_G::Coprothermobacter,Bacteria,3,0.0,0.0,True,168.5,False,False
warning_biogas_quality,BAC_G::Coprothermobacter,Bacteria,3,,,True,,False,False
warning_acid_base_balance,BAC_G::D8A-2,Bacteria,3,0.0,0.0,True,155.5,False,False
warning_buffer_capacity,BAC_G::D8A-2,Bacteria,3,0.0019480519480519446,0.0006662197091462026,True,2.5,True,True
warning_acid_accumulation,BAC_G::D8A-2,Bacteria,3,,,True,,False,False
warning_ammonia_toxicity,BAC_G::D8A-2,Bacteria,3,0.0035064935064935245,0.005685942258787701,True,51.0,False,False
warning_biogas_quality,BAC_G::D8A-2,Bacteria,3,,,True,,False,False
warning_acid_base_balance,BAC_G::DEV114,Bacteria,3,0.0,0.0,True,155.5,False,False
warning_buffer_capacity,BAC_G::DEV114,Bacteria,3,0.0,0.0,True,147.5,False,False
warning_acid_accumulation,BAC_G::DEV114,Bacteria,3,,,True,,False,False
warning_ammonia_toxicity,BAC_G::DEV114,Bacteria,3,0.0,0.0,True,168.5,False,False
warning_biogas_quality,BAC_G::DEV114,Bacteria,3,,,True,,False,False
warning_acid_base_balance,BAC_G::DMER64,Bacteria,3,0.004588744588744591,0.0025635755818759964,True,13.0,False,True
warning_buffer_capacity,BAC_G::DMER64,Bacteria,3,0.0,0.0,True,147.5,False,False
warning_acid_accumulation,BAC_G::DMER64,Bacteria,3,,,True,,False,False
warning_ammonia_toxicity,BAC_G::DMER64,Bacteria,3,0.0013636363636363724,0.0033304322593865963,True,59.5,False,False
warning_biogas_quality,BAC_G::DMER64,Bacteria,3,,,True,,False,False
warning_acid_base_balance,BAC_G::DTU014,Bacteria,3,0.0015909090909090914,0.0022243658405890596,True,25.0,False,False
warning_buffer_capacity,BAC_G::DTU014,Bacteria,3,0.0,0.0,True,147.5,False,False
warning_acid_accumulation,BAC_G::DTU014,Bacteria,3,,,True,,False,False
warning_ammonia_toxicity,BAC_G::DTU014,Bacteria,3,0.006428571428571461,0.006284751060230911,True,45.0,False,False
warning_biogas_quality,BAC_G::DTU014,Bacteria,3,,,True,,False,False
warning_acid_base_balance,BAC_G::Dechloromonas,Bacteria,3,0.0,0.0,True,155.5,False,False
warning_buffer_capacity,BAC_G::Dechloromonas,Bacteria,3,0.0015151515151515123,0.0010176674155446459,True,5.0,True,True
warning_acid_accumulation,BAC_G::Dechloromonas,Bacteria,3,,,True,,False,False
warning_ammonia_toxicity,BAC_G::Dechloromonas,Bacteria,3,0.012922077922077963,0.007303846613651226,True,29.0,False,False
warning_biogas_quality,BAC_G::Dechloromonas,Bacteria,3,,,True,,False,False
warning_acid_base_balance,BAC_G::Defluviitoga,Bacteria,3,0.0,0.0,True,155.5,False,False
warning_buffer_capacity,BAC_G::Defluviitoga,Bacteria,3,0.0,0.0,True,147.5,False,False
warning_acid_accumulation,BAC_G::Defluviitoga,Bacteria,3,,,True,,False,False
warning_ammonia_toxicity,BAC_G::Defluviitoga,Bacteria,3,0.0,0.0,True,168.5,False,False
warning_biogas_quality,BAC_G::Defluviitoga,Bacteria,3,,,True,,False,False
warning_acid_base_balance,BAC_G::Denitratisoma,Bacteria,3,0.0,0.0,True,155.5,False,False
warning_buffer_capacity,BAC_G::Denitratisoma,Bacteria,3,0.0,0.0,True,147.5,False,False
warning_acid_accumulation,BAC_G::Denitratisoma,Bacteria,3,,,True,,False,False
warning_ammonia_toxicity,BAC_G::Denitratisoma,Bacteria,3,0.0,0.0,True,168.5,False,False
warning_biogas_quality,BAC_G::Denitratisoma,Bacteria,3,,,True,,False,False
warning_acid_base_balance,BAC_G::Dialister,Bacteria,3,0.0,0.0,True,155.5,False,False
warning_buffer_capacity,BAC_G::Dialister,Bacteria,3,0.0,0.0,True,147.5,False,False
warning_acid_accumulation,BAC_G::Dialister,Bacteria,3,,,True,,False,False
warning_ammonia_toxicity,BAC_G::Dialister,Bacteria,3,0.0,0.0,True,168.5,False,False
warning_biogas_quality,BAC_G::Dialister,Bacteria,3,,,True,,False,False
warning_acid_base_balance,BAC_G::Dokdonella,Bacteria,3,0.0,0.0,True,155.5,False,False
warning_buffer_capacity,BAC_G::Dokdonella,Bacteria,3,0.0,0.0,True,147.5,False,False
warning_acid_accumulation,BAC_G::Dokdonella,Bacteria,3,,,True,,False,False
warning_ammonia_toxicity,BAC_G::Dokdonella,Bacteria,3,0.0,0.0,True,168.5,False,False
warning_biogas_quality,BAC_G::Dokdonella,Bacteria,3,,,True,,False,False
warning_acid_base_balance,BAC_G::Ellin6067,Bacteria,3,0.0,0.0,True,155.5,False,False
warning_buffer_capacity,BAC_G::Ellin6067,Bacteria,3,0.0,0.0,True,147.5,False,False
warning_acid_accumulation,BAC_G::Ellin6067,Bacteria,3,,,True,,False,False
warning_ammonia_toxicity,BAC_G::Ellin6067,Bacteria,3,0.0,0.0,True,168.5,False,False
warning_biogas_quality,BAC_G::Ellin6067,Bacteria,3,,,True,,False,False
warning_acid_base_balance,BAC_G::Endomicrobium,Bacteria,3,0.0,0.0,True,155.5,False,False
warning_buffer_capacity,BAC_G::Endomicrobium,Bacteria,3,0.0,0.0,True,147.5,False,False
warning_acid_accumulation,BAC_G::Endomicrobium,Bacteria,3,,,True,,False,False
warning_ammonia_toxicity,BAC_G::Endomicrobium,Bacteria,3,0.0,0.0,True,168.5,False,False
warning_biogas_quality,BAC_G::Endomicrobium,Bacteria,3,,,True,,False,False
warning_acid_base_balance,BAC_G::Ercella,Bacteria,3,0.0,0.0,True,155.5,False,False
warning_buffer_capacity,BAC_G::Ercella,Bacteria,3,0.0,0.0,True,147.5,False,False
warning_acid_accumulation,BAC_G::Ercella,Bacteria,3,,,True,,False,False
warning_ammonia_toxicity,BAC_G::Ercella,Bacteria,3,0.0,0.0,True,168.5,False,False
warning_biogas_quality,BAC_G::Ercella,Bacteria,3,,,True,,False,False
warning_acid_base_balance,BAC_G::Exilispira,Bacteria,3,0.0,0.0,True,155.5,False,False
warning_buffer_capacity,BAC_G::Exilispira,Bacteria,3,0.0,0.0,True,147.5,False,False
warning_acid_accumulation,BAC_G::Exilispira,Bacteria,3,,,True,,False,False
warning_ammonia_toxicity,BAC_G::Exilispira,Bacteria,3,0.0,0.0,True,168.5,False,False
warning_biogas_quality,BAC_G::Exilispira,Bacteria,3,,,True,,False,False
warning_acid_base_balance,BAC_G::Fastidiosipila,Bacteria,3,0.0,0.0,True,155.5,False,False
warning_buffer_capacity,BAC_G::Fastidiosipila,Bacteria,3,0.0009740259740259723,0.00110480040158883,True,8.0,True,True
warning_acid_accumulation,BAC_G::Fastidiosipila,Bacteria,3,,,True,,False,False
warning_ammonia_toxicity,BAC_G::Fastidiosipila,Bacteria,3,0.0,0.0,True,168.5,False,False
warning_biogas_quality,BAC_G::Fastidiosipila,Bacteria,3,,,True,,False,False
warning_acid_base_balance,BAC_G::Fermentibacteraceae,Bacteria,3,0.00782800532800533,0.0036814476097762243,True,5.0,True,True
warning_buffer_capacity,BAC_G::Fermentibacteraceae,Bacteria,3,0.0,0.0,True,147.5,False,False
warning_acid_accumulation,BAC_G::Fermentibacteraceae,Bacteria,3,,,True,,False,False
warning_ammonia_toxicity,BAC_G::Fermentibacteraceae,Bacteria,3,0.0,0.0,True,168.5,False,False
warning_biogas_quality,BAC_G::Fermentibacteraceae,Bacteria,3,,,True,,False,False
warning_acid_base_balance,BAC_G::Fermentimonas,Bacteria,3,0.0004545454545454547,0.0013990613892070289,True,37.0,False,False
warning_buffer_capacity,BAC_G::Fermentimonas,Bacteria,3,-1.0822510822511288e-05,0.0007381221310185273,True,262.0,False,False
warning_acid_accumulation,BAC_G::Fermentimonas,Bacteria,3,,,True,,False,False
warning_ammonia_toxicity,BAC_G::Fermentimonas,Bacteria,3,0.01402597402597408,0.0038755438375701863,True,26.5,False,False
warning_biogas_quality,BAC_G::Fermentimonas,Bacteria,3,,,True,,False,False
warning_acid_base_balance,BAC_G::Ferruginibacter,Bacteria,3,0.0,0.0,True,155.5,False,False
warning_buffer_capacity,BAC_G::Ferruginibacter,Bacteria,3,0.0,0.0,True,147.5,False,False
warning_acid_accumulation,BAC_G::Ferruginibacter,Bacteria,3,,,True,,False,False
warning_ammonia_toxicity,BAC_G::Ferruginibacter,Bacteria,3,0.0,0.0,True,168.5,False,False
warning_biogas_quality,BAC_G::Ferruginibacter,Bacteria,3,,,True,,False,False
warning_acid_base_balance,BAC_G::Fervidobacterium,Bacteria,3,0.0,0.0,True,155.5,False,False
warning_buffer_capacity,BAC_G::Fervidobacterium,Bacteria,3,0.0,0.0,True,147.5,False,False
warning_acid_accumulation,BAC_G::Fervidobacterium,Bacteria,3,,,True,,False,False
warning_ammonia_toxicity,BAC_G::Fervidobacterium,Bacteria,3,0.0,0.0,True,168.5,False,False
warning_biogas_quality,BAC_G::Fervidobacterium,Bacteria,3,,,True,,False,False
warning_acid_base_balance,BAC_G::Fonticella,Bacteria,3,0.0,0.0,True,155.5,False,False
warning_buffer_capacity,BAC_G::Fonticella,Bacteria,3,0.0,0.0,True,147.5,False,False
warning_acid_accumulation,BAC_G::Fonticella,Bacteria,3,,,True,,False,False
warning_ammonia_toxicity,BAC_G::Fonticella,Bacteria,3,0.0,0.0,True,168.5,False,False
warning_biogas_quality,BAC_G::Fonticella,Bacteria,3,,,True,,False,False
warning_acid_base_balance,BAC_G::Frisingicoccus,Bacteria,3,0.0,0.0,True,155.5,False,False
warning_buffer_capacity,BAC_G::Frisingicoccus,Bacteria,3,0.0,0.0,True,147.5,False,False
warning_acid_accumulation,BAC_G::Frisingicoccus,Bacteria,3,,,True,,False,False
warning_ammonia_toxicity,BAC_G::Frisingicoccus,Bacteria,3,0.0,0.0,True,168.5,False,False
warning_biogas_quality,BAC_G::Frisingicoccus,Bacteria,3,,,True,,False,False
warning_acid_base_balance,BAC_G::Gelria,Bacteria,3,0.0,0.0,True,155.5,False,False
warning_buffer_capacity,BAC_G::Gelria,Bacteria,3,0.0,0.0,True,147.5,False,False
warning_acid_accumulation,BAC_G::Gelria,Bacteria,3,,,True,,False,False
warning_ammonia_toxicity,BAC_G::Gelria,Bacteria,3,0.0,0.0,True,168.5,False,False
warning_biogas_quality,BAC_G::Gelria,Bacteria,3,,,True,,False,False
warning_acid_base_balance,BAC_G::Gracilibacter,Bacteria,3,0.0,0.0,True,155.5,False,False
warning_buffer_capacity,BAC_G::Gracilibacter,Bacteria,3,0.0,0.0,True,147.5,False,False
warning_acid_accumulation,BAC_G::Gracilibacter,Bacteria,3,,,True,,False,False
warning_ammonia_toxicity,BAC_G::Gracilibacter,Bacteria,3,0.0,0.0,True,168.5,False,False
warning_biogas_quality,BAC_G::Gracilibacter,Bacteria,3,,,True,,False,False
warning_acid_base_balance,BAC_G::Guggenheimella,Bacteria,3,-0.024793883652579306,0.06750872888415996,True,275.0,False,False
warning_buffer_capacity,BAC_G::Guggenheimella,Bacteria,3,0.0,0.0,True,147.5,False,False
warning_acid_accumulation,BAC_G::Guggenheimella,Bacteria,3,,,True,,False,False
warning_ammonia_toxicity,BAC_G::Guggenheimella,Bacteria,3,0.005476190476190468,0.009835137011663346,True,49.0,False,False
warning_biogas_quality,BAC_G::Guggenheimella,Bacteria,3,,,True,,False,False
warning_acid_base_balance,BAC_G::HN-HF0106,Bacteria,3,0.0,0.0,True,155.5,False,False
warning_buffer_capacity,BAC_G::HN-HF0106,Bacteria,3,0.0,0.0,True,147.5,False,False
warning_acid_accumulation,BAC_G::HN-HF0106,Bacteria,3,,,True,,False,False
warning_ammonia_toxicity,BAC_G::HN-HF0106,Bacteria,3,0.0,0.0,True,168.5,False,False
warning_biogas_quality,BAC_G::HN-HF0106,Bacteria,3,,,True,,False,False
warning_acid_base_balance,BAC_G::Hahella,Bacteria,3,0.0,0.0,True,155.5,False,False
warning_buffer_capacity,BAC_G::Hahella,Bacteria,3,0.0,0.0,True,147.5,False,False
warning_acid_accumulation,BAC_G::Hahella,Bacteria,3,,,True,,False,False
warning_ammonia_toxicity,BAC_G::Hahella,Bacteria,3,0.0,0.0,True,168.5,False,False
warning_biogas_quality,BAC_G::Hahella,Bacteria,3,,,True,,False,False
warning_acid_base_balance,BAC_G::Halocella,Bacteria,3,0.0,0.0,True,155.5,False,False
warning_buffer_capacity,BAC_G::Halocella,Bacteria,3,0.0,0.0,True,147.5,False,False
warning_acid_accumulation,BAC_G::Halocella,Bacteria,3,,,True,,False,False
warning_ammonia_toxicity,BAC_G::Halocella,Bacteria,3,0.0,0.0,True,168.5,False,False
warning_biogas_quality,BAC_G::Halocella,Bacteria,3,,,True,,False,False
warning_acid_base_balance,BAC_G::Halomonas,Bacteria,3,0.0,0.0,True,155.5,False,False
warning_buffer_capacity,BAC_G::Halomonas,Bacteria,3,0.0,0.0,True,147.5,False,False
warning_acid_accumulation,BAC_G::Halomonas,Bacteria,3,,,True,,False,False
warning_ammonia_toxicity,BAC_G::Halomonas,Bacteria,3,0.0,0.0,True,168.5,False,False
warning_biogas_quality,BAC_G::Halomonas,Bacteria,3,,,True,,False,False
warning_acid_base_balance,BAC_G::Hungateiclostridiaceae,Bacteria,3,0.0,0.0,True,155.5,False,False
warning_buffer_capacity,BAC_G::Hungateiclostridiaceae,Bacteria,3,0.0,0.0,True,147.5,False,False
warning_acid_accumulation,BAC_G::Hungateiclostridiaceae,Bacteria,3,,,True,,False,False
warning_ammonia_toxicity,BAC_G::Hungateiclostridiaceae,Bacteria,3,0.0,0.0,True,168.5,False,False
warning_biogas_quality,BAC_G::Hungateiclostridiaceae,Bacteria,3,,,True,,False,False
warning_acid_base_balance,BAC_G::Hydrogenedensaceae,Bacteria,3,0.0,0.0,True,155.5,False,False
warning_buffer_capacity,BAC_G::Hydrogenedensaceae,Bacteria,3,0.0,0.0,True,147.5,False,False
warning_acid_accumulation,BAC_G::Hydrogenedensaceae,Bacteria,3,,,True,,False,False
warning_ammonia_toxicity,BAC_G::Hydrogenedensaceae,Bacteria,3,0.0,0.0,True,168.5,False,False
warning_biogas_quality,BAC_G::Hydrogenedensaceae,Bacteria,3,,,True,,False,False
warning_acid_base_balance,BAC_G::Irregularibacter,Bacteria,3,0.0,0.0,True,155.5,False,False
warning_buffer_capacity,BAC_G::Irregularibacter,Bacteria,3,0.0,0.0,True,147.5,False,False
warning_acid_accumulation,BAC_G::Irregularibacter,Bacteria,3,,,True,,False,False
warning_ammonia_toxicity,BAC_G::Irregularibacter,Bacteria,3,0.0,0.0,True,168.5,False,False
warning_biogas_quality,BAC_G::Irregularibacter,Bacteria,3,,,True,,False,False
warning_acid_base_balance,BAC_G::Izemoplasmatales,Bacteria,3,0.0,0.0,True,155.5,False,False
warning_buffer_capacity,BAC_G::Izemoplasmatales,Bacteria,3,0.0,0.0,True,147.5,False,False
warning_acid_accumulation,BAC_G::Izemoplasmatales,Bacteria,3,,,True,,False,False
warning_ammonia_toxicity,BAC_G::Izemoplasmatales,Bacteria,3,0.0,0.0,True,168.5,False,False
warning_biogas_quality,BAC_G::Izemoplasmatales,Bacteria,3,,,True,,False,False
warning_acid_base_balance,BAC_G::JS1,Bacteria,3,0.0,0.0,True,155.5,False,False
warning_buffer_capacity,BAC_G::JS1,Bacteria,3,0.0,0.0,True,147.5,False,False
warning_acid_accumulation,BAC_G::JS1,Bacteria,3,,,True,,False,False
warning_ammonia_toxicity,BAC_G::JS1,Bacteria,3,-0.02950216450216449,0.12937507403117982,True,276.0,False,False
warning_biogas_quality,BAC_G::JS1,Bacteria,3,,,True,,False,False
warning_acid_base_balance,BAC_G::Kapabacteriales,Bacteria,3,0.0,0.0,True,155.5,False,False
warning_buffer_capacity,BAC_G::Kapabacteriales,Bacteria,3,0.0,0.0,True,147.5,False,False
warning_acid_accumulation,BAC_G::Kapabacteriales,Bacteria,3,,,True,,False,False
warning_ammonia_toxicity,BAC_G::Kapabacteriales,Bacteria,3,0.0,0.0,True,168.5,False,False
warning_biogas_quality,BAC_G::Kapabacteriales,Bacteria,3,,,True,,False,False
warning_acid_base_balance,BAC_G::Keratinibaculum,Bacteria,3,0.0,0.0,True,155.5,False,False
warning_buffer_capacity,BAC_G::Keratinibaculum,Bacteria,3,0.0,0.0,True,147.5,False,False
warning_acid_accumulation,BAC_G::Keratinibaculum,Bacteria,3,,,True,,False,False
warning_ammonia_toxicity,BAC_G::Keratinibaculum,Bacteria,3,0.0,0.0,True,168.5,False,False
warning_biogas_quality,BAC_G::Keratinibaculum,Bacteria,3,,,True,,False,False
warning_acid_base_balance,BAC_G::LD1-PA32,Bacteria,3,0.0,0.0,True,155.5,False,False
warning_buffer_capacity,BAC_G::LD1-PA32,Bacteria,3,0.0,0.0,True,147.5,False,False
warning_acid_accumulation,BAC_G::LD1-PA32,Bacteria,3,,,True,,False,False
warning_ammonia_toxicity,BAC_G::LD1-PA32,Bacteria,3,0.0,0.0,True,168.5,False,False
warning_biogas_quality,BAC_G::LD1-PA32,Bacteria,3,,,True,,False,False
warning_acid_base_balance,BAC_G::LD1-PB3,Bacteria,3,0.0,0.0,True,155.5,False,False
warning_buffer_capacity,BAC_G::LD1-PB3,Bacteria,3,0.0,0.0,True,147.5,False,False
warning_acid_accumulation,BAC_G::LD1-PB3,Bacteria,3,,,True,,False,False
warning_ammonia_toxicity,BAC_G::LD1-PB3,Bacteria,3,0.0,0.0,True,168.5,False,False
warning_biogas_quality,BAC_G::LD1-PB3,Bacteria,3,,,True,,False,False
warning_acid_base_balance,BAC_G::LNR_A2-18,Bacteria,3,0.0,0.0,True,155.5,False,False
warning_buffer_capacity,BAC_G::LNR_A2-18,Bacteria,3,0.0,0.0,True,147.5,False,False
warning_acid_accumulation,BAC_G::LNR_A2-18,Bacteria,3,,,True,,False,False
warning_ammonia_toxicity,BAC_G::LNR_A2-18,Bacteria,3,0.0,0.0,True,168.5,False,False
warning_biogas_quality,BAC_G::LNR_A2-18,Bacteria,3,,,True,,False,False
warning_acid_base_balance,BAC_G::Lactobacillus,Bacteria,3,0.0,0.0,True,155.5,False,False
warning_buffer_capacity,BAC_G::Lactobacillus,Bacteria,3,0.0,0.0,True,147.5,False,False
warning_acid_accumulation,BAC_G::Lactobacillus,Bacteria,3,,,True,,False,False
warning_ammonia_toxicity,BAC_G::Lactobacillus,Bacteria,3,0.0,0.0,True,168.5,False,False
warning_biogas_quality,BAC_G::Lactobacillus,Bacteria,3,,,True,,False,False
warning_acid_base_balance,BAC_G::Lautropia,Bacteria,3,0.0,0.0,True,155.5,False,False
warning_buffer_capacity,BAC_G::Lautropia,Bacteria,3,0.0,0.0,True,147.5,False,False
warning_acid_accumulation,BAC_G::Lautropia,Bacteria,3,,,True,,False,False
warning_ammonia_toxicity,BAC_G::Lautropia,Bacteria,3,0.0,0.0,True,168.5,False,False
warning_biogas_quality,BAC_G::Lautropia,Bacteria,3,,,True,,False,False
warning_acid_base_balance,BAC_G::Lawsonella,Bacteria,3,0.0,0.0,True,155.5,False,False
warning_buffer_capacity,BAC_G::Lawsonella,Bacteria,3,0.0,0.0,True,147.5,False,False
warning_acid_accumulation,BAC_G::Lawsonella,Bacteria,3,,,True,,False,False
warning_ammonia_toxicity,BAC_G::Lawsonella,Bacteria,3,0.0,0.0,True,168.5,False,False
warning_biogas_quality,BAC_G::Lawsonella,Bacteria,3,,,True,,False,False
warning_acid_base_balance,BAC_G::Lentimicrobiaceae,Bacteria,3,0.0,0.0,True,155.5,False,False
warning_buffer_capacity,BAC_G::Lentimicrobiaceae,Bacteria,3,0.0,0.0,True,147.5,False,False
warning_acid_accumulation,BAC_G::Lentimicrobiaceae,Bacteria,3,,,True,,False,False
warning_ammonia_toxicity,BAC_G::Lentimicrobiaceae,Bacteria,3,0.0,0.0,True,168.5,False,False
warning_biogas_quality,BAC_G::Lentimicrobiaceae,Bacteria,3,,,True,,False,False
warning_acid_base_balance,BAC_G::Lentimicrobium,Bacteria,3,0.0012499999999999998,0.0030528962377710266,True,27.5,False,False
warning_buffer_capacity,BAC_G::Lentimicrobium,Bacteria,3,0.0,0.0,True,147.5,False,False
warning_acid_accumulation,BAC_G::Lentimicrobium,Bacteria,3,,,True,,False,False
warning_ammonia_toxicity,BAC_G::Lentimicrobium,Bacteria,3,0.0018831168831168921,0.0047009814736460424,True,55.5,False,False
warning_biogas_quality,BAC_G::Lentimicrobium,Bacteria,3,,,True,,False,False
warning_acid_base_balance,BAC_G::Leptotrichia,Bacteria,3,0.0,0.0,True,155.5,False,False
warning_buffer_capacity,BAC_G::Leptotrichia,Bacteria,3,0.0,0.0,True,147.5,False,False
warning_acid_accumulation,BAC_G::Leptotrichia,Bacteria,3,,,True,,False,False
warning_ammonia_toxicity,BAC_G::Leptotrichia,Bacteria,3,0.0,0.0,True,168.5,False,False
warning_biogas_quality,BAC_G::Leptotrichia,Bacteria,3,,,True,,False,False
warning_acid_base_balance,BAC_G::Leuconostoc,Bacteria,3,0.0,0.0,True,155.5,False,False
warning_buffer_capacity,BAC_G::Leuconostoc,Bacteria,3,0.0,0.0,True,147.5,False,False
warning_acid_accumulation,BAC_G::Leuconostoc,Bacteria,3,,,True,,False,False
warning_ammonia_toxicity,BAC_G::Leuconostoc,Bacteria,3,0.0,0.0,True,168.5,False,False
warning_biogas_quality,BAC_G::Leuconostoc,Bacteria,3,,,True,,False,False
warning_acid_base_balance,BAC_G::Longilinea,Bacteria,3,0.0,0.0,True,155.5,False,False
warning_buffer_capacity,BAC_G::Longilinea,Bacteria,3,0.0,0.0,True,147.5,False,False
warning_acid_accumulation,BAC_G::Longilinea,Bacteria,3,,,True,,False,False
warning_ammonia_toxicity,BAC_G::Longilinea,Bacteria,3,0.0,0.0,True,168.5,False,False
warning_biogas_quality,BAC_G::Longilinea,Bacteria,3,,,True,,False,False
warning_acid_base_balance,BAC_G::Luteimonas,Bacteria,3,0.0,0.0,True,155.5,False,False
warning_buffer_capacity,BAC_G::Luteimonas,Bacteria,3,0.0,0.0,True,147.5,False,False
warning_acid_accumulation,BAC_G::Luteimonas,Bacteria,3,,,True,,False,False
warning_ammonia_toxicity,BAC_G::Luteimonas,Bacteria,3,0.0,0.0,True,168.5,False,False
warning_biogas_quality,BAC_G::Luteimonas,Bacteria,3,,,True,,False,False
warning_acid_base_balance,BAC_G::Lutispora,Bacteria,3,0.0,0.0,False,155.5,False,False
warning_buffer_capacity,BAC_G::Lutispora,Bacteria,3,0.0,0.0,False,147.5,False,False
warning_acid_accumulation,BAC_G::Lutispora,Bacteria,3,,,False,,False,False
warning_ammonia_toxicity,BAC_G::Lutispora,Bacteria,3,0.0,0.0,False,168.5,False,False
warning_biogas_quality,BAC_G::Lutispora,Bacteria,3,,,False,,False,False
warning_acid_base_balance,BAC_G::MBA03,Bacteria,3,0.0011363636363636367,0.0020193711741787247,True,29.0,False,False
warning_buffer_capacity,BAC_G::MBA03,Bacteria,3,0.0,0.0,True,147.5,False,False
warning_acid_accumulation,BAC_G::MBA03,Bacteria,3,,,True,,False,False
warning_ammonia_toxicity,BAC_G::MBA03,Bacteria,3,0.009870129870129913,0.006680825200374871,True,35.0,False,False
warning_biogas_quality,BAC_G::MBA03,Bacteria,3,,,True,,False,False
warning_acid_base_balance,BAC_G::MVP-15,Bacteria,3,0.0,0.0,True,155.5,False,False
warning_buffer_capacity,BAC_G::MVP-15,Bacteria,3,0.0,0.0,True,147.5,False,False
warning_acid_accumulation,BAC_G::MVP-15,Bacteria,3,,,True,,False,False
warning_ammonia_toxicity,BAC_G::MVP-15,Bacteria,3,0.0,0.0,True,168.5,False,False
warning_biogas_quality,BAC_G::MVP-15,Bacteria,3,,,True,,False,False
warning_acid_base_balance,BAC_G::Macellibacteroides,Bacteria,3,0.0,0.0,True,155.5,False,False
warning_buffer_capacity,BAC_G::Macellibacteroides,Bacteria,3,0.0,0.0,True,147.5,False,False
warning_acid_accumulation,BAC_G::Macellibacteroides,Bacteria,3,,,True,,False,False
warning_ammonia_toxicity,BAC_G::Macellibacteroides,Bacteria,3,0.0,0.0,True,168.5,False,False
warning_biogas_quality,BAC_G::Macellibacteroides,Bacteria,3,,,True,,False,False
warning_acid_base_balance,BAC_G::Marinimicrobia_(SAR406_clade),Bacteria,3,0.0,0.0,True,155.5,False,False
warning_buffer_capacity,BAC_G::Marinimicrobia_(SAR406_clade),Bacteria,3,0.0,0.0,True,147.5,False,False
warning_acid_accumulation,BAC_G::Marinimicrobia_(SAR406_clade),Bacteria,3,,,True,,False,False
warning_ammonia_toxicity,BAC_G::Marinimicrobia_(SAR406_clade),Bacteria,3,0.0,0.0,True,168.5,False,False
warning_biogas_quality,BAC_G::Marinimicrobia_(SAR406_clade),Bacteria,3,,,True,,False,False
warning_acid_base_balance,BAC_G::Mariniphaga,Bacteria,3,0.0,0.0,False,155.5,False,False
warning_buffer_capacity,BAC_G::Mariniphaga,Bacteria,3,0.0,0.0,False,147.5,False,False
warning_acid_accumulation,BAC_G::Mariniphaga,Bacteria,3,,,False,,False,False
warning_ammonia_toxicity,BAC_G::Mariniphaga,Bacteria,3,0.0,0.0,False,168.5,False,False
warning_biogas_quality,BAC_G::Mariniphaga,Bacteria,3,,,False,,False,False
warning_acid_base_balance,BAC_G::Megasphaera,Bacteria,3,0.0,0.0,True,155.5,False,False
warning_buffer_capacity,BAC_G::Megasphaera,Bacteria,3,0.0,0.0,True,147.5,False,False
warning_acid_accumulation,BAC_G::Megasphaera,Bacteria,3,,,True,,False,False
warning_ammonia_toxicity,BAC_G::Megasphaera,Bacteria,3,0.0,0.0,True,168.5,False,False
warning_biogas_quality,BAC_G::Megasphaera,Bacteria,3,,,True,,False,False
warning_acid_base_balance,BAC_G::Mesotoga,Bacteria,3,0.0,0.0,True,155.5,False,False
warning_buffer_capacity,BAC_G::Mesotoga,Bacteria,3,-0.017477265381677147,0.020970649242627936,True,276.0,False,False
warning_acid_accumulation,BAC_G::Mesotoga,Bacteria,3,,,True,,False,False
warning_ammonia_toxicity,BAC_G::Mesotoga,Bacteria,3,0.0,0.0,True,168.5,False,False
warning_biogas_quality,BAC_G::Mesotoga,Bacteria,3,,,True,,False,False
warning_acid_base_balance,BAC_G::Methylotenera,Bacteria,3,0.0,0.0,True,155.5,False,False
warning_buffer_capacity,BAC_G::Methylotenera,Bacteria,3,0.0,0.0,True,147.5,False,False
warning_acid_accumulation,BAC_G::Methylotenera,Bacteria,3,,,True,,False,False
warning_ammonia_toxicity,BAC_G::Methylotenera,Bacteria,3,0.0,0.0,True,168.5,False,False
warning_biogas_quality,BAC_G::Methylotenera,Bacteria,3,,,True,,False,False
warning_acid_base_balance,BAC_G::MgMjR-022,Bacteria,3,0.0,0.0,True,155.5,False,False
warning_buffer_capacity,BAC_G::MgMjR-022,Bacteria,3,0.0,0.0,True,147.5,False,False
warning_acid_accumulation,BAC_G::MgMjR-022,Bacteria,3,,,True,,False,False
warning_ammonia_toxicity,BAC_G::MgMjR-022,Bacteria,3,0.0,0.0,True,168.5,False,False
warning_biogas_quality,BAC_G::MgMjR-022,Bacteria,3,,,True,,False,False
warning_acid_base_balance,BAC_G::Myroides,Bacteria,3,0.0,0.0,True,155.5,False,False
warning_buffer_capacity,BAC_G::Myroides,Bacteria,3,0.0,0.0,True,147.5,False,False
warning_acid_accumulation,BAC_G::Myroides,Bacteria,3,,,True,,False,False
warning_ammonia_toxicity,BAC_G::Myroides,Bacteria,3,0.0,0.0,True,168.5,False,False
warning_biogas_quality,BAC_G::Myroides,Bacteria,3,,,True,,False,False
warning_acid_base_balance,BAC_G::Nitrosomonas,Bacteria,3,0.0,0.0,True,155.5,False,False
warning_buffer_capacity,BAC_G::Nitrosomonas,Bacteria,3,0.0,0.0,True,147.5,False,False
warning_acid_accumulation,BAC_G::Nitrosomonas,Bacteria,3,,,True,,False,False
warning_ammonia_toxicity,BAC_G::Nitrosomonas,Bacteria,3,0.0,0.0,True,168.5,False,False
warning_biogas_quality,BAC_G::Nitrosomonas,Bacteria,3,,,True,,False,False
warning_acid_base_balance,BAC_G::OLB12,Bacteria,3,0.0,0.0,True,155.5,False,False
warning_buffer_capacity,BAC_G::OLB12,Bacteria,3,0.0,0.0,True,147.5,False,False
warning_acid_accumulation,BAC_G::OLB12,Bacteria,3,,,True,,False,False
warning_ammonia_toxicity,BAC_G::OLB12,Bacteria,3,0.0,0.0,True,168.5,False,False
warning_biogas_quality,BAC_G::OLB12,Bacteria,3,,,True,,False,False
warning_acid_base_balance,BAC_G::OLB8,Bacteria,3,0.0,0.0,True,155.5,False,False
warning_buffer_capacity,BAC_G::OLB8,Bacteria,3,0.0,0.0,True,147.5,False,False
warning_acid_accumulation,BAC_G::OLB8,Bacteria,3,,,True,,False,False
warning_ammonia_toxicity,BAC_G::OLB8,Bacteria,3,0.0,0.0,True,168.5,False,False
warning_biogas_quality,BAC_G::OLB8,Bacteria,3,,,True,,False,False
warning_acid_base_balance,BAC_G::Olsenella,Bacteria,3,0.0,0.0,True,155.5,False,False
warning_buffer_capacity,BAC_G::Olsenella,Bacteria,3,0.0,0.0,True,147.5,False,False
warning_acid_accumulation,BAC_G::Olsenella,Bacteria,3,,,True,,False,False
warning_ammonia_toxicity,BAC_G::Olsenella,Bacteria,3,0.0,0.0,True,168.5,False,False
warning_biogas_quality,BAC_G::Olsenella,Bacteria,3,,,True,,False,False
warning_acid_base_balance,BAC_G::Oscillospira,Bacteria,3,0.0,0.0,True,155.5,False,False
warning_buffer_capacity,BAC_G::Oscillospira,Bacteria,3,0.0,0.0,True,147.5,False,False
warning_acid_accumulation,BAC_G::Oscillospira,Bacteria,3,,,True,,False,False
warning_ammonia_toxicity,BAC_G::Oscillospira,Bacteria,3,0.0,0.0,True,168.5,False,False
warning_biogas_quality,BAC_G::Oscillospira,Bacteria,3,,,True,,False,False
warning_acid_base_balance,BAC_G::PB19,Bacteria,3,0.0,0.0,True,155.5,False,False
warning_buffer_capacity,BAC_G::PB19,Bacteria,3,0.0,0.0,True,147.5,False,False
warning_acid_accumulation,BAC_G::PB19,Bacteria,3,,,True,,False,False
warning_ammonia_toxicity,BAC_G::PB19,Bacteria,3,0.0,0.0,True,168.5,False,False
warning_biogas_quality,BAC_G::PB19,Bacteria,3,,,True,,False,False
warning_acid_base_balance,BAC_G::Paludibacter,Bacteria,3,0.0,0.0,True,155.5,False,False
warning_buffer_capacity,BAC_G::Paludibacter,Bacteria,3,-0.0002506265664160401,0.001120836078947263,True,266.0,False,False
warning_acid_accumulation,BAC_G::Paludibacter,Bacteria,3,,,True,,False,False
warning_ammonia_toxicity,BAC_G::Paludibacter,Bacteria,3,0.0,0.0,True,168.5,False,False
warning_biogas_quality,BAC_G::Paludibacter,Bacteria,3,,,True,,False,False
warning_acid_base_balance,BAC_G::Pantoea,Bacteria,3,0.0,0.0,True,155.5,False,False
warning_buffer_capacity,BAC_G::Pantoea,Bacteria,3,0.0,0.0,True,147.5,False,False
warning_acid_accumulation,BAC_G::Pantoea,Bacteria,3,,,True,,False,False
warning_ammonia_toxicity,BAC_G::Pantoea,Bacteria,3,0.0,0.0,True,168.5,False,False
warning_biogas_quality,BAC_G::Pantoea,Bacteria,3,,,True,,False,False
warning_acid_base_balance,BAC_G::Paracoccus,Bacteria,3,0.0,0.0,True,155.5,False,False
warning_buffer_capacity,BAC_G::Paracoccus,Bacteria,3,0.0,0.0,True,147.5,False,False
warning_acid_accumulation,BAC_G::Paracoccus,Bacteria,3,,,True,,False,False
warning_ammonia_toxicity,BAC_G::Paracoccus,Bacteria,3,0.0,0.0,True,168.5,False,False
warning_biogas_quality,BAC_G::Paracoccus,Bacteria,3,,,True,,False,False
warning_acid_base_balance,BAC_G::Pedosphaeraceae,Bacteria,3,0.0,0.0,True,155.5,False,False
warning_buffer_capacity,BAC_G::Pedosphaeraceae,Bacteria,3,0.0,0.0,True,147.5,False,False
warning_acid_accumulation,BAC_G::Pedosphaeraceae,Bacteria,3,,,True,,False,False
warning_ammonia_toxicity,BAC_G::Pedosphaeraceae,Bacteria,3,0.0,0.0,True,168.5,False,False
warning_biogas_quality,BAC_G::Pedosphaeraceae,Bacteria,3,,,True,,False,False
warning_acid_base_balance,BAC_G::Pelotomaculum,Bacteria,3,0.0,0.0,True,155.5,False,False
warning_buffer_capacity,BAC_G::Pelotomaculum,Bacteria,3,-0.011264430014430015,0.029535907120820333,True,273.0,False,False
warning_acid_accumulation,BAC_G::Pelotomaculum,Bacteria,3,,,True,,False,False
warning_ammonia_toxicity,BAC_G::Pelotomaculum,Bacteria,3,0.0074783549783549895,0.018250530407816015,True,43.0,False,False
warning_biogas_quality,BAC_G::Pelotomaculum,Bacteria,3,,,True,,False,False
warning_acid_base_balance,BAC_G::Petrimonas,Bacteria,3,0.0,0.0,True,155.5,False,False
warning_buffer_capacity,BAC_G::Petrimonas,Bacteria,3,0.0005356523720368101,0.00258344372280074,True,16.0,False,True
warning_acid_accumulation,BAC_G::Petrimonas,Bacteria,3,,,True,,False,False
warning_ammonia_toxicity,BAC_G::Petrimonas,Bacteria,3,0.006319444444444456,0.023301837681389097,True,46.0,False,False
warning_biogas_quality,BAC_G::Petrimonas,Bacteria,3,,,True,,False,False
warning_acid_base_balance,BAC_G::Prevotella,Bacteria,3,0.0,0.0,True,155.5,False,False
warning_buffer_capacity,BAC_G::Prevotella,Bacteria,3,0.0,0.0,True,147.5,False,False
warning_acid_accumulation,BAC_G::Prevotella,Bacteria,3,,,True,,False,False
warning_ammonia_toxicity,BAC_G::Prevotella,Bacteria,3,0.0,0.0,True,168.5,False,False
warning_biogas_quality,BAC_G::Prevotella,Bacteria,3,,,True,,False,False
warning_acid_base_balance,BAC_G::Proteiniphilum,Bacteria,3,0.0004545454545454547,0.0013990613892070286,True,37.0,False,False
warning_buffer_capacity,BAC_G::Proteiniphilum,Bacteria,3,0.0,0.0,True,147.5,False,False
warning_acid_accumulation,BAC_G::Proteiniphilum,Bacteria,3,,,True,,False,False
warning_ammonia_toxicity,BAC_G::Proteiniphilum,Bacteria,3,0.0018831168831168921,0.0047009814736460424,True,55.5,False,False
warning_biogas_quality,BAC_G::Proteiniphilum,Bacteria,3,,,True,,False,False
warning_acid_base_balance,BAC_G::Proteocatella,Bacteria,3,0.0,0.0,True,155.5,False,False
warning_buffer_capacity,BAC_G::Proteocatella,Bacteria,3,0.0,0.0,True,147.5,False,False
warning_acid_accumulation,BAC_G::Proteocatella,Bacteria,3,,,True,,False,False
warning_ammonia_toxicity,BAC_G::Proteocatella,Bacteria,3,0.0,0.0,True,168.5,False,False
warning_biogas_quality,BAC_G::Proteocatella,Bacteria,3,,,True,,False,False
warning_acid_base_balance,BAC_G::Pseudomonas,Bacteria,3,0.0,0.0,True,155.5,False,False
warning_buffer_capacity,BAC_G::Pseudomonas,Bacteria,3,0.0,0.0,True,147.5,False,False
warning_acid_accumulation,BAC_G::Pseudomonas,Bacteria,3,,,True,,False,False
warning_ammonia_toxicity,BAC_G::Pseudomonas,Bacteria,3,0.0,0.0,True,168.5,False,False
warning_biogas_quality,BAC_G::Pseudomonas,Bacteria,3,,,True,,False,False
warning_acid_base_balance,BAC_G::Pseudoramibacter,Bacteria,3,0.0,0.0,True,155.5,False,False
warning_buffer_capacity,BAC_G::Pseudoramibacter,Bacteria,3,0.0,0.0,True,147.5,False,False
warning_acid_accumulation,BAC_G::Pseudoramibacter,Bacteria,3,,,True,,False,False
warning_ammonia_toxicity,BAC_G::Pseudoramibacter,Bacteria,3,0.0,0.0,True,168.5,False,False
warning_biogas_quality,BAC_G::Pseudoramibacter,Bacteria,3,,,True,,False,False
warning_acid_base_balance,BAC_G::RBG-16-49-21,Bacteria,3,0.0,0.0,True,155.5,False,False
warning_buffer_capacity,BAC_G::RBG-16-49-21,Bacteria,3,0.0,0.0,True,147.5,False,False
warning_acid_accumulation,BAC_G::RBG-16-49-21,Bacteria,3,,,True,,False,False
warning_ammonia_toxicity,BAC_G::RBG-16-49-21,Bacteria,3,0.0,0.0,True,168.5,False,False
warning_biogas_quality,BAC_G::RBG-16-49-21,Bacteria,3,,,True,,False,False
warning_acid_base_balance,BAC_G::Raoultibacter,Bacteria,3,0.0,0.0,True,155.5,False,False
warning_buffer_capacity,BAC_G::Raoultibacter,Bacteria,3,0.0,0.0,True,147.5,False,False
warning_acid_accumulation,BAC_G::Raoultibacter,Bacteria,3,,,True,,False,False
warning_ammonia_toxicity,BAC_G::Raoultibacter,Bacteria,3,0.0,0.0,True,168.5,False,False
warning_biogas_quality,BAC_G::Raoultibacter,Bacteria,3,,,True,,False,False
warning_acid_base_balance,BAC_G::Rhodobacter,Bacteria,3,0.0,0.0,True,155.5,False,False
warning_buffer_capacity,BAC_G::Rhodobacter,Bacteria,3,0.0,0.0,True,147.5,False,False
warning_acid_accumulation,BAC_G::Rhodobacter,Bacteria,3,,,True,,False,False
warning_ammonia_toxicity,BAC_G::Rhodobacter,Bacteria,3,0.0,0.0,True,168.5,False,False
warning_biogas_quality,BAC_G::Rhodobacter,Bacteria,3,,,True,,False,False
warning_acid_base_balance,BAC_G::Ruminiclostridium,Bacteria,3,0.0,0.0,True,155.5,False,False
warning_buffer_capacity,BAC_G::Ruminiclostridium,Bacteria,3,0.0,0.0,True,147.5,False,False
warning_acid_accumulation,BAC_G::Ruminiclostridium,Bacteria,3,,,True,,False,False
warning_ammonia_toxicity,BAC_G::Ruminiclostridium,Bacteria,3,0.0,0.0,True,168.5,False,False
warning_biogas_quality,BAC_G::Ruminiclostridium,Bacteria,3,,,True,,False,False
warning_acid_base_balance,BAC_G::Ruminococcus,Bacteria,3,0.0,0.0,True,155.5,False,False
warning_buffer_capacity,BAC_G::Ruminococcus,Bacteria,3,0.0,0.0,True,147.5,False,False
warning_acid_accumulation,BAC_G::Ruminococcus,Bacteria,3,,,True,,False,False
warning_ammonia_toxicity,BAC_G::Ruminococcus,Bacteria,3,0.0,0.0,True,168.5,False,False
warning_biogas_quality,BAC_G::Ruminococcus,Bacteria,3,,,True,,False,False
warning_acid_base_balance,BAC_G::SBR1031,Bacteria,3,0.0,0.0,True,155.5,False,False
warning_buffer_capacity,BAC_G::SBR1031,Bacteria,3,-0.000699855699855701,0.004834712244840869,True,269.0,False,False
warning_acid_accumulation,BAC_G::SBR1031,Bacteria,3,,,True,,False,False
warning_ammonia_toxicity,BAC_G::SBR1031,Bacteria,3,0.0,0.0,True,168.5,False,False
warning_biogas_quality,BAC_G::SBR1031,Bacteria,3,,,True,,False,False
warning_acid_base_balance,BAC_G::SC-I-84,Bacteria,3,0.0,0.0,True,155.5,False,False
warning_buffer_capacity,BAC_G::SC-I-84,Bacteria,3,0.0,0.0,True,147.5,False,False
warning_acid_accumulation,BAC_G::SC-I-84,Bacteria,3,,,True,,False,False
warning_ammonia_toxicity,BAC_G::SC-I-84,Bacteria,3,0.0,0.0,True,168.5,False,False
warning_biogas_quality,BAC_G::SC-I-84,Bacteria,3,,,True,,False,False
warning_acid_base_balance,BAC_G::SC103,Bacteria,3,0.0,0.0,True,155.5,False,False
warning_buffer_capacity,BAC_G::SC103,Bacteria,3,0.0005411255411255401,0.0009616053210374859,True,14.0,False,True
warning_acid_accumulation,BAC_G::SC103,Bacteria,3,,,True,,False,False
warning_ammonia_toxicity,BAC_G::SC103,Bacteria,3,0.00045454545454545747,0.0020327890704543677,True,62.0,False,False
warning_biogas_quality,BAC_G::SC103,Bacteria,3,,,True,,False,False
warning_acid_base_balance,BAC_G::SJA-15,Bacteria,3,0.0,0.0,True,155.5,False,False
warning_buffer_capacity,BAC_G::SJA-15,Bacteria,3,0.00010822510822510804,0.0004839973977272263,True,29.0,False,False
warning_acid_accumulation,BAC_G::SJA-15,Bacteria,3,,,True,,False,False
warning_ammonia_toxicity,BAC_G::SJA-15,Bacteria,3,0.0,0.0,True,168.5,False,False
warning_biogas_quality,BAC_G::SJA-15,Bacteria,3,,,True,,False,False
warning_acid_base_balance,BAC_G::SJA-28,Bacteria,3,0.0,0.0,True,155.5,False,False
warning_buffer_capacity,BAC_G::SJA-28,Bacteria,3,0.0,0.0,True,147.5,False,False
warning_acid_accumulation,BAC_G::SJA-28,Bacteria,3,,,True,,False,False
warning_ammonia_toxicity,BAC_G::SJA-28,Bacteria,3,0.0,0.0,True,168.5,False,False
warning_biogas_quality,BAC_G::SJA-28,Bacteria,3,,,True,,False,False
warning_acid_base_balance,BAC_G::ST-12K33,Bacteria,3,0.0,0.0,True,155.5,False,False
warning_buffer_capacity,BAC_G::ST-12K33,Bacteria,3,0.00010822510822510804,0.0004839973977272263,True,29.0,False,False
warning_acid_accumulation,BAC_G::ST-12K33,Bacteria,3,,,True,,False,False
warning_ammonia_toxicity,BAC_G::ST-12K33,Bacteria,3,0.009199134199134235,0.005460699151125104,True,38.0,False,False
warning_biogas_quality,BAC_G::ST-12K33,Bacteria,3,,,True,,False,False
warning_acid_base_balance,BAC_G::Saccharofermentans,Bacteria,3,0.0012499999999999998,0.0030528962377710266,True,27.5,False,False
warning_buffer_capacity,BAC_G::Saccharofermentans,Bacteria,3,0.0,0.0,True,147.5,False,False
warning_acid_accumulation,BAC_G::Saccharofermentans,Bacteria,3,,,True,,False,False
warning_ammonia_toxicity,BAC_G::Saccharofermentans,Bacteria,3,0.0,0.0,True,168.5,False,False
warning_biogas_quality,BAC_G::Saccharofermentans,Bacteria,3,,,True,,False,False
warning_acid_base_balance,BAC_G::Sedimentibacter,Bacteria,3,0.005636841228946493,0.006253524091694033,True,10.0,True,True
warning_buffer_capacity,BAC_G::Sedimentibacter,Bacteria,3,-0.0002820972886762384,0.00412069065005208,True,267.0,False,False
warning_acid_accumulation,BAC_G::Sedimentibacter,Bacteria,3,,,True,,False,False
warning_ammonia_toxicity,BAC_G::Sedimentibacter,Bacteria,3,0.008181818181818235,0.0027981227784140746,True,40.0,False,False
warning_biogas_quality,BAC_G::Sedimentibacter,Bacteria,3,,,True,,False,False
warning_acid_base_balance,BAC_G::Shuttleworthia,Bacteria,3,0.0,0.0,True,155.5,False,False
warning_buffer_capacity,BAC_G::Shuttleworthia,Bacteria,3,0.0,0.0,True,147.5,False,False
warning_acid_accumulation,BAC_G::Shuttleworthia,Bacteria,3,,,True,,False,False
warning_ammonia_toxicity,BAC_G::Shuttleworthia,Bacteria,3,0.0,0.0,True,168.5,False,False
warning_biogas_quality,BAC_G::Shuttleworthia,Bacteria,3,,,True,,False,False
warning_acid_base_balance,BAC_G::Simplicispira,Bacteria,3,0.0,0.0,True,155.5,False,False
warning_buffer_capacity,BAC_G::Simplicispira,Bacteria,3,0.0,0.0,True,147.5,False,False
warning_acid_accumulation,BAC_G::Simplicispira,Bacteria,3,,,True,,False,False
warning_ammonia_toxicity,BAC_G::Simplicispira,Bacteria,3,0.0,0.0,True,168.5,False,False
warning_biogas_quality,BAC_G::Simplicispira,Bacteria,3,,,True,,False,False
warning_acid_base_balance,BAC_G::Smithella,Bacteria,3,0.0,0.0,True,155.5,False,False
warning_buffer_capacity,BAC_G::Smithella,Bacteria,3,-0.01568452380952381,0.00681219550354142,True,274.0,False,False
warning_acid_accumulation,BAC_G::Smithella,Bacteria,3,,,True,,False,False
warning_ammonia_toxicity,BAC_G::Smithella,Bacteria,3,0.009545454545454574,0.008800911133864518,True,37.0,False,False
warning_biogas_quality,BAC_G::Smithella,Bacteria,3,,,True,,False,False
warning_acid_base_balance,BAC_G::Sphaerochaeta,Bacteria,3,0.008757142891321453,0.009316272269306038,True,2.0,True,True
warning_buffer_capacity,BAC_G::Sphaerochaeta,Bacteria,3,-0.01702588562108686,0.024792583379160738,True,275.0,False,False
warning_acid_accumulation,BAC_G::Sphaerochaeta,Bacteria,3,,,True,,False,False
warning_ammonia_toxicity,BAC_G::Sphaerochaeta,Bacteria,3,0.00785714285714289,0.0072916826504863036,True,41.0,False,False
warning_biogas_quality,BAC_G::Sphaerochaeta,Bacteria,3,,,True,,False,False
warning_acid_base_balance,BAC_G::Stenotrophomonas,Bacteria,3,0.0,0.0,True,155.5,False,False
warning_buffer_capacity,BAC_G::Stenotrophomonas,Bacteria,3,0.0,0.0,True,147.5,False,False
warning_acid_accumulation,BAC_G::Stenotrophomonas,Bacteria,3,,,True,,False,False
warning_ammonia_toxicity,BAC_G::Stenotrophomonas,Bacteria,3,0.0,0.0,True,168.5,False,False
warning_biogas_quality,BAC_G::Stenotrophomonas,Bacteria,3,,,True,,False,False
warning_acid_base_balance,BAC_G::Sterolibacterium,Bacteria,3,0.0,0.0,True,155.5,False,False
warning_buffer_capacity,BAC_G::Sterolibacterium,Bacteria,3,0.0,0.0,True,147.5,False,False
warning_acid_accumulation,BAC_G::Sterolibacterium,Bacteria,3,,,True,,False,False
warning_ammonia_toxicity,BAC_G::Sterolibacterium,Bacteria,3,0.0,0.0,True,168.5,False,False
warning_biogas_quality,BAC_G::Sterolibacterium,Bacteria,3,,,True,,False,False
warning_acid_base_balance,BAC_G::Streptococcus,Bacteria,3,-0.004393939393939389,0.002790916681520106,True,272.0,False,False
warning_buffer_capacity,BAC_G::Streptococcus,Bacteria,3,0.0,0.0,True,147.5,False,False
warning_acid_accumulation,BAC_G::Streptococcus,Bacteria,3,,,True,,False,False
warning_ammonia_toxicity,BAC_G::Streptococcus,Bacteria,3,0.002333333333333332,0.00750048731360306,True,52.0,False,False
warning_biogas_quality,BAC_G::Streptococcus,Bacteria,3,,,True,,False,False
warning_acid_base_balance,BAC_G::Sutterella,Bacteria,3,0.0,0.0,True,155.5,False,False
warning_buffer_capacity,BAC_G::Sutterella,Bacteria,3,0.0,0.0,True,147.5,False,False
warning_acid_accumulation,BAC_G::Sutterella,Bacteria,3,,,True,,False,False
warning_ammonia_toxicity,BAC_G::Sutterella,Bacteria,3,0.0,0.0,True,168.5,False,False
warning_biogas_quality,BAC_G::Sutterella,Bacteria,3,,,True,,False,False
warning_acid_base_balance,BAC_G::Syner-01,Bacteria,3,0.0,0.0,True,155.5,False,False
warning_buffer_capacity,BAC_G::Syner-01,Bacteria,3,0.0,0.0,True,147.5,False,False
warning_acid_accumulation,BAC_G::Syner-01,Bacteria,3,,,True,,False,False
warning_ammonia_toxicity,BAC_G::Syner-01,Bacteria,3,0.0,0.0,True,168.5,False,False
warning_biogas_quality,BAC_G::Syner-01,Bacteria,3,,,True,,False,False
warning_acid_base_balance,BAC_G::Syntrophaceticus,Bacteria,3,0.0,0.0,True,155.5,False,False
warning_buffer_capacity,BAC_G::Syntrophaceticus,Bacteria,3,0.0,0.0,True,147.5,False,False
warning_acid_accumulation,BAC_G::Syntrophaceticus,Bacteria,3,,,True,,False,False
warning_ammonia_toxicity,BAC_G::Syntrophaceticus,Bacteria,3,0.0,0.0,True,168.5,False,False
warning_biogas_quality,BAC_G::Syntrophaceticus,Bacteria,3,,,True,,False,False
warning_acid_base_balance,BAC_G::Syntrophobacter,Bacteria,3,0.0,0.0,False,155.5,False,False
warning_buffer_capacity,BAC_G::Syntrophobacter,Bacteria,3,0.0,0.0,False,147.5,False,False
warning_acid_accumulation,BAC_G::Syntrophobacter,Bacteria,3,,,False,,False,False
warning_ammonia_toxicity,BAC_G::Syntrophobacter,Bacteria,3,0.0,0.0,False,168.5,False,False
warning_biogas_quality,BAC_G::Syntrophobacter,Bacteria,3,,,False,,False,False
warning_acid_base_balance,BAC_G::Syntrophococcus,Bacteria,3,0.0003535353535353544,0.004080410653293595,True,42.0,False,False
warning_buffer_capacity,BAC_G::Syntrophococcus,Bacteria,3,0.0003246753246753241,0.000792960061758707,True,18.0,False,True
warning_acid_accumulation,BAC_G::Syntrophococcus,Bacteria,3,,,True,,False,False
warning_ammonia_toxicity,BAC_G::Syntrophococcus,Bacteria,3,0.0,0.0,True,168.5,False,False
warning_biogas_quality,BAC_G::Syntrophococcus,Bacteria,3,,,True,,False,False
warning_acid_base_balance,BAC_G::Syntrophomonas,Bacteria,3,0.0004545454545454547,0.0013990613892070286,True,37.0,False,False
warning_buffer_capacity,BAC_G::Syntrophomonas,Bacteria,3,0.00010822510822510804,0.0004839973977272263,True,29.0,False,False
warning_acid_accumulation,BAC_G::Syntrophomonas,Bacteria,3,,,True,,False,False
warning_ammonia_toxicity,BAC_G::Syntrophomonas,Bacteria,3,0.014235209235209257,0.010328809015540506,True,23.0,False,False
warning_biogas_quality,BAC_G::Syntrophomonas,Bacteria,3,,,True,,False,False
warning_acid_base_balance,BAC_G::Syntrophorhabdus,Bacteria,3,0.0,0.0,True,155.5,False,False
warning_buffer_capacity,BAC_G::Syntrophorhabdus,Bacteria,3,0.00021645021645021607,0.0006662197091462028,True,21.5,False,False
warning_acid_accumulation,BAC_G::Syntrophorhabdus,Bacteria,3,,,True,,False,False
warning_ammonia_toxicity,BAC_G::Syntrophorhabdus,Bacteria,3,0.0,0.0,True,168.5,False,False
warning_biogas_quality,BAC_G::Syntrophorhabdus,Bacteria,3,,,True,,False,False
warning_acid_base_balance,BAC_G::Syntrophus,Bacteria,3,0.0,0.0,True,155.5,False,False
warning_buffer_capacity,BAC_G::Syntrophus,Bacteria,3,0.0,0.0,True,147.5,False,False
warning_acid_accumulation,BAC_G::Syntrophus,Bacteria,3,,,True,,False,False
warning_ammonia_toxicity,BAC_G::Syntrophus,Bacteria,3,0.0,0.0,True,168.5,False,False
warning_biogas_quality,BAC_G::Syntrophus,Bacteria,3,,,True,,False,False
warning_acid_base_balance,BAC_G::TTA-B1,Bacteria,3,0.0,0.0,True,155.5,False,False
warning_buffer_capacity,BAC_G::TTA-B1,Bacteria,3,0.0,0.0,True,147.5,False,False
warning_acid_accumulation,BAC_G::TTA-B1,Bacteria,3,,,True,,False,False
warning_ammonia_toxicity,BAC_G::TTA-B1,Bacteria,3,0.0,0.0,True,168.5,False,False
warning_biogas_quality,BAC_G::TTA-B1,Bacteria,3,,,True,,False,False
warning_acid_base_balance,BAC_G::Tepidimicrobium,Bacteria,3,0.0,0.0,True,155.5,False,False
warning_buffer_capacity,BAC_G::Tepidimicrobium,Bacteria,3,0.0,0.0,True,147.5,False,False
warning_acid_accumulation,BAC_G::Tepidimicrobium,Bacteria,3,,,True,,False,False
warning_ammonia_toxicity,BAC_G::Tepidimicrobium,Bacteria,3,0.0,0.0,True,168.5,False,False
warning_biogas_quality,BAC_G::Tepidimicrobium,Bacteria,3,,,True,,False,False
warning_acid_base_balance,BAC_G::Terrimonas,Bacteria,3,0.0,0.0,True,155.5,False,False
warning_buffer_capacity,BAC_G::Terrimonas,Bacteria,3,0.0,0.0,True,147.5,False,False
warning_acid_accumulation,BAC_G::Terrimonas,Bacteria,3,,,True,,False,False
warning_ammonia_toxicity,BAC_G::Terrimonas,Bacteria,3,0.0,0.0,True,168.5,False,False
warning_biogas_quality,BAC_G::Terrimonas,Bacteria,3,,,True,,False,False
warning_acid_base_balance,BAC_G::Tetrasphaera,Bacteria,3,0.0,0.0,True,155.5,False,False
warning_buffer_capacity,BAC_G::Tetrasphaera,Bacteria,3,0.0,0.0,True,147.5,False,False
warning_acid_accumulation,BAC_G::Tetrasphaera,Bacteria,3,,,True,,False,False
warning_ammonia_toxicity,BAC_G::Tetrasphaera,Bacteria,3,0.012662337662337708,0.0063465951188473955,True,30.0,False,False
warning_biogas_quality,BAC_G::Tetrasphaera,Bacteria,3,,,True,,False,False
warning_acid_base_balance,BAC_G::Thauera,Bacteria,3,0.0,0.0,True,155.5,False,False
warning_buffer_capacity,BAC_G::Thauera,Bacteria,3,0.0,0.0,True,147.5,False,False
warning_acid_accumulation,BAC_G::Thauera,Bacteria,3,,,True,,False,False
warning_ammonia_toxicity,BAC_G::Thauera,Bacteria,3,0.0,0.0,True,168.5,False,False
warning_biogas_quality,BAC_G::Thauera,Bacteria,3,,,True,,False,False
warning_acid_base_balance,BAC_G::Thermoanaerobaculum,Bacteria,3,0.0,0.0,True,155.5,False,False
warning_buffer_capacity,BAC_G::Thermoanaerobaculum,Bacteria,3,0.0,0.0,True,147.5,False,False
warning_acid_accumulation,BAC_G::Thermoanaerobaculum,Bacteria,3,,,True,,False,False
warning_ammonia_toxicity,BAC_G::Thermoanaerobaculum,Bacteria,3,0.0,0.0,True,168.5,False,False
warning_biogas_quality,BAC_G::Thermoanaerobaculum,Bacteria,3,,,True,,False,False
warning_acid_base_balance,BAC_G::Thermomonas,Bacteria,3,0.0,0.0,True,155.5,False,False
warning_buffer_capacity,BAC_G::Thermomonas,Bacteria,3,0.0,0.0,True,147.5,False,False
warning_acid_accumulation,BAC_G::Thermomonas,Bacteria,3,,,True,,False,False
warning_ammonia_toxicity,BAC_G::Thermomonas,Bacteria,3,0.0,0.0,True,168.5,False,False
warning_biogas_quality,BAC_G::Thermomonas,Bacteria,3,,,True,,False,False
warning_acid_base_balance,BAC_G::Thermovirga,Bacteria,3,0.0,0.0,True,155.5,False,False
warning_buffer_capacity,BAC_G::Thermovirga,Bacteria,3,0.0,0.0,True,147.5,False,False
warning_acid_accumulation,BAC_G::Thermovirga,Bacteria,3,,,True,,False,False
warning_ammonia_toxicity,BAC_G::Thermovirga,Bacteria,3,0.0,0.0,True,168.5,False,False
warning_biogas_quality,BAC_G::Thermovirga,Bacteria,3,,,True,,False,False
warning_acid_base_balance,BAC_G::Thermus,Bacteria,3,0.0,0.0,True,155.5,False,False
warning_buffer_capacity,BAC_G::Thermus,Bacteria,3,0.0,0.0,True,147.5,False,False
warning_acid_accumulation,BAC_G::Thermus,Bacteria,3,,,True,,False,False
warning_ammonia_toxicity,BAC_G::Thermus,Bacteria,3,0.0,0.0,True,168.5,False,False
warning_biogas_quality,BAC_G::Thermus,Bacteria,3,,,True,,False,False
warning_acid_base_balance,BAC_G::Tissierella,Bacteria,3,0.0,0.0,True,155.5,False,False
warning_buffer_capacity,BAC_G::Tissierella,Bacteria,3,0.0,0.0,True,147.5,False,False
warning_acid_accumulation,BAC_G::Tissierella,Bacteria,3,,,True,,False,False
warning_ammonia_toxicity,BAC_G::Tissierella,Bacteria,3,0.0,0.0,True,168.5,False,False
warning_biogas_quality,BAC_G::Tissierella,Bacteria,3,,,True,,False,False
warning_acid_base_balance,BAC_G::Treponema,Bacteria,3,0.0,0.0,True,155.5,False,False
warning_buffer_capacity,BAC_G::Treponema,Bacteria,3,0.0,0.0,True,147.5,False,False
warning_acid_accumulation,BAC_G::Treponema,Bacteria,3,,,True,,False,False
warning_ammonia_toxicity,BAC_G::Treponema,Bacteria,3,0.0,0.0,True,168.5,False,False
warning_biogas_quality,BAC_G::Treponema,Bacteria,3,,,True,,False,False
warning_acid_base_balance,BAC_G::Truepera,Bacteria,3,0.0,0.0,True,155.5,False,False
warning_buffer_capacity,BAC_G::Truepera,Bacteria,3,0.0,0.0,True,147.5,False,False
warning_acid_accumulation,BAC_G::Truepera,Bacteria,3,,,True,,False,False
warning_ammonia_toxicity,BAC_G::Truepera,Bacteria,3,0.0,0.0,True,168.5,False,False
warning_biogas_quality,BAC_G::Truepera,Bacteria,3,,,True,,False,False
warning_acid_base_balance,BAC_G::UCG-010,Bacteria,3,0.0,0.0,True,155.5,False,False
warning_buffer_capacity,BAC_G::UCG-010,Bacteria,3,-0.0008299492045622088,0.0038787907045316314,True,270.0,False,False
warning_acid_accumulation,BAC_G::UCG-010,Bacteria,3,,,True,,False,False
warning_ammonia_toxicity,BAC_G::UCG-010,Bacteria,3,0.032993145743145755,0.03521508051982186,True,5.0,True,True
warning_biogas_quality,BAC_G::UCG-010,Bacteria,3,,,True,,False,False
warning_acid_base_balance,BAC_G::W27,Bacteria,3,0.002395382395382397,0.003871083966182883,True,22.0,False,False
warning_buffer_capacity,BAC_G::W27,Bacteria,3,0.0,0.0,True,147.5,False,False
warning_acid_accumulation,BAC_G::W27,Bacteria,3,,,True,,False,False
warning_ammonia_toxicity,BAC_G::W27,Bacteria,3,0.0013636363636363724,0.0033304322593865963,True,59.5,False,False
warning_biogas_quality,BAC_G::W27,Bacteria,3,,,True,,False,False
warning_acid_base_balance,BAC_G::W5,Bacteria,3,0.0,0.0,True,155.5,False,False
warning_buffer_capacity,BAC_G::W5,Bacteria,3,0.0,0.0,True,147.5,False,False
warning_acid_accumulation,BAC_G::W5,Bacteria,3,,,True,,False,False
warning_ammonia_toxicity,BAC_G::W5,Bacteria,3,0.0,0.0,True,168.5,False,False
warning_biogas_quality,BAC_G::W5,Bacteria,3,,,True,,False,False
warning_acid_base_balance,BAC_G::W5053,Bacteria,3,-0.004878129117259551,0.019750338617556047,True,273.0,False,False
warning_buffer_capacity,BAC_G::W5053,Bacteria,3,0.0,0.0,True,147.5,False,False
warning_acid_accumulation,BAC_G::W5053,Bacteria,3,,,True,,False,False
warning_ammonia_toxicity,BAC_G::W5053,Bacteria,3,0.1475802321173838,0.04916406504941495,True,1.0,True,True
warning_biogas_quality,BAC_G::W5053,Bacteria,3,,,True,,False,False
warning_acid_base_balance,BAC_G::WCHB1-02,Bacteria,3,0.0,0.0,True,155.5,False,False
warning_buffer_capacity,BAC_G::WCHB1-02,Bacteria,3,-0.00048617533137657043,0.0029018484341821957,True,268.0,False,False
warning_acid_accumulation,BAC_G::WCHB1-02,Bacteria,3,,,True,,False,False
warning_ammonia_toxicity,BAC_G::WCHB1-02,Bacteria,3,0.0,0.0,True,168.5,False,False
warning_biogas_quality,BAC_G::WCHB1-02,Bacteria,3,,,True,,False,False
warning_acid_base_balance,BAC_G::WCHB1-41,Bacteria,3,0.0011322011322011404,0.00818543505083126,True,30.0,False,False
warning_buffer_capacity,BAC_G::WCHB1-41,Bacteria,3,0.00010822510822510804,0.0004839973977272263,True,29.0,False,False
warning_acid_accumulation,BAC_G::WCHB1-41,Bacteria,3,,,True,,False,False
warning_ammonia_toxicity,BAC_G::WCHB1-41,Bacteria,3,0.0058730158730158685,0.013333631694955104,True,47.0,False,False
warning_biogas_quality,BAC_G::WCHB1-41,Bacteria,3,,,True,,False,False
warning_acid_base_balance,BAC_G::WCHB1-81,Bacteria,3,0.0,0.0,True,155.5,False,False
warning_buffer_capacity,BAC_G::WCHB1-81,Bacteria,3,0.0,0.0,True,147.5,False,False
warning_acid_accumulation,BAC_G::WCHB1-81,Bacteria,3,,,True,,False,False
warning_ammonia_toxicity,BAC_G::WCHB1-81,Bacteria,3,0.0,0.0,True,168.5,False,False
warning_biogas_quality,BAC_G::WCHB1-81,Bacteria,3,,,True,,False,False
warning_acid_base_balance,BAC_G::Zoogloea,Bacteria,3,0.0,0.0,True,155.5,False,False
warning_buffer_capacity,BAC_G::Zoogloea,Bacteria,3,0.0,0.0,True,147.5,False,False
warning_acid_accumulation,BAC_G::Zoogloea,Bacteria,3,,,True,,False,False
warning_ammonia_toxicity,BAC_G::Zoogloea,Bacteria,3,0.0,0.0,True,168.5,False,False
warning_biogas_quality,BAC_G::Zoogloea,Bacteria,3,,,True,,False,False
warning_acid_base_balance,BAC_G::p-251-o5,Bacteria,3,0.0,0.0,True,155.5,False,False
warning_buffer_capacity,BAC_G::p-251-o5,Bacteria,3,0.0,0.0,True,147.5,False,False
warning_acid_accumulation,BAC_G::p-251-o5,Bacteria,3,,,True,,False,False
warning_ammonia_toxicity,BAC_G::p-251-o5,Bacteria,3,0.0,0.0,True,168.5,False,False
warning_biogas_quality,BAC_G::p-251-o5,Bacteria,3,,,True,,False,False
warning_acid_base_balance,BAC_G::unidentified,Bacteria,3,0.0004852092352092358,0.002730022803128047,True,34.0,False,False
warning_buffer_capacity,BAC_G::unidentified,Bacteria,3,0.0,0.0,True,147.5,False,False
warning_acid_accumulation,BAC_G::unidentified,Bacteria,3,,,True,,False,False
warning_ammonia_toxicity,BAC_G::unidentified,Bacteria,3,0.0,0.0,True,168.5,False,False
warning_biogas_quality,BAC_G::unidentified,Bacteria,3,,,True,,False,False
warning_acid_base_balance,ARC_P::Aenigmarchaeota,Archaea,3,0.0,0.0,True,155.5,False,False
warning_buffer_capacity,ARC_P::Aenigmarchaeota,Archaea,3,0.0,0.0,True,147.5,False,False
warning_acid_accumulation,ARC_P::Aenigmarchaeota,Archaea,3,,,True,,False,False
warning_ammonia_toxicity,ARC_P::Aenigmarchaeota,Archaea,3,0.0,0.0,True,168.5,False,False
warning_biogas_quality,ARC_P::Aenigmarchaeota,Archaea,3,,,True,,False,False
warning_acid_base_balance,ARC_P::Asgardarchaeota,Archaea,3,0.0,0.0,True,155.5,False,False
warning_buffer_capacity,ARC_P::Asgardarchaeota,Archaea,3,0.0,0.0,True,147.5,False,False
warning_acid_accumulation,ARC_P::Asgardarchaeota,Archaea,3,,,True,,False,False
warning_ammonia_toxicity,ARC_P::Asgardarchaeota,Archaea,3,0.0,0.0,True,168.5,False,False
warning_biogas_quality,ARC_P::Asgardarchaeota,Archaea,3,,,True,,False,False
warning_acid_base_balance,ARC_P::Crenarchaeota,Archaea,3,0.0,0.0,True,155.5,False,False
warning_buffer_capacity,ARC_P::Crenarchaeota,Archaea,3,0.0,0.0,True,147.5,False,False
warning_acid_accumulation,ARC_P::Crenarchaeota,Archaea,3,,,True,,False,False
warning_ammonia_toxicity,ARC_P::Crenarchaeota,Archaea,3,0.0,0.0,True,168.5,False,False
warning_biogas_quality,ARC_P::Crenarchaeota,Archaea,3,,,True,,False,False
warning_acid_base_balance,ARC_P::Cryptomycota,Archaea,3,0.0,0.0,True,155.5,False,False
warning_buffer_capacity,ARC_P::Cryptomycota,Archaea,3,0.0,0.0,True,147.5,False,False
warning_acid_accumulation,ARC_P::Cryptomycota,Archaea,3,,,True,,False,False
warning_ammonia_toxicity,ARC_P::Cryptomycota,Archaea,3,0.0,0.0,True,168.5,False,False
warning_biogas_quality,ARC_P::Cryptomycota,Archaea,3,,,True,,False,False
warning_acid_base_balance,ARC_P::Euryarchaeota,Archaea,3,0.0,0.0,True,155.5,False,False
warning_buffer_capacity,ARC_P::Euryarchaeota,Archaea,3,0.0,0.0,True,147.5,False,False
warning_acid_accumulation,ARC_P::Euryarchaeota,Archaea,3,,,True,,False,False
warning_ammonia_toxicity,ARC_P::Euryarchaeota,Archaea,3,0.02038961038961041,0.006063697418144796,True,11.5,False,True
warning_biogas_quality,ARC_P::Euryarchaeota,Archaea,3,,,True,,False,False
warning_acid_base_balance,ARC_P::Hadarchaeota,Archaea,3,0.0,0.0,True,155.5,False,False
warning_buffer_capacity,ARC_P::Hadarchaeota,Archaea,3,0.0,0.0,True,147.5,False,False
warning_acid_accumulation,ARC_P::Hadarchaeota,Archaea,3,,,True,,False,False
warning_ammonia_toxicity,ARC_P::Hadarchaeota,Archaea,3,0.0,0.0,True,168.5,False,False
warning_biogas_quality,ARC_P::Hadarchaeota,Archaea,3,,,True,,False,False
warning_acid_base_balance,ARC_P::Halobacterota,Archaea,3,0.006141219891219893,0.0053268758456743275,True,9.0,True,True
warning_buffer_capacity,ARC_P::Halobacterota,Archaea,3,0.0,0.0,True,147.5,False,False
warning_acid_accumulation,ARC_P::Halobacterota,Archaea,3,,,True,,False,False
warning_ammonia_toxicity,ARC_P::Halobacterota,Archaea,3,0.01538961038961042,0.00823825860529489,True,19.0,False,True
warning_biogas_quality,ARC_P::Halobacterota,Archaea,3,,,True,,False,False
warning_acid_base_balance,ARC_P::Holozoa,Archaea,3,0.0,0.0,True,155.5,False,False
warning_buffer_capacity,ARC_P::Holozoa,Archaea,3,0.0,0.0,True,147.5,False,False
warning_acid_accumulation,ARC_P::Holozoa,Archaea,3,,,True,,False,False
warning_ammonia_toxicity,ARC_P::Holozoa,Archaea,3,0.0,0.0,True,168.5,False,False
warning_biogas_quality,ARC_P::Holozoa,Archaea,3,,,True,,False,False
warning_acid_base_balance,ARC_P::Iainarchaeota,Archaea,3,0.0,0.0,True,155.5,False,False
warning_buffer_capacity,ARC_P::Iainarchaeota,Archaea,3,0.0,0.0,True,147.5,False,False
warning_acid_accumulation,ARC_P::Iainarchaeota,Archaea,3,,,True,,False,False
warning_ammonia_toxicity,ARC_P::Iainarchaeota,Archaea,3,0.0,0.0,True,168.5,False,False
warning_biogas_quality,ARC_P::Iainarchaeota,Archaea,3,,,True,,False,False
warning_acid_base_balance,ARC_P::Micrarchaeota,Archaea,3,0.0,0.0,True,155.5,False,False
warning_buffer_capacity,ARC_P::Micrarchaeota,Archaea,3,0.0,0.0,True,147.5,False,False
warning_acid_accumulation,ARC_P::Micrarchaeota,Archaea,3,,,True,,False,False
warning_ammonia_toxicity,ARC_P::Micrarchaeota,Archaea,3,0.0,0.0,True,168.5,False,False
warning_biogas_quality,ARC_P::Micrarchaeota,Archaea,3,,,True,,False,False
warning_acid_base_balance,ARC_P::Mollusca,Archaea,3,0.0,0.0,True,155.5,False,False
warning_buffer_capacity,ARC_P::Mollusca,Archaea,3,0.0,0.0,True,147.5,False,False
warning_acid_accumulation,ARC_P::Mollusca,Archaea,3,,,True,,False,False
warning_ammonia_toxicity,ARC_P::Mollusca,Archaea,3,0.0,0.0,True,168.5,False,False
warning_biogas_quality,ARC_P::Mollusca,Archaea,3,,,True,,False,False
warning_acid_base_balance,ARC_P::Nanoarchaeota,Archaea,3,0.002905844155844156,0.0049645010906549875,True,20.0,False,True
warning_buffer_capacity,ARC_P::Nanoarchaeota,Archaea,3,-7.605476140945395e-05,0.001963052272528645,True,264.0,False,False
warning_acid_accumulation,ARC_P::Nanoarchaeota,Archaea,3,,,True,,False,False
warning_ammonia_toxicity,ARC_P::Nanoarchaeota,Archaea,3,0.0,0.0,True,168.5,False,False
warning_biogas_quality,ARC_P::Nanoarchaeota,Archaea,3,,,True,,False,False
warning_acid_base_balance,ARC_P::Thermoplasmatota,Archaea,3,0.0,0.0,True,155.5,False,False
warning_buffer_capacity,ARC_P::Thermoplasmatota,Archaea,3,0.00010822510822510804,0.0004839973977272263,True,29.0,False,False
warning_acid_accumulation,ARC_P::Thermoplasmatota,Archaea,3,,,True,,False,False
warning_ammonia_toxicity,ARC_P::Thermoplasmatota,Archaea,3,0.011233766233766285,0.005233536407607456,True,33.0,False,False
warning_biogas_quality,ARC_P::Thermoplasmatota,Archaea,3,,,True,,False,False
warning_acid_base_balance,ARC_P::Vertebrata,Archaea,3,0.0,0.0,True,155.5,False,False
warning_buffer_capacity,ARC_P::Vertebrata,Archaea,3,0.0,0.0,True,147.5,False,False
warning_acid_accumulation,ARC_P::Vertebrata,Archaea,3,,,True,,False,False
warning_ammonia_toxicity,ARC_P::Vertebrata,Archaea,3,0.0,0.0,True,168.5,False,False
warning_biogas_quality,ARC_P::Vertebrata,Archaea,3,,,True,,False,False
warning_acid_base_balance,ARC_P::unidentified,Archaea,3,0.0026169663669663675,0.004306277795293827,True,21.0,False,False
warning_buffer_capacity,ARC_P::unidentified,Archaea,3,0.0,0.0,True,147.5,False,False
warning_acid_accumulation,ARC_P::unidentified,Archaea,3,,,True,,False,False
warning_ammonia_toxicity,ARC_P::unidentified,Archaea,3,0.0,0.0,True,168.5,False,False
warning_biogas_quality,ARC_P::unidentified,Archaea,3,,,True,,False,False
warning_acid_base_balance,ARC_G::Aenigmarchaeales,Archaea,3,0.0,0.0,True,155.5,False,False
warning_buffer_capacity,ARC_G::Aenigmarchaeales,Archaea,3,0.0,0.0,True,147.5,False,False
warning_acid_accumulation,ARC_G::Aenigmarchaeales,Archaea,3,,,True,,False,False
warning_ammonia_toxicity,ARC_G::Aenigmarchaeales,Archaea,3,0.0,0.0,True,168.5,False,False
warning_biogas_quality,ARC_G::Aenigmarchaeales,Archaea,3,,,True,,False,False
warning_acid_base_balance,ARC_G::Bathyarchaeia,Archaea,3,0.0,0.0,True,155.5,False,False
warning_buffer_capacity,ARC_G::Bathyarchaeia,Archaea,3,0.0005411255411255401,0.0009616053210374858,True,14.0,False,True
warning_acid_accumulation,ARC_G::Bathyarchaeia,Archaea,3,,,True,,False,False
warning_ammonia_toxicity,ARC_G::Bathyarchaeia,Archaea,3,0.011363636363636409,0.006416148923169396,True,31.0,False,False
warning_biogas_quality,ARC_G::Bathyarchaeia,Archaea,3,,,True,,False,False
warning_acid_base_balance,ARC_G::Candidatus_Iainarchaeum,Archaea,3,0.0,0.0,True,155.5,False,False
warning_buffer_capacity,ARC_G::Candidatus_Iainarchaeum,Archaea,3,0.0,0.0,True,147.5,False,False
warning_acid_accumulation,ARC_G::Candidatus_Iainarchaeum,Archaea,3,,,True,,False,False
warning_ammonia_toxicity,ARC_G::Candidatus_Iainarchaeum,Archaea,3,0.0,0.0,True,168.5,False,False
warning_biogas_quality,ARC_G::Candidatus_Iainarchaeum,Archaea,3,,,True,,False,False
warning_acid_base_balance,ARC_G::Candidatus_Methanofastidiosum,Archaea,3,0.0,0.0,True,155.5,False,False
warning_buffer_capacity,ARC_G::Candidatus_Methanofastidiosum,Archaea,3,0.0,0.0,True,147.5,False,False
warning_acid_accumulation,ARC_G::Candidatus_Methanofastidiosum,Archaea,3,,,True,,False,False
warning_ammonia_toxicity,ARC_G::Candidatus_Methanofastidiosum,Archaea,3,0.02038961038961041,0.006063697418144796,True,11.5,False,True
warning_biogas_quality,ARC_G::Candidatus_Methanofastidiosum,Archaea,3,,,True,,False,False
warning_acid_base_balance,ARC_G::Candidatus_Methanogranum,Archaea,3,-0.027098571718136934,0.05876066907524583,True,276.0,False,False
warning_buffer_capacity,ARC_G::Candidatus_Methanogranum,Archaea,3,0.0,0.0,True,147.5,False,False
warning_acid_accumulation,ARC_G::Candidatus_Methanogranum,Archaea,3,,,True,,False,False
warning_ammonia_toxicity,ARC_G::Candidatus_Methanogranum,Archaea,3,-0.02486611917494269,0.024609469573588668,True,275.0,False,False
warning_biogas_quality,ARC_G::Candidatus_Methanogranum,Archaea,3,,,True,,False,False
warning_acid_base_balance,ARC_G::Candidatus_Methanomethylicus,Archaea,3,0.0,0.0,True,155.5,False,False
warning_buffer_capacity,ARC_G::Candidatus_Methanomethylicus,Archaea,3,0.0,0.0,True,147.5,False,False
warning_acid_accumulation,ARC_G::Candidatus_Methanomethylicus,Archaea,3,,,True,,False,False
warning_ammonia_toxicity,ARC_G::Candidatus_Methanomethylicus,Archaea,3,0.0,0.0,True,168.5,False,False
warning_biogas_quality,ARC_G::Candidatus_Methanomethylicus,Archaea,3,,,True,,False,False
warning_acid_base_balance,ARC_G::Candidatus_Methanomethylophilus,Archaea,3,0.0,0.0,True,155.5,False,False
warning_buffer_capacity,ARC_G::Candidatus_Methanomethylophilus,Archaea,3,0.0,0.0,True,147.5,False,False
warning_acid_accumulation,ARC_G::Candidatus_Methanomethylophilus,Archaea,3,,,True,,False,False
warning_ammonia_toxicity,ARC_G::Candidatus_Methanomethylophilus,Archaea,3,0.0,0.0,True,168.5,False,False
warning_biogas_quality,ARC_G::Candidatus_Methanomethylophilus,Archaea,3,,,True,,False,False
warning_acid_base_balance,ARC_G::Candidatus_Methanoplasma,Archaea,3,0.0,0.0,True,155.5,False,False
warning_buffer_capacity,ARC_G::Candidatus_Methanoplasma,Archaea,3,0.0,0.0,True,147.5,False,False
warning_acid_accumulation,ARC_G::Candidatus_Methanoplasma,Archaea,3,,,True,,False,False
warning_ammonia_toxicity,ARC_G::Candidatus_Methanoplasma,Archaea,3,0.00551948051948054,0.007476813751369555,True,48.0,False,False
warning_biogas_quality,ARC_G::Candidatus_Methanoplasma,Archaea,3,,,True,,False,False
warning_acid_base_balance,ARC_G::Candidatus_Nitrocosmicus,Archaea,3,0.0,0.0,True,155.5,False,False
warning_buffer_capacity,ARC_G::Candidatus_Nitrocosmicus,Archaea,3,0.0,0.0,True,147.5,False,False
warning_acid_accumulation,ARC_G::Candidatus_Nitrocosmicus,Archaea,3,,,True,,False,False
warning_ammonia_toxicity,ARC_G::Candidatus_Nitrocosmicus,Archaea,3,0.0,0.0,True,168.5,False,False
warning_biogas_quality,ARC_G::Candidatus_Nitrocosmicus,Archaea,3,,,True,,False,False
warning_acid_base_balance,ARC_G::Hadarchaeales,Archaea,3,0.0,0.0,True,155.5,False,False
warning_buffer_capacity,ARC_G::Hadarchaeales,Archaea,3,0.0,0.0,True,147.5,False,False
warning_acid_accumulation,ARC_G::Hadarchaeales,Archaea,3,,,True,,False,False
warning_ammonia_toxicity,ARC_G::Hadarchaeales,Archaea,3,0.0,0.0,True,168.5,False,False
warning_biogas_quality,ARC_G::Hadarchaeales,Archaea,3,,,True,,False,False
warning_acid_base_balance,ARC_G::LKM11,Archaea,3,0.0,0.0,True,155.5,False,False
warning_buffer_capacity,ARC_G::LKM11,Archaea,3,0.0,0.0,True,147.5,False,False
warning_acid_accumulation,ARC_G::LKM11,Archaea,3,,,True,,False,False
warning_ammonia_toxicity,ARC_G::LKM11,Archaea,3,0.0,0.0,True,168.5,False,False
warning_biogas_quality,ARC_G::LKM11,Archaea,3,,,True,,False,False
warning_acid_base_balance,ARC_G::Lokiarchaeia,Archaea,3,0.0,0.0,True,155.5,False,False
warning_buffer_capacity,ARC_G::Lokiarchaeia,Archaea,3,0.0,0.0,True,147.5,False,False
warning_acid_accumulation,ARC_G::Lokiarchaeia,Archaea,3,,,True,,False,False
warning_ammonia_toxicity,ARC_G::Lokiarchaeia,Archaea,3,0.0,0.0,True,168.5,False,False
warning_biogas_quality,ARC_G::Lokiarchaeia,Archaea,3,,,True,,False,False
warning_acid_base_balance,ARC_G::Marine_Benthic_Group_D_and_DHVEG-1,Archaea,3,0.0,0.0,True,155.5,False,False
warning_buffer_capacity,ARC_G::Marine_Benthic_Group_D_and_DHVEG-1,Archaea,3,0.0,0.0,True,147.5,False,False
warning_acid_accumulation,ARC_G::Marine_Benthic_Group_D_and_DHVEG-1,Archaea,3,,,True,,False,False
warning_ammonia_toxicity,ARC_G::Marine_Benthic_Group_D_and_DHVEG-1,Archaea,3,0.0,0.0,True,168.5,False,False
warning_biogas_quality,ARC_G::Marine_Benthic_Group_D_and_DHVEG-1,Archaea,3,,,True,,False,False
warning_acid_base_balance,ARC_G::Methanimicrococcus,Archaea,3,0.0,0.0,True,155.5,False,False
warning_buffer_capacity,ARC_G::Methanimicrococcus,Archaea,3,0.0,0.0,True,147.5,False,False
warning_acid_accumulation,ARC_G::Methanimicrococcus,Archaea,3,,,True,,False,False
warning_ammonia_toxicity,ARC_G::Methanimicrococcus,Archaea,3,0.0,0.0,True,168.5,False,False
warning_biogas_quality,ARC_G::Methanimicrococcus,Archaea,3,,,True,,False,False
warning_acid_base_balance,ARC_G::Methanocorpusculum,Archaea,3,0.0,0.0,True,155.5,False,False
warning_buffer_capacity,ARC_G::Methanocorpusculum,Archaea,3,0.0,0.0,True,147.5,False,False
warning_acid_accumulation,ARC_G::Methanocorpusculum,Archaea,3,,,True,,False,False
warning_ammonia_toxicity,ARC_G::Methanocorpusculum,Archaea,3,0.0,0.0,True,168.5,False,False
warning_biogas_quality,ARC_G::Methanocorpusculum,Archaea,3,,,True,,False,False
warning_acid_base_balance,ARC_G::Methanoculleus,Archaea,3,0.0,0.0,True,155.5,False,False
warning_buffer_capacity,ARC_G::Methanoculleus,Archaea,3,0.0,0.0,True,147.5,False,False
warning_acid_accumulation,ARC_G::Methanoculleus,Archaea,3,,,True,,False,False
warning_ammonia_toxicity,ARC_G::Methanoculleus,Archaea,3,0.0022727272727272874,0.004038742348357474,True,53.0,False,False
warning_biogas_quality,ARC_G::Methanoculleus,Archaea,3,,,True,,False,False
warning_acid_base_balance,ARC_G::Methanofollis,Archaea,3,0.00022727272727272735,0.0010163945352271776,True,43.0,False,False
warning_buffer_capacity,ARC_G::Methanofollis,Archaea,3,0.0,0.0,True,147.5,False,False
warning_acid_accumulation,ARC_G::Methanofollis,Archaea,3,,,True,,False,False
warning_ammonia_toxicity,ARC_G::Methanofollis,Archaea,3,0.0,0.0,True,168.5,False,False
warning_biogas_quality,ARC_G::Methanofollis,Archaea,3,,,True,,False,False
warning_acid_base_balance,ARC_G::Methanogenium,Archaea,3,0.003717532467532469,0.002151726651695942,True,16.0,False,True
warning_buffer_capacity,ARC_G::Methanogenium,Archaea,3,0.0,0.0,True,147.5,False,False
warning_acid_accumulation,ARC_G::Methanogenium,Archaea,3,,,True,,False,False
warning_ammonia_toxicity,ARC_G::Methanogenium,Archaea,3,0.018198745698745737,0.023315160426868712,True,15.0,False,True
warning_biogas_quality,ARC_G::Methanogenium,Archaea,3,,,True,,False,False
warning_acid_base_balance,ARC_G::Methanolacinia,Archaea,3,0.0,0.0,False,155.5,False,False
warning_buffer_capacity,ARC_G::Methanolacinia,Archaea,3,0.0,0.0,False,147.5,False,False
warning_acid_accumulation,ARC_G::Methanolacinia,Archaea,3,,,False,,False,False
warning_ammonia_toxicity,ARC_G::Methanolacinia,Archaea,3,0.0,0.0,False,168.5,False,False
warning_biogas_quality,ARC_G::Methanolacinia,Archaea,3,,,False,,False,False
warning_acid_base_balance,ARC_G::Methanolinea,Archaea,3,-0.00025974025974025844,0.00288290636644879,True,267.0,False,False
warning_buffer_capacity,ARC_G::Methanolinea,Archaea,3,0.0,0.0,True,147.5,False,False
warning_acid_accumulation,ARC_G::Methanolinea,Archaea,3,,,True,,False,False
warning_ammonia_toxicity,ARC_G::Methanolinea,Archaea,3,0.014415584415584447,0.008223429215494297,True,20.0,False,True
warning_biogas_quality,ARC_G::Methanolinea,Archaea,3,,,True,,False,False
warning_acid_base_balance,ARC_G::Methanolobus,Archaea,3,0.0,0.0,True,155.5,False,False
warning_buffer_capacity,ARC_G::Methanolobus,Archaea,3,0.0,0.0,True,147.5,False,False
warning_acid_accumulation,ARC_G::Methanolobus,Archaea,3,,,True,,False,False
warning_ammonia_toxicity,ARC_G::Methanolobus,Archaea,3,0.0,0.0,True,168.5,False,False
warning_biogas_quality,ARC_G::Methanolobus,Archaea,3,,,True,,False,False
warning_acid_base_balance,ARC_G::Methanomassiliicoccus,Archaea,3,0.003825757575757577,0.0021353340580144856,True,15.0,False,True
warning_buffer_capacity,ARC_G::Methanomassiliicoccus,Archaea,3,0.00021645021645021607,0.0006662197091462027,True,21.5,False,False
warning_acid_accumulation,ARC_G::Methanomassiliicoccus,Archaea,3,,,True,,False,False
warning_ammonia_toxicity,ARC_G::Methanomassiliicoccus,Archaea,3,0.014090909090909131,0.00699086407042273,True,25.0,False,False
warning_biogas_quality,ARC_G::Methanomassiliicoccus,Archaea,3,,,True,,False,False
warning_acid_base_balance,ARC_G::Methanomethylovorans,Archaea,3,0.0,0.0,True,155.5,False,False
warning_buffer_capacity,ARC_G::Methanomethylovorans,Archaea,3,0.0004992471296819103,0.00173627522400945,True,17.0,False,True
warning_acid_accumulation,ARC_G::Methanomethylovorans,Archaea,3,,,True,,False,False
warning_ammonia_toxicity,ARC_G::Methanomethylovorans,Archaea,3,0.0018464868464868722,0.011625489003996275,True,57.0,False,False
warning_biogas_quality,ARC_G::Methanomethylovorans,Archaea,3,,,True,,False,False
warning_acid_base_balance,ARC_G::Methanoregula,Archaea,3,0.0,0.0,True,155.5,False,False
warning_buffer_capacity,ARC_G::Methanoregula,Archaea,3,0.0,0.0,True,147.5,False,False
warning_acid_accumulation,ARC_G::Methanoregula,Archaea,3,,,True,,False,False
warning_ammonia_toxicity,ARC_G::Methanoregula,Archaea,3,0.0,0.0,True,168.5,False,False
warning_biogas_quality,ARC_G::Methanoregula,Archaea,3,,,True,,False,False
warning_acid_base_balance,ARC_G::Methanosaeta,Archaea,3,0.0,0.0,True,155.5,False,False
warning_buffer_capacity,ARC_G::Methanosaeta,Archaea,3,0.0012770562770562737,0.0015271471246676475,True,7.0,True,True
warning_acid_accumulation,ARC_G::Methanosaeta,Archaea,3,,,True,,False,False
warning_ammonia_toxicity,ARC_G::Methanosaeta,Archaea,3,0.011060606060606071,0.009852120891437605,True,34.0,False,False
warning_biogas_quality,ARC_G::Methanosaeta,Archaea,3,,,True,,False,False
warning_acid_base_balance,ARC_G::Methanosarcina,Archaea,3,0.0,0.0,True,155.5,False,False
warning_buffer_capacity,ARC_G::Methanosarcina,Archaea,3,0.0,0.0,True,147.5,False,False
warning_acid_accumulation,ARC_G::Methanosarcina,Archaea,3,,,True,,False,False
warning_ammonia_toxicity,ARC_G::Methanosarcina,Archaea,3,0.01811688311688315,0.0062279963044068526,True,16.0,False,True
warning_biogas_quality,ARC_G::Methanosarcina,Archaea,3,,,True,,False,False
warning_acid_base_balance,ARC_G::Methanosphaerula,Archaea,3,0.0051136363636363645,0.0013876801080777382,True,11.0,False,True
warning_buffer_capacity,ARC_G::Methanosphaerula,Archaea,3,0.0,0.0,True,147.5,False,False
warning_acid_accumulation,ARC_G::Methanosphaerula,Archaea,3,,,True,,False,False
warning_ammonia_toxicity,ARC_G::Methanosphaerula,Archaea,3,0.0,0.0,True,168.5,False,False
warning_biogas_quality,ARC_G::Methanosphaerula,Archaea,3,,,True,,False,False
warning_acid_base_balance,ARC_G::Methanospirillum,Archaea,3,0.0,0.0,True,155.5,False,False
warning_buffer_capacity,ARC_G::Methanospirillum,Archaea,3,0.00149350649350649,0.0014812467984412618,True,6.0,True,True
warning_acid_accumulation,ARC_G::Methanospirillum,Archaea,3,,,True,,False,False
warning_ammonia_toxicity,ARC_G::Methanospirillum,Archaea,3,0.009740259740259782,0.006642180430022412,True,36.0,False,False
warning_biogas_quality,ARC_G::Methanospirillum,Archaea,3,,,True,,False,False
warning_acid_base_balance,ARC_G::Micrarchaeales,Archaea,3,0.0,0.0,True,155.5,False,False
warning_buffer_capacity,ARC_G::Micrarchaeales,Archaea,3,0.0,0.0,True,147.5,False,False
warning_acid_accumulation,ARC_G::Micrarchaeales,Archaea,3,,,True,,False,False
warning_ammonia_toxicity,ARC_G::Micrarchaeales,Archaea,3,0.0,0.0,True,168.5,False,False
warning_biogas_quality,ARC_G::Micrarchaeales,Archaea,3,,,True,,False,False
warning_acid_base_balance,ARC_G::Nitrososphaeraceae,Archaea,3,0.0,0.0,True,155.5,False,False
warning_buffer_capacity,ARC_G::Nitrososphaeraceae,Archaea,3,0.0,0.0,True,147.5,False,False
warning_acid_accumulation,ARC_G::Nitrososphaeraceae,Archaea,3,,,True,,False,False
warning_ammonia_toxicity,ARC_G::Nitrososphaeraceae,Archaea,3,0.0,0.0,True,168.5,False,False
warning_biogas_quality,ARC_G::Nitrososphaeraceae,Archaea,3,,,True,,False,False
warning_acid_base_balance,ARC_G::Rhinosporideacae,Archaea,3,0.0,0.0,True,155.5,False,False
warning_buffer_capacity,ARC_G::Rhinosporideacae,Archaea,3,0.0,0.0,True,147.5,False,False
warning_acid_accumulation,ARC_G::Rhinosporideacae,Archaea,3,,,True,,False,False
warning_ammonia_toxicity,ARC_G::Rhinosporideacae,Archaea,3,0.0,0.0,True,168.5,False,False
warning_biogas_quality,ARC_G::Rhinosporideacae,Archaea,3,,,True,,False,False
warning_acid_base_balance,ARC_G::RumEn_M2,Archaea,3,0.0017406204906204926,0.0030633470471256087,True,24.0,False,False
warning_buffer_capacity,ARC_G::RumEn_M2,Archaea,3,0.00021645021645021607,0.0006662197091462027,True,21.5,False,False
warning_acid_accumulation,ARC_G::RumEn_M2,Archaea,3,,,True,,False,False
warning_ammonia_toxicity,ARC_G::RumEn_M2,Archaea,3,0.014199134199134234,0.007848773196322753,True,24.0,False,False
warning_biogas_quality,ARC_G::RumEn_M2,Archaea,3,,,True,,False,False
warning_acid_base_balance,ARC_G::SCGC_AAA011-D5,Archaea,3,0.0033001373626373636,0.005950755456974894,True,17.0,False,True
warning_buffer_capacity,ARC_G::SCGC_AAA011-D5,Archaea,3,-0.00018427986963456198,0.001891384146129822,True,265.0,False,False
warning_acid_accumulation,ARC_G::SCGC_AAA011-D5,Archaea,3,,,True,,False,False
warning_ammonia_toxicity,ARC_G::SCGC_AAA011-D5,Archaea,3,0.0,0.0,True,168.5,False,False
warning_biogas_quality,ARC_G::SCGC_AAA011-D5,Archaea,3,,,True,,False,False
warning_acid_base_balance,ARC_G::Teleostei,Archaea,3,0.0,0.0,True,155.5,False,False
warning_buffer_capacity,ARC_G::Teleostei,Archaea,3,0.0,0.0,True,147.5,False,False
warning_acid_accumulation,ARC_G::Teleostei,Archaea,3,,,True,,False,False
warning_ammonia_toxicity,ARC_G::Teleostei,Archaea,3,0.0,0.0,True,168.5,False,False
warning_biogas_quality,ARC_G::Teleostei,Archaea,3,,,True,,False,False
warning_acid_base_balance,ARC_G::Veneroida,Archaea,3,0.0,0.0,True,155.5,False,False
warning_buffer_capacity,ARC_G::Veneroida,Archaea,3,0.0,0.0,True,147.5,False,False
warning_acid_accumulation,ARC_G::Veneroida,Archaea,3,,,True,,False,False
warning_ammonia_toxicity,ARC_G::Veneroida,Archaea,3,0.0,0.0,True,168.5,False,False
warning_biogas_quality,ARC_G::Veneroida,Archaea,3,,,True,,False,False
warning_acid_base_balance,ARC_G::Woesearchaeales,Archaea,3,0.0,0.0,True,155.5,False,False
warning_buffer_capacity,ARC_G::Woesearchaeales,Archaea,3,-1.0822510822511288e-05,0.0007381221310185273,True,262.0,False,False
warning_acid_accumulation,ARC_G::Woesearchaeales,Archaea,3,,,True,,False,False
warning_ammonia_toxicity,ARC_G::Woesearchaeales,Archaea,3,0.0,0.0,True,168.5,False,False
warning_biogas_quality,ARC_G::Woesearchaeales,Archaea,3,,,True,,False,False
warning_acid_base_balance,ARC_G::unidentified,Archaea,3,0.003033633033633034,0.004440795665197426,True,19.0,False,True
warning_buffer_capacity,ARC_G::unidentified,Archaea,3,0.0019480519480519446,0.0006662197091462028,True,2.5,True,True
warning_acid_accumulation,ARC_G::unidentified,Archaea,3,,,True,,False,False
warning_ammonia_toxicity,ARC_G::unidentified,Archaea,3,0.0,0.0,True,168.5,False,False
warning_biogas_quality,ARC_G::unidentified,Archaea,3,,,True,,False,False
warning_acid_base_balance,Season,Metadata: operation/context,4,-0.02299839049839055,0.01932412166913374,True,266.0,False,False
warning_buffer_capacity,Season,Metadata: operation/context,4,0.02968370681605977,0.0055084538676042,True,4.0,True,True
warning_acid_accumulation,Season,Metadata: operation/context,4,0.030984432234432237,0.08494146217149827,True,1.0,True,True
warning_ammonia_toxicity,Season,Metadata: operation/context,4,0.008305606430606429,0.00744923099581699,True,19.0,False,True
warning_biogas_quality,Season,Metadata: operation/context,4,,,True,,False,False
warning_acid_base_balance,substrate_type,Metadata: substrate,4,-0.005119810744810762,0.01088671161742235,True,245.0,False,False
warning_buffer_capacity,substrate_type,Metadata: substrate,4,0.00018965919701214307,0.0137825685131826,True,26.0,False,False
warning_acid_accumulation,substrate_type,Metadata: substrate,4,-0.07134207596668897,0.14374047663256065,True,276.0,False,False
warning_ammonia_toxicity,substrate_type,Metadata: substrate,4,0.0027599715099715094,0.004110490192648861,True,28.0,False,False
warning_biogas_quality,substrate_type,Metadata: substrate,4,,,True,,False,False
warning_acid_base_balance,HRT_d,Metadata: operation/context,4,0.003541666666666654,0.0015264481188855081,True,13.5,False,True
warning_buffer_capacity,HRT_d,Metadata: operation/context,4,-0.010831582633053222,0.012302839388665719,True,265.0,False,False
warning_acid_accumulation,HRT_d,Metadata: operation/context,4,0.0,0.0,True,138.0,False,False
warning_ammonia_toxicity,HRT_d,Metadata: operation/context,4,0.000808566433566435,0.006379627200204234,True,38.0,False,False
warning_biogas_quality,HRT_d,Metadata: operation/context,4,,,True,,False,False
warning_acid_base_balance,T_C,Metadata: operation/context,4,-0.015570054945054984,0.013688135769429085,True,259.0,False,False
warning_buffer_capacity,T_C,Metadata: operation/context,4,-0.0437195157783393,0.017562072656657286,True,276.0,False,False
warning_acid_accumulation,T_C,Metadata: operation/context,4,0.0,0.0,True,138.0,False,False
warning_ammonia_toxicity,T_C,Metadata: operation/context,4,0.0,0.0,True,156.0,False,False
warning_biogas_quality,T_C,Metadata: operation/context,4,,,True,,False,False
warning_acid_base_balance,Q_total_Tpy,Metadata: operation/context,4,0.0,0.0,True,124.5,False,False
warning_buffer_capacity,Q_total_Tpy,Metadata: operation/context,4,-0.014647309389956443,0.026730015249299244,True,267.0,False,False
warning_acid_accumulation,Q_total_Tpy,Metadata: operation/context,4,0.0,0.0,True,138.0,False,False
warning_ammonia_toxicity,Q_total_Tpy,Metadata: operation/context,4,0.0,0.0,True,156.0,False,False
warning_biogas_quality,Q_total_Tpy,Metadata: operation/context,4,,,True,,False,False
warning_acid_base_balance,substrate_avg_pH,Metadata: substrate,4,0.0,0.0,True,124.5,False,False
warning_buffer_capacity,substrate_avg_pH,Metadata: substrate,4,0.0017524509803921618,0.0038657624626498906,True,18.0,False,True
warning_acid_accumulation,substrate_avg_pH,Metadata: substrate,4,0.0,0.0,True,138.0,False,False
warning_ammonia_toxicity,substrate_avg_pH,Metadata: substrate,4,0.002564102564102555,0.0032219531407053385,True,29.0,False,False
warning_biogas_quality,substrate_avg_pH,Metadata: substrate,4,,,True,,False,False
warning_acid_base_balance,substrate_avg_ALK,Metadata: substrate,4,-0.022661782661782707,0.012492013684983453,True,265.0,False,False
warning_buffer_capacity,substrate_avg_ALK,Metadata: substrate,4,0.0,0.0,True,144.5,False,False
warning_acid_accumulation,substrate_avg_ALK,Metadata: substrate,4,0.0,0.0,True,138.0,False,False
warning_ammonia_toxicity,substrate_avg_ALK,Metadata: substrate,4,0.0,0.0,True,156.0,False,False
warning_biogas_quality,substrate_avg_ALK,Metadata: substrate,4,,,True,,False,False
warning_acid_base_balance,substrate_avg_VS,Metadata: substrate,4,-0.005818070818070828,0.0072646224404539425,True,246.0,False,False
warning_buffer_capacity,substrate_avg_VS,Metadata: substrate,4,0.0,0.0,True,144.5,False,False
warning_acid_accumulation,substrate_avg_VS,Metadata: substrate,4,0.0,0.0,True,138.0,False,False
warning_ammonia_toxicity,substrate_avg_VS,Metadata: substrate,4,-0.0006742100492100501,0.004095225312795458,True,268.0,False,False
warning_biogas_quality,substrate_avg_VS,Metadata: substrate,4,,,True,,False,False
warning_acid_base_balance,substrate_avg_COD,Metadata: substrate,4,-0.024862637362637406,0.013745477063546337,True,268.0,False,False
warning_buffer_capacity,substrate_avg_COD,Metadata: substrate,4,0.0,0.0,True,144.5,False,False
warning_acid_accumulation,substrate_avg_COD,Metadata: substrate,4,-0.01809523809523809,0.02824743196432317,True,275.0,False,False
warning_ammonia_toxicity,substrate_avg_COD,Metadata: substrate,4,0.0,0.0,True,156.0,False,False
warning_biogas_quality,substrate_avg_COD,Metadata: substrate,4,,,True,,False,False
warning_acid_base_balance,substrate_avg_sCOD,Metadata: substrate,4,0.0,0.0,True,124.5,False,False
warning_buffer_capacity,substrate_avg_sCOD,Metadata: substrate,4,0.0,0.0,True,144.5,False,False
warning_acid_accumulation,substrate_avg_sCOD,Metadata: substrate,4,0.0,0.0,True,138.0,False,False
warning_ammonia_toxicity,substrate_avg_sCOD,Metadata: substrate,4,0.04756214481253181,0.017543245509844426,True,4.0,True,True
warning_biogas_quality,substrate_avg_sCOD,Metadata: substrate,4,,,True,,False,False
warning_acid_base_balance,substrate_avg_TC,Metadata: substrate,4,0.0,0.0,True,124.5,False,False
warning_buffer_capacity,substrate_avg_TC,Metadata: substrate,4,0.0,0.0,True,144.5,False,False
warning_acid_accumulation,substrate_avg_TC,Metadata: substrate,4,0.0,0.0,True,138.0,False,False
warning_ammonia_toxicity,substrate_avg_TC,Metadata: substrate,4,0.0021189458689458707,0.004865450031772283,True,32.0,False,False
warning_biogas_quality,substrate_avg_TC,Metadata: substrate,4,,,True,,False,False
warning_acid_base_balance,substrate_avg_Protein,Metadata: substrate,4,-0.000932539682539707,0.010598812284542436,True,229.0,False,False
warning_buffer_capacity,substrate_avg_Protein,Metadata: substrate,4,-0.004925303454715218,0.01941857471535689,True,263.0,False,False
warning_acid_accumulation,substrate_avg_Protein,Metadata: substrate,4,0.0,0.0,True,138.0,False,False
warning_ammonia_toxicity,substrate_avg_Protein,Metadata: substrate,4,0.018378596592605885,0.01786487775270571,True,12.0,False,True
warning_biogas_quality,substrate_avg_Protein,Metadata: substrate,4,,,True,,False,False
warning_acid_base_balance,substrate_avg_Lipid,Metadata: substrate,4,-0.0017658730158730319,0.0086994647251783,True,232.0,False,False
warning_buffer_capacity,substrate_avg_Lipid,Metadata: substrate,4,0.0,0.0,True,144.5,False,False
warning_acid_accumulation,substrate_avg_Lipid,Metadata: substrate,4,0.0,0.0,True,138.0,False,False
warning_ammonia_toxicity,substrate_avg_Lipid,Metadata: substrate,4,0.04607957151494304,0.01200678822897845,True,5.0,True,True
warning_biogas_quality,substrate_avg_Lipid,Metadata: substrate,4,,,True,,False,False
warning_acid_base_balance,substrate_avg_TVFAs,Metadata: substrate,4,-0.01151480463980468,0.01530994291825485,True,253.0,False,False
warning_buffer_capacity,substrate_avg_TVFAs,Metadata: substrate,4,0.0,0.0,True,144.5,False,False
warning_acid_accumulation,substrate_avg_TVFAs,Metadata: substrate,4,0.0,0.0,True,138.0,False,False
warning_ammonia_toxicity,substrate_avg_TVFAs,Metadata: substrate,4,0.0,0.0,True,156.0,False,False
warning_biogas_quality,substrate_avg_TVFAs,Metadata: substrate,4,,,True,,False,False
warning_acid_base_balance,substrate_avg_HAc,Metadata: substrate,4,-0.015109890109890159,0.016953693014134942,True,258.0,False,False
warning_buffer_capacity,substrate_avg_HAc,Metadata: substrate,4,0.0,0.0,True,144.5,False,False
warning_acid_accumulation,substrate_avg_HAc,Metadata: substrate,4,0.0,0.0,True,138.0,False,False
warning_ammonia_toxicity,substrate_avg_HAc,Metadata: substrate,4,0.0009615384615384581,0.00234838172136232,True,35.0,False,False
warning_biogas_quality,substrate_avg_HAc,Metadata: substrate,4,,,True,,False,False
warning_acid_base_balance,substrate_avg_HPro,Metadata: substrate,4,-0.013667582417582471,0.011189554998169824,True,257.0,False,False
warning_buffer_capacity,substrate_avg_HPro,Metadata: substrate,4,0.0,0.0,True,144.5,False,False
warning_acid_accumulation,substrate_avg_HPro,Metadata: substrate,4,0.0,0.0,True,138.0,False,False
warning_ammonia_toxicity,substrate_avg_HPro,Metadata: substrate,4,0.0003205128205128194,0.0014333769086537062,True,42.0,False,False
warning_biogas_quality,substrate_avg_HPro,Metadata: substrate,4,,,True,,False,False
warning_acid_base_balance,BAC_P::Abditibacteriota,Bacteria,4,0.0,0.0,True,124.5,False,False
warning_buffer_capacity,BAC_P::Abditibacteriota,Bacteria,4,0.0,0.0,True,144.5,False,False
warning_acid_accumulation,BAC_P::Abditibacteriota,Bacteria,4,0.0,0.0,True,138.0,False,False
warning_ammonia_toxicity,BAC_P::Abditibacteriota,Bacteria,4,0.0,0.0,True,156.0,False,False
warning_biogas_quality,BAC_P::Abditibacteriota,Bacteria,4,,,True,,False,False
warning_acid_base_balance,BAC_P::Acetothermia,Bacteria,4,0.0,0.0,True,124.5,False,False
warning_buffer_capacity,BAC_P::Acetothermia,Bacteria,4,0.0,0.0,True,144.5,False,False
warning_acid_accumulation,BAC_P::Acetothermia,Bacteria,4,0.0,0.0,True,138.0,False,False
warning_ammonia_toxicity,BAC_P::Acetothermia,Bacteria,4,0.0,0.0,True,156.0,False,False
warning_biogas_quality,BAC_P::Acetothermia,Bacteria,4,,,True,,False,False
warning_acid_base_balance,BAC_P::Acidobacteriota,Bacteria,4,0.0036706349206348994,0.013933051282798424,True,12.0,False,True
warning_buffer_capacity,BAC_P::Acidobacteriota,Bacteria,4,0.0,0.0,True,144.5,False,False
warning_acid_accumulation,BAC_P::Acidobacteriota,Bacteria,4,0.0,0.0,True,138.0,False,False
warning_ammonia_toxicity,BAC_P::Acidobacteriota,Bacteria,4,0.0,0.0,True,156.0,False,False
warning_biogas_quality,BAC_P::Acidobacteriota,Bacteria,4,,,True,,False,False
warning_acid_base_balance,BAC_P::Actinobacteriota,Bacteria,4,-0.012064255189255222,0.013289451970475557,True,255.0,False,False
warning_buffer_capacity,BAC_P::Actinobacteriota,Bacteria,4,0.0007352941176470617,0.0015087916942428795,True,20.0,False,True
warning_acid_accumulation,BAC_P::Actinobacteriota,Bacteria,4,0.0,0.0,True,138.0,False,False
warning_ammonia_toxicity,BAC_P::Actinobacteriota,Bacteria,4,0.0022435897435897356,0.003136926185446097,True,31.0,False,False
warning_biogas_quality,BAC_P::Actinobacteriota,Bacteria,4,,,True,,False,False
warning_acid_base_balance,BAC_P::Armatimonadota,Bacteria,4,0.0,0.0,True,124.5,False,False
warning_buffer_capacity,BAC_P::Armatimonadota,Bacteria,4,-0.009520173453996979,0.02516628391856709,True,264.0,False,False
warning_acid_accumulation,BAC_P::Armatimonadota,Bacteria,4,0.0,0.0,True,138.0,False,False
warning_ammonia_toxicity,BAC_P::Armatimonadota,Bacteria,4,0.0,0.0,True,156.0,False,False
warning_biogas_quality,BAC_P::Armatimonadota,Bacteria,4,,,True,,False,False
warning_acid_base_balance,BAC_P::Bacteroidota,Bacteria,4,-0.004502442002442031,0.010176320792570102,True,244.0,False,False
warning_buffer_capacity,BAC_P::Bacteroidota,Bacteria,4,-0.037671029950441706,0.028578270559421987,True,274.0,False,False
warning_acid_accumulation,BAC_P::Bacteroidota,Bacteria,4,0.008594322344322346,0.031156678012968515,True,2.0,True,True
warning_ammonia_toxicity,BAC_P::Bacteroidota,Bacteria,4,0.0033516483516483455,0.004819797570525933,True,27.0,False,False
warning_biogas_quality,BAC_P::Bacteroidota,Bacteria,4,,,True,,False,False
warning_acid_base_balance,BAC_P::Bdellovibrionota,Bacteria,4,0.0,0.0,True,124.5,False,False
warning_buffer_capacity,BAC_P::Bdellovibrionota,Bacteria,4,0.0,0.0,True,144.5,False,False
warning_acid_accumulation,BAC_P::Bdellovibrionota,Bacteria,4,0.0,0.0,True,138.0,False,False
warning_ammonia_toxicity,BAC_P::Bdellovibrionota,Bacteria,4,0.0,0.0,True,156.0,False,False
warning_biogas_quality,BAC_P::Bdellovibrionota,Bacteria,4,,,True,,False,False
warning_acid_base_balance,BAC_P::Caldatribacteriota,Bacteria,4,0.0033333333333333214,0.0017099639201419172,True,16.0,False,True
warning_buffer_capacity,BAC_P::Caldatribacteriota,Bacteria,4,0.0,0.0,True,144.5,False,False
warning_acid_accumulation,BAC_P::Caldatribacteriota,Bacteria,4,0.0,0.0,True,138.0,False,False
warning_ammonia_toxicity,BAC_P::Caldatribacteriota,Bacteria,4,0.0,0.0,True,156.0,False,False
warning_biogas_quality,BAC_P::Caldatribacteriota,Bacteria,4,,,True,,False,False
warning_acid_base_balance,BAC_P::Caldisericota,Bacteria,4,0.0,0.0,True,124.5,False,False
warning_buffer_capacity,BAC_P::Caldisericota,Bacteria,4,0.0,0.0,True,144.5,False,False
warning_acid_accumulation,BAC_P::Caldisericota,Bacteria,4,0.0,0.0,True,138.0,False,False
warning_ammonia_toxicity,BAC_P::Caldisericota,Bacteria,4,0.0,0.0,True,156.0,False,False
warning_biogas_quality,BAC_P::Caldisericota,Bacteria,4,,,True,,False,False
warning_acid_base_balance,BAC_P::Campilobacterota,Bacteria,4,0.0,0.0,True,124.5,False,False
warning_buffer_capacity,BAC_P::Campilobacterota,Bacteria,4,0.0,0.0,True,144.5,False,False
warning_acid_accumulation,BAC_P::Campilobacterota,Bacteria,4,0.0,0.0,True,138.0,False,False
warning_ammonia_toxicity,BAC_P::Campilobacterota,Bacteria,4,0.0,0.0,True,156.0,False,False
warning_biogas_quality,BAC_P::Campilobacterota,Bacteria,4,,,True,,False,False
warning_acid_base_balance,BAC_P::Chloroflexi,Bacteria,4,0.0,0.0,True,124.5,False,False
warning_buffer_capacity,BAC_P::Chloroflexi,Bacteria,4,0.0007352941176470617,0.0015087916942428798,True,20.0,False,True
warning_acid_accumulation,BAC_P::Chloroflexi,Bacteria,4,0.0,0.0,True,138.0,False,False
warning_ammonia_toxicity,BAC_P::Chloroflexi,Bacteria,4,0.0,0.0,True,156.0,False,False
warning_biogas_quality,BAC_P::Chloroflexi,Bacteria,4,,,True,,False,False
warning_acid_base_balance,BAC_P::Cloacimonadota,Bacteria,4,-0.009335317460317502,0.012717077676331581,True,250.0,False,False
warning_buffer_capacity,BAC_P::Cloacimonadota,Bacteria,4,0.0,0.0,True,144.5,False,False
warning_acid_accumulation,BAC_P::Cloacimonadota,Bacteria,4,0.0,0.0,True,138.0,False,False
warning_ammonia_toxicity,BAC_P::Cloacimonadota,Bacteria,4,0.0,0.0,True,156.0,False,False
warning_biogas_quality,BAC_P::Cloacimonadota,Bacteria,4,,,True,,False,False
warning_acid_base_balance,BAC_P::Coprothermobacterota,Bacteria,4,0.0,0.0,True,124.5,False,False
warning_buffer_capacity,BAC_P::Coprothermobacterota,Bacteria,4,0.0,0.0,True,144.5,False,False
warning_acid_accumulation,BAC_P::Coprothermobacterota,Bacteria,4,0.0,0.0,True,138.0,False,False
warning_ammonia_toxicity,BAC_P::Coprothermobacterota,Bacteria,4,0.0,0.0,True,156.0,False,False
warning_biogas_quality,BAC_P::Coprothermobacterota,Bacteria,4,,,True,,False,False
warning_acid_base_balance,BAC_P::Cyanobacteria,Bacteria,4,0.0,0.0,True,124.5,False,False
warning_buffer_capacity,BAC_P::Cyanobacteria,Bacteria,4,0.0,0.0,True,144.5,False,False
warning_acid_accumulation,BAC_P::Cyanobacteria,Bacteria,4,0.0,0.0,True,138.0,False,False
warning_ammonia_toxicity,BAC_P::Cyanobacteria,Bacteria,4,0.0,0.0,True,156.0,False,False
warning_biogas_quality,BAC_P::Cyanobacteria,Bacteria,4,,,True,,False,False
warning_acid_base_balance,BAC_P::Deinococcota,Bacteria,4,0.0,0.0,True,124.5,False,False
warning_buffer_capacity,BAC_P::Deinococcota,Bacteria,4,0.0,0.0,True,144.5,False,False
warning_acid_accumulation,BAC_P::Deinococcota,Bacteria,4,0.0,0.0,True,138.0,False,False
warning_ammonia_toxicity,BAC_P::Deinococcota,Bacteria,4,0.0,0.0,True,156.0,False,False
warning_biogas_quality,BAC_P::Deinococcota,Bacteria,4,,,True,,False,False
warning_acid_base_balance,BAC_P::Dependentiae,Bacteria,4,0.004604500891265575,0.013783766198190975,True,10.0,True,True
warning_buffer_capacity,BAC_P::Dependentiae,Bacteria,4,0.0,0.0,True,144.5,False,False
warning_acid_accumulation,BAC_P::Dependentiae,Bacteria,4,0.0,0.0,True,138.0,False,False
warning_ammonia_toxicity,BAC_P::Dependentiae,Bacteria,4,-0.04883190883190878,0.06818015939054953,True,275.0,False,False
warning_biogas_quality,BAC_P::Dependentiae,Bacteria,4,,,True,,False,False
warning_acid_base_balance,BAC_P::Desulfobacterota,Bacteria,4,-0.03224969474969479,0.009879788174270545,True,272.0,False,False
warning_buffer_capacity,BAC_P::Desulfobacterota,Bacteria,4,-0.021423184658478773,0.017840548303435243,True,269.0,False,False
warning_acid_accumulation,BAC_P::Desulfobacterota,Bacteria,4,0.0,0.0,True,138.0,False,False
warning_ammonia_toxicity,BAC_P::Desulfobacterota,Bacteria,4,0.0,0.0,True,156.0,False,False
warning_biogas_quality,BAC_P::Desulfobacterota,Bacteria,4,,,True,,False,False
warning_acid_base_balance,BAC_P::Elusimicrobiota,Bacteria,4,0.0,0.0,True,124.5,False,False
warning_buffer_capacity,BAC_P::Elusimicrobiota,Bacteria,4,0.0,0.0,True,144.5,False,False
warning_acid_accumulation,BAC_P::Elusimicrobiota,Bacteria,4,0.0,0.0,True,138.0,False,False
warning_ammonia_toxicity,BAC_P::Elusimicrobiota,Bacteria,4,0.0,0.0,True,156.0,False,False
warning_biogas_quality,BAC_P::Elusimicrobiota,Bacteria,4,,,True,,False,False
warning_acid_base_balance,BAC_P::Fermentibacterota,Bacteria,4,-0.0004761904761904745,0.0014656833601216436,True,225.5,False,False
warning_buffer_capacity,BAC_P::Fermentibacterota,Bacteria,4,0.0,0.0,True,144.5,False,False
warning_acid_accumulation,BAC_P::Fermentibacterota,Bacteria,4,0.0,0.0,True,138.0,False,False
warning_ammonia_toxicity,BAC_P::Fermentibacterota,Bacteria,4,0.0,0.0,True,156.0,False,False
warning_biogas_quality,BAC_P::Fermentibacterota,Bacteria,4,,,True,,False,False
warning_acid_base_balance,BAC_P::Fibrobacterota,Bacteria,4,0.0,0.0,False,124.5,False,False
warning_buffer_capacity,BAC_P::Fibrobacterota,Bacteria,4,0.0,0.0,False,144.5,False,False
warning_acid_accumulation,BAC_P::Fibrobacterota,Bacteria,4,0.0,0.0,False,138.0,False,False
warning_ammonia_toxicity,BAC_P::Fibrobacterota,Bacteria,4,0.0,0.0,False,156.0,False,False
warning_biogas_quality,BAC_P::Fibrobacterota,Bacteria,4,,,False,,False,False
warning_acid_base_balance,BAC_P::Firmicutes,Bacteria,4,0.003541666666666654,0.0015264481188855081,True,13.5,False,True
warning_buffer_capacity,BAC_P::Firmicutes,Bacteria,4,0.0,0.0,True,144.5,False,False
warning_acid_accumulation,BAC_P::Firmicutes,Bacteria,4,0.0,0.0,True,138.0,False,False
warning_ammonia_toxicity,BAC_P::Firmicutes,Bacteria,4,0.037777912447030104,0.015159431671934957,True,8.0,True,True
warning_biogas_quality,BAC_P::Firmicutes,Bacteria,4,,,True,,False,False
warning_acid_base_balance,BAC_P::Fusobacteriota,Bacteria,4,0.0,0.0,True,124.5,False,False
warning_buffer_capacity,BAC_P::Fusobacteriota,Bacteria,4,0.0,0.0,True,144.5,False,False
warning_acid_accumulation,BAC_P::Fusobacteriota,Bacteria,4,0.0,0.0,True,138.0,False,False
warning_ammonia_toxicity,BAC_P::Fusobacteriota,Bacteria,4,0.0,0.0,True,156.0,False,False
warning_biogas_quality,BAC_P::Fusobacteriota,Bacteria,4,,,True,,False,False
warning_acid_base_balance,BAC_P::Halanaerobiaeota,Bacteria,4,0.0,0.0,True,124.5,False,False
warning_buffer_capacity,BAC_P::Halanaerobiaeota,Bacteria,4,0.0,0.0,True,144.5,False,False
warning_acid_accumulation,BAC_P::Halanaerobiaeota,Bacteria,4,0.0,0.0,True,138.0,False,False
warning_ammonia_toxicity,BAC_P::Halanaerobiaeota,Bacteria,4,0.0,0.0,True,156.0,False,False
warning_biogas_quality,BAC_P::Halanaerobiaeota,Bacteria,4,,,True,,False,False
warning_acid_base_balance,BAC_P::Marinimicrobia_(SAR406_clade),Bacteria,4,0.0,0.0,True,124.5,False,False
warning_buffer_capacity,BAC_P::Marinimicrobia_(SAR406_clade),Bacteria,4,0.0,0.0,True,144.5,False,False
warning_acid_accumulation,BAC_P::Marinimicrobia_(SAR406_clade),Bacteria,4,0.0,0.0,True,138.0,False,False
warning_ammonia_toxicity,BAC_P::Marinimicrobia_(SAR406_clade),Bacteria,4,0.0,0.0,True,156.0,False,False
warning_biogas_quality,BAC_P::Marinimicrobia_(SAR406_clade),Bacteria,4,,,True,,False,False
warning_acid_base_balance,BAC_P::Patescibacteria,Bacteria,4,-0.0029662698412698473,0.006957552672115755,True,239.0,False,False
warning_buffer_capacity,BAC_P::Patescibacteria,Bacteria,4,0.0,0.0,True,144.5,False,False
warning_acid_accumulation,BAC_P::Patescibacteria,Bacteria,4,0.0,0.0,True,138.0,False,False
warning_ammonia_toxicity,BAC_P::Patescibacteria,Bacteria,4,0.0008992165242165256,0.002891719309819778,True,36.5,False,False
warning_biogas_quality,BAC_P::Patescibacteria,Bacteria,4,,,True,,False,False
warning_acid_base_balance,BAC_P::Planctomycetota,Bacteria,4,-0.010803571428571477,0.012903888400768617,True,251.0,False,False
warning_buffer_capacity,BAC_P::Planctomycetota,Bacteria,4,0.0,0.0,True,144.5,False,False
warning_acid_accumulation,BAC_P::Planctomycetota,Bacteria,4,0.0,0.0,True,138.0,False,False
warning_ammonia_toxicity,BAC_P::Planctomycetota,Bacteria,4,0.0064102564102563875,0.0,True,24.0,False,False
warning_biogas_quality,BAC_P::Planctomycetota,Bacteria,4,,,True,,False,False
warning_acid_base_balance,BAC_P::Proteobacteria,Bacteria,4,0.0,0.0,True,124.5,False,False
warning_buffer_capacity,BAC_P::Proteobacteria,Bacteria,4,0.03496211841993577,0.01975142098271108,True,2.0,True,True
warning_acid_accumulation,BAC_P::Proteobacteria,Bacteria,4,0.0,0.0,True,138.0,False,False
warning_ammonia_toxicity,BAC_P::Proteobacteria,Bacteria,4,0.0,0.0,True,156.0,False,False
warning_biogas_quality,BAC_P::Proteobacteria,Bacteria,4,,,True,,False,False
warning_acid_base_balance,BAC_P::Spirochaetota,Bacteria,4,0.0,0.0,True,124.5,False,False
warning_buffer_capacity,BAC_P::Spirochaetota,Bacteria,4,-0.004062798871235393,0.10616931208223303,True,261.0,False,False
warning_acid_accumulation,BAC_P::Spirochaetota,Bacteria,4,0.0,0.0,True,138.0,False,False
warning_ammonia_toxicity,BAC_P::Spirochaetota,Bacteria,4,0.0,0.0,True,156.0,False,False
warning_biogas_quality,BAC_P::Spirochaetota,Bacteria,4,,,True,,False,False
warning_acid_base_balance,BAC_P::Synergistota,Bacteria,4,0.0,0.0,True,124.5,False,False
warning_buffer_capacity,BAC_P::Synergistota,Bacteria,4,0.0,0.0,True,144.5,False,False
warning_acid_accumulation,BAC_P::Synergistota,Bacteria,4,0.0,0.0,True,138.0,False,False
warning_ammonia_toxicity,BAC_P::Synergistota,Bacteria,4,0.0,0.0,True,156.0,False,False
warning_biogas_quality,BAC_P::Synergistota,Bacteria,4,,,True,,False,False
warning_acid_base_balance,BAC_P::Thermotogota,Bacteria,4,0.0,0.0,True,124.5,False,False
warning_buffer_capacity,BAC_P::Thermotogota,Bacteria,4,0.0,0.0,True,144.5,False,False
warning_acid_accumulation,BAC_P::Thermotogota,Bacteria,4,0.0,0.0,True,138.0,False,False
warning_ammonia_toxicity,BAC_P::Thermotogota,Bacteria,4,0.0,0.0,True,156.0,False,False
warning_biogas_quality,BAC_P::Thermotogota,Bacteria,4,,,True,,False,False
warning_acid_base_balance,BAC_P::Verrucomicrobiota,Bacteria,4,-0.0004830586080586119,0.004341411597491814,True,227.0,False,False
warning_buffer_capacity,BAC_P::Verrucomicrobiota,Bacteria,4,0.005427754435107382,0.00845887827462924,True,14.0,False,True
warning_acid_accumulation,BAC_P::Verrucomicrobiota,Bacteria,4,0.0,0.0,True,138.0,False,False
warning_ammonia_toxicity,BAC_P::Verrucomicrobiota,Bacteria,4,0.0,0.0,True,156.0,False,False
warning_biogas_quality,BAC_P::Verrucomicrobiota,Bacteria,4,,,True,,False,False
warning_acid_base_balance,BAC_P::WS1,Bacteria,4,-0.020753968253968327,0.005455599173786157,True,261.5,False,False
warning_buffer_capacity,BAC_P::WS1,Bacteria,4,0.0,0.0,True,144.5,False,False
warning_acid_accumulation,BAC_P::WS1,Bacteria,4,0.0,0.0,True,138.0,False,False
warning_ammonia_toxicity,BAC_P::WS1,Bacteria,4,-0.023331552706552672,0.059076203191580745,True,274.0,False,False
warning_biogas_quality,BAC_P::WS1,Bacteria,4,,,True,,False,False
warning_acid_base_balance,BAC_P::unidentified,Bacteria,4,0.0,0.0,True,124.5,False,False
warning_buffer_capacity,BAC_P::unidentified,Bacteria,4,0.008764566831517297,0.02621474150763995,True,11.0,False,True
warning_acid_accumulation,BAC_P::unidentified,Bacteria,4,0.0,0.0,True,138.0,False,False
warning_ammonia_toxicity,BAC_P::unidentified,Bacteria,4,0.02076076944497998,0.01162808996374906,True,11.0,False,True
warning_biogas_quality,BAC_P::unidentified,Bacteria,4,,,True,,False,False
warning_acid_base_balance,BAC_G::009E01-B-SD-P15,Bacteria,4,0.005205026455026423,0.01518989310320814,True,9.0,True,True
warning_buffer_capacity,BAC_G::009E01-B-SD-P15,Bacteria,4,0.009019043821675407,0.016820469150290895,True,10.0,True,True
warning_acid_accumulation,BAC_G::009E01-B-SD-P15,Bacteria,4,0.0,0.0,True,138.0,False,False
warning_ammonia_toxicity,BAC_G::009E01-B-SD-P15,Bacteria,4,0.0,0.0,True,156.0,False,False
warning_biogas_quality,BAC_G::009E01-B-SD-P15,Bacteria,4,,,True,,False,False
warning_acid_base_balance,BAC_G::113B434,Bacteria,4,0.0,0.0,True,124.5,False,False
warning_buffer_capacity,BAC_G::113B434,Bacteria,4,0.0,0.0,True,144.5,False,False
warning_acid_accumulation,BAC_G::113B434,Bacteria,4,0.0,0.0,True,138.0,False,False
warning_ammonia_toxicity,BAC_G::113B434,Bacteria,4,0.0,0.0,True,156.0,False,False
warning_biogas_quality,BAC_G::113B434,Bacteria,4,,,True,,False,False
warning_acid_base_balance,BAC_G::AAP99,Bacteria,4,0.0,0.0,True,124.5,False,False
warning_buffer_capacity,BAC_G::AAP99,Bacteria,4,0.0,0.0,True,144.5,False,False
warning_acid_accumulation,BAC_G::AAP99,Bacteria,4,0.0,0.0,True,138.0,False,False
warning_ammonia_toxicity,BAC_G::AAP99,Bacteria,4,0.0,0.0,True,156.0,False,False
warning_biogas_quality,BAC_G::AAP99,Bacteria,4,,,True,,False,False
warning_acid_base_balance,BAC_G::ADurb.Bin063-1,Bacteria,4,0.0,0.0,True,124.5,False,False
warning_buffer_capacity,BAC_G::ADurb.Bin063-1,Bacteria,4,0.0,0.0,True,144.5,False,False
warning_acid_accumulation,BAC_G::ADurb.Bin063-1,Bacteria,4,0.0,0.0,True,138.0,False,False
warning_ammonia_toxicity,BAC_G::ADurb.Bin063-1,Bacteria,4,0.0,0.0,True,156.0,False,False
warning_biogas_quality,BAC_G::ADurb.Bin063-1,Bacteria,4,,,True,,False,False
warning_acid_base_balance,BAC_G::ADurb.Bin120,Bacteria,4,0.0,0.0,True,124.5,False,False
warning_buffer_capacity,BAC_G::ADurb.Bin120,Bacteria,4,0.0,0.0,True,144.5,False,False
warning_acid_accumulation,BAC_G::ADurb.Bin120,Bacteria,4,0.0,0.0,True,138.0,False,False
warning_ammonia_toxicity,BAC_G::ADurb.Bin120,Bacteria,4,0.0,0.0,True,156.0,False,False
warning_biogas_quality,BAC_G::ADurb.Bin120,Bacteria,4,,,True,,False,False
warning_acid_base_balance,BAC_G::AKYH767,Bacteria,4,0.0,0.0,True,124.5,False,False
warning_buffer_capacity,BAC_G::AKYH767,Bacteria,4,0.0,0.0,True,144.5,False,False
warning_acid_accumulation,BAC_G::AKYH767,Bacteria,4,0.0,0.0,True,138.0,False,False
warning_ammonia_toxicity,BAC_G::AKYH767,Bacteria,4,0.0,0.0,True,156.0,False,False
warning_biogas_quality,BAC_G::AKYH767,Bacteria,4,,,True,,False,False
warning_acid_base_balance,BAC_G::AUTHM297,Bacteria,4,0.0,0.0,True,124.5,False,False
warning_buffer_capacity,BAC_G::AUTHM297,Bacteria,4,0.0,0.0,True,144.5,False,False
warning_acid_accumulation,BAC_G::AUTHM297,Bacteria,4,0.0,0.0,True,138.0,False,False
warning_ammonia_toxicity,BAC_G::AUTHM297,Bacteria,4,0.0,0.0,True,156.0,False,False
warning_biogas_quality,BAC_G::AUTHM297,Bacteria,4,,,True,,False,False
warning_acid_base_balance,BAC_G::Acetobacter,Bacteria,4,0.0,0.0,True,124.5,False,False
warning_buffer_capacity,BAC_G::Acetobacter,Bacteria,4,0.0,0.0,True,144.5,False,False
warning_acid_accumulation,BAC_G::Acetobacter,Bacteria,4,0.0,0.0,True,138.0,False,False
warning_ammonia_toxicity,BAC_G::Acetobacter,Bacteria,4,0.0,0.0,True,156.0,False,False
warning_biogas_quality,BAC_G::Acetobacter,Bacteria,4,,,True,,False,False
warning_acid_base_balance,BAC_G::Acetomicrobium,Bacteria,4,0.0,0.0,True,124.5,False,False
warning_buffer_capacity,BAC_G::Acetomicrobium,Bacteria,4,0.0,0.0,True,144.5,False,False
warning_acid_accumulation,BAC_G::Acetomicrobium,Bacteria,4,0.0,0.0,True,138.0,False,False
warning_ammonia_toxicity,BAC_G::Acetomicrobium,Bacteria,4,0.0,0.0,True,156.0,False,False
warning_biogas_quality,BAC_G::Acetomicrobium,Bacteria,4,,,True,,False,False
warning_acid_base_balance,BAC_G::Acetothermiia,Bacteria,4,0.0,0.0,True,124.5,False,False
warning_buffer_capacity,BAC_G::Acetothermiia,Bacteria,4,0.0,0.0,True,144.5,False,False
warning_acid_accumulation,BAC_G::Acetothermiia,Bacteria,4,0.0,0.0,True,138.0,False,False
warning_ammonia_toxicity,BAC_G::Acetothermiia,Bacteria,4,0.0,0.0,True,156.0,False,False
warning_biogas_quality,BAC_G::Acetothermiia,Bacteria,4,,,True,,False,False
warning_acid_base_balance,BAC_G::Acholeplasma,Bacteria,4,-0.040080266955267015,0.01480277544245888,True,273.0,False,False
warning_buffer_capacity,BAC_G::Acholeplasma,Bacteria,4,0.0,0.0,True,144.5,False,False
warning_acid_accumulation,BAC_G::Acholeplasma,Bacteria,4,0.0,0.0,True,138.0,False,False
warning_ammonia_toxicity,BAC_G::Acholeplasma,Bacteria,4,0.04407403870639166,0.01378305865632607,True,6.0,True,True
warning_biogas_quality,BAC_G::Acholeplasma,Bacteria,4,,,True,,False,False
warning_acid_base_balance,BAC_G::Acidovorax,Bacteria,4,0.0,0.0,True,124.5,False,False
warning_buffer_capacity,BAC_G::Acidovorax,Bacteria,4,0.0,0.0,True,144.5,False,False
warning_acid_accumulation,BAC_G::Acidovorax,Bacteria,4,0.0,0.0,True,138.0,False,False
warning_ammonia_toxicity,BAC_G::Acidovorax,Bacteria,4,0.0,0.0,True,156.0,False,False
warning_biogas_quality,BAC_G::Acidovorax,Bacteria,4,,,True,,False,False
warning_acid_base_balance,BAC_G::Acinetobacter,Bacteria,4,0.0,0.0,True,124.5,False,False
warning_buffer_capacity,BAC_G::Acinetobacter,Bacteria,4,0.0,0.0,True,144.5,False,False
warning_acid_accumulation,BAC_G::Acinetobacter,Bacteria,4,0.0,0.0,True,138.0,False,False
warning_ammonia_toxicity,BAC_G::Acinetobacter,Bacteria,4,0.0,0.0,True,156.0,False,False
warning_biogas_quality,BAC_G::Acinetobacter,Bacteria,4,,,True,,False,False
warning_acid_base_balance,BAC_G::Actinomyces,Bacteria,4,0.0,0.0,True,124.5,False,False
warning_buffer_capacity,BAC_G::Actinomyces,Bacteria,4,0.0,0.0,True,144.5,False,False
warning_acid_accumulation,BAC_G::Actinomyces,Bacteria,4,0.0,0.0,True,138.0,False,False
warning_ammonia_toxicity,BAC_G::Actinomyces,Bacteria,4,0.0,0.0,True,156.0,False,False
warning_biogas_quality,BAC_G::Actinomyces,Bacteria,4,,,True,,False,False
warning_acid_base_balance,BAC_G::Aeriscardovia,Bacteria,4,0.0,0.0,True,124.5,False,False
warning_buffer_capacity,BAC_G::Aeriscardovia,Bacteria,4,0.0,0.0,True,144.5,False,False
warning_acid_accumulation,BAC_G::Aeriscardovia,Bacteria,4,0.0,0.0,True,138.0,False,False
warning_ammonia_toxicity,BAC_G::Aeriscardovia,Bacteria,4,0.0,0.0,True,156.0,False,False
warning_biogas_quality,BAC_G::Aeriscardovia,Bacteria,4,,,True,,False,False
warning_acid_base_balance,BAC_G::Alkaliphilus,Bacteria,4,0.11262242931360573,0.07667278445149693,True,1.0,True,True
warning_buffer_capacity,BAC_G::Alkaliphilus,Bacteria,4,0.0,0.0,True,144.5,False,False
warning_acid_accumulation,BAC_G::Alkaliphilus,Bacteria,4,0.0,0.0,True,138.0,False,False
warning_ammonia_toxicity,BAC_G::Alkaliphilus,Bacteria,4,0.017027879527879524,0.008183314129540244,True,13.0,False,True
warning_biogas_quality,BAC_G::Alkaliphilus,Bacteria,4,,,True,,False,False
warning_acid_base_balance,BAC_G::Aminicenantales,Bacteria,4,0.0,0.0,True,124.5,False,False
warning_buffer_capacity,BAC_G::Aminicenantales,Bacteria,4,0.0,0.0,True,144.5,False,False
warning_acid_accumulation,BAC_G::Aminicenantales,Bacteria,4,0.0,0.0,True,138.0,False,False
warning_ammonia_toxicity,BAC_G::Aminicenantales,Bacteria,4,0.0,0.0,True,156.0,False,False
warning_biogas_quality,BAC_G::Aminicenantales,Bacteria,4,,,True,,False,False
warning_acid_base_balance,BAC_G::Aminobacterium,Bacteria,4,-0.0038034188034188204,0.012800715172697711,True,240.0,False,False
warning_buffer_capacity,BAC_G::Aminobacterium,Bacteria,4,0.0,0.0,True,144.5,False,False
warning_acid_accumulation,BAC_G::Aminobacterium,Bacteria,4,0.0,0.0,True,138.0,False,False
warning_ammonia_toxicity,BAC_G::Aminobacterium,Bacteria,4,0.022210081585081615,0.006209758535541244,True,10.0,True,True
warning_biogas_quality,BAC_G::Aminobacterium,Bacteria,4,,,True,,False,False
warning_acid_base_balance,BAC_G::Anaerococcus,Bacteria,4,0.0,0.0,True,124.5,False,False
warning_buffer_capacity,BAC_G::Anaerococcus,Bacteria,4,0.0,0.0,True,144.5,False,False
warning_acid_accumulation,BAC_G::Anaerococcus,Bacteria,4,0.0,0.0,True,138.0,False,False
warning_ammonia_toxicity,BAC_G::Anaerococcus,Bacteria,4,0.0,0.0,True,156.0,False,False
warning_biogas_quality,BAC_G::Anaerococcus,Bacteria,4,,,True,,False,False
warning_acid_base_balance,BAC_G::Anaerofustis,Bacteria,4,-0.020753968253968327,0.005455599173786157,True,261.5,False,False
warning_buffer_capacity,BAC_G::Anaerofustis,Bacteria,4,0.0,0.0,True,144.5,False,False
warning_acid_accumulation,BAC_G::Anaerofustis,Bacteria,4,0.0,0.0,True,138.0,False,False
warning_ammonia_toxicity,BAC_G::Anaerofustis,Bacteria,4,0.0,0.0,True,156.0,False,False
warning_biogas_quality,BAC_G::Anaerofustis,Bacteria,4,,,True,,False,False
warning_acid_base_balance,BAC_G::Anaerostignum,Bacteria,4,0.0,0.0,True,124.5,False,False
warning_buffer_capacity,BAC_G::Anaerostignum,Bacteria,4,0.0,0.0,True,144.5,False,False
warning_acid_accumulation,BAC_G::Anaerostignum,Bacteria,4,0.0,0.0,True,138.0,False,False
warning_ammonia_toxicity,BAC_G::Anaerostignum,Bacteria,4,0.0,0.0,True,156.0,False,False
warning_biogas_quality,BAC_G::Anaerostignum,Bacteria,4,,,True,,False,False
warning_acid_base_balance,BAC_G::Anaerovorax,Bacteria,4,0.0,0.0,True,124.5,False,False
warning_buffer_capacity,BAC_G::Anaerovorax,Bacteria,4,0.0,0.0,True,144.5,False,False
warning_acid_accumulation,BAC_G::Anaerovorax,Bacteria,4,0.0,0.0,True,138.0,False,False
warning_ammonia_toxicity,BAC_G::Anaerovorax,Bacteria,4,0.0,0.0,True,156.0,False,False
warning_biogas_quality,BAC_G::Anaerovorax,Bacteria,4,,,True,,False,False
warning_acid_base_balance,BAC_G::Arenimonas,Bacteria,4,0.0,0.0,True,124.5,False,False
warning_buffer_capacity,BAC_G::Arenimonas,Bacteria,4,0.0,0.0,True,144.5,False,False
warning_acid_accumulation,BAC_G::Arenimonas,Bacteria,4,0.0,0.0,True,138.0,False,False
warning_ammonia_toxicity,BAC_G::Arenimonas,Bacteria,4,0.0,0.0,True,156.0,False,False
warning_biogas_quality,BAC_G::Arenimonas,Bacteria,4,,,True,,False,False
warning_acid_base_balance,BAC_G::Atopobium,Bacteria,4,0.0,0.0,True,124.5,False,False
warning_buffer_capacity,BAC_G::Atopobium,Bacteria,4,0.0,0.0,True,144.5,False,False
warning_acid_accumulation,BAC_G::Atopobium,Bacteria,4,0.0,0.0,True,138.0,False,False
warning_ammonia_toxicity,BAC_G::Atopobium,Bacteria,4,0.0,0.0,True,156.0,False,False
warning_biogas_quality,BAC_G::Atopobium,Bacteria,4,,,True,,False,False
warning_acid_base_balance,BAC_G::Azospira,Bacteria,4,0.0,0.0,True,124.5,False,False
warning_buffer_capacity,BAC_G::Azospira,Bacteria,4,0.0,0.0,True,144.5,False,False
warning_acid_accumulation,BAC_G::Azospira,Bacteria,4,0.0,0.0,True,138.0,False,False
warning_ammonia_toxicity,BAC_G::Azospira,Bacteria,4,0.0,0.0,True,156.0,False,False
warning_biogas_quality,BAC_G::Azospira,Bacteria,4,,,True,,False,False
warning_acid_base_balance,BAC_G::BD1-7_clade,Bacteria,4,0.0,0.0,True,124.5,False,False
warning_buffer_capacity,BAC_G::BD1-7_clade,Bacteria,4,0.0,0.0,True,144.5,False,False
warning_acid_accumulation,BAC_G::BD1-7_clade,Bacteria,4,0.0,0.0,True,138.0,False,False
warning_ammonia_toxicity,BAC_G::BD1-7_clade,Bacteria,4,0.0,0.0,True,156.0,False,False
warning_biogas_quality,BAC_G::BD1-7_clade,Bacteria,4,,,True,,False,False
warning_acid_base_balance,BAC_G::BRH-c20a,Bacteria,4,0.0,0.0,True,124.5,False,False
warning_buffer_capacity,BAC_G::BRH-c20a,Bacteria,4,0.0,0.0,True,144.5,False,False
warning_acid_accumulation,BAC_G::BRH-c20a,Bacteria,4,0.0,0.0,True,138.0,False,False
warning_ammonia_toxicity,BAC_G::BRH-c20a,Bacteria,4,0.0,0.0,True,156.0,False,False
warning_biogas_quality,BAC_G::BRH-c20a,Bacteria,4,,,True,,False,False
warning_acid_base_balance,BAC_G::Babeliales,Bacteria,4,-0.0066277472527472795,0.012103090905711036,True,247.0,False,False
warning_buffer_capacity,BAC_G::Babeliales,Bacteria,4,0.0,0.0,True,144.5,False,False
warning_acid_accumulation,BAC_G::Babeliales,Bacteria,4,0.0,0.0,True,138.0,False,False
warning_ammonia_toxicity,BAC_G::Babeliales,Bacteria,4,-0.010493256743256744,0.01680059759931737,True,271.0,False,False
warning_biogas_quality,BAC_G::Babeliales,Bacteria,4,,,True,,False,False
warning_acid_base_balance,BAC_G::Bacillus,Bacteria,4,0.0,0.0,True,124.5,False,False
warning_buffer_capacity,BAC_G::Bacillus,Bacteria,4,0.0,0.0,True,144.5,False,False
warning_acid_accumulation,BAC_G::Bacillus,Bacteria,4,0.0,0.0,True,138.0,False,False
warning_ammonia_toxicity,BAC_G::Bacillus,Bacteria,4,0.0,0.0,True,156.0,False,False
warning_biogas_quality,BAC_G::Bacillus,Bacteria,4,,,True,,False,False
warning_acid_base_balance,BAC_G::Bacteroidales_UCG-001,Bacteria,4,-0.0004761904761904745,0.0014656833601216434,True,225.5,False,False
warning_buffer_capacity,BAC_G::Bacteroidales_UCG-001,Bacteria,4,0.0,0.0,True,144.5,False,False
warning_acid_accumulation,BAC_G::Bacteroidales_UCG-001,Bacteria,4,0.0,0.0,True,138.0,False,False
warning_ammonia_toxicity,BAC_G::Bacteroidales_UCG-001,Bacteria,4,0.0003205128205128194,0.0014333769086537062,True,42.0,False,False
warning_biogas_quality,BAC_G::Bacteroidales_UCG-001,Bacteria,4,,,True,,False,False
warning_acid_base_balance,BAC_G::Bacteroides,Bacteria,4,0.0,0.0,True,124.5,False,False
warning_buffer_capacity,BAC_G::Bacteroides,Bacteria,4,0.0,0.0,True,144.5,False,False
warning_acid_accumulation,BAC_G::Bacteroides,Bacteria,4,0.0,0.0,True,138.0,False,False
warning_ammonia_toxicity,BAC_G::Bacteroides,Bacteria,4,0.0,0.0,True,156.0,False,False
warning_biogas_quality,BAC_G::Bacteroides,Bacteria,4,,,True,,False,False
warning_acid_base_balance,BAC_G::Bacteroidetes_VC2.1_Bac22,Bacteria,4,0.0,0.0,True,124.5,False,False
warning_buffer_capacity,BAC_G::Bacteroidetes_VC2.1_Bac22,Bacteria,4,0.0,0.0,True,144.5,False,False
warning_acid_accumulation,BAC_G::Bacteroidetes_VC2.1_Bac22,Bacteria,4,0.0,0.0,True,138.0,False,False
warning_ammonia_toxicity,BAC_G::Bacteroidetes_VC2.1_Bac22,Bacteria,4,0.0,0.0,True,156.0,False,False
warning_biogas_quality,BAC_G::Bacteroidetes_VC2.1_Bac22,Bacteria,4,,,True,,False,False
warning_acid_base_balance,BAC_G::Bacteroidetes_vadinHA17,Bacteria,4,0.0,0.0,True,124.5,False,False
warning_buffer_capacity,BAC_G::Bacteroidetes_vadinHA17,Bacteria,4,0.0,0.0,True,144.5,False,False
warning_acid_accumulation,BAC_G::Bacteroidetes_vadinHA17,Bacteria,4,0.0,0.0,True,138.0,False,False
warning_ammonia_toxicity,BAC_G::Bacteroidetes_vadinHA17,Bacteria,4,0.0,0.0,True,156.0,False,False
warning_biogas_quality,BAC_G::Bacteroidetes_vadinHA17,Bacteria,4,,,True,,False,False
warning_acid_base_balance,BAC_G::Bdellovibrio,Bacteria,4,0.0,0.0,True,124.5,False,False
warning_buffer_capacity,BAC_G::Bdellovibrio,Bacteria,4,0.0,0.0,True,144.5,False,False
warning_acid_accumulation,BAC_G::Bdellovibrio,Bacteria,4,0.0,0.0,True,138.0,False,False
warning_ammonia_toxicity,BAC_G::Bdellovibrio,Bacteria,4,0.0,0.0,True,156.0,False,False
warning_biogas_quality,BAC_G::Bdellovibrio,Bacteria,4,,,True,,False,False
warning_acid_base_balance,BAC_G::Bifidobacterium,Bacteria,4,0.0,0.0,True,124.5,False,False
warning_buffer_capacity,BAC_G::Bifidobacterium,Bacteria,4,0.0,0.0,True,144.5,False,False
warning_acid_accumulation,BAC_G::Bifidobacterium,Bacteria,4,0.0,0.0,True,138.0,False,False
warning_ammonia_toxicity,BAC_G::Bifidobacterium,Bacteria,4,0.0,0.0,True,156.0,False,False
warning_biogas_quality,BAC_G::Bifidobacterium,Bacteria,4,,,True,,False,False
warning_acid_base_balance,BAC_G::Butyrivibrio,Bacteria,4,0.0,0.0,True,124.5,False,False
warning_buffer_capacity,BAC_G::Butyrivibrio,Bacteria,4,0.0,0.0,True,144.5,False,False
warning_acid_accumulation,BAC_G::Butyrivibrio,Bacteria,4,0.0,0.0,True,138.0,False,False
warning_ammonia_toxicity,BAC_G::Butyrivibrio,Bacteria,4,0.0,0.0,True,156.0,False,False
warning_biogas_quality,BAC_G::Butyrivibrio,Bacteria,4,,,True,,False,False
warning_acid_base_balance,BAC_G::Caldicoprobacter,Bacteria,4,0.019805283224400814,0.01787962863586209,True,3.0,True,True
warning_buffer_capacity,BAC_G::Caldicoprobacter,Bacteria,4,0.002205882352941185,0.0018478848895221935,True,16.0,False,True
warning_acid_accumulation,BAC_G::Caldicoprobacter,Bacteria,4,0.0,0.0,True,138.0,False,False
warning_ammonia_toxicity,BAC_G::Caldicoprobacter,Bacteria,4,0.008600427350427348,0.005503169364179397,True,18.0,False,True
warning_biogas_quality,BAC_G::Caldicoprobacter,Bacteria,4,,,True,,False,False
warning_acid_base_balance,BAC_G::Caldisericum,Bacteria,4,0.0,0.0,True,124.5,False,False
warning_buffer_capacity,BAC_G::Caldisericum,Bacteria,4,0.0,0.0,True,144.5,False,False
warning_acid_accumulation,BAC_G::Caldisericum,Bacteria,4,0.0,0.0,True,138.0,False,False
warning_ammonia_toxicity,BAC_G::Caldisericum,Bacteria,4,0.0,0.0,True,156.0,False,False
warning_biogas_quality,BAC_G::Caldisericum,Bacteria,4,,,True,,False,False
warning_acid_base_balance,BAC_G::Candidatus_Accumulibacter,Bacteria,4,0.0,0.0,True,124.5,False,False
warning_buffer_capacity,BAC_G::Candidatus_Accumulibacter,Bacteria,4,0.0,0.0,True,144.5,False,False
warning_acid_accumulation,BAC_G::Candidatus_Accumulibacter,Bacteria,4,0.0,0.0,True,138.0,False,False
warning_ammonia_toxicity,BAC_G::Candidatus_Accumulibacter,Bacteria,4,0.0,0.0,True,156.0,False,False
warning_biogas_quality,BAC_G::Candidatus_Accumulibacter,Bacteria,4,,,True,,False,False
warning_acid_base_balance,BAC_G::Candidatus_Caldatribacterium,Bacteria,4,0.0,0.0,True,124.5,False,False
warning_buffer_capacity,BAC_G::Candidatus_Caldatribacterium,Bacteria,4,0.0,0.0,True,144.5,False,False
warning_acid_accumulation,BAC_G::Candidatus_Caldatribacterium,Bacteria,4,0.0,0.0,True,138.0,False,False
warning_ammonia_toxicity,BAC_G::Candidatus_Caldatribacterium,Bacteria,4,0.0,0.0,True,156.0,False,False
warning_biogas_quality,BAC_G::Candidatus_Caldatribacterium,Bacteria,4,,,True,,False,False
warning_acid_base_balance,BAC_G::Candidatus_Cloacimonas,Bacteria,4,0.007301587301587267,0.011164984563176867,True,7.0,True,True
warning_buffer_capacity,BAC_G::Candidatus_Cloacimonas,Bacteria,4,0.0,0.0,True,144.5,False,False
warning_acid_accumulation,BAC_G::Candidatus_Cloacimonas,Bacteria,4,0.0,0.0,True,138.0,False,False
warning_ammonia_toxicity,BAC_G::Candidatus_Cloacimonas,Bacteria,4,0.0,0.0,True,156.0,False,False
warning_biogas_quality,BAC_G::Candidatus_Cloacimonas,Bacteria,4,,,True,,False,False
warning_acid_base_balance,BAC_G::Candidatus_Competibacter,Bacteria,4,-0.011520146520146555,0.010050227507682441,True,254.0,False,False
warning_buffer_capacity,BAC_G::Candidatus_Competibacter,Bacteria,4,0.0,0.0,True,144.5,False,False
warning_acid_accumulation,BAC_G::Candidatus_Competibacter,Bacteria,4,0.0,0.0,True,138.0,False,False
warning_ammonia_toxicity,BAC_G::Candidatus_Competibacter,Bacteria,4,0.0,0.0,True,156.0,False,False
warning_biogas_quality,BAC_G::Candidatus_Competibacter,Bacteria,4,,,True,,False,False
warning_acid_base_balance,BAC_G::Candidatus_Omnitrophus,Bacteria,4,0.0,0.0,True,124.5,False,False
warning_buffer_capacity,BAC_G::Candidatus_Omnitrophus,Bacteria,4,0.0,0.0,True,144.5,False,False
warning_acid_accumulation,BAC_G::Candidatus_Omnitrophus,Bacteria,4,0.0,0.0,True,138.0,False,False
warning_ammonia_toxicity,BAC_G::Candidatus_Omnitrophus,Bacteria,4,0.0,0.0,True,156.0,False,False
warning_biogas_quality,BAC_G::Candidatus_Omnitrophus,Bacteria,4,,,True,,False,False
warning_acid_base_balance,BAC_G::Candidatus_Soleaferrea,Bacteria,4,0.0,0.0,True,124.5,False,False
warning_buffer_capacity,BAC_G::Candidatus_Soleaferrea,Bacteria,4,0.00012955182072829223,0.00889336225366012,True,28.0,False,False
warning_acid_accumulation,BAC_G::Candidatus_Soleaferrea,Bacteria,4,0.0,0.0,True,138.0,False,False
warning_ammonia_toxicity,BAC_G::Candidatus_Soleaferrea,Bacteria,4,0.0,0.0,True,156.0,False,False
warning_biogas_quality,BAC_G::Candidatus_Soleaferrea,Bacteria,4,,,True,,False,False
warning_acid_base_balance,BAC_G::Caproiciproducens,Bacteria,4,0.0,0.0,True,124.5,False,False
warning_buffer_capacity,BAC_G::Caproiciproducens,Bacteria,4,0.0,0.0,True,144.5,False,False
warning_acid_accumulation,BAC_G::Caproiciproducens,Bacteria,4,0.0,0.0,True,138.0,False,False
warning_ammonia_toxicity,BAC_G::Caproiciproducens,Bacteria,4,0.0,0.0,True,156.0,False,False
warning_biogas_quality,BAC_G::Caproiciproducens,Bacteria,4,,,True,,False,False
warning_acid_base_balance,BAC_G::Chthonomonadales,Bacteria,4,0.0,0.0,True,124.5,False,False
warning_buffer_capacity,BAC_G::Chthonomonadales,Bacteria,4,0.0,0.0,True,144.5,False,False
warning_acid_accumulation,BAC_G::Chthonomonadales,Bacteria,4,0.0,0.0,True,138.0,False,False
warning_ammonia_toxicity,BAC_G::Chthonomonadales,Bacteria,4,0.0,0.0,True,156.0,False,False
warning_biogas_quality,BAC_G::Chthonomonadales,Bacteria,4,,,True,,False,False
warning_acid_base_balance,BAC_G::Cloacimonadaceae,Bacteria,4,0.0,0.0,True,124.5,False,False
warning_buffer_capacity,BAC_G::Cloacimonadaceae,Bacteria,4,0.0,0.0,True,144.5,False,False
warning_acid_accumulation,BAC_G::Cloacimonadaceae,Bacteria,4,0.0,0.0,True,138.0,False,False
warning_ammonia_toxicity,BAC_G::Cloacimonadaceae,Bacteria,4,0.0,0.0,True,156.0,False,False
warning_biogas_quality,BAC_G::Cloacimonadaceae,Bacteria,4,,,True,,False,False
warning_acid_base_balance,BAC_G::Clostridia_UCG-014,Bacteria,4,0.0,0.0,True,124.5,False,False
warning_buffer_capacity,BAC_G::Clostridia_UCG-014,Bacteria,4,0.0,0.0,True,144.5,False,False
warning_acid_accumulation,BAC_G::Clostridia_UCG-014,Bacteria,4,0.0,0.0,True,138.0,False,False
warning_ammonia_toxicity,BAC_G::Clostridia_UCG-014,Bacteria,4,0.0,0.0,True,156.0,False,False
warning_biogas_quality,BAC_G::Clostridia_UCG-014,Bacteria,4,,,True,,False,False
warning_acid_base_balance,BAC_G::Clostridium_sensu_stricto_1,Bacteria,4,0.0,0.0,True,124.5,False,False
warning_buffer_capacity,BAC_G::Clostridium_sensu_stricto_1,Bacteria,4,0.0,0.0,True,144.5,False,False
warning_acid_accumulation,BAC_G::Clostridium_sensu_stricto_1,Bacteria,4,0.0,0.0,True,138.0,False,False
warning_ammonia_toxicity,BAC_G::Clostridium_sensu_stricto_1,Bacteria,4,0.0,0.0,True,156.0,False,False
warning_biogas_quality,BAC_G::Clostridium_sensu_stricto_1,Bacteria,4,,,True,,False,False
warning_acid_base_balance,BAC_G::Comamonas,Bacteria,4,0.0,0.0,True,124.5,False,False
warning_buffer_capacity,BAC_G::Comamonas,Bacteria,4,0.0,0.0,True,144.5,False,False
warning_acid_accumulation,BAC_G::Comamonas,Bacteria,4,0.0,0.0,True,138.0,False,False
warning_ammonia_toxicity,BAC_G::Comamonas,Bacteria,4,0.0,0.0,True,156.0,False,False
warning_biogas_quality,BAC_G::Comamonas,Bacteria,4,,,True,,False,False
warning_acid_base_balance,BAC_G::Coprothermobacter,Bacteria,4,0.0,0.0,True,124.5,False,False
warning_buffer_capacity,BAC_G::Coprothermobacter,Bacteria,4,0.0,0.0,True,144.5,False,False
warning_acid_accumulation,BAC_G::Coprothermobacter,Bacteria,4,0.0,0.0,True,138.0,False,False
warning_ammonia_toxicity,BAC_G::Coprothermobacter,Bacteria,4,0.0,0.0,True,156.0,False,False
warning_biogas_quality,BAC_G::Coprothermobacter,Bacteria,4,,,True,,False,False
warning_acid_base_balance,BAC_G::D8A-2,Bacteria,4,0.0,0.0,True,124.5,False,False
warning_buffer_capacity,BAC_G::D8A-2,Bacteria,4,0.0,0.0,True,144.5,False,False
warning_acid_accumulation,BAC_G::D8A-2,Bacteria,4,0.0,0.0,True,138.0,False,False
warning_ammonia_toxicity,BAC_G::D8A-2,Bacteria,4,0.0008992165242165256,0.0028917193098197784,True,36.5,False,False
warning_biogas_quality,BAC_G::D8A-2,Bacteria,4,,,True,,False,False
warning_acid_base_balance,BAC_G::DEV114,Bacteria,4,0.0,0.0,False,124.5,False,False
warning_buffer_capacity,BAC_G::DEV114,Bacteria,4,0.0,0.0,False,144.5,False,False
warning_acid_accumulation,BAC_G::DEV114,Bacteria,4,0.0,0.0,False,138.0,False,False
warning_ammonia_toxicity,BAC_G::DEV114,Bacteria,4,0.0,0.0,False,156.0,False,False
warning_biogas_quality,BAC_G::DEV114,Bacteria,4,,,False,,False,False
warning_acid_base_balance,BAC_G::DMER64,Bacteria,4,-0.0016170634920634947,0.005266166066414239,True,231.0,False,False
warning_buffer_capacity,BAC_G::DMER64,Bacteria,4,0.0,0.0,True,144.5,False,False
warning_acid_accumulation,BAC_G::DMER64,Bacteria,4,0.0,0.0,True,138.0,False,False
warning_ammonia_toxicity,BAC_G::DMER64,Bacteria,4,-0.0013111888111888125,0.00477516853846324,True,269.0,False,False
warning_biogas_quality,BAC_G::DMER64,Bacteria,4,,,True,,False,False
warning_acid_base_balance,BAC_G::DTU014,Bacteria,4,-0.023892704517704574,0.0098848058532692,True,267.0,False,False
warning_buffer_capacity,BAC_G::DTU014,Bacteria,4,0.0,0.0,True,144.5,False,False
warning_acid_accumulation,BAC_G::DTU014,Bacteria,4,0.0,0.0,True,138.0,False,False
warning_ammonia_toxicity,BAC_G::DTU014,Bacteria,4,0.0,0.0,True,156.0,False,False
warning_biogas_quality,BAC_G::DTU014,Bacteria,4,,,True,,False,False
warning_acid_base_balance,BAC_G::Dechloromonas,Bacteria,4,0.0,0.0,True,124.5,False,False
warning_buffer_capacity,BAC_G::Dechloromonas,Bacteria,4,0.013502598407784172,0.015662975636464686,True,9.0,True,True
warning_acid_accumulation,BAC_G::Dechloromonas,Bacteria,4,0.0,0.0,True,138.0,False,False
warning_ammonia_toxicity,BAC_G::Dechloromonas,Bacteria,4,0.0,0.0,True,156.0,False,False
warning_biogas_quality,BAC_G::Dechloromonas,Bacteria,4,,,True,,False,False
warning_acid_base_balance,BAC_G::Defluviitoga,Bacteria,4,0.0,0.0,True,124.5,False,False
warning_buffer_capacity,BAC_G::Defluviitoga,Bacteria,4,0.0,0.0,True,144.5,False,False
warning_acid_accumulation,BAC_G::Defluviitoga,Bacteria,4,0.0,0.0,True,138.0,False,False
warning_ammonia_toxicity,BAC_G::Defluviitoga,Bacteria,4,0.0,0.0,True,156.0,False,False
warning_biogas_quality,BAC_G::Defluviitoga,Bacteria,4,,,True,,False,False
warning_acid_base_balance,BAC_G::Denitratisoma,Bacteria,4,0.0,0.0,True,124.5,False,False
warning_buffer_capacity,BAC_G::Denitratisoma,Bacteria,4,0.0,0.0,True,144.5,False,False
warning_acid_accumulation,BAC_G::Denitratisoma,Bacteria,4,0.0,0.0,True,138.0,False,False
warning_ammonia_toxicity,BAC_G::Denitratisoma,Bacteria,4,0.0,0.0,True,156.0,False,False
warning_biogas_quality,BAC_G::Denitratisoma,Bacteria,4,,,True,,False,False
warning_acid_base_balance,BAC_G::Dialister,Bacteria,4,0.0,0.0,True,124.5,False,False
warning_buffer_capacity,BAC_G::Dialister,Bacteria,4,0.0,0.0,True,144.5,False,False
warning_acid_accumulation,BAC_G::Dialister,Bacteria,4,0.0,0.0,True,138.0,False,False
warning_ammonia_toxicity,BAC_G::Dialister,Bacteria,4,0.0,0.0,True,156.0,False,False
warning_biogas_quality,BAC_G::Dialister,Bacteria,4,,,True,,False,False
warning_acid_base_balance,BAC_G::Dokdonella,Bacteria,4,0.0,0.0,True,124.5,False,False
warning_buffer_capacity,BAC_G::Dokdonella,Bacteria,4,0.0,0.0,True,144.5,False,False
warning_acid_accumulation,BAC_G::Dokdonella,Bacteria,4,0.0,0.0,True,138.0,False,False
warning_ammonia_toxicity,BAC_G::Dokdonella,Bacteria,4,0.0,0.0,True,156.0,False,False
warning_biogas_quality,BAC_G::Dokdonella,Bacteria,4,,,True,,False,False
warning_acid_base_balance,BAC_G::Ellin6067,Bacteria,4,0.0,0.0,True,124.5,False,False
warning_buffer_capacity,BAC_G::Ellin6067,Bacteria,4,0.0,0.0,True,144.5,False,False
warning_acid_accumulation,BAC_G::Ellin6067,Bacteria,4,0.0,0.0,True,138.0,False,False
warning_ammonia_toxicity,BAC_G::Ellin6067,Bacteria,4,0.0,0.0,True,156.0,False,False
warning_biogas_quality,BAC_G::Ellin6067,Bacteria,4,,,True,,False,False
warning_acid_base_balance,BAC_G::Endomicrobium,Bacteria,4,0.0,0.0,True,124.5,False,False
warning_buffer_capacity,BAC_G::Endomicrobium,Bacteria,4,0.0,0.0,True,144.5,False,False
warning_acid_accumulation,BAC_G::Endomicrobium,Bacteria,4,0.0,0.0,True,138.0,False,False
warning_ammonia_toxicity,BAC_G::Endomicrobium,Bacteria,4,0.0,0.0,True,156.0,False,False
warning_biogas_quality,BAC_G::Endomicrobium,Bacteria,4,,,True,,False,False
warning_acid_base_balance,BAC_G::Ercella,Bacteria,4,0.0,0.0,True,124.5,False,False
warning_buffer_capacity,BAC_G::Ercella,Bacteria,4,0.0,0.0,True,144.5,False,False
warning_acid_accumulation,BAC_G::Ercella,Bacteria,4,0.0,0.0,True,138.0,False,False
warning_ammonia_toxicity,BAC_G::Ercella,Bacteria,4,0.0,0.0,True,156.0,False,False
warning_biogas_quality,BAC_G::Ercella,Bacteria,4,,,True,,False,False
warning_acid_base_balance,BAC_G::Exilispira,Bacteria,4,0.0,0.0,True,124.5,False,False
warning_buffer_capacity,BAC_G::Exilispira,Bacteria,4,0.0,0.0,True,144.5,False,False
warning_acid_accumulation,BAC_G::Exilispira,Bacteria,4,0.0,0.0,True,138.0,False,False
warning_ammonia_toxicity,BAC_G::Exilispira,Bacteria,4,0.0,0.0,True,156.0,False,False
warning_biogas_quality,BAC_G::Exilispira,Bacteria,4,,,True,,False,False
warning_acid_base_balance,BAC_G::Fastidiosipila,Bacteria,4,0.0,0.0,True,124.5,False,False
warning_buffer_capacity,BAC_G::Fastidiosipila,Bacteria,4,0.0,0.0,True,144.5,False,False
warning_acid_accumulation,BAC_G::Fastidiosipila,Bacteria,4,0.0,0.0,True,138.0,False,False
warning_ammonia_toxicity,BAC_G::Fastidiosipila,Bacteria,4,0.005137108262108267,0.006183208025516617,True,26.0,False,False
warning_biogas_quality,BAC_G::Fastidiosipila,Bacteria,4,,,True,,False,False
warning_acid_base_balance,BAC_G::Fermentibacteraceae,Bacteria,4,0.0,0.0,True,124.5,False,False
warning_buffer_capacity,BAC_G::Fermentibacteraceae,Bacteria,4,0.0,0.0,True,144.5,False,False
warning_acid_accumulation,BAC_G::Fermentibacteraceae,Bacteria,4,0.0,0.0,True,138.0,False,False
warning_ammonia_toxicity,BAC_G::Fermentibacteraceae,Bacteria,4,0.0,0.0,True,156.0,False,False
warning_biogas_quality,BAC_G::Fermentibacteraceae,Bacteria,4,,,True,,False,False
warning_acid_base_balance,BAC_G::Fermentimonas,Bacteria,4,0.004577048768225189,0.016029610413131817,True,11.0,False,True
warning_buffer_capacity,BAC_G::Fermentimonas,Bacteria,4,0.0,0.0,True,144.5,False,False
warning_acid_accumulation,BAC_G::Fermentimonas,Bacteria,4,0.0,0.0,True,138.0,False,False
warning_ammonia_toxicity,BAC_G::Fermentimonas,Bacteria,4,0.0611013577925343,0.017246311883878665,True,2.0,True,True
warning_biogas_quality,BAC_G::Fermentimonas,Bacteria,4,,,True,,False,False
warning_acid_base_balance,BAC_G::Ferruginibacter,Bacteria,4,0.0,0.0,True,124.5,False,False
warning_buffer_capacity,BAC_G::Ferruginibacter,Bacteria,4,0.0,0.0,True,144.5,False,False
warning_acid_accumulation,BAC_G::Ferruginibacter,Bacteria,4,0.0,0.0,True,138.0,False,False
warning_ammonia_toxicity,BAC_G::Ferruginibacter,Bacteria,4,0.0,0.0,True,156.0,False,False
warning_biogas_quality,BAC_G::Ferruginibacter,Bacteria,4,,,True,,False,False
warning_acid_base_balance,BAC_G::Fervidobacterium,Bacteria,4,0.0,0.0,True,124.5,False,False
warning_buffer_capacity,BAC_G::Fervidobacterium,Bacteria,4,0.0,0.0,True,144.5,False,False
warning_acid_accumulation,BAC_G::Fervidobacterium,Bacteria,4,0.0,0.0,True,138.0,False,False
warning_ammonia_toxicity,BAC_G::Fervidobacterium,Bacteria,4,0.0,0.0,True,156.0,False,False
warning_biogas_quality,BAC_G::Fervidobacterium,Bacteria,4,,,True,,False,False
warning_acid_base_balance,BAC_G::Fonticella,Bacteria,4,0.0,0.0,True,124.5,False,False
warning_buffer_capacity,BAC_G::Fonticella,Bacteria,4,0.0,0.0,True,144.5,False,False
warning_acid_accumulation,BAC_G::Fonticella,Bacteria,4,0.0,0.0,True,138.0,False,False
warning_ammonia_toxicity,BAC_G::Fonticella,Bacteria,4,0.0,0.0,True,156.0,False,False
warning_biogas_quality,BAC_G::Fonticella,Bacteria,4,,,True,,False,False
warning_acid_base_balance,BAC_G::Frisingicoccus,Bacteria,4,0.0,0.0,True,124.5,False,False
warning_buffer_capacity,BAC_G::Frisingicoccus,Bacteria,4,0.0,0.0,True,144.5,False,False
warning_acid_accumulation,BAC_G::Frisingicoccus,Bacteria,4,0.0,0.0,True,138.0,False,False
warning_ammonia_toxicity,BAC_G::Frisingicoccus,Bacteria,4,0.0,0.0,True,156.0,False,False
warning_biogas_quality,BAC_G::Frisingicoccus,Bacteria,4,,,True,,False,False
warning_acid_base_balance,BAC_G::Gelria,Bacteria,4,0.0035317460317460083,0.00883622062144075,True,15.0,False,True
warning_buffer_capacity,BAC_G::Gelria,Bacteria,4,0.0,0.0,True,144.5,False,False
warning_acid_accumulation,BAC_G::Gelria,Bacteria,4,0.0,0.0,True,138.0,False,False
warning_ammonia_toxicity,BAC_G::Gelria,Bacteria,4,0.0,0.0,True,156.0,False,False
warning_biogas_quality,BAC_G::Gelria,Bacteria,4,,,True,,False,False
warning_acid_base_balance,BAC_G::Gracilibacter,Bacteria,4,0.0,0.0,True,124.5,False,False
warning_buffer_capacity,BAC_G::Gracilibacter,Bacteria,4,0.0,0.0,True,144.5,False,False
warning_acid_accumulation,BAC_G::Gracilibacter,Bacteria,4,0.0,0.0,True,138.0,False,False
warning_ammonia_toxicity,BAC_G::Gracilibacter,Bacteria,4,0.0,0.0,True,156.0,False,False
warning_biogas_quality,BAC_G::Gracilibacter,Bacteria,4,,,True,,False,False
warning_acid_base_balance,BAC_G::Guggenheimella,Bacteria,4,0.07041979949874681,0.01734890676089597,True,2.0,True,True
warning_buffer_capacity,BAC_G::Guggenheimella,Bacteria,4,0.0,0.0,True,144.5,False,False
warning_acid_accumulation,BAC_G::Guggenheimella,Bacteria,4,0.0,0.0,True,138.0,False,False
warning_ammonia_toxicity,BAC_G::Guggenheimella,Bacteria,4,0.009120624745624736,0.008404841865129997,True,17.0,False,True
warning_biogas_quality,BAC_G::Guggenheimella,Bacteria,4,,,True,,False,False
warning_acid_base_balance,BAC_G::HN-HF0106,Bacteria,4,0.0011904761904761862,0.006025036940605123,True,20.0,False,True
warning_buffer_capacity,BAC_G::HN-HF0106,Bacteria,4,0.0,0.0,True,144.5,False,False
warning_acid_accumulation,BAC_G::HN-HF0106,Bacteria,4,0.0,0.0,True,138.0,False,False
warning_ammonia_toxicity,BAC_G::HN-HF0106,Bacteria,4,0.07150224775224776,0.014369880779316588,True,1.0,True,True
warning_biogas_quality,BAC_G::HN-HF0106,Bacteria,4,,,True,,False,False
warning_acid_base_balance,BAC_G::Hahella,Bacteria,4,0.0,0.0,True,124.5,False,False
warning_buffer_capacity,BAC_G::Hahella,Bacteria,4,0.0,0.0,True,144.5,False,False
warning_acid_accumulation,BAC_G::Hahella,Bacteria,4,0.0,0.0,True,138.0,False,False
warning_ammonia_toxicity,BAC_G::Hahella,Bacteria,4,0.0,0.0,True,156.0,False,False
warning_biogas_quality,BAC_G::Hahella,Bacteria,4,,,True,,False,False
warning_acid_base_balance,BAC_G::Halocella,Bacteria,4,0.0,0.0,True,124.5,False,False
warning_buffer_capacity,BAC_G::Halocella,Bacteria,4,0.0,0.0,True,144.5,False,False
warning_acid_accumulation,BAC_G::Halocella,Bacteria,4,0.0,0.0,True,138.0,False,False
warning_ammonia_toxicity,BAC_G::Halocella,Bacteria,4,0.0,0.0,True,156.0,False,False
warning_biogas_quality,BAC_G::Halocella,Bacteria,4,,,True,,False,False
warning_acid_base_balance,BAC_G::Halomonas,Bacteria,4,0.0,0.0,True,124.5,False,False
warning_buffer_capacity,BAC_G::Halomonas,Bacteria,4,0.0,0.0,True,144.5,False,False
warning_acid_accumulation,BAC_G::Halomonas,Bacteria,4,0.0,0.0,True,138.0,False,False
warning_ammonia_toxicity,BAC_G::Halomonas,Bacteria,4,0.0,0.0,True,156.0,False,False
warning_biogas_quality,BAC_G::Halomonas,Bacteria,4,,,True,,False,False
warning_acid_base_balance,BAC_G::Hungateiclostridiaceae,Bacteria,4,0.0,0.0,True,124.5,False,False
warning_buffer_capacity,BAC_G::Hungateiclostridiaceae,Bacteria,4,0.0,0.0,True,144.5,False,False
warning_acid_accumulation,BAC_G::Hungateiclostridiaceae,Bacteria,4,0.0,0.0,True,138.0,False,False
warning_ammonia_toxicity,BAC_G::Hungateiclostridiaceae,Bacteria,4,0.0,0.0,True,156.0,False,False
warning_biogas_quality,BAC_G::Hungateiclostridiaceae,Bacteria,4,,,True,,False,False
warning_acid_base_balance,BAC_G::Hydrogenedensaceae,Bacteria,4,0.0,0.0,True,124.5,False,False
warning_buffer_capacity,BAC_G::Hydrogenedensaceae,Bacteria,4,0.0,0.0,True,144.5,False,False
warning_acid_accumulation,BAC_G::Hydrogenedensaceae,Bacteria,4,0.0,0.0,True,138.0,False,False
warning_ammonia_toxicity,BAC_G::Hydrogenedensaceae,Bacteria,4,0.0,0.0,True,156.0,False,False
warning_biogas_quality,BAC_G::Hydrogenedensaceae,Bacteria,4,,,True,,False,False
warning_acid_base_balance,BAC_G::Irregularibacter,Bacteria,4,0.0,0.0,False,124.5,False,False
warning_buffer_capacity,BAC_G::Irregularibacter,Bacteria,4,0.0,0.0,False,144.5,False,False
warning_acid_accumulation,BAC_G::Irregularibacter,Bacteria,4,0.0,0.0,False,138.0,False,False
warning_ammonia_toxicity,BAC_G::Irregularibacter,Bacteria,4,0.0,0.0,False,156.0,False,False
warning_biogas_quality,BAC_G::Irregularibacter,Bacteria,4,,,False,,False,False
warning_acid_base_balance,BAC_G::Izemoplasmatales,Bacteria,4,0.0,0.0,True,124.5,False,False
warning_buffer_capacity,BAC_G::Izemoplasmatales,Bacteria,4,0.0,0.0,True,144.5,False,False
warning_acid_accumulation,BAC_G::Izemoplasmatales,Bacteria,4,0.0,0.0,True,138.0,False,False
warning_ammonia_toxicity,BAC_G::Izemoplasmatales,Bacteria,4,0.0,0.0,True,156.0,False,False
warning_biogas_quality,BAC_G::Izemoplasmatales,Bacteria,4,,,True,,False,False
warning_acid_base_balance,BAC_G::JS1,Bacteria,4,0.0,0.0,True,124.5,False,False
warning_buffer_capacity,BAC_G::JS1,Bacteria,4,0.0,0.0,True,144.5,False,False
warning_acid_accumulation,BAC_G::JS1,Bacteria,4,0.0,0.0,True,138.0,False,False
warning_ammonia_toxicity,BAC_G::JS1,Bacteria,4,0.0,0.0,True,156.0,False,False
warning_biogas_quality,BAC_G::JS1,Bacteria,4,,,True,,False,False
warning_acid_base_balance,BAC_G::Kapabacteriales,Bacteria,4,0.0,0.0,True,124.5,False,False
warning_buffer_capacity,BAC_G::Kapabacteriales,Bacteria,4,0.0,0.0,True,144.5,False,False
warning_acid_accumulation,BAC_G::Kapabacteriales,Bacteria,4,0.0,0.0,True,138.0,False,False
warning_ammonia_toxicity,BAC_G::Kapabacteriales,Bacteria,4,0.0,0.0,True,156.0,False,False
warning_biogas_quality,BAC_G::Kapabacteriales,Bacteria,4,,,True,,False,False
warning_acid_base_balance,BAC_G::Keratinibaculum,Bacteria,4,0.0,0.0,True,124.5,False,False
warning_buffer_capacity,BAC_G::Keratinibaculum,Bacteria,4,0.0,0.0,True,144.5,False,False
warning_acid_accumulation,BAC_G::Keratinibaculum,Bacteria,4,0.0,0.0,True,138.0,False,False
warning_ammonia_toxicity,BAC_G::Keratinibaculum,Bacteria,4,0.0,0.0,True,156.0,False,False
warning_biogas_quality,BAC_G::Keratinibaculum,Bacteria,4,,,True,,False,False
warning_acid_base_balance,BAC_G::LD1-PA32,Bacteria,4,-0.0025198412698412775,0.007120806258276669,True,236.0,False,False
warning_buffer_capacity,BAC_G::LD1-PA32,Bacteria,4,0.016577380952380972,0.007247240113233553,True,7.0,True,True
warning_acid_accumulation,BAC_G::LD1-PA32,Bacteria,4,0.0,0.0,True,138.0,False,False
warning_ammonia_toxicity,BAC_G::LD1-PA32,Bacteria,4,0.0,0.0,True,156.0,False,False
warning_biogas_quality,BAC_G::LD1-PA32,Bacteria,4,,,True,,False,False
warning_acid_base_balance,BAC_G::LD1-PB3,Bacteria,4,0.0,0.0,True,124.5,False,False
warning_buffer_capacity,BAC_G::LD1-PB3,Bacteria,4,0.0,0.0,True,144.5,False,False
warning_acid_accumulation,BAC_G::LD1-PB3,Bacteria,4,0.0,0.0,True,138.0,False,False
warning_ammonia_toxicity,BAC_G::LD1-PB3,Bacteria,4,0.0,0.0,True,156.0,False,False
warning_biogas_quality,BAC_G::LD1-PB3,Bacteria,4,,,True,,False,False
warning_acid_base_balance,BAC_G::LNR_A2-18,Bacteria,4,-0.003965201465201476,0.007476264200635753,True,242.0,False,False
warning_buffer_capacity,BAC_G::LNR_A2-18,Bacteria,4,0.0,0.0,True,144.5,False,False
warning_acid_accumulation,BAC_G::LNR_A2-18,Bacteria,4,0.0,0.0,True,138.0,False,False
warning_ammonia_toxicity,BAC_G::LNR_A2-18,Bacteria,4,0.0,0.0,True,156.0,False,False
warning_biogas_quality,BAC_G::LNR_A2-18,Bacteria,4,,,True,,False,False
warning_acid_base_balance,BAC_G::Lactobacillus,Bacteria,4,0.0,0.0,True,124.5,False,False
warning_buffer_capacity,BAC_G::Lactobacillus,Bacteria,4,0.0,0.0,True,144.5,False,False
warning_acid_accumulation,BAC_G::Lactobacillus,Bacteria,4,0.0,0.0,True,138.0,False,False
warning_ammonia_toxicity,BAC_G::Lactobacillus,Bacteria,4,0.0,0.0,True,156.0,False,False
warning_biogas_quality,BAC_G::Lactobacillus,Bacteria,4,,,True,,False,False
warning_acid_base_balance,BAC_G::Lautropia,Bacteria,4,0.0,0.0,True,124.5,False,False
warning_buffer_capacity,BAC_G::Lautropia,Bacteria,4,0.0,0.0,True,144.5,False,False
warning_acid_accumulation,BAC_G::Lautropia,Bacteria,4,0.0,0.0,True,138.0,False,False
warning_ammonia_toxicity,BAC_G::Lautropia,Bacteria,4,0.0,0.0,True,156.0,False,False
warning_biogas_quality,BAC_G::Lautropia,Bacteria,4,,,True,,False,False
warning_acid_base_balance,BAC_G::Lawsonella,Bacteria,4,0.0,0.0,True,124.5,False,False
warning_buffer_capacity,BAC_G::Lawsonella,Bacteria,4,0.0,0.0,True,144.5,False,False
warning_acid_accumulation,BAC_G::Lawsonella,Bacteria,4,0.0,0.0,True,138.0,False,False
warning_ammonia_toxicity,BAC_G::Lawsonella,Bacteria,4,0.0,0.0,True,156.0,False,False
warning_biogas_quality,BAC_G::Lawsonella,Bacteria,4,,,True,,False,False
warning_acid_base_balance,BAC_G::Lentimicrobiaceae,Bacteria,4,-0.0038194444444444643,0.009557661181714807,True,241.0,False,False
warning_buffer_capacity,BAC_G::Lentimicrobiaceae,Bacteria,4,-0.023639705882352934,0.006797695449115674,True,271.0,False,False
warning_acid_accumulation,BAC_G::Lentimicrobiaceae,Bacteria,4,0.0,0.0,True,138.0,False,False
warning_ammonia_toxicity,BAC_G::Lentimicrobiaceae,Bacteria,4,0.0023674242424242486,0.010676228219381398,True,30.0,False,False
warning_biogas_quality,BAC_G::Lentimicrobiaceae,Bacteria,4,,,True,,False,False
warning_acid_base_balance,BAC_G::Lentimicrobium,Bacteria,4,8.928571428571397e-05,0.0030551859675144685,True,25.0,False,False
warning_buffer_capacity,BAC_G::Lentimicrobium,Bacteria,4,0.0,0.0,True,144.5,False,False
warning_acid_accumulation,BAC_G::Lentimicrobium,Bacteria,4,0.0,0.0,True,138.0,False,False
warning_ammonia_toxicity,BAC_G::Lentimicrobium,Bacteria,4,0.0,0.0,True,156.0,False,False
warning_biogas_quality,BAC_G::Lentimicrobium,Bacteria,4,,,True,,False,False
warning_acid_base_balance,BAC_G::Leptotrichia,Bacteria,4,-0.0026190476190476263,0.007485515312360692,True,237.0,False,False
warning_buffer_capacity,BAC_G::Leptotrichia,Bacteria,4,0.0018382352941176516,0.006574506787661082,True,17.0,False,True
warning_acid_accumulation,BAC_G::Leptotrichia,Bacteria,4,0.0,0.0,True,138.0,False,False
warning_ammonia_toxicity,BAC_G::Leptotrichia,Bacteria,4,0.0,0.0,True,156.0,False,False
warning_biogas_quality,BAC_G::Leptotrichia,Bacteria,4,,,True,,False,False
warning_acid_base_balance,BAC_G::Leuconostoc,Bacteria,4,0.0,0.0,True,124.5,False,False
warning_buffer_capacity,BAC_G::Leuconostoc,Bacteria,4,0.0,0.0,True,144.5,False,False
warning_acid_accumulation,BAC_G::Leuconostoc,Bacteria,4,0.0,0.0,True,138.0,False,False
warning_ammonia_toxicity,BAC_G::Leuconostoc,Bacteria,4,0.0,0.0,True,156.0,False,False
warning_biogas_quality,BAC_G::Leuconostoc,Bacteria,4,,,True,,False,False
warning_acid_base_balance,BAC_G::Longilinea,Bacteria,4,0.0,0.0,True,124.5,False,False
warning_buffer_capacity,BAC_G::Longilinea,Bacteria,4,0.0,0.0,True,144.5,False,False
warning_acid_accumulation,BAC_G::Longilinea,Bacteria,4,0.0,0.0,True,138.0,False,False
warning_ammonia_toxicity,BAC_G::Longilinea,Bacteria,4,0.0,0.0,True,156.0,False,False
warning_biogas_quality,BAC_G::Longilinea,Bacteria,4,,,True,,False,False
warning_acid_base_balance,BAC_G::Luteimonas,Bacteria,4,0.0,0.0,True,124.5,False,False
warning_buffer_capacity,BAC_G::Luteimonas,Bacteria,4,0.0,0.0,True,144.5,False,False
warning_acid_accumulation,BAC_G::Luteimonas,Bacteria,4,0.0,0.0,True,138.0,False,False
warning_ammonia_toxicity,BAC_G::Luteimonas,Bacteria,4,0.0,0.0,True,156.0,False,False
warning_biogas_quality,BAC_G::Luteimonas,Bacteria,4,,,True,,False,False
warning_acid_base_balance,BAC_G::Lutispora,Bacteria,4,0.0,0.0,True,124.5,False,False
warning_buffer_capacity,BAC_G::Lutispora,Bacteria,4,0.0,0.0,True,144.5,False,False
warning_acid_accumulation,BAC_G::Lutispora,Bacteria,4,0.0,0.0,True,138.0,False,False
warning_ammonia_toxicity,BAC_G::Lutispora,Bacteria,4,0.0,0.0,True,156.0,False,False
warning_biogas_quality,BAC_G::Lutispora,Bacteria,4,,,True,,False,False
warning_acid_base_balance,BAC_G::MBA03,Bacteria,4,0.0,0.0,True,124.5,False,False
warning_buffer_capacity,BAC_G::MBA03,Bacteria,4,0.0,0.0,True,144.5,False,False
warning_acid_accumulation,BAC_G::MBA03,Bacteria,4,0.0,0.0,True,138.0,False,False
warning_ammonia_toxicity,BAC_G::MBA03,Bacteria,4,0.00716852591852592,0.008847253021262677,True,21.0,False,False
warning_biogas_quality,BAC_G::MBA03,Bacteria,4,,,True,,False,False
warning_acid_base_balance,BAC_G::MVP-15,Bacteria,4,0.0,0.0,True,124.5,False,False
warning_buffer_capacity,BAC_G::MVP-15,Bacteria,4,0.0,0.0,True,144.5,False,False
warning_acid_accumulation,BAC_G::MVP-15,Bacteria,4,0.0,0.0,True,138.0,False,False
warning_ammonia_toxicity,BAC_G::MVP-15,Bacteria,4,0.0,0.0,True,156.0,False,False
warning_biogas_quality,BAC_G::MVP-15,Bacteria,4,,,True,,False,False
warning_acid_base_balance,BAC_G::Macellibacteroides,Bacteria,4,0.0,0.0,True,124.5,False,False
warning_buffer_capacity,BAC_G::Macellibacteroides,Bacteria,4,0.0,0.0,True,144.5,False,False
warning_acid_accumulation,BAC_G::Macellibacteroides,Bacteria,4,0.0,0.0,True,138.0,False,False
warning_ammonia_toxicity,BAC_G::Macellibacteroides,Bacteria,4,0.0,0.0,True,156.0,False,False
warning_biogas_quality,BAC_G::Macellibacteroides,Bacteria,4,,,True,,False,False
warning_acid_base_balance,BAC_G::Marinimicrobia_(SAR406_clade),Bacteria,4,0.0,0.0,True,124.5,False,False
warning_buffer_capacity,BAC_G::Marinimicrobia_(SAR406_clade),Bacteria,4,0.0,0.0,True,144.5,False,False
warning_acid_accumulation,BAC_G::Marinimicrobia_(SAR406_clade),Bacteria,4,0.0,0.0,True,138.0,False,False
warning_ammonia_toxicity,BAC_G::Marinimicrobia_(SAR406_clade),Bacteria,4,0.0,0.0,True,156.0,False,False
warning_biogas_quality,BAC_G::Marinimicrobia_(SAR406_clade),Bacteria,4,,,True,,False,False
warning_acid_base_balance,BAC_G::Mariniphaga,Bacteria,4,0.0,0.0,True,124.5,False,False
warning_buffer_capacity,BAC_G::Mariniphaga,Bacteria,4,0.0,0.0,True,144.5,False,False
warning_acid_accumulation,BAC_G::Mariniphaga,Bacteria,4,0.0,0.0,True,138.0,False,False
warning_ammonia_toxicity,BAC_G::Mariniphaga,Bacteria,4,0.0,0.0,True,156.0,False,False
warning_biogas_quality,BAC_G::Mariniphaga,Bacteria,4,,,True,,False,False
warning_acid_base_balance,BAC_G::Megasphaera,Bacteria,4,0.0,0.0,True,124.5,False,False
warning_buffer_capacity,BAC_G::Megasphaera,Bacteria,4,0.0,0.0,True,144.5,False,False
warning_acid_accumulation,BAC_G::Megasphaera,Bacteria,4,0.0,0.0,True,138.0,False,False
warning_ammonia_toxicity,BAC_G::Megasphaera,Bacteria,4,0.0,0.0,True,156.0,False,False
warning_biogas_quality,BAC_G::Megasphaera,Bacteria,4,,,True,,False,False
warning_acid_base_balance,BAC_G::Mesotoga,Bacteria,4,0.0,0.0,True,124.5,False,False
warning_buffer_capacity,BAC_G::Mesotoga,Bacteria,4,0.0005514705882352963,0.001346865987251929,True,23.5,False,False
warning_acid_accumulation,BAC_G::Mesotoga,Bacteria,4,0.0,0.0,True,138.0,False,False
warning_ammonia_toxicity,BAC_G::Mesotoga,Bacteria,4,0.0,0.0,True,156.0,False,False
warning_biogas_quality,BAC_G::Mesotoga,Bacteria,4,,,True,,False,False
warning_acid_base_balance,BAC_G::Methylotenera,Bacteria,4,0.0,0.0,True,124.5,False,False
warning_buffer_capacity,BAC_G::Methylotenera,Bacteria,4,0.0,0.0,True,144.5,False,False
warning_acid_accumulation,BAC_G::Methylotenera,Bacteria,4,0.0,0.0,True,138.0,False,False
warning_ammonia_toxicity,BAC_G::Methylotenera,Bacteria,4,0.0,0.0,True,156.0,False,False
warning_biogas_quality,BAC_G::Methylotenera,Bacteria,4,,,True,,False,False
warning_acid_base_balance,BAC_G::MgMjR-022,Bacteria,4,0.0,0.0,False,124.5,False,False
warning_buffer_capacity,BAC_G::MgMjR-022,Bacteria,4,0.0,0.0,False,144.5,False,False
warning_acid_accumulation,BAC_G::MgMjR-022,Bacteria,4,0.0,0.0,False,138.0,False,False
warning_ammonia_toxicity,BAC_G::MgMjR-022,Bacteria,4,0.0,0.0,False,156.0,False,False
warning_biogas_quality,BAC_G::MgMjR-022,Bacteria,4,,,False,,False,False
warning_acid_base_balance,BAC_G::Myroides,Bacteria,4,0.0,0.0,True,124.5,False,False
warning_buffer_capacity,BAC_G::Myroides,Bacteria,4,0.0,0.0,True,144.5,False,False
warning_acid_accumulation,BAC_G::Myroides,Bacteria,4,0.0,0.0,True,138.0,False,False
warning_ammonia_toxicity,BAC_G::Myroides,Bacteria,4,0.0,0.0,True,156.0,False,False
warning_biogas_quality,BAC_G::Myroides,Bacteria,4,,,True,,False,False
warning_acid_base_balance,BAC_G::Nitrosomonas,Bacteria,4,0.0,0.0,True,124.5,False,False
warning_buffer_capacity,BAC_G::Nitrosomonas,Bacteria,4,0.0,0.0,True,144.5,False,False
warning_acid_accumulation,BAC_G::Nitrosomonas,Bacteria,4,0.0,0.0,True,138.0,False,False
warning_ammonia_toxicity,BAC_G::Nitrosomonas,Bacteria,4,0.0,0.0,True,156.0,False,False
warning_biogas_quality,BAC_G::Nitrosomonas,Bacteria,4,,,True,,False,False
warning_acid_base_balance,BAC_G::OLB12,Bacteria,4,0.0,0.0,True,124.5,False,False
warning_buffer_capacity,BAC_G::OLB12,Bacteria,4,0.0,0.0,True,144.5,False,False
warning_acid_accumulation,BAC_G::OLB12,Bacteria,4,0.0,0.0,True,138.0,False,False
warning_ammonia_toxicity,BAC_G::OLB12,Bacteria,4,0.0,0.0,True,156.0,False,False
warning_biogas_quality,BAC_G::OLB12,Bacteria,4,,,True,,False,False
warning_acid_base_balance,BAC_G::OLB8,Bacteria,4,0.0,0.0,True,124.5,False,False
warning_buffer_capacity,BAC_G::OLB8,Bacteria,4,0.0,0.0,True,144.5,False,False
warning_acid_accumulation,BAC_G::OLB8,Bacteria,4,0.0,0.0,True,138.0,False,False
warning_ammonia_toxicity,BAC_G::OLB8,Bacteria,4,0.0,0.0,True,156.0,False,False
warning_biogas_quality,BAC_G::OLB8,Bacteria,4,,,True,,False,False
warning_acid_base_balance,BAC_G::Olsenella,Bacteria,4,0.0,0.0,True,124.5,False,False
warning_buffer_capacity,BAC_G::Olsenella,Bacteria,4,0.0,0.0,True,144.5,False,False
warning_acid_accumulation,BAC_G::Olsenella,Bacteria,4,0.0,0.0,True,138.0,False,False
warning_ammonia_toxicity,BAC_G::Olsenella,Bacteria,4,0.0,0.0,True,156.0,False,False
warning_biogas_quality,BAC_G::Olsenella,Bacteria,4,,,True,,False,False
warning_acid_base_balance,BAC_G::Oscillospira,Bacteria,4,0.0,0.0,True,124.5,False,False
warning_buffer_capacity,BAC_G::Oscillospira,Bacteria,4,0.0,0.0,True,144.5,False,False
warning_acid_accumulation,BAC_G::Oscillospira,Bacteria,4,0.0,0.0,True,138.0,False,False
warning_ammonia_toxicity,BAC_G::Oscillospira,Bacteria,4,0.0,0.0,True,156.0,False,False
warning_biogas_quality,BAC_G::Oscillospira,Bacteria,4,,,True,,False,False
warning_acid_base_balance,BAC_G::PB19,Bacteria,4,0.0,0.0,True,124.5,False,False
warning_buffer_capacity,BAC_G::PB19,Bacteria,4,0.0,0.0,True,144.5,False,False
warning_acid_accumulation,BAC_G::PB19,Bacteria,4,0.0,0.0,True,138.0,False,False
warning_ammonia_toxicity,BAC_G::PB19,Bacteria,4,0.0,0.0,True,156.0,False,False
warning_biogas_quality,BAC_G::PB19,Bacteria,4,,,True,,False,False
warning_acid_base_balance,BAC_G::Paludibacter,Bacteria,4,-0.0018551587301587319,0.005296766348041055,True,233.0,False,False
warning_buffer_capacity,BAC_G::Paludibacter,Bacteria,4,-0.022499999999999996,0.007694837640638654,True,270.0,False,False
warning_acid_accumulation,BAC_G::Paludibacter,Bacteria,4,0.0,0.0,True,138.0,False,False
warning_ammonia_toxicity,BAC_G::Paludibacter,Bacteria,4,0.0,0.0,True,156.0,False,False
warning_biogas_quality,BAC_G::Paludibacter,Bacteria,4,,,True,,False,False
warning_acid_base_balance,BAC_G::Pantoea,Bacteria,4,0.0,0.0,True,124.5,False,False
warning_buffer_capacity,BAC_G::Pantoea,Bacteria,4,0.0,0.0,True,144.5,False,False
warning_acid_accumulation,BAC_G::Pantoea,Bacteria,4,0.0,0.0,True,138.0,False,False
warning_ammonia_toxicity,BAC_G::Pantoea,Bacteria,4,0.0,0.0,True,156.0,False,False
warning_biogas_quality,BAC_G::Pantoea,Bacteria,4,,,True,,False,False
warning_acid_base_balance,BAC_G::Paracoccus,Bacteria,4,0.0,0.0,True,124.5,False,False
warning_buffer_capacity,BAC_G::Paracoccus,Bacteria,4,0.0,0.0,True,144.5,False,False
warning_acid_accumulation,BAC_G::Paracoccus,Bacteria,4,0.0,0.0,True,138.0,False,False
warning_ammonia_toxicity,BAC_G::Paracoccus,Bacteria,4,0.0,0.0,True,156.0,False,False
warning_biogas_quality,BAC_G::Paracoccus,Bacteria,4,,,True,,False,False
warning_acid_base_balance,BAC_G::Pedosphaeraceae,Bacteria,4,0.0,0.0,False,124.5,False,False
warning_buffer_capacity,BAC_G::Pedosphaeraceae,Bacteria,4,0.0,0.0,False,144.5,False,False
warning_acid_accumulation,BAC_G::Pedosphaeraceae,Bacteria,4,0.0,0.0,False,138.0,False,False
warning_ammonia_toxicity,BAC_G::Pedosphaeraceae,Bacteria,4,0.0,0.0,False,156.0,False,False
warning_biogas_quality,BAC_G::Pedosphaeraceae,Bacteria,4,,,False,,False,False
warning_acid_base_balance,BAC_G::Pelotomaculum,Bacteria,4,0.0,0.0,True,124.5,False,False
warning_buffer_capacity,BAC_G::Pelotomaculum,Bacteria,4,0.0,0.0,True,144.5,False,False
warning_acid_accumulation,BAC_G::Pelotomaculum,Bacteria,4,0.0,0.0,True,138.0,False,False
warning_ammonia_toxicity,BAC_G::Pelotomaculum,Bacteria,4,0.0,0.0,True,156.0,False,False
warning_biogas_quality,BAC_G::Pelotomaculum,Bacteria,4,,,True,,False,False
warning_acid_base_balance,BAC_G::Petrimonas,Bacteria,4,0.0,0.0,True,124.5,False,False
warning_buffer_capacity,BAC_G::Petrimonas,Bacteria,4,0.0,0.0,True,144.5,False,False
warning_acid_accumulation,BAC_G::Petrimonas,Bacteria,4,0.0,0.0,True,138.0,False,False
warning_ammonia_toxicity,BAC_G::Petrimonas,Bacteria,4,0.0,0.0,True,156.0,False,False
warning_biogas_quality,BAC_G::Petrimonas,Bacteria,4,,,True,,False,False
warning_acid_base_balance,BAC_G::Prevotella,Bacteria,4,-0.004166666666666657,0.003612958206350507,True,243.0,False,False
warning_buffer_capacity,BAC_G::Prevotella,Bacteria,4,0.0,0.0,True,144.5,False,False
warning_acid_accumulation,BAC_G::Prevotella,Bacteria,4,-0.017797619047619055,0.12254601263133419,True,274.0,False,False
warning_ammonia_toxicity,BAC_G::Prevotella,Bacteria,4,0.0,0.0,True,156.0,False,False
warning_biogas_quality,BAC_G::Prevotella,Bacteria,4,,,True,,False,False
warning_acid_base_balance,BAC_G::Proteiniphilum,Bacteria,4,0.0005685286935286721,0.009562119032107899,True,23.0,False,False
warning_buffer_capacity,BAC_G::Proteiniphilum,Bacteria,4,0.0,0.0,True,144.5,False,False
warning_acid_accumulation,BAC_G::Proteiniphilum,Bacteria,4,0.0,0.0,True,138.0,False,False
warning_ammonia_toxicity,BAC_G::Proteiniphilum,Bacteria,4,0.0003205128205128194,0.0014333769086537064,True,42.0,False,False
warning_biogas_quality,BAC_G::Proteiniphilum,Bacteria,4,,,True,,False,False
warning_acid_base_balance,BAC_G::Proteocatella,Bacteria,4,0.0,0.0,True,124.5,False,False
warning_buffer_capacity,BAC_G::Proteocatella,Bacteria,4,0.0,0.0,True,144.5,False,False
warning_acid_accumulation,BAC_G::Proteocatella,Bacteria,4,0.0,0.0,True,138.0,False,False
warning_ammonia_toxicity,BAC_G::Proteocatella,Bacteria,4,0.0,0.0,True,156.0,False,False
warning_biogas_quality,BAC_G::Proteocatella,Bacteria,4,,,True,,False,False
warning_acid_base_balance,BAC_G::Pseudomonas,Bacteria,4,0.0,0.0,True,124.5,False,False
warning_buffer_capacity,BAC_G::Pseudomonas,Bacteria,4,0.0,0.0,True,144.5,False,False
warning_acid_accumulation,BAC_G::Pseudomonas,Bacteria,4,0.0,0.0,True,138.0,False,False
warning_ammonia_toxicity,BAC_G::Pseudomonas,Bacteria,4,0.0,0.0,True,156.0,False,False
warning_biogas_quality,BAC_G::Pseudomonas,Bacteria,4,,,True,,False,False
warning_acid_base_balance,BAC_G::Pseudoramibacter,Bacteria,4,0.0,0.0,True,124.5,False,False
warning_buffer_capacity,BAC_G::Pseudoramibacter,Bacteria,4,0.0,0.0,True,144.5,False,False
warning_acid_accumulation,BAC_G::Pseudoramibacter,Bacteria,4,0.0,0.0,True,138.0,False,False
warning_ammonia_toxicity,BAC_G::Pseudoramibacter,Bacteria,4,0.0,0.0,True,156.0,False,False
warning_biogas_quality,BAC_G::Pseudoramibacter,Bacteria,4,,,True,,False,False
warning_acid_base_balance,BAC_G::RBG-16-49-21,Bacteria,4,0.0,0.0,True,124.5,False,False
warning_buffer_capacity,BAC_G::RBG-16-49-21,Bacteria,4,0.0,0.0,True,144.5,False,False
warning_acid_accumulation,BAC_G::RBG-16-49-21,Bacteria,4,0.0,0.0,True,138.0,False,False
warning_ammonia_toxicity,BAC_G::RBG-16-49-21,Bacteria,4,-0.007871989121989123,0.015514578457228145,True,270.0,False,False
warning_biogas_quality,BAC_G::RBG-16-49-21,Bacteria,4,,,True,,False,False
warning_acid_base_balance,BAC_G::Raoultibacter,Bacteria,4,0.0,0.0,True,124.5,False,False
warning_buffer_capacity,BAC_G::Raoultibacter,Bacteria,4,0.0,0.0,True,144.5,False,False
warning_acid_accumulation,BAC_G::Raoultibacter,Bacteria,4,0.0,0.0,True,138.0,False,False
warning_ammonia_toxicity,BAC_G::Raoultibacter,Bacteria,4,0.0,0.0,True,156.0,False,False
warning_biogas_quality,BAC_G::Raoultibacter,Bacteria,4,,,True,,False,False
warning_acid_base_balance,BAC_G::Rhodobacter,Bacteria,4,0.0,0.0,True,124.5,False,False
warning_buffer_capacity,BAC_G::Rhodobacter,Bacteria,4,0.0,0.0,True,144.5,False,False
warning_acid_accumulation,BAC_G::Rhodobacter,Bacteria,4,0.0,0.0,True,138.0,False,False
warning_ammonia_toxicity,BAC_G::Rhodobacter,Bacteria,4,0.0,0.0,True,156.0,False,False
warning_biogas_quality,BAC_G::Rhodobacter,Bacteria,4,,,True,,False,False
warning_acid_base_balance,BAC_G::Ruminiclostridium,Bacteria,4,-0.00142857142857144,0.007943188499926944,True,230.0,False,False
warning_buffer_capacity,BAC_G::Ruminiclostridium,Bacteria,4,0.0,0.0,True,144.5,False,False
warning_acid_accumulation,BAC_G::Ruminiclostridium,Bacteria,4,0.0,0.0,True,138.0,False,False
warning_ammonia_toxicity,BAC_G::Ruminiclostridium,Bacteria,4,0.039948408073408104,0.015364460698190304,True,7.0,True,True
warning_biogas_quality,BAC_G::Ruminiclostridium,Bacteria,4,,,True,,False,False
warning_acid_base_balance,BAC_G::Ruminococcus,Bacteria,4,-0.028297258297258356,0.022266714816274548,True,270.0,False,False
warning_buffer_capacity,BAC_G::Ruminococcus,Bacteria,4,-0.016300635638870922,0.053149567213935184,True,268.0,False,False
warning_acid_accumulation,BAC_G::Ruminococcus,Bacteria,4,0.0,0.0,True,138.0,False,False
warning_ammonia_toxicity,BAC_G::Ruminococcus,Bacteria,4,0.0,0.0,True,156.0,False,False
warning_biogas_quality,BAC_G::Ruminococcus,Bacteria,4,,,True,,False,False
warning_acid_base_balance,BAC_G::SBR1031,Bacteria,4,0.0,0.0,True,124.5,False,False
warning_buffer_capacity,BAC_G::SBR1031,Bacteria,4,0.0005514705882352963,0.0013468659872519291,True,23.5,False,False
warning_acid_accumulation,BAC_G::SBR1031,Bacteria,4,0.0,0.0,True,138.0,False,False
warning_ammonia_toxicity,BAC_G::SBR1031,Bacteria,4,0.0,0.0,True,156.0,False,False
warning_biogas_quality,BAC_G::SBR1031,Bacteria,4,,,True,,False,False
warning_acid_base_balance,BAC_G::SC-I-84,Bacteria,4,-0.0019444444444444513,0.006052349062536718,True,234.5,False,False
warning_buffer_capacity,BAC_G::SC-I-84,Bacteria,4,0.00018382352941176544,0.0008220838152572789,True,27.0,False,False
warning_acid_accumulation,BAC_G::SC-I-84,Bacteria,4,0.0,0.0,True,138.0,False,False
warning_ammonia_toxicity,BAC_G::SC-I-84,Bacteria,4,0.0,0.0,True,156.0,False,False
warning_biogas_quality,BAC_G::SC-I-84,Bacteria,4,,,True,,False,False
warning_acid_base_balance,BAC_G::SC103,Bacteria,4,-2.9761904761918535e-05,0.007625559332264643,True,224.0,False,False
warning_buffer_capacity,BAC_G::SC103,Bacteria,4,0.016440242763772185,0.014146583911611284,True,8.0,True,True
warning_acid_accumulation,BAC_G::SC103,Bacteria,4,0.0,0.0,True,138.0,False,False
warning_ammonia_toxicity,BAC_G::SC103,Bacteria,4,0.0003205128205128194,0.0014333769086537062,True,42.0,False,False
warning_biogas_quality,BAC_G::SC103,Bacteria,4,,,True,,False,False
warning_acid_base_balance,BAC_G::SJA-15,Bacteria,4,0.0,0.0,True,124.5,False,False
warning_buffer_capacity,BAC_G::SJA-15,Bacteria,4,0.0,0.0,True,144.5,False,False
warning_acid_accumulation,BAC_G::SJA-15,Bacteria,4,0.0,0.0,True,138.0,False,False
warning_ammonia_toxicity,BAC_G::SJA-15,Bacteria,4,0.0,0.0,True,156.0,False,False
warning_biogas_quality,BAC_G::SJA-15,Bacteria,4,,,True,,False,False
warning_acid_base_balance,BAC_G::SJA-28,Bacteria,4,0.0,0.0,True,124.5,False,False
warning_buffer_capacity,BAC_G::SJA-28,Bacteria,4,0.0,0.0,True,144.5,False,False
warning_acid_accumulation,BAC_G::SJA-28,Bacteria,4,0.0,0.0,True,138.0,False,False
warning_ammonia_toxicity,BAC_G::SJA-28,Bacteria,4,0.0,0.0,True,156.0,False,False
warning_biogas_quality,BAC_G::SJA-28,Bacteria,4,,,True,,False,False
warning_acid_base_balance,BAC_G::ST-12K33,Bacteria,4,-0.02698412698412702,0.01269319023769483,True,269.0,False,False
warning_buffer_capacity,BAC_G::ST-12K33,Bacteria,4,0.0,0.0,True,144.5,False,False
warning_acid_accumulation,BAC_G::ST-12K33,Bacteria,4,0.0,0.0,True,138.0,False,False
warning_ammonia_toxicity,BAC_G::ST-12K33,Bacteria,4,0.0,0.0,True,156.0,False,False
warning_biogas_quality,BAC_G::ST-12K33,Bacteria,4,,,True,,False,False
warning_acid_base_balance,BAC_G::Saccharofermentans,Bacteria,4,0.0,0.0,True,124.5,False,False
warning_buffer_capacity,BAC_G::Saccharofermentans,Bacteria,4,0.0,0.0,True,144.5,False,False
warning_acid_accumulation,BAC_G::Saccharofermentans,Bacteria,4,0.0,0.0,True,138.0,False,False
warning_ammonia_toxicity,BAC_G::Saccharofermentans,Bacteria,4,0.0,0.0,True,156.0,False,False
warning_biogas_quality,BAC_G::Saccharofermentans,Bacteria,4,,,True,,False,False
warning_acid_base_balance,BAC_G::Sedimentibacter,Bacteria,4,0.014007865772571609,0.019944685221194747,True,4.0,True,True
warning_buffer_capacity,BAC_G::Sedimentibacter,Bacteria,4,0.039137912740853924,0.0193205330507328,True,1.0,True,True
warning_acid_accumulation,BAC_G::Sedimentibacter,Bacteria,4,0.0,0.0,True,138.0,False,False
warning_ammonia_toxicity,BAC_G::Sedimentibacter,Bacteria,4,-0.01565998329156222,0.035723836473437486,True,272.0,False,False
warning_biogas_quality,BAC_G::Sedimentibacter,Bacteria,4,,,True,,False,False
warning_acid_base_balance,BAC_G::Shuttleworthia,Bacteria,4,0.0,0.0,True,124.5,False,False
warning_buffer_capacity,BAC_G::Shuttleworthia,Bacteria,4,0.0,0.0,True,144.5,False,False
warning_acid_accumulation,BAC_G::Shuttleworthia,Bacteria,4,0.0,0.0,True,138.0,False,False
warning_ammonia_toxicity,BAC_G::Shuttleworthia,Bacteria,4,0.0,0.0,True,156.0,False,False
warning_biogas_quality,BAC_G::Shuttleworthia,Bacteria,4,,,True,,False,False
warning_acid_base_balance,BAC_G::Simplicispira,Bacteria,4,0.0,0.0,False,124.5,False,False
warning_buffer_capacity,BAC_G::Simplicispira,Bacteria,4,0.0,0.0,False,144.5,False,False
warning_acid_accumulation,BAC_G::Simplicispira,Bacteria,4,0.0,0.0,False,138.0,False,False
warning_ammonia_toxicity,BAC_G::Simplicispira,Bacteria,4,0.0,0.0,False,156.0,False,False
warning_biogas_quality,BAC_G::Simplicispira,Bacteria,4,,,False,,False,False
warning_acid_base_balance,BAC_G::Smithella,Bacteria,4,-0.03001887001887007,0.014272100900713834,True,271.0,False,False
warning_buffer_capacity,BAC_G::Smithella,Bacteria,4,-0.03091373087696616,0.02114896788116535,True,273.0,False,False
warning_acid_accumulation,BAC_G::Smithella,Bacteria,4,0.0,0.0,True,138.0,False,False
warning_ammonia_toxicity,BAC_G::Smithella,Bacteria,4,0.0,0.0,True,156.0,False,False
warning_biogas_quality,BAC_G::Smithella,Bacteria,4,,,True,,False,False
warning_acid_base_balance,BAC_G::Sphaerochaeta,Bacteria,4,0.0013621794871794685,0.014983040558626058,True,19.0,False,True
warning_buffer_capacity,BAC_G::Sphaerochaeta,Bacteria,4,0.0,0.0,True,144.5,False,False
warning_acid_accumulation,BAC_G::Sphaerochaeta,Bacteria,4,0.0,0.0,True,138.0,False,False
warning_ammonia_toxicity,BAC_G::Sphaerochaeta,Bacteria,4,0.0,0.0,True,156.0,False,False
warning_biogas_quality,BAC_G::Sphaerochaeta,Bacteria,4,,,True,,False,False
warning_acid_base_balance,BAC_G::Stenotrophomonas,Bacteria,4,0.0,0.0,True,124.5,False,False
warning_buffer_capacity,BAC_G::Stenotrophomonas,Bacteria,4,0.0,0.0,True,144.5,False,False
warning_acid_accumulation,BAC_G::Stenotrophomonas,Bacteria,4,0.0,0.0,True,138.0,False,False
warning_ammonia_toxicity,BAC_G::Stenotrophomonas,Bacteria,4,0.0,0.0,True,156.0,False,False
warning_biogas_quality,BAC_G::Stenotrophomonas,Bacteria,4,,,True,,False,False
warning_acid_base_balance,BAC_G::Sterolibacterium,Bacteria,4,0.0,0.0,True,124.5,False,False
warning_buffer_capacity,BAC_G::Sterolibacterium,Bacteria,4,0.0,0.0,True,144.5,False,False
warning_acid_accumulation,BAC_G::Sterolibacterium,Bacteria,4,0.0,0.0,True,138.0,False,False
warning_ammonia_toxicity,BAC_G::Sterolibacterium,Bacteria,4,0.0,0.0,True,156.0,False,False
warning_biogas_quality,BAC_G::Sterolibacterium,Bacteria,4,,,True,,False,False
warning_acid_base_balance,BAC_G::Streptococcus,Bacteria,4,0.0,0.0,True,124.5,False,False
warning_buffer_capacity,BAC_G::Streptococcus,Bacteria,4,0.0,0.0,True,144.5,False,False
warning_acid_accumulation,BAC_G::Streptococcus,Bacteria,4,0.0,0.0,True,138.0,False,False
warning_ammonia_toxicity,BAC_G::Streptococcus,Bacteria,4,0.0,0.0,True,156.0,False,False
warning_biogas_quality,BAC_G::Streptococcus,Bacteria,4,,,True,,False,False
warning_acid_base_balance,BAC_G::Sutterella,Bacteria,4,0.0,0.0,True,124.5,False,False
warning_buffer_capacity,BAC_G::Sutterella,Bacteria,4,0.0,0.0,True,144.5,False,False
warning_acid_accumulation,BAC_G::Sutterella,Bacteria,4,0.0,0.0,True,138.0,False,False
warning_ammonia_toxicity,BAC_G::Sutterella,Bacteria,4,0.0,0.0,True,156.0,False,False
warning_biogas_quality,BAC_G::Sutterella,Bacteria,4,,,True,,False,False
warning_acid_base_balance,BAC_G::Syner-01,Bacteria,4,0.0,0.0,True,124.5,False,False
warning_buffer_capacity,BAC_G::Syner-01,Bacteria,4,0.006774657231313588,0.015310947507539075,True,12.0,False,True
warning_acid_accumulation,BAC_G::Syner-01,Bacteria,4,0.0,0.0,True,138.0,False,False
warning_ammonia_toxicity,BAC_G::Syner-01,Bacteria,4,0.0,0.0,True,156.0,False,False
warning_biogas_quality,BAC_G::Syner-01,Bacteria,4,,,True,,False,False
warning_acid_base_balance,BAC_G::Syntrophaceticus,Bacteria,4,-0.0007142857142857118,0.0017445121358691522,True,228.0,False,False
warning_buffer_capacity,BAC_G::Syntrophaceticus,Bacteria,4,0.0,0.0,True,144.5,False,False
warning_acid_accumulation,BAC_G::Syntrophaceticus,Bacteria,4,0.0,0.0,True,138.0,False,False
warning_ammonia_toxicity,BAC_G::Syntrophaceticus,Bacteria,4,0.0017361111111111188,0.00424013366357089,True,34.0,False,False
warning_biogas_quality,BAC_G::Syntrophaceticus,Bacteria,4,,,True,,False,False
warning_acid_base_balance,BAC_G::Syntrophobacter,Bacteria,4,0.0,0.0,True,124.5,False,False
warning_buffer_capacity,BAC_G::Syntrophobacter,Bacteria,4,0.0,0.0,True,144.5,False,False
warning_acid_accumulation,BAC_G::Syntrophobacter,Bacteria,4,0.0,0.0,True,138.0,False,False
warning_ammonia_toxicity,BAC_G::Syntrophobacter,Bacteria,4,0.0,0.0,True,156.0,False,False
warning_biogas_quality,BAC_G::Syntrophobacter,Bacteria,4,,,True,,False,False
warning_acid_base_balance,BAC_G::Syntrophococcus,Bacteria,4,-0.0019444444444444513,0.006052349062536718,True,234.5,False,False
warning_buffer_capacity,BAC_G::Syntrophococcus,Bacteria,4,0.0,0.0,True,144.5,False,False
warning_acid_accumulation,BAC_G::Syntrophococcus,Bacteria,4,0.0,0.0,True,138.0,False,False
warning_ammonia_toxicity,BAC_G::Syntrophococcus,Bacteria,4,0.0,0.0,True,156.0,False,False
warning_biogas_quality,BAC_G::Syntrophococcus,Bacteria,4,,,True,,False,False
warning_acid_base_balance,BAC_G::Syntrophomonas,Bacteria,4,-0.04696428571428575,0.027950078762663765,True,274.0,False,False
warning_buffer_capacity,BAC_G::Syntrophomonas,Bacteria,4,0.0,0.0,True,144.5,False,False
warning_acid_accumulation,BAC_G::Syntrophomonas,Bacteria,4,0.0,0.0,True,138.0,False,False
warning_ammonia_toxicity,BAC_G::Syntrophomonas,Bacteria,4,0.02354064916564918,0.014538756027853941,True,9.0,True,True
warning_biogas_quality,BAC_G::Syntrophomonas,Bacteria,4,,,True,,False,False
warning_acid_base_balance,BAC_G::Syntrophorhabdus,Bacteria,4,0.0,0.0,True,124.5,False,False
warning_buffer_capacity,BAC_G::Syntrophorhabdus,Bacteria,4,0.0,0.0,True,144.5,False,False
warning_acid_accumulation,BAC_G::Syntrophorhabdus,Bacteria,4,0.0,0.0,True,138.0,False,False
warning_ammonia_toxicity,BAC_G::Syntrophorhabdus,Bacteria,4,0.0,0.0,True,156.0,False,False
warning_biogas_quality,BAC_G::Syntrophorhabdus,Bacteria,4,,,True,,False,False
warning_acid_base_balance,BAC_G::Syntrophus,Bacteria,4,0.0,0.0,True,124.5,False,False
warning_buffer_capacity,BAC_G::Syntrophus,Bacteria,4,0.0,0.0,True,144.5,False,False
warning_acid_accumulation,BAC_G::Syntrophus,Bacteria,4,0.0,0.0,True,138.0,False,False
warning_ammonia_toxicity,BAC_G::Syntrophus,Bacteria,4,0.0,0.0,True,156.0,False,False
warning_biogas_quality,BAC_G::Syntrophus,Bacteria,4,,,True,,False,False
warning_acid_base_balance,BAC_G::TTA-B1,Bacteria,4,0.0,0.0,True,124.5,False,False
warning_buffer_capacity,BAC_G::TTA-B1,Bacteria,4,0.0,0.0,True,144.5,False,False
warning_acid_accumulation,BAC_G::TTA-B1,Bacteria,4,0.0,0.0,True,138.0,False,False
warning_ammonia_toxicity,BAC_G::TTA-B1,Bacteria,4,0.0,0.0,True,156.0,False,False
warning_biogas_quality,BAC_G::TTA-B1,Bacteria,4,,,True,,False,False
warning_acid_base_balance,BAC_G::Tepidimicrobium,Bacteria,4,0.0,0.0,True,124.5,False,False
warning_buffer_capacity,BAC_G::Tepidimicrobium,Bacteria,4,0.0,0.0,True,144.5,False,False
warning_acid_accumulation,BAC_G::Tepidimicrobium,Bacteria,4,0.0,0.0,True,138.0,False,False
warning_ammonia_toxicity,BAC_G::Tepidimicrobium,Bacteria,4,0.0,0.0,True,156.0,False,False
warning_biogas_quality,BAC_G::Tepidimicrobium,Bacteria,4,,,True,,False,False
warning_acid_base_balance,BAC_G::Terrimonas,Bacteria,4,0.0,0.0,True,124.5,False,False
warning_buffer_capacity,BAC_G::Terrimonas,Bacteria,4,0.0,0.0,True,144.5,False,False
warning_acid_accumulation,BAC_G::Terrimonas,Bacteria,4,0.0,0.0,True,138.0,False,False
warning_ammonia_toxicity,BAC_G::Terrimonas,Bacteria,4,0.0,0.0,True,156.0,False,False
warning_biogas_quality,BAC_G::Terrimonas,Bacteria,4,,,True,,False,False
warning_acid_base_balance,BAC_G::Tetrasphaera,Bacteria,4,0.0,0.0,True,124.5,False,False
warning_buffer_capacity,BAC_G::Tetrasphaera,Bacteria,4,0.0,0.0,True,144.5,False,False
warning_acid_accumulation,BAC_G::Tetrasphaera,Bacteria,4,0.0,0.0,True,138.0,False,False
warning_ammonia_toxicity,BAC_G::Tetrasphaera,Bacteria,4,0.0,0.0,True,156.0,False,False
warning_biogas_quality,BAC_G::Tetrasphaera,Bacteria,4,,,True,,False,False
warning_acid_base_balance,BAC_G::Thauera,Bacteria,4,0.0,0.0,True,124.5,False,False
warning_buffer_capacity,BAC_G::Thauera,Bacteria,4,0.0,0.0,True,144.5,False,False
warning_acid_accumulation,BAC_G::Thauera,Bacteria,4,0.0,0.0,True,138.0,False,False
warning_ammonia_toxicity,BAC_G::Thauera,Bacteria,4,0.0,0.0,True,156.0,False,False
warning_biogas_quality,BAC_G::Thauera,Bacteria,4,,,True,,False,False
warning_acid_base_balance,BAC_G::Thermoanaerobaculum,Bacteria,4,0.0,0.0,False,124.5,False,False
warning_buffer_capacity,BAC_G::Thermoanaerobaculum,Bacteria,4,0.0,0.0,False,144.5,False,False
warning_acid_accumulation,BAC_G::Thermoanaerobaculum,Bacteria,4,0.0,0.0,False,138.0,False,False
warning_ammonia_toxicity,BAC_G::Thermoanaerobaculum,Bacteria,4,0.0,0.0,False,156.0,False,False
warning_biogas_quality,BAC_G::Thermoanaerobaculum,Bacteria,4,,,False,,False,False
warning_acid_base_balance,BAC_G::Thermomonas,Bacteria,4,0.006464183964183923,0.01429780033199108,True,8.0,True,True
warning_buffer_capacity,BAC_G::Thermomonas,Bacteria,4,0.0,0.0,True,144.5,False,False
warning_acid_accumulation,BAC_G::Thermomonas,Bacteria,4,0.0,0.0,True,138.0,False,False
warning_ammonia_toxicity,BAC_G::Thermomonas,Bacteria,4,0.0,0.0,True,156.0,False,False
warning_biogas_quality,BAC_G::Thermomonas,Bacteria,4,,,True,,False,False
warning_acid_base_balance,BAC_G::Thermovirga,Bacteria,4,-0.013624847374847409,0.010729359231849821,True,256.0,False,False
warning_buffer_capacity,BAC_G::Thermovirga,Bacteria,4,0.0,0.0,True,144.5,False,False
warning_acid_accumulation,BAC_G::Thermovirga,Bacteria,4,0.0,0.0,True,138.0,False,False
warning_ammonia_toxicity,BAC_G::Thermovirga,Bacteria,4,0.0,0.0,True,156.0,False,False
warning_biogas_quality,BAC_G::Thermovirga,Bacteria,4,,,True,,False,False
warning_acid_base_balance,BAC_G::Thermus,Bacteria,4,0.0,0.0,True,124.5,False,False
warning_buffer_capacity,BAC_G::Thermus,Bacteria,4,0.0,0.0,True,144.5,False,False
warning_acid_accumulation,BAC_G::Thermus,Bacteria,4,0.0,0.0,True,138.0,False,False
warning_ammonia_toxicity,BAC_G::Thermus,Bacteria,4,0.0,0.0,True,156.0,False,False
warning_biogas_quality,BAC_G::Thermus,Bacteria,4,,,True,,False,False
warning_acid_base_balance,BAC_G::Tissierella,Bacteria,4,0.0,0.0,True,124.5,False,False
warning_buffer_capacity,BAC_G::Tissierella,Bacteria,4,0.0,0.0,True,144.5,False,False
warning_acid_accumulation,BAC_G::Tissierella,Bacteria,4,0.0,0.0,True,138.0,False,False
warning_ammonia_toxicity,BAC_G::Tissierella,Bacteria,4,0.0,0.0,True,156.0,False,False
warning_biogas_quality,BAC_G::Tissierella,Bacteria,4,,,True,,False,False
warning_acid_base_balance,BAC_G::Treponema,Bacteria,4,0.0,0.0,True,124.5,False,False
warning_buffer_capacity,BAC_G::Treponema,Bacteria,4,0.0,0.0,True,144.5,False,False
warning_acid_accumulation,BAC_G::Treponema,Bacteria,4,0.0,0.0,True,138.0,False,False
warning_ammonia_toxicity,BAC_G::Treponema,Bacteria,4,0.0,0.0,True,156.0,False,False
warning_biogas_quality,BAC_G::Treponema,Bacteria,4,,,True,,False,False
warning_acid_base_balance,BAC_G::Truepera,Bacteria,4,0.0,0.0,True,124.5,False,False
warning_buffer_capacity,BAC_G::Truepera,Bacteria,4,0.0,0.0,True,144.5,False,False
warning_acid_accumulation,BAC_G::Truepera,Bacteria,4,0.0,0.0,True,138.0,False,False
warning_ammonia_toxicity,BAC_G::Truepera,Bacteria,4,0.0,0.0,True,156.0,False,False
warning_biogas_quality,BAC_G::Truepera,Bacteria,4,,,True,,False,False
warning_acid_base_balance,BAC_G::UCG-010,Bacteria,4,-0.0077741702741703335,0.019935433536517496,True,249.0,False,False
warning_buffer_capacity,BAC_G::UCG-010,Bacteria,4,0.0,0.0,True,144.5,False,False
warning_acid_accumulation,BAC_G::UCG-010,Bacteria,4,0.0,0.0,True,138.0,False,False
warning_ammonia_toxicity,BAC_G::UCG-010,Bacteria,4,0.0,0.0,True,156.0,False,False
warning_biogas_quality,BAC_G::UCG-010,Bacteria,4,,,True,,False,False
warning_acid_base_balance,BAC_G::W27,Bacteria,4,-0.07208890374331557,0.019915363131704004,True,275.0,False,False
warning_buffer_capacity,BAC_G::W27,Bacteria,4,-0.004674235078646842,0.014262760043401311,True,262.0,False,False
warning_acid_accumulation,BAC_G::W27,Bacteria,4,0.0,0.0,True,138.0,False,False
warning_ammonia_toxicity,BAC_G::W27,Bacteria,4,0.048408805175446046,0.012308866788996056,True,3.0,True,True
warning_biogas_quality,BAC_G::W27,Bacteria,4,,,True,,False,False
warning_acid_base_balance,BAC_G::W5,Bacteria,4,0.0,0.0,True,124.5,False,False
warning_buffer_capacity,BAC_G::W5,Bacteria,4,0.0,0.0,True,144.5,False,False
warning_acid_accumulation,BAC_G::W5,Bacteria,4,0.0,0.0,True,138.0,False,False
warning_ammonia_toxicity,BAC_G::W5,Bacteria,4,0.0,0.0,True,156.0,False,False
warning_biogas_quality,BAC_G::W5,Bacteria,4,,,True,,False,False
warning_acid_base_balance,BAC_G::W5053,Bacteria,4,0.0,0.0,True,124.5,False,False
warning_buffer_capacity,BAC_G::W5053,Bacteria,4,0.0,0.0,True,144.5,False,False
warning_acid_accumulation,BAC_G::W5053,Bacteria,4,0.0,0.0,True,138.0,False,False
warning_ammonia_toxicity,BAC_G::W5053,Bacteria,4,0.0,0.0,True,156.0,False,False
warning_biogas_quality,BAC_G::W5053,Bacteria,4,,,True,,False,False
warning_acid_base_balance,BAC_G::WCHB1-02,Bacteria,4,0.0,0.0,True,124.5,False,False
warning_buffer_capacity,BAC_G::WCHB1-02,Bacteria,4,0.0,0.0,True,144.5,False,False
warning_acid_accumulation,BAC_G::WCHB1-02,Bacteria,4,0.0,0.0,True,138.0,False,False
warning_ammonia_toxicity,BAC_G::WCHB1-02,Bacteria,4,0.0,0.0,True,156.0,False,False
warning_biogas_quality,BAC_G::WCHB1-02,Bacteria,4,,,True,,False,False
warning_acid_base_balance,BAC_G::WCHB1-41,Bacteria,4,0.010809676434676388,0.015861039143336957,True,6.0,True,True
warning_buffer_capacity,BAC_G::WCHB1-41,Bacteria,4,0.0,0.0,True,144.5,False,False
warning_acid_accumulation,BAC_G::WCHB1-41,Bacteria,4,0.0,0.0,True,138.0,False,False
warning_ammonia_toxicity,BAC_G::WCHB1-41,Bacteria,4,0.005459401709401723,0.013138479822967534,True,25.0,False,False
warning_biogas_quality,BAC_G::WCHB1-41,Bacteria,4,,,True,,False,False
warning_acid_base_balance,BAC_G::WCHB1-81,Bacteria,4,0.0,0.0,True,124.5,False,False
warning_buffer_capacity,BAC_G::WCHB1-81,Bacteria,4,0.0,0.0,True,144.5,False,False
warning_acid_accumulation,BAC_G::WCHB1-81,Bacteria,4,0.0,0.0,True,138.0,False,False
warning_ammonia_toxicity,BAC_G::WCHB1-81,Bacteria,4,0.0,0.0,True,156.0,False,False
warning_biogas_quality,BAC_G::WCHB1-81,Bacteria,4,,,True,,False,False
warning_acid_base_balance,BAC_G::Zoogloea,Bacteria,4,0.0,0.0,True,124.5,False,False
warning_buffer_capacity,BAC_G::Zoogloea,Bacteria,4,0.0,0.0,True,144.5,False,False
warning_acid_accumulation,BAC_G::Zoogloea,Bacteria,4,0.0,0.0,True,138.0,False,False
warning_ammonia_toxicity,BAC_G::Zoogloea,Bacteria,4,0.0,0.0,True,156.0,False,False
warning_biogas_quality,BAC_G::Zoogloea,Bacteria,4,,,True,,False,False
warning_acid_base_balance,BAC_G::p-251-o5,Bacteria,4,0.0,0.0,True,124.5,False,False
warning_buffer_capacity,BAC_G::p-251-o5,Bacteria,4,0.0,0.0,True,144.5,False,False
warning_acid_accumulation,BAC_G::p-251-o5,Bacteria,4,0.0,0.0,True,138.0,False,False
warning_ammonia_toxicity,BAC_G::p-251-o5,Bacteria,4,0.0,0.0,True,156.0,False,False
warning_biogas_quality,BAC_G::p-251-o5,Bacteria,4,,,True,,False,False
warning_acid_base_balance,BAC_G::unidentified,Bacteria,4,0.0,0.0,True,124.5,False,False
warning_buffer_capacity,BAC_G::unidentified,Bacteria,4,0.0,0.0,True,144.5,False,False
warning_acid_accumulation,BAC_G::unidentified,Bacteria,4,0.0,0.0,True,138.0,False,False
warning_ammonia_toxicity,BAC_G::unidentified,Bacteria,4,0.007865956211544439,0.007691382960995334,True,20.0,False,True
warning_biogas_quality,BAC_G::unidentified,Bacteria,4,,,True,,False,False
warning_acid_base_balance,ARC_P::Aenigmarchaeota,Archaea,4,0.0,0.0,True,124.5,False,False
warning_buffer_capacity,ARC_P::Aenigmarchaeota,Archaea,4,0.0,0.0,True,144.5,False,False
warning_acid_accumulation,ARC_P::Aenigmarchaeota,Archaea,4,0.0,0.0,True,138.0,False,False
warning_ammonia_toxicity,ARC_P::Aenigmarchaeota,Archaea,4,0.0,0.0,True,156.0,False,False
warning_biogas_quality,ARC_P::Aenigmarchaeota,Archaea,4,,,True,,False,False
warning_acid_base_balance,ARC_P::Asgardarchaeota,Archaea,4,0.0,0.0,True,124.5,False,False
warning_buffer_capacity,ARC_P::Asgardarchaeota,Archaea,4,0.0,0.0,True,144.5,False,False
warning_acid_accumulation,ARC_P::Asgardarchaeota,Archaea,4,0.0,0.0,True,138.0,False,False
warning_ammonia_toxicity,ARC_P::Asgardarchaeota,Archaea,4,0.0,0.0,True,156.0,False,False
warning_biogas_quality,ARC_P::Asgardarchaeota,Archaea,4,,,True,,False,False
warning_acid_base_balance,ARC_P::Crenarchaeota,Archaea,4,0.0,0.0,True,124.5,False,False
warning_buffer_capacity,ARC_P::Crenarchaeota,Archaea,4,0.0,0.0,True,144.5,False,False
warning_acid_accumulation,ARC_P::Crenarchaeota,Archaea,4,0.0,0.0,True,138.0,False,False
warning_ammonia_toxicity,ARC_P::Crenarchaeota,Archaea,4,0.0,0.0,True,156.0,False,False
warning_biogas_quality,ARC_P::Crenarchaeota,Archaea,4,,,True,,False,False
warning_acid_base_balance,ARC_P::Cryptomycota,Archaea,4,0.0,0.0,True,124.5,False,False
warning_buffer_capacity,ARC_P::Cryptomycota,Archaea,4,0.0,0.0,True,144.5,False,False
warning_acid_accumulation,ARC_P::Cryptomycota,Archaea,4,0.0,0.0,True,138.0,False,False
warning_ammonia_toxicity,ARC_P::Cryptomycota,Archaea,4,0.0,0.0,True,156.0,False,False
warning_biogas_quality,ARC_P::Cryptomycota,Archaea,4,,,True,,False,False
warning_acid_base_balance,ARC_P::Euryarchaeota,Archaea,4,0.0,0.0,True,124.5,False,False
warning_buffer_capacity,ARC_P::Euryarchaeota,Archaea,4,0.0,0.0,True,144.5,False,False
warning_acid_accumulation,ARC_P::Euryarchaeota,Archaea,4,0.0,0.0,True,138.0,False,False
warning_ammonia_toxicity,ARC_P::Euryarchaeota,Archaea,4,0.00943732193732194,0.0064770721837472175,True,15.5,False,True
warning_biogas_quality,ARC_P::Euryarchaeota,Archaea,4,,,True,,False,False
warning_acid_base_balance,ARC_P::Hadarchaeota,Archaea,4,0.0,0.0,True,124.5,False,False
warning_buffer_capacity,ARC_P::Hadarchaeota,Archaea,4,0.0,0.0,True,144.5,False,False
warning_acid_accumulation,ARC_P::Hadarchaeota,Archaea,4,0.0,0.0,True,138.0,False,False
warning_ammonia_toxicity,ARC_P::Hadarchaeota,Archaea,4,0.0,0.0,True,156.0,False,False
warning_biogas_quality,ARC_P::Hadarchaeota,Archaea,4,,,True,,False,False
warning_acid_base_balance,ARC_P::Halobacterota,Archaea,4,0.001775793650793639,0.005274893449324378,True,17.0,False,True
warning_buffer_capacity,ARC_P::Halobacterota,Archaea,4,0.0,0.0,True,144.5,False,False
warning_acid_accumulation,ARC_P::Halobacterota,Archaea,4,0.0,0.0,True,138.0,False,False
warning_ammonia_toxicity,ARC_P::Halobacterota,Archaea,4,0.0,0.0,True,156.0,False,False
warning_biogas_quality,ARC_P::Halobacterota,Archaea,4,,,True,,False,False
warning_acid_base_balance,ARC_P::Holozoa,Archaea,4,0.0,0.0,True,124.5,False,False
warning_buffer_capacity,ARC_P::Holozoa,Archaea,4,0.0,0.0,True,144.5,False,False
warning_acid_accumulation,ARC_P::Holozoa,Archaea,4,0.0,0.0,True,138.0,False,False
warning_ammonia_toxicity,ARC_P::Holozoa,Archaea,4,0.0,0.0,True,156.0,False,False
warning_biogas_quality,ARC_P::Holozoa,Archaea,4,,,True,,False,False
warning_acid_base_balance,ARC_P::Iainarchaeota,Archaea,4,0.0,0.0,True,124.5,False,False
warning_buffer_capacity,ARC_P::Iainarchaeota,Archaea,4,0.0,0.0,True,144.5,False,False
warning_acid_accumulation,ARC_P::Iainarchaeota,Archaea,4,0.0,0.0,True,138.0,False,False
warning_ammonia_toxicity,ARC_P::Iainarchaeota,Archaea,4,0.0,0.0,True,156.0,False,False
warning_biogas_quality,ARC_P::Iainarchaeota,Archaea,4,,,True,,False,False
warning_acid_base_balance,ARC_P::Micrarchaeota,Archaea,4,0.0,0.0,True,124.5,False,False
warning_buffer_capacity,ARC_P::Micrarchaeota,Archaea,4,0.0005514705882352963,0.0013468659872519291,True,23.5,False,False
warning_acid_accumulation,ARC_P::Micrarchaeota,Archaea,4,0.0,0.0,True,138.0,False,False
warning_ammonia_toxicity,ARC_P::Micrarchaeota,Archaea,4,0.0,0.0,True,156.0,False,False
warning_biogas_quality,ARC_P::Micrarchaeota,Archaea,4,,,True,,False,False
warning_acid_base_balance,ARC_P::Mollusca,Archaea,4,0.0,0.0,True,124.5,False,False
warning_buffer_capacity,ARC_P::Mollusca,Archaea,4,0.0,0.0,True,144.5,False,False
warning_acid_accumulation,ARC_P::Mollusca,Archaea,4,0.0,0.0,True,138.0,False,False
warning_ammonia_toxicity,ARC_P::Mollusca,Archaea,4,0.0,0.0,True,156.0,False,False
warning_biogas_quality,ARC_P::Mollusca,Archaea,4,,,True,,False,False
warning_acid_base_balance,ARC_P::Nanoarchaeota,Archaea,4,0.0006249999999999977,0.0015264481188855081,True,21.5,False,False
warning_buffer_capacity,ARC_P::Nanoarchaeota,Archaea,4,0.0007352941176470617,0.0015087916942428793,True,20.0,False,True
warning_acid_accumulation,ARC_P::Nanoarchaeota,Archaea,4,0.0,0.0,True,138.0,False,False
warning_ammonia_toxicity,ARC_P::Nanoarchaeota,Archaea,4,0.0,0.0,True,156.0,False,False
warning_biogas_quality,ARC_P::Nanoarchaeota,Archaea,4,,,True,,False,False
warning_acid_base_balance,ARC_P::Thermoplasmatota,Archaea,4,0.0,0.0,True,124.5,False,False
warning_buffer_capacity,ARC_P::Thermoplasmatota,Archaea,4,0.028887721755368835,0.007437790720603893,True,5.0,True,True
warning_acid_accumulation,ARC_P::Thermoplasmatota,Archaea,4,0.0,0.0,True,138.0,False,False
warning_ammonia_toxicity,ARC_P::Thermoplasmatota,Archaea,4,0.0,0.0,True,156.0,False,False
warning_biogas_quality,ARC_P::Thermoplasmatota,Archaea,4,,,True,,False,False
warning_acid_base_balance,ARC_P::Vertebrata,Archaea,4,0.0,0.0,True,124.5,False,False
warning_buffer_capacity,ARC_P::Vertebrata,Archaea,4,0.0,0.0,True,144.5,False,False
warning_acid_accumulation,ARC_P::Vertebrata,Archaea,4,0.0,0.0,True,138.0,False,False
warning_ammonia_toxicity,ARC_P::Vertebrata,Archaea,4,0.0,0.0,True,156.0,False,False
warning_biogas_quality,ARC_P::Vertebrata,Archaea,4,,,True,,False,False
warning_acid_base_balance,ARC_P::unidentified,Archaea,4,-0.021764346764346812,0.011702379734779162,True,263.0,False,False
warning_buffer_capacity,ARC_P::unidentified,Archaea,4,0.00590686274509805,0.007145730134519888,True,13.0,False,True
warning_acid_accumulation,ARC_P::unidentified,Archaea,4,0.0,0.0,True,138.0,False,False
warning_ammonia_toxicity,ARC_P::unidentified,Archaea,4,0.0,0.0,True,156.0,False,False
warning_biogas_quality,ARC_P::unidentified,Archaea,4,,,True,,False,False
warning_acid_base_balance,ARC_G::Aenigmarchaeales,Archaea,4,0.0,0.0,True,124.5,False,False
warning_buffer_capacity,ARC_G::Aenigmarchaeales,Archaea,4,0.0,0.0,True,144.5,False,False
warning_acid_accumulation,ARC_G::Aenigmarchaeales,Archaea,4,0.0,0.0,True,138.0,False,False
warning_ammonia_toxicity,ARC_G::Aenigmarchaeales,Archaea,4,0.0,0.0,True,156.0,False,False
warning_biogas_quality,ARC_G::Aenigmarchaeales,Archaea,4,,,True,,False,False
warning_acid_base_balance,ARC_G::Bathyarchaeia,Archaea,4,0.0,0.0,True,124.5,False,False
warning_buffer_capacity,ARC_G::Bathyarchaeia,Archaea,4,-0.040390512265512254,0.03238435676183993,True,275.0,False,False
warning_acid_accumulation,ARC_G::Bathyarchaeia,Archaea,4,0.0,0.0,True,138.0,False,False
warning_ammonia_toxicity,ARC_G::Bathyarchaeia,Archaea,4,0.0003205128205128194,0.0014333769086537062,True,42.0,False,False
warning_biogas_quality,ARC_G::Bathyarchaeia,Archaea,4,,,True,,False,False
warning_acid_base_balance,ARC_G::Candidatus_Iainarchaeum,Archaea,4,0.0,0.0,True,124.5,False,False
warning_buffer_capacity,ARC_G::Candidatus_Iainarchaeum,Archaea,4,0.0,0.0,True,144.5,False,False
warning_acid_accumulation,ARC_G::Candidatus_Iainarchaeum,Archaea,4,0.0,0.0,True,138.0,False,False
warning_ammonia_toxicity,ARC_G::Candidatus_Iainarchaeum,Archaea,4,0.0,0.0,True,156.0,False,False
warning_biogas_quality,ARC_G::Candidatus_Iainarchaeum,Archaea,4,,,True,,False,False
warning_acid_base_balance,ARC_G::Candidatus_Methanofastidiosum,Archaea,4,0.0,0.0,True,124.5,False,False
warning_buffer_capacity,ARC_G::Candidatus_Methanofastidiosum,Archaea,4,0.0,0.0,True,144.5,False,False
warning_acid_accumulation,ARC_G::Candidatus_Methanofastidiosum,Archaea,4,0.0,0.0,True,138.0,False,False
warning_ammonia_toxicity,ARC_G::Candidatus_Methanofastidiosum,Archaea,4,0.00943732193732194,0.0064770721837472175,True,15.5,False,True
warning_biogas_quality,ARC_G::Candidatus_Methanofastidiosum,Archaea,4,,,True,,False,False
warning_acid_base_balance,ARC_G::Candidatus_Methanogranum,Archaea,4,0.0,0.0,True,124.5,False,False
warning_buffer_capacity,ARC_G::Candidatus_Methanogranum,Archaea,4,0.0,0.0,True,144.5,False,False
warning_acid_accumulation,ARC_G::Candidatus_Methanogranum,Archaea,4,0.0,0.0,True,138.0,False,False
warning_ammonia_toxicity,ARC_G::Candidatus_Methanogranum,Archaea,4,0.0006410256410256387,0.001973035292471443,True,39.0,False,False
warning_biogas_quality,ARC_G::Candidatus_Methanogranum,Archaea,4,,,True,,False,False
warning_acid_base_balance,ARC_G::Candidatus_Methanomethylicus,Archaea,4,0.0,0.0,True,124.5,False,False
warning_buffer_capacity,ARC_G::Candidatus_Methanomethylicus,Archaea,4,0.0,0.0,True,144.5,False,False
warning_acid_accumulation,ARC_G::Candidatus_Methanomethylicus,Archaea,4,0.0,0.0,True,138.0,False,False
warning_ammonia_toxicity,ARC_G::Candidatus_Methanomethylicus,Archaea,4,0.0,0.0,True,156.0,False,False
warning_biogas_quality,ARC_G::Candidatus_Methanomethylicus,Archaea,4,,,True,,False,False
warning_acid_base_balance,ARC_G::Candidatus_Methanomethylophilus,Archaea,4,0.0,0.0,True,124.5,False,False
warning_buffer_capacity,ARC_G::Candidatus_Methanomethylophilus,Archaea,4,0.0,0.0,True,144.5,False,False
warning_acid_accumulation,ARC_G::Candidatus_Methanomethylophilus,Archaea,4,0.0,0.0,True,138.0,False,False
warning_ammonia_toxicity,ARC_G::Candidatus_Methanomethylophilus,Archaea,4,0.0,0.0,True,156.0,False,False
warning_biogas_quality,ARC_G::Candidatus_Methanomethylophilus,Archaea,4,,,True,,False,False
warning_acid_base_balance,ARC_G::Candidatus_Methanoplasma,Archaea,4,-0.002916666666666681,0.008416977876245207,True,238.0,False,False
warning_buffer_capacity,ARC_G::Candidatus_Methanoplasma,Archaea,4,0.0,0.0,True,144.5,False,False
warning_acid_accumulation,ARC_G::Candidatus_Methanoplasma,Archaea,4,0.0,0.0,True,138.0,False,False
warning_ammonia_toxicity,ARC_G::Candidatus_Methanoplasma,Archaea,4,0.0,0.0,True,156.0,False,False
warning_biogas_quality,ARC_G::Candidatus_Methanoplasma,Archaea,4,,,True,,False,False
warning_acid_base_balance,ARC_G::Candidatus_Nitrocosmicus,Archaea,4,-0.12597222222222226,0.1762510397482684,True,276.0,False,False
warning_buffer_capacity,ARC_G::Candidatus_Nitrocosmicus,Archaea,4,0.0,0.0,True,144.5,False,False
warning_acid_accumulation,ARC_G::Candidatus_Nitrocosmicus,Archaea,4,0.0,0.0,True,138.0,False,False
warning_ammonia_toxicity,ARC_G::Candidatus_Nitrocosmicus,Archaea,4,-0.07108948921448918,0.07917546929394642,True,276.0,False,False
warning_biogas_quality,ARC_G::Candidatus_Nitrocosmicus,Archaea,4,,,True,,False,False
warning_acid_base_balance,ARC_G::Hadarchaeales,Archaea,4,0.0,0.0,True,124.5,False,False
warning_buffer_capacity,ARC_G::Hadarchaeales,Archaea,4,0.0,0.0,True,144.5,False,False
warning_acid_accumulation,ARC_G::Hadarchaeales,Archaea,4,0.0,0.0,True,138.0,False,False
warning_ammonia_toxicity,ARC_G::Hadarchaeales,Archaea,4,0.0,0.0,True,156.0,False,False
warning_biogas_quality,ARC_G::Hadarchaeales,Archaea,4,,,True,,False,False
warning_acid_base_balance,ARC_G::LKM11,Archaea,4,0.0,0.0,True,124.5,False,False
warning_buffer_capacity,ARC_G::LKM11,Archaea,4,0.0,0.0,True,144.5,False,False
warning_acid_accumulation,ARC_G::LKM11,Archaea,4,0.0,0.0,True,138.0,False,False
warning_ammonia_toxicity,ARC_G::LKM11,Archaea,4,0.0,0.0,True,156.0,False,False
warning_biogas_quality,ARC_G::LKM11,Archaea,4,,,True,,False,False
warning_acid_base_balance,ARC_G::Lokiarchaeia,Archaea,4,0.0,0.0,True,124.5,False,False
warning_buffer_capacity,ARC_G::Lokiarchaeia,Archaea,4,0.0,0.0,True,144.5,False,False
warning_acid_accumulation,ARC_G::Lokiarchaeia,Archaea,4,0.0,0.0,True,138.0,False,False
warning_ammonia_toxicity,ARC_G::Lokiarchaeia,Archaea,4,0.0,0.0,True,156.0,False,False
warning_biogas_quality,ARC_G::Lokiarchaeia,Archaea,4,,,True,,False,False
warning_acid_base_balance,ARC_G::Marine_Benthic_Group_D_and_DHVEG-1,Archaea,4,0.0,0.0,True,124.5,False,False
warning_buffer_capacity,ARC_G::Marine_Benthic_Group_D_and_DHVEG-1,Archaea,4,0.0,0.0,True,144.5,False,False
warning_acid_accumulation,ARC_G::Marine_Benthic_Group_D_and_DHVEG-1,Archaea,4,0.0,0.0,True,138.0,False,False
warning_ammonia_toxicity,ARC_G::Marine_Benthic_Group_D_and_DHVEG-1,Archaea,4,0.0,0.0,True,156.0,False,False
warning_biogas_quality,ARC_G::Marine_Benthic_Group_D_and_DHVEG-1,Archaea,4,,,True,,False,False
warning_acid_base_balance,ARC_G::Methanimicrococcus,Archaea,4,0.0,0.0,True,124.5,False,False
warning_buffer_capacity,ARC_G::Methanimicrococcus,Archaea,4,0.0,0.0,True,144.5,False,False
warning_acid_accumulation,ARC_G::Methanimicrococcus,Archaea,4,0.0,0.0,True,138.0,False,False
warning_ammonia_toxicity,ARC_G::Methanimicrococcus,Archaea,4,0.0,0.0,True,156.0,False,False
warning_biogas_quality,ARC_G::Methanimicrococcus,Archaea,4,,,True,,False,False
warning_acid_base_balance,ARC_G::Methanocorpusculum,Archaea,4,0.0,0.0,True,124.5,False,False
warning_buffer_capacity,ARC_G::Methanocorpusculum,Archaea,4,0.0,0.0,True,144.5,False,False
warning_acid_accumulation,ARC_G::Methanocorpusculum,Archaea,4,0.0,0.0,True,138.0,False,False
warning_ammonia_toxicity,ARC_G::Methanocorpusculum,Archaea,4,0.0,0.0,True,156.0,False,False
warning_biogas_quality,ARC_G::Methanocorpusculum,Archaea,4,,,True,,False,False
warning_acid_base_balance,ARC_G::Methanoculleus,Archaea,4,0.013247100122100074,0.008604895391858639,True,5.0,True,True
warning_buffer_capacity,ARC_G::Methanoculleus,Archaea,4,0.0,0.0,True,144.5,False,False
warning_acid_accumulation,ARC_G::Methanoculleus,Archaea,4,0.0,0.0,True,138.0,False,False
warning_ammonia_toxicity,ARC_G::Methanoculleus,Archaea,4,0.013699379324379316,0.006543284167448494,True,14.0,False,True
warning_biogas_quality,ARC_G::Methanoculleus,Archaea,4,,,True,,False,False
warning_acid_base_balance,ARC_G::Methanofollis,Archaea,4,0.0,0.0,True,124.5,False,False
warning_buffer_capacity,ARC_G::Methanofollis,Archaea,4,0.0,0.0,True,144.5,False,False
warning_acid_accumulation,ARC_G::Methanofollis,Archaea,4,0.0,0.0,True,138.0,False,False
warning_ammonia_toxicity,ARC_G::Methanofollis,Archaea,4,0.0,0.0,True,156.0,False,False
warning_biogas_quality,ARC_G::Methanofollis,Archaea,4,,,True,,False,False
warning_acid_base_balance,ARC_G::Methanogenium,Archaea,4,0.0,0.0,True,124.5,False,False
warning_buffer_capacity,ARC_G::Methanogenium,Archaea,4,0.0,0.0,True,144.5,False,False
warning_acid_accumulation,ARC_G::Methanogenium,Archaea,4,0.0,0.0,True,138.0,False,False
warning_ammonia_toxicity,ARC_G::Methanogenium,Archaea,4,0.006969696969696982,0.011330627230253437,True,22.0,False,False
warning_biogas_quality,ARC_G::Methanogenium,Archaea,4,,,True,,False,False
warning_acid_base_balance,ARC_G::Methanolacinia,Archaea,4,0.0,0.0,True,124.5,False,False
warning_buffer_capacity,ARC_G::Methanolacinia,Archaea,4,0.0,0.0,True,144.5,False,False
warning_acid_accumulation,ARC_G::Methanolacinia,Archaea,4,0.0,0.0,True,138.0,False,False
warning_ammonia_toxicity,ARC_G::Methanolacinia,Archaea,4,0.0,0.0,True,156.0,False,False
warning_biogas_quality,ARC_G::Methanolacinia,Archaea,4,,,True,,False,False
warning_acid_base_balance,ARC_G::Methanolinea,Archaea,4,-0.007539682539682546,0.009050842908611025,True,248.0,False,False
warning_buffer_capacity,ARC_G::Methanolinea,Archaea,4,0.0,0.0,True,144.5,False,False
warning_acid_accumulation,ARC_G::Methanolinea,Archaea,4,0.0,0.0,True,138.0,False,False
warning_ammonia_toxicity,ARC_G::Methanolinea,Archaea,4,0.0,0.0,True,156.0,False,False
warning_biogas_quality,ARC_G::Methanolinea,Archaea,4,,,True,,False,False
warning_acid_base_balance,ARC_G::Methanolobus,Archaea,4,0.0,0.0,True,124.5,False,False
warning_buffer_capacity,ARC_G::Methanolobus,Archaea,4,0.0,0.0,True,144.5,False,False
warning_acid_accumulation,ARC_G::Methanolobus,Archaea,4,0.0,0.0,True,138.0,False,False
warning_ammonia_toxicity,ARC_G::Methanolobus,Archaea,4,0.0,0.0,True,156.0,False,False
warning_biogas_quality,ARC_G::Methanolobus,Archaea,4,,,True,,False,False
warning_acid_base_balance,ARC_G::Methanomassiliicoccus,Archaea,4,-0.011336233211233254,0.010864632617586946,True,252.0,False,False
warning_buffer_capacity,ARC_G::Methanomassiliicoccus,Archaea,4,0.025275781365177663,0.017277519391686702,True,6.0,True,True
warning_acid_accumulation,ARC_G::Methanomassiliicoccus,Archaea,4,0.0,0.0,True,138.0,False,False
warning_ammonia_toxicity,ARC_G::Methanomassiliicoccus,Archaea,4,-0.016504930254930234,0.01255060945324777,True,273.0,False,False
warning_biogas_quality,ARC_G::Methanomassiliicoccus,Archaea,4,,,True,,False,False
warning_acid_base_balance,ARC_G::Methanomethylovorans,Archaea,4,0.0,0.0,True,124.5,False,False
warning_buffer_capacity,ARC_G::Methanomethylovorans,Archaea,4,0.004154411764705891,0.006208430323706619,True,15.0,False,True
warning_acid_accumulation,ARC_G::Methanomethylovorans,Archaea,4,0.0,0.0,True,138.0,False,False
warning_ammonia_toxicity,ARC_G::Methanomethylovorans,Archaea,4,0.0,0.0,True,156.0,False,False
warning_biogas_quality,ARC_G::Methanomethylovorans,Archaea,4,,,True,,False,False
warning_acid_base_balance,ARC_G::Methanoregula,Archaea,4,0.0,0.0,True,124.5,False,False
warning_buffer_capacity,ARC_G::Methanoregula,Archaea,4,0.0,0.0,True,144.5,False,False
warning_acid_accumulation,ARC_G::Methanoregula,Archaea,4,0.0,0.0,True,138.0,False,False
warning_ammonia_toxicity,ARC_G::Methanoregula,Archaea,4,0.0,0.0,True,156.0,False,False
warning_biogas_quality,ARC_G::Methanoregula,Archaea,4,,,True,,False,False
warning_acid_base_balance,ARC_G::Methanosaeta,Archaea,4,0.0016887973137972745,0.015139565082392633,True,18.0,False,True
warning_buffer_capacity,ARC_G::Methanosaeta,Archaea,4,0.03097030678300029,0.019530727167932443,True,3.0,True,True
warning_acid_accumulation,ARC_G::Methanosaeta,Archaea,4,0.0,0.0,True,138.0,False,False
warning_ammonia_toxicity,ARC_G::Methanosaeta,Archaea,4,0.006739672364672364,0.006680573521116956,True,23.0,False,False
warning_biogas_quality,ARC_G::Methanosaeta,Archaea,4,,,True,,False,False
warning_acid_base_balance,ARC_G::Methanosarcina,Archaea,4,-0.02023911273911279,0.02822004490424537,True,260.0,False,False
warning_buffer_capacity,ARC_G::Methanosarcina,Archaea,4,0.0,0.0,True,144.5,False,False
warning_acid_accumulation,ARC_G::Methanosarcina,Archaea,4,0.0,0.0,True,138.0,False,False
warning_ammonia_toxicity,ARC_G::Methanosarcina,Archaea,4,0.0,0.0,True,156.0,False,False
warning_biogas_quality,ARC_G::Methanosarcina,Archaea,4,,,True,,False,False
warning_acid_base_balance,ARC_G::Methanosphaerula,Archaea,4,0.0,0.0,True,124.5,False,False
warning_buffer_capacity,ARC_G::Methanosphaerula,Archaea,4,0.0,0.0,True,144.5,False,False
warning_acid_accumulation,ARC_G::Methanosphaerula,Archaea,4,0.0,0.0,True,138.0,False,False
warning_ammonia_toxicity,ARC_G::Methanosphaerula,Archaea,4,0.0018607549857549838,0.003472270281991662,True,33.0,False,False
warning_biogas_quality,ARC_G::Methanosphaerula,Archaea,4,,,True,,False,False
warning_acid_base_balance,ARC_G::Methanospirillum,Archaea,4,0.0,0.0,True,124.5,False,False
warning_buffer_capacity,ARC_G::Methanospirillum,Archaea,4,-0.026409179056237873,0.015255181924318266,True,272.0,False,False
warning_acid_accumulation,ARC_G::Methanospirillum,Archaea,4,0.0,0.0,True,138.0,False,False
warning_ammonia_toxicity,ARC_G::Methanospirillum,Archaea,4,0.0,0.0,True,156.0,False,False
warning_biogas_quality,ARC_G::Methanospirillum,Archaea,4,,,True,,False,False
warning_acid_base_balance,ARC_G::Micrarchaeales,Archaea,4,0.0,0.0,True,124.5,False,False
warning_buffer_capacity,ARC_G::Micrarchaeales,Archaea,4,0.0005514705882352963,0.0013468659872519291,True,23.5,False,False
warning_acid_accumulation,ARC_G::Micrarchaeales,Archaea,4,0.0,0.0,True,138.0,False,False
warning_ammonia_toxicity,ARC_G::Micrarchaeales,Archaea,4,0.0,0.0,True,156.0,False,False
warning_biogas_quality,ARC_G::Micrarchaeales,Archaea,4,,,True,,False,False
warning_acid_base_balance,ARC_G::Nitrososphaeraceae,Archaea,4,0.0,0.0,True,124.5,False,False
warning_buffer_capacity,ARC_G::Nitrososphaeraceae,Archaea,4,0.0,0.0,True,144.5,False,False
warning_acid_accumulation,ARC_G::Nitrososphaeraceae,Archaea,4,0.0,0.0,True,138.0,False,False
warning_ammonia_toxicity,ARC_G::Nitrososphaeraceae,Archaea,4,0.0,0.0,True,156.0,False,False
warning_biogas_quality,ARC_G::Nitrososphaeraceae,Archaea,4,,,True,,False,False
warning_acid_base_balance,ARC_G::Rhinosporideacae,Archaea,4,0.0,0.0,True,124.5,False,False
warning_buffer_capacity,ARC_G::Rhinosporideacae,Archaea,4,0.0,0.0,True,144.5,False,False
warning_acid_accumulation,ARC_G::Rhinosporideacae,Archaea,4,0.0,0.0,True,138.0,False,False
warning_ammonia_toxicity,ARC_G::Rhinosporideacae,Archaea,4,0.0,0.0,True,156.0,False,False
warning_biogas_quality,ARC_G::Rhinosporideacae,Archaea,4,,,True,,False,False
warning_acid_base_balance,ARC_G::RumEn_M2,Archaea,4,0.0002083333333333326,0.000931694990624909,True,24.0,False,False
warning_buffer_capacity,ARC_G::RumEn_M2,Archaea,4,0.0,0.0,True,144.5,False,False
warning_acid_accumulation,ARC_G::RumEn_M2,Archaea,4,0.0,0.0,True,138.0,False,False
warning_ammonia_toxicity,ARC_G::RumEn_M2,Archaea,4,0.0,0.0,True,156.0,False,False
warning_biogas_quality,ARC_G::RumEn_M2,Archaea,4,,,True,,False,False
warning_acid_base_balance,ARC_G::SCGC_AAA011-D5,Archaea,4,0.0006249999999999977,0.0015264481188855081,True,21.5,False,False
warning_buffer_capacity,ARC_G::SCGC_AAA011-D5,Archaea,4,0.0,0.0,True,144.5,False,False
warning_acid_accumulation,ARC_G::SCGC_AAA011-D5,Archaea,4,0.0,0.0,True,138.0,False,False
warning_ammonia_toxicity,ARC_G::SCGC_AAA011-D5,Archaea,4,0.0,0.0,True,156.0,False,False
warning_biogas_quality,ARC_G::SCGC_AAA011-D5,Archaea,4,,,True,,False,False
warning_acid_base_balance,ARC_G::Teleostei,Archaea,4,0.0,0.0,True,124.5,False,False
warning_buffer_capacity,ARC_G::Teleostei,Archaea,4,0.0,0.0,True,144.5,False,False
warning_acid_accumulation,ARC_G::Teleostei,Archaea,4,0.0,0.0,True,138.0,False,False
warning_ammonia_toxicity,ARC_G::Teleostei,Archaea,4,0.0,0.0,True,156.0,False,False
warning_biogas_quality,ARC_G::Teleostei,Archaea,4,,,True,,False,False
warning_acid_base_balance,ARC_G::Veneroida,Archaea,4,0.0,0.0,True,124.5,False,False
warning_buffer_capacity,ARC_G::Veneroida,Archaea,4,0.0,0.0,True,144.5,False,False
warning_acid_accumulation,ARC_G::Veneroida,Archaea,4,0.0,0.0,True,138.0,False,False
warning_ammonia_toxicity,ARC_G::Veneroida,Archaea,4,0.0,0.0,True,156.0,False,False
warning_biogas_quality,ARC_G::Veneroida,Archaea,4,,,True,,False,False
warning_acid_base_balance,ARC_G::Woesearchaeales,Archaea,4,0.0,0.0,True,124.5,False,False
warning_buffer_capacity,ARC_G::Woesearchaeales,Archaea,4,0.0,0.0,True,144.5,False,False
warning_acid_accumulation,ARC_G::Woesearchaeales,Archaea,4,0.0,0.0,True,138.0,False,False
warning_ammonia_toxicity,ARC_G::Woesearchaeales,Archaea,4,0.0,0.0,True,156.0,False,False
warning_biogas_quality,ARC_G::Woesearchaeales,Archaea,4,,,True,,False,False
warning_acid_base_balance,ARC_G::unidentified,Archaea,4,-0.021800976800976854,0.011281690838902993,True,264.0,False,False
warning_buffer_capacity,ARC_G::unidentified,Archaea,4,-0.011095938375350143,0.021655922685579095,True,266.0,False,False
warning_acid_accumulation,ARC_G::unidentified,Archaea,4,0.0,0.0,True,138.0,False,False
warning_ammonia_toxicity,ARC_G::unidentified,Archaea,4,0.0,0.0,True,156.0,False,False
warning_biogas_quality,ARC_G::unidentified,Archaea,4,,,True,,False,False
warning_acid_base_balance,Season,Metadata: operation/context,5,0.04087662337662339,0.01882307230426491,True,4.0,True,True
warning_buffer_capacity,Season,Metadata: operation/context,5,-0.0009090909090909094,0.0027981227784140577,True,233.5,False,False
warning_acid_accumulation,Season,Metadata: operation/context,5,,,True,,False,False
warning_ammonia_toxicity,Season,Metadata: operation/context,5,0.0,0.0,True,144.0,False,False
warning_biogas_quality,Season,Metadata: operation/context,5,0.0,0.0,True,139.0,False,False
warning_acid_base_balance,substrate_type,Metadata: substrate,5,0.0062500000000000056,0.011106541457982991,True,38.0,False,False
warning_buffer_capacity,substrate_type,Metadata: substrate,5,-0.005909090909090911,0.004448731681178119,True,258.5,False,False
warning_acid_accumulation,substrate_type,Metadata: substrate,5,,,True,,False,False
warning_ammonia_toxicity,substrate_type,Metadata: substrate,5,0.0,0.0,True,144.0,False,False
warning_biogas_quality,substrate_type,Metadata: substrate,5,0.0,0.0,True,139.0,False,False
warning_acid_base_balance,HRT_d,Metadata: operation/context,5,0.0012500000000000011,0.00559016994374948,True,70.5,False,False
warning_buffer_capacity,HRT_d,Metadata: operation/context,5,0.0,0.0,True,113.5,False,False
warning_acid_accumulation,HRT_d,Metadata: operation/context,5,,,True,,False,False
warning_ammonia_toxicity,HRT_d,Metadata: operation/context,5,0.0,0.0,True,144.0,False,False
warning_biogas_quality,HRT_d,Metadata: operation/context,5,0.0,0.0,True,139.0,False,False
warning_acid_base_balance,T_C,Metadata: operation/context,5,0.010000000000000009,0.012565617248750875,True,31.0,False,False
warning_buffer_capacity,T_C,Metadata: operation/context,5,-0.004545454545454547,0.0046635379640234285,True,255.5,False,False
warning_acid_accumulation,T_C,Metadata: operation/context,5,,,True,,False,False
warning_ammonia_toxicity,T_C,Metadata: operation/context,5,0.0,0.0,True,144.0,False,False
warning_biogas_quality,T_C,Metadata: operation/context,5,0.058333333333333334,0.08156008082159882,True,3.0,True,True
warning_acid_base_balance,Q_total_Tpy,Metadata: operation/context,5,0.0012500000000000011,0.00559016994374948,True,70.5,False,False
warning_buffer_capacity,Q_total_Tpy,Metadata: operation/context,5,-0.003712121212121213,0.005259562108396906,True,254.0,False,False
warning_acid_accumulation,Q_total_Tpy,Metadata: operation/context,5,,,True,,False,False
warning_ammonia_toxicity,Q_total_Tpy,Metadata: operation/context,5,0.0,0.0,True,144.0,False,False
warning_biogas_quality,Q_total_Tpy,Metadata: operation/context,5,0.0,0.0,True,139.0,False,False
warning_acid_base_balance,substrate_avg_pH,Metadata: substrate,5,0.0,0.0,True,175.0,False,False
warning_buffer_capacity,substrate_avg_pH,Metadata: substrate,5,0.0,0.0,True,113.5,False,False
warning_acid_accumulation,substrate_avg_pH,Metadata: substrate,5,,,True,,False,False
warning_ammonia_toxicity,substrate_avg_pH,Metadata: substrate,5,0.0,0.0,True,144.0,False,False
warning_biogas_quality,substrate_avg_pH,Metadata: substrate,5,0.0,0.0,True,139.0,False,False
warning_acid_base_balance,substrate_avg_ALK,Metadata: substrate,5,0.0037500000000000033,0.009158688713313089,True,50.5,False,False
warning_buffer_capacity,substrate_avg_ALK,Metadata: substrate,5,-0.0009090909090909094,0.0027981227784140577,True,233.5,False,False
warning_acid_accumulation,substrate_avg_ALK,Metadata: substrate,5,,,True,,False,False
warning_ammonia_toxicity,substrate_avg_ALK,Metadata: substrate,5,0.0,0.0,True,144.0,False,False
warning_biogas_quality,substrate_avg_ALK,Metadata: substrate,5,0.0,0.0,True,139.0,False,False
warning_acid_base_balance,substrate_avg_VS,Metadata: substrate,5,0.03747159090909091,0.014489256215548085,True,5.0,True,True
warning_buffer_capacity,substrate_avg_VS,Metadata: substrate,5,0.0,0.0,True,113.5,False,False
warning_acid_accumulation,substrate_avg_VS,Metadata: substrate,5,,,True,,False,False
warning_ammonia_toxicity,substrate_avg_VS,Metadata: substrate,5,-0.00036796536796537274,0.007494799002276201,True,271.0,False,False
warning_biogas_quality,substrate_avg_VS,Metadata: substrate,5,0.0,0.0,True,139.0,False,False
warning_acid_base_balance,substrate_avg_COD,Metadata: substrate,5,0.033916847041847074,0.014039499921803296,True,7.0,True,True
warning_buffer_capacity,substrate_avg_COD,Metadata: substrate,5,0.0,0.0,True,113.5,False,False
warning_acid_accumulation,substrate_avg_COD,Metadata: substrate,5,,,True,,False,False
warning_ammonia_toxicity,substrate_avg_COD,Metadata: substrate,5,0.000952380952380949,0.0042591770999995835,True,16.0,False,True
warning_biogas_quality,substrate_avg_COD,Metadata: substrate,5,0.0,0.0,True,139.0,False,False
warning_acid_base_balance,substrate_avg_sCOD,Metadata: substrate,5,0.02048701298701299,0.03148472825103243,True,15.0,False,True
warning_buffer_capacity,substrate_avg_sCOD,Metadata: substrate,5,0.0,0.0,True,113.5,False,False
warning_acid_accumulation,substrate_avg_sCOD,Metadata: substrate,5,,,True,,False,False
warning_ammonia_toxicity,substrate_avg_sCOD,Metadata: substrate,5,0.007619047619047592,0.009573803618095863,True,7.0,True,True
warning_biogas_quality,substrate_avg_sCOD,Metadata: substrate,5,0.0,0.0,True,139.0,False,False
warning_acid_base_balance,substrate_avg_TC,Metadata: substrate,5,0.0,0.0,True,175.0,False,False
warning_buffer_capacity,substrate_avg_TC,Metadata: substrate,5,0.0,0.0,True,113.5,False,False
warning_acid_accumulation,substrate_avg_TC,Metadata: substrate,5,,,True,,False,False
warning_ammonia_toxicity,substrate_avg_TC,Metadata: substrate,5,0.0,0.0,True,144.0,False,False
warning_biogas_quality,substrate_avg_TC,Metadata: substrate,5,0.0,0.0,True,139.0,False,False
warning_acid_base_balance,substrate_avg_Protein,Metadata: substrate,5,0.014821428571428591,0.017886254465887368,True,24.0,False,False
warning_buffer_capacity,substrate_avg_Protein,Metadata: substrate,5,-0.0013636363636363642,0.003330432259386576,True,240.0,False,False
warning_acid_accumulation,substrate_avg_Protein,Metadata: substrate,5,,,True,,False,False
warning_ammonia_toxicity,substrate_avg_Protein,Metadata: substrate,5,0.001904761904761898,0.005862733440486574,True,13.0,False,True
warning_biogas_quality,substrate_avg_Protein,Metadata: substrate,5,0.0,0.0,True,139.0,False,False
warning_acid_base_balance,substrate_avg_Lipid,Metadata: substrate,5,0.0037500000000000033,0.009158688713313089,True,50.5,False,False
warning_buffer_capacity,substrate_avg_Lipid,Metadata: substrate,5,0.0,0.0,True,113.5,False,False
warning_acid_accumulation,substrate_avg_Lipid,Metadata: substrate,5,,,True,,False,False
warning_ammonia_toxicity,substrate_avg_Lipid,Metadata: substrate,5,0.0,0.0,True,144.0,False,False
warning_biogas_quality,substrate_avg_Lipid,Metadata: substrate,5,0.0,0.0,True,139.0,False,False
warning_acid_base_balance,substrate_avg_TVFAs,Metadata: substrate,5,0.01125000000000001,0.012760444638351022,True,30.0,False,False
warning_buffer_capacity,substrate_avg_TVFAs,Metadata: substrate,5,0.0,0.0,True,113.5,False,False
warning_acid_accumulation,substrate_avg_TVFAs,Metadata: substrate,5,,,True,,False,False
warning_ammonia_toxicity,substrate_avg_TVFAs,Metadata: substrate,5,0.0,0.0,True,144.0,False,False
warning_biogas_quality,substrate_avg_TVFAs,Metadata: substrate,5,0.0,0.0,True,139.0,False,False
warning_acid_base_balance,substrate_avg_HAc,Metadata: substrate,5,0.02125000000000003,0.019126851966944657,True,13.0,False,True
warning_buffer_capacity,substrate_avg_HAc,Metadata: substrate,5,0.0,0.0,True,113.5,False,False
warning_acid_accumulation,substrate_avg_HAc,Metadata: substrate,5,,,True,,False,False
warning_ammonia_toxicity,substrate_avg_HAc,Metadata: substrate,5,0.0,0.0,True,144.0,False,False
warning_biogas_quality,substrate_avg_HAc,Metadata: substrate,5,0.0,0.0,True,139.0,False,False
warning_acid_base_balance,substrate_avg_HPro,Metadata: substrate,5,0.0,0.0,True,175.0,False,False
warning_buffer_capacity,substrate_avg_HPro,Metadata: substrate,5,0.0,0.0,True,113.5,False,False
warning_acid_accumulation,substrate_avg_HPro,Metadata: substrate,5,,,True,,False,False
warning_ammonia_toxicity,substrate_avg_HPro,Metadata: substrate,5,0.0,0.0,True,144.0,False,False
warning_biogas_quality,substrate_avg_HPro,Metadata: substrate,5,0.0,0.0,True,139.0,False,False
warning_acid_base_balance,BAC_P::Abditibacteriota,Bacteria,5,0.0,0.0,True,175.0,False,False
warning_buffer_capacity,BAC_P::Abditibacteriota,Bacteria,5,0.0,0.0,True,113.5,False,False
warning_acid_accumulation,BAC_P::Abditibacteriota,Bacteria,5,,,True,,False,False
warning_ammonia_toxicity,BAC_P::Abditibacteriota,Bacteria,5,0.0,0.0,True,144.0,False,False
warning_biogas_quality,BAC_P::Abditibacteriota,Bacteria,5,0.0,0.0,True,139.0,False,False
warning_acid_base_balance,BAC_P::Acetothermia,Bacteria,5,0.0,0.0,False,175.0,False,False
warning_buffer_capacity,BAC_P::Acetothermia,Bacteria,5,0.0,0.0,False,113.5,False,False
warning_acid_accumulation,BAC_P::Acetothermia,Bacteria,5,,,False,,False,False
warning_ammonia_toxicity,BAC_P::Acetothermia,Bacteria,5,0.0,0.0,False,144.0,False,False
warning_biogas_quality,BAC_P::Acetothermia,Bacteria,5,0.0,0.0,False,139.0,False,False
warning_acid_base_balance,BAC_P::Acidobacteriota,Bacteria,5,0.004642857142857148,0.01182239677565195,True,42.5,False,False
warning_buffer_capacity,BAC_P::Acidobacteriota,Bacteria,5,-0.029487734487734486,0.012772860295894622,True,273.5,False,False
warning_acid_accumulation,BAC_P::Acidobacteriota,Bacteria,5,,,True,,False,False
warning_ammonia_toxicity,BAC_P::Acidobacteriota,Bacteria,5,0.0,0.0,True,144.0,False,False
warning_biogas_quality,BAC_P::Acidobacteriota,Bacteria,5,0.0,0.0,True,139.0,False,False
warning_acid_base_balance,BAC_P::Actinobacteriota,Bacteria,5,0.01642857142857145,0.016403216786509314,True,21.0,False,False
warning_buffer_capacity,BAC_P::Actinobacteriota,Bacteria,5,-0.0013636363636363642,0.0033304322593865764,True,240.0,False,False
warning_acid_accumulation,BAC_P::Actinobacteriota,Bacteria,5,,,True,,False,False
warning_ammonia_toxicity,BAC_P::Actinobacteriota,Bacteria,5,0.0,0.0,True,144.0,False,False
warning_biogas_quality,BAC_P::Actinobacteriota,Bacteria,5,0.16333333333333333,0.10659537090988147,True,1.0,True,True
warning_acid_base_balance,BAC_P::Armatimonadota,Bacteria,5,0.0,0.0,True,175.0,False,False
warning_buffer_capacity,BAC_P::Armatimonadota,Bacteria,5,0.0,0.0,True,113.5,False,False
warning_acid_accumulation,BAC_P::Armatimonadota,Bacteria,5,,,True,,False,False
warning_ammonia_toxicity,BAC_P::Armatimonadota,Bacteria,5,0.0,0.0,True,144.0,False,False
warning_biogas_quality,BAC_P::Armatimonadota,Bacteria,5,0.0,0.0,True,139.0,False,False
warning_acid_base_balance,BAC_P::Bacteroidota,Bacteria,5,0.03007260101010103,0.02315740416520161,True,8.0,True,True
warning_buffer_capacity,BAC_P::Bacteroidota,Bacteria,5,0.0,0.0,True,113.5,False,False
warning_acid_accumulation,BAC_P::Bacteroidota,Bacteria,5,,,True,,False,False
warning_ammonia_toxicity,BAC_P::Bacteroidota,Bacteria,5,0.0,0.0,True,144.0,False,False
warning_biogas_quality,BAC_P::Bacteroidota,Bacteria,5,0.0,0.0,True,139.0,False,False
warning_acid_base_balance,BAC_P::Bdellovibrionota,Bacteria,5,0.0,0.0,True,175.0,False,False
warning_buffer_capacity,BAC_P::Bdellovibrionota,Bacteria,5,0.0,0.0,True,113.5,False,False
warning_acid_accumulation,BAC_P::Bdellovibrionota,Bacteria,5,,,True,,False,False
warning_ammonia_toxicity,BAC_P::Bdellovibrionota,Bacteria,5,0.0,0.0,True,144.0,False,False
warning_biogas_quality,BAC_P::Bdellovibrionota,Bacteria,5,0.0,0.0,True,139.0,False,False
warning_acid_base_balance,BAC_P::Caldatribacteriota,Bacteria,5,0.0037500000000000033,0.009158688713313089,True,50.5,False,False
warning_buffer_capacity,BAC_P::Caldatribacteriota,Bacteria,5,0.0,0.0,True,113.5,False,False
warning_acid_accumulation,BAC_P::Caldatribacteriota,Bacteria,5,,,True,,False,False
warning_ammonia_toxicity,BAC_P::Caldatribacteriota,Bacteria,5,0.0,0.0,True,144.0,False,False
warning_biogas_quality,BAC_P::Caldatribacteriota,Bacteria,5,0.0,0.0,True,139.0,False,False
warning_acid_base_balance,BAC_P::Caldisericota,Bacteria,5,0.0026190476190476155,0.014339220322173267,True,57.0,False,False
warning_buffer_capacity,BAC_P::Caldisericota,Bacteria,5,-0.009090909090909094,0.0,True,268.0,False,False
warning_acid_accumulation,BAC_P::Caldisericota,Bacteria,5,,,True,,False,False
warning_ammonia_toxicity,BAC_P::Caldisericota,Bacteria,5,0.0,0.0,True,144.0,False,False
warning_biogas_quality,BAC_P::Caldisericota,Bacteria,5,-0.025,0.11180339887498947,True,272.0,False,False
warning_acid_base_balance,BAC_P::Campilobacterota,Bacteria,5,0.0,0.0,True,175.0,False,False
warning_buffer_capacity,BAC_P::Campilobacterota,Bacteria,5,0.0,0.0,True,113.5,False,False
warning_acid_accumulation,BAC_P::Campilobacterota,Bacteria,5,,,True,,False,False
warning_ammonia_toxicity,BAC_P::Campilobacterota,Bacteria,5,0.0,0.0,True,144.0,False,False
warning_biogas_quality,BAC_P::Campilobacterota,Bacteria,5,0.0,0.0,True,139.0,False,False
warning_acid_base_balance,BAC_P::Chloroflexi,Bacteria,5,0.0,0.0,True,175.0,False,False
warning_buffer_capacity,BAC_P::Chloroflexi,Bacteria,5,-0.016814574314574313,0.015020390030721606,True,272.0,False,False
warning_acid_accumulation,BAC_P::Chloroflexi,Bacteria,5,,,True,,False,False
warning_ammonia_toxicity,BAC_P::Chloroflexi,Bacteria,5,0.0,0.0,True,144.0,False,False
warning_biogas_quality,BAC_P::Chloroflexi,Bacteria,5,0.0,0.0,True,139.0,False,False
warning_acid_base_balance,BAC_P::Cloacimonadota,Bacteria,5,0.0025000000000000022,0.007694837640638663,True,60.0,False,False
warning_buffer_capacity,BAC_P::Cloacimonadota,Bacteria,5,-0.006363636363636366,0.004274203145287522,True,260.0,False,False
warning_acid_accumulation,BAC_P::Cloacimonadota,Bacteria,5,,,True,,False,False
warning_ammonia_toxicity,BAC_P::Cloacimonadota,Bacteria,5,0.0,0.0,True,144.0,False,False
warning_biogas_quality,BAC_P::Cloacimonadota,Bacteria,5,0.008333333333333335,0.0372677996249965,True,7.0,True,True
warning_acid_base_balance,BAC_P::Coprothermobacterota,Bacteria,5,0.002812500000000001,0.012577882373436322,True,56.0,False,False
warning_buffer_capacity,BAC_P::Coprothermobacterota,Bacteria,5,0.0,0.0,True,113.5,False,False
warning_acid_accumulation,BAC_P::Coprothermobacterota,Bacteria,5,,,True,,False,False
warning_ammonia_toxicity,BAC_P::Coprothermobacterota,Bacteria,5,0.0,0.0,True,144.0,False,False
warning_biogas_quality,BAC_P::Coprothermobacterota,Bacteria,5,0.0,0.0,True,139.0,False,False
warning_acid_base_balance,BAC_P::Cyanobacteria,Bacteria,5,0.0,0.0,True,175.0,False,False
warning_buffer_capacity,BAC_P::Cyanobacteria,Bacteria,5,0.0,0.0,True,113.5,False,False
warning_acid_accumulation,BAC_P::Cyanobacteria,Bacteria,5,,,True,,False,False
warning_ammonia_toxicity,BAC_P::Cyanobacteria,Bacteria,5,0.0,0.0,True,144.0,False,False
warning_biogas_quality,BAC_P::Cyanobacteria,Bacteria,5,0.0,0.0,True,139.0,False,False
warning_acid_base_balance,BAC_P::Deinococcota,Bacteria,5,0.0,0.0,True,175.0,False,False
warning_buffer_capacity,BAC_P::Deinococcota,Bacteria,5,0.0,0.0,True,113.5,False,False
warning_acid_accumulation,BAC_P::Deinococcota,Bacteria,5,,,True,,False,False
warning_ammonia_toxicity,BAC_P::Deinococcota,Bacteria,5,0.0,0.0,True,144.0,False,False
warning_biogas_quality,BAC_P::Deinococcota,Bacteria,5,0.0,0.0,True,139.0,False,False
warning_acid_base_balance,BAC_P::Dependentiae,Bacteria,5,0.0,0.0,True,175.0,False,False
warning_buffer_capacity,BAC_P::Dependentiae,Bacteria,5,0.0,0.0,True,113.5,False,False
warning_acid_accumulation,BAC_P::Dependentiae,Bacteria,5,,,True,,False,False
warning_ammonia_toxicity,BAC_P::Dependentiae,Bacteria,5,0.0,0.0,True,144.0,False,False
warning_biogas_quality,BAC_P::Dependentiae,Bacteria,5,0.0,0.0,True,139.0,False,False
warning_acid_base_balance,BAC_P::Desulfobacterota,Bacteria,5,0.014285714285714301,0.015545919645214557,True,25.5,False,False
warning_buffer_capacity,BAC_P::Desulfobacterota,Bacteria,5,-0.0005303030303030302,0.003379948091831434,True,230.0,False,False
warning_acid_accumulation,BAC_P::Desulfobacterota,Bacteria,5,,,True,,False,False
warning_ammonia_toxicity,BAC_P::Desulfobacterota,Bacteria,5,0.0,0.0,True,144.0,False,False
warning_biogas_quality,BAC_P::Desulfobacterota,Bacteria,5,0.0,0.0,True,139.0,False,False
warning_acid_base_balance,BAC_P::Elusimicrobiota,Bacteria,5,0.0,0.0,True,175.0,False,False
warning_buffer_capacity,BAC_P::Elusimicrobiota,Bacteria,5,0.0,0.0,True,113.5,False,False
warning_acid_accumulation,BAC_P::Elusimicrobiota,Bacteria,5,,,True,,False,False
warning_ammonia_toxicity,BAC_P::Elusimicrobiota,Bacteria,5,0.0,0.0,True,144.0,False,False
warning_biogas_quality,BAC_P::Elusimicrobiota,Bacteria,5,0.0,0.0,True,139.0,False,False
warning_acid_base_balance,BAC_P::Fermentibacterota,Bacteria,5,0.0,0.0,True,175.0,False,False
warning_buffer_capacity,BAC_P::Fermentibacterota,Bacteria,5,0.0,0.0,True,113.5,False,False
warning_acid_accumulation,BAC_P::Fermentibacterota,Bacteria,5,,,True,,False,False
warning_ammonia_toxicity,BAC_P::Fermentibacterota,Bacteria,5,0.0,0.0,True,144.0,False,False
warning_biogas_quality,BAC_P::Fermentibacterota,Bacteria,5,0.0,0.0,True,139.0,False,False
warning_acid_base_balance,BAC_P::Fibrobacterota,Bacteria,5,0.0,0.0,True,175.0,False,False
warning_buffer_capacity,BAC_P::Fibrobacterota,Bacteria,5,0.0,0.0,True,113.5,False,False
warning_acid_accumulation,BAC_P::Fibrobacterota,Bacteria,5,,,True,,False,False
warning_ammonia_toxicity,BAC_P::Fibrobacterota,Bacteria,5,0.0,0.0,True,144.0,False,False
warning_biogas_quality,BAC_P::Fibrobacterota,Bacteria,5,0.0,0.0,True,139.0,False,False
warning_acid_base_balance,BAC_P::Firmicutes,Bacteria,5,0.014285714285714301,0.015545919645214555,True,25.5,False,False
warning_buffer_capacity,BAC_P::Firmicutes,Bacteria,5,0.0,0.0,True,113.5,False,False
warning_acid_accumulation,BAC_P::Firmicutes,Bacteria,5,,,True,,False,False
warning_ammonia_toxicity,BAC_P::Firmicutes,Bacteria,5,0.0,0.0,True,144.0,False,False
warning_biogas_quality,BAC_P::Firmicutes,Bacteria,5,0.0,0.0,True,139.0,False,False
warning_acid_base_balance,BAC_P::Fusobacteriota,Bacteria,5,0.0,0.0,True,175.0,False,False
warning_buffer_capacity,BAC_P::Fusobacteriota,Bacteria,5,0.0,0.0,True,113.5,False,False
warning_acid_accumulation,BAC_P::Fusobacteriota,Bacteria,5,,,True,,False,False
warning_ammonia_toxicity,BAC_P::Fusobacteriota,Bacteria,5,0.0,0.0,True,144.0,False,False
warning_biogas_quality,BAC_P::Fusobacteriota,Bacteria,5,0.0,0.0,True,139.0,False,False
warning_acid_base_balance,BAC_P::Halanaerobiaeota,Bacteria,5,0.0,0.0,False,175.0,False,False
warning_buffer_capacity,BAC_P::Halanaerobiaeota,Bacteria,5,0.0,0.0,False,113.5,False,False
warning_acid_accumulation,BAC_P::Halanaerobiaeota,Bacteria,5,,,False,,False,False
warning_ammonia_toxicity,BAC_P::Halanaerobiaeota,Bacteria,5,0.0,0.0,False,144.0,False,False
warning_biogas_quality,BAC_P::Halanaerobiaeota,Bacteria,5,0.0,0.0,False,139.0,False,False
warning_acid_base_balance,BAC_P::Marinimicrobia_(SAR406_clade),Bacteria,5,0.0,0.0,True,175.0,False,False
warning_buffer_capacity,BAC_P::Marinimicrobia_(SAR406_clade),Bacteria,5,0.0,0.0,True,113.5,False,False
warning_acid_accumulation,BAC_P::Marinimicrobia_(SAR406_clade),Bacteria,5,,,True,,False,False
warning_ammonia_toxicity,BAC_P::Marinimicrobia_(SAR406_clade),Bacteria,5,0.0,0.0,True,144.0,False,False
warning_biogas_quality,BAC_P::Marinimicrobia_(SAR406_clade),Bacteria,5,0.0,0.0,True,139.0,False,False
warning_acid_base_balance,BAC_P::Patescibacteria,Bacteria,5,0.01836940836940838,0.014699939903836638,True,17.0,False,True
warning_buffer_capacity,BAC_P::Patescibacteria,Bacteria,5,0.0,0.0,True,113.5,False,False
warning_acid_accumulation,BAC_P::Patescibacteria,Bacteria,5,,,True,,False,False
warning_ammonia_toxicity,BAC_P::Patescibacteria,Bacteria,5,-0.010170995670995664,0.013160783785943968,True,275.0,False,False
warning_biogas_quality,BAC_P::Patescibacteria,Bacteria,5,-0.0125,0.12760444638351012,True,270.5,False,False
warning_acid_base_balance,BAC_P::Planctomycetota,Bacteria,5,0.0025000000000000022,0.007694837640638662,True,60.0,False,False
warning_buffer_capacity,BAC_P::Planctomycetota,Bacteria,5,0.0,0.0,True,113.5,False,False
warning_acid_accumulation,BAC_P::Planctomycetota,Bacteria,5,,,True,,False,False
warning_ammonia_toxicity,BAC_P::Planctomycetota,Bacteria,5,0.0,0.0,True,144.0,False,False
warning_biogas_quality,BAC_P::Planctomycetota,Bacteria,5,0.0,0.0,True,139.0,False,False
warning_acid_base_balance,BAC_P::Proteobacteria,Bacteria,5,0.0,0.0,True,175.0,False,False
warning_buffer_capacity,BAC_P::Proteobacteria,Bacteria,5,-0.004545454545454547,0.004663537964023429,True,255.5,False,False
warning_acid_accumulation,BAC_P::Proteobacteria,Bacteria,5,,,True,,False,False
warning_ammonia_toxicity,BAC_P::Proteobacteria,Bacteria,5,0.0,0.0,True,144.0,False,False
warning_biogas_quality,BAC_P::Proteobacteria,Bacteria,5,0.0,0.0,True,139.0,False,False
warning_acid_base_balance,BAC_P::Spirochaetota,Bacteria,5,0.0,0.0,True,175.0,False,False
warning_buffer_capacity,BAC_P::Spirochaetota,Bacteria,5,0.033036341677646026,0.026671647253599995,True,1.0,True,True
warning_acid_accumulation,BAC_P::Spirochaetota,Bacteria,5,,,True,,False,False
warning_ammonia_toxicity,BAC_P::Spirochaetota,Bacteria,5,0.0,0.0,True,144.0,False,False
warning_biogas_quality,BAC_P::Spirochaetota,Bacteria,5,0.019166666666666672,0.2031387478478515,True,5.0,True,True
warning_acid_base_balance,BAC_P::Synergistota,Bacteria,5,0.0,0.0,True,175.0,False,False
warning_buffer_capacity,BAC_P::Synergistota,Bacteria,5,0.0,0.0,True,113.5,False,False
warning_acid_accumulation,BAC_P::Synergistota,Bacteria,5,,,True,,False,False
warning_ammonia_toxicity,BAC_P::Synergistota,Bacteria,5,0.0,0.0,True,144.0,False,False
warning_biogas_quality,BAC_P::Synergistota,Bacteria,5,0.0,0.0,True,139.0,False,False
warning_acid_base_balance,BAC_P::Thermotogota,Bacteria,5,0.0,0.0,True,175.0,False,False
warning_buffer_capacity,BAC_P::Thermotogota,Bacteria,5,0.0,0.0,True,113.5,False,False
warning_acid_accumulation,BAC_P::Thermotogota,Bacteria,5,,,True,,False,False
warning_ammonia_toxicity,BAC_P::Thermotogota,Bacteria,5,0.0,0.0,True,144.0,False,False
warning_biogas_quality,BAC_P::Thermotogota,Bacteria,5,0.0,0.0,True,139.0,False,False
warning_acid_base_balance,BAC_P::Verrucomicrobiota,Bacteria,5,0.015535714285714302,0.015340522567796113,True,22.0,False,False
warning_buffer_capacity,BAC_P::Verrucomicrobiota,Bacteria,5,-0.0027272727272727284,0.004274203145287522,True,251.0,False,False
warning_acid_accumulation,BAC_P::Verrucomicrobiota,Bacteria,5,,,True,,False,False
warning_ammonia_toxicity,BAC_P::Verrucomicrobiota,Bacteria,5,0.0,0.0,True,144.0,False,False
warning_biogas_quality,BAC_P::Verrucomicrobiota,Bacteria,5,0.0,0.0,True,139.0,False,False
warning_acid_base_balance,BAC_P::WS1,Bacteria,5,0.009715909090909075,0.01682058611418996,True,32.0,False,False
warning_buffer_capacity,BAC_P::WS1,Bacteria,5,0.0,0.0,True,113.5,False,False
warning_acid_accumulation,BAC_P::WS1,Bacteria,5,,,True,,False,False
warning_ammonia_toxicity,BAC_P::WS1,Bacteria,5,-0.04065259740259737,0.02304805704830293,True,276.0,False,False
warning_biogas_quality,BAC_P::WS1,Bacteria,5,0.0,0.0,True,139.0,False,False
warning_acid_base_balance,BAC_P::unidentified,Bacteria,5,0.0,0.0,True,175.0,False,False
warning_buffer_capacity,BAC_P::unidentified,Bacteria,5,-0.0004545454545454547,0.0020327890704543547,True,225.5,False,False
warning_acid_accumulation,BAC_P::unidentified,Bacteria,5,,,True,,False,False
warning_ammonia_toxicity,BAC_P::unidentified,Bacteria,5,0.0,0.0,True,144.0,False,False
warning_biogas_quality,BAC_P::unidentified,Bacteria,5,0.0,0.0,True,139.0,False,False
warning_acid_base_balance,BAC_G::009E01-B-SD-P15,Bacteria,5,0.0,0.0,True,175.0,False,False
warning_buffer_capacity,BAC_G::009E01-B-SD-P15,Bacteria,5,-0.007272727272727275,0.0037308303712187433,True,262.0,False,False
warning_acid_accumulation,BAC_G::009E01-B-SD-P15,Bacteria,5,,,True,,False,False
warning_ammonia_toxicity,BAC_G::009E01-B-SD-P15,Bacteria,5,0.0,0.0,True,144.0,False,False
warning_biogas_quality,BAC_G::009E01-B-SD-P15,Bacteria,5,0.0,0.0,True,139.0,False,False
warning_acid_base_balance,BAC_G::113B434,Bacteria,5,0.0,0.0,True,175.0,False,False
warning_buffer_capacity,BAC_G::113B434,Bacteria,5,0.0,0.0,True,113.5,False,False
warning_acid_accumulation,BAC_G::113B434,Bacteria,5,,,True,,False,False
warning_ammonia_toxicity,BAC_G::113B434,Bacteria,5,0.0,0.0,True,144.0,False,False
warning_biogas_quality,BAC_G::113B434,Bacteria,5,0.0,0.0,True,139.0,False,False
warning_acid_base_balance,BAC_G::AAP99,Bacteria,5,0.0,0.0,True,175.0,False,False
warning_buffer_capacity,BAC_G::AAP99,Bacteria,5,0.0,0.0,True,113.5,False,False
warning_acid_accumulation,BAC_G::AAP99,Bacteria,5,,,True,,False,False
warning_ammonia_toxicity,BAC_G::AAP99,Bacteria,5,0.0,0.0,True,144.0,False,False
warning_biogas_quality,BAC_G::AAP99,Bacteria,5,0.0,0.0,True,139.0,False,False
warning_acid_base_balance,BAC_G::ADurb.Bin063-1,Bacteria,5,0.0012500000000000011,0.0055901699437494795,True,70.5,False,False
warning_buffer_capacity,BAC_G::ADurb.Bin063-1,Bacteria,5,-0.010303030303030303,0.004721898825305788,True,269.0,False,False
warning_acid_accumulation,BAC_G::ADurb.Bin063-1,Bacteria,5,,,True,,False,False
warning_ammonia_toxicity,BAC_G::ADurb.Bin063-1,Bacteria,5,0.0,0.0,True,144.0,False,False
warning_biogas_quality,BAC_G::ADurb.Bin063-1,Bacteria,5,0.0,0.0,True,139.0,False,False
warning_acid_base_balance,BAC_G::ADurb.Bin120,Bacteria,5,0.0,0.0,True,175.0,False,False
warning_buffer_capacity,BAC_G::ADurb.Bin120,Bacteria,5,0.0,0.0,True,113.5,False,False
warning_acid_accumulation,BAC_G::ADurb.Bin120,Bacteria,5,,,True,,False,False
warning_ammonia_toxicity,BAC_G::ADurb.Bin120,Bacteria,5,0.0,0.0,True,144.0,False,False
warning_biogas_quality,BAC_G::ADurb.Bin120,Bacteria,5,0.0,0.0,True,139.0,False,False
warning_acid_base_balance,BAC_G::AKYH767,Bacteria,5,0.0,0.0,True,175.0,False,False
warning_buffer_capacity,BAC_G::AKYH767,Bacteria,5,0.0,0.0,True,113.5,False,False
warning_acid_accumulation,BAC_G::AKYH767,Bacteria,5,,,True,,False,False
warning_ammonia_toxicity,BAC_G::AKYH767,Bacteria,5,0.0,0.0,True,144.0,False,False
warning_biogas_quality,BAC_G::AKYH767,Bacteria,5,0.0,0.0,True,139.0,False,False
warning_acid_base_balance,BAC_G::AUTHM297,Bacteria,5,0.0,0.0,True,175.0,False,False
warning_buffer_capacity,BAC_G::AUTHM297,Bacteria,5,0.0,0.0,True,113.5,False,False
warning_acid_accumulation,BAC_G::AUTHM297,Bacteria,5,,,True,,False,False
warning_ammonia_toxicity,BAC_G::AUTHM297,Bacteria,5,0.0,0.0,True,144.0,False,False
warning_biogas_quality,BAC_G::AUTHM297,Bacteria,5,0.0,0.0,True,139.0,False,False
warning_acid_base_balance,BAC_G::Acetobacter,Bacteria,5,0.0,0.0,True,175.0,False,False
warning_buffer_capacity,BAC_G::Acetobacter,Bacteria,5,0.0,0.0,True,113.5,False,False
warning_acid_accumulation,BAC_G::Acetobacter,Bacteria,5,,,True,,False,False
warning_ammonia_toxicity,BAC_G::Acetobacter,Bacteria,5,0.0,0.0,True,144.0,False,False
warning_biogas_quality,BAC_G::Acetobacter,Bacteria,5,0.0,0.0,True,139.0,False,False
warning_acid_base_balance,BAC_G::Acetomicrobium,Bacteria,5,0.01151424963924964,0.020855116170199365,True,29.0,False,False
warning_buffer_capacity,BAC_G::Acetomicrobium,Bacteria,5,0.0,0.0,True,113.5,False,False
warning_acid_accumulation,BAC_G::Acetomicrobium,Bacteria,5,,,True,,False,False
warning_ammonia_toxicity,BAC_G::Acetomicrobium,Bacteria,5,0.0,0.0,True,144.0,False,False
warning_biogas_quality,BAC_G::Acetomicrobium,Bacteria,5,0.0,0.0,True,139.0,False,False
warning_acid_base_balance,BAC_G::Acetothermiia,Bacteria,5,0.0,0.0,False,175.0,False,False
warning_buffer_capacity,BAC_G::Acetothermiia,Bacteria,5,0.0,0.0,False,113.5,False,False
warning_acid_accumulation,BAC_G::Acetothermiia,Bacteria,5,,,False,,False,False
warning_ammonia_toxicity,BAC_G::Acetothermiia,Bacteria,5,0.0,0.0,False,144.0,False,False
warning_biogas_quality,BAC_G::Acetothermiia,Bacteria,5,0.0,0.0,False,139.0,False,False
warning_acid_base_balance,BAC_G::Acholeplasma,Bacteria,5,0.0025000000000000022,0.007694837640638663,True,60.0,False,False
warning_buffer_capacity,BAC_G::Acholeplasma,Bacteria,5,0.0,0.0,True,113.5,False,False
warning_acid_accumulation,BAC_G::Acholeplasma,Bacteria,5,,,True,,False,False
warning_ammonia_toxicity,BAC_G::Acholeplasma,Bacteria,5,-0.0009587079587079661,0.012128089106942368,True,272.0,False,False
warning_biogas_quality,BAC_G::Acholeplasma,Bacteria,5,-0.01,0.13337718577107002,True,269.0,False,False
warning_acid_base_balance,BAC_G::Acidovorax,Bacteria,5,0.0,0.0,True,175.0,False,False
warning_buffer_capacity,BAC_G::Acidovorax,Bacteria,5,0.0,0.0,True,113.5,False,False
warning_acid_accumulation,BAC_G::Acidovorax,Bacteria,5,,,True,,False,False
warning_ammonia_toxicity,BAC_G::Acidovorax,Bacteria,5,0.0,0.0,True,144.0,False,False
warning_biogas_quality,BAC_G::Acidovorax,Bacteria,5,0.0,0.0,True,139.0,False,False
warning_acid_base_balance,BAC_G::Acinetobacter,Bacteria,5,0.0,0.0,True,175.0,False,False
warning_buffer_capacity,BAC_G::Acinetobacter,Bacteria,5,0.0,0.0,True,113.5,False,False
warning_acid_accumulation,BAC_G::Acinetobacter,Bacteria,5,,,True,,False,False
warning_ammonia_toxicity,BAC_G::Acinetobacter,Bacteria,5,0.0,0.0,True,144.0,False,False
warning_biogas_quality,BAC_G::Acinetobacter,Bacteria,5,0.0,0.0,True,139.0,False,False
warning_acid_base_balance,BAC_G::Actinomyces,Bacteria,5,0.0,0.0,True,175.0,False,False
warning_buffer_capacity,BAC_G::Actinomyces,Bacteria,5,0.0,0.0,True,113.5,False,False
warning_acid_accumulation,BAC_G::Actinomyces,Bacteria,5,,,True,,False,False
warning_ammonia_toxicity,BAC_G::Actinomyces,Bacteria,5,0.0,0.0,True,144.0,False,False
warning_biogas_quality,BAC_G::Actinomyces,Bacteria,5,0.0,0.0,True,139.0,False,False
warning_acid_base_balance,BAC_G::Aeriscardovia,Bacteria,5,0.0,0.0,True,175.0,False,False
warning_buffer_capacity,BAC_G::Aeriscardovia,Bacteria,5,0.0,0.0,True,113.5,False,False
warning_acid_accumulation,BAC_G::Aeriscardovia,Bacteria,5,,,True,,False,False
warning_ammonia_toxicity,BAC_G::Aeriscardovia,Bacteria,5,0.0,0.0,True,144.0,False,False
warning_biogas_quality,BAC_G::Aeriscardovia,Bacteria,5,0.0,0.0,True,139.0,False,False
warning_acid_base_balance,BAC_G::Alkaliphilus,Bacteria,5,0.036785714285714345,0.01371510805805187,True,6.0,True,True
warning_buffer_capacity,BAC_G::Alkaliphilus,Bacteria,5,0.0,0.0,True,113.5,False,False
warning_acid_accumulation,BAC_G::Alkaliphilus,Bacteria,5,,,True,,False,False
warning_ammonia_toxicity,BAC_G::Alkaliphilus,Bacteria,5,0.0,0.0,True,144.0,False,False
warning_biogas_quality,BAC_G::Alkaliphilus,Bacteria,5,0.0,0.0,True,139.0,False,False
warning_acid_base_balance,BAC_G::Aminicenantales,Bacteria,5,0.00338924963924962,0.0237916190120102,True,55.0,False,False
warning_buffer_capacity,BAC_G::Aminicenantales,Bacteria,5,-0.029487734487734486,0.012772860295894622,True,273.5,False,False
warning_acid_accumulation,BAC_G::Aminicenantales,Bacteria,5,,,True,,False,False
warning_ammonia_toxicity,BAC_G::Aminicenantales,Bacteria,5,0.0,0.0,True,144.0,False,False
warning_biogas_quality,BAC_G::Aminicenantales,Bacteria,5,0.0,0.0,True,139.0,False,False
warning_acid_base_balance,BAC_G::Aminobacterium,Bacteria,5,0.0,0.0,True,175.0,False,False
warning_buffer_capacity,BAC_G::Aminobacterium,Bacteria,5,0.0,0.0,True,113.5,False,False
warning_acid_accumulation,BAC_G::Aminobacterium,Bacteria,5,,,True,,False,False
warning_ammonia_toxicity,BAC_G::Aminobacterium,Bacteria,5,-0.003182206682206712,0.02422878001566315,True,273.0,False,False
warning_biogas_quality,BAC_G::Aminobacterium,Bacteria,5,0.0,0.0,True,139.0,False,False
warning_acid_base_balance,BAC_G::Anaerococcus,Bacteria,5,0.0,0.0,True,175.0,False,False
warning_buffer_capacity,BAC_G::Anaerococcus,Bacteria,5,0.0,0.0,True,113.5,False,False
warning_acid_accumulation,BAC_G::Anaerococcus,Bacteria,5,,,True,,False,False
warning_ammonia_toxicity,BAC_G::Anaerococcus,Bacteria,5,0.0,0.0,True,144.0,False,False
warning_biogas_quality,BAC_G::Anaerococcus,Bacteria,5,0.0,0.0,True,139.0,False,False
warning_acid_base_balance,BAC_G::Anaerofustis,Bacteria,5,0.0,0.0,True,175.0,False,False
warning_buffer_capacity,BAC_G::Anaerofustis,Bacteria,5,0.0,0.0,True,113.5,False,False
warning_acid_accumulation,BAC_G::Anaerofustis,Bacteria,5,,,True,,False,False
warning_ammonia_toxicity,BAC_G::Anaerofustis,Bacteria,5,0.0,0.0,True,144.0,False,False
warning_biogas_quality,BAC_G::Anaerofustis,Bacteria,5,0.0,0.0,True,139.0,False,False
warning_acid_base_balance,BAC_G::Anaerostignum,Bacteria,5,0.0,0.0,True,175.0,False,False
warning_buffer_capacity,BAC_G::Anaerostignum,Bacteria,5,0.0,0.0,True,113.5,False,False
warning_acid_accumulation,BAC_G::Anaerostignum,Bacteria,5,,,True,,False,False
warning_ammonia_toxicity,BAC_G::Anaerostignum,Bacteria,5,0.0,0.0,True,144.0,False,False
warning_biogas_quality,BAC_G::Anaerostignum,Bacteria,5,0.0,0.0,True,139.0,False,False
warning_acid_base_balance,BAC_G::Anaerovorax,Bacteria,5,-0.0007575757575757735,0.0052524741338043435,True,276.0,False,False
warning_buffer_capacity,BAC_G::Anaerovorax,Bacteria,5,-0.0004545454545454547,0.0020327890704543547,True,225.5,False,False
warning_acid_accumulation,BAC_G::Anaerovorax,Bacteria,5,,,True,,False,False
warning_ammonia_toxicity,BAC_G::Anaerovorax,Bacteria,5,0.018764069264069212,0.009123156413671694,True,3.0,True,True
warning_biogas_quality,BAC_G::Anaerovorax,Bacteria,5,0.0,0.0,True,139.0,False,False
warning_acid_base_balance,BAC_G::Arenimonas,Bacteria,5,0.0,0.0,True,175.0,False,False
warning_buffer_capacity,BAC_G::Arenimonas,Bacteria,5,0.0,0.0,True,113.5,False,False
warning_acid_accumulation,BAC_G::Arenimonas,Bacteria,5,,,True,,False,False
warning_ammonia_toxicity,BAC_G::Arenimonas,Bacteria,5,0.0,0.0,True,144.0,False,False
warning_biogas_quality,BAC_G::Arenimonas,Bacteria,5,0.0,0.0,True,139.0,False,False
warning_acid_base_balance,BAC_G::Atopobium,Bacteria,5,0.0012500000000000011,0.0055901699437494795,True,70.5,False,False
warning_buffer_capacity,BAC_G::Atopobium,Bacteria,5,-0.00863636363636364,0.002032789070454355,True,266.5,False,False
warning_acid_accumulation,BAC_G::Atopobium,Bacteria,5,,,True,,False,False
warning_ammonia_toxicity,BAC_G::Atopobium,Bacteria,5,0.0,0.0,True,144.0,False,False
warning_biogas_quality,BAC_G::Atopobium,Bacteria,5,0.008333333333333335,0.037267799624996496,True,7.0,True,True
warning_acid_base_balance,BAC_G::Azospira,Bacteria,5,0.0,0.0,True,175.0,False,False
warning_buffer_capacity,BAC_G::Azospira,Bacteria,5,0.0,0.0,True,113.5,False,False
warning_acid_accumulation,BAC_G::Azospira,Bacteria,5,,,True,,False,False
warning_ammonia_toxicity,BAC_G::Azospira,Bacteria,5,0.0,0.0,True,144.0,False,False
warning_biogas_quality,BAC_G::Azospira,Bacteria,5,0.0,0.0,True,139.0,False,False
warning_acid_base_balance,BAC_G::BD1-7_clade,Bacteria,5,0.0,0.0,True,175.0,False,False
warning_buffer_capacity,BAC_G::BD1-7_clade,Bacteria,5,0.0,0.0,True,113.5,False,False
warning_acid_accumulation,BAC_G::BD1-7_clade,Bacteria,5,,,True,,False,False
warning_ammonia_toxicity,BAC_G::BD1-7_clade,Bacteria,5,0.0,0.0,True,144.0,False,False
warning_biogas_quality,BAC_G::BD1-7_clade,Bacteria,5,0.0,0.0,True,139.0,False,False
warning_acid_base_balance,BAC_G::BRH-c20a,Bacteria,5,0.0,0.0,True,175.0,False,False
warning_buffer_capacity,BAC_G::BRH-c20a,Bacteria,5,0.0,0.0,True,113.5,False,False
warning_acid_accumulation,BAC_G::BRH-c20a,Bacteria,5,,,True,,False,False
warning_ammonia_toxicity,BAC_G::BRH-c20a,Bacteria,5,0.0,0.0,True,144.0,False,False
warning_biogas_quality,BAC_G::BRH-c20a,Bacteria,5,0.0,0.0,True,139.0,False,False
warning_acid_base_balance,BAC_G::Babeliales,Bacteria,5,0.0,0.0,True,175.0,False,False
warning_buffer_capacity,BAC_G::Babeliales,Bacteria,5,0.0,0.0,True,113.5,False,False
warning_acid_accumulation,BAC_G::Babeliales,Bacteria,5,,,True,,False,False
warning_ammonia_toxicity,BAC_G::Babeliales,Bacteria,5,0.0,0.0,True,144.0,False,False
warning_biogas_quality,BAC_G::Babeliales,Bacteria,5,0.0,0.0,True,139.0,False,False
warning_acid_base_balance,BAC_G::Bacillus,Bacteria,5,0.0,0.0,True,175.0,False,False
warning_buffer_capacity,BAC_G::Bacillus,Bacteria,5,0.0,0.0,True,113.5,False,False
warning_acid_accumulation,BAC_G::Bacillus,Bacteria,5,,,True,,False,False
warning_ammonia_toxicity,BAC_G::Bacillus,Bacteria,5,0.0,0.0,True,144.0,False,False
warning_biogas_quality,BAC_G::Bacillus,Bacteria,5,0.0,0.0,True,139.0,False,False
warning_acid_base_balance,BAC_G::Bacteroidales_UCG-001,Bacteria,5,0.0,0.0,True,175.0,False,False
warning_buffer_capacity,BAC_G::Bacteroidales_UCG-001,Bacteria,5,0.0,0.0,True,113.5,False,False
warning_acid_accumulation,BAC_G::Bacteroidales_UCG-001,Bacteria,5,,,True,,False,False
warning_ammonia_toxicity,BAC_G::Bacteroidales_UCG-001,Bacteria,5,0.0,0.0,True,144.0,False,False
warning_biogas_quality,BAC_G::Bacteroidales_UCG-001,Bacteria,5,0.0,0.0,True,139.0,False,False
warning_acid_base_balance,BAC_G::Bacteroides,Bacteria,5,0.0,0.0,True,175.0,False,False
warning_buffer_capacity,BAC_G::Bacteroides,Bacteria,5,0.0,0.0,True,113.5,False,False
warning_acid_accumulation,BAC_G::Bacteroides,Bacteria,5,,,True,,False,False
warning_ammonia_toxicity,BAC_G::Bacteroides,Bacteria,5,0.0,0.0,True,144.0,False,False
warning_biogas_quality,BAC_G::Bacteroides,Bacteria,5,0.0,0.0,True,139.0,False,False
warning_acid_base_balance,BAC_G::Bacteroidetes_VC2.1_Bac22,Bacteria,5,0.0,0.0,True,175.0,False,False
warning_buffer_capacity,BAC_G::Bacteroidetes_VC2.1_Bac22,Bacteria,5,0.0,0.0,True,113.5,False,False
warning_acid_accumulation,BAC_G::Bacteroidetes_VC2.1_Bac22,Bacteria,5,,,True,,False,False
warning_ammonia_toxicity,BAC_G::Bacteroidetes_VC2.1_Bac22,Bacteria,5,0.0,0.0,True,144.0,False,False
warning_biogas_quality,BAC_G::Bacteroidetes_VC2.1_Bac22,Bacteria,5,0.0,0.0,True,139.0,False,False
warning_acid_base_balance,BAC_G::Bacteroidetes_vadinHA17,Bacteria,5,0.007017045454545456,0.014755781364525775,True,36.0,False,False
warning_buffer_capacity,BAC_G::Bacteroidetes_vadinHA17,Bacteria,5,-0.008130570409982173,0.012571910220448188,True,264.0,False,False
warning_acid_accumulation,BAC_G::Bacteroidetes_vadinHA17,Bacteria,5,,,True,,False,False
warning_ammonia_toxicity,BAC_G::Bacteroidetes_vadinHA17,Bacteria,5,0.0,0.0,True,144.0,False,False
warning_biogas_quality,BAC_G::Bacteroidetes_vadinHA17,Bacteria,5,0.0,0.0,True,139.0,False,False
warning_acid_base_balance,BAC_G::Bdellovibrio,Bacteria,5,0.0,0.0,True,175.0,False,False
warning_buffer_capacity,BAC_G::Bdellovibrio,Bacteria,5,0.0,0.0,True,113.5,False,False
warning_acid_accumulation,BAC_G::Bdellovibrio,Bacteria,5,,,True,,False,False
warning_ammonia_toxicity,BAC_G::Bdellovibrio,Bacteria,5,0.0,0.0,True,144.0,False,False
warning_biogas_quality,BAC_G::Bdellovibrio,Bacteria,5,0.0,0.0,True,139.0,False,False
warning_acid_base_balance,BAC_G::Bifidobacterium,Bacteria,5,0.0,0.0,True,175.0,False,False
warning_buffer_capacity,BAC_G::Bifidobacterium,Bacteria,5,0.0,0.0,True,113.5,False,False
warning_acid_accumulation,BAC_G::Bifidobacterium,Bacteria,5,,,True,,False,False
warning_ammonia_toxicity,BAC_G::Bifidobacterium,Bacteria,5,0.0,0.0,True,144.0,False,False
warning_biogas_quality,BAC_G::Bifidobacterium,Bacteria,5,0.0,0.0,True,139.0,False,False
warning_acid_base_balance,BAC_G::Butyrivibrio,Bacteria,5,0.004204545454545456,0.009188323764752511,True,47.0,False,False
warning_buffer_capacity,BAC_G::Butyrivibrio,Bacteria,5,0.0018939393939393957,0.00336561862363121,True,3.0,True,True
warning_acid_accumulation,BAC_G::Butyrivibrio,Bacteria,5,,,True,,False,False
warning_ammonia_toxicity,BAC_G::Butyrivibrio,Bacteria,5,0.0,0.0,True,144.0,False,False
warning_biogas_quality,BAC_G::Butyrivibrio,Bacteria,5,0.0,0.0,True,139.0,False,False
warning_acid_base_balance,BAC_G::Caldicoprobacter,Bacteria,5,0.0,0.0,True,175.0,False,False
warning_buffer_capacity,BAC_G::Caldicoprobacter,Bacteria,5,0.0,0.0,True,113.5,False,False
warning_acid_accumulation,BAC_G::Caldicoprobacter,Bacteria,5,,,True,,False,False
warning_ammonia_toxicity,BAC_G::Caldicoprobacter,Bacteria,5,-0.007181818181818178,0.007893557497336192,True,274.0,False,False
warning_biogas_quality,BAC_G::Caldicoprobacter,Bacteria,5,0.0,0.0,True,139.0,False,False
warning_acid_base_balance,BAC_G::Caldisericum,Bacteria,5,0.0,0.0,True,175.0,False,False
warning_buffer_capacity,BAC_G::Caldisericum,Bacteria,5,0.0,0.0,True,113.5,False,False
warning_acid_accumulation,BAC_G::Caldisericum,Bacteria,5,,,True,,False,False
warning_ammonia_toxicity,BAC_G::Caldisericum,Bacteria,5,0.0,0.0,True,144.0,False,False
warning_biogas_quality,BAC_G::Caldisericum,Bacteria,5,0.0,0.0,True,139.0,False,False
warning_acid_base_balance,BAC_G::Candidatus_Accumulibacter,Bacteria,5,0.0,0.0,True,175.0,False,False
warning_buffer_capacity,BAC_G::Candidatus_Accumulibacter,Bacteria,5,0.0,0.0,True,113.5,False,False
warning_acid_accumulation,BAC_G::Candidatus_Accumulibacter,Bacteria,5,,,True,,False,False
warning_ammonia_toxicity,BAC_G::Candidatus_Accumulibacter,Bacteria,5,0.0,0.0,True,144.0,False,False
warning_biogas_quality,BAC_G::Candidatus_Accumulibacter,Bacteria,5,0.0,0.0,True,139.0,False,False
warning_acid_base_balance,BAC_G::Candidatus_Caldatribacterium,Bacteria,5,0.0025000000000000022,0.007694837640638663,True,60.0,False,False
warning_buffer_capacity,BAC_G::Candidatus_Caldatribacterium,Bacteria,5,-0.0013636363636363642,0.003330432259386576,True,240.0,False,False
warning_acid_accumulation,BAC_G::Candidatus_Caldatribacterium,Bacteria,5,,,True,,False,False
warning_ammonia_toxicity,BAC_G::Candidatus_Caldatribacterium,Bacteria,5,0.0,0.0,True,144.0,False,False
warning_biogas_quality,BAC_G::Candidatus_Caldatribacterium,Bacteria,5,0.0,0.0,True,139.0,False,False
warning_acid_base_balance,BAC_G::Candidatus_Cloacimonas,Bacteria,5,0.01767857142857145,0.016033790513738603,True,20.0,False,True
warning_buffer_capacity,BAC_G::Candidatus_Cloacimonas,Bacteria,5,0.0,0.0,True,113.5,False,False
warning_acid_accumulation,BAC_G::Candidatus_Cloacimonas,Bacteria,5,,,True,,False,False
warning_ammonia_toxicity,BAC_G::Candidatus_Cloacimonas,Bacteria,5,0.0,0.0,True,144.0,False,False
warning_biogas_quality,BAC_G::Candidatus_Cloacimonas,Bacteria,5,0.0,0.0,True,139.0,False,False
warning_acid_base_balance,BAC_G::Candidatus_Competibacter,Bacteria,5,0.0,0.0,True,175.0,False,False
warning_buffer_capacity,BAC_G::Candidatus_Competibacter,Bacteria,5,0.0,0.0,True,113.5,False,False
warning_acid_accumulation,BAC_G::Candidatus_Competibacter,Bacteria,5,,,True,,False,False
warning_ammonia_toxicity,BAC_G::Candidatus_Competibacter,Bacteria,5,0.0,0.0,True,144.0,False,False
warning_biogas_quality,BAC_G::Candidatus_Competibacter,Bacteria,5,0.0,0.0,True,139.0,False,False
warning_acid_base_balance,BAC_G::Candidatus_Omnitrophus,Bacteria,5,0.0,0.0,True,175.0,False,False
warning_buffer_capacity,BAC_G::Candidatus_Omnitrophus,Bacteria,5,0.0,0.0,True,113.5,False,False
warning_acid_accumulation,BAC_G::Candidatus_Omnitrophus,Bacteria,5,,,True,,False,False
warning_ammonia_toxicity,BAC_G::Candidatus_Omnitrophus,Bacteria,5,0.0,0.0,True,144.0,False,False
warning_biogas_quality,BAC_G::Candidatus_Omnitrophus,Bacteria,5,0.0,0.0,True,139.0,False,False
warning_acid_base_balance,BAC_G::Candidatus_Soleaferrea,Bacteria,5,0.0,0.0,True,175.0,False,False
warning_buffer_capacity,BAC_G::Candidatus_Soleaferrea,Bacteria,5,0.0,0.0,True,113.5,False,False
warning_acid_accumulation,BAC_G::Candidatus_Soleaferrea,Bacteria,5,,,True,,False,False
warning_ammonia_toxicity,BAC_G::Candidatus_Soleaferrea,Bacteria,5,0.0,0.0,True,144.0,False,False
warning_biogas_quality,BAC_G::Candidatus_Soleaferrea,Bacteria,5,0.0,0.0,True,139.0,False,False
warning_acid_base_balance,BAC_G::Caproiciproducens,Bacteria,5,0.0,0.0,True,175.0,False,False
warning_buffer_capacity,BAC_G::Caproiciproducens,Bacteria,5,0.0,0.0,True,113.5,False,False
warning_acid_accumulation,BAC_G::Caproiciproducens,Bacteria,5,,,True,,False,False
warning_ammonia_toxicity,BAC_G::Caproiciproducens,Bacteria,5,0.0,0.0,True,144.0,False,False
warning_biogas_quality,BAC_G::Caproiciproducens,Bacteria,5,0.0,0.0,True,139.0,False,False
warning_acid_base_balance,BAC_G::Chthonomonadales,Bacteria,5,0.0,0.0,False,175.0,False,False
warning_buffer_capacity,BAC_G::Chthonomonadales,Bacteria,5,0.0,0.0,False,113.5,False,False
warning_acid_accumulation,BAC_G::Chthonomonadales,Bacteria,5,,,False,,False,False
warning_ammonia_toxicity,BAC_G::Chthonomonadales,Bacteria,5,0.0,0.0,False,144.0,False,False
warning_biogas_quality,BAC_G::Chthonomonadales,Bacteria,5,0.0,0.0,False,139.0,False,False
warning_acid_base_balance,BAC_G::Cloacimonadaceae,Bacteria,5,0.0,0.0,True,175.0,False,False
warning_buffer_capacity,BAC_G::Cloacimonadaceae,Bacteria,5,0.0,0.0,True,113.5,False,False
warning_acid_accumulation,BAC_G::Cloacimonadaceae,Bacteria,5,,,True,,False,False
warning_ammonia_toxicity,BAC_G::Cloacimonadaceae,Bacteria,5,0.0,0.0,True,144.0,False,False
warning_biogas_quality,BAC_G::Cloacimonadaceae,Bacteria,5,0.0,0.0,True,139.0,False,False
warning_acid_base_balance,BAC_G::Clostridia_UCG-014,Bacteria,5,0.0,0.0,True,175.0,False,False
warning_buffer_capacity,BAC_G::Clostridia_UCG-014,Bacteria,5,0.0,0.0,True,113.5,False,False
warning_acid_accumulation,BAC_G::Clostridia_UCG-014,Bacteria,5,,,True,,False,False
warning_ammonia_toxicity,BAC_G::Clostridia_UCG-014,Bacteria,5,0.0,0.0,True,144.0,False,False
warning_biogas_quality,BAC_G::Clostridia_UCG-014,Bacteria,5,0.0,0.0,True,139.0,False,False
warning_acid_base_balance,BAC_G::Clostridium_sensu_stricto_1,Bacteria,5,0.029291125541125528,0.0318694684605254,True,9.0,True,True
warning_buffer_capacity,BAC_G::Clostridium_sensu_stricto_1,Bacteria,5,0.0,0.0,True,113.5,False,False
warning_acid_accumulation,BAC_G::Clostridium_sensu_stricto_1,Bacteria,5,,,True,,False,False
warning_ammonia_toxicity,BAC_G::Clostridium_sensu_stricto_1,Bacteria,5,0.0009047619047618972,0.015949032678949517,True,17.0,False,True
warning_biogas_quality,BAC_G::Clostridium_sensu_stricto_1,Bacteria,5,-0.07884615384615384,0.23560222536184403,True,274.5,False,False
warning_acid_base_balance,BAC_G::Comamonas,Bacteria,5,0.0,0.0,True,175.0,False,False
warning_buffer_capacity,BAC_G::Comamonas,Bacteria,5,0.0,0.0,True,113.5,False,False
warning_acid_accumulation,BAC_G::Comamonas,Bacteria,5,,,True,,False,False
warning_ammonia_toxicity,BAC_G::Comamonas,Bacteria,5,0.0,0.0,True,144.0,False,False
warning_biogas_quality,BAC_G::Comamonas,Bacteria,5,0.0,0.0,True,139.0,False,False
warning_acid_base_balance,BAC_G::Coprothermobacter,Bacteria,5,0.0022222222222222144,0.015547199092123844,True,64.0,False,False
warning_buffer_capacity,BAC_G::Coprothermobacter,Bacteria,5,0.0,0.0,True,113.5,False,False
warning_acid_accumulation,BAC_G::Coprothermobacter,Bacteria,5,,,True,,False,False
warning_ammonia_toxicity,BAC_G::Coprothermobacter,Bacteria,5,0.0,0.0,True,144.0,False,False
warning_biogas_quality,BAC_G::Coprothermobacter,Bacteria,5,0.0,0.0,True,139.0,False,False
warning_acid_base_balance,BAC_G::D8A-2,Bacteria,5,0.0,0.0,True,175.0,False,False
warning_buffer_capacity,BAC_G::D8A-2,Bacteria,5,0.0,0.0,True,113.5,False,False
warning_acid_accumulation,BAC_G::D8A-2,Bacteria,5,,,True,,False,False
warning_ammonia_toxicity,BAC_G::D8A-2,Bacteria,5,0.0,0.0,True,144.0,False,False
warning_biogas_quality,BAC_G::D8A-2,Bacteria,5,0.0,0.0,True,139.0,False,False
warning_acid_base_balance,BAC_G::DEV114,Bacteria,5,0.0,0.0,True,175.0,False,False
warning_buffer_capacity,BAC_G::DEV114,Bacteria,5,0.0,0.0,True,113.5,False,False
warning_acid_accumulation,BAC_G::DEV114,Bacteria,5,,,True,,False,False
warning_ammonia_toxicity,BAC_G::DEV114,Bacteria,5,0.0,0.0,True,144.0,False,False
warning_biogas_quality,BAC_G::DEV114,Bacteria,5,0.0,0.0,True,139.0,False,False
warning_acid_base_balance,BAC_G::DMER64,Bacteria,5,0.0,0.0,True,175.0,False,False
warning_buffer_capacity,BAC_G::DMER64,Bacteria,5,0.0,0.0,True,113.5,False,False
warning_acid_accumulation,BAC_G::DMER64,Bacteria,5,,,True,,False,False
warning_ammonia_toxicity,BAC_G::DMER64,Bacteria,5,0.0,0.0,True,144.0,False,False
warning_biogas_quality,BAC_G::DMER64,Bacteria,5,0.0,0.0,True,139.0,False,False
warning_acid_base_balance,BAC_G::DTU014,Bacteria,5,0.0,0.0,True,175.0,False,False
warning_buffer_capacity,BAC_G::DTU014,Bacteria,5,0.0,0.0,True,113.5,False,False
warning_acid_accumulation,BAC_G::DTU014,Bacteria,5,,,True,,False,False
warning_ammonia_toxicity,BAC_G::DTU014,Bacteria,5,0.0,0.0,True,144.0,False,False
warning_biogas_quality,BAC_G::DTU014,Bacteria,5,0.0,0.0,True,139.0,False,False
warning_acid_base_balance,BAC_G::Dechloromonas,Bacteria,5,0.0012500000000000011,0.00559016994374948,True,70.5,False,False
warning_buffer_capacity,BAC_G::Dechloromonas,Bacteria,5,-0.0013636363636363642,0.0033304322593865764,True,240.0,False,False
warning_acid_accumulation,BAC_G::Dechloromonas,Bacteria,5,,,True,,False,False
warning_ammonia_toxicity,BAC_G::Dechloromonas,Bacteria,5,0.0,0.0,True,144.0,False,False
warning_biogas_quality,BAC_G::Dechloromonas,Bacteria,5,0.0,0.0,True,139.0,False,False
warning_acid_base_balance,BAC_G::Defluviitoga,Bacteria,5,0.011795183982683954,0.02091899474274059,True,28.0,False,False
warning_buffer_capacity,BAC_G::Defluviitoga,Bacteria,5,0.0,0.0,True,113.5,False,False
warning_acid_accumulation,BAC_G::Defluviitoga,Bacteria,5,,,True,,False,False
warning_ammonia_toxicity,BAC_G::Defluviitoga,Bacteria,5,0.0,0.0,True,144.0,False,False
warning_biogas_quality,BAC_G::Defluviitoga,Bacteria,5,0.0,0.0,True,139.0,False,False
warning_acid_base_balance,BAC_G::Denitratisoma,Bacteria,5,0.0,0.0,True,175.0,False,False
warning_buffer_capacity,BAC_G::Denitratisoma,Bacteria,5,0.0,0.0,True,113.5,False,False
warning_acid_accumulation,BAC_G::Denitratisoma,Bacteria,5,,,True,,False,False
warning_ammonia_toxicity,BAC_G::Denitratisoma,Bacteria,5,0.0,0.0,True,144.0,False,False
warning_biogas_quality,BAC_G::Denitratisoma,Bacteria,5,0.0,0.0,True,139.0,False,False
warning_acid_base_balance,BAC_G::Dialister,Bacteria,5,0.0,0.0,True,175.0,False,False
warning_buffer_capacity,BAC_G::Dialister,Bacteria,5,0.0,0.0,True,113.5,False,False
warning_acid_accumulation,BAC_G::Dialister,Bacteria,5,,,True,,False,False
warning_ammonia_toxicity,BAC_G::Dialister,Bacteria,5,0.0,0.0,True,144.0,False,False
warning_biogas_quality,BAC_G::Dialister,Bacteria,5,0.0,0.0,True,139.0,False,False
warning_acid_base_balance,BAC_G::Dokdonella,Bacteria,5,0.0,0.0,True,175.0,False,False
warning_buffer_capacity,BAC_G::Dokdonella,Bacteria,5,0.0,0.0,True,113.5,False,False
warning_acid_accumulation,BAC_G::Dokdonella,Bacteria,5,,,True,,False,False
warning_ammonia_toxicity,BAC_G::Dokdonella,Bacteria,5,0.0,0.0,True,144.0,False,False
warning_biogas_quality,BAC_G::Dokdonella,Bacteria,5,0.0,0.0,True,139.0,False,False
warning_acid_base_balance,BAC_G::Ellin6067,Bacteria,5,0.0,0.0,True,175.0,False,False
warning_buffer_capacity,BAC_G::Ellin6067,Bacteria,5,0.0,0.0,True,113.5,False,False
warning_acid_accumulation,BAC_G::Ellin6067,Bacteria,5,,,True,,False,False
warning_ammonia_toxicity,BAC_G::Ellin6067,Bacteria,5,0.0,0.0,True,144.0,False,False
warning_biogas_quality,BAC_G::Ellin6067,Bacteria,5,0.0,0.0,True,139.0,False,False
warning_acid_base_balance,BAC_G::Endomicrobium,Bacteria,5,0.0,0.0,True,175.0,False,False
warning_buffer_capacity,BAC_G::Endomicrobium,Bacteria,5,0.0,0.0,True,113.5,False,False
warning_acid_accumulation,BAC_G::Endomicrobium,Bacteria,5,,,True,,False,False
warning_ammonia_toxicity,BAC_G::Endomicrobium,Bacteria,5,0.0,0.0,True,144.0,False,False
warning_biogas_quality,BAC_G::Endomicrobium,Bacteria,5,0.0,0.0,True,139.0,False,False
warning_acid_base_balance,BAC_G::Ercella,Bacteria,5,0.0,0.0,True,175.0,False,False
warning_buffer_capacity,BAC_G::Ercella,Bacteria,5,0.0,0.0,True,113.5,False,False
warning_acid_accumulation,BAC_G::Ercella,Bacteria,5,,,True,,False,False
warning_ammonia_toxicity,BAC_G::Ercella,Bacteria,5,0.0,0.0,True,144.0,False,False
warning_biogas_quality,BAC_G::Ercella,Bacteria,5,0.0,0.0,True,139.0,False,False
warning_acid_base_balance,BAC_G::Exilispira,Bacteria,5,0.0,0.0,True,175.0,False,False
warning_buffer_capacity,BAC_G::Exilispira,Bacteria,5,-0.030202020202020195,0.008377078165833909,True,275.0,False,False
warning_acid_accumulation,BAC_G::Exilispira,Bacteria,5,,,True,,False,False
warning_ammonia_toxicity,BAC_G::Exilispira,Bacteria,5,0.0,0.0,True,144.0,False,False
warning_biogas_quality,BAC_G::Exilispira,Bacteria,5,0.0,0.0,True,139.0,False,False
warning_acid_base_balance,BAC_G::Fastidiosipila,Bacteria,5,0.0,0.0,True,175.0,False,False
warning_buffer_capacity,BAC_G::Fastidiosipila,Bacteria,5,-0.0018181818181818188,0.0037308303712187433,True,244.5,False,False
warning_acid_accumulation,BAC_G::Fastidiosipila,Bacteria,5,,,True,,False,False
warning_ammonia_toxicity,BAC_G::Fastidiosipila,Bacteria,5,0.003809523809523796,0.007816977920648767,True,10.0,True,True
warning_biogas_quality,BAC_G::Fastidiosipila,Bacteria,5,0.0,0.0,True,139.0,False,False
warning_acid_base_balance,BAC_G::Fermentibacteraceae,Bacteria,5,0.0,0.0,True,175.0,False,False
warning_buffer_capacity,BAC_G::Fermentibacteraceae,Bacteria,5,0.0,0.0,True,113.5,False,False
warning_acid_accumulation,BAC_G::Fermentibacteraceae,Bacteria,5,,,True,,False,False
warning_ammonia_toxicity,BAC_G::Fermentibacteraceae,Bacteria,5,0.0,0.0,True,144.0,False,False
warning_biogas_quality,BAC_G::Fermentibacteraceae,Bacteria,5,0.0,0.0,True,139.0,False,False
warning_acid_base_balance,BAC_G::Fermentimonas,Bacteria,5,0.0,0.0,True,175.0,False,False
warning_buffer_capacity,BAC_G::Fermentimonas,Bacteria,5,-0.007247474747474747,0.011287356955708245,True,261.0,False,False
warning_acid_accumulation,BAC_G::Fermentimonas,Bacteria,5,,,True,,False,False
warning_ammonia_toxicity,BAC_G::Fermentimonas,Bacteria,5,0.010666666666666647,0.01607833788173591,True,5.0,True,True
warning_biogas_quality,BAC_G::Fermentimonas,Bacteria,5,0.0,0.0,True,139.0,False,False
warning_acid_base_balance,BAC_G::Ferruginibacter,Bacteria,5,0.0,0.0,False,175.0,False,False
warning_buffer_capacity,BAC_G::Ferruginibacter,Bacteria,5,0.0,0.0,False,113.5,False,False
warning_acid_accumulation,BAC_G::Ferruginibacter,Bacteria,5,,,False,,False,False
warning_ammonia_toxicity,BAC_G::Ferruginibacter,Bacteria,5,0.0,0.0,False,144.0,False,False
warning_biogas_quality,BAC_G::Ferruginibacter,Bacteria,5,0.0,0.0,False,139.0,False,False
warning_acid_base_balance,BAC_G::Fervidobacterium,Bacteria,5,0.0,0.0,False,175.0,False,False
warning_buffer_capacity,BAC_G::Fervidobacterium,Bacteria,5,0.0,0.0,False,113.5,False,False
warning_acid_accumulation,BAC_G::Fervidobacterium,Bacteria,5,,,False,,False,False
warning_ammonia_toxicity,BAC_G::Fervidobacterium,Bacteria,5,0.0,0.0,False,144.0,False,False
warning_biogas_quality,BAC_G::Fervidobacterium,Bacteria,5,0.0,0.0,False,139.0,False,False
warning_acid_base_balance,BAC_G::Fonticella,Bacteria,5,0.0,0.0,False,175.0,False,False
warning_buffer_capacity,BAC_G::Fonticella,Bacteria,5,0.0,0.0,False,113.5,False,False
warning_acid_accumulation,BAC_G::Fonticella,Bacteria,5,,,False,,False,False
warning_ammonia_toxicity,BAC_G::Fonticella,Bacteria,5,0.0,0.0,False,144.0,False,False
warning_biogas_quality,BAC_G::Fonticella,Bacteria,5,0.0,0.0,False,139.0,False,False
warning_acid_base_balance,BAC_G::Frisingicoccus,Bacteria,5,0.0,0.0,True,175.0,False,False
warning_buffer_capacity,BAC_G::Frisingicoccus,Bacteria,5,0.0,0.0,True,113.5,False,False
warning_acid_accumulation,BAC_G::Frisingicoccus,Bacteria,5,,,True,,False,False
warning_ammonia_toxicity,BAC_G::Frisingicoccus,Bacteria,5,0.0,0.0,True,144.0,False,False
warning_biogas_quality,BAC_G::Frisingicoccus,Bacteria,5,0.0,0.0,True,139.0,False,False
warning_acid_base_balance,BAC_G::Gelria,Bacteria,5,0.0022979797979797876,0.0090512825884012,True,63.0,False,False
warning_buffer_capacity,BAC_G::Gelria,Bacteria,5,0.0,0.0,True,113.5,False,False
warning_acid_accumulation,BAC_G::Gelria,Bacteria,5,,,True,,False,False
warning_ammonia_toxicity,BAC_G::Gelria,Bacteria,5,0.0,0.0,True,144.0,False,False
warning_biogas_quality,BAC_G::Gelria,Bacteria,5,0.0,0.0,True,139.0,False,False
warning_acid_base_balance,BAC_G::Gracilibacter,Bacteria,5,0.0,0.0,True,175.0,False,False
warning_buffer_capacity,BAC_G::Gracilibacter,Bacteria,5,0.0,0.0,True,113.5,False,False
warning_acid_accumulation,BAC_G::Gracilibacter,Bacteria,5,,,True,,False,False
warning_ammonia_toxicity,BAC_G::Gracilibacter,Bacteria,5,0.0,0.0,True,144.0,False,False
warning_biogas_quality,BAC_G::Gracilibacter,Bacteria,5,0.0,0.0,True,139.0,False,False
warning_acid_base_balance,BAC_G::Guggenheimella,Bacteria,5,0.06246347402597403,0.02045780248731722,True,2.0,True,True
warning_buffer_capacity,BAC_G::Guggenheimella,Bacteria,5,0.0,0.0,True,113.5,False,False
warning_acid_accumulation,BAC_G::Guggenheimella,Bacteria,5,,,True,,False,False
warning_ammonia_toxicity,BAC_G::Guggenheimella,Bacteria,5,0.001904761904761898,0.005862733440486574,True,13.0,False,True
warning_biogas_quality,BAC_G::Guggenheimella,Bacteria,5,0.0,0.0,True,139.0,False,False
warning_acid_base_balance,BAC_G::HN-HF0106,Bacteria,5,0.004345238095238085,0.02234847289549406,True,44.0,False,False
warning_buffer_capacity,BAC_G::HN-HF0106,Bacteria,5,0.0,0.0,True,113.5,False,False
warning_acid_accumulation,BAC_G::HN-HF0106,Bacteria,5,,,True,,False,False
warning_ammonia_toxicity,BAC_G::HN-HF0106,Bacteria,5,0.015120879120879093,0.024527084065886724,True,4.0,True,True
warning_biogas_quality,BAC_G::HN-HF0106,Bacteria,5,-0.07884615384615384,0.23560222536184403,True,274.5,False,False
warning_acid_base_balance,BAC_G::Hahella,Bacteria,5,0.0,0.0,True,175.0,False,False
warning_buffer_capacity,BAC_G::Hahella,Bacteria,5,0.0,0.0,True,113.5,False,False
warning_acid_accumulation,BAC_G::Hahella,Bacteria,5,,,True,,False,False
warning_ammonia_toxicity,BAC_G::Hahella,Bacteria,5,0.0,0.0,True,144.0,False,False
warning_biogas_quality,BAC_G::Hahella,Bacteria,5,0.0,0.0,True,139.0,False,False
warning_acid_base_balance,BAC_G::Halocella,Bacteria,5,0.0,0.0,False,175.0,False,False
warning_buffer_capacity,BAC_G::Halocella,Bacteria,5,0.0,0.0,False,113.5,False,False
warning_acid_accumulation,BAC_G::Halocella,Bacteria,5,,,False,,False,False
warning_ammonia_toxicity,BAC_G::Halocella,Bacteria,5,0.0,0.0,False,144.0,False,False
warning_biogas_quality,BAC_G::Halocella,Bacteria,5,0.0,0.0,False,139.0,False,False
warning_acid_base_balance,BAC_G::Halomonas,Bacteria,5,0.0,0.0,True,175.0,False,False
warning_buffer_capacity,BAC_G::Halomonas,Bacteria,5,0.0,0.0,True,113.5,False,False
warning_acid_accumulation,BAC_G::Halomonas,Bacteria,5,,,True,,False,False
warning_ammonia_toxicity,BAC_G::Halomonas,Bacteria,5,0.0,0.0,True,144.0,False,False
warning_biogas_quality,BAC_G::Halomonas,Bacteria,5,0.0,0.0,True,139.0,False,False
warning_acid_base_balance,BAC_G::Hungateiclostridiaceae,Bacteria,5,0.0,0.0,True,175.0,False,False
warning_buffer_capacity,BAC_G::Hungateiclostridiaceae,Bacteria,5,0.0,0.0,True,113.5,False,False
warning_acid_accumulation,BAC_G::Hungateiclostridiaceae,Bacteria,5,,,True,,False,False
warning_ammonia_toxicity,BAC_G::Hungateiclostridiaceae,Bacteria,5,0.0,0.0,True,144.0,False,False
warning_biogas_quality,BAC_G::Hungateiclostridiaceae,Bacteria,5,0.0,0.0,True,139.0,False,False
warning_acid_base_balance,BAC_G::Hydrogenedensaceae,Bacteria,5,0.0,0.0,False,175.0,False,False
warning_buffer_capacity,BAC_G::Hydrogenedensaceae,Bacteria,5,0.0,0.0,False,113.5,False,False
warning_acid_accumulation,BAC_G::Hydrogenedensaceae,Bacteria,5,,,False,,False,False
warning_ammonia_toxicity,BAC_G::Hydrogenedensaceae,Bacteria,5,0.0,0.0,False,144.0,False,False
warning_biogas_quality,BAC_G::Hydrogenedensaceae,Bacteria,5,0.0,0.0,False,139.0,False,False
warning_acid_base_balance,BAC_G::Irregularibacter,Bacteria,5,0.0,0.0,True,175.0,False,False
warning_buffer_capacity,BAC_G::Irregularibacter,Bacteria,5,0.0,0.0,True,113.5,False,False
warning_acid_accumulation,BAC_G::Irregularibacter,Bacteria,5,,,True,,False,False
warning_ammonia_toxicity,BAC_G::Irregularibacter,Bacteria,5,0.0,0.0,True,144.0,False,False
warning_biogas_quality,BAC_G::Irregularibacter,Bacteria,5,0.0,0.0,True,139.0,False,False
warning_acid_base_balance,BAC_G::Izemoplasmatales,Bacteria,5,0.0,0.0,True,175.0,False,False
warning_buffer_capacity,BAC_G::Izemoplasmatales,Bacteria,5,0.0,0.0,True,113.5,False,False
warning_acid_accumulation,BAC_G::Izemoplasmatales,Bacteria,5,,,True,,False,False
warning_ammonia_toxicity,BAC_G::Izemoplasmatales,Bacteria,5,0.0,0.0,True,144.0,False,False
warning_biogas_quality,BAC_G::Izemoplasmatales,Bacteria,5,0.0,0.0,True,139.0,False,False
warning_acid_base_balance,BAC_G::JS1,Bacteria,5,0.050298520923520926,0.021780227436519913,True,3.0,True,True
warning_buffer_capacity,BAC_G::JS1,Bacteria,5,0.0,0.0,True,113.5,False,False
warning_acid_accumulation,BAC_G::JS1,Bacteria,5,,,True,,False,False
warning_ammonia_toxicity,BAC_G::JS1,Bacteria,5,0.0,0.0,True,144.0,False,False
warning_biogas_quality,BAC_G::JS1,Bacteria,5,0.0,0.0,True,139.0,False,False
warning_acid_base_balance,BAC_G::Kapabacteriales,Bacteria,5,0.0,0.0,True,175.0,False,False
warning_buffer_capacity,BAC_G::Kapabacteriales,Bacteria,5,0.0,0.0,True,113.5,False,False
warning_acid_accumulation,BAC_G::Kapabacteriales,Bacteria,5,,,True,,False,False
warning_ammonia_toxicity,BAC_G::Kapabacteriales,Bacteria,5,0.0,0.0,True,144.0,False,False
warning_biogas_quality,BAC_G::Kapabacteriales,Bacteria,5,0.0,0.0,True,139.0,False,False
warning_acid_base_balance,BAC_G::Keratinibaculum,Bacteria,5,0.0,0.0,True,175.0,False,False
warning_buffer_capacity,BAC_G::Keratinibaculum,Bacteria,5,0.0,0.0,True,113.5,False,False
warning_acid_accumulation,BAC_G::Keratinibaculum,Bacteria,5,,,True,,False,False
warning_ammonia_toxicity,BAC_G::Keratinibaculum,Bacteria,5,0.0,0.0,True,144.0,False,False
warning_biogas_quality,BAC_G::Keratinibaculum,Bacteria,5,0.0,0.0,True,139.0,False,False
warning_acid_base_balance,BAC_G::LD1-PA32,Bacteria,5,0.006079545454545454,0.01727723200512819,True,39.0,False,False
warning_buffer_capacity,BAC_G::LD1-PA32,Bacteria,5,-0.0022077922077922084,0.006729808424853503,True,247.0,False,False
warning_acid_accumulation,BAC_G::LD1-PA32,Bacteria,5,,,True,,False,False
warning_ammonia_toxicity,BAC_G::LD1-PA32,Bacteria,5,0.0,0.0,True,144.0,False,False
warning_biogas_quality,BAC_G::LD1-PA32,Bacteria,5,0.0,0.0,True,139.0,False,False
warning_acid_base_balance,BAC_G::LD1-PB3,Bacteria,5,0.0,0.0,True,175.0,False,False
warning_buffer_capacity,BAC_G::LD1-PB3,Bacteria,5,0.0,0.0,True,113.5,False,False
warning_acid_accumulation,BAC_G::LD1-PB3,Bacteria,5,,,True,,False,False
warning_ammonia_toxicity,BAC_G::LD1-PB3,Bacteria,5,0.0,0.0,True,144.0,False,False
warning_biogas_quality,BAC_G::LD1-PB3,Bacteria,5,0.0,0.0,True,139.0,False,False
warning_acid_base_balance,BAC_G::LNR_A2-18,Bacteria,5,0.0,0.0,True,175.0,False,False
warning_buffer_capacity,BAC_G::LNR_A2-18,Bacteria,5,0.0,0.0,True,113.5,False,False
warning_acid_accumulation,BAC_G::LNR_A2-18,Bacteria,5,,,True,,False,False
warning_ammonia_toxicity,BAC_G::LNR_A2-18,Bacteria,5,0.0,0.0,True,144.0,False,False
warning_biogas_quality,BAC_G::LNR_A2-18,Bacteria,5,0.0,0.0,True,139.0,False,False
warning_acid_base_balance,BAC_G::Lactobacillus,Bacteria,5,0.0,0.0,True,175.0,False,False
warning_buffer_capacity,BAC_G::Lactobacillus,Bacteria,5,0.0,0.0,True,113.5,False,False
warning_acid_accumulation,BAC_G::Lactobacillus,Bacteria,5,,,True,,False,False
warning_ammonia_toxicity,BAC_G::Lactobacillus,Bacteria,5,0.0,0.0,True,144.0,False,False
warning_biogas_quality,BAC_G::Lactobacillus,Bacteria,5,0.0,0.0,True,139.0,False,False
warning_acid_base_balance,BAC_G::Lautropia,Bacteria,5,0.0,0.0,True,175.0,False,False
warning_buffer_capacity,BAC_G::Lautropia,Bacteria,5,0.0,0.0,True,113.5,False,False
warning_acid_accumulation,BAC_G::Lautropia,Bacteria,5,,,True,,False,False
warning_ammonia_toxicity,BAC_G::Lautropia,Bacteria,5,0.0,0.0,True,144.0,False,False
warning_biogas_quality,BAC_G::Lautropia,Bacteria,5,0.0,0.0,True,139.0,False,False
warning_acid_base_balance,BAC_G::Lawsonella,Bacteria,5,0.0,0.0,True,175.0,False,False
warning_buffer_capacity,BAC_G::Lawsonella,Bacteria,5,0.0,0.0,True,113.5,False,False
warning_acid_accumulation,BAC_G::Lawsonella,Bacteria,5,,,True,,False,False
warning_ammonia_toxicity,BAC_G::Lawsonella,Bacteria,5,0.0,0.0,True,144.0,False,False
warning_biogas_quality,BAC_G::Lawsonella,Bacteria,5,0.0,0.0,True,139.0,False,False
warning_acid_base_balance,BAC_G::Lentimicrobiaceae,Bacteria,5,0.0,0.0,True,175.0,False,False
warning_buffer_capacity,BAC_G::Lentimicrobiaceae,Bacteria,5,-0.0013636363636363642,0.003330432259386576,True,240.0,False,False
warning_acid_accumulation,BAC_G::Lentimicrobiaceae,Bacteria,5,,,True,,False,False
warning_ammonia_toxicity,BAC_G::Lentimicrobiaceae,Bacteria,5,0.0,0.0,True,144.0,False,False
warning_biogas_quality,BAC_G::Lentimicrobiaceae,Bacteria,5,0.0,0.0,True,139.0,False,False
warning_acid_base_balance,BAC_G::Lentimicrobium,Bacteria,5,0.0021428571428571464,0.009583148474999114,True,66.0,False,False
warning_buffer_capacity,BAC_G::Lentimicrobium,Bacteria,5,0.0,0.0,True,113.5,False,False
warning_acid_accumulation,BAC_G::Lentimicrobium,Bacteria,5,,,True,,False,False
warning_ammonia_toxicity,BAC_G::Lentimicrobium,Bacteria,5,0.0,0.0,True,144.0,False,False
warning_biogas_quality,BAC_G::Lentimicrobium,Bacteria,5,0.0,0.0,True,139.0,False,False
warning_acid_base_balance,BAC_G::Leptotrichia,Bacteria,5,0.0,0.0,True,175.0,False,False
warning_buffer_capacity,BAC_G::Leptotrichia,Bacteria,5,0.0,0.0,True,113.5,False,False
warning_acid_accumulation,BAC_G::Leptotrichia,Bacteria,5,,,True,,False,False
warning_ammonia_toxicity,BAC_G::Leptotrichia,Bacteria,5,0.0,0.0,True,144.0,False,False
warning_biogas_quality,BAC_G::Leptotrichia,Bacteria,5,0.0,0.0,True,139.0,False,False
warning_acid_base_balance,BAC_G::Leuconostoc,Bacteria,5,0.0,0.0,True,175.0,False,False
warning_buffer_capacity,BAC_G::Leuconostoc,Bacteria,5,0.0,0.0,True,113.5,False,False
warning_acid_accumulation,BAC_G::Leuconostoc,Bacteria,5,,,True,,False,False
warning_ammonia_toxicity,BAC_G::Leuconostoc,Bacteria,5,0.0,0.0,True,144.0,False,False
warning_biogas_quality,BAC_G::Leuconostoc,Bacteria,5,0.0,0.0,True,139.0,False,False
warning_acid_base_balance,BAC_G::Longilinea,Bacteria,5,0.0,0.0,True,175.0,False,False
warning_buffer_capacity,BAC_G::Longilinea,Bacteria,5,0.0,0.0,True,113.5,False,False
warning_acid_accumulation,BAC_G::Longilinea,Bacteria,5,,,True,,False,False
warning_ammonia_toxicity,BAC_G::Longilinea,Bacteria,5,0.0,0.0,True,144.0,False,False
warning_biogas_quality,BAC_G::Longilinea,Bacteria,5,0.0,0.0,True,139.0,False,False
warning_acid_base_balance,BAC_G::Luteimonas,Bacteria,5,0.0,0.0,True,175.0,False,False
warning_buffer_capacity,BAC_G::Luteimonas,Bacteria,5,0.0,0.0,True,113.5,False,False
warning_acid_accumulation,BAC_G::Luteimonas,Bacteria,5,,,True,,False,False
warning_ammonia_toxicity,BAC_G::Luteimonas,Bacteria,5,0.0,0.0,True,144.0,False,False
warning_biogas_quality,BAC_G::Luteimonas,Bacteria,5,0.0,0.0,True,139.0,False,False
warning_acid_base_balance,BAC_G::Lutispora,Bacteria,5,0.0,0.0,True,175.0,False,False
warning_buffer_capacity,BAC_G::Lutispora,Bacteria,5,0.0,0.0,True,113.5,False,False
warning_acid_accumulation,BAC_G::Lutispora,Bacteria,5,,,True,,False,False
warning_ammonia_toxicity,BAC_G::Lutispora,Bacteria,5,0.0,0.0,True,144.0,False,False
warning_biogas_quality,BAC_G::Lutispora,Bacteria,5,0.0,0.0,True,139.0,False,False
warning_acid_base_balance,BAC_G::MBA03,Bacteria,5,0.0050000000000000044,0.01025978352085155,True,40.5,False,False
warning_buffer_capacity,BAC_G::MBA03,Bacteria,5,0.0,0.0,True,113.5,False,False
warning_acid_accumulation,BAC_G::MBA03,Bacteria,5,,,True,,False,False
warning_ammonia_toxicity,BAC_G::MBA03,Bacteria,5,0.0,0.0,True,144.0,False,False
warning_biogas_quality,BAC_G::MBA03,Bacteria,5,0.0,0.0,True,139.0,False,False
warning_acid_base_balance,BAC_G::MVP-15,Bacteria,5,0.0,0.0,True,175.0,False,False
warning_buffer_capacity,BAC_G::MVP-15,Bacteria,5,0.0,0.0,True,113.5,False,False
warning_acid_accumulation,BAC_G::MVP-15,Bacteria,5,,,True,,False,False
warning_ammonia_toxicity,BAC_G::MVP-15,Bacteria,5,0.0,0.0,True,144.0,False,False
warning_biogas_quality,BAC_G::MVP-15,Bacteria,5,0.0,0.0,True,139.0,False,False
warning_acid_base_balance,BAC_G::Macellibacteroides,Bacteria,5,0.0,0.0,True,175.0,False,False
warning_buffer_capacity,BAC_G::Macellibacteroides,Bacteria,5,0.0,0.0,True,113.5,False,False
warning_acid_accumulation,BAC_G::Macellibacteroides,Bacteria,5,,,True,,False,False
warning_ammonia_toxicity,BAC_G::Macellibacteroides,Bacteria,5,0.0,0.0,True,144.0,False,False
warning_biogas_quality,BAC_G::Macellibacteroides,Bacteria,5,0.0,0.0,True,139.0,False,False
warning_acid_base_balance,BAC_G::Marinimicrobia_(SAR406_clade),Bacteria,5,0.0,0.0,True,175.0,False,False
warning_buffer_capacity,BAC_G::Marinimicrobia_(SAR406_clade),Bacteria,5,0.0,0.0,True,113.5,False,False
warning_acid_accumulation,BAC_G::Marinimicrobia_(SAR406_clade),Bacteria,5,,,True,,False,False
warning_ammonia_toxicity,BAC_G::Marinimicrobia_(SAR406_clade),Bacteria,5,0.0,0.0,True,144.0,False,False
warning_biogas_quality,BAC_G::Marinimicrobia_(SAR406_clade),Bacteria,5,0.0,0.0,True,139.0,False,False
warning_acid_base_balance,BAC_G::Mariniphaga,Bacteria,5,0.0,0.0,True,175.0,False,False
warning_buffer_capacity,BAC_G::Mariniphaga,Bacteria,5,0.0,0.0,True,113.5,False,False
warning_acid_accumulation,BAC_G::Mariniphaga,Bacteria,5,,,True,,False,False
warning_ammonia_toxicity,BAC_G::Mariniphaga,Bacteria,5,0.0,0.0,True,144.0,False,False
warning_biogas_quality,BAC_G::Mariniphaga,Bacteria,5,0.0,0.0,True,139.0,False,False
warning_acid_base_balance,BAC_G::Megasphaera,Bacteria,5,0.0,0.0,True,175.0,False,False
warning_buffer_capacity,BAC_G::Megasphaera,Bacteria,5,0.0,0.0,True,113.5,False,False
warning_acid_accumulation,BAC_G::Megasphaera,Bacteria,5,,,True,,False,False
warning_ammonia_toxicity,BAC_G::Megasphaera,Bacteria,5,0.0,0.0,True,144.0,False,False
warning_biogas_quality,BAC_G::Megasphaera,Bacteria,5,0.0,0.0,True,139.0,False,False
warning_acid_base_balance,BAC_G::Mesotoga,Bacteria,5,0.0,0.0,True,175.0,False,False
warning_buffer_capacity,BAC_G::Mesotoga,Bacteria,5,0.0,0.0,True,113.5,False,False
warning_acid_accumulation,BAC_G::Mesotoga,Bacteria,5,,,True,,False,False
warning_ammonia_toxicity,BAC_G::Mesotoga,Bacteria,5,0.0,0.0,True,144.0,False,False
warning_biogas_quality,BAC_G::Mesotoga,Bacteria,5,0.0,0.0,True,139.0,False,False
warning_acid_base_balance,BAC_G::Methylotenera,Bacteria,5,0.0,0.0,True,175.0,False,False
warning_buffer_capacity,BAC_G::Methylotenera,Bacteria,5,-0.0018181818181818188,0.0037308303712187433,True,244.5,False,False
warning_acid_accumulation,BAC_G::Methylotenera,Bacteria,5,,,True,,False,False
warning_ammonia_toxicity,BAC_G::Methylotenera,Bacteria,5,0.0,0.0,True,144.0,False,False
warning_biogas_quality,BAC_G::Methylotenera,Bacteria,5,0.0,0.0,True,139.0,False,False
warning_acid_base_balance,BAC_G::MgMjR-022,Bacteria,5,0.0,0.0,True,175.0,False,False
warning_buffer_capacity,BAC_G::MgMjR-022,Bacteria,5,0.0,0.0,True,113.5,False,False
warning_acid_accumulation,BAC_G::MgMjR-022,Bacteria,5,,,True,,False,False
warning_ammonia_toxicity,BAC_G::MgMjR-022,Bacteria,5,0.0,0.0,True,144.0,False,False
warning_biogas_quality,BAC_G::MgMjR-022,Bacteria,5,0.0,0.0,True,139.0,False,False
warning_acid_base_balance,BAC_G::Myroides,Bacteria,5,0.0,0.0,True,175.0,False,False
warning_buffer_capacity,BAC_G::Myroides,Bacteria,5,0.0,0.0,True,113.5,False,False
warning_acid_accumulation,BAC_G::Myroides,Bacteria,5,,,True,,False,False
warning_ammonia_toxicity,BAC_G::Myroides,Bacteria,5,0.0,0.0,True,144.0,False,False
warning_biogas_quality,BAC_G::Myroides,Bacteria,5,0.0,0.0,True,139.0,False,False
warning_acid_base_balance,BAC_G::Nitrosomonas,Bacteria,5,0.0,0.0,True,175.0,False,False
warning_buffer_capacity,BAC_G::Nitrosomonas,Bacteria,5,0.0,0.0,True,113.5,False,False
warning_acid_accumulation,BAC_G::Nitrosomonas,Bacteria,5,,,True,,False,False
warning_ammonia_toxicity,BAC_G::Nitrosomonas,Bacteria,5,0.0,0.0,True,144.0,False,False
warning_biogas_quality,BAC_G::Nitrosomonas,Bacteria,5,0.0,0.0,True,139.0,False,False
warning_acid_base_balance,BAC_G::OLB12,Bacteria,5,0.0,0.0,True,175.0,False,False
warning_buffer_capacity,BAC_G::OLB12,Bacteria,5,0.0,0.0,True,113.5,False,False
warning_acid_accumulation,BAC_G::OLB12,Bacteria,5,,,True,,False,False
warning_ammonia_toxicity,BAC_G::OLB12,Bacteria,5,0.0,0.0,True,144.0,False,False
warning_biogas_quality,BAC_G::OLB12,Bacteria,5,0.0,0.0,True,139.0,False,False
warning_acid_base_balance,BAC_G::OLB8,Bacteria,5,0.0,0.0,True,175.0,False,False
warning_buffer_capacity,BAC_G::OLB8,Bacteria,5,0.0,0.0,True,113.5,False,False
warning_acid_accumulation,BAC_G::OLB8,Bacteria,5,,,True,,False,False
warning_ammonia_toxicity,BAC_G::OLB8,Bacteria,5,0.0,0.0,True,144.0,False,False
warning_biogas_quality,BAC_G::OLB8,Bacteria,5,0.0,0.0,True,139.0,False,False
warning_acid_base_balance,BAC_G::Olsenella,Bacteria,5,0.0037500000000000033,0.009158688713313089,True,50.5,False,False
warning_buffer_capacity,BAC_G::Olsenella,Bacteria,5,-0.0004545454545454547,0.002032789070454355,True,225.5,False,False
warning_acid_accumulation,BAC_G::Olsenella,Bacteria,5,,,True,,False,False
warning_ammonia_toxicity,BAC_G::Olsenella,Bacteria,5,0.0,0.0,True,144.0,False,False
warning_biogas_quality,BAC_G::Olsenella,Bacteria,5,-0.275,0.2552088927670202,True,276.0,False,False
warning_acid_base_balance,BAC_G::Oscillospira,Bacteria,5,0.0,0.0,True,175.0,False,False
warning_buffer_capacity,BAC_G::Oscillospira,Bacteria,5,0.0,0.0,True,113.5,False,False
warning_acid_accumulation,BAC_G::Oscillospira,Bacteria,5,,,True,,False,False
warning_ammonia_toxicity,BAC_G::Oscillospira,Bacteria,5,0.0,0.0,True,144.0,False,False
warning_biogas_quality,BAC_G::Oscillospira,Bacteria,5,0.0,0.0,True,139.0,False,False
warning_acid_base_balance,BAC_G::PB19,Bacteria,5,0.0,0.0,True,175.0,False,False
warning_buffer_capacity,BAC_G::PB19,Bacteria,5,0.0,0.0,True,113.5,False,False
warning_acid_accumulation,BAC_G::PB19,Bacteria,5,,,True,,False,False
warning_ammonia_toxicity,BAC_G::PB19,Bacteria,5,0.0,0.0,True,144.0,False,False
warning_biogas_quality,BAC_G::PB19,Bacteria,5,0.0,0.0,True,139.0,False,False
warning_acid_base_balance,BAC_G::Paludibacter,Bacteria,5,0.0021428571428571464,0.009583148474999114,True,66.0,False,False
warning_buffer_capacity,BAC_G::Paludibacter,Bacteria,5,0.0,0.0,True,113.5,False,False
warning_acid_accumulation,BAC_G::Paludibacter,Bacteria,5,,,True,,False,False
warning_ammonia_toxicity,BAC_G::Paludibacter,Bacteria,5,0.0,0.0,True,144.0,False,False
warning_biogas_quality,BAC_G::Paludibacter,Bacteria,5,0.0,0.0,True,139.0,False,False
warning_acid_base_balance,BAC_G::Pantoea,Bacteria,5,0.0,0.0,True,175.0,False,False
warning_buffer_capacity,BAC_G::Pantoea,Bacteria,5,0.0,0.0,True,113.5,False,False
warning_acid_accumulation,BAC_G::Pantoea,Bacteria,5,,,True,,False,False
warning_ammonia_toxicity,BAC_G::Pantoea,Bacteria,5,0.0,0.0,True,144.0,False,False
warning_biogas_quality,BAC_G::Pantoea,Bacteria,5,0.0,0.0,True,139.0,False,False
warning_acid_base_balance,BAC_G::Paracoccus,Bacteria,5,0.0,0.0,False,175.0,False,False
warning_buffer_capacity,BAC_G::Paracoccus,Bacteria,5,0.0,0.0,False,113.5,False,False
warning_acid_accumulation,BAC_G::Paracoccus,Bacteria,5,,,False,,False,False
warning_ammonia_toxicity,BAC_G::Paracoccus,Bacteria,5,0.0,0.0,False,144.0,False,False
warning_biogas_quality,BAC_G::Paracoccus,Bacteria,5,0.0,0.0,False,139.0,False,False
warning_acid_base_balance,BAC_G::Pedosphaeraceae,Bacteria,5,0.0,0.0,True,175.0,False,False
warning_buffer_capacity,BAC_G::Pedosphaeraceae,Bacteria,5,0.0,0.0,True,113.5,False,False
warning_acid_accumulation,BAC_G::Pedosphaeraceae,Bacteria,5,,,True,,False,False
warning_ammonia_toxicity,BAC_G::Pedosphaeraceae,Bacteria,5,0.0,0.0,True,144.0,False,False
warning_biogas_quality,BAC_G::Pedosphaeraceae,Bacteria,5,0.0,0.0,True,139.0,False,False
warning_acid_base_balance,BAC_G::Pelotomaculum,Bacteria,5,0.0,0.0,True,175.0,False,False
warning_buffer_capacity,BAC_G::Pelotomaculum,Bacteria,5,-0.01657467532467532,0.011738375930779608,True,270.0,False,False
warning_acid_accumulation,BAC_G::Pelotomaculum,Bacteria,5,,,True,,False,False
warning_ammonia_toxicity,BAC_G::Pelotomaculum,Bacteria,5,0.0,0.0,True,144.0,False,False
warning_biogas_quality,BAC_G::Pelotomaculum,Bacteria,5,0.0,0.0,True,139.0,False,False
warning_acid_base_balance,BAC_G::Petrimonas,Bacteria,5,0.0,0.0,True,175.0,False,False
warning_buffer_capacity,BAC_G::Petrimonas,Bacteria,5,0.0,0.0,True,113.5,False,False
warning_acid_accumulation,BAC_G::Petrimonas,Bacteria,5,,,True,,False,False
warning_ammonia_toxicity,BAC_G::Petrimonas,Bacteria,5,0.0,0.0,True,144.0,False,False
warning_biogas_quality,BAC_G::Petrimonas,Bacteria,5,0.0,0.0,True,139.0,False,False
warning_acid_base_balance,BAC_G::Prevotella,Bacteria,5,0.0,0.0,True,175.0,False,False
warning_buffer_capacity,BAC_G::Prevotella,Bacteria,5,0.0,0.0,True,113.5,False,False
warning_acid_accumulation,BAC_G::Prevotella,Bacteria,5,,,True,,False,False
warning_ammonia_toxicity,BAC_G::Prevotella,Bacteria,5,0.0,0.0,True,144.0,False,False
warning_biogas_quality,BAC_G::Prevotella,Bacteria,5,0.0,0.0,True,139.0,False,False
warning_acid_base_balance,BAC_G::Proteiniphilum,Bacteria,5,0.02869137806637807,0.016990606310132786,True,10.0,True,True
warning_buffer_capacity,BAC_G::Proteiniphilum,Bacteria,5,0.0,0.0,True,113.5,False,False
warning_acid_accumulation,BAC_G::Proteiniphilum,Bacteria,5,,,True,,False,False
warning_ammonia_toxicity,BAC_G::Proteiniphilum,Bacteria,5,0.007800144300144274,0.014990199322184936,True,6.0,True,True
warning_biogas_quality,BAC_G::Proteiniphilum,Bacteria,5,0.0,0.0,True,139.0,False,False
warning_acid_base_balance,BAC_G::Proteocatella,Bacteria,5,0.0,0.0,True,175.0,False,False
warning_buffer_capacity,BAC_G::Proteocatella,Bacteria,5,0.0,0.0,True,113.5,False,False
warning_acid_accumulation,BAC_G::Proteocatella,Bacteria,5,,,True,,False,False
warning_ammonia_toxicity,BAC_G::Proteocatella,Bacteria,5,0.0,0.0,True,144.0,False,False
warning_biogas_quality,BAC_G::Proteocatella,Bacteria,5,0.0,0.0,True,139.0,False,False
warning_acid_base_balance,BAC_G::Pseudomonas,Bacteria,5,0.0,0.0,True,175.0,False,False
warning_buffer_capacity,BAC_G::Pseudomonas,Bacteria,5,0.0,0.0,True,113.5,False,False
warning_acid_accumulation,BAC_G::Pseudomonas,Bacteria,5,,,True,,False,False
warning_ammonia_toxicity,BAC_G::Pseudomonas,Bacteria,5,0.0,0.0,True,144.0,False,False
warning_biogas_quality,BAC_G::Pseudomonas,Bacteria,5,0.0,0.0,True,139.0,False,False
warning_acid_base_balance,BAC_G::Pseudoramibacter,Bacteria,5,0.0,0.0,True,175.0,False,False
warning_buffer_capacity,BAC_G::Pseudoramibacter,Bacteria,5,0.0,0.0,True,113.5,False,False
warning_acid_accumulation,BAC_G::Pseudoramibacter,Bacteria,5,,,True,,False,False
warning_ammonia_toxicity,BAC_G::Pseudoramibacter,Bacteria,5,0.0,0.0,True,144.0,False,False
warning_biogas_quality,BAC_G::Pseudoramibacter,Bacteria,5,0.0,0.0,True,139.0,False,False
warning_acid_base_balance,BAC_G::RBG-16-49-21,Bacteria,5,0.0,0.0,True,175.0,False,False
warning_buffer_capacity,BAC_G::RBG-16-49-21,Bacteria,5,0.0,0.0,True,113.5,False,False
warning_acid_accumulation,BAC_G::RBG-16-49-21,Bacteria,5,,,True,,False,False
warning_ammonia_toxicity,BAC_G::RBG-16-49-21,Bacteria,5,0.0,0.0,True,144.0,False,False
warning_biogas_quality,BAC_G::RBG-16-49-21,Bacteria,5,0.0,0.0,True,139.0,False,False
warning_acid_base_balance,BAC_G::Raoultibacter,Bacteria,5,0.0,0.0,True,175.0,False,False
warning_buffer_capacity,BAC_G::Raoultibacter,Bacteria,5,0.0,0.0,True,113.5,False,False
warning_acid_accumulation,BAC_G::Raoultibacter,Bacteria,5,,,True,,False,False
warning_ammonia_toxicity,BAC_G::Raoultibacter,Bacteria,5,0.0,0.0,True,144.0,False,False
warning_biogas_quality,BAC_G::Raoultibacter,Bacteria,5,0.0,0.0,True,139.0,False,False
warning_acid_base_balance,BAC_G::Rhodobacter,Bacteria,5,0.0,0.0,True,175.0,False,False
warning_buffer_capacity,BAC_G::Rhodobacter,Bacteria,5,0.0,0.0,True,113.5,False,False
warning_acid_accumulation,BAC_G::Rhodobacter,Bacteria,5,,,True,,False,False
warning_ammonia_toxicity,BAC_G::Rhodobacter,Bacteria,5,0.0,0.0,True,144.0,False,False
warning_biogas_quality,BAC_G::Rhodobacter,Bacteria,5,0.0,0.0,True,139.0,False,False
warning_acid_base_balance,BAC_G::Ruminiclostridium,Bacteria,5,0.0,0.0,True,175.0,False,False
warning_buffer_capacity,BAC_G::Ruminiclostridium,Bacteria,5,0.0,0.0,True,113.5,False,False
warning_acid_accumulation,BAC_G::Ruminiclostridium,Bacteria,5,,,True,,False,False
warning_ammonia_toxicity,BAC_G::Ruminiclostridium,Bacteria,5,0.0,0.0,True,144.0,False,False
warning_biogas_quality,BAC_G::Ruminiclostridium,Bacteria,5,0.0,0.0,True,139.0,False,False
warning_acid_base_balance,BAC_G::Ruminococcus,Bacteria,5,0.0,0.0,True,175.0,False,False
warning_buffer_capacity,BAC_G::Ruminococcus,Bacteria,5,0.0,0.0,True,113.5,False,False
warning_acid_accumulation,BAC_G::Ruminococcus,Bacteria,5,,,True,,False,False
warning_ammonia_toxicity,BAC_G::Ruminococcus,Bacteria,5,0.0,0.0,True,144.0,False,False
warning_biogas_quality,BAC_G::Ruminococcus,Bacteria,5,0.0,0.0,True,139.0,False,False
warning_acid_base_balance,BAC_G::SBR1031,Bacteria,5,0.0,0.0,True,175.0,False,False
warning_buffer_capacity,BAC_G::SBR1031,Bacteria,5,-0.016697330447330443,0.017003869406998516,True,271.0,False,False
warning_acid_accumulation,BAC_G::SBR1031,Bacteria,5,,,True,,False,False
warning_ammonia_toxicity,BAC_G::SBR1031,Bacteria,5,0.0,0.0,True,144.0,False,False
warning_biogas_quality,BAC_G::SBR1031,Bacteria,5,0.0,0.0,True,139.0,False,False
warning_acid_base_balance,BAC_G::SC-I-84,Bacteria,5,0.008392857142857152,0.013674666691732132,True,34.0,False,False
warning_buffer_capacity,BAC_G::SC-I-84,Bacteria,5,-0.00863636363636364,0.0020327890704543547,True,266.5,False,False
warning_acid_accumulation,BAC_G::SC-I-84,Bacteria,5,,,True,,False,False
warning_ammonia_toxicity,BAC_G::SC-I-84,Bacteria,5,0.0,0.0,True,144.0,False,False
warning_biogas_quality,BAC_G::SC-I-84,Bacteria,5,0.0,0.0,True,139.0,False,False
warning_acid_base_balance,BAC_G::SC103,Bacteria,5,0.008928571428571442,0.016488937801368574,True,33.0,False,False
warning_buffer_capacity,BAC_G::SC103,Bacteria,5,0.0,0.0,True,113.5,False,False
warning_acid_accumulation,BAC_G::SC103,Bacteria,5,,,True,,False,False
warning_ammonia_toxicity,BAC_G::SC103,Bacteria,5,0.0,0.0,True,144.0,False,False
warning_biogas_quality,BAC_G::SC103,Bacteria,5,0.0,0.0,True,139.0,False,False
warning_acid_base_balance,BAC_G::SJA-15,Bacteria,5,0.0,0.0,True,175.0,False,False
warning_buffer_capacity,BAC_G::SJA-15,Bacteria,5,-0.0022727272727272735,0.004038742348357449,True,249.0,False,False
warning_acid_accumulation,BAC_G::SJA-15,Bacteria,5,,,True,,False,False
warning_ammonia_toxicity,BAC_G::SJA-15,Bacteria,5,0.0,0.0,True,144.0,False,False
warning_biogas_quality,BAC_G::SJA-15,Bacteria,5,0.0,0.0,True,139.0,False,False
warning_acid_base_balance,BAC_G::SJA-28,Bacteria,5,0.0,0.0,True,175.0,False,False
warning_buffer_capacity,BAC_G::SJA-28,Bacteria,5,0.0,0.0,True,113.5,False,False
warning_acid_accumulation,BAC_G::SJA-28,Bacteria,5,,,True,,False,False
warning_ammonia_toxicity,BAC_G::SJA-28,Bacteria,5,0.0,0.0,True,144.0,False,False
warning_biogas_quality,BAC_G::SJA-28,Bacteria,5,0.0,0.0,True,139.0,False,False
warning_acid_base_balance,BAC_G::ST-12K33,Bacteria,5,0.0037500000000000033,0.009158688713313089,True,50.5,False,False
warning_buffer_capacity,BAC_G::ST-12K33,Bacteria,5,0.0,0.0,True,113.5,False,False
warning_acid_accumulation,BAC_G::ST-12K33,Bacteria,5,,,True,,False,False
warning_ammonia_toxicity,BAC_G::ST-12K33,Bacteria,5,0.0,0.0,True,144.0,False,False
warning_biogas_quality,BAC_G::ST-12K33,Bacteria,5,0.0,0.0,True,139.0,False,False
warning_acid_base_balance,BAC_G::Saccharofermentans,Bacteria,5,0.0,0.0,True,175.0,False,False
warning_buffer_capacity,BAC_G::Saccharofermentans,Bacteria,5,0.0,0.0,True,113.5,False,False
warning_acid_accumulation,BAC_G::Saccharofermentans,Bacteria,5,,,True,,False,False
warning_ammonia_toxicity,BAC_G::Saccharofermentans,Bacteria,5,0.0,0.0,True,144.0,False,False
warning_biogas_quality,BAC_G::Saccharofermentans,Bacteria,5,0.0,0.0,True,139.0,False,False
warning_acid_base_balance,BAC_G::Sedimentibacter,Bacteria,5,0.02535714285714289,0.015236235005501126,True,11.0,False,True
warning_buffer_capacity,BAC_G::Sedimentibacter,Bacteria,5,-0.0022727272727272735,0.004038742348357449,True,249.0,False,False
warning_acid_accumulation,BAC_G::Sedimentibacter,Bacteria,5,,,True,,False,False
warning_ammonia_toxicity,BAC_G::Sedimentibacter,Bacteria,5,0.0,0.0,True,144.0,False,False
warning_biogas_quality,BAC_G::Sedimentibacter,Bacteria,5,0.0,0.0,True,139.0,False,False
warning_acid_base_balance,BAC_G::Shuttleworthia,Bacteria,5,0.0,0.0,False,175.0,False,False
warning_buffer_capacity,BAC_G::Shuttleworthia,Bacteria,5,0.0,0.0,False,113.5,False,False
warning_acid_accumulation,BAC_G::Shuttleworthia,Bacteria,5,,,False,,False,False
warning_ammonia_toxicity,BAC_G::Shuttleworthia,Bacteria,5,0.0,0.0,False,144.0,False,False
warning_biogas_quality,BAC_G::Shuttleworthia,Bacteria,5,0.0,0.0,False,139.0,False,False
warning_acid_base_balance,BAC_G::Simplicispira,Bacteria,5,0.0,0.0,True,175.0,False,False
warning_buffer_capacity,BAC_G::Simplicispira,Bacteria,5,0.0,0.0,True,113.5,False,False
warning_acid_accumulation,BAC_G::Simplicispira,Bacteria,5,,,True,,False,False
warning_ammonia_toxicity,BAC_G::Simplicispira,Bacteria,5,0.0,0.0,True,144.0,False,False
warning_biogas_quality,BAC_G::Simplicispira,Bacteria,5,0.0,0.0,True,139.0,False,False
warning_acid_base_balance,BAC_G::Smithella,Bacteria,5,0.017775974025974046,0.018157351898550493,True,19.0,False,True
warning_buffer_capacity,BAC_G::Smithella,Bacteria,5,0.0009848484848484864,0.004773012067146643,True,4.0,True,True
warning_acid_accumulation,BAC_G::Smithella,Bacteria,5,,,True,,False,False
warning_ammonia_toxicity,BAC_G::Smithella,Bacteria,5,0.0,0.0,True,144.0,False,False
warning_biogas_quality,BAC_G::Smithella,Bacteria,5,0.0,0.0,True,139.0,False,False
warning_acid_base_balance,BAC_G::Sphaerochaeta,Bacteria,5,0.023125000000000017,0.015187967016861188,True,12.0,False,True
warning_buffer_capacity,BAC_G::Sphaerochaeta,Bacteria,5,-0.0009090909090909094,0.0027981227784140573,True,233.5,False,False
warning_acid_accumulation,BAC_G::Sphaerochaeta,Bacteria,5,,,True,,False,False
warning_ammonia_toxicity,BAC_G::Sphaerochaeta,Bacteria,5,0.0,0.0,True,144.0,False,False
warning_biogas_quality,BAC_G::Sphaerochaeta,Bacteria,5,0.0,0.0,True,139.0,False,False
warning_acid_base_balance,BAC_G::Stenotrophomonas,Bacteria,5,0.0,0.0,True,175.0,False,False
warning_buffer_capacity,BAC_G::Stenotrophomonas,Bacteria,5,0.0,0.0,True,113.5,False,False
warning_acid_accumulation,BAC_G::Stenotrophomonas,Bacteria,5,,,True,,False,False
warning_ammonia_toxicity,BAC_G::Stenotrophomonas,Bacteria,5,0.0,0.0,True,144.0,False,False
warning_biogas_quality,BAC_G::Stenotrophomonas,Bacteria,5,0.0,0.0,True,139.0,False,False
warning_acid_base_balance,BAC_G::Sterolibacterium,Bacteria,5,0.0,0.0,True,175.0,False,False
warning_buffer_capacity,BAC_G::Sterolibacterium,Bacteria,5,0.0,0.0,True,113.5,False,False
warning_acid_accumulation,BAC_G::Sterolibacterium,Bacteria,5,,,True,,False,False
warning_ammonia_toxicity,BAC_G::Sterolibacterium,Bacteria,5,0.0,0.0,True,144.0,False,False
warning_biogas_quality,BAC_G::Sterolibacterium,Bacteria,5,0.0,0.0,True,139.0,False,False
warning_acid_base_balance,BAC_G::Streptococcus,Bacteria,5,0.0,0.0,True,175.0,False,False
warning_buffer_capacity,BAC_G::Streptococcus,Bacteria,5,0.0,0.0,True,113.5,False,False
warning_acid_accumulation,BAC_G::Streptococcus,Bacteria,5,,,True,,False,False
warning_ammonia_toxicity,BAC_G::Streptococcus,Bacteria,5,0.0,0.0,True,144.0,False,False
warning_biogas_quality,BAC_G::Streptococcus,Bacteria,5,0.0,0.0,True,139.0,False,False
warning_acid_base_balance,BAC_G::Sutterella,Bacteria,5,0.0,0.0,True,175.0,False,False
warning_buffer_capacity,BAC_G::Sutterella,Bacteria,5,0.0,0.0,True,113.5,False,False
warning_acid_accumulation,BAC_G::Sutterella,Bacteria,5,,,True,,False,False
warning_ammonia_toxicity,BAC_G::Sutterella,Bacteria,5,0.0,0.0,True,144.0,False,False
warning_biogas_quality,BAC_G::Sutterella,Bacteria,5,0.0,0.0,True,139.0,False,False
warning_acid_base_balance,BAC_G::Syner-01,Bacteria,5,0.006785714285714295,0.014514151026549328,True,37.0,False,False
warning_buffer_capacity,BAC_G::Syner-01,Bacteria,5,-0.0006060606060606058,0.004324787191761406,True,231.0,False,False
warning_acid_accumulation,BAC_G::Syner-01,Bacteria,5,,,True,,False,False
warning_ammonia_toxicity,BAC_G::Syner-01,Bacteria,5,0.0,0.0,True,144.0,False,False
warning_biogas_quality,BAC_G::Syner-01,Bacteria,5,0.0,0.0,True,139.0,False,False
warning_acid_base_balance,BAC_G::Syntrophaceticus,Bacteria,5,0.0,0.0,True,175.0,False,False
warning_buffer_capacity,BAC_G::Syntrophaceticus,Bacteria,5,0.0,0.0,True,113.5,False,False
warning_acid_accumulation,BAC_G::Syntrophaceticus,Bacteria,5,,,True,,False,False
warning_ammonia_toxicity,BAC_G::Syntrophaceticus,Bacteria,5,0.0,0.0,True,144.0,False,False
warning_biogas_quality,BAC_G::Syntrophaceticus,Bacteria,5,0.0,0.0,True,139.0,False,False
warning_acid_base_balance,BAC_G::Syntrophobacter,Bacteria,5,0.0,0.0,True,175.0,False,False
warning_buffer_capacity,BAC_G::Syntrophobacter,Bacteria,5,0.0,0.0,True,113.5,False,False
warning_acid_accumulation,BAC_G::Syntrophobacter,Bacteria,5,,,True,,False,False
warning_ammonia_toxicity,BAC_G::Syntrophobacter,Bacteria,5,0.0,0.0,True,144.0,False,False
warning_biogas_quality,BAC_G::Syntrophobacter,Bacteria,5,0.0,0.0,True,139.0,False,False
warning_acid_base_balance,BAC_G::Syntrophococcus,Bacteria,5,0.0,0.0,True,175.0,False,False
warning_buffer_capacity,BAC_G::Syntrophococcus,Bacteria,5,0.0,0.0,True,113.5,False,False
warning_acid_accumulation,BAC_G::Syntrophococcus,Bacteria,5,,,True,,False,False
warning_ammonia_toxicity,BAC_G::Syntrophococcus,Bacteria,5,0.0,0.0,True,144.0,False,False
warning_biogas_quality,BAC_G::Syntrophococcus,Bacteria,5,0.0,0.0,True,139.0,False,False
warning_acid_base_balance,BAC_G::Syntrophomonas,Bacteria,5,0.0,0.0,True,175.0,False,False
warning_buffer_capacity,BAC_G::Syntrophomonas,Bacteria,5,-0.0022727272727272735,0.004038742348357449,True,249.0,False,False
warning_acid_accumulation,BAC_G::Syntrophomonas,Bacteria,5,,,True,,False,False
warning_ammonia_toxicity,BAC_G::Syntrophomonas,Bacteria,5,0.0,0.0,True,144.0,False,False
warning_biogas_quality,BAC_G::Syntrophomonas,Bacteria,5,0.0,0.0,True,139.0,False,False
warning_acid_base_balance,BAC_G::Syntrophorhabdus,Bacteria,5,0.004642857142857148,0.01182239677565195,True,42.5,False,False
warning_buffer_capacity,BAC_G::Syntrophorhabdus,Bacteria,5,-0.008181818181818184,0.0027981227784140577,True,265.0,False,False
warning_acid_accumulation,BAC_G::Syntrophorhabdus,Bacteria,5,,,True,,False,False
warning_ammonia_toxicity,BAC_G::Syntrophorhabdus,Bacteria,5,0.0,0.0,True,144.0,False,False
warning_biogas_quality,BAC_G::Syntrophorhabdus,Bacteria,5,0.0,0.0,True,139.0,False,False
warning_acid_base_balance,BAC_G::Syntrophus,Bacteria,5,0.0,0.0,True,175.0,False,False
warning_buffer_capacity,BAC_G::Syntrophus,Bacteria,5,-0.0004545454545454547,0.0020327890704543547,True,225.5,False,False
warning_acid_accumulation,BAC_G::Syntrophus,Bacteria,5,,,True,,False,False
warning_ammonia_toxicity,BAC_G::Syntrophus,Bacteria,5,0.0,0.0,True,144.0,False,False
warning_biogas_quality,BAC_G::Syntrophus,Bacteria,5,0.0,0.0,True,139.0,False,False
warning_acid_base_balance,BAC_G::TTA-B1,Bacteria,5,0.0,0.0,True,175.0,False,False
warning_buffer_capacity,BAC_G::TTA-B1,Bacteria,5,0.0,0.0,True,113.5,False,False
warning_acid_accumulation,BAC_G::TTA-B1,Bacteria,5,,,True,,False,False
warning_ammonia_toxicity,BAC_G::TTA-B1,Bacteria,5,0.0,0.0,True,144.0,False,False
warning_biogas_quality,BAC_G::TTA-B1,Bacteria,5,0.0,0.0,True,139.0,False,False
warning_acid_base_balance,BAC_G::Tepidimicrobium,Bacteria,5,0.0008590367965367717,0.01873978261706964,True,74.0,False,False
warning_buffer_capacity,BAC_G::Tepidimicrobium,Bacteria,5,-0.0011946386946386951,0.005793283762685593,True,237.0,False,False
warning_acid_accumulation,BAC_G::Tepidimicrobium,Bacteria,5,,,True,,False,False
warning_ammonia_toxicity,BAC_G::Tepidimicrobium,Bacteria,5,0.001904761904761898,0.005862733440486574,True,13.0,False,True
warning_biogas_quality,BAC_G::Tepidimicrobium,Bacteria,5,0.0,0.0,True,139.0,False,False
warning_acid_base_balance,BAC_G::Terrimonas,Bacteria,5,0.0,0.0,True,175.0,False,False
warning_buffer_capacity,BAC_G::Terrimonas,Bacteria,5,0.0,0.0,True,113.5,False,False
warning_acid_accumulation,BAC_G::Terrimonas,Bacteria,5,,,True,,False,False
warning_ammonia_toxicity,BAC_G::Terrimonas,Bacteria,5,0.0,0.0,True,144.0,False,False
warning_biogas_quality,BAC_G::Terrimonas,Bacteria,5,0.0,0.0,True,139.0,False,False
warning_acid_base_balance,BAC_G::Tetrasphaera,Bacteria,5,0.0,0.0,True,175.0,False,False
warning_buffer_capacity,BAC_G::Tetrasphaera,Bacteria,5,0.0,0.0,True,113.5,False,False
warning_acid_accumulation,BAC_G::Tetrasphaera,Bacteria,5,,,True,,False,False
warning_ammonia_toxicity,BAC_G::Tetrasphaera,Bacteria,5,0.0,0.0,True,144.0,False,False
warning_biogas_quality,BAC_G::Tetrasphaera,Bacteria,5,0.0,0.0,True,139.0,False,False
warning_acid_base_balance,BAC_G::Thauera,Bacteria,5,0.0,0.0,True,175.0,False,False
warning_buffer_capacity,BAC_G::Thauera,Bacteria,5,0.0,0.0,True,113.5,False,False
warning_acid_accumulation,BAC_G::Thauera,Bacteria,5,,,True,,False,False
warning_ammonia_toxicity,BAC_G::Thauera,Bacteria,5,0.0,0.0,True,144.0,False,False
warning_biogas_quality,BAC_G::Thauera,Bacteria,5,0.0,0.0,True,139.0,False,False
warning_acid_base_balance,BAC_G::Thermoanaerobaculum,Bacteria,5,0.0,0.0,True,175.0,False,False
warning_buffer_capacity,BAC_G::Thermoanaerobaculum,Bacteria,5,0.0,0.0,True,113.5,False,False
warning_acid_accumulation,BAC_G::Thermoanaerobaculum,Bacteria,5,,,True,,False,False
warning_ammonia_toxicity,BAC_G::Thermoanaerobaculum,Bacteria,5,0.0,0.0,True,144.0,False,False
warning_biogas_quality,BAC_G::Thermoanaerobaculum,Bacteria,5,0.0,0.0,True,139.0,False,False
warning_acid_base_balance,BAC_G::Thermomonas,Bacteria,5,0.0,0.0,True,175.0,False,False
warning_buffer_capacity,BAC_G::Thermomonas,Bacteria,5,0.0,0.0,True,113.5,False,False
warning_acid_accumulation,BAC_G::Thermomonas,Bacteria,5,,,True,,False,False
warning_ammonia_toxicity,BAC_G::Thermomonas,Bacteria,5,0.0,0.0,True,144.0,False,False
warning_biogas_quality,BAC_G::Thermomonas,Bacteria,5,0.0,0.0,True,139.0,False,False
warning_acid_base_balance,BAC_G::Thermovirga,Bacteria,5,0.0,0.0,True,175.0,False,False
warning_buffer_capacity,BAC_G::Thermovirga,Bacteria,5,0.0,0.0,True,113.5,False,False
warning_acid_accumulation,BAC_G::Thermovirga,Bacteria,5,,,True,,False,False
warning_ammonia_toxicity,BAC_G::Thermovirga,Bacteria,5,0.0,0.0,True,144.0,False,False
warning_biogas_quality,BAC_G::Thermovirga,Bacteria,5,0.0,0.0,True,139.0,False,False
warning_acid_base_balance,BAC_G::Thermus,Bacteria,5,0.0,0.0,True,175.0,False,False
warning_buffer_capacity,BAC_G::Thermus,Bacteria,5,0.0,0.0,True,113.5,False,False
warning_acid_accumulation,BAC_G::Thermus,Bacteria,5,,,True,,False,False
warning_ammonia_toxicity,BAC_G::Thermus,Bacteria,5,0.0,0.0,True,144.0,False,False
warning_biogas_quality,BAC_G::Thermus,Bacteria,5,0.0,0.0,True,139.0,False,False
warning_acid_base_balance,BAC_G::Tissierella,Bacteria,5,0.0,0.0,True,175.0,False,False
warning_buffer_capacity,BAC_G::Tissierella,Bacteria,5,-0.0018181818181818188,0.0037308303712187433,True,244.5,False,False
warning_acid_accumulation,BAC_G::Tissierella,Bacteria,5,,,True,,False,False
warning_ammonia_toxicity,BAC_G::Tissierella,Bacteria,5,0.0,0.0,True,144.0,False,False
warning_biogas_quality,BAC_G::Tissierella,Bacteria,5,0.0,0.0,True,139.0,False,False
warning_acid_base_balance,BAC_G::Treponema,Bacteria,5,0.0,0.0,True,175.0,False,False
warning_buffer_capacity,BAC_G::Treponema,Bacteria,5,0.0,0.0,True,113.5,False,False
warning_acid_accumulation,BAC_G::Treponema,Bacteria,5,,,True,,False,False
warning_ammonia_toxicity,BAC_G::Treponema,Bacteria,5,0.0,0.0,True,144.0,False,False
warning_biogas_quality,BAC_G::Treponema,Bacteria,5,0.0,0.0,True,139.0,False,False
warning_acid_base_balance,BAC_G::Truepera,Bacteria,5,0.0,0.0,True,175.0,False,False
warning_buffer_capacity,BAC_G::Truepera,Bacteria,5,0.0,0.0,True,113.5,False,False
warning_acid_accumulation,BAC_G::Truepera,Bacteria,5,,,True,,False,False
warning_ammonia_toxicity,BAC_G::Truepera,Bacteria,5,0.0,0.0,True,144.0,False,False
warning_biogas_quality,BAC_G::Truepera,Bacteria,5,0.0,0.0,True,139.0,False,False
warning_acid_base_balance,BAC_G::UCG-010,Bacteria,5,0.0,0.0,True,175.0,False,False
warning_buffer_capacity,BAC_G::UCG-010,Bacteria,5,0.0,0.0,True,113.5,False,False
warning_acid_accumulation,BAC_G::UCG-010,Bacteria,5,,,True,,False,False
warning_ammonia_toxicity,BAC_G::UCG-010,Bacteria,5,0.0,0.0,True,144.0,False,False
warning_biogas_quality,BAC_G::UCG-010,Bacteria,5,0.0,0.0,True,139.0,False,False
warning_acid_base_balance,BAC_G::W27,Bacteria,5,0.013587662337662348,0.018935551965229072,True,27.0,False,False
warning_buffer_capacity,BAC_G::W27,Bacteria,5,-0.0004545454545454547,0.002032789070454355,True,225.5,False,False
warning_acid_accumulation,BAC_G::W27,Bacteria,5,,,True,,False,False
warning_ammonia_toxicity,BAC_G::W27,Bacteria,5,0.0,0.0,True,144.0,False,False
warning_biogas_quality,BAC_G::W27,Bacteria,5,0.0,0.0,True,139.0,False,False
warning_acid_base_balance,BAC_G::W5,Bacteria,5,0.0033928571428571475,0.010837326097775088,True,54.0,False,False
warning_buffer_capacity,BAC_G::W5,Bacteria,5,0.0,0.0,True,113.5,False,False
warning_acid_accumulation,BAC_G::W5,Bacteria,5,,,True,,False,False
warning_ammonia_toxicity,BAC_G::W5,Bacteria,5,0.0,0.0,True,144.0,False,False
warning_biogas_quality,BAC_G::W5,Bacteria,5,0.0,0.0,True,139.0,False,False
warning_acid_base_balance,BAC_G::W5053,Bacteria,5,0.0025000000000000022,0.007694837640638663,True,60.0,False,False
warning_buffer_capacity,BAC_G::W5053,Bacteria,5,0.0,0.0,True,113.5,False,False
warning_acid_accumulation,BAC_G::W5053,Bacteria,5,,,True,,False,False
warning_ammonia_toxicity,BAC_G::W5053,Bacteria,5,0.035954545454545385,0.016407683709710335,True,2.0,True,True
warning_biogas_quality,BAC_G::W5053,Bacteria,5,0.0,0.0,True,139.0,False,False
warning_acid_base_balance,BAC_G::WCHB1-02,Bacteria,5,0.0,0.0,True,175.0,False,False
warning_buffer_capacity,BAC_G::WCHB1-02,Bacteria,5,0.0,0.0,True,113.5,False,False
warning_acid_accumulation,BAC_G::WCHB1-02,Bacteria,5,,,True,,False,False
warning_ammonia_toxicity,BAC_G::WCHB1-02,Bacteria,5,0.0,0.0,True,144.0,False,False
warning_biogas_quality,BAC_G::WCHB1-02,Bacteria,5,0.0,0.0,True,139.0,False,False
warning_acid_base_balance,BAC_G::WCHB1-41,Bacteria,5,0.0,0.0,True,175.0,False,False
warning_buffer_capacity,BAC_G::WCHB1-41,Bacteria,5,0.0,0.0,True,113.5,False,False
warning_acid_accumulation,BAC_G::WCHB1-41,Bacteria,5,,,True,,False,False
warning_ammonia_toxicity,BAC_G::WCHB1-41,Bacteria,5,0.0,0.0,True,144.0,False,False
warning_biogas_quality,BAC_G::WCHB1-41,Bacteria,5,0.0,0.0,True,139.0,False,False
warning_acid_base_balance,BAC_G::WCHB1-81,Bacteria,5,0.0,0.0,False,175.0,False,False
warning_buffer_capacity,BAC_G::WCHB1-81,Bacteria,5,0.0,0.0,False,113.5,False,False
warning_acid_accumulation,BAC_G::WCHB1-81,Bacteria,5,,,False,,False,False
warning_ammonia_toxicity,BAC_G::WCHB1-81,Bacteria,5,0.0,0.0,False,144.0,False,False
warning_biogas_quality,BAC_G::WCHB1-81,Bacteria,5,0.0,0.0,False,139.0,False,False
warning_acid_base_balance,BAC_G::Zoogloea,Bacteria,5,0.0021428571428571464,0.009583148474999114,True,66.0,False,False
warning_buffer_capacity,BAC_G::Zoogloea,Bacteria,5,-0.0003896103896103897,0.005732587357493412,True,221.0,False,False
warning_acid_accumulation,BAC_G::Zoogloea,Bacteria,5,,,True,,False,False
warning_ammonia_toxicity,BAC_G::Zoogloea,Bacteria,5,0.0,0.0,True,144.0,False,False
warning_biogas_quality,BAC_G::Zoogloea,Bacteria,5,0.021875,0.0978279740156158,True,4.0,True,True
warning_acid_base_balance,BAC_G::p-251-o5,Bacteria,5,0.0,0.0,True,175.0,False,False
warning_buffer_capacity,BAC_G::p-251-o5,Bacteria,5,0.0,0.0,True,113.5,False,False
warning_acid_accumulation,BAC_G::p-251-o5,Bacteria,5,,,True,,False,False
warning_ammonia_toxicity,BAC_G::p-251-o5,Bacteria,5,0.0,0.0,True,144.0,False,False
warning_biogas_quality,BAC_G::p-251-o5,Bacteria,5,0.0,0.0,True,139.0,False,False
warning_acid_base_balance,BAC_G::unidentified,Bacteria,5,0.0071428571428571504,0.013211491271282407,True,35.0,False,False
warning_buffer_capacity,BAC_G::unidentified,Bacteria,5,-0.005909090909090911,0.004448731681178119,True,258.5,False,False
warning_acid_accumulation,BAC_G::unidentified,Bacteria,5,,,True,,False,False
warning_ammonia_toxicity,BAC_G::unidentified,Bacteria,5,0.0,0.0,True,144.0,False,False
warning_biogas_quality,BAC_G::unidentified,Bacteria,5,0.0,0.0,True,139.0,False,False
warning_acid_base_balance,ARC_P::Aenigmarchaeota,Archaea,5,0.0,0.0,True,175.0,False,False
warning_buffer_capacity,ARC_P::Aenigmarchaeota,Archaea,5,0.0,0.0,True,113.5,False,False
warning_acid_accumulation,ARC_P::Aenigmarchaeota,Archaea,5,,,True,,False,False
warning_ammonia_toxicity,ARC_P::Aenigmarchaeota,Archaea,5,0.0,0.0,True,144.0,False,False
warning_biogas_quality,ARC_P::Aenigmarchaeota,Archaea,5,0.0,0.0,True,139.0,False,False
warning_acid_base_balance,ARC_P::Asgardarchaeota,Archaea,5,0.0,0.0,True,175.0,False,False
warning_buffer_capacity,ARC_P::Asgardarchaeota,Archaea,5,0.0,0.0,True,113.5,False,False
warning_acid_accumulation,ARC_P::Asgardarchaeota,Archaea,5,,,True,,False,False
warning_ammonia_toxicity,ARC_P::Asgardarchaeota,Archaea,5,0.0,0.0,True,144.0,False,False
warning_biogas_quality,ARC_P::Asgardarchaeota,Archaea,5,0.0,0.0,True,139.0,False,False
warning_acid_base_balance,ARC_P::Crenarchaeota,Archaea,5,0.0,0.0,True,175.0,False,False
warning_buffer_capacity,ARC_P::Crenarchaeota,Archaea,5,0.0,0.0,True,113.5,False,False
warning_acid_accumulation,ARC_P::Crenarchaeota,Archaea,5,,,True,,False,False
warning_ammonia_toxicity,ARC_P::Crenarchaeota,Archaea,5,0.0,0.0,True,144.0,False,False
warning_biogas_quality,ARC_P::Crenarchaeota,Archaea,5,0.0,0.0,True,139.0,False,False
warning_acid_base_balance,ARC_P::Cryptomycota,Archaea,5,0.0,0.0,True,175.0,False,False
warning_buffer_capacity,ARC_P::Cryptomycota,Archaea,5,0.0,0.0,True,113.5,False,False
warning_acid_accumulation,ARC_P::Cryptomycota,Archaea,5,,,True,,False,False
warning_ammonia_toxicity,ARC_P::Cryptomycota,Archaea,5,0.0,0.0,True,144.0,False,False
warning_biogas_quality,ARC_P::Cryptomycota,Archaea,5,0.0,0.0,True,139.0,False,False
warning_acid_base_balance,ARC_P::Euryarchaeota,Archaea,5,0.0,0.0,True,175.0,False,False
warning_buffer_capacity,ARC_P::Euryarchaeota,Archaea,5,0.0,0.0,True,113.5,False,False
warning_acid_accumulation,ARC_P::Euryarchaeota,Archaea,5,,,True,,False,False
warning_ammonia_toxicity,ARC_P::Euryarchaeota,Archaea,5,0.001904761904761898,0.005862733440486574,True,13.0,False,True
warning_biogas_quality,ARC_P::Euryarchaeota,Archaea,5,0.0,0.0,True,139.0,False,False
warning_acid_base_balance,ARC_P::Hadarchaeota,Archaea,5,0.0,0.0,True,175.0,False,False
warning_buffer_capacity,ARC_P::Hadarchaeota,Archaea,5,0.0,0.0,True,113.5,False,False
warning_acid_accumulation,ARC_P::Hadarchaeota,Archaea,5,,,True,,False,False
warning_ammonia_toxicity,ARC_P::Hadarchaeota,Archaea,5,0.0,0.0,True,144.0,False,False
warning_biogas_quality,ARC_P::Hadarchaeota,Archaea,5,0.0,0.0,True,139.0,False,False
warning_acid_base_balance,ARC_P::Halobacterota,Archaea,5,0.02059523809523811,0.022554981158949324,True,14.0,False,True
warning_buffer_capacity,ARC_P::Halobacterota,Archaea,5,0.0,0.0,True,113.5,False,False
warning_acid_accumulation,ARC_P::Halobacterota,Archaea,5,,,True,,False,False
warning_ammonia_toxicity,ARC_P::Halobacterota,Archaea,5,0.004761904761904745,0.00846212682512986,True,8.5,True,True
warning_biogas_quality,ARC_P::Halobacterota,Archaea,5,0.008333333333333335,0.037267799624996496,True,7.0,True,True
warning_acid_base_balance,ARC_P::Holozoa,Archaea,5,0.0,0.0,True,175.0,False,False
warning_buffer_capacity,ARC_P::Holozoa,Archaea,5,0.0,0.0,True,113.5,False,False
warning_acid_accumulation,ARC_P::Holozoa,Archaea,5,,,True,,False,False
warning_ammonia_toxicity,ARC_P::Holozoa,Archaea,5,0.0,0.0,True,144.0,False,False
warning_biogas_quality,ARC_P::Holozoa,Archaea,5,0.0,0.0,True,139.0,False,False
warning_acid_base_balance,ARC_P::Iainarchaeota,Archaea,5,0.0,0.0,True,175.0,False,False
warning_buffer_capacity,ARC_P::Iainarchaeota,Archaea,5,0.0,0.0,True,113.5,False,False
warning_acid_accumulation,ARC_P::Iainarchaeota,Archaea,5,,,True,,False,False
warning_ammonia_toxicity,ARC_P::Iainarchaeota,Archaea,5,0.0,0.0,True,144.0,False,False
warning_biogas_quality,ARC_P::Iainarchaeota,Archaea,5,0.0,0.0,True,139.0,False,False
warning_acid_base_balance,ARC_P::Micrarchaeota,Archaea,5,0.0050000000000000044,0.01025978352085155,True,40.5,False,False
warning_buffer_capacity,ARC_P::Micrarchaeota,Archaea,5,0.0,0.0,True,113.5,False,False
warning_acid_accumulation,ARC_P::Micrarchaeota,Archaea,5,,,True,,False,False
warning_ammonia_toxicity,ARC_P::Micrarchaeota,Archaea,5,0.0,0.0,True,144.0,False,False
warning_biogas_quality,ARC_P::Micrarchaeota,Archaea,5,0.0,0.0,True,139.0,False,False
warning_acid_base_balance,ARC_P::Mollusca,Archaea,5,0.0,0.0,True,175.0,False,False
warning_buffer_capacity,ARC_P::Mollusca,Archaea,5,0.0,0.0,True,113.5,False,False
warning_acid_accumulation,ARC_P::Mollusca,Archaea,5,,,True,,False,False
warning_ammonia_toxicity,ARC_P::Mollusca,Archaea,5,0.0,0.0,True,144.0,False,False
warning_biogas_quality,ARC_P::Mollusca,Archaea,5,0.0,0.0,True,139.0,False,False
warning_acid_base_balance,ARC_P::Nanoarchaeota,Archaea,5,0.0,0.0,True,175.0,False,False
warning_buffer_capacity,ARC_P::Nanoarchaeota,Archaea,5,-0.0036363636363636377,0.0045693153631821345,True,252.5,False,False
warning_acid_accumulation,ARC_P::Nanoarchaeota,Archaea,5,,,True,,False,False
warning_ammonia_toxicity,ARC_P::Nanoarchaeota,Archaea,5,0.0,0.0,True,144.0,False,False
warning_biogas_quality,ARC_P::Nanoarchaeota,Archaea,5,0.0,0.0,True,139.0,False,False
warning_acid_base_balance,ARC_P::Thermoplasmatota,Archaea,5,0.01821428571428574,0.01820709721040718,True,18.0,False,True
warning_buffer_capacity,ARC_P::Thermoplasmatota,Archaea,5,0.0006060606060606071,0.004516120123458152,True,5.0,True,True
warning_acid_accumulation,ARC_P::Thermoplasmatota,Archaea,5,,,True,,False,False
warning_ammonia_toxicity,ARC_P::Thermoplasmatota,Archaea,5,0.0,0.0,True,144.0,False,False
warning_biogas_quality,ARC_P::Thermoplasmatota,Archaea,5,0.0,0.0,True,139.0,False,False
warning_acid_base_balance,ARC_P::Vertebrata,Archaea,5,0.0,0.0,True,175.0,False,False
warning_buffer_capacity,ARC_P::Vertebrata,Archaea,5,0.0,0.0,True,113.5,False,False
warning_acid_accumulation,ARC_P::Vertebrata,Archaea,5,,,True,,False,False
warning_ammonia_toxicity,ARC_P::Vertebrata,Archaea,5,0.0,0.0,True,144.0,False,False
warning_biogas_quality,ARC_P::Vertebrata,Archaea,5,0.0,0.0,True,139.0,False,False
warning_acid_base_balance,ARC_P::unidentified,Archaea,5,0.004285714285714293,0.01319115024109486,True,45.5,False,False
warning_buffer_capacity,ARC_P::unidentified,Archaea,5,-0.0004545454545454547,0.002032789070454355,True,225.5,False,False
warning_acid_accumulation,ARC_P::unidentified,Archaea,5,,,True,,False,False
warning_ammonia_toxicity,ARC_P::unidentified,Archaea,5,0.0,0.0,True,144.0,False,False
warning_biogas_quality,ARC_P::unidentified,Archaea,5,-0.0125,0.12760444638351012,True,270.5,False,False
warning_acid_base_balance,ARC_G::Aenigmarchaeales,Archaea,5,0.0,0.0,True,175.0,False,False
warning_buffer_capacity,ARC_G::Aenigmarchaeales,Archaea,5,0.0,0.0,True,113.5,False,False
warning_acid_accumulation,ARC_G::Aenigmarchaeales,Archaea,5,,,True,,False,False
warning_ammonia_toxicity,ARC_G::Aenigmarchaeales,Archaea,5,0.0,0.0,True,144.0,False,False
warning_biogas_quality,ARC_G::Aenigmarchaeales,Archaea,5,0.0,0.0,True,139.0,False,False
warning_acid_base_balance,ARC_G::Bathyarchaeia,Archaea,5,0.0,0.0,True,175.0,False,False
warning_buffer_capacity,ARC_G::Bathyarchaeia,Archaea,5,-0.005000000000000002,0.004640161686673096,True,257.0,False,False
warning_acid_accumulation,ARC_G::Bathyarchaeia,Archaea,5,,,True,,False,False
warning_ammonia_toxicity,ARC_G::Bathyarchaeia,Archaea,5,0.0,0.0,True,144.0,False,False
warning_biogas_quality,ARC_G::Bathyarchaeia,Archaea,5,0.0,0.0,True,139.0,False,False
warning_acid_base_balance,ARC_G::Candidatus_Iainarchaeum,Archaea,5,0.0,0.0,True,175.0,False,False
warning_buffer_capacity,ARC_G::Candidatus_Iainarchaeum,Archaea,5,0.0,0.0,True,113.5,False,False
warning_acid_accumulation,ARC_G::Candidatus_Iainarchaeum,Archaea,5,,,True,,False,False
warning_ammonia_toxicity,ARC_G::Candidatus_Iainarchaeum,Archaea,5,0.0,0.0,True,144.0,False,False
warning_biogas_quality,ARC_G::Candidatus_Iainarchaeum,Archaea,5,0.0,0.0,True,139.0,False,False
warning_acid_base_balance,ARC_G::Candidatus_Methanofastidiosum,Archaea,5,0.0,0.0,True,175.0,False,False
warning_buffer_capacity,ARC_G::Candidatus_Methanofastidiosum,Archaea,5,0.0,0.0,True,113.5,False,False
warning_acid_accumulation,ARC_G::Candidatus_Methanofastidiosum,Archaea,5,,,True,,False,False
warning_ammonia_toxicity,ARC_G::Candidatus_Methanofastidiosum,Archaea,5,0.001904761904761898,0.005862733440486574,True,13.0,False,True
warning_biogas_quality,ARC_G::Candidatus_Methanofastidiosum,Archaea,5,0.0,0.0,True,139.0,False,False
warning_acid_base_balance,ARC_G::Candidatus_Methanogranum,Archaea,5,0.0,0.0,True,175.0,False,False
warning_buffer_capacity,ARC_G::Candidatus_Methanogranum,Archaea,5,0.0,0.0,True,113.5,False,False
warning_acid_accumulation,ARC_G::Candidatus_Methanogranum,Archaea,5,,,True,,False,False
warning_ammonia_toxicity,ARC_G::Candidatus_Methanogranum,Archaea,5,0.0,0.0,True,144.0,False,False
warning_biogas_quality,ARC_G::Candidatus_Methanogranum,Archaea,5,0.0,0.0,True,139.0,False,False
warning_acid_base_balance,ARC_G::Candidatus_Methanomethylicus,Archaea,5,0.0,0.0,True,175.0,False,False
warning_buffer_capacity,ARC_G::Candidatus_Methanomethylicus,Archaea,5,0.0,0.0,True,113.5,False,False
warning_acid_accumulation,ARC_G::Candidatus_Methanomethylicus,Archaea,5,,,True,,False,False
warning_ammonia_toxicity,ARC_G::Candidatus_Methanomethylicus,Archaea,5,0.0,0.0,True,144.0,False,False
warning_biogas_quality,ARC_G::Candidatus_Methanomethylicus,Archaea,5,0.0,0.0,True,139.0,False,False
warning_acid_base_balance,ARC_G::Candidatus_Methanomethylophilus,Archaea,5,0.0,0.0,True,175.0,False,False
warning_buffer_capacity,ARC_G::Candidatus_Methanomethylophilus,Archaea,5,0.0,0.0,True,113.5,False,False
warning_acid_accumulation,ARC_G::Candidatus_Methanomethylophilus,Archaea,5,,,True,,False,False
warning_ammonia_toxicity,ARC_G::Candidatus_Methanomethylophilus,Archaea,5,0.0,0.0,True,144.0,False,False
warning_biogas_quality,ARC_G::Candidatus_Methanomethylophilus,Archaea,5,0.0,0.0,True,139.0,False,False
warning_acid_base_balance,ARC_G::Candidatus_Methanoplasma,Archaea,5,0.01535714285714288,0.01993881618796474,True,23.0,False,False
warning_buffer_capacity,ARC_G::Candidatus_Methanoplasma,Archaea,5,0.0,0.0,True,113.5,False,False
warning_acid_accumulation,ARC_G::Candidatus_Methanoplasma,Archaea,5,,,True,,False,False
warning_ammonia_toxicity,ARC_G::Candidatus_Methanoplasma,Archaea,5,0.0,0.0,True,144.0,False,False
warning_biogas_quality,ARC_G::Candidatus_Methanoplasma,Archaea,5,0.0,0.0,True,139.0,False,False
warning_acid_base_balance,ARC_G::Candidatus_Nitrocosmicus,Archaea,5,0.0,0.0,True,175.0,False,False
warning_buffer_capacity,ARC_G::Candidatus_Nitrocosmicus,Archaea,5,0.0,0.0,True,113.5,False,False
warning_acid_accumulation,ARC_G::Candidatus_Nitrocosmicus,Archaea,5,,,True,,False,False
warning_ammonia_toxicity,ARC_G::Candidatus_Nitrocosmicus,Archaea,5,0.0,0.0,True,144.0,False,False
warning_biogas_quality,ARC_G::Candidatus_Nitrocosmicus,Archaea,5,0.0,0.0,True,139.0,False,False
warning_acid_base_balance,ARC_G::Hadarchaeales,Archaea,5,0.0,0.0,True,175.0,False,False
warning_buffer_capacity,ARC_G::Hadarchaeales,Archaea,5,0.0,0.0,True,113.5,False,False
warning_acid_accumulation,ARC_G::Hadarchaeales,Archaea,5,,,True,,False,False
warning_ammonia_toxicity,ARC_G::Hadarchaeales,Archaea,5,0.0,0.0,True,144.0,False,False
warning_biogas_quality,ARC_G::Hadarchaeales,Archaea,5,0.0,0.0,True,139.0,False,False
warning_acid_base_balance,ARC_G::LKM11,Archaea,5,0.0,0.0,True,175.0,False,False
warning_buffer_capacity,ARC_G::LKM11,Archaea,5,0.0,0.0,True,113.5,False,False
warning_acid_accumulation,ARC_G::LKM11,Archaea,5,,,True,,False,False
warning_ammonia_toxicity,ARC_G::LKM11,Archaea,5,0.0,0.0,True,144.0,False,False
warning_biogas_quality,ARC_G::LKM11,Archaea,5,0.0,0.0,True,139.0,False,False
warning_acid_base_balance,ARC_G::Lokiarchaeia,Archaea,5,0.0,0.0,True,175.0,False,False
warning_buffer_capacity,ARC_G::Lokiarchaeia,Archaea,5,0.0,0.0,True,113.5,False,False
warning_acid_accumulation,ARC_G::Lokiarchaeia,Archaea,5,,,True,,False,False
warning_ammonia_toxicity,ARC_G::Lokiarchaeia,Archaea,5,0.0,0.0,True,144.0,False,False
warning_biogas_quality,ARC_G::Lokiarchaeia,Archaea,5,0.0,0.0,True,139.0,False,False
warning_acid_base_balance,ARC_G::Marine_Benthic_Group_D_and_DHVEG-1,Archaea,5,0.0,0.0,True,175.0,False,False
warning_buffer_capacity,ARC_G::Marine_Benthic_Group_D_and_DHVEG-1,Archaea,5,0.0,0.0,True,113.5,False,False
warning_acid_accumulation,ARC_G::Marine_Benthic_Group_D_and_DHVEG-1,Archaea,5,,,True,,False,False
warning_ammonia_toxicity,ARC_G::Marine_Benthic_Group_D_and_DHVEG-1,Archaea,5,0.0,0.0,True,144.0,False,False
warning_biogas_quality,ARC_G::Marine_Benthic_Group_D_and_DHVEG-1,Archaea,5,0.0,0.0,True,139.0,False,False
warning_acid_base_balance,ARC_G::Methanimicrococcus,Archaea,5,0.3920902361527362,0.06559222217441867,True,1.0,True,True
warning_buffer_capacity,ARC_G::Methanimicrococcus,Archaea,5,-0.05715187590187589,0.0876931307202829,True,276.0,False,False
warning_acid_accumulation,ARC_G::Methanimicrococcus,Archaea,5,,,True,,False,False
warning_ammonia_toxicity,ARC_G::Methanimicrococcus,Archaea,5,0.19839993339993334,0.09740700279251963,True,1.0,True,True
warning_biogas_quality,ARC_G::Methanimicrococcus,Archaea,5,0.0,0.0,True,139.0,False,False
warning_acid_base_balance,ARC_G::Methanocorpusculum,Archaea,5,0.0,0.0,True,175.0,False,False
warning_buffer_capacity,ARC_G::Methanocorpusculum,Archaea,5,0.0,0.0,True,113.5,False,False
warning_acid_accumulation,ARC_G::Methanocorpusculum,Archaea,5,,,True,,False,False
warning_ammonia_toxicity,ARC_G::Methanocorpusculum,Archaea,5,0.0,0.0,True,144.0,False,False
warning_biogas_quality,ARC_G::Methanocorpusculum,Archaea,5,0.0,0.0,True,139.0,False,False
warning_acid_base_balance,ARC_G::Methanoculleus,Archaea,5,0.020433802308802297,0.02864448075934949,True,16.0,False,True
warning_buffer_capacity,ARC_G::Methanoculleus,Archaea,5,0.0,0.0,True,113.5,False,False
warning_acid_accumulation,ARC_G::Methanoculleus,Archaea,5,,,True,,False,False
warning_ammonia_toxicity,ARC_G::Methanoculleus,Archaea,5,0.004761904761904745,0.00846212682512986,True,8.5,True,True
warning_biogas_quality,ARC_G::Methanoculleus,Archaea,5,0.0,0.0,True,139.0,False,False
warning_acid_base_balance,ARC_G::Methanofollis,Archaea,5,0.0,0.0,True,175.0,False,False
warning_buffer_capacity,ARC_G::Methanofollis,Archaea,5,0.0,0.0,True,113.5,False,False
warning_acid_accumulation,ARC_G::Methanofollis,Archaea,5,,,True,,False,False
warning_ammonia_toxicity,ARC_G::Methanofollis,Archaea,5,0.0,0.0,True,144.0,False,False
warning_biogas_quality,ARC_G::Methanofollis,Archaea,5,0.0,0.0,True,139.0,False,False
warning_acid_base_balance,ARC_G::Methanogenium,Archaea,5,0.0,0.0,True,175.0,False,False
warning_buffer_capacity,ARC_G::Methanogenium,Archaea,5,0.0,0.0,True,113.5,False,False
warning_acid_accumulation,ARC_G::Methanogenium,Archaea,5,,,True,,False,False
warning_ammonia_toxicity,ARC_G::Methanogenium,Archaea,5,0.0,0.0,True,144.0,False,False
warning_biogas_quality,ARC_G::Methanogenium,Archaea,5,0.0,0.0,True,139.0,False,False
warning_acid_base_balance,ARC_G::Methanolacinia,Archaea,5,0.0,0.0,True,175.0,False,False
warning_buffer_capacity,ARC_G::Methanolacinia,Archaea,5,0.0,0.0,True,113.5,False,False
warning_acid_accumulation,ARC_G::Methanolacinia,Archaea,5,,,True,,False,False
warning_ammonia_toxicity,ARC_G::Methanolacinia,Archaea,5,0.0,0.0,True,144.0,False,False
warning_biogas_quality,ARC_G::Methanolacinia,Archaea,5,0.0,0.0,True,139.0,False,False
warning_acid_base_balance,ARC_G::Methanolinea,Archaea,5,0.0,0.0,True,175.0,False,False
warning_buffer_capacity,ARC_G::Methanolinea,Archaea,5,0.0,0.0,True,113.5,False,False
warning_acid_accumulation,ARC_G::Methanolinea,Archaea,5,,,True,,False,False
warning_ammonia_toxicity,ARC_G::Methanolinea,Archaea,5,0.0,0.0,True,144.0,False,False
warning_biogas_quality,ARC_G::Methanolinea,Archaea,5,0.0,0.0,True,139.0,False,False
warning_acid_base_balance,ARC_G::Methanolobus,Archaea,5,0.0,0.0,True,175.0,False,False
warning_buffer_capacity,ARC_G::Methanolobus,Archaea,5,0.0,0.0,True,113.5,False,False
warning_acid_accumulation,ARC_G::Methanolobus,Archaea,5,,,True,,False,False
warning_ammonia_toxicity,ARC_G::Methanolobus,Archaea,5,0.0,0.0,True,144.0,False,False
warning_biogas_quality,ARC_G::Methanolobus,Archaea,5,0.0,0.0,True,139.0,False,False
warning_acid_base_balance,ARC_G::Methanomassiliicoccus,Archaea,5,0.0,0.0,True,175.0,False,False
warning_buffer_capacity,ARC_G::Methanomassiliicoccus,Archaea,5,0.00017676767676768,0.008271726263796323,True,6.0,True,True
warning_acid_accumulation,ARC_G::Methanomassiliicoccus,Archaea,5,,,True,,False,False
warning_ammonia_toxicity,ARC_G::Methanomassiliicoccus,Archaea,5,0.0,0.0,True,144.0,False,False
warning_biogas_quality,ARC_G::Methanomassiliicoccus,Archaea,5,0.0,0.0,True,139.0,False,False
warning_acid_base_balance,ARC_G::Methanomethylovorans,Archaea,5,0.0,0.0,True,175.0,False,False
warning_buffer_capacity,ARC_G::Methanomethylovorans,Archaea,5,-0.00772727272727273,0.003330432259386576,True,263.0,False,False
warning_acid_accumulation,ARC_G::Methanomethylovorans,Archaea,5,,,True,,False,False
warning_ammonia_toxicity,ARC_G::Methanomethylovorans,Archaea,5,0.0,0.0,True,144.0,False,False
warning_biogas_quality,ARC_G::Methanomethylovorans,Archaea,5,0.0,0.0,True,139.0,False,False
warning_acid_base_balance,ARC_G::Methanoregula,Archaea,5,0.0,0.0,True,175.0,False,False
warning_buffer_capacity,ARC_G::Methanoregula,Archaea,5,0.0,0.0,True,113.5,False,False
warning_acid_accumulation,ARC_G::Methanoregula,Archaea,5,,,True,,False,False
warning_ammonia_toxicity,ARC_G::Methanoregula,Archaea,5,0.0,0.0,True,144.0,False,False
warning_biogas_quality,ARC_G::Methanoregula,Archaea,5,0.0,0.0,True,139.0,False,False
warning_acid_base_balance,ARC_G::Methanosaeta,Archaea,5,0.0037500000000000033,0.009158688713313089,True,50.5,False,False
warning_buffer_capacity,ARC_G::Methanosaeta,Archaea,5,-0.0009090909090909094,0.0027981227784140573,True,233.5,False,False
warning_acid_accumulation,ARC_G::Methanosaeta,Archaea,5,,,True,,False,False
warning_ammonia_toxicity,ARC_G::Methanosaeta,Archaea,5,0.0,0.0,True,144.0,False,False
warning_biogas_quality,ARC_G::Methanosaeta,Archaea,5,0.0,0.0,True,139.0,False,False
warning_acid_base_balance,ARC_G::Methanosarcina,Archaea,5,0.0012500000000000011,0.0055901699437494795,True,70.5,False,False
warning_buffer_capacity,ARC_G::Methanosarcina,Archaea,5,-0.0004545454545454547,0.002032789070454355,True,225.5,False,False
warning_acid_accumulation,ARC_G::Methanosarcina,Archaea,5,,,True,,False,False
warning_ammonia_toxicity,ARC_G::Methanosarcina,Archaea,5,0.0,0.0,True,144.0,False,False
warning_biogas_quality,ARC_G::Methanosarcina,Archaea,5,0.0,0.0,True,139.0,False,False
warning_acid_base_balance,ARC_G::Methanosphaerula,Archaea,5,0.0,0.0,True,175.0,False,False
warning_buffer_capacity,ARC_G::Methanosphaerula,Archaea,5,0.0,0.0,True,113.5,False,False
warning_acid_accumulation,ARC_G::Methanosphaerula,Archaea,5,,,True,,False,False
warning_ammonia_toxicity,ARC_G::Methanosphaerula,Archaea,5,0.0,0.0,True,144.0,False,False
warning_biogas_quality,ARC_G::Methanosphaerula,Archaea,5,0.0,0.0,True,139.0,False,False
warning_acid_base_balance,ARC_G::Methanospirillum,Archaea,5,0.0,0.0,True,175.0,False,False
warning_buffer_capacity,ARC_G::Methanospirillum,Archaea,5,-0.0018181818181818188,0.0037308303712187433,True,244.5,False,False
warning_acid_accumulation,ARC_G::Methanospirillum,Archaea,5,,,True,,False,False
warning_ammonia_toxicity,ARC_G::Methanospirillum,Archaea,5,0.0,0.0,True,144.0,False,False
warning_biogas_quality,ARC_G::Methanospirillum,Archaea,5,0.07500000000000001,0.1642366713329466,True,2.0,True,True
warning_acid_base_balance,ARC_G::Micrarchaeales,Archaea,5,0.0,0.0,True,175.0,False,False
warning_buffer_capacity,ARC_G::Micrarchaeales,Archaea,5,0.0,0.0,True,113.5,False,False
warning_acid_accumulation,ARC_G::Micrarchaeales,Archaea,5,,,True,,False,False
warning_ammonia_toxicity,ARC_G::Micrarchaeales,Archaea,5,0.0,0.0,True,144.0,False,False
warning_biogas_quality,ARC_G::Micrarchaeales,Archaea,5,0.0,0.0,True,139.0,False,False
warning_acid_base_balance,ARC_G::Nitrososphaeraceae,Archaea,5,0.0,0.0,True,175.0,False,False
warning_buffer_capacity,ARC_G::Nitrososphaeraceae,Archaea,5,0.0,0.0,True,113.5,False,False
warning_acid_accumulation,ARC_G::Nitrososphaeraceae,Archaea,5,,,True,,False,False
warning_ammonia_toxicity,ARC_G::Nitrososphaeraceae,Archaea,5,0.0,0.0,True,144.0,False,False
warning_biogas_quality,ARC_G::Nitrososphaeraceae,Archaea,5,0.0,0.0,True,139.0,False,False
warning_acid_base_balance,ARC_G::Rhinosporideacae,Archaea,5,0.0,0.0,True,175.0,False,False
warning_buffer_capacity,ARC_G::Rhinosporideacae,Archaea,5,0.0,0.0,True,113.5,False,False
warning_acid_accumulation,ARC_G::Rhinosporideacae,Archaea,5,,,True,,False,False
warning_ammonia_toxicity,ARC_G::Rhinosporideacae,Archaea,5,0.0,0.0,True,144.0,False,False
warning_biogas_quality,ARC_G::Rhinosporideacae,Archaea,5,0.0,0.0,True,139.0,False,False
warning_acid_base_balance,ARC_G::RumEn_M2,Archaea,5,0.0,0.0,True,175.0,False,False
warning_buffer_capacity,ARC_G::RumEn_M2,Archaea,5,0.005244755244755249,0.004193758958443681,True,2.0,True,True
warning_acid_accumulation,ARC_G::RumEn_M2,Archaea,5,,,True,,False,False
warning_ammonia_toxicity,ARC_G::RumEn_M2,Archaea,5,0.0,0.0,True,144.0,False,False
warning_biogas_quality,ARC_G::RumEn_M2,Archaea,5,-0.05,0.15389675281277312,True,273.0,False,False
warning_acid_base_balance,ARC_G::SCGC_AAA011-D5,Archaea,5,0.0,0.0,True,175.0,False,False
warning_buffer_capacity,ARC_G::SCGC_AAA011-D5,Archaea,5,-0.0036363636363636377,0.0045693153631821345,True,252.5,False,False
warning_acid_accumulation,ARC_G::SCGC_AAA011-D5,Archaea,5,,,True,,False,False
warning_ammonia_toxicity,ARC_G::SCGC_AAA011-D5,Archaea,5,0.0,0.0,True,144.0,False,False
warning_biogas_quality,ARC_G::SCGC_AAA011-D5,Archaea,5,0.0,0.0,True,139.0,False,False
warning_acid_base_balance,ARC_G::Teleostei,Archaea,5,0.0,0.0,True,175.0,False,False
warning_buffer_capacity,ARC_G::Teleostei,Archaea,5,0.0,0.0,True,113.5,False,False
warning_acid_accumulation,ARC_G::Teleostei,Archaea,5,,,True,,False,False
warning_ammonia_toxicity,ARC_G::Teleostei,Archaea,5,0.0,0.0,True,144.0,False,False
warning_biogas_quality,ARC_G::Teleostei,Archaea,5,0.0,0.0,True,139.0,False,False
warning_acid_base_balance,ARC_G::Veneroida,Archaea,5,0.0,0.0,True,175.0,False,False
warning_buffer_capacity,ARC_G::Veneroida,Archaea,5,0.0,0.0,True,113.5,False,False
warning_acid_accumulation,ARC_G::Veneroida,Archaea,5,,,True,,False,False
warning_ammonia_toxicity,ARC_G::Veneroida,Archaea,5,0.0,0.0,True,144.0,False,False
warning_biogas_quality,ARC_G::Veneroida,Archaea,5,0.0,0.0,True,139.0,False,False
warning_acid_base_balance,ARC_G::Woesearchaeales,Archaea,5,0.0,0.0,True,175.0,False,False
warning_buffer_capacity,ARC_G::Woesearchaeales,Archaea,5,-0.0004545454545454547,0.0020327890704543547,True,225.5,False,False
warning_acid_accumulation,ARC_G::Woesearchaeales,Archaea,5,,,True,,False,False
warning_ammonia_toxicity,ARC_G::Woesearchaeales,Archaea,5,0.0,0.0,True,144.0,False,False
warning_biogas_quality,ARC_G::Woesearchaeales,Archaea,5,0.0,0.0,True,139.0,False,False
warning_acid_base_balance,ARC_G::unidentified,Archaea,5,0.004285714285714293,0.01319115024109486,True,45.5,False,False
warning_buffer_capacity,ARC_G::unidentified,Archaea,5,-0.0010606060606060605,0.004717632176901019,True,236.0,False,False
warning_acid_accumulation,ARC_G::unidentified,Archaea,5,,,True,,False,False
warning_ammonia_toxicity,ARC_G::unidentified,Archaea,5,0.0,0.0,True,144.0,False,False
warning_biogas_quality,ARC_G::unidentified,Archaea,5,0.00625,0.15429700512153074,True,9.0,True,True
